Name,Time (s),Total memory (KiB),Result
../resources/benchmarks/random0/b0_r5_c10_l10000_i1000_ps0_05_pt0_33_j10_1.stl,-1,-1,TO
../resources/benchmarks/random0/b0_r5_c10_l10000_i1000_ps0_05_pt0_33_j10_2.stl,-1,-1,TO
../resources/benchmarks/random0/b0_r5_c10_l10000_i1000_ps0_05_pt0_33_j10_3.stl,-1,-1,TO
../resources/benchmarks/random0/b0_r5_c10_l10000_i1000_ps0_05_pt0_33_j10_4.stl,-1,-1,TO
../resources/benchmarks/random0/b0_r5_c10_l10000_i1000_ps0_05_pt0_33_j10_5.stl,-1,-1,TO
../resources/benchmarks/random0/b0_r5_c10_l10000_i1000_ps0_05_pt0_33_j5_1.stl,-1,-1,TO
../resources/benchmarks/random0/b0_r5_c10_l10000_i1000_ps0_05_pt0_33_j5_2.stl,-1,-1,TO
../resources/benchmarks/random0/b0_r5_c10_l10000_i1000_ps0_05_pt0_33_j5_3.stl,0.08,13973.6,unsat
../resources/benchmarks/random0/b0_r5_c10_l10000_i1000_ps0_05_pt0_33_j5_4.stl,-1,-1,TO
../resources/benchmarks/random0/b0_r5_c10_l10000_i1000_ps0_05_pt0_33_j5_5.stl,-1,-1,TO
../resources/benchmarks/random0/b0_r5_c10_l10000_i1000_ps0_05_pt0_5_j10_1.stl,-1,-1,TO
../resources/benchmarks/random0/b0_r5_c10_l10000_i1000_ps0_05_pt0_5_j10_2.stl,-1,-1,TO
../resources/benchmarks/random0/b0_r5_c10_l10000_i1000_ps0_05_pt0_5_j10_3.stl,-1,-1,TO
../resources/benchmarks/random0/b0_r5_c10_l10000_i1000_ps0_05_pt0_5_j10_4.stl,-1,-1,TO
../resources/benchmarks/random0/b0_r5_c10_l10000_i1000_ps0_05_pt0_5_j10_5.stl,0.9580000000000001,69262.4,unsat
../resources/benchmarks/random0/b0_r5_c10_l10000_i1000_ps0_05_pt0_5_j5_1.stl,-1,-1,TO
../resources/benchmarks/random0/b0_r5_c10_l10000_i1000_ps0_05_pt0_5_j5_2.stl,-1,-1,TO
../resources/benchmarks/random0/b0_r5_c10_l10000_i1000_ps0_05_pt0_5_j5_3.stl,-1,-1,TO
../resources/benchmarks/random0/b0_r5_c10_l10000_i1000_ps0_05_pt0_5_j5_4.stl,-1,-1,TO
../resources/benchmarks/random0/b0_r5_c10_l10000_i1000_ps0_05_pt0_5_j5_5.stl,5.638,973057.6,sat
../resources/benchmarks/random0/b0_r5_c10_l10000_i1000_ps0_05_pt0_75_j10_1.stl,-1,-1,TO
../resources/benchmarks/random0/b0_r5_c10_l10000_i1000_ps0_05_pt0_75_j10_2.stl,-1,-1,TO
../resources/benchmarks/random0/b0_r5_c10_l10000_i1000_ps0_05_pt0_75_j10_3.stl,-1,-1,TO
../resources/benchmarks/random0/b0_r5_c10_l10000_i1000_ps0_05_pt0_75_j10_4.stl,-1,-1,TO
../resources/benchmarks/random0/b0_r5_c10_l10000_i1000_ps0_05_pt0_75_j10_5.stl,-1,-1,TO
../resources/benchmarks/random0/b0_r5_c10_l10000_i1000_ps0_05_pt0_75_j5_1.stl,-1,-1,TO
../resources/benchmarks/random0/b0_r5_c10_l10000_i1000_ps0_05_pt0_75_j5_2.stl,-1,-1,TO
../resources/benchmarks/random0/b0_r5_c10_l10000_i1000_ps0_05_pt0_75_j5_3.stl,-1,-1,TO
../resources/benchmarks/random0/b0_r5_c10_l10000_i1000_ps0_05_pt0_75_j5_4.stl,-1,-1,OOM
../resources/benchmarks/random0/b0_r5_c10_l10000_i1000_ps0_05_pt0_75_j5_5.stl,-1,-1,TO
../resources/benchmarks/random0/b0_r5_c10_l10000_i1000_ps0_05_pt0_95_j10_1.stl,-1,-1,TO
../resources/benchmarks/random0/b0_r5_c10_l10000_i1000_ps0_05_pt0_95_j10_2.stl,-1,-1,TO
../resources/benchmarks/random0/b0_r5_c10_l10000_i1000_ps0_05_pt0_95_j10_3.stl,-1,-1,TO
../resources/benchmarks/random0/b0_r5_c10_l10000_i1000_ps0_05_pt0_95_j10_4.stl,-1,-1,TO
../resources/benchmarks/random0/b0_r5_c10_l10000_i1000_ps0_05_pt0_95_j10_5.stl,-1,-1,TO
../resources/benchmarks/random0/b0_r5_c10_l10000_i1000_ps0_05_pt0_95_j5_1.stl,-1,-1,TO
../resources/benchmarks/random0/b0_r5_c10_l10000_i1000_ps0_05_pt0_95_j5_2.stl,-1,-1,TO
../resources/benchmarks/random0/b0_r5_c10_l10000_i1000_ps0_05_pt0_95_j5_3.stl,-1,-1,TO
../resources/benchmarks/random0/b0_r5_c10_l10000_i1000_ps0_05_pt0_95_j5_4.stl,-1,-1,TO
../resources/benchmarks/random0/b0_r5_c10_l10000_i1000_ps0_05_pt0_95_j5_5.stl,-1,-1,OOM
../resources/benchmarks/random0/b0_r5_c10_l10000_i1000_ps0_15_pt0_33_j10_1.stl,82.546,441623.2,sat
../resources/benchmarks/random0/b0_r5_c10_l10000_i1000_ps0_15_pt0_33_j10_2.stl,-1,-1,TO
../resources/benchmarks/random0/b0_r5_c10_l10000_i1000_ps0_15_pt0_33_j10_3.stl,39.618,219796,sat
../resources/benchmarks/random0/b0_r5_c10_l10000_i1000_ps0_15_pt0_33_j10_4.stl,-1,-1,TO
../resources/benchmarks/random0/b0_r5_c10_l10000_i1000_ps0_15_pt0_33_j10_5.stl,7.188,254530.4,sat
../resources/benchmarks/random0/b0_r5_c10_l10000_i1000_ps0_15_pt0_33_j5_1.stl,-1,-1,TO
../resources/benchmarks/random0/b0_r5_c10_l10000_i1000_ps0_15_pt0_33_j5_2.stl,0.778,446218.4,sat
../resources/benchmarks/random0/b0_r5_c10_l10000_i1000_ps0_15_pt0_33_j5_3.stl,0.01,33018.4,sat
../resources/benchmarks/random0/b0_r5_c10_l10000_i1000_ps0_15_pt0_33_j5_4.stl,0.022,34582.4,sat
../resources/benchmarks/random0/b0_r5_c10_l10000_i1000_ps0_15_pt0_33_j5_5.stl,6.184,523342.4,sat
../resources/benchmarks/random0/b0_r5_c10_l10000_i1000_ps0_15_pt0_5_j10_1.stl,-1,-1,TO
../resources/benchmarks/random0/b0_r5_c10_l10000_i1000_ps0_15_pt0_5_j10_2.stl,42.366,334408,sat
../resources/benchmarks/random0/b0_r5_c10_l10000_i1000_ps0_15_pt0_5_j10_3.stl,70.436,399777.2,TO
../resources/benchmarks/random0/b0_r5_c10_l10000_i1000_ps0_15_pt0_5_j10_4.stl,49.966,798253.6,sat
../resources/benchmarks/random0/b0_r5_c10_l10000_i1000_ps0_15_pt0_5_j10_5.stl,-1,-1,TO
../resources/benchmarks/random0/b0_r5_c10_l10000_i1000_ps0_15_pt0_5_j5_1.stl,-1,-1,TO
../resources/benchmarks/random0/b0_r5_c10_l10000_i1000_ps0_15_pt0_5_j5_2.stl,0.01,32743.2,sat
../resources/benchmarks/random0/b0_r5_c10_l10000_i1000_ps0_15_pt0_5_j5_3.stl,0.722,547608.8,sat
../resources/benchmarks/random0/b0_r5_c10_l10000_i1000_ps0_15_pt0_5_j5_4.stl,-1,-1,TO
../resources/benchmarks/random0/b0_r5_c10_l10000_i1000_ps0_15_pt0_5_j5_5.stl,0.44,251769.6,sat
../resources/benchmarks/random0/b0_r5_c10_l10000_i1000_ps0_15_pt0_75_j10_1.stl,-1,-1,TO
../resources/benchmarks/random0/b0_r5_c10_l10000_i1000_ps0_15_pt0_75_j10_2.stl,-1,-1,TO
../resources/benchmarks/random0/b0_r5_c10_l10000_i1000_ps0_15_pt0_75_j10_3.stl,63.868,509490.4,sat
../resources/benchmarks/random0/b0_r5_c10_l10000_i1000_ps0_15_pt0_75_j10_4.stl,1.59,676308.8,sat
../resources/benchmarks/random0/b0_r5_c10_l10000_i1000_ps0_15_pt0_75_j10_5.stl,0.01,32432,unsat
../resources/benchmarks/random0/b0_r5_c10_l10000_i1000_ps0_15_pt0_75_j5_1.stl,-1,-1,TO
../resources/benchmarks/random0/b0_r5_c10_l10000_i1000_ps0_15_pt0_75_j5_2.stl,-1,-1,TO
../resources/benchmarks/random0/b0_r5_c10_l10000_i1000_ps0_15_pt0_75_j5_3.stl,105.594,649885.6,sat
../resources/benchmarks/random0/b0_r5_c10_l10000_i1000_ps0_15_pt0_75_j5_4.stl,-1,-1,TO
../resources/benchmarks/random0/b0_r5_c10_l10000_i1000_ps0_15_pt0_75_j5_5.stl,-1,-1,TO
../resources/benchmarks/random0/b0_r5_c10_l10000_i1000_ps0_15_pt0_95_j10_1.stl,-1,-1,TO
../resources/benchmarks/random0/b0_r5_c10_l10000_i1000_ps0_15_pt0_95_j10_2.stl,15.767999999999999,858496,sat
../resources/benchmarks/random0/b0_r5_c10_l10000_i1000_ps0_15_pt0_95_j10_3.stl,-1,-1,TO
../resources/benchmarks/random0/b0_r5_c10_l10000_i1000_ps0_15_pt0_95_j10_4.stl,-1,-1,TO
../resources/benchmarks/random0/b0_r5_c10_l10000_i1000_ps0_15_pt0_95_j10_5.stl,-1,-1,TO
../resources/benchmarks/random0/b0_r5_c10_l10000_i1000_ps0_15_pt0_95_j5_1.stl,0.112,122420.8,sat
../resources/benchmarks/random0/b0_r5_c10_l10000_i1000_ps0_15_pt0_95_j5_2.stl,-1,-1,TO
../resources/benchmarks/random0/b0_r5_c10_l10000_i1000_ps0_15_pt0_95_j5_3.stl,-1,-1,TO
../resources/benchmarks/random0/b0_r5_c10_l10000_i1000_ps0_15_pt0_95_j5_4.stl,18.19,2040285.6,sat
../resources/benchmarks/random0/b0_r5_c10_l10000_i1000_ps0_15_pt0_95_j5_5.stl,-1,-1,TO
../resources/benchmarks/random0/b0_r5_c10_l10000_i1000_ps0_1_pt0_33_j10_1.stl,36.608,741437.6,sat
../resources/benchmarks/random0/b0_r5_c10_l10000_i1000_ps0_1_pt0_33_j10_2.stl,73.254,46840.8,unsat
../resources/benchmarks/random0/b0_r5_c10_l10000_i1000_ps0_1_pt0_33_j10_3.stl,-1,-1,TO
../resources/benchmarks/random0/b0_r5_c10_l10000_i1000_ps0_1_pt0_33_j10_4.stl,-1,-1,TO
../resources/benchmarks/random0/b0_r5_c10_l10000_i1000_ps0_1_pt0_33_j10_5.stl,-1,-1,TO
../resources/benchmarks/random0/b0_r5_c10_l10000_i1000_ps0_1_pt0_33_j5_1.stl,-1,-1,TO
../resources/benchmarks/random0/b0_r5_c10_l10000_i1000_ps0_1_pt0_33_j5_2.stl,0.286,277288.8,sat
../resources/benchmarks/random0/b0_r5_c10_l10000_i1000_ps0_1_pt0_33_j5_3.stl,-1,-1,TO
../resources/benchmarks/random0/b0_r5_c10_l10000_i1000_ps0_1_pt0_33_j5_4.stl,0.27,243468.8,sat
../resources/benchmarks/random0/b0_r5_c10_l10000_i1000_ps0_1_pt0_33_j5_5.stl,0.19,198627.2,sat
../resources/benchmarks/random0/b0_r5_c10_l10000_i1000_ps0_1_pt0_5_j10_1.stl,-1,-1,TO
../resources/benchmarks/random0/b0_r5_c10_l10000_i1000_ps0_1_pt0_5_j10_2.stl,-1,-1,TO
../resources/benchmarks/random0/b0_r5_c10_l10000_i1000_ps0_1_pt0_5_j10_3.stl,-1,-1,TO
../resources/benchmarks/random0/b0_r5_c10_l10000_i1000_ps0_1_pt0_5_j10_4.stl,-1,-1,TO
../resources/benchmarks/random0/b0_r5_c10_l10000_i1000_ps0_1_pt0_5_j10_5.stl,-1,-1,TO
../resources/benchmarks/random0/b0_r5_c10_l10000_i1000_ps0_1_pt0_5_j5_1.stl,0.0,7798.4,unsat
../resources/benchmarks/random0/b0_r5_c10_l10000_i1000_ps0_1_pt0_5_j5_2.stl,-1,-1,TO
../resources/benchmarks/random0/b0_r5_c10_l10000_i1000_ps0_1_pt0_5_j5_3.stl,1.0,479372.8,sat
../resources/benchmarks/random0/b0_r5_c10_l10000_i1000_ps0_1_pt0_5_j5_4.stl,0.34400000000000003,166347.2,sat
../resources/benchmarks/random0/b0_r5_c10_l10000_i1000_ps0_1_pt0_5_j5_5.stl,-1,-1,TO
../resources/benchmarks/random0/b0_r5_c10_l10000_i1000_ps0_1_pt0_75_j10_1.stl,-1,-1,TO
../resources/benchmarks/random0/b0_r5_c10_l10000_i1000_ps0_1_pt0_75_j10_2.stl,-1,-1,TO
../resources/benchmarks/random0/b0_r5_c10_l10000_i1000_ps0_1_pt0_75_j10_3.stl,-1,-1,TO
../resources/benchmarks/random0/b0_r5_c10_l10000_i1000_ps0_1_pt0_75_j10_4.stl,-1,-1,TO
../resources/benchmarks/random0/b0_r5_c10_l10000_i1000_ps0_1_pt0_75_j10_5.stl,-1,-1,TO
../resources/benchmarks/random0/b0_r5_c10_l10000_i1000_ps0_1_pt0_75_j5_1.stl,-1,-1,TO
../resources/benchmarks/random0/b0_r5_c10_l10000_i1000_ps0_1_pt0_75_j5_2.stl,-1,-1,TO
../resources/benchmarks/random0/b0_r5_c10_l10000_i1000_ps0_1_pt0_75_j5_3.stl,8.578,173736,sat
../resources/benchmarks/random0/b0_r5_c10_l10000_i1000_ps0_1_pt0_75_j5_4.stl,-1,-1,TO
../resources/benchmarks/random0/b0_r5_c10_l10000_i1000_ps0_1_pt0_75_j5_5.stl,1.144,203848.8,sat
../resources/benchmarks/random0/b0_r5_c10_l10000_i1000_ps0_1_pt0_95_j10_1.stl,-1,-1,TO
../resources/benchmarks/random0/b0_r5_c10_l10000_i1000_ps0_1_pt0_95_j10_2.stl,-1,-1,TO
../resources/benchmarks/random0/b0_r5_c10_l10000_i1000_ps0_1_pt0_95_j10_3.stl,-1,-1,TO
../resources/benchmarks/random0/b0_r5_c10_l10000_i1000_ps0_1_pt0_95_j10_4.stl,-1,-1,TO
../resources/benchmarks/random0/b0_r5_c10_l10000_i1000_ps0_1_pt0_95_j10_5.stl,-1,-1,TO
../resources/benchmarks/random0/b0_r5_c10_l10000_i1000_ps0_1_pt0_95_j5_1.stl,24.998,820397.6,sat
../resources/benchmarks/random0/b0_r5_c10_l10000_i1000_ps0_1_pt0_95_j5_2.stl,-1,-1,TO
../resources/benchmarks/random0/b0_r5_c10_l10000_i1000_ps0_1_pt0_95_j5_3.stl,-1,-1,TO
../resources/benchmarks/random0/b0_r5_c10_l10000_i1000_ps0_1_pt0_95_j5_4.stl,26.586,311669.6,sat
../resources/benchmarks/random0/b0_r5_c10_l10000_i1000_ps0_1_pt0_95_j5_5.stl,-1,-1,TO
../resources/benchmarks/random0/b0_r5_c10_l10000_i1000_ps0_25_pt0_33_j10_1.stl,0.01,32406.4,unsat
../resources/benchmarks/random0/b0_r5_c10_l10000_i1000_ps0_25_pt0_33_j10_2.stl,0.7,386005.6,sat
../resources/benchmarks/random0/b0_r5_c10_l10000_i1000_ps0_25_pt0_33_j10_3.stl,0.0,7775.2,unsat
../resources/benchmarks/random0/b0_r5_c10_l10000_i1000_ps0_25_pt0_33_j10_4.stl,1.15,33046.4,unsat
../resources/benchmarks/random0/b0_r5_c10_l10000_i1000_ps0_25_pt0_33_j10_5.stl,0.0,7799.2,unsat
../resources/benchmarks/random0/b0_r5_c10_l10000_i1000_ps0_25_pt0_33_j5_1.stl,0.0,7796.8,unsat
../resources/benchmarks/random0/b0_r5_c10_l10000_i1000_ps0_25_pt0_33_j5_2.stl,0.01,33328.8,sat
../resources/benchmarks/random0/b0_r5_c10_l10000_i1000_ps0_25_pt0_33_j5_3.stl,0.09,100319.2,sat
../resources/benchmarks/random0/b0_r5_c10_l10000_i1000_ps0_25_pt0_33_j5_4.stl,0.0,7832,unsat
../resources/benchmarks/random0/b0_r5_c10_l10000_i1000_ps0_25_pt0_33_j5_5.stl,0.43,280331.2,sat
../resources/benchmarks/random0/b0_r5_c10_l10000_i1000_ps0_25_pt0_5_j10_1.stl,0.302,33633.6,unsat
../resources/benchmarks/random0/b0_r5_c10_l10000_i1000_ps0_25_pt0_5_j10_2.stl,11.72,183872,sat
../resources/benchmarks/random0/b0_r5_c10_l10000_i1000_ps0_25_pt0_5_j10_3.stl,-1,-1,TO
../resources/benchmarks/random0/b0_r5_c10_l10000_i1000_ps0_25_pt0_5_j10_4.stl,0.0,7792.8,unsat
../resources/benchmarks/random0/b0_r5_c10_l10000_i1000_ps0_25_pt0_5_j10_5.stl,46.938,54247.2,unsat
../resources/benchmarks/random0/b0_r5_c10_l10000_i1000_ps0_25_pt0_5_j5_1.stl,0.01,32759.2,sat
../resources/benchmarks/random0/b0_r5_c10_l10000_i1000_ps0_25_pt0_5_j5_2.stl,0.01,32417.6,sat
../resources/benchmarks/random0/b0_r5_c10_l10000_i1000_ps0_25_pt0_5_j5_3.stl,0.01,33331.2,unsat
../resources/benchmarks/random0/b0_r5_c10_l10000_i1000_ps0_25_pt0_5_j5_4.stl,0.98,451136,sat
../resources/benchmarks/random0/b0_r5_c10_l10000_i1000_ps0_25_pt0_5_j5_5.stl,0.01,32744.8,sat
../resources/benchmarks/random0/b0_r5_c10_l10000_i1000_ps0_25_pt0_75_j10_1.stl,-1,-1,TO
../resources/benchmarks/random0/b0_r5_c10_l10000_i1000_ps0_25_pt0_75_j10_2.stl,-1,-1,TO
../resources/benchmarks/random0/b0_r5_c10_l10000_i1000_ps0_25_pt0_75_j10_3.stl,-1,-1,TO
../resources/benchmarks/random0/b0_r5_c10_l10000_i1000_ps0_25_pt0_75_j10_4.stl,-1,-1,TO
../resources/benchmarks/random0/b0_r5_c10_l10000_i1000_ps0_25_pt0_75_j10_5.stl,0.01,33340.8,unsat
../resources/benchmarks/random0/b0_r5_c10_l10000_i1000_ps0_25_pt0_75_j5_1.stl,0.01,32731.2,sat
../resources/benchmarks/random0/b0_r5_c10_l10000_i1000_ps0_25_pt0_75_j5_2.stl,0.314,272657.6,sat
../resources/benchmarks/random0/b0_r5_c10_l10000_i1000_ps0_25_pt0_75_j5_3.stl,0.29,139028,sat
../resources/benchmarks/random0/b0_r5_c10_l10000_i1000_ps0_25_pt0_75_j5_4.stl,0.55,286487.2,sat
../resources/benchmarks/random0/b0_r5_c10_l10000_i1000_ps0_25_pt0_75_j5_5.stl,0.0,7783.2,unsat
../resources/benchmarks/random0/b0_r5_c10_l10000_i1000_ps0_25_pt0_95_j10_1.stl,-1,-1,TO
../resources/benchmarks/random0/b0_r5_c10_l10000_i1000_ps0_25_pt0_95_j10_2.stl,-1,-1,TO
../resources/benchmarks/random0/b0_r5_c10_l10000_i1000_ps0_25_pt0_95_j10_3.stl,0.0,7796.8,unsat
../resources/benchmarks/random0/b0_r5_c10_l10000_i1000_ps0_25_pt0_95_j10_4.stl,-1,-1,TO
../resources/benchmarks/random0/b0_r5_c10_l10000_i1000_ps0_25_pt0_95_j10_5.stl,-1,-1,TO
../resources/benchmarks/random0/b0_r5_c10_l10000_i1000_ps0_25_pt0_95_j5_1.stl,-1,-1,TO
../resources/benchmarks/random0/b0_r5_c10_l10000_i1000_ps0_25_pt0_95_j5_2.stl,-1,-1,TO
../resources/benchmarks/random0/b0_r5_c10_l10000_i1000_ps0_25_pt0_95_j5_3.stl,0.308,278802.4,sat
../resources/benchmarks/random0/b0_r5_c10_l10000_i1000_ps0_25_pt0_95_j5_4.stl,0.636,329186.4,sat
../resources/benchmarks/random0/b0_r5_c10_l10000_i1000_ps0_25_pt0_95_j5_5.stl,-1,-1,TO
../resources/benchmarks/random0/b0_r5_c10_l10000_i1000_ps0_2_pt0_33_j10_1.stl,73.654,480914.4,sat
../resources/benchmarks/random0/b0_r5_c10_l10000_i1000_ps0_2_pt0_33_j10_2.stl,-1,-1,TO
../resources/benchmarks/random0/b0_r5_c10_l10000_i1000_ps0_2_pt0_33_j10_3.stl,0.084,75427.2,sat
../resources/benchmarks/random0/b0_r5_c10_l10000_i1000_ps0_2_pt0_33_j10_4.stl,0.01,32750.4,unsat
../resources/benchmarks/random0/b0_r5_c10_l10000_i1000_ps0_2_pt0_33_j10_5.stl,0.01,32728,unsat
../resources/benchmarks/random0/b0_r5_c10_l10000_i1000_ps0_2_pt0_33_j5_1.stl,0.0,7806.4,unsat
../resources/benchmarks/random0/b0_r5_c10_l10000_i1000_ps0_2_pt0_33_j5_2.stl,0.428,380471.2,sat
../resources/benchmarks/random0/b0_r5_c10_l10000_i1000_ps0_2_pt0_33_j5_3.stl,0.322,281873.6,sat
../resources/benchmarks/random0/b0_r5_c10_l10000_i1000_ps0_2_pt0_33_j5_4.stl,0.01,33028,unsat
../resources/benchmarks/random0/b0_r5_c10_l10000_i1000_ps0_2_pt0_33_j5_5.stl,39.896,8428194.4,sat
../resources/benchmarks/random0/b0_r5_c10_l10000_i1000_ps0_2_pt0_5_j10_1.stl,1.356,534387.2,sat
../resources/benchmarks/random0/b0_r5_c10_l10000_i1000_ps0_2_pt0_5_j10_2.stl,0.02,34258.4,sat
../resources/benchmarks/random0/b0_r5_c10_l10000_i1000_ps0_2_pt0_5_j10_3.stl,107.818,440096.8,sat
../resources/benchmarks/random0/b0_r5_c10_l10000_i1000_ps0_2_pt0_5_j10_4.stl,-1,-1,TO
../resources/benchmarks/random0/b0_r5_c10_l10000_i1000_ps0_2_pt0_5_j10_5.stl,-1,-1,TO
../resources/benchmarks/random0/b0_r5_c10_l10000_i1000_ps0_2_pt0_5_j5_1.stl,0.402,241916.8,sat
../resources/benchmarks/random0/b0_r5_c10_l10000_i1000_ps0_2_pt0_5_j5_2.stl,0.1,102484.8,sat
../resources/benchmarks/random0/b0_r5_c10_l10000_i1000_ps0_2_pt0_5_j5_3.stl,0.534,439768.8,sat
../resources/benchmarks/random0/b0_r5_c10_l10000_i1000_ps0_2_pt0_5_j5_4.stl,0.01,33005.6,sat
../resources/benchmarks/random0/b0_r5_c10_l10000_i1000_ps0_2_pt0_5_j5_5.stl,0.4,195551.2,sat
../resources/benchmarks/random0/b0_r5_c10_l10000_i1000_ps0_2_pt0_75_j10_1.stl,-1,-1,TO
../resources/benchmarks/random0/b0_r5_c10_l10000_i1000_ps0_2_pt0_75_j10_2.stl,0.01,32740,unsat
../resources/benchmarks/random0/b0_r5_c10_l10000_i1000_ps0_2_pt0_75_j10_3.stl,-1,-1,TO
../resources/benchmarks/random0/b0_r5_c10_l10000_i1000_ps0_2_pt0_75_j10_4.stl,-1,-1,TO
../resources/benchmarks/random0/b0_r5_c10_l10000_i1000_ps0_2_pt0_75_j10_5.stl,0.0,7786.4,unsat
../resources/benchmarks/random0/b0_r5_c10_l10000_i1000_ps0_2_pt0_75_j5_1.stl,5.088,417039.2,sat
../resources/benchmarks/random0/b0_r5_c10_l10000_i1000_ps0_2_pt0_75_j5_2.stl,-1,-1,TO
../resources/benchmarks/random0/b0_r5_c10_l10000_i1000_ps0_2_pt0_75_j5_3.stl,1.238,656035.2,sat
../resources/benchmarks/random0/b0_r5_c10_l10000_i1000_ps0_2_pt0_75_j5_4.stl,-1,-1,TO
../resources/benchmarks/random0/b0_r5_c10_l10000_i1000_ps0_2_pt0_75_j5_5.stl,4.072,171276.8,sat
../resources/benchmarks/random0/b0_r5_c10_l10000_i1000_ps0_2_pt0_95_j10_1.stl,23.784,89508.8,sat
../resources/benchmarks/random0/b0_r5_c10_l10000_i1000_ps0_2_pt0_95_j10_2.stl,0.0,7801.6,unsat
../resources/benchmarks/random0/b0_r5_c10_l10000_i1000_ps0_2_pt0_95_j10_3.stl,0.18,7785.6,unsat
../resources/benchmarks/random0/b0_r5_c10_l10000_i1000_ps0_2_pt0_95_j10_4.stl,-1,-1,TO
../resources/benchmarks/random0/b0_r5_c10_l10000_i1000_ps0_2_pt0_95_j10_5.stl,17.186,98748.8,sat
../resources/benchmarks/random0/b0_r5_c10_l10000_i1000_ps0_2_pt0_95_j5_1.stl,0.906,105243.2,sat
../resources/benchmarks/random0/b0_r5_c10_l10000_i1000_ps0_2_pt0_95_j5_2.stl,-1,-1,TO
../resources/benchmarks/random0/b0_r5_c10_l10000_i1000_ps0_2_pt0_95_j5_3.stl,4.808,473268,sat
../resources/benchmarks/random0/b0_r5_c10_l10000_i1000_ps0_2_pt0_95_j5_4.stl,-1,-1,TO
../resources/benchmarks/random0/b0_r5_c10_l10000_i1000_ps0_2_pt0_95_j5_5.stl,-1,-1,TO
../resources/benchmarks/random0/b0_r5_c10_l10000_i50_ps0_05_pt0_33_j10_1.stl,-1,-1,TO
../resources/benchmarks/random0/b0_r5_c10_l10000_i50_ps0_05_pt0_33_j10_2.stl,-1,-1,TO
../resources/benchmarks/random0/b0_r5_c10_l10000_i50_ps0_05_pt0_33_j10_3.stl,-1,-1,TO
../resources/benchmarks/random0/b0_r5_c10_l10000_i50_ps0_05_pt0_33_j10_4.stl,-1,-1,TO
../resources/benchmarks/random0/b0_r5_c10_l10000_i50_ps0_05_pt0_33_j10_5.stl,-1,-1,TO
../resources/benchmarks/random0/b0_r5_c10_l10000_i50_ps0_05_pt0_33_j5_1.stl,-1,-1,TO
../resources/benchmarks/random0/b0_r5_c10_l10000_i50_ps0_05_pt0_33_j5_2.stl,-1,-1,TO
../resources/benchmarks/random0/b0_r5_c10_l10000_i50_ps0_05_pt0_33_j5_3.stl,-1,-1,TO
../resources/benchmarks/random0/b0_r5_c10_l10000_i50_ps0_05_pt0_33_j5_4.stl,-1,-1,TO
../resources/benchmarks/random0/b0_r5_c10_l10000_i50_ps0_05_pt0_33_j5_5.stl,-1,-1,TO
../resources/benchmarks/random0/b0_r5_c10_l10000_i50_ps0_05_pt0_5_j10_1.stl,-1,-1,TO
../resources/benchmarks/random0/b0_r5_c10_l10000_i50_ps0_05_pt0_5_j10_2.stl,-1,-1,TO
../resources/benchmarks/random0/b0_r5_c10_l10000_i50_ps0_05_pt0_5_j10_3.stl,-1,-1,TO
../resources/benchmarks/random0/b0_r5_c10_l10000_i50_ps0_05_pt0_5_j10_4.stl,-1,-1,TO
../resources/benchmarks/random0/b0_r5_c10_l10000_i50_ps0_05_pt0_5_j10_5.stl,-1,-1,TO
../resources/benchmarks/random0/b0_r5_c10_l10000_i50_ps0_05_pt0_5_j5_1.stl,-1,-1,TO
../resources/benchmarks/random0/b0_r5_c10_l10000_i50_ps0_05_pt0_5_j5_2.stl,2.81,105812.8,unsat
../resources/benchmarks/random0/b0_r5_c10_l10000_i50_ps0_05_pt0_5_j5_3.stl,-1,-1,TO
../resources/benchmarks/random0/b0_r5_c10_l10000_i50_ps0_05_pt0_5_j5_4.stl,-1,-1,TO
../resources/benchmarks/random0/b0_r5_c10_l10000_i50_ps0_05_pt0_5_j5_5.stl,-1,-1,TO
../resources/benchmarks/random0/b0_r5_c10_l10000_i50_ps0_05_pt0_75_j10_1.stl,-1,-1,TO
../resources/benchmarks/random0/b0_r5_c10_l10000_i50_ps0_05_pt0_75_j10_2.stl,-1,-1,TO
../resources/benchmarks/random0/b0_r5_c10_l10000_i50_ps0_05_pt0_75_j10_3.stl,-1,-1,TO
../resources/benchmarks/random0/b0_r5_c10_l10000_i50_ps0_05_pt0_75_j10_4.stl,-1,-1,TO
../resources/benchmarks/random0/b0_r5_c10_l10000_i50_ps0_05_pt0_75_j10_5.stl,-1,-1,TO
../resources/benchmarks/random0/b0_r5_c10_l10000_i50_ps0_05_pt0_75_j5_1.stl,-1,-1,TO
../resources/benchmarks/random0/b0_r5_c10_l10000_i50_ps0_05_pt0_75_j5_2.stl,0.302,32079.2,unsat
../resources/benchmarks/random0/b0_r5_c10_l10000_i50_ps0_05_pt0_75_j5_3.stl,41.552,659723.2,sat
../resources/benchmarks/random0/b0_r5_c10_l10000_i50_ps0_05_pt0_75_j5_4.stl,-1,-1,OOM
../resources/benchmarks/random0/b0_r5_c10_l10000_i50_ps0_05_pt0_75_j5_5.stl,-1,-1,TO
../resources/benchmarks/random0/b0_r5_c10_l10000_i50_ps0_05_pt0_95_j10_1.stl,-1,-1,TO
../resources/benchmarks/random0/b0_r5_c10_l10000_i50_ps0_05_pt0_95_j10_2.stl,-1,-1,TO
../resources/benchmarks/random0/b0_r5_c10_l10000_i50_ps0_05_pt0_95_j10_3.stl,-1,-1,TO
../resources/benchmarks/random0/b0_r5_c10_l10000_i50_ps0_05_pt0_95_j10_4.stl,-1,-1,TO
../resources/benchmarks/random0/b0_r5_c10_l10000_i50_ps0_05_pt0_95_j10_5.stl,-1,-1,TO
../resources/benchmarks/random0/b0_r5_c10_l10000_i50_ps0_05_pt0_95_j5_1.stl,-1,-1,TO
../resources/benchmarks/random0/b0_r5_c10_l10000_i50_ps0_05_pt0_95_j5_2.stl,0.202,21028,unsat
../resources/benchmarks/random0/b0_r5_c10_l10000_i50_ps0_05_pt0_95_j5_3.stl,-1,-1,TO
../resources/benchmarks/random0/b0_r5_c10_l10000_i50_ps0_05_pt0_95_j5_4.stl,-1,-1,TO
../resources/benchmarks/random0/b0_r5_c10_l10000_i50_ps0_05_pt0_95_j5_5.stl,-1,-1,TO
../resources/benchmarks/random0/b0_r5_c10_l10000_i50_ps0_15_pt0_33_j10_1.stl,-1,-1,TO
../resources/benchmarks/random0/b0_r5_c10_l10000_i50_ps0_15_pt0_33_j10_2.stl,0.0,7780.8,unsat
../resources/benchmarks/random0/b0_r5_c10_l10000_i50_ps0_15_pt0_33_j10_3.stl,0.01,32399.2,unsat
../resources/benchmarks/random0/b0_r5_c10_l10000_i50_ps0_15_pt0_33_j10_4.stl,0.324,71765.6,sat
../resources/benchmarks/random0/b0_r5_c10_l10000_i50_ps0_15_pt0_33_j10_5.stl,0.924,56384.8,sat
../resources/benchmarks/random0/b0_r5_c10_l10000_i50_ps0_15_pt0_33_j5_1.stl,-1,-1,TO
../resources/benchmarks/random0/b0_r5_c10_l10000_i50_ps0_15_pt0_33_j5_2.stl,0.06,41000,sat
../resources/benchmarks/random0/b0_r5_c10_l10000_i50_ps0_15_pt0_33_j5_3.stl,0.02,42248.8,sat
../resources/benchmarks/random0/b0_r5_c10_l10000_i50_ps0_15_pt0_33_j5_4.stl,0.02,36400.8,sat
../resources/benchmarks/random0/b0_r5_c10_l10000_i50_ps0_15_pt0_33_j5_5.stl,0.03,47152,sat
../resources/benchmarks/random0/b0_r5_c10_l10000_i50_ps0_15_pt0_5_j10_1.stl,-1,-1,TO
../resources/benchmarks/random0/b0_r5_c10_l10000_i50_ps0_15_pt0_5_j10_2.stl,-1,-1,TO
../resources/benchmarks/random0/b0_r5_c10_l10000_i50_ps0_15_pt0_5_j10_3.stl,0.088,53916.8,sat
../resources/benchmarks/random0/b0_r5_c10_l10000_i50_ps0_15_pt0_5_j10_4.stl,-1,-1,TO
../resources/benchmarks/random0/b0_r5_c10_l10000_i50_ps0_15_pt0_5_j10_5.stl,0.202,57626.4,sat
../resources/benchmarks/random0/b0_r5_c10_l10000_i50_ps0_15_pt0_5_j5_1.stl,0.1,53314.4,sat
../resources/benchmarks/random0/b0_r5_c10_l10000_i50_ps0_15_pt0_5_j5_2.stl,-1,-1,TO
../resources/benchmarks/random0/b0_r5_c10_l10000_i50_ps0_15_pt0_5_j5_3.stl,0.07,48693.6,sat
../resources/benchmarks/random0/b0_r5_c10_l10000_i50_ps0_15_pt0_5_j5_4.stl,0.17,40696.8,unsat
../resources/benchmarks/random0/b0_r5_c10_l10000_i50_ps0_15_pt0_5_j5_5.stl,0.0,7799.2,unsat
../resources/benchmarks/random0/b0_r5_c10_l10000_i50_ps0_15_pt0_75_j10_1.stl,-1,-1,TO
../resources/benchmarks/random0/b0_r5_c10_l10000_i50_ps0_15_pt0_75_j10_2.stl,0.694,60421.6,sat
../resources/benchmarks/random0/b0_r5_c10_l10000_i50_ps0_15_pt0_75_j10_3.stl,0.0,7817.6,unsat
../resources/benchmarks/random0/b0_r5_c10_l10000_i50_ps0_15_pt0_75_j10_4.stl,-1,-1,TO
../resources/benchmarks/random0/b0_r5_c10_l10000_i50_ps0_15_pt0_75_j10_5.stl,0.29,71426.4,sat
../resources/benchmarks/random0/b0_r5_c10_l10000_i50_ps0_15_pt0_75_j5_1.stl,0.08,45345.6,sat
../resources/benchmarks/random0/b0_r5_c10_l10000_i50_ps0_15_pt0_75_j5_2.stl,-1,-1,TO
../resources/benchmarks/random0/b0_r5_c10_l10000_i50_ps0_15_pt0_75_j5_3.stl,-1,-1,TO
../resources/benchmarks/random0/b0_r5_c10_l10000_i50_ps0_15_pt0_75_j5_4.stl,0.0,7792.8,unsat
../resources/benchmarks/random0/b0_r5_c10_l10000_i50_ps0_15_pt0_75_j5_5.stl,0.01,32754.4,sat
../resources/benchmarks/random0/b0_r5_c10_l10000_i50_ps0_15_pt0_95_j10_1.stl,-1,-1,TO
../resources/benchmarks/random0/b0_r5_c10_l10000_i50_ps0_15_pt0_95_j10_2.stl,-1,-1,TO
../resources/benchmarks/random0/b0_r5_c10_l10000_i50_ps0_15_pt0_95_j10_3.stl,-1,-1,TO
../resources/benchmarks/random0/b0_r5_c10_l10000_i50_ps0_15_pt0_95_j10_4.stl,-1,-1,TO
../resources/benchmarks/random0/b0_r5_c10_l10000_i50_ps0_15_pt0_95_j10_5.stl,0.0,7792,unsat
../resources/benchmarks/random0/b0_r5_c10_l10000_i50_ps0_15_pt0_95_j5_1.stl,0.014,36108,sat
../resources/benchmarks/random0/b0_r5_c10_l10000_i50_ps0_15_pt0_95_j5_2.stl,16.066,109528,sat
../resources/benchmarks/random0/b0_r5_c10_l10000_i50_ps0_15_pt0_95_j5_3.stl,0.06,49923.2,sat
../resources/benchmarks/random0/b0_r5_c10_l10000_i50_ps0_15_pt0_95_j5_4.stl,-1,-1,TO
../resources/benchmarks/random0/b0_r5_c10_l10000_i50_ps0_15_pt0_95_j5_5.stl,-1,-1,TO
../resources/benchmarks/random0/b0_r5_c10_l10000_i50_ps0_1_pt0_33_j10_1.stl,0.02,32732,unsat
../resources/benchmarks/random0/b0_r5_c10_l10000_i50_ps0_1_pt0_33_j10_2.stl,0.0,7788,unsat
../resources/benchmarks/random0/b0_r5_c10_l10000_i50_ps0_1_pt0_33_j10_3.stl,-1,-1,TO
../resources/benchmarks/random0/b0_r5_c10_l10000_i50_ps0_1_pt0_33_j10_4.stl,-1,-1,TO
../resources/benchmarks/random0/b0_r5_c10_l10000_i50_ps0_1_pt0_33_j10_5.stl,-1,-1,TO
../resources/benchmarks/random0/b0_r5_c10_l10000_i50_ps0_1_pt0_33_j5_1.stl,0.076,46558.4,sat
../resources/benchmarks/random0/b0_r5_c10_l10000_i50_ps0_1_pt0_33_j5_2.stl,0.062,32456.8,unsat
../resources/benchmarks/random0/b0_r5_c10_l10000_i50_ps0_1_pt0_33_j5_3.stl,0.0,7823.2,unsat
../resources/benchmarks/random0/b0_r5_c10_l10000_i50_ps0_1_pt0_33_j5_4.stl,-1,-1,TO
../resources/benchmarks/random0/b0_r5_c10_l10000_i50_ps0_1_pt0_33_j5_5.stl,-1,-1,TO
../resources/benchmarks/random0/b0_r5_c10_l10000_i50_ps0_1_pt0_5_j10_1.stl,-1,-1,TO
../resources/benchmarks/random0/b0_r5_c10_l10000_i50_ps0_1_pt0_5_j10_2.stl,0.25,49013.6,sat
../resources/benchmarks/random0/b0_r5_c10_l10000_i50_ps0_1_pt0_5_j10_3.stl,-1,-1,TO
../resources/benchmarks/random0/b0_r5_c10_l10000_i50_ps0_1_pt0_5_j10_4.stl,-1,-1,TO
../resources/benchmarks/random0/b0_r5_c10_l10000_i50_ps0_1_pt0_5_j10_5.stl,0.488,76044.8,sat
../resources/benchmarks/random0/b0_r5_c10_l10000_i50_ps0_1_pt0_5_j5_1.stl,0.076,62825.6,sat
../resources/benchmarks/random0/b0_r5_c10_l10000_i50_ps0_1_pt0_5_j5_2.stl,0.05,43782.4,sat
../resources/benchmarks/random0/b0_r5_c10_l10000_i50_ps0_1_pt0_5_j5_3.stl,-1,-1,TO
../resources/benchmarks/random0/b0_r5_c10_l10000_i50_ps0_1_pt0_5_j5_4.stl,-1,-1,TO
../resources/benchmarks/random0/b0_r5_c10_l10000_i50_ps0_1_pt0_5_j5_5.stl,0.288,62531.2,sat
../resources/benchmarks/random0/b0_r5_c10_l10000_i50_ps0_1_pt0_75_j10_1.stl,-1,-1,TO
../resources/benchmarks/random0/b0_r5_c10_l10000_i50_ps0_1_pt0_75_j10_2.stl,-1,-1,TO
../resources/benchmarks/random0/b0_r5_c10_l10000_i50_ps0_1_pt0_75_j10_3.stl,-1,-1,TO
../resources/benchmarks/random0/b0_r5_c10_l10000_i50_ps0_1_pt0_75_j10_4.stl,-1,-1,TO
../resources/benchmarks/random0/b0_r5_c10_l10000_i50_ps0_1_pt0_75_j10_5.stl,0.024,33042.4,unsat
../resources/benchmarks/random0/b0_r5_c10_l10000_i50_ps0_1_pt0_75_j5_1.stl,0.05,56059.2,sat
../resources/benchmarks/random0/b0_r5_c10_l10000_i50_ps0_1_pt0_75_j5_2.stl,-1,-1,TO
../resources/benchmarks/random0/b0_r5_c10_l10000_i50_ps0_1_pt0_75_j5_3.stl,-1,-1,TO
../resources/benchmarks/random0/b0_r5_c10_l10000_i50_ps0_1_pt0_75_j5_4.stl,0.23,99098.4,sat
../resources/benchmarks/random0/b0_r5_c10_l10000_i50_ps0_1_pt0_75_j5_5.stl,0.11,64999.2,sat
../resources/benchmarks/random0/b0_r5_c10_l10000_i50_ps0_1_pt0_95_j10_1.stl,-1,-1,TO
../resources/benchmarks/random0/b0_r5_c10_l10000_i50_ps0_1_pt0_95_j10_2.stl,0.0,7815.2,unsat
../resources/benchmarks/random0/b0_r5_c10_l10000_i50_ps0_1_pt0_95_j10_3.stl,-1,-1,TO
../resources/benchmarks/random0/b0_r5_c10_l10000_i50_ps0_1_pt0_95_j10_4.stl,-1,-1,TO
../resources/benchmarks/random0/b0_r5_c10_l10000_i50_ps0_1_pt0_95_j10_5.stl,-1,-1,TO
../resources/benchmarks/random0/b0_r5_c10_l10000_i50_ps0_1_pt0_95_j5_1.stl,0.10200000000000001,77556.8,sat
../resources/benchmarks/random0/b0_r5_c10_l10000_i50_ps0_1_pt0_95_j5_2.stl,-1,-1,TO
../resources/benchmarks/random0/b0_r5_c10_l10000_i50_ps0_1_pt0_95_j5_3.stl,-1,-1,TO
../resources/benchmarks/random0/b0_r5_c10_l10000_i50_ps0_1_pt0_95_j5_4.stl,-1,-1,TO
../resources/benchmarks/random0/b0_r5_c10_l10000_i50_ps0_1_pt0_95_j5_5.stl,-1,-1,TO
../resources/benchmarks/random0/b0_r5_c10_l10000_i50_ps0_25_pt0_33_j10_1.stl,0.056,40406.4,sat
../resources/benchmarks/random0/b0_r5_c10_l10000_i50_ps0_25_pt0_33_j10_2.stl,0.0,7773.6,unsat
../resources/benchmarks/random0/b0_r5_c10_l10000_i50_ps0_25_pt0_33_j10_3.stl,0.0,7816.8,unsat
../resources/benchmarks/random0/b0_r5_c10_l10000_i50_ps0_25_pt0_33_j10_4.stl,0.0,7792.8,unsat
../resources/benchmarks/random0/b0_r5_c10_l10000_i50_ps0_25_pt0_33_j10_5.stl,0.0,7786.4,unsat
../resources/benchmarks/random0/b0_r5_c10_l10000_i50_ps0_25_pt0_33_j5_1.stl,0.03,48080,sat
../resources/benchmarks/random0/b0_r5_c10_l10000_i50_ps0_25_pt0_33_j5_2.stl,0.01,33047.2,sat
../resources/benchmarks/random0/b0_r5_c10_l10000_i50_ps0_25_pt0_33_j5_3.stl,0.01,33320,sat
../resources/benchmarks/random0/b0_r5_c10_l10000_i50_ps0_25_pt0_33_j5_4.stl,0.04,53305.6,sat
../resources/benchmarks/random0/b0_r5_c10_l10000_i50_ps0_25_pt0_33_j5_5.stl,0.01,33046.4,sat
../resources/benchmarks/random0/b0_r5_c10_l10000_i50_ps0_25_pt0_5_j10_1.stl,-1,-1,TO
../resources/benchmarks/random0/b0_r5_c10_l10000_i50_ps0_25_pt0_5_j10_2.stl,-1,-1,TO
../resources/benchmarks/random0/b0_r5_c10_l10000_i50_ps0_25_pt0_5_j10_3.stl,0.01,32727.2,unsat
../resources/benchmarks/random0/b0_r5_c10_l10000_i50_ps0_25_pt0_5_j10_4.stl,0.01,32734.4,unsat
../resources/benchmarks/random0/b0_r5_c10_l10000_i50_ps0_25_pt0_5_j10_5.stl,-1,-1,TO
../resources/benchmarks/random0/b0_r5_c10_l10000_i50_ps0_25_pt0_5_j5_1.stl,0.01,34551.2,sat
../resources/benchmarks/random0/b0_r5_c10_l10000_i50_ps0_25_pt0_5_j5_2.stl,0.01,32735.2,unsat
../resources/benchmarks/random0/b0_r5_c10_l10000_i50_ps0_25_pt0_5_j5_3.stl,-1,-1,TO
../resources/benchmarks/random0/b0_r5_c10_l10000_i50_ps0_25_pt0_5_j5_4.stl,0.02,36095.2,sat
../resources/benchmarks/random0/b0_r5_c10_l10000_i50_ps0_25_pt0_5_j5_5.stl,0.03,51751.2,sat
../resources/benchmarks/random0/b0_r5_c10_l10000_i50_ps0_25_pt0_75_j10_1.stl,0.252,55448,sat
../resources/benchmarks/random0/b0_r5_c10_l10000_i50_ps0_25_pt0_75_j10_2.stl,0.0,7808.8,unsat
../resources/benchmarks/random0/b0_r5_c10_l10000_i50_ps0_25_pt0_75_j10_3.stl,0.01,32736.8,unsat
../resources/benchmarks/random0/b0_r5_c10_l10000_i50_ps0_25_pt0_75_j10_4.stl,-1,-1,TO
../resources/benchmarks/random0/b0_r5_c10_l10000_i50_ps0_25_pt0_75_j10_5.stl,0.03,44403.2,sat
../resources/benchmarks/random0/b0_r5_c10_l10000_i50_ps0_25_pt0_75_j5_1.stl,0.01,33652.8,sat
../resources/benchmarks/random0/b0_r5_c10_l10000_i50_ps0_25_pt0_75_j5_2.stl,0.01,34268.8,sat
../resources/benchmarks/random0/b0_r5_c10_l10000_i50_ps0_25_pt0_75_j5_3.stl,0.02,42294.4,unsat
../resources/benchmarks/random0/b0_r5_c10_l10000_i50_ps0_25_pt0_75_j5_4.stl,-1,-1,TO
../resources/benchmarks/random0/b0_r5_c10_l10000_i50_ps0_25_pt0_75_j5_5.stl,0.184,56374.4,sat
../resources/benchmarks/random0/b0_r5_c10_l10000_i50_ps0_25_pt0_95_j10_1.stl,0.04,41958.4,sat
../resources/benchmarks/random0/b0_r5_c10_l10000_i50_ps0_25_pt0_95_j10_2.stl,-1,-1,TO
../resources/benchmarks/random0/b0_r5_c10_l10000_i50_ps0_25_pt0_95_j10_3.stl,-1,-1,TO
../resources/benchmarks/random0/b0_r5_c10_l10000_i50_ps0_25_pt0_95_j10_4.stl,-1,-1,TO
../resources/benchmarks/random0/b0_r5_c10_l10000_i50_ps0_25_pt0_95_j10_5.stl,0.0,7808,unsat
../resources/benchmarks/random0/b0_r5_c10_l10000_i50_ps0_25_pt0_95_j5_1.stl,0.0,7806.4,unsat
../resources/benchmarks/random0/b0_r5_c10_l10000_i50_ps0_25_pt0_95_j5_2.stl,0.042,49921.6,sat
../resources/benchmarks/random0/b0_r5_c10_l10000_i50_ps0_25_pt0_95_j5_3.stl,0.0,7794.4,unsat
../resources/benchmarks/random0/b0_r5_c10_l10000_i50_ps0_25_pt0_95_j5_4.stl,0.2,61308,sat
../resources/benchmarks/random0/b0_r5_c10_l10000_i50_ps0_25_pt0_95_j5_5.stl,-1,-1,TO
../resources/benchmarks/random0/b0_r5_c10_l10000_i50_ps0_2_pt0_33_j10_1.stl,0.08,49311.2,sat
../resources/benchmarks/random0/b0_r5_c10_l10000_i50_ps0_2_pt0_33_j10_2.stl,0.034,33035.2,sat
../resources/benchmarks/random0/b0_r5_c10_l10000_i50_ps0_2_pt0_33_j10_3.stl,0.18,55476,sat
../resources/benchmarks/random0/b0_r5_c10_l10000_i50_ps0_2_pt0_33_j10_4.stl,0.016,35170.4,sat
../resources/benchmarks/random0/b0_r5_c10_l10000_i50_ps0_2_pt0_33_j10_5.stl,0.13,45628.8,sat
../resources/benchmarks/random0/b0_r5_c10_l10000_i50_ps0_2_pt0_33_j5_1.stl,0.04,32744.8,sat
../resources/benchmarks/random0/b0_r5_c10_l10000_i50_ps0_2_pt0_33_j5_2.stl,0.01,33329.6,sat
../resources/benchmarks/random0/b0_r5_c10_l10000_i50_ps0_2_pt0_33_j5_3.stl,-1,-1,TO
../resources/benchmarks/random0/b0_r5_c10_l10000_i50_ps0_2_pt0_33_j5_4.stl,0.01,32456.8,sat
../resources/benchmarks/random0/b0_r5_c10_l10000_i50_ps0_2_pt0_33_j5_5.stl,0.07400000000000001,42565.6,sat
../resources/benchmarks/random0/b0_r5_c10_l10000_i50_ps0_2_pt0_5_j10_1.stl,0.15,34286.4,unsat
../resources/benchmarks/random0/b0_r5_c10_l10000_i50_ps0_2_pt0_5_j10_2.stl,0.0,7780.8,unsat
../resources/benchmarks/random0/b0_r5_c10_l10000_i50_ps0_2_pt0_5_j10_3.stl,-1,-1,TO
../resources/benchmarks/random0/b0_r5_c10_l10000_i50_ps0_2_pt0_5_j10_4.stl,0.286,44407.2,sat
../resources/benchmarks/random0/b0_r5_c10_l10000_i50_ps0_2_pt0_5_j10_5.stl,0.13,33347.2,unsat
../resources/benchmarks/random0/b0_r5_c10_l10000_i50_ps0_2_pt0_5_j5_1.stl,0.03,45320,sat
../resources/benchmarks/random0/b0_r5_c10_l10000_i50_ps0_2_pt0_5_j5_2.stl,0.04,48415.2,sat
../resources/benchmarks/random0/b0_r5_c10_l10000_i50_ps0_2_pt0_5_j5_3.stl,0.01,32736,sat
../resources/benchmarks/random0/b0_r5_c10_l10000_i50_ps0_2_pt0_5_j5_4.stl,0.22,60689.6,sat
../resources/benchmarks/random0/b0_r5_c10_l10000_i50_ps0_2_pt0_5_j5_5.stl,0.024,44096.8,sat
../resources/benchmarks/random0/b0_r5_c10_l10000_i50_ps0_2_pt0_75_j10_1.stl,-1,-1,TO
../resources/benchmarks/random0/b0_r5_c10_l10000_i50_ps0_2_pt0_75_j10_2.stl,-1,-1,TO
../resources/benchmarks/random0/b0_r5_c10_l10000_i50_ps0_2_pt0_75_j10_3.stl,-1,-1,TO
../resources/benchmarks/random0/b0_r5_c10_l10000_i50_ps0_2_pt0_75_j10_4.stl,0.07,43481.6,sat
../resources/benchmarks/random0/b0_r5_c10_l10000_i50_ps0_2_pt0_75_j10_5.stl,-1,-1,TO
../resources/benchmarks/random0/b0_r5_c10_l10000_i50_ps0_2_pt0_75_j5_1.stl,0.432,66516,sat
../resources/benchmarks/random0/b0_r5_c10_l10000_i50_ps0_2_pt0_75_j5_2.stl,1.008,60700,sat
../resources/benchmarks/random0/b0_r5_c10_l10000_i50_ps0_2_pt0_75_j5_3.stl,-1,-1,TO
../resources/benchmarks/random0/b0_r5_c10_l10000_i50_ps0_2_pt0_75_j5_4.stl,-1,-1,TO
../resources/benchmarks/random0/b0_r5_c10_l10000_i50_ps0_2_pt0_75_j5_5.stl,0.062,41043.2,unsat
../resources/benchmarks/random0/b0_r5_c10_l10000_i50_ps0_2_pt0_95_j10_1.stl,0.092,59477.6,sat
../resources/benchmarks/random0/b0_r5_c10_l10000_i50_ps0_2_pt0_95_j10_2.stl,0.07200000000000001,48415.2,sat
../resources/benchmarks/random0/b0_r5_c10_l10000_i50_ps0_2_pt0_95_j10_3.stl,0.028,43484.8,sat
../resources/benchmarks/random0/b0_r5_c10_l10000_i50_ps0_2_pt0_95_j10_4.stl,0.082,54543.2,sat
../resources/benchmarks/random0/b0_r5_c10_l10000_i50_ps0_2_pt0_95_j10_5.stl,-1,-1,TO
../resources/benchmarks/random0/b0_r5_c10_l10000_i50_ps0_2_pt0_95_j5_1.stl,0.01,34248,sat
../resources/benchmarks/random0/b0_r5_c10_l10000_i50_ps0_2_pt0_95_j5_2.stl,0.164,56993.6,sat
../resources/benchmarks/random0/b0_r5_c10_l10000_i50_ps0_2_pt0_95_j5_3.stl,0.0,7819.2,unsat
../resources/benchmarks/random0/b0_r5_c10_l10000_i50_ps0_2_pt0_95_j5_4.stl,0.0,7792,sat
../resources/benchmarks/random0/b0_r5_c10_l10000_i50_ps0_2_pt0_95_j5_5.stl,0.062,50852,sat
../resources/benchmarks/random0/b0_r5_c10_l1000_i1000_ps0_05_pt0_33_j10_1.stl,17.832,3600800.8,sat
../resources/benchmarks/random0/b0_r5_c10_l1000_i1000_ps0_05_pt0_33_j10_2.stl,-1,-1,TO
../resources/benchmarks/random0/b0_r5_c10_l1000_i1000_ps0_05_pt0_33_j10_3.stl,-1,-1,TO
../resources/benchmarks/random0/b0_r5_c10_l1000_i1000_ps0_05_pt0_33_j10_4.stl,-1,-1,TO
../resources/benchmarks/random0/b0_r5_c10_l1000_i1000_ps0_05_pt0_33_j10_5.stl,-1,-1,TO
../resources/benchmarks/random0/b0_r5_c10_l1000_i1000_ps0_05_pt0_33_j5_1.stl,-1,-1,TO
../resources/benchmarks/random0/b0_r5_c10_l1000_i1000_ps0_05_pt0_33_j5_2.stl,-1,-1,TO
../resources/benchmarks/random0/b0_r5_c10_l1000_i1000_ps0_05_pt0_33_j5_3.stl,1.156,289573.6,sat
../resources/benchmarks/random0/b0_r5_c10_l1000_i1000_ps0_05_pt0_33_j5_4.stl,-1,-1,TO
../resources/benchmarks/random0/b0_r5_c10_l1000_i1000_ps0_05_pt0_33_j5_5.stl,71.908,4063490.4,sat
../resources/benchmarks/random0/b0_r5_c10_l1000_i1000_ps0_05_pt0_5_j10_1.stl,-1,-1,TO
../resources/benchmarks/random0/b0_r5_c10_l1000_i1000_ps0_05_pt0_5_j10_2.stl,-1,-1,TO
../resources/benchmarks/random0/b0_r5_c10_l1000_i1000_ps0_05_pt0_5_j10_3.stl,-1,-1,TO
../resources/benchmarks/random0/b0_r5_c10_l1000_i1000_ps0_05_pt0_5_j10_4.stl,-1,-1,TO
../resources/benchmarks/random0/b0_r5_c10_l1000_i1000_ps0_05_pt0_5_j10_5.stl,-1,-1,TO
../resources/benchmarks/random0/b0_r5_c10_l1000_i1000_ps0_05_pt0_5_j5_1.stl,-1,-1,TO
../resources/benchmarks/random0/b0_r5_c10_l1000_i1000_ps0_05_pt0_5_j5_2.stl,-1,-1,TO
../resources/benchmarks/random0/b0_r5_c10_l1000_i1000_ps0_05_pt0_5_j5_3.stl,-1,-1,TO
../resources/benchmarks/random0/b0_r5_c10_l1000_i1000_ps0_05_pt0_5_j5_4.stl,-1,-1,TO
../resources/benchmarks/random0/b0_r5_c10_l1000_i1000_ps0_05_pt0_5_j5_5.stl,-1,-1,TO
../resources/benchmarks/random0/b0_r5_c10_l1000_i1000_ps0_05_pt0_75_j10_1.stl,-1,-1,TO
../resources/benchmarks/random0/b0_r5_c10_l1000_i1000_ps0_05_pt0_75_j10_2.stl,-1,-1,TO
../resources/benchmarks/random0/b0_r5_c10_l1000_i1000_ps0_05_pt0_75_j10_3.stl,-1,-1,TO
../resources/benchmarks/random0/b0_r5_c10_l1000_i1000_ps0_05_pt0_75_j10_4.stl,-1,-1,TO
../resources/benchmarks/random0/b0_r5_c10_l1000_i1000_ps0_05_pt0_75_j10_5.stl,-1,-1,TO
../resources/benchmarks/random0/b0_r5_c10_l1000_i1000_ps0_05_pt0_75_j5_1.stl,-1,-1,TO
../resources/benchmarks/random0/b0_r5_c10_l1000_i1000_ps0_05_pt0_75_j5_2.stl,-1,-1,TO
../resources/benchmarks/random0/b0_r5_c10_l1000_i1000_ps0_05_pt0_75_j5_3.stl,-1,-1,TO
../resources/benchmarks/random0/b0_r5_c10_l1000_i1000_ps0_05_pt0_75_j5_4.stl,-1,-1,OOM
../resources/benchmarks/random0/b0_r5_c10_l1000_i1000_ps0_05_pt0_75_j5_5.stl,-1,-1,TO
../resources/benchmarks/random0/b0_r5_c10_l1000_i1000_ps0_05_pt0_95_j10_1.stl,-1,-1,TO
../resources/benchmarks/random0/b0_r5_c10_l1000_i1000_ps0_05_pt0_95_j10_2.stl,-1,-1,TO
../resources/benchmarks/random0/b0_r5_c10_l1000_i1000_ps0_05_pt0_95_j10_3.stl,-1,-1,TO
../resources/benchmarks/random0/b0_r5_c10_l1000_i1000_ps0_05_pt0_95_j10_4.stl,-1,-1,TO
../resources/benchmarks/random0/b0_r5_c10_l1000_i1000_ps0_05_pt0_95_j10_5.stl,-1,-1,TO
../resources/benchmarks/random0/b0_r5_c10_l1000_i1000_ps0_05_pt0_95_j5_1.stl,0.046,33668,unsat
../resources/benchmarks/random0/b0_r5_c10_l1000_i1000_ps0_05_pt0_95_j5_2.stl,-1,-1,TO
../resources/benchmarks/random0/b0_r5_c10_l1000_i1000_ps0_05_pt0_95_j5_3.stl,-1,-1,TO
../resources/benchmarks/random0/b0_r5_c10_l1000_i1000_ps0_05_pt0_95_j5_4.stl,-1,-1,TO
../resources/benchmarks/random0/b0_r5_c10_l1000_i1000_ps0_05_pt0_95_j5_5.stl,-1,-1,TO
../resources/benchmarks/random0/b0_r5_c10_l1000_i1000_ps0_15_pt0_33_j10_1.stl,0.0,7800.8,unsat
../resources/benchmarks/random0/b0_r5_c10_l1000_i1000_ps0_15_pt0_33_j10_2.stl,0.022,32416,unsat
../resources/benchmarks/random0/b0_r5_c10_l1000_i1000_ps0_15_pt0_33_j10_3.stl,0.01,32720,unsat
../resources/benchmarks/random0/b0_r5_c10_l1000_i1000_ps0_15_pt0_33_j10_4.stl,0.05,33055.2,unsat
../resources/benchmarks/random0/b0_r5_c10_l1000_i1000_ps0_15_pt0_33_j10_5.stl,0.01,33034.4,unsat
../resources/benchmarks/random0/b0_r5_c10_l1000_i1000_ps0_15_pt0_33_j5_1.stl,0.0,7801.6,unsat
../resources/benchmarks/random0/b0_r5_c10_l1000_i1000_ps0_15_pt0_33_j5_2.stl,20.662,258216,sat
../resources/benchmarks/random0/b0_r5_c10_l1000_i1000_ps0_15_pt0_33_j5_3.stl,0.03,32719.2,unsat
../resources/benchmarks/random0/b0_r5_c10_l1000_i1000_ps0_15_pt0_33_j5_4.stl,-1,-1,TO
../resources/benchmarks/random0/b0_r5_c10_l1000_i1000_ps0_15_pt0_33_j5_5.stl,59.362,693528,sat
../resources/benchmarks/random0/b0_r5_c10_l1000_i1000_ps0_15_pt0_5_j10_1.stl,0.252,242260.8,sat
../resources/benchmarks/random0/b0_r5_c10_l1000_i1000_ps0_15_pt0_5_j10_2.stl,-1,-1,TO
../resources/benchmarks/random0/b0_r5_c10_l1000_i1000_ps0_15_pt0_5_j10_3.stl,0.54,202603.2,sat
../resources/benchmarks/random0/b0_r5_c10_l1000_i1000_ps0_15_pt0_5_j10_4.stl,-1,-1,TO
../resources/benchmarks/random0/b0_r5_c10_l1000_i1000_ps0_15_pt0_5_j10_5.stl,0.0,7811.2,unsat
../resources/benchmarks/random0/b0_r5_c10_l1000_i1000_ps0_15_pt0_5_j5_1.stl,-1,-1,TO
../resources/benchmarks/random0/b0_r5_c10_l1000_i1000_ps0_15_pt0_5_j5_2.stl,0.0,7814.4,unsat
../resources/benchmarks/random0/b0_r5_c10_l1000_i1000_ps0_15_pt0_5_j5_3.stl,0.308,143028,sat
../resources/benchmarks/random0/b0_r5_c10_l1000_i1000_ps0_15_pt0_5_j5_4.stl,-1,-1,TO
../resources/benchmarks/random0/b0_r5_c10_l1000_i1000_ps0_15_pt0_5_j5_5.stl,0.16,150086.4,sat
../resources/benchmarks/random0/b0_r5_c10_l1000_i1000_ps0_15_pt0_75_j10_1.stl,-1,-1,TO
../resources/benchmarks/random0/b0_r5_c10_l1000_i1000_ps0_15_pt0_75_j10_2.stl,2.006,34261.6,unsat
../resources/benchmarks/random0/b0_r5_c10_l1000_i1000_ps0_15_pt0_75_j10_3.stl,13.072,528246.4,sat
../resources/benchmarks/random0/b0_r5_c10_l1000_i1000_ps0_15_pt0_75_j10_4.stl,-1,-1,TO
../resources/benchmarks/random0/b0_r5_c10_l1000_i1000_ps0_15_pt0_75_j10_5.stl,-1,-1,TO
../resources/benchmarks/random0/b0_r5_c10_l1000_i1000_ps0_15_pt0_75_j5_1.stl,-1,-1,TO
../resources/benchmarks/random0/b0_r5_c10_l1000_i1000_ps0_15_pt0_75_j5_2.stl,-1,-1,TO
../resources/benchmarks/random0/b0_r5_c10_l1000_i1000_ps0_15_pt0_75_j5_3.stl,23.47,276338.4,sat
../resources/benchmarks/random0/b0_r5_c10_l1000_i1000_ps0_15_pt0_75_j5_4.stl,-1,-1,TO
../resources/benchmarks/random0/b0_r5_c10_l1000_i1000_ps0_15_pt0_75_j5_5.stl,0.212,108296,sat
../resources/benchmarks/random0/b0_r5_c10_l1000_i1000_ps0_15_pt0_95_j10_1.stl,1.168,506105.6,sat
../resources/benchmarks/random0/b0_r5_c10_l1000_i1000_ps0_15_pt0_95_j10_2.stl,-1,-1,TO
../resources/benchmarks/random0/b0_r5_c10_l1000_i1000_ps0_15_pt0_95_j10_3.stl,-1,-1,TO
../resources/benchmarks/random0/b0_r5_c10_l1000_i1000_ps0_15_pt0_95_j10_4.stl,0.0,7802.4,unsat
../resources/benchmarks/random0/b0_r5_c10_l1000_i1000_ps0_15_pt0_95_j10_5.stl,0.01,32425.6,unsat
../resources/benchmarks/random0/b0_r5_c10_l1000_i1000_ps0_15_pt0_95_j5_1.stl,-1,-1,TO
../resources/benchmarks/random0/b0_r5_c10_l1000_i1000_ps0_15_pt0_95_j5_2.stl,1.576,139021.6,sat
../resources/benchmarks/random0/b0_r5_c10_l1000_i1000_ps0_15_pt0_95_j5_3.stl,-1,-1,TO
../resources/benchmarks/random0/b0_r5_c10_l1000_i1000_ps0_15_pt0_95_j5_4.stl,1.014,483091.2,sat
../resources/benchmarks/random0/b0_r5_c10_l1000_i1000_ps0_15_pt0_95_j5_5.stl,-1,-1,OOM
../resources/benchmarks/random0/b0_r5_c10_l1000_i1000_ps0_1_pt0_33_j10_1.stl,-1,-1,TO
../resources/benchmarks/random0/b0_r5_c10_l1000_i1000_ps0_1_pt0_33_j10_2.stl,-1,-1,TO
../resources/benchmarks/random0/b0_r5_c10_l1000_i1000_ps0_1_pt0_33_j10_3.stl,0.464,33969.6,unsat
../resources/benchmarks/random0/b0_r5_c10_l1000_i1000_ps0_1_pt0_33_j10_4.stl,14.876,42552.8,unsat
../resources/benchmarks/random0/b0_r5_c10_l1000_i1000_ps0_1_pt0_33_j10_5.stl,-1,-1,TO
../resources/benchmarks/random0/b0_r5_c10_l1000_i1000_ps0_1_pt0_33_j5_1.stl,27.5,445292,sat
../resources/benchmarks/random0/b0_r5_c10_l1000_i1000_ps0_1_pt0_33_j5_2.stl,0.228,119991.2,sat
../resources/benchmarks/random0/b0_r5_c10_l1000_i1000_ps0_1_pt0_33_j5_3.stl,0.02,36410.4,sat
../resources/benchmarks/random0/b0_r5_c10_l1000_i1000_ps0_1_pt0_33_j5_4.stl,-1,-1,TO
../resources/benchmarks/random0/b0_r5_c10_l1000_i1000_ps0_1_pt0_33_j5_5.stl,20.276,398278.4,sat
../resources/benchmarks/random0/b0_r5_c10_l1000_i1000_ps0_1_pt0_5_j10_1.stl,0.0,7817.6,unsat
../resources/benchmarks/random0/b0_r5_c10_l1000_i1000_ps0_1_pt0_5_j10_2.stl,6.816,346387.2,sat
../resources/benchmarks/random0/b0_r5_c10_l1000_i1000_ps0_1_pt0_5_j10_3.stl,-1,-1,TO
../resources/benchmarks/random0/b0_r5_c10_l1000_i1000_ps0_1_pt0_5_j10_4.stl,-1,-1,TO
../resources/benchmarks/random0/b0_r5_c10_l1000_i1000_ps0_1_pt0_5_j10_5.stl,-1,-1,TO
../resources/benchmarks/random0/b0_r5_c10_l1000_i1000_ps0_1_pt0_5_j5_1.stl,0.404,321812,sat
../resources/benchmarks/random0/b0_r5_c10_l1000_i1000_ps0_1_pt0_5_j5_2.stl,-1,-1,TO
../resources/benchmarks/random0/b0_r5_c10_l1000_i1000_ps0_1_pt0_5_j5_3.stl,0.0,7801.6,unsat
../resources/benchmarks/random0/b0_r5_c10_l1000_i1000_ps0_1_pt0_5_j5_4.stl,-1,-1,TO
../resources/benchmarks/random0/b0_r5_c10_l1000_i1000_ps0_1_pt0_5_j5_5.stl,0.628,406594.4,sat
../resources/benchmarks/random0/b0_r5_c10_l1000_i1000_ps0_1_pt0_75_j10_1.stl,-1,-1,TO
../resources/benchmarks/random0/b0_r5_c10_l1000_i1000_ps0_1_pt0_75_j10_2.stl,-1,-1,TO
../resources/benchmarks/random0/b0_r5_c10_l1000_i1000_ps0_1_pt0_75_j10_3.stl,-1,-1,TO
../resources/benchmarks/random0/b0_r5_c10_l1000_i1000_ps0_1_pt0_75_j10_4.stl,-1,-1,TO
../resources/benchmarks/random0/b0_r5_c10_l1000_i1000_ps0_1_pt0_75_j10_5.stl,-1,-1,TO
../resources/benchmarks/random0/b0_r5_c10_l1000_i1000_ps0_1_pt0_75_j5_1.stl,-1,-1,TO
../resources/benchmarks/random0/b0_r5_c10_l1000_i1000_ps0_1_pt0_75_j5_2.stl,1.006,432108.8,sat
../resources/benchmarks/random0/b0_r5_c10_l1000_i1000_ps0_1_pt0_75_j5_3.stl,1.026,165740,sat
../resources/benchmarks/random0/b0_r5_c10_l1000_i1000_ps0_1_pt0_75_j5_4.stl,-1,-1,OOM
../resources/benchmarks/random0/b0_r5_c10_l1000_i1000_ps0_1_pt0_75_j5_5.stl,-1,-1,TO
../resources/benchmarks/random0/b0_r5_c10_l1000_i1000_ps0_1_pt0_95_j10_1.stl,-1,-1,TO
../resources/benchmarks/random0/b0_r5_c10_l1000_i1000_ps0_1_pt0_95_j10_2.stl,0.0,7804.8,unsat
../resources/benchmarks/random0/b0_r5_c10_l1000_i1000_ps0_1_pt0_95_j10_3.stl,-1,-1,TO
../resources/benchmarks/random0/b0_r5_c10_l1000_i1000_ps0_1_pt0_95_j10_4.stl,-1,-1,TO
../resources/benchmarks/random0/b0_r5_c10_l1000_i1000_ps0_1_pt0_95_j10_5.stl,0.01,9347.2,unsat
../resources/benchmarks/random0/b0_r5_c10_l1000_i1000_ps0_1_pt0_95_j5_1.stl,-1,-1,TO
../resources/benchmarks/random0/b0_r5_c10_l1000_i1000_ps0_1_pt0_95_j5_2.stl,3.046,834524.8,sat
../resources/benchmarks/random0/b0_r5_c10_l1000_i1000_ps0_1_pt0_95_j5_3.stl,-1,-1,TO
../resources/benchmarks/random0/b0_r5_c10_l1000_i1000_ps0_1_pt0_95_j5_4.stl,-1,-1,TO
../resources/benchmarks/random0/b0_r5_c10_l1000_i1000_ps0_1_pt0_95_j5_5.stl,0.0,7790.4,unsat
../resources/benchmarks/random0/b0_r5_c10_l1000_i1000_ps0_25_pt0_33_j10_1.stl,0.0,7819.2,unsat
../resources/benchmarks/random0/b0_r5_c10_l1000_i1000_ps0_25_pt0_33_j10_2.stl,0.0,7811.2,unsat
../resources/benchmarks/random0/b0_r5_c10_l1000_i1000_ps0_25_pt0_33_j10_3.stl,0.0,7793.6,unsat
../resources/benchmarks/random0/b0_r5_c10_l1000_i1000_ps0_25_pt0_33_j10_4.stl,0.0,7785.6,unsat
../resources/benchmarks/random0/b0_r5_c10_l1000_i1000_ps0_25_pt0_33_j10_5.stl,0.0,7764,unsat
../resources/benchmarks/random0/b0_r5_c10_l1000_i1000_ps0_25_pt0_33_j5_1.stl,0.01,33639.2,sat
../resources/benchmarks/random0/b0_r5_c10_l1000_i1000_ps0_25_pt0_33_j5_2.stl,0.438,377123.2,sat
../resources/benchmarks/random0/b0_r5_c10_l1000_i1000_ps0_25_pt0_33_j5_3.stl,0.0,7800.8,unsat
../resources/benchmarks/random0/b0_r5_c10_l1000_i1000_ps0_25_pt0_33_j5_4.stl,0.01,32740.8,sat
../resources/benchmarks/random0/b0_r5_c10_l1000_i1000_ps0_25_pt0_33_j5_5.stl,-1,-1,TO
../resources/benchmarks/random0/b0_r5_c10_l1000_i1000_ps0_25_pt0_5_j10_1.stl,0.01,32723.2,unsat
../resources/benchmarks/random0/b0_r5_c10_l1000_i1000_ps0_25_pt0_5_j10_2.stl,2.796,450810.4,sat
../resources/benchmarks/random0/b0_r5_c10_l1000_i1000_ps0_25_pt0_5_j10_3.stl,0.012,33959.2,unsat
../resources/benchmarks/random0/b0_r5_c10_l1000_i1000_ps0_25_pt0_5_j10_4.stl,-1,-1,TO
../resources/benchmarks/random0/b0_r5_c10_l1000_i1000_ps0_25_pt0_5_j10_5.stl,0.07200000000000001,33025.6,unsat
../resources/benchmarks/random0/b0_r5_c10_l1000_i1000_ps0_25_pt0_5_j5_1.stl,0.01,33043.2,unsat
../resources/benchmarks/random0/b0_r5_c10_l1000_i1000_ps0_25_pt0_5_j5_2.stl,0.728,414289.6,sat
../resources/benchmarks/random0/b0_r5_c10_l1000_i1000_ps0_25_pt0_5_j5_3.stl,1.29,326713.6,sat
../resources/benchmarks/random0/b0_r5_c10_l1000_i1000_ps0_25_pt0_5_j5_4.stl,0.01,32729.6,sat
../resources/benchmarks/random0/b0_r5_c10_l1000_i1000_ps0_25_pt0_5_j5_5.stl,0.01,30875.2,unsat
../resources/benchmarks/random0/b0_r5_c10_l1000_i1000_ps0_25_pt0_75_j10_1.stl,29.87,283084.8,sat
../resources/benchmarks/random0/b0_r5_c10_l1000_i1000_ps0_25_pt0_75_j10_2.stl,0.01,33326.4,unsat
../resources/benchmarks/random0/b0_r5_c10_l1000_i1000_ps0_25_pt0_75_j10_3.stl,0.0,7774.4,unsat
../resources/benchmarks/random0/b0_r5_c10_l1000_i1000_ps0_25_pt0_75_j10_4.stl,0.0,7804.8,unsat
../resources/benchmarks/random0/b0_r5_c10_l1000_i1000_ps0_25_pt0_75_j10_5.stl,0.03,33330.4,unsat
../resources/benchmarks/random0/b0_r5_c10_l1000_i1000_ps0_25_pt0_75_j5_1.stl,0.0,9322.4,sat
../resources/benchmarks/random0/b0_r5_c10_l1000_i1000_ps0_25_pt0_75_j5_2.stl,0.01,30864.8,unsat
../resources/benchmarks/random0/b0_r5_c10_l1000_i1000_ps0_25_pt0_75_j5_3.stl,0.0,9344.8,sat
../resources/benchmarks/random0/b0_r5_c10_l1000_i1000_ps0_25_pt0_75_j5_4.stl,0.01,30885.6,unsat
../resources/benchmarks/random0/b0_r5_c10_l1000_i1000_ps0_25_pt0_75_j5_5.stl,-1,-1,TO
../resources/benchmarks/random0/b0_r5_c10_l1000_i1000_ps0_25_pt0_95_j10_1.stl,0.0,7788.8,unsat
../resources/benchmarks/random0/b0_r5_c10_l1000_i1000_ps0_25_pt0_95_j10_2.stl,-1,-1,TO
../resources/benchmarks/random0/b0_r5_c10_l1000_i1000_ps0_25_pt0_95_j10_3.stl,-1,-1,TO
../resources/benchmarks/random0/b0_r5_c10_l1000_i1000_ps0_25_pt0_95_j10_4.stl,0.0,7806.4,unsat
../resources/benchmarks/random0/b0_r5_c10_l1000_i1000_ps0_25_pt0_95_j10_5.stl,0.0,7808,unsat
../resources/benchmarks/random0/b0_r5_c10_l1000_i1000_ps0_25_pt0_95_j5_1.stl,0.01,33040,sat
../resources/benchmarks/random0/b0_r5_c10_l1000_i1000_ps0_25_pt0_95_j5_2.stl,0.042,65288.8,sat
../resources/benchmarks/random0/b0_r5_c10_l1000_i1000_ps0_25_pt0_95_j5_3.stl,0.372,291068.8,sat
../resources/benchmarks/random0/b0_r5_c10_l1000_i1000_ps0_25_pt0_95_j5_4.stl,0.02,39189.6,sat
../resources/benchmarks/random0/b0_r5_c10_l1000_i1000_ps0_25_pt0_95_j5_5.stl,18.349999999999998,302445.6,sat
../resources/benchmarks/random0/b0_r5_c10_l1000_i1000_ps0_2_pt0_33_j10_1.stl,0.0,7793.6,unsat
../resources/benchmarks/random0/b0_r5_c10_l1000_i1000_ps0_2_pt0_33_j10_2.stl,0.15,34276.8,sat
../resources/benchmarks/random0/b0_r5_c10_l1000_i1000_ps0_2_pt0_33_j10_3.stl,-1,-1,TO
../resources/benchmarks/random0/b0_r5_c10_l1000_i1000_ps0_2_pt0_33_j10_4.stl,100.63799999999999,405054.4,sat
../resources/benchmarks/random0/b0_r5_c10_l1000_i1000_ps0_2_pt0_33_j10_5.stl,0.588,404451.2,sat
../resources/benchmarks/random0/b0_r5_c10_l1000_i1000_ps0_2_pt0_33_j5_1.stl,0.01,32741.6,sat
../resources/benchmarks/random0/b0_r5_c10_l1000_i1000_ps0_2_pt0_33_j5_2.stl,0.01,33032,unsat
../resources/benchmarks/random0/b0_r5_c10_l1000_i1000_ps0_2_pt0_33_j5_3.stl,8.668,118456,sat
../resources/benchmarks/random0/b0_r5_c10_l1000_i1000_ps0_2_pt0_33_j5_4.stl,0.01,32727.2,sat
../resources/benchmarks/random0/b0_r5_c10_l1000_i1000_ps0_2_pt0_33_j5_5.stl,0.01,32730.4,sat
../resources/benchmarks/random0/b0_r5_c10_l1000_i1000_ps0_2_pt0_5_j10_1.stl,-1,-1,TO
../resources/benchmarks/random0/b0_r5_c10_l1000_i1000_ps0_2_pt0_5_j10_2.stl,13.89,195859.2,sat
../resources/benchmarks/random0/b0_r5_c10_l1000_i1000_ps0_2_pt0_5_j10_3.stl,-1,-1,TO
../resources/benchmarks/random0/b0_r5_c10_l1000_i1000_ps0_2_pt0_5_j10_4.stl,0.01,32420,unsat
../resources/benchmarks/random0/b0_r5_c10_l1000_i1000_ps0_2_pt0_5_j10_5.stl,4.584,169427.2,sat
../resources/benchmarks/random0/b0_r5_c10_l1000_i1000_ps0_2_pt0_5_j5_1.stl,0.01,33677.6,sat
../resources/benchmarks/random0/b0_r5_c10_l1000_i1000_ps0_2_pt0_5_j5_2.stl,0.836,426277.6,sat
../resources/benchmarks/random0/b0_r5_c10_l1000_i1000_ps0_2_pt0_5_j5_3.stl,0.01,33368,sat
../resources/benchmarks/random0/b0_r5_c10_l1000_i1000_ps0_2_pt0_5_j5_4.stl,-1,-1,TO
../resources/benchmarks/random0/b0_r5_c10_l1000_i1000_ps0_2_pt0_5_j5_5.stl,0.452,237332,sat
../resources/benchmarks/random0/b0_r5_c10_l1000_i1000_ps0_2_pt0_75_j10_1.stl,-1,-1,TO
../resources/benchmarks/random0/b0_r5_c10_l1000_i1000_ps0_2_pt0_75_j10_2.stl,-1,-1,TO
../resources/benchmarks/random0/b0_r5_c10_l1000_i1000_ps0_2_pt0_75_j10_3.stl,0.37,33956.8,unsat
../resources/benchmarks/random0/b0_r5_c10_l1000_i1000_ps0_2_pt0_75_j10_4.stl,1.086,164824,sat
../resources/benchmarks/random0/b0_r5_c10_l1000_i1000_ps0_2_pt0_75_j10_5.stl,3.932,268036,sat
../resources/benchmarks/random0/b0_r5_c10_l1000_i1000_ps0_2_pt0_75_j5_1.stl,0.0,7784,unsat
../resources/benchmarks/random0/b0_r5_c10_l1000_i1000_ps0_2_pt0_75_j5_2.stl,4.428,155908.8,sat
../resources/benchmarks/random0/b0_r5_c10_l1000_i1000_ps0_2_pt0_75_j5_3.stl,0.0,7799.2,unsat
../resources/benchmarks/random0/b0_r5_c10_l1000_i1000_ps0_2_pt0_75_j5_4.stl,0.01,32744,sat
../resources/benchmarks/random0/b0_r5_c10_l1000_i1000_ps0_2_pt0_75_j5_5.stl,0.01,33027.2,sat
../resources/benchmarks/random0/b0_r5_c10_l1000_i1000_ps0_2_pt0_95_j10_1.stl,-1,-1,TO
../resources/benchmarks/random0/b0_r5_c10_l1000_i1000_ps0_2_pt0_95_j10_2.stl,-1,-1,TO
../resources/benchmarks/random0/b0_r5_c10_l1000_i1000_ps0_2_pt0_95_j10_3.stl,-1,-1,TO
../resources/benchmarks/random0/b0_r5_c10_l1000_i1000_ps0_2_pt0_95_j10_4.stl,-1,-1,TO
../resources/benchmarks/random0/b0_r5_c10_l1000_i1000_ps0_2_pt0_95_j10_5.stl,1.078,425929.6,sat
../resources/benchmarks/random0/b0_r5_c10_l1000_i1000_ps0_2_pt0_95_j5_1.stl,-1,-1,TO
../resources/benchmarks/random0/b0_r5_c10_l1000_i1000_ps0_2_pt0_95_j5_2.stl,6.31,304899.2,sat
../resources/benchmarks/random0/b0_r5_c10_l1000_i1000_ps0_2_pt0_95_j5_3.stl,-1,-1,TO
../resources/benchmarks/random0/b0_r5_c10_l1000_i1000_ps0_2_pt0_95_j5_4.stl,43.45,224139.2,sat
../resources/benchmarks/random0/b0_r5_c10_l1000_i1000_ps0_2_pt0_95_j5_5.stl,-1,-1,TO
../resources/benchmarks/random0/b0_r5_c10_l1000_i50_ps0_05_pt0_33_j10_1.stl,0.182,42268,unsat
../resources/benchmarks/random0/b0_r5_c10_l1000_i50_ps0_05_pt0_33_j10_2.stl,-1,-1,TO
../resources/benchmarks/random0/b0_r5_c10_l1000_i50_ps0_05_pt0_33_j10_3.stl,-1,-1,TO
../resources/benchmarks/random0/b0_r5_c10_l1000_i50_ps0_05_pt0_33_j10_4.stl,-1,-1,TO
../resources/benchmarks/random0/b0_r5_c10_l1000_i50_ps0_05_pt0_33_j10_5.stl,0.07,12412.8,unsat
../resources/benchmarks/random0/b0_r5_c10_l1000_i50_ps0_05_pt0_33_j5_1.stl,-1,-1,TO
../resources/benchmarks/random0/b0_r5_c10_l1000_i50_ps0_05_pt0_33_j5_2.stl,-1,-1,TO
../resources/benchmarks/random0/b0_r5_c10_l1000_i50_ps0_05_pt0_33_j5_3.stl,4.6160000000000005,120616,sat
../resources/benchmarks/random0/b0_r5_c10_l1000_i50_ps0_05_pt0_33_j5_4.stl,-1,-1,TO
../resources/benchmarks/random0/b0_r5_c10_l1000_i50_ps0_05_pt0_33_j5_5.stl,-1,-1,TO
../resources/benchmarks/random0/b0_r5_c10_l1000_i50_ps0_05_pt0_5_j10_1.stl,-1,-1,TO
../resources/benchmarks/random0/b0_r5_c10_l1000_i50_ps0_05_pt0_5_j10_2.stl,-1,-1,TO
../resources/benchmarks/random0/b0_r5_c10_l1000_i50_ps0_05_pt0_5_j10_3.stl,-1,-1,TO
../resources/benchmarks/random0/b0_r5_c10_l1000_i50_ps0_05_pt0_5_j10_4.stl,-1,-1,TO
../resources/benchmarks/random0/b0_r5_c10_l1000_i50_ps0_05_pt0_5_j10_5.stl,-1,-1,TO
../resources/benchmarks/random0/b0_r5_c10_l1000_i50_ps0_05_pt0_5_j5_1.stl,-1,-1,TO
../resources/benchmarks/random0/b0_r5_c10_l1000_i50_ps0_05_pt0_5_j5_2.stl,-1,-1,TO
../resources/benchmarks/random0/b0_r5_c10_l1000_i50_ps0_05_pt0_5_j5_3.stl,-1,-1,TO
../resources/benchmarks/random0/b0_r5_c10_l1000_i50_ps0_05_pt0_5_j5_4.stl,-1,-1,TO
../resources/benchmarks/random0/b0_r5_c10_l1000_i50_ps0_05_pt0_5_j5_5.stl,3.456,569397.6,sat
../resources/benchmarks/random0/b0_r5_c10_l1000_i50_ps0_05_pt0_75_j10_1.stl,-1,-1,TO
../resources/benchmarks/random0/b0_r5_c10_l1000_i50_ps0_05_pt0_75_j10_2.stl,-1,-1,TO
../resources/benchmarks/random0/b0_r5_c10_l1000_i50_ps0_05_pt0_75_j10_3.stl,-1,-1,TO
../resources/benchmarks/random0/b0_r5_c10_l1000_i50_ps0_05_pt0_75_j10_4.stl,-1,-1,TO
../resources/benchmarks/random0/b0_r5_c10_l1000_i50_ps0_05_pt0_75_j10_5.stl,-1,-1,TO
../resources/benchmarks/random0/b0_r5_c10_l1000_i50_ps0_05_pt0_75_j5_1.stl,-1,-1,TO
../resources/benchmarks/random0/b0_r5_c10_l1000_i50_ps0_05_pt0_75_j5_2.stl,-1,-1,TO
../resources/benchmarks/random0/b0_r5_c10_l1000_i50_ps0_05_pt0_75_j5_3.stl,-1,-1,TO
../resources/benchmarks/random0/b0_r5_c10_l1000_i50_ps0_05_pt0_75_j5_4.stl,-1,-1,TO
../resources/benchmarks/random0/b0_r5_c10_l1000_i50_ps0_05_pt0_75_j5_5.stl,-1,-1,TO
../resources/benchmarks/random0/b0_r5_c10_l1000_i50_ps0_05_pt0_95_j10_1.stl,-1,-1,TO
../resources/benchmarks/random0/b0_r5_c10_l1000_i50_ps0_05_pt0_95_j10_2.stl,-1,-1,TO
../resources/benchmarks/random0/b0_r5_c10_l1000_i50_ps0_05_pt0_95_j10_3.stl,-1,-1,TO
../resources/benchmarks/random0/b0_r5_c10_l1000_i50_ps0_05_pt0_95_j10_4.stl,-1,-1,TO
../resources/benchmarks/random0/b0_r5_c10_l1000_i50_ps0_05_pt0_95_j10_5.stl,-1,-1,TO
../resources/benchmarks/random0/b0_r5_c10_l1000_i50_ps0_05_pt0_95_j5_1.stl,-1,-1,TO
../resources/benchmarks/random0/b0_r5_c10_l1000_i50_ps0_05_pt0_95_j5_2.stl,-1,-1,TO
../resources/benchmarks/random0/b0_r5_c10_l1000_i50_ps0_05_pt0_95_j5_3.stl,-1,-1,TO
../resources/benchmarks/random0/b0_r5_c10_l1000_i50_ps0_05_pt0_95_j5_4.stl,-1,-1,TO
../resources/benchmarks/random0/b0_r5_c10_l1000_i50_ps0_05_pt0_95_j5_5.stl,-1,-1,TO
../resources/benchmarks/random0/b0_r5_c10_l1000_i50_ps0_15_pt0_33_j10_1.stl,0.188,57905.6,sat
../resources/benchmarks/random0/b0_r5_c10_l1000_i50_ps0_15_pt0_33_j10_2.stl,0.01,33343.2,unsat
../resources/benchmarks/random0/b0_r5_c10_l1000_i50_ps0_15_pt0_33_j10_3.stl,0.01,32704,unsat
../resources/benchmarks/random0/b0_r5_c10_l1000_i50_ps0_15_pt0_33_j10_4.stl,0.112,43785.6,sat
../resources/benchmarks/random0/b0_r5_c10_l1000_i50_ps0_15_pt0_33_j10_5.stl,0.01,33332,unsat
../resources/benchmarks/random0/b0_r5_c10_l1000_i50_ps0_15_pt0_33_j5_1.stl,0.01,33064,unsat
../resources/benchmarks/random0/b0_r5_c10_l1000_i50_ps0_15_pt0_33_j5_2.stl,-1,-1,TO
../resources/benchmarks/random0/b0_r5_c10_l1000_i50_ps0_15_pt0_33_j5_3.stl,0.02,41016.8,sat
../resources/benchmarks/random0/b0_r5_c10_l1000_i50_ps0_15_pt0_33_j5_4.stl,0.05,48700.8,sat
../resources/benchmarks/random0/b0_r5_c10_l1000_i50_ps0_15_pt0_33_j5_5.stl,0.05,50236,sat
../resources/benchmarks/random0/b0_r5_c10_l1000_i50_ps0_15_pt0_5_j10_1.stl,0.01,33656.8,unsat
../resources/benchmarks/random0/b0_r5_c10_l1000_i50_ps0_15_pt0_5_j10_2.stl,0.02,33652.8,unsat
../resources/benchmarks/random0/b0_r5_c10_l1000_i50_ps0_15_pt0_5_j10_3.stl,0.72,34560.8,unsat
../resources/benchmarks/random0/b0_r5_c10_l1000_i50_ps0_15_pt0_5_j10_4.stl,0.05,46869.6,sat
../resources/benchmarks/random0/b0_r5_c10_l1000_i50_ps0_15_pt0_5_j10_5.stl,0.01,33642.4,unsat
../resources/benchmarks/random0/b0_r5_c10_l1000_i50_ps0_15_pt0_5_j5_1.stl,0.04,44680,sat
../resources/benchmarks/random0/b0_r5_c10_l1000_i50_ps0_15_pt0_5_j5_2.stl,0.04,53278.4,sat
../resources/benchmarks/random0/b0_r5_c10_l1000_i50_ps0_15_pt0_5_j5_3.stl,0.016,36724,sat
../resources/benchmarks/random0/b0_r5_c10_l1000_i50_ps0_15_pt0_5_j5_4.stl,0.11,60965.6,sat
../resources/benchmarks/random0/b0_r5_c10_l1000_i50_ps0_15_pt0_5_j5_5.stl,0.03,47152,sat
../resources/benchmarks/random0/b0_r5_c10_l1000_i50_ps0_15_pt0_75_j10_1.stl,-1,-1,TO
../resources/benchmarks/random0/b0_r5_c10_l1000_i50_ps0_15_pt0_75_j10_2.stl,0.17400000000000002,57917.6,sat
../resources/benchmarks/random0/b0_r5_c10_l1000_i50_ps0_15_pt0_75_j10_3.stl,0.01,32419.2,unsat
../resources/benchmarks/random0/b0_r5_c10_l1000_i50_ps0_15_pt0_75_j10_4.stl,0.342,71438.4,sat
../resources/benchmarks/random0/b0_r5_c10_l1000_i50_ps0_15_pt0_75_j10_5.stl,0.804,33636.8,unsat
../resources/benchmarks/random0/b0_r5_c10_l1000_i50_ps0_15_pt0_75_j5_1.stl,0.0,9323.2,sat
../resources/benchmarks/random0/b0_r5_c10_l1000_i50_ps0_15_pt0_75_j5_2.stl,0.0,9026.4,sat
../resources/benchmarks/random0/b0_r5_c10_l1000_i50_ps0_15_pt0_75_j5_3.stl,0.0,7819.2,unsat
../resources/benchmarks/random0/b0_r5_c10_l1000_i50_ps0_15_pt0_75_j5_4.stl,0.024,15484,sat
../resources/benchmarks/random0/b0_r5_c10_l1000_i50_ps0_15_pt0_75_j5_5.stl,-1,-1,TO
../resources/benchmarks/random0/b0_r5_c10_l1000_i50_ps0_15_pt0_95_j10_1.stl,-1,-1,TO
../resources/benchmarks/random0/b0_r5_c10_l1000_i50_ps0_15_pt0_95_j10_2.stl,-1,-1,TO
../resources/benchmarks/random0/b0_r5_c10_l1000_i50_ps0_15_pt0_95_j10_3.stl,-1,-1,TO
../resources/benchmarks/random0/b0_r5_c10_l1000_i50_ps0_15_pt0_95_j10_4.stl,-1,-1,TO
../resources/benchmarks/random0/b0_r5_c10_l1000_i50_ps0_15_pt0_95_j10_5.stl,-1,-1,TO
../resources/benchmarks/random0/b0_r5_c10_l1000_i50_ps0_15_pt0_95_j5_1.stl,0.884,134413.6,sat
../resources/benchmarks/random0/b0_r5_c10_l1000_i50_ps0_15_pt0_95_j5_2.stl,-1,-1,TO
../resources/benchmarks/random0/b0_r5_c10_l1000_i50_ps0_15_pt0_95_j5_3.stl,0.014,34549.6,sat
../resources/benchmarks/random0/b0_r5_c10_l1000_i50_ps0_15_pt0_95_j5_4.stl,-1,-1,TO
../resources/benchmarks/random0/b0_r5_c10_l1000_i50_ps0_15_pt0_95_j5_5.stl,0.122,55792,sat
../resources/benchmarks/random0/b0_r5_c10_l1000_i50_ps0_1_pt0_33_j10_1.stl,-1,-1,TO
../resources/benchmarks/random0/b0_r5_c10_l1000_i50_ps0_1_pt0_33_j10_2.stl,1.092,36438.4,unsat
../resources/benchmarks/random0/b0_r5_c10_l1000_i50_ps0_1_pt0_33_j10_3.stl,4.596,64988.8,sat
../resources/benchmarks/random0/b0_r5_c10_l1000_i50_ps0_1_pt0_33_j10_4.stl,0.02,33044.8,unsat
../resources/benchmarks/random0/b0_r5_c10_l1000_i50_ps0_1_pt0_33_j10_5.stl,0.028,32739.2,unsat
../resources/benchmarks/random0/b0_r5_c10_l1000_i50_ps0_1_pt0_33_j5_1.stl,0.23,34561.6,unsat
../resources/benchmarks/random0/b0_r5_c10_l1000_i50_ps0_1_pt0_33_j5_2.stl,0.01,32408,unsat
../resources/benchmarks/random0/b0_r5_c10_l1000_i50_ps0_1_pt0_33_j5_3.stl,0.04,46876,sat
../resources/benchmarks/random0/b0_r5_c10_l1000_i50_ps0_1_pt0_33_j5_4.stl,0.01,33948,sat
../resources/benchmarks/random0/b0_r5_c10_l1000_i50_ps0_1_pt0_33_j5_5.stl,0.02,40416.8,sat
../resources/benchmarks/random0/b0_r5_c10_l1000_i50_ps0_1_pt0_5_j10_1.stl,-1,-1,TO
../resources/benchmarks/random0/b0_r5_c10_l1000_i50_ps0_1_pt0_5_j10_2.stl,-1,-1,TO
../resources/benchmarks/random0/b0_r5_c10_l1000_i50_ps0_1_pt0_5_j10_3.stl,0.14,61595.2,sat
../resources/benchmarks/random0/b0_r5_c10_l1000_i50_ps0_1_pt0_5_j10_4.stl,0.02,32445.6,unsat
../resources/benchmarks/random0/b0_r5_c10_l1000_i50_ps0_1_pt0_5_j10_5.stl,-1,-1,TO
../resources/benchmarks/random0/b0_r5_c10_l1000_i50_ps0_1_pt0_5_j5_1.stl,0.9,18528.8,sat
../resources/benchmarks/random0/b0_r5_c10_l1000_i50_ps0_1_pt0_5_j5_2.stl,0.12,21328,sat
../resources/benchmarks/random0/b0_r5_c10_l1000_i50_ps0_1_pt0_5_j5_3.stl,0.0,7807.2,sat
../resources/benchmarks/random0/b0_r5_c10_l1000_i50_ps0_1_pt0_5_j5_4.stl,-1,-1,TO
../resources/benchmarks/random0/b0_r5_c10_l1000_i50_ps0_1_pt0_5_j5_5.stl,0.04,13942.4,sat
../resources/benchmarks/random0/b0_r5_c10_l1000_i50_ps0_1_pt0_75_j10_1.stl,-1,-1,TO
../resources/benchmarks/random0/b0_r5_c10_l1000_i50_ps0_1_pt0_75_j10_2.stl,-1,-1,TO
../resources/benchmarks/random0/b0_r5_c10_l1000_i50_ps0_1_pt0_75_j10_3.stl,-1,-1,TO
../resources/benchmarks/random0/b0_r5_c10_l1000_i50_ps0_1_pt0_75_j10_4.stl,-1,-1,TO
../resources/benchmarks/random0/b0_r5_c10_l1000_i50_ps0_1_pt0_75_j10_5.stl,-1,-1,TO
../resources/benchmarks/random0/b0_r5_c10_l1000_i50_ps0_1_pt0_75_j5_1.stl,0.32,67442.4,sat
../resources/benchmarks/random0/b0_r5_c10_l1000_i50_ps0_1_pt0_75_j5_2.stl,0.082,60976.8,sat
../resources/benchmarks/random0/b0_r5_c10_l1000_i50_ps0_1_pt0_75_j5_3.stl,0.22,94792,sat
../resources/benchmarks/random0/b0_r5_c10_l1000_i50_ps0_1_pt0_75_j5_4.stl,0.666,100339.2,sat
../resources/benchmarks/random0/b0_r5_c10_l1000_i50_ps0_1_pt0_75_j5_5.stl,0.458,123659.2,sat
../resources/benchmarks/random0/b0_r5_c10_l1000_i50_ps0_1_pt0_95_j10_1.stl,-1,-1,TO
../resources/benchmarks/random0/b0_r5_c10_l1000_i50_ps0_1_pt0_95_j10_2.stl,0.02,32722.4,unsat
../resources/benchmarks/random0/b0_r5_c10_l1000_i50_ps0_1_pt0_95_j10_3.stl,-1,-1,TO
../resources/benchmarks/random0/b0_r5_c10_l1000_i50_ps0_1_pt0_95_j10_4.stl,-1,-1,TO
../resources/benchmarks/random0/b0_r5_c10_l1000_i50_ps0_1_pt0_95_j10_5.stl,-1,-1,TO
../resources/benchmarks/random0/b0_r5_c10_l1000_i50_ps0_1_pt0_95_j5_1.stl,0.012,32713.6,unsat
../resources/benchmarks/random0/b0_r5_c10_l1000_i50_ps0_1_pt0_95_j5_2.stl,-1,-1,TO
../resources/benchmarks/random0/b0_r5_c10_l1000_i50_ps0_1_pt0_95_j5_3.stl,0.0,7760.8,unsat
../resources/benchmarks/random0/b0_r5_c10_l1000_i50_ps0_1_pt0_95_j5_4.stl,0.032,48706.4,sat
../resources/benchmarks/random0/b0_r5_c10_l1000_i50_ps0_1_pt0_95_j5_5.stl,0.26,70522.4,sat
../resources/benchmarks/random0/b0_r5_c10_l1000_i50_ps0_25_pt0_33_j10_1.stl,0.12,39492.8,sat
../resources/benchmarks/random0/b0_r5_c10_l1000_i50_ps0_25_pt0_33_j10_2.stl,0.0,7817.6,unsat
../resources/benchmarks/random0/b0_r5_c10_l1000_i50_ps0_25_pt0_33_j10_3.stl,1.036,57303.2,sat
../resources/benchmarks/random0/b0_r5_c10_l1000_i50_ps0_25_pt0_33_j10_4.stl,0.06,33323.2,unsat
../resources/benchmarks/random0/b0_r5_c10_l1000_i50_ps0_25_pt0_33_j10_5.stl,0.04,47180.8,sat
../resources/benchmarks/random0/b0_r5_c10_l1000_i50_ps0_25_pt0_33_j5_1.stl,0.01,33636.8,sat
../resources/benchmarks/random0/b0_r5_c10_l1000_i50_ps0_25_pt0_33_j5_2.stl,0.0,7800,unsat
../resources/benchmarks/random0/b0_r5_c10_l1000_i50_ps0_25_pt0_33_j5_3.stl,0.01,32724,sat
../resources/benchmarks/random0/b0_r5_c10_l1000_i50_ps0_25_pt0_33_j5_4.stl,0.012,36104,sat
../resources/benchmarks/random0/b0_r5_c10_l1000_i50_ps0_25_pt0_33_j5_5.stl,0.02,40094.4,sat
../resources/benchmarks/random0/b0_r5_c10_l1000_i50_ps0_25_pt0_5_j10_1.stl,0.0,7812.8,unsat
../resources/benchmarks/random0/b0_r5_c10_l1000_i50_ps0_25_pt0_5_j10_2.stl,0.012,34586.4,sat
../resources/benchmarks/random0/b0_r5_c10_l1000_i50_ps0_25_pt0_5_j10_3.stl,0.0,7819.2,unsat
../resources/benchmarks/random0/b0_r5_c10_l1000_i50_ps0_25_pt0_5_j10_4.stl,0.0,7790.4,unsat
../resources/benchmarks/random0/b0_r5_c10_l1000_i50_ps0_25_pt0_5_j10_5.stl,0.0,7796.8,unsat
../resources/benchmarks/random0/b0_r5_c10_l1000_i50_ps0_25_pt0_5_j5_1.stl,0.0,7804.8,unsat
../resources/benchmarks/random0/b0_r5_c10_l1000_i50_ps0_25_pt0_5_j5_2.stl,0.044000000000000004,54212.8,sat
../resources/benchmarks/random0/b0_r5_c10_l1000_i50_ps0_25_pt0_5_j5_3.stl,0.06,45332,unsat
../resources/benchmarks/random0/b0_r5_c10_l1000_i50_ps0_25_pt0_5_j5_4.stl,0.108,46852.8,sat
../resources/benchmarks/random0/b0_r5_c10_l1000_i50_ps0_25_pt0_5_j5_5.stl,0.01,32422.4,unsat
../resources/benchmarks/random0/b0_r5_c10_l1000_i50_ps0_25_pt0_75_j10_1.stl,-1,-1,TO
../resources/benchmarks/random0/b0_r5_c10_l1000_i50_ps0_25_pt0_75_j10_2.stl,0.29,33333.6,unsat
../resources/benchmarks/random0/b0_r5_c10_l1000_i50_ps0_25_pt0_75_j10_3.stl,0.01,33044.8,unsat
../resources/benchmarks/random0/b0_r5_c10_l1000_i50_ps0_25_pt0_75_j10_4.stl,0.07200000000000001,54231.2,sat
../resources/benchmarks/random0/b0_r5_c10_l1000_i50_ps0_25_pt0_75_j10_5.stl,-1,-1,TO
../resources/benchmarks/random0/b0_r5_c10_l1000_i50_ps0_25_pt0_75_j5_1.stl,-1,-1,TO
../resources/benchmarks/random0/b0_r5_c10_l1000_i50_ps0_25_pt0_75_j5_2.stl,0.02,37315.2,sat
../resources/benchmarks/random0/b0_r5_c10_l1000_i50_ps0_25_pt0_75_j5_3.stl,0.01,31209.6,unsat
../resources/benchmarks/random0/b0_r5_c10_l1000_i50_ps0_25_pt0_75_j5_4.stl,0.01,31190.4,unsat
../resources/benchmarks/random0/b0_r5_c10_l1000_i50_ps0_25_pt0_75_j5_5.stl,0.03,37640,sat
../resources/benchmarks/random0/b0_r5_c10_l1000_i50_ps0_25_pt0_95_j10_1.stl,0.0,7808.8,unsat
../resources/benchmarks/random0/b0_r5_c10_l1000_i50_ps0_25_pt0_95_j10_2.stl,-1,-1,TO
../resources/benchmarks/random0/b0_r5_c10_l1000_i50_ps0_25_pt0_95_j10_3.stl,-1,-1,TO
../resources/benchmarks/random0/b0_r5_c10_l1000_i50_ps0_25_pt0_95_j10_4.stl,0.05,46543.2,sat
../resources/benchmarks/random0/b0_r5_c10_l1000_i50_ps0_25_pt0_95_j10_5.stl,-1,-1,TO
../resources/benchmarks/random0/b0_r5_c10_l1000_i50_ps0_25_pt0_95_j5_1.stl,0.17400000000000002,72992,sat
../resources/benchmarks/random0/b0_r5_c10_l1000_i50_ps0_25_pt0_95_j5_2.stl,0.03,48990.4,sat
../resources/benchmarks/random0/b0_r5_c10_l1000_i50_ps0_25_pt0_95_j5_3.stl,0.02,44704.8,sat
../resources/benchmarks/random0/b0_r5_c10_l1000_i50_ps0_25_pt0_95_j5_4.stl,0.09,48392.8,sat
../resources/benchmarks/random0/b0_r5_c10_l1000_i50_ps0_25_pt0_95_j5_5.stl,0.03,40418.4,sat
../resources/benchmarks/random0/b0_r5_c10_l1000_i50_ps0_2_pt0_33_j10_1.stl,15.984,53308,sat
../resources/benchmarks/random0/b0_r5_c10_l1000_i50_ps0_2_pt0_33_j10_2.stl,-1,-1,TO
../resources/benchmarks/random0/b0_r5_c10_l1000_i50_ps0_2_pt0_33_j10_3.stl,0.032,45316,sat
../resources/benchmarks/random0/b0_r5_c10_l1000_i50_ps0_2_pt0_33_j10_4.stl,-1,-1,TO
../resources/benchmarks/random0/b0_r5_c10_l1000_i50_ps0_2_pt0_33_j10_5.stl,0.01,33042.4,unsat
../resources/benchmarks/random0/b0_r5_c10_l1000_i50_ps0_2_pt0_33_j5_1.stl,-1,-1,TO
../resources/benchmarks/random0/b0_r5_c10_l1000_i50_ps0_2_pt0_33_j5_2.stl,0.012,33326.4,sat
../resources/benchmarks/random0/b0_r5_c10_l1000_i50_ps0_2_pt0_33_j5_3.stl,0.04,49932,sat
../resources/benchmarks/random0/b0_r5_c10_l1000_i50_ps0_2_pt0_33_j5_4.stl,0.01,33352,sat
../resources/benchmarks/random0/b0_r5_c10_l1000_i50_ps0_2_pt0_33_j5_5.stl,0.0,7800.8,unsat
../resources/benchmarks/random0/b0_r5_c10_l1000_i50_ps0_2_pt0_5_j10_1.stl,0.01,32710.4,unsat
../resources/benchmarks/random0/b0_r5_c10_l1000_i50_ps0_2_pt0_5_j10_2.stl,0.21,51166.4,sat
../resources/benchmarks/random0/b0_r5_c10_l1000_i50_ps0_2_pt0_5_j10_3.stl,0.01,32444.8,unsat
../resources/benchmarks/random0/b0_r5_c10_l1000_i50_ps0_2_pt0_5_j10_4.stl,-1,-1,TO
../resources/benchmarks/random0/b0_r5_c10_l1000_i50_ps0_2_pt0_5_j10_5.stl,0.0,7802.4,unsat
../resources/benchmarks/random0/b0_r5_c10_l1000_i50_ps0_2_pt0_5_j5_1.stl,0.036,43792.8,sat
../resources/benchmarks/random0/b0_r5_c10_l1000_i50_ps0_2_pt0_5_j5_2.stl,0.05,51478.4,sat
../resources/benchmarks/random0/b0_r5_c10_l1000_i50_ps0_2_pt0_5_j5_3.stl,0.0,7813.6,unsat
../resources/benchmarks/random0/b0_r5_c10_l1000_i50_ps0_2_pt0_5_j5_4.stl,0.01,33352,sat
../resources/benchmarks/random0/b0_r5_c10_l1000_i50_ps0_2_pt0_5_j5_5.stl,0.01,33040.8,sat
../resources/benchmarks/random0/b0_r5_c10_l1000_i50_ps0_2_pt0_75_j10_1.stl,-1,-1,TO
../resources/benchmarks/random0/b0_r5_c10_l1000_i50_ps0_2_pt0_75_j10_2.stl,-1,-1,TO
../resources/benchmarks/random0/b0_r5_c10_l1000_i50_ps0_2_pt0_75_j10_3.stl,0.11,55476.8,sat
../resources/benchmarks/random0/b0_r5_c10_l1000_i50_ps0_2_pt0_75_j10_4.stl,0.03,42863.2,sat
../resources/benchmarks/random0/b0_r5_c10_l1000_i50_ps0_2_pt0_75_j10_5.stl,0.01,32430.4,unsat
../resources/benchmarks/random0/b0_r5_c10_l1000_i50_ps0_2_pt0_75_j5_1.stl,0.03,46548.8,sat
../resources/benchmarks/random0/b0_r5_c10_l1000_i50_ps0_2_pt0_75_j5_2.stl,0.04,47164.8,sat
../resources/benchmarks/random0/b0_r5_c10_l1000_i50_ps0_2_pt0_75_j5_3.stl,0.01,33065.6,unsat
../resources/benchmarks/random0/b0_r5_c10_l1000_i50_ps0_2_pt0_75_j5_4.stl,-1,-1,TO
../resources/benchmarks/random0/b0_r5_c10_l1000_i50_ps0_2_pt0_75_j5_5.stl,0.038,46871.2,sat
../resources/benchmarks/random0/b0_r5_c10_l1000_i50_ps0_2_pt0_95_j10_1.stl,0.084,57617.6,sat
../resources/benchmarks/random0/b0_r5_c10_l1000_i50_ps0_2_pt0_95_j10_2.stl,-1,-1,TO
../resources/benchmarks/random0/b0_r5_c10_l1000_i50_ps0_2_pt0_95_j10_3.stl,0.01,33040,unsat
../resources/benchmarks/random0/b0_r5_c10_l1000_i50_ps0_2_pt0_95_j10_4.stl,-1,-1,TO
../resources/benchmarks/random0/b0_r5_c10_l1000_i50_ps0_2_pt0_95_j10_5.stl,-1,-1,TO
../resources/benchmarks/random0/b0_r5_c10_l1000_i50_ps0_2_pt0_95_j5_1.stl,0.01,32724,unsat
../resources/benchmarks/random0/b0_r5_c10_l1000_i50_ps0_2_pt0_95_j5_2.stl,0.242,42560,unsat
../resources/benchmarks/random0/b0_r5_c10_l1000_i50_ps0_2_pt0_95_j5_3.stl,0.03,41335.2,sat
../resources/benchmarks/random0/b0_r5_c10_l1000_i50_ps0_2_pt0_95_j5_4.stl,0.01,30888.8,unsat
../resources/benchmarks/random0/b0_r5_c10_l1000_i50_ps0_2_pt0_95_j5_5.stl,0.07,52725.6,sat
../resources/benchmarks/random0/b0_r5_c10_l100_i1000_ps0_05_pt0_33_j10_1.stl,-1,-1,TO
../resources/benchmarks/random0/b0_r5_c10_l100_i1000_ps0_05_pt0_33_j10_2.stl,-1,-1,TO
../resources/benchmarks/random0/b0_r5_c10_l100_i1000_ps0_05_pt0_33_j10_3.stl,-1,-1,TO
../resources/benchmarks/random0/b0_r5_c10_l100_i1000_ps0_05_pt0_33_j10_4.stl,-1,-1,TO
../resources/benchmarks/random0/b0_r5_c10_l100_i1000_ps0_05_pt0_33_j10_5.stl,-1,-1,TO
../resources/benchmarks/random0/b0_r5_c10_l100_i1000_ps0_05_pt0_33_j5_1.stl,-1,-1,TO
../resources/benchmarks/random0/b0_r5_c10_l100_i1000_ps0_05_pt0_33_j5_2.stl,-1,-1,TO
../resources/benchmarks/random0/b0_r5_c10_l100_i1000_ps0_05_pt0_33_j5_3.stl,0.40599999999999997,110163.2,sat
../resources/benchmarks/random0/b0_r5_c10_l100_i1000_ps0_05_pt0_33_j5_4.stl,-1,-1,TO
../resources/benchmarks/random0/b0_r5_c10_l100_i1000_ps0_05_pt0_33_j5_5.stl,4.498,181096.8,sat
../resources/benchmarks/random0/b0_r5_c10_l100_i1000_ps0_05_pt0_5_j10_1.stl,0.13,17027.2,unsat
../resources/benchmarks/random0/b0_r5_c10_l100_i1000_ps0_05_pt0_5_j10_2.stl,-1,-1,TO
../resources/benchmarks/random0/b0_r5_c10_l100_i1000_ps0_05_pt0_5_j10_3.stl,0.11,15460,unsat
../resources/benchmarks/random0/b0_r5_c10_l100_i1000_ps0_05_pt0_5_j10_4.stl,-1,-1,TO
../resources/benchmarks/random0/b0_r5_c10_l100_i1000_ps0_05_pt0_5_j10_5.stl,-1,-1,TO
../resources/benchmarks/random0/b0_r5_c10_l100_i1000_ps0_05_pt0_5_j5_1.stl,-1,-1,TO
../resources/benchmarks/random0/b0_r5_c10_l100_i1000_ps0_05_pt0_5_j5_2.stl,-1,-1,TO
../resources/benchmarks/random0/b0_r5_c10_l100_i1000_ps0_05_pt0_5_j5_3.stl,-1,-1,TO
../resources/benchmarks/random0/b0_r5_c10_l100_i1000_ps0_05_pt0_5_j5_4.stl,0.228,52992,sat
../resources/benchmarks/random0/b0_r5_c10_l100_i1000_ps0_05_pt0_5_j5_5.stl,-1,-1,TO
../resources/benchmarks/random0/b0_r5_c10_l100_i1000_ps0_05_pt0_75_j10_1.stl,-1,-1,TO
../resources/benchmarks/random0/b0_r5_c10_l100_i1000_ps0_05_pt0_75_j10_2.stl,0.11,15484,unsat
../resources/benchmarks/random0/b0_r5_c10_l100_i1000_ps0_05_pt0_75_j10_3.stl,0.11,15485.6,unsat
../resources/benchmarks/random0/b0_r5_c10_l100_i1000_ps0_05_pt0_75_j10_4.stl,-1,-1,TO
../resources/benchmarks/random0/b0_r5_c10_l100_i1000_ps0_05_pt0_75_j10_5.stl,-1,-1,TO
../resources/benchmarks/random0/b0_r5_c10_l100_i1000_ps0_05_pt0_75_j5_1.stl,0.778,175302.4,sat
../resources/benchmarks/random0/b0_r5_c10_l100_i1000_ps0_05_pt0_75_j5_2.stl,-1,-1,TO
../resources/benchmarks/random0/b0_r5_c10_l100_i1000_ps0_05_pt0_75_j5_3.stl,-1,-1,TO
../resources/benchmarks/random0/b0_r5_c10_l100_i1000_ps0_05_pt0_75_j5_4.stl,0.354,101846.4,sat
../resources/benchmarks/random0/b0_r5_c10_l100_i1000_ps0_05_pt0_75_j5_5.stl,-1,-1,TO
../resources/benchmarks/random0/b0_r5_c10_l100_i1000_ps0_05_pt0_95_j10_1.stl,-1,-1,TO
../resources/benchmarks/random0/b0_r5_c10_l100_i1000_ps0_05_pt0_95_j10_2.stl,-1,-1,TO
../resources/benchmarks/random0/b0_r5_c10_l100_i1000_ps0_05_pt0_95_j10_3.stl,-1,-1,TO
../resources/benchmarks/random0/b0_r5_c10_l100_i1000_ps0_05_pt0_95_j10_4.stl,-1,-1,TO
../resources/benchmarks/random0/b0_r5_c10_l100_i1000_ps0_05_pt0_95_j10_5.stl,0.198,24689.6,unsat
../resources/benchmarks/random0/b0_r5_c10_l100_i1000_ps0_05_pt0_95_j5_1.stl,-1,-1,TO
../resources/benchmarks/random0/b0_r5_c10_l100_i1000_ps0_05_pt0_95_j5_2.stl,3.026,453898.4,sat
../resources/benchmarks/random0/b0_r5_c10_l100_i1000_ps0_05_pt0_95_j5_3.stl,-1,-1,TO
../resources/benchmarks/random0/b0_r5_c10_l100_i1000_ps0_05_pt0_95_j5_4.stl,-1,-1,TO
../resources/benchmarks/random0/b0_r5_c10_l100_i1000_ps0_05_pt0_95_j5_5.stl,-1,-1,TO
../resources/benchmarks/random0/b0_r5_c10_l100_i1000_ps0_15_pt0_33_j10_1.stl,0.242,64075.2,sat
../resources/benchmarks/random0/b0_r5_c10_l100_i1000_ps0_15_pt0_33_j10_2.stl,0.01,33033.6,unsat
../resources/benchmarks/random0/b0_r5_c10_l100_i1000_ps0_15_pt0_33_j10_3.stl,0.29,59172,sat
../resources/benchmarks/random0/b0_r5_c10_l100_i1000_ps0_15_pt0_33_j10_4.stl,0.0,7830.4,unsat
../resources/benchmarks/random0/b0_r5_c10_l100_i1000_ps0_15_pt0_33_j10_5.stl,-1,-1,TO
../resources/benchmarks/random0/b0_r5_c10_l100_i1000_ps0_15_pt0_33_j5_1.stl,0.062,71747.2,sat
../resources/benchmarks/random0/b0_r5_c10_l100_i1000_ps0_15_pt0_33_j5_2.stl,-1,-1,TO
../resources/benchmarks/random0/b0_r5_c10_l100_i1000_ps0_15_pt0_33_j5_3.stl,0.064,74207.2,sat
../resources/benchmarks/random0/b0_r5_c10_l100_i1000_ps0_15_pt0_33_j5_4.stl,-1,-1,TO
../resources/benchmarks/random0/b0_r5_c10_l100_i1000_ps0_15_pt0_33_j5_5.stl,0.01,30876.8,unsat
../resources/benchmarks/random0/b0_r5_c10_l100_i1000_ps0_15_pt0_5_j10_1.stl,0.01,32381.6,unsat
../resources/benchmarks/random0/b0_r5_c10_l100_i1000_ps0_15_pt0_5_j10_2.stl,0.01,32738.4,unsat
../resources/benchmarks/random0/b0_r5_c10_l100_i1000_ps0_15_pt0_5_j10_3.stl,7.136,78815.2,sat
../resources/benchmarks/random0/b0_r5_c10_l100_i1000_ps0_15_pt0_5_j10_4.stl,3.14,51159.2,sat
../resources/benchmarks/random0/b0_r5_c10_l100_i1000_ps0_15_pt0_5_j10_5.stl,1.066,65304.8,sat
../resources/benchmarks/random0/b0_r5_c10_l100_i1000_ps0_15_pt0_5_j5_1.stl,0.01,33060.8,sat
../resources/benchmarks/random0/b0_r5_c10_l100_i1000_ps0_15_pt0_5_j5_2.stl,0.014,34871.2,sat
../resources/benchmarks/random0/b0_r5_c10_l100_i1000_ps0_15_pt0_5_j5_3.stl,0.01,33934.4,sat
../resources/benchmarks/random0/b0_r5_c10_l100_i1000_ps0_15_pt0_5_j5_4.stl,0.05,61924,sat
../resources/benchmarks/random0/b0_r5_c10_l100_i1000_ps0_15_pt0_5_j5_5.stl,0.5,55796.8,sat
../resources/benchmarks/random0/b0_r5_c10_l100_i1000_ps0_15_pt0_75_j10_1.stl,-1,-1,TO
../resources/benchmarks/random0/b0_r5_c10_l100_i1000_ps0_15_pt0_75_j10_2.stl,-1,-1,TO
../resources/benchmarks/random0/b0_r5_c10_l100_i1000_ps0_15_pt0_75_j10_3.stl,-1,-1,TO
../resources/benchmarks/random0/b0_r5_c10_l100_i1000_ps0_15_pt0_75_j10_4.stl,2.718,57629.6,unsat
../resources/benchmarks/random0/b0_r5_c10_l100_i1000_ps0_15_pt0_75_j10_5.stl,88.93599999999999,115994.4,sat
../resources/benchmarks/random0/b0_r5_c10_l100_i1000_ps0_15_pt0_75_j5_1.stl,0.222,71744,sat
../resources/benchmarks/random0/b0_r5_c10_l100_i1000_ps0_15_pt0_75_j5_2.stl,0.02,35789.6,sat
../resources/benchmarks/random0/b0_r5_c10_l100_i1000_ps0_15_pt0_75_j5_3.stl,0.01,33316.8,sat
../resources/benchmarks/random0/b0_r5_c10_l100_i1000_ps0_15_pt0_75_j5_4.stl,0.02,37943.2,sat
../resources/benchmarks/random0/b0_r5_c10_l100_i1000_ps0_15_pt0_75_j5_5.stl,0.0,7792.8,unsat
../resources/benchmarks/random0/b0_r5_c10_l100_i1000_ps0_15_pt0_95_j10_1.stl,3.732,128575.2,sat
../resources/benchmarks/random0/b0_r5_c10_l100_i1000_ps0_15_pt0_95_j10_2.stl,-1,-1,TO
../resources/benchmarks/random0/b0_r5_c10_l100_i1000_ps0_15_pt0_95_j10_3.stl,-1,-1,TO
../resources/benchmarks/random0/b0_r5_c10_l100_i1000_ps0_15_pt0_95_j10_4.stl,-1,-1,TO
../resources/benchmarks/random0/b0_r5_c10_l100_i1000_ps0_15_pt0_95_j10_5.stl,-1,-1,TO
../resources/benchmarks/random0/b0_r5_c10_l100_i1000_ps0_15_pt0_95_j5_1.stl,0.0,7786.4,unsat
../resources/benchmarks/random0/b0_r5_c10_l100_i1000_ps0_15_pt0_95_j5_2.stl,-1,-1,TO
../resources/benchmarks/random0/b0_r5_c10_l100_i1000_ps0_15_pt0_95_j5_3.stl,0.242,56373.6,sat
../resources/benchmarks/random0/b0_r5_c10_l100_i1000_ps0_15_pt0_95_j5_4.stl,0.092,67140,sat
../resources/benchmarks/random0/b0_r5_c10_l100_i1000_ps0_15_pt0_95_j5_5.stl,0.18,69938.4,sat
../resources/benchmarks/random0/b0_r5_c10_l100_i1000_ps0_1_pt0_33_j10_1.stl,0.02,33346.4,unsat
../resources/benchmarks/random0/b0_r5_c10_l100_i1000_ps0_1_pt0_33_j10_2.stl,0.17,73602.4,sat
../resources/benchmarks/random0/b0_r5_c10_l100_i1000_ps0_1_pt0_33_j10_3.stl,-1,-1,TO
../resources/benchmarks/random0/b0_r5_c10_l100_i1000_ps0_1_pt0_33_j10_4.stl,1.046,131336.8,sat
../resources/benchmarks/random0/b0_r5_c10_l100_i1000_ps0_1_pt0_33_j10_5.stl,0.07,47780,sat
../resources/benchmarks/random0/b0_r5_c10_l100_i1000_ps0_1_pt0_33_j5_1.stl,0.01,9336.8,sat
../resources/benchmarks/random0/b0_r5_c10_l100_i1000_ps0_1_pt0_33_j5_2.stl,0.01,9328,unsat
../resources/benchmarks/random0/b0_r5_c10_l100_i1000_ps0_1_pt0_33_j5_3.stl,0.03,17006.4,sat
../resources/benchmarks/random0/b0_r5_c10_l100_i1000_ps0_1_pt0_33_j5_4.stl,0.07,15469.6,sat
../resources/benchmarks/random0/b0_r5_c10_l100_i1000_ps0_1_pt0_33_j5_5.stl,-1,-1,TO
../resources/benchmarks/random0/b0_r5_c10_l100_i1000_ps0_1_pt0_5_j10_1.stl,-1,-1,TO
../resources/benchmarks/random0/b0_r5_c10_l100_i1000_ps0_1_pt0_5_j10_2.stl,15.792,127625.6,sat
../resources/benchmarks/random0/b0_r5_c10_l100_i1000_ps0_1_pt0_5_j10_3.stl,0.0,7796,unsat
../resources/benchmarks/random0/b0_r5_c10_l100_i1000_ps0_1_pt0_5_j10_4.stl,-1,-1,TO
../resources/benchmarks/random0/b0_r5_c10_l100_i1000_ps0_1_pt0_5_j10_5.stl,-1,-1,TO
../resources/benchmarks/random0/b0_r5_c10_l100_i1000_ps0_1_pt0_5_j5_1.stl,-1,-1,TO
../resources/benchmarks/random0/b0_r5_c10_l100_i1000_ps0_1_pt0_5_j5_2.stl,-1,-1,TO
../resources/benchmarks/random0/b0_r5_c10_l100_i1000_ps0_1_pt0_5_j5_3.stl,-1,-1,TO
../resources/benchmarks/random0/b0_r5_c10_l100_i1000_ps0_1_pt0_5_j5_4.stl,21.79,49890.4,sat
../resources/benchmarks/random0/b0_r5_c10_l100_i1000_ps0_1_pt0_5_j5_5.stl,4.93,19748.8,sat
../resources/benchmarks/random0/b0_r5_c10_l100_i1000_ps0_1_pt0_75_j10_1.stl,-1,-1,TO
../resources/benchmarks/random0/b0_r5_c10_l100_i1000_ps0_1_pt0_75_j10_2.stl,1.422,191243.2,sat
../resources/benchmarks/random0/b0_r5_c10_l100_i1000_ps0_1_pt0_75_j10_3.stl,-1,-1,TO
../resources/benchmarks/random0/b0_r5_c10_l100_i1000_ps0_1_pt0_75_j10_4.stl,3.476,39792.8,unsat
../resources/benchmarks/random0/b0_r5_c10_l100_i1000_ps0_1_pt0_75_j10_5.stl,0.15,53655.2,sat
../resources/benchmarks/random0/b0_r5_c10_l100_i1000_ps0_1_pt0_75_j5_1.stl,0.012,33644,sat
../resources/benchmarks/random0/b0_r5_c10_l100_i1000_ps0_1_pt0_75_j5_2.stl,0.384,102460,sat
../resources/benchmarks/random0/b0_r5_c10_l100_i1000_ps0_1_pt0_75_j5_3.stl,0.1,76956.8,sat
../resources/benchmarks/random0/b0_r5_c10_l100_i1000_ps0_1_pt0_75_j5_4.stl,1.2,85536.8,sat
../resources/benchmarks/random0/b0_r5_c10_l100_i1000_ps0_1_pt0_75_j5_5.stl,0.33,84034.4,sat
../resources/benchmarks/random0/b0_r5_c10_l100_i1000_ps0_1_pt0_95_j10_1.stl,-1,-1,TO
../resources/benchmarks/random0/b0_r5_c10_l100_i1000_ps0_1_pt0_95_j10_2.stl,-1,-1,TO
../resources/benchmarks/random0/b0_r5_c10_l100_i1000_ps0_1_pt0_95_j10_3.stl,0.02,32458.4,unsat
../resources/benchmarks/random0/b0_r5_c10_l100_i1000_ps0_1_pt0_95_j10_4.stl,-1,-1,TO
../resources/benchmarks/random0/b0_r5_c10_l100_i1000_ps0_1_pt0_95_j10_5.stl,-1,-1,TO
../resources/benchmarks/random0/b0_r5_c10_l100_i1000_ps0_1_pt0_95_j5_1.stl,0.646,86517.6,sat
../resources/benchmarks/random0/b0_r5_c10_l100_i1000_ps0_1_pt0_95_j5_2.stl,-1,-1,TO
../resources/benchmarks/random0/b0_r5_c10_l100_i1000_ps0_1_pt0_95_j5_3.stl,-1,-1,TO
../resources/benchmarks/random0/b0_r5_c10_l100_i1000_ps0_1_pt0_95_j5_4.stl,0.448,167589.6,sat
../resources/benchmarks/random0/b0_r5_c10_l100_i1000_ps0_1_pt0_95_j5_5.stl,0.24,76668,sat
../resources/benchmarks/random0/b0_r5_c10_l100_i1000_ps0_25_pt0_33_j10_1.stl,0.112,33052,unsat
../resources/benchmarks/random0/b0_r5_c10_l100_i1000_ps0_25_pt0_33_j10_2.stl,0.01,33035.2,unsat
../resources/benchmarks/random0/b0_r5_c10_l100_i1000_ps0_25_pt0_33_j10_3.stl,0.01,33344.8,unsat
../resources/benchmarks/random0/b0_r5_c10_l100_i1000_ps0_25_pt0_33_j10_4.stl,0.03,42546.4,sat
../resources/benchmarks/random0/b0_r5_c10_l100_i1000_ps0_25_pt0_33_j10_5.stl,0.0,7787.2,unsat
../resources/benchmarks/random0/b0_r5_c10_l100_i1000_ps0_25_pt0_33_j5_1.stl,-1,-1,TO
../resources/benchmarks/random0/b0_r5_c10_l100_i1000_ps0_25_pt0_33_j5_2.stl,0.012,33337.6,sat
../resources/benchmarks/random0/b0_r5_c10_l100_i1000_ps0_25_pt0_33_j5_3.stl,0.04,44088.8,sat
../resources/benchmarks/random0/b0_r5_c10_l100_i1000_ps0_25_pt0_33_j5_4.stl,0.052000000000000005,51196,sat
../resources/benchmarks/random0/b0_r5_c10_l100_i1000_ps0_25_pt0_33_j5_5.stl,0.01,32732,sat
../resources/benchmarks/random0/b0_r5_c10_l100_i1000_ps0_25_pt0_5_j10_1.stl,0.05,49632,sat
../resources/benchmarks/random0/b0_r5_c10_l100_i1000_ps0_25_pt0_5_j10_2.stl,0.057999999999999996,32429.6,unsat
../resources/benchmarks/random0/b0_r5_c10_l100_i1000_ps0_25_pt0_5_j10_3.stl,0.02,41960,sat
../resources/benchmarks/random0/b0_r5_c10_l100_i1000_ps0_25_pt0_5_j10_4.stl,0.452,33052.8,unsat
../resources/benchmarks/random0/b0_r5_c10_l100_i1000_ps0_25_pt0_5_j10_5.stl,0.03,50859.2,sat
../resources/benchmarks/random0/b0_r5_c10_l100_i1000_ps0_25_pt0_5_j5_1.stl,0.05,64058.4,sat
../resources/benchmarks/random0/b0_r5_c10_l100_i1000_ps0_25_pt0_5_j5_2.stl,0.192,54544.8,sat
../resources/benchmarks/random0/b0_r5_c10_l100_i1000_ps0_25_pt0_5_j5_3.stl,0.02,42874.4,sat
../resources/benchmarks/random0/b0_r5_c10_l100_i1000_ps0_25_pt0_5_j5_4.stl,0.06,68060.8,sat
../resources/benchmarks/random0/b0_r5_c10_l100_i1000_ps0_25_pt0_5_j5_5.stl,0.05,53032.8,sat
../resources/benchmarks/random0/b0_r5_c10_l100_i1000_ps0_25_pt0_75_j10_1.stl,0.01,32724,unsat
../resources/benchmarks/random0/b0_r5_c10_l100_i1000_ps0_25_pt0_75_j10_2.stl,0.08,62528,sat
../resources/benchmarks/random0/b0_r5_c10_l100_i1000_ps0_25_pt0_75_j10_3.stl,0.04,57915.2,sat
../resources/benchmarks/random0/b0_r5_c10_l100_i1000_ps0_25_pt0_75_j10_4.stl,0.04,55156.8,sat
../resources/benchmarks/random0/b0_r5_c10_l100_i1000_ps0_25_pt0_75_j10_5.stl,14.518,66238.4,unsat
../resources/benchmarks/random0/b0_r5_c10_l100_i1000_ps0_25_pt0_75_j5_1.stl,0.0,7777.6,unsat
../resources/benchmarks/random0/b0_r5_c10_l100_i1000_ps0_25_pt0_75_j5_2.stl,0.04,61937.6,sat
../resources/benchmarks/random0/b0_r5_c10_l100_i1000_ps0_25_pt0_75_j5_3.stl,0.04,62243.2,sat
../resources/benchmarks/random0/b0_r5_c10_l100_i1000_ps0_25_pt0_75_j5_4.stl,0.01,32720.8,sat
../resources/benchmarks/random0/b0_r5_c10_l100_i1000_ps0_25_pt0_75_j5_5.stl,-1,-1,TO
../resources/benchmarks/random0/b0_r5_c10_l100_i1000_ps0_25_pt0_95_j10_1.stl,0.2,71427.2,sat
../resources/benchmarks/random0/b0_r5_c10_l100_i1000_ps0_25_pt0_95_j10_2.stl,-1,-1,TO
../resources/benchmarks/random0/b0_r5_c10_l100_i1000_ps0_25_pt0_95_j10_3.stl,-1,-1,TO
../resources/benchmarks/random0/b0_r5_c10_l100_i1000_ps0_25_pt0_95_j10_4.stl,-1,-1,TO
../resources/benchmarks/random0/b0_r5_c10_l100_i1000_ps0_25_pt0_95_j10_5.stl,5.434,45636,unsat
../resources/benchmarks/random0/b0_r5_c10_l100_i1000_ps0_25_pt0_95_j5_1.stl,0.0,9316.8,sat
../resources/benchmarks/random0/b0_r5_c10_l100_i1000_ps0_25_pt0_95_j5_2.stl,0.158,80362.4,sat
../resources/benchmarks/random0/b0_r5_c10_l100_i1000_ps0_25_pt0_95_j5_3.stl,0.05,51471.2,sat
../resources/benchmarks/random0/b0_r5_c10_l100_i1000_ps0_25_pt0_95_j5_4.stl,0.06,71735.2,sat
../resources/benchmarks/random0/b0_r5_c10_l100_i1000_ps0_25_pt0_95_j5_5.stl,0.02,37356,sat
../resources/benchmarks/random0/b0_r5_c10_l100_i1000_ps0_2_pt0_33_j10_1.stl,0.0,7806.4,unsat
../resources/benchmarks/random0/b0_r5_c10_l100_i1000_ps0_2_pt0_33_j10_2.stl,0.088,66859.2,sat
../resources/benchmarks/random0/b0_r5_c10_l100_i1000_ps0_2_pt0_33_j10_3.stl,0.0,7786.4,unsat
../resources/benchmarks/random0/b0_r5_c10_l100_i1000_ps0_2_pt0_33_j10_4.stl,0.64,34253.6,sat
../resources/benchmarks/random0/b0_r5_c10_l100_i1000_ps0_2_pt0_33_j10_5.stl,0.076,57632.8,sat
../resources/benchmarks/random0/b0_r5_c10_l100_i1000_ps0_2_pt0_33_j5_1.stl,0.05,57312.8,sat
../resources/benchmarks/random0/b0_r5_c10_l100_i1000_ps0_2_pt0_33_j5_2.stl,0.05,68339.2,sat
../resources/benchmarks/random0/b0_r5_c10_l100_i1000_ps0_2_pt0_33_j5_3.stl,0.01,33643.2,sat
../resources/benchmarks/random0/b0_r5_c10_l100_i1000_ps0_2_pt0_33_j5_4.stl,0.02,37662.4,sat
../resources/benchmarks/random0/b0_r5_c10_l100_i1000_ps0_2_pt0_33_j5_5.stl,0.0,7806.4,unsat
../resources/benchmarks/random0/b0_r5_c10_l100_i1000_ps0_2_pt0_5_j10_1.stl,0.0,7783.2,unsat
../resources/benchmarks/random0/b0_r5_c10_l100_i1000_ps0_2_pt0_5_j10_2.stl,0.076,60675.2,sat
../resources/benchmarks/random0/b0_r5_c10_l100_i1000_ps0_2_pt0_5_j10_3.stl,1.926,105224.8,sat
../resources/benchmarks/random0/b0_r5_c10_l100_i1000_ps0_2_pt0_5_j10_4.stl,0.18,76345.6,sat
../resources/benchmarks/random0/b0_r5_c10_l100_i1000_ps0_2_pt0_5_j10_5.stl,0.0,7834.4,unsat
../resources/benchmarks/random0/b0_r5_c10_l100_i1000_ps0_2_pt0_5_j5_1.stl,0.01,32733.6,sat
../resources/benchmarks/random0/b0_r5_c10_l100_i1000_ps0_2_pt0_5_j5_2.stl,-1,-1,TO
../resources/benchmarks/random0/b0_r5_c10_l100_i1000_ps0_2_pt0_5_j5_3.stl,0.146,69888,sat
../resources/benchmarks/random0/b0_r5_c10_l100_i1000_ps0_2_pt0_5_j5_4.stl,0.02,44082.4,sat
../resources/benchmarks/random0/b0_r5_c10_l100_i1000_ps0_2_pt0_5_j5_5.stl,0.08,72993.6,sat
../resources/benchmarks/random0/b0_r5_c10_l100_i1000_ps0_2_pt0_75_j10_1.stl,-1,-1,TO
../resources/benchmarks/random0/b0_r5_c10_l100_i1000_ps0_2_pt0_75_j10_2.stl,0.082,66827.2,sat
../resources/benchmarks/random0/b0_r5_c10_l100_i1000_ps0_2_pt0_75_j10_3.stl,-1,-1,TO
../resources/benchmarks/random0/b0_r5_c10_l100_i1000_ps0_2_pt0_75_j10_4.stl,-1,-1,TO
../resources/benchmarks/random0/b0_r5_c10_l100_i1000_ps0_2_pt0_75_j10_5.stl,-1,-1,TO
../resources/benchmarks/random0/b0_r5_c10_l100_i1000_ps0_2_pt0_75_j5_1.stl,0.09,64086.4,sat
../resources/benchmarks/random0/b0_r5_c10_l100_i1000_ps0_2_pt0_75_j5_2.stl,0.057999999999999996,57926.4,sat
../resources/benchmarks/random0/b0_r5_c10_l100_i1000_ps0_2_pt0_75_j5_3.stl,1.2,83105.6,sat
../resources/benchmarks/random0/b0_r5_c10_l100_i1000_ps0_2_pt0_75_j5_4.stl,0.01,33055.2,sat
../resources/benchmarks/random0/b0_r5_c10_l100_i1000_ps0_2_pt0_75_j5_5.stl,0.0,7815.2,unsat
../resources/benchmarks/random0/b0_r5_c10_l100_i1000_ps0_2_pt0_95_j10_1.stl,-1,-1,TO
../resources/benchmarks/random0/b0_r5_c10_l100_i1000_ps0_2_pt0_95_j10_2.stl,0.02,33345.6,unsat
../resources/benchmarks/random0/b0_r5_c10_l100_i1000_ps0_2_pt0_95_j10_3.stl,-1,-1,TO
../resources/benchmarks/random0/b0_r5_c10_l100_i1000_ps0_2_pt0_95_j10_4.stl,-1,-1,TO
../resources/benchmarks/random0/b0_r5_c10_l100_i1000_ps0_2_pt0_95_j10_5.stl,-1,-1,TO
../resources/benchmarks/random0/b0_r5_c10_l100_i1000_ps0_2_pt0_95_j5_1.stl,0.1,49007.2,sat
../resources/benchmarks/random0/b0_r5_c10_l100_i1000_ps0_2_pt0_95_j5_2.stl,0.22,76045.6,sat
../resources/benchmarks/random0/b0_r5_c10_l100_i1000_ps0_2_pt0_95_j5_3.stl,0.784,75118.4,sat
../resources/benchmarks/random0/b0_r5_c10_l100_i1000_ps0_2_pt0_95_j5_4.stl,0.122,72971.2,sat
../resources/benchmarks/random0/b0_r5_c10_l100_i1000_ps0_2_pt0_95_j5_5.stl,0.09,43793.6,sat
../resources/benchmarks/random0/b0_r5_c10_l100_i50_ps0_05_pt0_33_j10_1.stl,-1,-1,TO
../resources/benchmarks/random0/b0_r5_c10_l100_i50_ps0_05_pt0_33_j10_2.stl,-1,-1,TO
../resources/benchmarks/random0/b0_r5_c10_l100_i50_ps0_05_pt0_33_j10_3.stl,-1,-1,TO
../resources/benchmarks/random0/b0_r5_c10_l100_i50_ps0_05_pt0_33_j10_4.stl,0.11,15481.6,unsat
../resources/benchmarks/random0/b0_r5_c10_l100_i50_ps0_05_pt0_33_j10_5.stl,-1,-1,TO
../resources/benchmarks/random0/b0_r5_c10_l100_i50_ps0_05_pt0_33_j5_1.stl,2.74,201716,sat
../resources/benchmarks/random0/b0_r5_c10_l100_i50_ps0_05_pt0_33_j5_2.stl,-1,-1,TO
../resources/benchmarks/random0/b0_r5_c10_l100_i50_ps0_05_pt0_33_j5_3.stl,-1,-1,TO
../resources/benchmarks/random0/b0_r5_c10_l100_i50_ps0_05_pt0_33_j5_4.stl,-1,-1,TO
../resources/benchmarks/random0/b0_r5_c10_l100_i50_ps0_05_pt0_33_j5_5.stl,-1,-1,TO
../resources/benchmarks/random0/b0_r5_c10_l100_i50_ps0_05_pt0_5_j10_1.stl,-1,-1,TO
../resources/benchmarks/random0/b0_r5_c10_l100_i50_ps0_05_pt0_5_j10_2.stl,-1,-1,TO
../resources/benchmarks/random0/b0_r5_c10_l100_i50_ps0_05_pt0_5_j10_3.stl,0.26,43521.6,unsat
../resources/benchmarks/random0/b0_r5_c10_l100_i50_ps0_05_pt0_5_j10_4.stl,-1,-1,TO
../resources/benchmarks/random0/b0_r5_c10_l100_i50_ps0_05_pt0_5_j10_5.stl,-1,-1,TO
../resources/benchmarks/random0/b0_r5_c10_l100_i50_ps0_05_pt0_5_j5_1.stl,-1,-1,TO
../resources/benchmarks/random0/b0_r5_c10_l100_i50_ps0_05_pt0_5_j5_2.stl,-1,-1,TO
../resources/benchmarks/random0/b0_r5_c10_l100_i50_ps0_05_pt0_5_j5_3.stl,-1,-1,TO
../resources/benchmarks/random0/b0_r5_c10_l100_i50_ps0_05_pt0_5_j5_4.stl,-1,-1,TO
../resources/benchmarks/random0/b0_r5_c10_l100_i50_ps0_05_pt0_5_j5_5.stl,0.636,102155.2,sat
../resources/benchmarks/random0/b0_r5_c10_l100_i50_ps0_05_pt0_75_j10_1.stl,-1,-1,TO
../resources/benchmarks/random0/b0_r5_c10_l100_i50_ps0_05_pt0_75_j10_2.stl,-1,-1,TO
../resources/benchmarks/random0/b0_r5_c10_l100_i50_ps0_05_pt0_75_j10_3.stl,-1,-1,TO
../resources/benchmarks/random0/b0_r5_c10_l100_i50_ps0_05_pt0_75_j10_4.stl,-1,-1,TO
../resources/benchmarks/random0/b0_r5_c10_l100_i50_ps0_05_pt0_75_j10_5.stl,0.08,13927.2,unsat
../resources/benchmarks/random0/b0_r5_c10_l100_i50_ps0_05_pt0_75_j5_1.stl,0.02,10888.8,unsat
../resources/benchmarks/random0/b0_r5_c10_l100_i50_ps0_05_pt0_75_j5_2.stl,-1,-1,TO
../resources/benchmarks/random0/b0_r5_c10_l100_i50_ps0_05_pt0_75_j5_3.stl,-1,-1,TO
../resources/benchmarks/random0/b0_r5_c10_l100_i50_ps0_05_pt0_75_j5_4.stl,-1,-1,TO
../resources/benchmarks/random0/b0_r5_c10_l100_i50_ps0_05_pt0_75_j5_5.stl,-1,-1,TO
../resources/benchmarks/random0/b0_r5_c10_l100_i50_ps0_05_pt0_95_j10_1.stl,-1,-1,TO
../resources/benchmarks/random0/b0_r5_c10_l100_i50_ps0_05_pt0_95_j10_2.stl,-1,-1,TO
../resources/benchmarks/random0/b0_r5_c10_l100_i50_ps0_05_pt0_95_j10_3.stl,-1,-1,TO
../resources/benchmarks/random0/b0_r5_c10_l100_i50_ps0_05_pt0_95_j10_4.stl,-1,-1,TO
../resources/benchmarks/random0/b0_r5_c10_l100_i50_ps0_05_pt0_95_j10_5.stl,-1,-1,TO
../resources/benchmarks/random0/b0_r5_c10_l100_i50_ps0_05_pt0_95_j5_1.stl,-1,-1,TO
../resources/benchmarks/random0/b0_r5_c10_l100_i50_ps0_05_pt0_95_j5_2.stl,-1,-1,TO
../resources/benchmarks/random0/b0_r5_c10_l100_i50_ps0_05_pt0_95_j5_3.stl,0.062,13922.4,unsat
../resources/benchmarks/random0/b0_r5_c10_l100_i50_ps0_05_pt0_95_j5_4.stl,-1,-1,TO
../resources/benchmarks/random0/b0_r5_c10_l100_i50_ps0_05_pt0_95_j5_5.stl,-1,-1,TO
../resources/benchmarks/random0/b0_r5_c10_l100_i50_ps0_15_pt0_33_j10_1.stl,1.082,34568.8,unsat
../resources/benchmarks/random0/b0_r5_c10_l100_i50_ps0_15_pt0_33_j10_2.stl,0.526,80372.8,sat
../resources/benchmarks/random0/b0_r5_c10_l100_i50_ps0_15_pt0_33_j10_3.stl,0.0,7808,unsat
../resources/benchmarks/random0/b0_r5_c10_l100_i50_ps0_15_pt0_33_j10_4.stl,0.156,60667.2,sat
../resources/benchmarks/random0/b0_r5_c10_l100_i50_ps0_15_pt0_33_j10_5.stl,0.222,57341.6,sat
../resources/benchmarks/random0/b0_r5_c10_l100_i50_ps0_15_pt0_33_j5_1.stl,0.02,36716,sat
../resources/benchmarks/random0/b0_r5_c10_l100_i50_ps0_15_pt0_33_j5_2.stl,0.01,33036.8,sat
../resources/benchmarks/random0/b0_r5_c10_l100_i50_ps0_15_pt0_33_j5_3.stl,0.01,33354.4,sat
../resources/benchmarks/random0/b0_r5_c10_l100_i50_ps0_15_pt0_33_j5_4.stl,0.054,57630.4,sat
../resources/benchmarks/random0/b0_r5_c10_l100_i50_ps0_15_pt0_33_j5_5.stl,-1,-1,TO
../resources/benchmarks/random0/b0_r5_c10_l100_i50_ps0_15_pt0_5_j10_1.stl,0.19,51783.2,sat
../resources/benchmarks/random0/b0_r5_c10_l100_i50_ps0_15_pt0_5_j10_2.stl,0.01,32740,unsat
../resources/benchmarks/random0/b0_r5_c10_l100_i50_ps0_15_pt0_5_j10_3.stl,-1,-1,TO
../resources/benchmarks/random0/b0_r5_c10_l100_i50_ps0_15_pt0_5_j10_4.stl,0.0,7795.2,unsat
../resources/benchmarks/random0/b0_r5_c10_l100_i50_ps0_15_pt0_5_j10_5.stl,0.0,7833.6,unsat
../resources/benchmarks/random0/b0_r5_c10_l100_i50_ps0_15_pt0_5_j5_1.stl,0.02,34576,unsat
../resources/benchmarks/random0/b0_r5_c10_l100_i50_ps0_15_pt0_5_j5_2.stl,0.01,33328,unsat
../resources/benchmarks/random0/b0_r5_c10_l100_i50_ps0_15_pt0_5_j5_3.stl,0.41,65888,sat
../resources/benchmarks/random0/b0_r5_c10_l100_i50_ps0_15_pt0_5_j5_4.stl,0.02,36425.6,sat
../resources/benchmarks/random0/b0_r5_c10_l100_i50_ps0_15_pt0_5_j5_5.stl,-1,-1,TO
../resources/benchmarks/random0/b0_r5_c10_l100_i50_ps0_15_pt0_75_j10_1.stl,22.168,100033.6,sat
../resources/benchmarks/random0/b0_r5_c10_l100_i50_ps0_15_pt0_75_j10_2.stl,-1,-1,TO
../resources/benchmarks/random0/b0_r5_c10_l100_i50_ps0_15_pt0_75_j10_3.stl,-1,-1,TO
../resources/benchmarks/random0/b0_r5_c10_l100_i50_ps0_15_pt0_75_j10_4.stl,-1,-1,TO
../resources/benchmarks/random0/b0_r5_c10_l100_i50_ps0_15_pt0_75_j10_5.stl,-1,-1,TO
../resources/benchmarks/random0/b0_r5_c10_l100_i50_ps0_15_pt0_75_j5_1.stl,0.056,47171.2,sat
../resources/benchmarks/random0/b0_r5_c10_l100_i50_ps0_15_pt0_75_j5_2.stl,-1,-1,TO
../resources/benchmarks/random0/b0_r5_c10_l100_i50_ps0_15_pt0_75_j5_3.stl,0.04,52086.4,sat
../resources/benchmarks/random0/b0_r5_c10_l100_i50_ps0_15_pt0_75_j5_4.stl,0.048,49644.8,sat
../resources/benchmarks/random0/b0_r5_c10_l100_i50_ps0_15_pt0_75_j5_5.stl,0.098,64366.4,sat
../resources/benchmarks/random0/b0_r5_c10_l100_i50_ps0_15_pt0_95_j10_1.stl,-1,-1,TO
../resources/benchmarks/random0/b0_r5_c10_l100_i50_ps0_15_pt0_95_j10_2.stl,0.0,7781.6,unsat
../resources/benchmarks/random0/b0_r5_c10_l100_i50_ps0_15_pt0_95_j10_3.stl,0.0,7796.8,unsat
../resources/benchmarks/random0/b0_r5_c10_l100_i50_ps0_15_pt0_95_j10_4.stl,0.248,38266.4,sat
../resources/benchmarks/random0/b0_r5_c10_l100_i50_ps0_15_pt0_95_j10_5.stl,-1,-1,TO
../resources/benchmarks/random0/b0_r5_c10_l100_i50_ps0_15_pt0_95_j5_1.stl,0.03,41920.8,sat
../resources/benchmarks/random0/b0_r5_c10_l100_i50_ps0_15_pt0_95_j5_2.stl,-1,-1,TO
../resources/benchmarks/random0/b0_r5_c10_l100_i50_ps0_15_pt0_95_j5_3.stl,0.09,58239.2,sat
../resources/benchmarks/random0/b0_r5_c10_l100_i50_ps0_15_pt0_95_j5_4.stl,-1,-1,TO
../resources/benchmarks/random0/b0_r5_c10_l100_i50_ps0_15_pt0_95_j5_5.stl,-1,-1,TO
../resources/benchmarks/random0/b0_r5_c10_l100_i50_ps0_1_pt0_33_j10_1.stl,-1,-1,TO
../resources/benchmarks/random0/b0_r5_c10_l100_i50_ps0_1_pt0_33_j10_2.stl,2.358,57609.6,sat
../resources/benchmarks/random0/b0_r5_c10_l100_i50_ps0_1_pt0_33_j10_3.stl,3.828,108317.6,sat
../resources/benchmarks/random0/b0_r5_c10_l100_i50_ps0_1_pt0_33_j10_4.stl,3.372,59458.4,sat
../resources/benchmarks/random0/b0_r5_c10_l100_i50_ps0_1_pt0_33_j10_5.stl,0.0,7800.8,unsat
../resources/benchmarks/random0/b0_r5_c10_l100_i50_ps0_1_pt0_33_j5_1.stl,0.02,38240,sat
../resources/benchmarks/random0/b0_r5_c10_l100_i50_ps0_1_pt0_33_j5_2.stl,0.046,54214.4,sat
../resources/benchmarks/random0/b0_r5_c10_l100_i50_ps0_1_pt0_33_j5_3.stl,0.028,44131.2,sat
../resources/benchmarks/random0/b0_r5_c10_l100_i50_ps0_1_pt0_33_j5_4.stl,0.012,34270.4,sat
../resources/benchmarks/random0/b0_r5_c10_l100_i50_ps0_1_pt0_33_j5_5.stl,0.09,66232,sat
../resources/benchmarks/random0/b0_r5_c10_l100_i50_ps0_1_pt0_5_j10_1.stl,0.0,7789.6,unsat
../resources/benchmarks/random0/b0_r5_c10_l100_i50_ps0_1_pt0_5_j10_2.stl,-1,-1,TO
../resources/benchmarks/random0/b0_r5_c10_l100_i50_ps0_1_pt0_5_j10_3.stl,0.02,32723.2,unsat
../resources/benchmarks/random0/b0_r5_c10_l100_i50_ps0_1_pt0_5_j10_4.stl,1.444,88664.8,sat
../resources/benchmarks/random0/b0_r5_c10_l100_i50_ps0_1_pt0_5_j10_5.stl,0.278,65293.6,sat
../resources/benchmarks/random0/b0_r5_c10_l100_i50_ps0_1_pt0_5_j5_1.stl,-1,-1,TO
../resources/benchmarks/random0/b0_r5_c10_l100_i50_ps0_1_pt0_5_j5_2.stl,0.13,46881.6,sat
../resources/benchmarks/random0/b0_r5_c10_l100_i50_ps0_1_pt0_5_j5_3.stl,0.094,62208.8,sat
../resources/benchmarks/random0/b0_r5_c10_l100_i50_ps0_1_pt0_5_j5_4.stl,-1,-1,TO
../resources/benchmarks/random0/b0_r5_c10_l100_i50_ps0_1_pt0_5_j5_5.stl,0.178,80660,sat
../resources/benchmarks/random0/b0_r5_c10_l100_i50_ps0_1_pt0_75_j10_1.stl,0.162,59151.2,sat
../resources/benchmarks/random0/b0_r5_c10_l100_i50_ps0_1_pt0_75_j10_2.stl,-1,-1,TO
../resources/benchmarks/random0/b0_r5_c10_l100_i50_ps0_1_pt0_75_j10_3.stl,-1,-1,TO
../resources/benchmarks/random0/b0_r5_c10_l100_i50_ps0_1_pt0_75_j10_4.stl,-1,-1,TO
../resources/benchmarks/random0/b0_r5_c10_l100_i50_ps0_1_pt0_75_j10_5.stl,0.13,53615.2,sat
../resources/benchmarks/random0/b0_r5_c10_l100_i50_ps0_1_pt0_75_j5_1.stl,0.04,49620.8,sat
../resources/benchmarks/random0/b0_r5_c10_l100_i50_ps0_1_pt0_75_j5_2.stl,0.38,156222.4,sat
../resources/benchmarks/random0/b0_r5_c10_l100_i50_ps0_1_pt0_75_j5_3.stl,0.16,59126.4,sat
../resources/benchmarks/random0/b0_r5_c10_l100_i50_ps0_1_pt0_75_j5_4.stl,-1,-1,TO
../resources/benchmarks/random0/b0_r5_c10_l100_i50_ps0_1_pt0_75_j5_5.stl,-1,-1,TO
../resources/benchmarks/random0/b0_r5_c10_l100_i50_ps0_1_pt0_95_j10_1.stl,-1,-1,TO
../resources/benchmarks/random0/b0_r5_c10_l100_i50_ps0_1_pt0_95_j10_2.stl,-1,-1,TO
../resources/benchmarks/random0/b0_r5_c10_l100_i50_ps0_1_pt0_95_j10_3.stl,0.02,10889.6,unsat
../resources/benchmarks/random0/b0_r5_c10_l100_i50_ps0_1_pt0_95_j10_4.stl,-1,-1,TO
../resources/benchmarks/random0/b0_r5_c10_l100_i50_ps0_1_pt0_95_j10_5.stl,-1,-1,TO
../resources/benchmarks/random0/b0_r5_c10_l100_i50_ps0_1_pt0_95_j5_1.stl,-1,-1,TO
../resources/benchmarks/random0/b0_r5_c10_l100_i50_ps0_1_pt0_95_j5_2.stl,54.948,175880,sat
../resources/benchmarks/random0/b0_r5_c10_l100_i50_ps0_1_pt0_95_j5_3.stl,0.09,44725.6,sat
../resources/benchmarks/random0/b0_r5_c10_l100_i50_ps0_1_pt0_95_j5_4.stl,-1,-1,TO
../resources/benchmarks/random0/b0_r5_c10_l100_i50_ps0_1_pt0_95_j5_5.stl,0.14,54568.8,sat
../resources/benchmarks/random0/b0_r5_c10_l100_i50_ps0_25_pt0_33_j10_1.stl,0.0,7812.8,unsat
../resources/benchmarks/random0/b0_r5_c10_l100_i50_ps0_25_pt0_33_j10_2.stl,0.01,33645.6,unsat
../resources/benchmarks/random0/b0_r5_c10_l100_i50_ps0_25_pt0_33_j10_3.stl,0.0,7796.8,unsat
../resources/benchmarks/random0/b0_r5_c10_l100_i50_ps0_25_pt0_33_j10_4.stl,0.01,33356,sat
../resources/benchmarks/random0/b0_r5_c10_l100_i50_ps0_25_pt0_33_j10_5.stl,0.0,7796.8,unsat
../resources/benchmarks/random0/b0_r5_c10_l100_i50_ps0_25_pt0_33_j5_1.stl,0.01,32434.4,unsat
../resources/benchmarks/random0/b0_r5_c10_l100_i50_ps0_25_pt0_33_j5_2.stl,0.01,35843.2,sat
../resources/benchmarks/random0/b0_r5_c10_l100_i50_ps0_25_pt0_33_j5_3.stl,0.0,7824,unsat
../resources/benchmarks/random0/b0_r5_c10_l100_i50_ps0_25_pt0_33_j5_4.stl,0.0,7811.2,unsat
../resources/benchmarks/random0/b0_r5_c10_l100_i50_ps0_25_pt0_33_j5_5.stl,0.01,33328,sat
../resources/benchmarks/random0/b0_r5_c10_l100_i50_ps0_25_pt0_5_j10_1.stl,-1,-1,TO
../resources/benchmarks/random0/b0_r5_c10_l100_i50_ps0_25_pt0_5_j10_2.stl,0.02,33630.4,unsat
../resources/benchmarks/random0/b0_r5_c10_l100_i50_ps0_25_pt0_5_j10_3.stl,0.0,7794.4,unsat
../resources/benchmarks/random0/b0_r5_c10_l100_i50_ps0_25_pt0_5_j10_4.stl,0.03,42232.8,sat
../resources/benchmarks/random0/b0_r5_c10_l100_i50_ps0_25_pt0_5_j10_5.stl,0.04,51500,sat
../resources/benchmarks/random0/b0_r5_c10_l100_i50_ps0_25_pt0_5_j5_1.stl,0.05,45006.4,sat
../resources/benchmarks/random0/b0_r5_c10_l100_i50_ps0_25_pt0_5_j5_2.stl,0.03,45044,sat
../resources/benchmarks/random0/b0_r5_c10_l100_i50_ps0_25_pt0_5_j5_3.stl,0.02,42860,sat
../resources/benchmarks/random0/b0_r5_c10_l100_i50_ps0_25_pt0_5_j5_4.stl,0.01,33336.8,sat
../resources/benchmarks/random0/b0_r5_c10_l100_i50_ps0_25_pt0_5_j5_5.stl,0.16,50236,sat
../resources/benchmarks/random0/b0_r5_c10_l100_i50_ps0_25_pt0_75_j10_1.stl,1.888,56096,sat
../resources/benchmarks/random0/b0_r5_c10_l100_i50_ps0_25_pt0_75_j10_2.stl,-1,-1,TO
../resources/benchmarks/random0/b0_r5_c10_l100_i50_ps0_25_pt0_75_j10_3.stl,0.756,53324.8,sat
../resources/benchmarks/random0/b0_r5_c10_l100_i50_ps0_25_pt0_75_j10_4.stl,0.01,32414.4,unsat
../resources/benchmarks/random0/b0_r5_c10_l100_i50_ps0_25_pt0_75_j10_5.stl,-1,-1,TO
../resources/benchmarks/random0/b0_r5_c10_l100_i50_ps0_25_pt0_75_j5_1.stl,0.0,7803.2,sat
../resources/benchmarks/random0/b0_r5_c10_l100_i50_ps0_25_pt0_75_j5_2.stl,0.0,9332,sat
../resources/benchmarks/random0/b0_r5_c10_l100_i50_ps0_25_pt0_75_j5_3.stl,0.0,7796.8,unsat
../resources/benchmarks/random0/b0_r5_c10_l100_i50_ps0_25_pt0_75_j5_4.stl,-1,-1,TO
../resources/benchmarks/random0/b0_r5_c10_l100_i50_ps0_25_pt0_75_j5_5.stl,0.0,7788,sat
../resources/benchmarks/random0/b0_r5_c10_l100_i50_ps0_25_pt0_95_j10_1.stl,-1,-1,TO
../resources/benchmarks/random0/b0_r5_c10_l100_i50_ps0_25_pt0_95_j10_2.stl,0.03,41939.2,sat
../resources/benchmarks/random0/b0_r5_c10_l100_i50_ps0_25_pt0_95_j10_3.stl,0.41600000000000004,63755.2,sat
../resources/benchmarks/random0/b0_r5_c10_l100_i50_ps0_25_pt0_95_j10_4.stl,0.07,53339.2,sat
../resources/benchmarks/random0/b0_r5_c10_l100_i50_ps0_25_pt0_95_j10_5.stl,0.08,51167.2,sat
../resources/benchmarks/random0/b0_r5_c10_l100_i50_ps0_25_pt0_95_j5_1.stl,0.05,45937.6,sat
../resources/benchmarks/random0/b0_r5_c10_l100_i50_ps0_25_pt0_95_j5_2.stl,-1,-1,TO
../resources/benchmarks/random0/b0_r5_c10_l100_i50_ps0_25_pt0_95_j5_3.stl,0.27,62208.8,sat
../resources/benchmarks/random0/b0_r5_c10_l100_i50_ps0_25_pt0_95_j5_4.stl,-1,-1,TO
../resources/benchmarks/random0/b0_r5_c10_l100_i50_ps0_25_pt0_95_j5_5.stl,0.05,49008,sat
../resources/benchmarks/random0/b0_r5_c10_l100_i50_ps0_2_pt0_33_j10_1.stl,0.03,48126.4,sat
../resources/benchmarks/random0/b0_r5_c10_l100_i50_ps0_2_pt0_33_j10_2.stl,-1,-1,TO
../resources/benchmarks/random0/b0_r5_c10_l100_i50_ps0_2_pt0_33_j10_3.stl,0.01,33030.4,unsat
../resources/benchmarks/random0/b0_r5_c10_l100_i50_ps0_2_pt0_33_j10_4.stl,0.04,45323.2,sat
../resources/benchmarks/random0/b0_r5_c10_l100_i50_ps0_2_pt0_33_j10_5.stl,0.03,33040,unsat
../resources/benchmarks/random0/b0_r5_c10_l100_i50_ps0_2_pt0_33_j5_1.stl,0.01,33344.8,sat
../resources/benchmarks/random0/b0_r5_c10_l100_i50_ps0_2_pt0_33_j5_2.stl,0.01,33061.6,sat
../resources/benchmarks/random0/b0_r5_c10_l100_i50_ps0_2_pt0_33_j5_3.stl,0.04,45325.6,sat
../resources/benchmarks/random0/b0_r5_c10_l100_i50_ps0_2_pt0_33_j5_4.stl,0.02,38876.8,sat
../resources/benchmarks/random0/b0_r5_c10_l100_i50_ps0_2_pt0_33_j5_5.stl,0.01,33331.2,sat
../resources/benchmarks/random0/b0_r5_c10_l100_i50_ps0_2_pt0_5_j10_1.stl,0.0,7795.2,unsat
../resources/benchmarks/random0/b0_r5_c10_l100_i50_ps0_2_pt0_5_j10_2.stl,-1,-1,TO
../resources/benchmarks/random0/b0_r5_c10_l100_i50_ps0_2_pt0_5_j10_3.stl,0.364,90165.6,sat
../resources/benchmarks/random0/b0_r5_c10_l100_i50_ps0_2_pt0_5_j10_4.stl,17.794,47773.6,sat
../resources/benchmarks/random0/b0_r5_c10_l100_i50_ps0_2_pt0_5_j10_5.stl,0.12,40427.2,sat
../resources/benchmarks/random0/b0_r5_c10_l100_i50_ps0_2_pt0_5_j5_1.stl,0.016,34893.6,sat
../resources/benchmarks/random0/b0_r5_c10_l100_i50_ps0_2_pt0_5_j5_2.stl,0.012,34896.8,sat
../resources/benchmarks/random0/b0_r5_c10_l100_i50_ps0_2_pt0_5_j5_3.stl,0.02,40104.8,sat
../resources/benchmarks/random0/b0_r5_c10_l100_i50_ps0_2_pt0_5_j5_4.stl,0.016,35828,sat
../resources/benchmarks/random0/b0_r5_c10_l100_i50_ps0_2_pt0_5_j5_5.stl,0.01,33037.6,sat
../resources/benchmarks/random0/b0_r5_c10_l100_i50_ps0_2_pt0_75_j10_1.stl,-1,-1,TO
../resources/benchmarks/random0/b0_r5_c10_l100_i50_ps0_2_pt0_75_j10_2.stl,0.046,45937.6,sat
../resources/benchmarks/random0/b0_r5_c10_l100_i50_ps0_2_pt0_75_j10_3.stl,-1,-1,TO
../resources/benchmarks/random0/b0_r5_c10_l100_i50_ps0_2_pt0_75_j10_4.stl,0.1,56072.8,sat
../resources/benchmarks/random0/b0_r5_c10_l100_i50_ps0_2_pt0_75_j10_5.stl,-1,-1,TO
../resources/benchmarks/random0/b0_r5_c10_l100_i50_ps0_2_pt0_75_j5_1.stl,0.01,32452.8,sat
../resources/benchmarks/random0/b0_r5_c10_l100_i50_ps0_2_pt0_75_j5_2.stl,0.01,33029.6,sat
../resources/benchmarks/random0/b0_r5_c10_l100_i50_ps0_2_pt0_75_j5_3.stl,0.384,63745.6,sat
../resources/benchmarks/random0/b0_r5_c10_l100_i50_ps0_2_pt0_75_j5_4.stl,0.018000000000000002,37343.2,sat
../resources/benchmarks/random0/b0_r5_c10_l100_i50_ps0_2_pt0_75_j5_5.stl,0.01,32745.6,sat
../resources/benchmarks/random0/b0_r5_c10_l100_i50_ps0_2_pt0_95_j10_1.stl,-1,-1,TO
../resources/benchmarks/random0/b0_r5_c10_l100_i50_ps0_2_pt0_95_j10_2.stl,-1,-1,TO
../resources/benchmarks/random0/b0_r5_c10_l100_i50_ps0_2_pt0_95_j10_3.stl,-1,-1,TO
../resources/benchmarks/random0/b0_r5_c10_l100_i50_ps0_2_pt0_95_j10_4.stl,-1,-1,TO
../resources/benchmarks/random0/b0_r5_c10_l100_i50_ps0_2_pt0_95_j10_5.stl,0.01,32410.4,unsat
../resources/benchmarks/random0/b0_r5_c10_l100_i50_ps0_2_pt0_95_j5_1.stl,0.032,47160,sat
../resources/benchmarks/random0/b0_r5_c10_l100_i50_ps0_2_pt0_95_j5_2.stl,0.162,72976.8,sat
../resources/benchmarks/random0/b0_r5_c10_l100_i50_ps0_2_pt0_95_j5_3.stl,0.06,54544,sat
../resources/benchmarks/random0/b0_r5_c10_l100_i50_ps0_2_pt0_95_j5_4.stl,0.02,38876.8,sat
../resources/benchmarks/random0/b0_r5_c10_l100_i50_ps0_2_pt0_95_j5_5.stl,0.01,34580,sat
../resources/benchmarks/random0/b0_r5_c10_l5000_i1000_ps0_05_pt0_33_j10_1.stl,-1,-1,TO
../resources/benchmarks/random0/b0_r5_c10_l5000_i1000_ps0_05_pt0_33_j10_2.stl,-1,-1,TO
../resources/benchmarks/random0/b0_r5_c10_l5000_i1000_ps0_05_pt0_33_j10_3.stl,-1,-1,TO
../resources/benchmarks/random0/b0_r5_c10_l5000_i1000_ps0_05_pt0_33_j10_4.stl,-1,-1,TO
../resources/benchmarks/random0/b0_r5_c10_l5000_i1000_ps0_05_pt0_33_j10_5.stl,-1,-1,TO
../resources/benchmarks/random0/b0_r5_c10_l5000_i1000_ps0_05_pt0_33_j5_1.stl,-1,-1,TO
../resources/benchmarks/random0/b0_r5_c10_l5000_i1000_ps0_05_pt0_33_j5_2.stl,-1,-1,TO
../resources/benchmarks/random0/b0_r5_c10_l5000_i1000_ps0_05_pt0_33_j5_3.stl,-1,-1,TO
../resources/benchmarks/random0/b0_r5_c10_l5000_i1000_ps0_05_pt0_33_j5_4.stl,71.866,1517712.8,sat
../resources/benchmarks/random0/b0_r5_c10_l5000_i1000_ps0_05_pt0_33_j5_5.stl,-1,-1,TO
../resources/benchmarks/random0/b0_r5_c10_l5000_i1000_ps0_05_pt0_5_j10_1.stl,-1,-1,TO
../resources/benchmarks/random0/b0_r5_c10_l5000_i1000_ps0_05_pt0_5_j10_2.stl,-1,-1,TO
../resources/benchmarks/random0/b0_r5_c10_l5000_i1000_ps0_05_pt0_5_j10_3.stl,0.502,61017.6,unsat
../resources/benchmarks/random0/b0_r5_c10_l5000_i1000_ps0_05_pt0_5_j10_4.stl,-1,-1,TO
../resources/benchmarks/random0/b0_r5_c10_l5000_i1000_ps0_05_pt0_5_j10_5.stl,-1,-1,TO
../resources/benchmarks/random0/b0_r5_c10_l5000_i1000_ps0_05_pt0_5_j5_1.stl,-1,-1,TO
../resources/benchmarks/random0/b0_r5_c10_l5000_i1000_ps0_05_pt0_5_j5_2.stl,12.988,2336430.4,sat
../resources/benchmarks/random0/b0_r5_c10_l5000_i1000_ps0_05_pt0_5_j5_3.stl,-1,-1,TO
../resources/benchmarks/random0/b0_r5_c10_l5000_i1000_ps0_05_pt0_5_j5_4.stl,-1,-1,TO
../resources/benchmarks/random0/b0_r5_c10_l5000_i1000_ps0_05_pt0_5_j5_5.stl,-1,-1,TO
../resources/benchmarks/random0/b0_r5_c10_l5000_i1000_ps0_05_pt0_75_j10_1.stl,-1,-1,TO
../resources/benchmarks/random0/b0_r5_c10_l5000_i1000_ps0_05_pt0_75_j10_2.stl,-1,-1,TO
../resources/benchmarks/random0/b0_r5_c10_l5000_i1000_ps0_05_pt0_75_j10_3.stl,-1,-1,TO
../resources/benchmarks/random0/b0_r5_c10_l5000_i1000_ps0_05_pt0_75_j10_4.stl,-1,-1,TO
../resources/benchmarks/random0/b0_r5_c10_l5000_i1000_ps0_05_pt0_75_j10_5.stl,-1,-1,TO
../resources/benchmarks/random0/b0_r5_c10_l5000_i1000_ps0_05_pt0_75_j5_1.stl,-1,-1,TO
../resources/benchmarks/random0/b0_r5_c10_l5000_i1000_ps0_05_pt0_75_j5_2.stl,-1,-1,TO
../resources/benchmarks/random0/b0_r5_c10_l5000_i1000_ps0_05_pt0_75_j5_3.stl,-1,-1,TO
../resources/benchmarks/random0/b0_r5_c10_l5000_i1000_ps0_05_pt0_75_j5_4.stl,-1,-1,TO
../resources/benchmarks/random0/b0_r5_c10_l5000_i1000_ps0_05_pt0_75_j5_5.stl,-1,-1,TO
../resources/benchmarks/random0/b0_r5_c10_l5000_i1000_ps0_05_pt0_95_j10_1.stl,-1,-1,TO
../resources/benchmarks/random0/b0_r5_c10_l5000_i1000_ps0_05_pt0_95_j10_2.stl,-1,-1,TO
../resources/benchmarks/random0/b0_r5_c10_l5000_i1000_ps0_05_pt0_95_j10_3.stl,-1,-1,TO
../resources/benchmarks/random0/b0_r5_c10_l5000_i1000_ps0_05_pt0_95_j10_4.stl,-1,-1,TO
../resources/benchmarks/random0/b0_r5_c10_l5000_i1000_ps0_05_pt0_95_j10_5.stl,-1,-1,TO
../resources/benchmarks/random0/b0_r5_c10_l5000_i1000_ps0_05_pt0_95_j5_1.stl,-1,-1,OOM
../resources/benchmarks/random0/b0_r5_c10_l5000_i1000_ps0_05_pt0_95_j5_2.stl,-1,-1,TO
../resources/benchmarks/random0/b0_r5_c10_l5000_i1000_ps0_05_pt0_95_j5_3.stl,-1,-1,TO
../resources/benchmarks/random0/b0_r5_c10_l5000_i1000_ps0_05_pt0_95_j5_4.stl,-1,-1,TO
../resources/benchmarks/random0/b0_r5_c10_l5000_i1000_ps0_05_pt0_95_j5_5.stl,113.192,895360,sat
../resources/benchmarks/random0/b0_r5_c10_l5000_i1000_ps0_15_pt0_33_j10_1.stl,1.118,156219.2,sat
../resources/benchmarks/random0/b0_r5_c10_l5000_i1000_ps0_15_pt0_33_j10_2.stl,-1,-1,TO
../resources/benchmarks/random0/b0_r5_c10_l5000_i1000_ps0_15_pt0_33_j10_3.stl,108.95400000000001,649589.6,sat
../resources/benchmarks/random0/b0_r5_c10_l5000_i1000_ps0_15_pt0_33_j10_4.stl,1.798,697821.6,sat
../resources/benchmarks/random0/b0_r5_c10_l5000_i1000_ps0_15_pt0_33_j10_5.stl,51.967999999999996,438846.4,sat
../resources/benchmarks/random0/b0_r5_c10_l5000_i1000_ps0_15_pt0_33_j5_1.stl,0.01,32436.8,sat
../resources/benchmarks/random0/b0_r5_c10_l5000_i1000_ps0_15_pt0_33_j5_2.stl,0.01,33329.6,sat
../resources/benchmarks/random0/b0_r5_c10_l5000_i1000_ps0_15_pt0_33_j5_3.stl,0.01,33021.6,sat
../resources/benchmarks/random0/b0_r5_c10_l5000_i1000_ps0_15_pt0_33_j5_4.stl,-1,-1,TO
../resources/benchmarks/random0/b0_r5_c10_l5000_i1000_ps0_15_pt0_33_j5_5.stl,67.656,766959.2,sat
../resources/benchmarks/random0/b0_r5_c10_l5000_i1000_ps0_15_pt0_5_j10_1.stl,-1,-1,TO
../resources/benchmarks/random0/b0_r5_c10_l5000_i1000_ps0_15_pt0_5_j10_2.stl,-1,-1,TO
../resources/benchmarks/random0/b0_r5_c10_l5000_i1000_ps0_15_pt0_5_j10_3.stl,-1,-1,TO
../resources/benchmarks/random0/b0_r5_c10_l5000_i1000_ps0_15_pt0_5_j10_4.stl,10.574,194907.2,sat
../resources/benchmarks/random0/b0_r5_c10_l5000_i1000_ps0_15_pt0_5_j10_5.stl,0.01,32403.2,unsat
../resources/benchmarks/random0/b0_r5_c10_l5000_i1000_ps0_15_pt0_5_j5_1.stl,11.728,274185.6,sat
../resources/benchmarks/random0/b0_r5_c10_l5000_i1000_ps0_15_pt0_5_j5_2.stl,-1,-1,TO
../resources/benchmarks/random0/b0_r5_c10_l5000_i1000_ps0_15_pt0_5_j5_3.stl,63.32,350406.4,sat
../resources/benchmarks/random0/b0_r5_c10_l5000_i1000_ps0_15_pt0_5_j5_4.stl,0.018000000000000002,32716.8,unsat
../resources/benchmarks/random0/b0_r5_c10_l5000_i1000_ps0_15_pt0_5_j5_5.stl,0.34600000000000003,158393.6,sat
../resources/benchmarks/random0/b0_r5_c10_l5000_i1000_ps0_15_pt0_75_j10_1.stl,-1,-1,TO
../resources/benchmarks/random0/b0_r5_c10_l5000_i1000_ps0_15_pt0_75_j10_2.stl,1.21,478176,sat
../resources/benchmarks/random0/b0_r5_c10_l5000_i1000_ps0_15_pt0_75_j10_3.stl,-1,-1,TO
../resources/benchmarks/random0/b0_r5_c10_l5000_i1000_ps0_15_pt0_75_j10_4.stl,-1,-1,TO
../resources/benchmarks/random0/b0_r5_c10_l5000_i1000_ps0_15_pt0_75_j10_5.stl,-1,-1,TO
../resources/benchmarks/random0/b0_r5_c10_l5000_i1000_ps0_15_pt0_75_j5_1.stl,0.014,34890.4,sat
../resources/benchmarks/random0/b0_r5_c10_l5000_i1000_ps0_15_pt0_75_j5_2.stl,-1,-1,TO
../resources/benchmarks/random0/b0_r5_c10_l5000_i1000_ps0_15_pt0_75_j5_3.stl,-1,-1,TO
../resources/benchmarks/random0/b0_r5_c10_l5000_i1000_ps0_15_pt0_75_j5_4.stl,-1,-1,TO
../resources/benchmarks/random0/b0_r5_c10_l5000_i1000_ps0_15_pt0_75_j5_5.stl,47.142,254529.6,sat
../resources/benchmarks/random0/b0_r5_c10_l5000_i1000_ps0_15_pt0_95_j10_1.stl,-1,-1,TO
../resources/benchmarks/random0/b0_r5_c10_l5000_i1000_ps0_15_pt0_95_j10_2.stl,0.02,33353.6,unsat
../resources/benchmarks/random0/b0_r5_c10_l5000_i1000_ps0_15_pt0_95_j10_3.stl,-1,-1,TO
../resources/benchmarks/random0/b0_r5_c10_l5000_i1000_ps0_15_pt0_95_j10_4.stl,0.01,32418.4,unsat
../resources/benchmarks/random0/b0_r5_c10_l5000_i1000_ps0_15_pt0_95_j10_5.stl,-1,-1,TO
../resources/benchmarks/random0/b0_r5_c10_l5000_i1000_ps0_15_pt0_95_j5_1.stl,5.584,331931.2,sat
../resources/benchmarks/random0/b0_r5_c10_l5000_i1000_ps0_15_pt0_95_j5_2.stl,0.844,478775.2,sat
../resources/benchmarks/random0/b0_r5_c10_l5000_i1000_ps0_15_pt0_95_j5_3.stl,-1,-1,TO
../resources/benchmarks/random0/b0_r5_c10_l5000_i1000_ps0_15_pt0_95_j5_4.stl,0.366,207840,sat
../resources/benchmarks/random0/b0_r5_c10_l5000_i1000_ps0_15_pt0_95_j5_5.stl,-1,-1,TO
../resources/benchmarks/random0/b0_r5_c10_l5000_i1000_ps0_1_pt0_33_j10_1.stl,45.346000000000004,9138141.6,sat
../resources/benchmarks/random0/b0_r5_c10_l5000_i1000_ps0_1_pt0_33_j10_2.stl,-1,-1,TO
../resources/benchmarks/random0/b0_r5_c10_l5000_i1000_ps0_1_pt0_33_j10_3.stl,2.696,126429.6,sat
../resources/benchmarks/random0/b0_r5_c10_l5000_i1000_ps0_1_pt0_33_j10_4.stl,-1,-1,TO
../resources/benchmarks/random0/b0_r5_c10_l5000_i1000_ps0_1_pt0_33_j10_5.stl,-1,-1,TO
../resources/benchmarks/random0/b0_r5_c10_l5000_i1000_ps0_1_pt0_33_j5_1.stl,60.614,487064.8,sat
../resources/benchmarks/random0/b0_r5_c10_l5000_i1000_ps0_1_pt0_33_j5_2.stl,0.0,7799.2,unsat
../resources/benchmarks/random0/b0_r5_c10_l5000_i1000_ps0_1_pt0_33_j5_3.stl,-1,-1,TO
../resources/benchmarks/random0/b0_r5_c10_l5000_i1000_ps0_1_pt0_33_j5_4.stl,-1,-1,TO
../resources/benchmarks/random0/b0_r5_c10_l5000_i1000_ps0_1_pt0_33_j5_5.stl,-1,-1,TO
../resources/benchmarks/random0/b0_r5_c10_l5000_i1000_ps0_1_pt0_5_j10_1.stl,2.01,701499.2,sat
../resources/benchmarks/random0/b0_r5_c10_l5000_i1000_ps0_1_pt0_5_j10_2.stl,-1,-1,TO
../resources/benchmarks/random0/b0_r5_c10_l5000_i1000_ps0_1_pt0_5_j10_3.stl,-1,-1,TO
../resources/benchmarks/random0/b0_r5_c10_l5000_i1000_ps0_1_pt0_5_j10_4.stl,0.0,7792.8,unsat
../resources/benchmarks/random0/b0_r5_c10_l5000_i1000_ps0_1_pt0_5_j10_5.stl,-1,-1,TO
../resources/benchmarks/random0/b0_r5_c10_l5000_i1000_ps0_1_pt0_5_j5_1.stl,25.34,2182199.2,sat
../resources/benchmarks/random0/b0_r5_c10_l5000_i1000_ps0_1_pt0_5_j5_2.stl,9.166,181088,sat
../resources/benchmarks/random0/b0_r5_c10_l5000_i1000_ps0_1_pt0_5_j5_3.stl,0.018000000000000002,32704.8,unsat
../resources/benchmarks/random0/b0_r5_c10_l5000_i1000_ps0_1_pt0_5_j5_4.stl,-1,-1,TO
../resources/benchmarks/random0/b0_r5_c10_l5000_i1000_ps0_1_pt0_5_j5_5.stl,-1,-1,TO
../resources/benchmarks/random0/b0_r5_c10_l5000_i1000_ps0_1_pt0_75_j10_1.stl,0.04,34556,unsat
../resources/benchmarks/random0/b0_r5_c10_l5000_i1000_ps0_1_pt0_75_j10_2.stl,-1,-1,TO
../resources/benchmarks/random0/b0_r5_c10_l5000_i1000_ps0_1_pt0_75_j10_3.stl,-1,-1,TO
../resources/benchmarks/random0/b0_r5_c10_l5000_i1000_ps0_1_pt0_75_j10_4.stl,-1,-1,TO
../resources/benchmarks/random0/b0_r5_c10_l5000_i1000_ps0_1_pt0_75_j10_5.stl,0.01,9338.4,unsat
../resources/benchmarks/random0/b0_r5_c10_l5000_i1000_ps0_1_pt0_75_j5_1.stl,0.01,33956.8,sat
../resources/benchmarks/random0/b0_r5_c10_l5000_i1000_ps0_1_pt0_75_j5_2.stl,-1,-1,TO
../resources/benchmarks/random0/b0_r5_c10_l5000_i1000_ps0_1_pt0_75_j5_3.stl,-1,-1,TO
../resources/benchmarks/random0/b0_r5_c10_l5000_i1000_ps0_1_pt0_75_j5_4.stl,-1,-1,TO
../resources/benchmarks/random0/b0_r5_c10_l5000_i1000_ps0_1_pt0_75_j5_5.stl,50.528,676627.2,sat
../resources/benchmarks/random0/b0_r5_c10_l5000_i1000_ps0_1_pt0_95_j10_1.stl,0.01,32427.2,unsat
../resources/benchmarks/random0/b0_r5_c10_l5000_i1000_ps0_1_pt0_95_j10_2.stl,-1,-1,TO
../resources/benchmarks/random0/b0_r5_c10_l5000_i1000_ps0_1_pt0_95_j10_3.stl,-1,-1,TO
../resources/benchmarks/random0/b0_r5_c10_l5000_i1000_ps0_1_pt0_95_j10_4.stl,-1,-1,TO
../resources/benchmarks/random0/b0_r5_c10_l5000_i1000_ps0_1_pt0_95_j10_5.stl,-1,-1,TO
../resources/benchmarks/random0/b0_r5_c10_l5000_i1000_ps0_1_pt0_95_j5_1.stl,40.508,481852,sat
../resources/benchmarks/random0/b0_r5_c10_l5000_i1000_ps0_1_pt0_95_j5_2.stl,-1,-1,TO
../resources/benchmarks/random0/b0_r5_c10_l5000_i1000_ps0_1_pt0_95_j5_3.stl,-1,-1,TO
../resources/benchmarks/random0/b0_r5_c10_l5000_i1000_ps0_1_pt0_95_j5_4.stl,-1,-1,TO
../resources/benchmarks/random0/b0_r5_c10_l5000_i1000_ps0_1_pt0_95_j5_5.stl,19.596,1143868.8,sat
../resources/benchmarks/random0/b0_r5_c10_l5000_i1000_ps0_25_pt0_33_j10_1.stl,34.516,326416.8,sat
../resources/benchmarks/random0/b0_r5_c10_l5000_i1000_ps0_25_pt0_33_j10_2.stl,0.09,65292.8,sat
../resources/benchmarks/random0/b0_r5_c10_l5000_i1000_ps0_25_pt0_33_j10_3.stl,0.274,234258.4,sat
../resources/benchmarks/random0/b0_r5_c10_l5000_i1000_ps0_25_pt0_33_j10_4.stl,0.06,72980,sat
../resources/benchmarks/random0/b0_r5_c10_l5000_i1000_ps0_25_pt0_33_j10_5.stl,0.156,33052,unsat
../resources/benchmarks/random0/b0_r5_c10_l5000_i1000_ps0_25_pt0_33_j5_1.stl,0.044000000000000004,65318.4,sat
../resources/benchmarks/random0/b0_r5_c10_l5000_i1000_ps0_25_pt0_33_j5_2.stl,0.01,33342.4,sat
../resources/benchmarks/random0/b0_r5_c10_l5000_i1000_ps0_25_pt0_33_j5_3.stl,0.0,7800,sat
../resources/benchmarks/random0/b0_r5_c10_l5000_i1000_ps0_25_pt0_33_j5_4.stl,0.02,37623.2,sat
../resources/benchmarks/random0/b0_r5_c10_l5000_i1000_ps0_25_pt0_33_j5_5.stl,0.01,33042.4,sat
../resources/benchmarks/random0/b0_r5_c10_l5000_i1000_ps0_25_pt0_5_j10_1.stl,0.0,7784.8,unsat
../resources/benchmarks/random0/b0_r5_c10_l5000_i1000_ps0_25_pt0_5_j10_2.stl,0.04,35184,sat
../resources/benchmarks/random0/b0_r5_c10_l5000_i1000_ps0_25_pt0_5_j10_3.stl,5.89,34279.2,unsat
../resources/benchmarks/random0/b0_r5_c10_l5000_i1000_ps0_25_pt0_5_j10_4.stl,-1,-1,TO
../resources/benchmarks/random0/b0_r5_c10_l5000_i1000_ps0_25_pt0_5_j10_5.stl,0.0,7792,unsat
../resources/benchmarks/random0/b0_r5_c10_l5000_i1000_ps0_25_pt0_5_j5_1.stl,0.01,33065.6,sat
../resources/benchmarks/random0/b0_r5_c10_l5000_i1000_ps0_25_pt0_5_j5_2.stl,-1,-1,TO
../resources/benchmarks/random0/b0_r5_c10_l5000_i1000_ps0_25_pt0_5_j5_3.stl,0.01,33336.8,sat
../resources/benchmarks/random0/b0_r5_c10_l5000_i1000_ps0_25_pt0_5_j5_4.stl,-1,-1,TO
../resources/benchmarks/random0/b0_r5_c10_l5000_i1000_ps0_25_pt0_5_j5_5.stl,0.01,33657.6,sat
../resources/benchmarks/random0/b0_r5_c10_l5000_i1000_ps0_25_pt0_75_j10_1.stl,4.38,335040.8,sat
../resources/benchmarks/random0/b0_r5_c10_l5000_i1000_ps0_25_pt0_75_j10_2.stl,-1,-1,TO
../resources/benchmarks/random0/b0_r5_c10_l5000_i1000_ps0_25_pt0_75_j10_3.stl,0.01,33636,sat
../resources/benchmarks/random0/b0_r5_c10_l5000_i1000_ps0_25_pt0_75_j10_4.stl,2.02,88032.8,sat
../resources/benchmarks/random0/b0_r5_c10_l5000_i1000_ps0_25_pt0_75_j10_5.stl,1.418,453611.2,sat
../resources/benchmarks/random0/b0_r5_c10_l5000_i1000_ps0_25_pt0_75_j5_1.stl,0.0,7826.4,unsat
../resources/benchmarks/random0/b0_r5_c10_l5000_i1000_ps0_25_pt0_75_j5_2.stl,-1,-1,TO
../resources/benchmarks/random0/b0_r5_c10_l5000_i1000_ps0_25_pt0_75_j5_3.stl,0.04,44719.2,sat
../resources/benchmarks/random0/b0_r5_c10_l5000_i1000_ps0_25_pt0_75_j5_4.stl,0.428,358676.8,sat
../resources/benchmarks/random0/b0_r5_c10_l5000_i1000_ps0_25_pt0_75_j5_5.stl,0.01,32719.2,sat
../resources/benchmarks/random0/b0_r5_c10_l5000_i1000_ps0_25_pt0_95_j10_1.stl,0.25,33013.6,unsat
../resources/benchmarks/random0/b0_r5_c10_l5000_i1000_ps0_25_pt0_95_j10_2.stl,-1,-1,TO
../resources/benchmarks/random0/b0_r5_c10_l5000_i1000_ps0_25_pt0_95_j10_3.stl,0.01,30885.6,unsat
../resources/benchmarks/random0/b0_r5_c10_l5000_i1000_ps0_25_pt0_95_j10_4.stl,-1,-1,TO
../resources/benchmarks/random0/b0_r5_c10_l5000_i1000_ps0_25_pt0_95_j10_5.stl,-1,-1,TO
../resources/benchmarks/random0/b0_r5_c10_l5000_i1000_ps0_25_pt0_95_j5_1.stl,4.234,403808,sat
../resources/benchmarks/random0/b0_r5_c10_l5000_i1000_ps0_25_pt0_95_j5_2.stl,12.208,381733.6,sat
../resources/benchmarks/random0/b0_r5_c10_l5000_i1000_ps0_25_pt0_95_j5_3.stl,0.9420000000000001,24376,sat
../resources/benchmarks/random0/b0_r5_c10_l5000_i1000_ps0_25_pt0_95_j5_4.stl,0.96,455449.6,sat
../resources/benchmarks/random0/b0_r5_c10_l5000_i1000_ps0_25_pt0_95_j5_5.stl,0.154,160825.6,sat
../resources/benchmarks/random0/b0_r5_c10_l5000_i1000_ps0_2_pt0_33_j10_1.stl,10.966,34860.8,sat
../resources/benchmarks/random0/b0_r5_c10_l5000_i1000_ps0_2_pt0_33_j10_2.stl,0.0,7803.2,unsat
../resources/benchmarks/random0/b0_r5_c10_l5000_i1000_ps0_2_pt0_33_j10_3.stl,0.03,32749.6,unsat
../resources/benchmarks/random0/b0_r5_c10_l5000_i1000_ps0_2_pt0_33_j10_4.stl,0.02,32741.6,unsat
../resources/benchmarks/random0/b0_r5_c10_l5000_i1000_ps0_2_pt0_33_j10_5.stl,18.048000000000002,210284.8,sat
../resources/benchmarks/random0/b0_r5_c10_l5000_i1000_ps0_2_pt0_33_j5_1.stl,0.014,33017.6,sat
../resources/benchmarks/random0/b0_r5_c10_l5000_i1000_ps0_2_pt0_33_j5_2.stl,0.01,33649.6,sat
../resources/benchmarks/random0/b0_r5_c10_l5000_i1000_ps0_2_pt0_33_j5_3.stl,0.01,33336,unsat
../resources/benchmarks/random0/b0_r5_c10_l5000_i1000_ps0_2_pt0_33_j5_4.stl,2.17,498134.4,sat
../resources/benchmarks/random0/b0_r5_c10_l5000_i1000_ps0_2_pt0_33_j5_5.stl,61.586,478802.4,sat
../resources/benchmarks/random0/b0_r5_c10_l5000_i1000_ps0_2_pt0_5_j10_1.stl,-1,-1,TO
../resources/benchmarks/random0/b0_r5_c10_l5000_i1000_ps0_2_pt0_5_j10_2.stl,0.0,7813.6,unsat
../resources/benchmarks/random0/b0_r5_c10_l5000_i1000_ps0_2_pt0_5_j10_3.stl,0.06,40131.2,sat
../resources/benchmarks/random0/b0_r5_c10_l5000_i1000_ps0_2_pt0_5_j10_4.stl,1.56,325199.2,sat
../resources/benchmarks/random0/b0_r5_c10_l5000_i1000_ps0_2_pt0_5_j10_5.stl,0.0,7799.2,unsat
../resources/benchmarks/random0/b0_r5_c10_l5000_i1000_ps0_2_pt0_5_j5_1.stl,0.206,179566.4,sat
../resources/benchmarks/random0/b0_r5_c10_l5000_i1000_ps0_2_pt0_5_j5_2.stl,0.0,7782.4,sat
../resources/benchmarks/random0/b0_r5_c10_l5000_i1000_ps0_2_pt0_5_j5_3.stl,0.057999999999999996,29326.4,sat
../resources/benchmarks/random0/b0_r5_c10_l5000_i1000_ps0_2_pt0_5_j5_4.stl,0.022,32424.8,sat
../resources/benchmarks/random0/b0_r5_c10_l5000_i1000_ps0_2_pt0_5_j5_5.stl,0.0,7792.8,unsat
../resources/benchmarks/random0/b0_r5_c10_l5000_i1000_ps0_2_pt0_75_j10_1.stl,0.0,7788.8,unsat
../resources/benchmarks/random0/b0_r5_c10_l5000_i1000_ps0_2_pt0_75_j10_2.stl,0.24,204149.6,sat
../resources/benchmarks/random0/b0_r5_c10_l5000_i1000_ps0_2_pt0_75_j10_3.stl,0.0,7796,unsat
../resources/benchmarks/random0/b0_r5_c10_l5000_i1000_ps0_2_pt0_75_j10_4.stl,94.434,582924,sat
../resources/benchmarks/random0/b0_r5_c10_l5000_i1000_ps0_2_pt0_75_j10_5.stl,60.16,329192.8,sat
../resources/benchmarks/random0/b0_r5_c10_l5000_i1000_ps0_2_pt0_75_j5_1.stl,0.6,405360,sat
../resources/benchmarks/random0/b0_r5_c10_l5000_i1000_ps0_2_pt0_75_j5_2.stl,0.67,437610.4,sat
../resources/benchmarks/random0/b0_r5_c10_l5000_i1000_ps0_2_pt0_75_j5_3.stl,-1,-1,TO
../resources/benchmarks/random0/b0_r5_c10_l5000_i1000_ps0_2_pt0_75_j5_4.stl,0.46,180173.6,sat
../resources/benchmarks/random0/b0_r5_c10_l5000_i1000_ps0_2_pt0_75_j5_5.stl,10.846,345158.4,sat
../resources/benchmarks/random0/b0_r5_c10_l5000_i1000_ps0_2_pt0_95_j10_1.stl,-1,-1,TO
../resources/benchmarks/random0/b0_r5_c10_l5000_i1000_ps0_2_pt0_95_j10_2.stl,-1,-1,TO
../resources/benchmarks/random0/b0_r5_c10_l5000_i1000_ps0_2_pt0_95_j10_3.stl,-1,-1,TO
../resources/benchmarks/random0/b0_r5_c10_l5000_i1000_ps0_2_pt0_95_j10_4.stl,-1,-1,TO
../resources/benchmarks/random0/b0_r5_c10_l5000_i1000_ps0_2_pt0_95_j10_5.stl,-1,-1,OOM
../resources/benchmarks/random0/b0_r5_c10_l5000_i1000_ps0_2_pt0_95_j5_1.stl,-1,-1,OOM
../resources/benchmarks/random0/b0_r5_c10_l5000_i1000_ps0_2_pt0_95_j5_2.stl,0.148,64967.2,sat
../resources/benchmarks/random0/b0_r5_c10_l5000_i1000_ps0_2_pt0_95_j5_3.stl,0.106,72984.8,sat
../resources/benchmarks/random0/b0_r5_c10_l5000_i1000_ps0_2_pt0_95_j5_4.stl,0.546,376536.8,sat
../resources/benchmarks/random0/b0_r5_c10_l5000_i1000_ps0_2_pt0_95_j5_5.stl,0.34400000000000003,330082.4,sat
../resources/benchmarks/random0/b0_r5_c10_l5000_i50_ps0_05_pt0_33_j10_1.stl,-1,-1,TO
../resources/benchmarks/random0/b0_r5_c10_l5000_i50_ps0_05_pt0_33_j10_2.stl,-1,-1,TO
../resources/benchmarks/random0/b0_r5_c10_l5000_i50_ps0_05_pt0_33_j10_3.stl,-1,-1,TO
../resources/benchmarks/random0/b0_r5_c10_l5000_i50_ps0_05_pt0_33_j10_4.stl,-1,-1,TO
../resources/benchmarks/random0/b0_r5_c10_l5000_i50_ps0_05_pt0_33_j10_5.stl,-1,-1,TO
../resources/benchmarks/random0/b0_r5_c10_l5000_i50_ps0_05_pt0_33_j5_1.stl,-1,-1,TO
../resources/benchmarks/random0/b0_r5_c10_l5000_i50_ps0_05_pt0_33_j5_2.stl,-1,-1,TO
../resources/benchmarks/random0/b0_r5_c10_l5000_i50_ps0_05_pt0_33_j5_3.stl,-1,-1,TO
../resources/benchmarks/random0/b0_r5_c10_l5000_i50_ps0_05_pt0_33_j5_4.stl,-1,-1,TO
../resources/benchmarks/random0/b0_r5_c10_l5000_i50_ps0_05_pt0_33_j5_5.stl,-1,-1,TO
../resources/benchmarks/random0/b0_r5_c10_l5000_i50_ps0_05_pt0_5_j10_1.stl,-1,-1,TO
../resources/benchmarks/random0/b0_r5_c10_l5000_i50_ps0_05_pt0_5_j10_2.stl,-1,-1,TO
../resources/benchmarks/random0/b0_r5_c10_l5000_i50_ps0_05_pt0_5_j10_3.stl,-1,-1,TO
../resources/benchmarks/random0/b0_r5_c10_l5000_i50_ps0_05_pt0_5_j10_4.stl,-1,-1,TO
../resources/benchmarks/random0/b0_r5_c10_l5000_i50_ps0_05_pt0_5_j10_5.stl,-1,-1,TO
../resources/benchmarks/random0/b0_r5_c10_l5000_i50_ps0_05_pt0_5_j5_1.stl,-1,-1,TO
../resources/benchmarks/random0/b0_r5_c10_l5000_i50_ps0_05_pt0_5_j5_2.stl,-1,-1,TO
../resources/benchmarks/random0/b0_r5_c10_l5000_i50_ps0_05_pt0_5_j5_3.stl,-1,-1,TO
../resources/benchmarks/random0/b0_r5_c10_l5000_i50_ps0_05_pt0_5_j5_4.stl,-1,-1,TO
../resources/benchmarks/random0/b0_r5_c10_l5000_i50_ps0_05_pt0_5_j5_5.stl,-1,-1,TO
../resources/benchmarks/random0/b0_r5_c10_l5000_i50_ps0_05_pt0_75_j10_1.stl,-1,-1,TO
../resources/benchmarks/random0/b0_r5_c10_l5000_i50_ps0_05_pt0_75_j10_2.stl,-1,-1,TO
../resources/benchmarks/random0/b0_r5_c10_l5000_i50_ps0_05_pt0_75_j10_3.stl,-1,-1,TO
../resources/benchmarks/random0/b0_r5_c10_l5000_i50_ps0_05_pt0_75_j10_4.stl,0.266,44714.4,unsat
../resources/benchmarks/random0/b0_r5_c10_l5000_i50_ps0_05_pt0_75_j10_5.stl,-1,-1,TO
../resources/benchmarks/random0/b0_r5_c10_l5000_i50_ps0_05_pt0_75_j5_1.stl,-1,-1,TO
../resources/benchmarks/random0/b0_r5_c10_l5000_i50_ps0_05_pt0_75_j5_2.stl,-1,-1,TO
../resources/benchmarks/random0/b0_r5_c10_l5000_i50_ps0_05_pt0_75_j5_3.stl,-1,-1,TO
../resources/benchmarks/random0/b0_r5_c10_l5000_i50_ps0_05_pt0_75_j5_4.stl,-1,-1,TO
../resources/benchmarks/random0/b0_r5_c10_l5000_i50_ps0_05_pt0_75_j5_5.stl,-1,-1,TO
../resources/benchmarks/random0/b0_r5_c10_l5000_i50_ps0_05_pt0_95_j10_1.stl,-1,-1,TO
../resources/benchmarks/random0/b0_r5_c10_l5000_i50_ps0_05_pt0_95_j10_2.stl,0.646,59605.6,unsat
../resources/benchmarks/random0/b0_r5_c10_l5000_i50_ps0_05_pt0_95_j10_3.stl,-1,-1,TO
../resources/benchmarks/random0/b0_r5_c10_l5000_i50_ps0_05_pt0_95_j10_4.stl,-1,-1,TO
../resources/benchmarks/random0/b0_r5_c10_l5000_i50_ps0_05_pt0_95_j10_5.stl,-1,-1,TO
../resources/benchmarks/random0/b0_r5_c10_l5000_i50_ps0_05_pt0_95_j5_1.stl,33.672000000000004,6156440,sat
../resources/benchmarks/random0/b0_r5_c10_l5000_i50_ps0_05_pt0_95_j5_2.stl,-1,-1,TO
../resources/benchmarks/random0/b0_r5_c10_l5000_i50_ps0_05_pt0_95_j5_3.stl,-1,-1,TO
../resources/benchmarks/random0/b0_r5_c10_l5000_i50_ps0_05_pt0_95_j5_4.stl,-1,-1,TO
../resources/benchmarks/random0/b0_r5_c10_l5000_i50_ps0_05_pt0_95_j5_5.stl,-1,-1,TO
../resources/benchmarks/random0/b0_r5_c10_l5000_i50_ps0_15_pt0_33_j10_1.stl,0.1,12404,sat
../resources/benchmarks/random0/b0_r5_c10_l5000_i50_ps0_15_pt0_33_j10_2.stl,0.0,7813.6,unsat
../resources/benchmarks/random0/b0_r5_c10_l5000_i50_ps0_15_pt0_33_j10_3.stl,0.01,10872,sat
../resources/benchmarks/random0/b0_r5_c10_l5000_i50_ps0_15_pt0_33_j10_4.stl,0.01,7776.8,unsat
../resources/benchmarks/random0/b0_r5_c10_l5000_i50_ps0_15_pt0_33_j10_5.stl,0.064,21643.2,sat
../resources/benchmarks/random0/b0_r5_c10_l5000_i50_ps0_15_pt0_33_j5_1.stl,0.04,46875.2,sat
../resources/benchmarks/random0/b0_r5_c10_l5000_i50_ps0_15_pt0_33_j5_2.stl,0.032,42856.8,sat
../resources/benchmarks/random0/b0_r5_c10_l5000_i50_ps0_15_pt0_33_j5_3.stl,0.22,49318.4,sat
../resources/benchmarks/random0/b0_r5_c10_l5000_i50_ps0_15_pt0_33_j5_4.stl,0.01,32397.6,unsat
../resources/benchmarks/random0/b0_r5_c10_l5000_i50_ps0_15_pt0_33_j5_5.stl,-1,-1,TO
../resources/benchmarks/random0/b0_r5_c10_l5000_i50_ps0_15_pt0_5_j10_1.stl,0.07,49956.8,sat
../resources/benchmarks/random0/b0_r5_c10_l5000_i50_ps0_15_pt0_5_j10_2.stl,-1,-1,TO
../resources/benchmarks/random0/b0_r5_c10_l5000_i50_ps0_15_pt0_5_j10_3.stl,0.35000000000000003,66836.8,sat
../resources/benchmarks/random0/b0_r5_c10_l5000_i50_ps0_15_pt0_5_j10_4.stl,0.0,7812,unsat
../resources/benchmarks/random0/b0_r5_c10_l5000_i50_ps0_15_pt0_5_j10_5.stl,-1,-1,TO
../resources/benchmarks/random0/b0_r5_c10_l5000_i50_ps0_15_pt0_5_j5_1.stl,0.0,7803.2,unsat
../resources/benchmarks/random0/b0_r5_c10_l5000_i50_ps0_15_pt0_5_j5_2.stl,0.08,56083.2,sat
../resources/benchmarks/random0/b0_r5_c10_l5000_i50_ps0_15_pt0_5_j5_3.stl,0.272,68992.8,sat
../resources/benchmarks/random0/b0_r5_c10_l5000_i50_ps0_15_pt0_5_j5_4.stl,0.03,42229.6,sat
../resources/benchmarks/random0/b0_r5_c10_l5000_i50_ps0_15_pt0_5_j5_5.stl,0.06,41956,sat
../resources/benchmarks/random0/b0_r5_c10_l5000_i50_ps0_15_pt0_75_j10_1.stl,-1,-1,TO
../resources/benchmarks/random0/b0_r5_c10_l5000_i50_ps0_15_pt0_75_j10_2.stl,0.0,7784.8,unsat
../resources/benchmarks/random0/b0_r5_c10_l5000_i50_ps0_15_pt0_75_j10_3.stl,31.84,80649.6,sat
../resources/benchmarks/random0/b0_r5_c10_l5000_i50_ps0_15_pt0_75_j10_4.stl,-1,-1,TO
../resources/benchmarks/random0/b0_r5_c10_l5000_i50_ps0_15_pt0_75_j10_5.stl,-1,-1,TO
../resources/benchmarks/random0/b0_r5_c10_l5000_i50_ps0_15_pt0_75_j5_1.stl,0.03,41020.8,sat
../resources/benchmarks/random0/b0_r5_c10_l5000_i50_ps0_15_pt0_75_j5_2.stl,0.01,34886.4,sat
../resources/benchmarks/random0/b0_r5_c10_l5000_i50_ps0_15_pt0_75_j5_3.stl,0.0,7790.4,unsat
../resources/benchmarks/random0/b0_r5_c10_l5000_i50_ps0_15_pt0_75_j5_4.stl,0.0,7808,unsat
../resources/benchmarks/random0/b0_r5_c10_l5000_i50_ps0_15_pt0_75_j5_5.stl,-1,-1,TO
../resources/benchmarks/random0/b0_r5_c10_l5000_i50_ps0_15_pt0_95_j10_1.stl,21.445999999999998,205054.4,sat
../resources/benchmarks/random0/b0_r5_c10_l5000_i50_ps0_15_pt0_95_j10_2.stl,-1,-1,TO
../resources/benchmarks/random0/b0_r5_c10_l5000_i50_ps0_15_pt0_95_j10_3.stl,0.0,7821.6,unsat
../resources/benchmarks/random0/b0_r5_c10_l5000_i50_ps0_15_pt0_95_j10_4.stl,-1,-1,TO
../resources/benchmarks/random0/b0_r5_c10_l5000_i50_ps0_15_pt0_95_j10_5.stl,119.632,73577.6,sat
../resources/benchmarks/random0/b0_r5_c10_l5000_i50_ps0_15_pt0_95_j5_1.stl,-1,-1,TO
../resources/benchmarks/random0/b0_r5_c10_l5000_i50_ps0_15_pt0_95_j5_2.stl,0.082,54250.4,sat
../resources/benchmarks/random0/b0_r5_c10_l5000_i50_ps0_15_pt0_95_j5_3.stl,0.18,51785.6,sat
../resources/benchmarks/random0/b0_r5_c10_l5000_i50_ps0_15_pt0_95_j5_4.stl,0.054,54836.8,sat
../resources/benchmarks/random0/b0_r5_c10_l5000_i50_ps0_15_pt0_95_j5_5.stl,-1,-1,TO
../resources/benchmarks/random0/b0_r5_c10_l5000_i50_ps0_1_pt0_33_j10_1.stl,0.474,100925.6,sat
../resources/benchmarks/random0/b0_r5_c10_l5000_i50_ps0_1_pt0_33_j10_2.stl,0.296,71758.4,sat
../resources/benchmarks/random0/b0_r5_c10_l5000_i50_ps0_1_pt0_33_j10_3.stl,0.33,63455.2,sat
../resources/benchmarks/random0/b0_r5_c10_l5000_i50_ps0_1_pt0_33_j10_4.stl,-1,-1,TO
../resources/benchmarks/random0/b0_r5_c10_l5000_i50_ps0_1_pt0_33_j10_5.stl,-1,-1,TO
../resources/benchmarks/random0/b0_r5_c10_l5000_i50_ps0_1_pt0_33_j5_1.stl,0.0,7821.6,unsat
../resources/benchmarks/random0/b0_r5_c10_l5000_i50_ps0_1_pt0_33_j5_2.stl,-1,-1,TO
../resources/benchmarks/random0/b0_r5_c10_l5000_i50_ps0_1_pt0_33_j5_3.stl,0.02,33984,sat
../resources/benchmarks/random0/b0_r5_c10_l5000_i50_ps0_1_pt0_33_j5_4.stl,0.0,7791.2,unsat
../resources/benchmarks/random0/b0_r5_c10_l5000_i50_ps0_1_pt0_33_j5_5.stl,0.07,44076,sat
../resources/benchmarks/random0/b0_r5_c10_l5000_i50_ps0_1_pt0_5_j10_1.stl,-1,-1,TO
../resources/benchmarks/random0/b0_r5_c10_l5000_i50_ps0_1_pt0_5_j10_2.stl,-1,-1,TO
../resources/benchmarks/random0/b0_r5_c10_l5000_i50_ps0_1_pt0_5_j10_3.stl,0.318,81904,sat
../resources/benchmarks/random0/b0_r5_c10_l5000_i50_ps0_1_pt0_5_j10_4.stl,0.01,9336.8,unsat
../resources/benchmarks/random0/b0_r5_c10_l5000_i50_ps0_1_pt0_5_j10_5.stl,-1,-1,TO
../resources/benchmarks/random0/b0_r5_c10_l5000_i50_ps0_1_pt0_5_j5_1.stl,1.522,84637.6,sat
../resources/benchmarks/random0/b0_r5_c10_l5000_i50_ps0_1_pt0_5_j5_2.stl,0.13,68376,sat
../resources/benchmarks/random0/b0_r5_c10_l5000_i50_ps0_1_pt0_5_j5_3.stl,0.34,70190.4,sat
../resources/benchmarks/random0/b0_r5_c10_l5000_i50_ps0_1_pt0_5_j5_4.stl,0.062,48380,sat
../resources/benchmarks/random0/b0_r5_c10_l5000_i50_ps0_1_pt0_5_j5_5.stl,0.202,57313.6,sat
../resources/benchmarks/random0/b0_r5_c10_l5000_i50_ps0_1_pt0_75_j10_1.stl,-1,-1,TO
../resources/benchmarks/random0/b0_r5_c10_l5000_i50_ps0_1_pt0_75_j10_2.stl,-1,-1,TO
../resources/benchmarks/random0/b0_r5_c10_l5000_i50_ps0_1_pt0_75_j10_3.stl,-1,-1,TO
../resources/benchmarks/random0/b0_r5_c10_l5000_i50_ps0_1_pt0_75_j10_4.stl,-1,-1,TO
../resources/benchmarks/random0/b0_r5_c10_l5000_i50_ps0_1_pt0_75_j10_5.stl,-1,-1,TO
../resources/benchmarks/random0/b0_r5_c10_l5000_i50_ps0_1_pt0_75_j5_1.stl,0.276,111076,sat
../resources/benchmarks/random0/b0_r5_c10_l5000_i50_ps0_1_pt0_75_j5_2.stl,0.23600000000000002,53313.6,sat
../resources/benchmarks/random0/b0_r5_c10_l5000_i50_ps0_1_pt0_75_j5_3.stl,0.1,81879.2,sat
../resources/benchmarks/random0/b0_r5_c10_l5000_i50_ps0_1_pt0_75_j5_4.stl,0.59,82488,sat
../resources/benchmarks/random0/b0_r5_c10_l5000_i50_ps0_1_pt0_75_j5_5.stl,-1,-1,TO
../resources/benchmarks/random0/b0_r5_c10_l5000_i50_ps0_1_pt0_95_j10_1.stl,-1,-1,TO
../resources/benchmarks/random0/b0_r5_c10_l5000_i50_ps0_1_pt0_95_j10_2.stl,-1,-1,TO
../resources/benchmarks/random0/b0_r5_c10_l5000_i50_ps0_1_pt0_95_j10_3.stl,-1,-1,TO
../resources/benchmarks/random0/b0_r5_c10_l5000_i50_ps0_1_pt0_95_j10_4.stl,-1,-1,TO
../resources/benchmarks/random0/b0_r5_c10_l5000_i50_ps0_1_pt0_95_j10_5.stl,-1,-1,TO
../resources/benchmarks/random0/b0_r5_c10_l5000_i50_ps0_1_pt0_95_j5_1.stl,-1,-1,TO
../resources/benchmarks/random0/b0_r5_c10_l5000_i50_ps0_1_pt0_95_j5_2.stl,-1,-1,TO
../resources/benchmarks/random0/b0_r5_c10_l5000_i50_ps0_1_pt0_95_j5_3.stl,0.304,57615.2,sat
../resources/benchmarks/random0/b0_r5_c10_l5000_i50_ps0_1_pt0_95_j5_4.stl,-1,-1,TO
../resources/benchmarks/random0/b0_r5_c10_l5000_i50_ps0_1_pt0_95_j5_5.stl,0.314,109529.6,sat
../resources/benchmarks/random0/b0_r5_c10_l5000_i50_ps0_25_pt0_33_j10_1.stl,0.0,7792.8,unsat
../resources/benchmarks/random0/b0_r5_c10_l5000_i50_ps0_25_pt0_33_j10_2.stl,0.0,7790.4,unsat
../resources/benchmarks/random0/b0_r5_c10_l5000_i50_ps0_25_pt0_33_j10_3.stl,14.006,40115.2,unsat
../resources/benchmarks/random0/b0_r5_c10_l5000_i50_ps0_25_pt0_33_j10_4.stl,0.01,33032.8,sat
../resources/benchmarks/random0/b0_r5_c10_l5000_i50_ps0_25_pt0_33_j10_5.stl,0.0,7798.4,unsat
../resources/benchmarks/random0/b0_r5_c10_l5000_i50_ps0_25_pt0_33_j5_1.stl,0.01,35795.2,sat
../resources/benchmarks/random0/b0_r5_c10_l5000_i50_ps0_25_pt0_33_j5_2.stl,0.01,33049.6,sat
../resources/benchmarks/random0/b0_r5_c10_l5000_i50_ps0_25_pt0_33_j5_3.stl,0.01,33349.6,sat
../resources/benchmarks/random0/b0_r5_c10_l5000_i50_ps0_25_pt0_33_j5_4.stl,0.09,43784,sat
../resources/benchmarks/random0/b0_r5_c10_l5000_i50_ps0_25_pt0_33_j5_5.stl,0.0,7830.4,unsat
../resources/benchmarks/random0/b0_r5_c10_l5000_i50_ps0_25_pt0_5_j10_1.stl,0.08,53928.8,sat
../resources/benchmarks/random0/b0_r5_c10_l5000_i50_ps0_25_pt0_5_j10_2.stl,0.01,33071.2,unsat
../resources/benchmarks/random0/b0_r5_c10_l5000_i50_ps0_25_pt0_5_j10_3.stl,2.07,44415.2,sat
../resources/benchmarks/random0/b0_r5_c10_l5000_i50_ps0_25_pt0_5_j10_4.stl,0.01,33636.8,unsat
../resources/benchmarks/random0/b0_r5_c10_l5000_i50_ps0_25_pt0_5_j10_5.stl,0.03,46882.4,sat
../resources/benchmarks/random0/b0_r5_c10_l5000_i50_ps0_25_pt0_5_j5_1.stl,0.01,30885.6,unsat
../resources/benchmarks/random0/b0_r5_c10_l5000_i50_ps0_25_pt0_5_j5_2.stl,0.01,33042.4,unsat
../resources/benchmarks/random0/b0_r5_c10_l5000_i50_ps0_25_pt0_5_j5_3.stl,0.01,33040,sat
../resources/benchmarks/random0/b0_r5_c10_l5000_i50_ps0_25_pt0_5_j5_4.stl,0.04,53299.2,sat
../resources/benchmarks/random0/b0_r5_c10_l5000_i50_ps0_25_pt0_5_j5_5.stl,0.01,33059.2,sat
../resources/benchmarks/random0/b0_r5_c10_l5000_i50_ps0_25_pt0_75_j10_1.stl,0.0,7779.2,unsat
../resources/benchmarks/random0/b0_r5_c10_l5000_i50_ps0_25_pt0_75_j10_2.stl,-1,-1,TO
../resources/benchmarks/random0/b0_r5_c10_l5000_i50_ps0_25_pt0_75_j10_3.stl,0.0,7773.6,unsat
../resources/benchmarks/random0/b0_r5_c10_l5000_i50_ps0_25_pt0_75_j10_4.stl,-1,-1,TO
../resources/benchmarks/random0/b0_r5_c10_l5000_i50_ps0_25_pt0_75_j10_5.stl,0.0,7488.8,unsat
../resources/benchmarks/random0/b0_r5_c10_l5000_i50_ps0_25_pt0_75_j5_1.stl,0.024,40736.8,sat
../resources/benchmarks/random0/b0_r5_c10_l5000_i50_ps0_25_pt0_75_j5_2.stl,0.03,44731.2,sat
../resources/benchmarks/random0/b0_r5_c10_l5000_i50_ps0_25_pt0_75_j5_3.stl,0.01,32751.2,sat
../resources/benchmarks/random0/b0_r5_c10_l5000_i50_ps0_25_pt0_75_j5_4.stl,2.384,51788.8,sat
../resources/benchmarks/random0/b0_r5_c10_l5000_i50_ps0_25_pt0_75_j5_5.stl,0.01,33028,sat
../resources/benchmarks/random0/b0_r5_c10_l5000_i50_ps0_25_pt0_95_j10_1.stl,0.196,68360.8,sat
../resources/benchmarks/random0/b0_r5_c10_l5000_i50_ps0_25_pt0_95_j10_2.stl,0.362,66524.8,sat
../resources/benchmarks/random0/b0_r5_c10_l5000_i50_ps0_25_pt0_95_j10_3.stl,-1,-1,TO
../resources/benchmarks/random0/b0_r5_c10_l5000_i50_ps0_25_pt0_95_j10_4.stl,-1,-1,TO
../resources/benchmarks/random0/b0_r5_c10_l5000_i50_ps0_25_pt0_95_j10_5.stl,0.0,7783.2,unsat
../resources/benchmarks/random0/b0_r5_c10_l5000_i50_ps0_25_pt0_95_j5_1.stl,0.05,47490.4,sat
../resources/benchmarks/random0/b0_r5_c10_l5000_i50_ps0_25_pt0_95_j5_2.stl,0.01,36416.8,sat
../resources/benchmarks/random0/b0_r5_c10_l5000_i50_ps0_25_pt0_95_j5_3.stl,0.13,46592,sat
../resources/benchmarks/random0/b0_r5_c10_l5000_i50_ps0_25_pt0_95_j5_4.stl,0.05,46268.8,sat
../resources/benchmarks/random0/b0_r5_c10_l5000_i50_ps0_25_pt0_95_j5_5.stl,0.01,33370.4,sat
../resources/benchmarks/random0/b0_r5_c10_l5000_i50_ps0_2_pt0_33_j10_1.stl,-1,-1,TO
../resources/benchmarks/random0/b0_r5_c10_l5000_i50_ps0_2_pt0_33_j10_2.stl,0.018000000000000002,34262.4,sat
../resources/benchmarks/random0/b0_r5_c10_l5000_i50_ps0_2_pt0_33_j10_3.stl,0.788,33980,unsat
../resources/benchmarks/random0/b0_r5_c10_l5000_i50_ps0_2_pt0_33_j10_4.stl,0.01,33054.4,unsat
../resources/benchmarks/random0/b0_r5_c10_l5000_i50_ps0_2_pt0_33_j10_5.stl,0.03,44088,sat
../resources/benchmarks/random0/b0_r5_c10_l5000_i50_ps0_2_pt0_33_j5_1.stl,0.026,45012,sat
../resources/benchmarks/random0/b0_r5_c10_l5000_i50_ps0_2_pt0_33_j5_2.stl,0.03,48131.2,sat
../resources/benchmarks/random0/b0_r5_c10_l5000_i50_ps0_2_pt0_33_j5_3.stl,0.01,32733.6,sat
../resources/benchmarks/random0/b0_r5_c10_l5000_i50_ps0_2_pt0_33_j5_4.stl,0.034,52694.4,sat
../resources/benchmarks/random0/b0_r5_c10_l5000_i50_ps0_2_pt0_33_j5_5.stl,0.07,61000.8,sat
../resources/benchmarks/random0/b0_r5_c10_l5000_i50_ps0_2_pt0_5_j10_1.stl,-1,-1,TO
../resources/benchmarks/random0/b0_r5_c10_l5000_i50_ps0_2_pt0_5_j10_2.stl,0.01,32424,unsat
../resources/benchmarks/random0/b0_r5_c10_l5000_i50_ps0_2_pt0_5_j10_3.stl,0.02,36090.4,sat
../resources/benchmarks/random0/b0_r5_c10_l5000_i50_ps0_2_pt0_5_j10_4.stl,0.352,74853.6,sat
../resources/benchmarks/random0/b0_r5_c10_l5000_i50_ps0_2_pt0_5_j10_5.stl,0.01,32724,unsat
../resources/benchmarks/random0/b0_r5_c10_l5000_i50_ps0_2_pt0_5_j5_1.stl,0.34,56690.4,sat
../resources/benchmarks/random0/b0_r5_c10_l5000_i50_ps0_2_pt0_5_j5_2.stl,0.04,51512,sat
../resources/benchmarks/random0/b0_r5_c10_l5000_i50_ps0_2_pt0_5_j5_3.stl,0.036,41963.2,sat
../resources/benchmarks/random0/b0_r5_c10_l5000_i50_ps0_2_pt0_5_j5_4.stl,0.0,7808.8,unsat
../resources/benchmarks/random0/b0_r5_c10_l5000_i50_ps0_2_pt0_5_j5_5.stl,0.03,43796.8,sat
../resources/benchmarks/random0/b0_r5_c10_l5000_i50_ps0_2_pt0_75_j10_1.stl,0.01,32735.2,unsat
../resources/benchmarks/random0/b0_r5_c10_l5000_i50_ps0_2_pt0_75_j10_2.stl,0.01,32736.8,unsat
../resources/benchmarks/random0/b0_r5_c10_l5000_i50_ps0_2_pt0_75_j10_3.stl,0.068,52067.2,sat
../resources/benchmarks/random0/b0_r5_c10_l5000_i50_ps0_2_pt0_75_j10_4.stl,-1,-1,TO
../resources/benchmarks/random0/b0_r5_c10_l5000_i50_ps0_2_pt0_75_j10_5.stl,0.01,32745.6,unsat
../resources/benchmarks/random0/b0_r5_c10_l5000_i50_ps0_2_pt0_75_j5_1.stl,0.01,32701.6,sat
../resources/benchmarks/random0/b0_r5_c10_l5000_i50_ps0_2_pt0_75_j5_2.stl,0.13,54214.4,sat
../resources/benchmarks/random0/b0_r5_c10_l5000_i50_ps0_2_pt0_75_j5_3.stl,0.192,65908,sat
../resources/benchmarks/random0/b0_r5_c10_l5000_i50_ps0_2_pt0_75_j5_4.stl,0.04,49927.2,sat
../resources/benchmarks/random0/b0_r5_c10_l5000_i50_ps0_2_pt0_75_j5_5.stl,0.022,38880,sat
../resources/benchmarks/random0/b0_r5_c10_l5000_i50_ps0_2_pt0_95_j10_1.stl,-1,-1,TO
../resources/benchmarks/random0/b0_r5_c10_l5000_i50_ps0_2_pt0_95_j10_2.stl,-1,-1,TO
../resources/benchmarks/random0/b0_r5_c10_l5000_i50_ps0_2_pt0_95_j10_3.stl,-1,-1,TO
../resources/benchmarks/random0/b0_r5_c10_l5000_i50_ps0_2_pt0_95_j10_4.stl,-1,-1,TO
../resources/benchmarks/random0/b0_r5_c10_l5000_i50_ps0_2_pt0_95_j10_5.stl,-1,-1,TO
../resources/benchmarks/random0/b0_r5_c10_l5000_i50_ps0_2_pt0_95_j5_1.stl,0.0,7811.2,unsat
../resources/benchmarks/random0/b0_r5_c10_l5000_i50_ps0_2_pt0_95_j5_2.stl,0.09,45014.4,sat
../resources/benchmarks/random0/b0_r5_c10_l5000_i50_ps0_2_pt0_95_j5_3.stl,0.064,57288,sat
../resources/benchmarks/random0/b0_r5_c10_l5000_i50_ps0_2_pt0_95_j5_4.stl,0.03,39786.4,sat
../resources/benchmarks/random0/b0_r5_c10_l5000_i50_ps0_2_pt0_95_j5_5.stl,0.03,51492.8,sat
../resources/benchmarks/random0/b0_r5_c10_l500_i1000_ps0_05_pt0_33_j10_1.stl,-1,-1,TO
../resources/benchmarks/random0/b0_r5_c10_l500_i1000_ps0_05_pt0_33_j10_2.stl,-1,-1,TO
../resources/benchmarks/random0/b0_r5_c10_l500_i1000_ps0_05_pt0_33_j10_3.stl,-1,-1,TO
../resources/benchmarks/random0/b0_r5_c10_l500_i1000_ps0_05_pt0_33_j10_4.stl,-1,-1,TO
../resources/benchmarks/random0/b0_r5_c10_l500_i1000_ps0_05_pt0_33_j10_5.stl,-1,-1,TO
../resources/benchmarks/random0/b0_r5_c10_l500_i1000_ps0_05_pt0_33_j5_1.stl,28.228,174025.6,sat
../resources/benchmarks/random0/b0_r5_c10_l500_i1000_ps0_05_pt0_33_j5_2.stl,-1,-1,TO
../resources/benchmarks/random0/b0_r5_c10_l500_i1000_ps0_05_pt0_33_j5_3.stl,-1,-1,TO
../resources/benchmarks/random0/b0_r5_c10_l500_i1000_ps0_05_pt0_33_j5_4.stl,-1,-1,TO
../resources/benchmarks/random0/b0_r5_c10_l500_i1000_ps0_05_pt0_33_j5_5.stl,-1,-1,TO
../resources/benchmarks/random0/b0_r5_c10_l500_i1000_ps0_05_pt0_5_j10_1.stl,-1,-1,TO
../resources/benchmarks/random0/b0_r5_c10_l500_i1000_ps0_05_pt0_5_j10_2.stl,-1,-1,TO
../resources/benchmarks/random0/b0_r5_c10_l500_i1000_ps0_05_pt0_5_j10_3.stl,-1,-1,TO
../resources/benchmarks/random0/b0_r5_c10_l500_i1000_ps0_05_pt0_5_j10_4.stl,-1,-1,TO
../resources/benchmarks/random0/b0_r5_c10_l500_i1000_ps0_05_pt0_5_j10_5.stl,-1,-1,TO
../resources/benchmarks/random0/b0_r5_c10_l500_i1000_ps0_05_pt0_5_j5_1.stl,17.542,3187052,sat
../resources/benchmarks/random0/b0_r5_c10_l500_i1000_ps0_05_pt0_5_j5_2.stl,-1,-1,TO
../resources/benchmarks/random0/b0_r5_c10_l500_i1000_ps0_05_pt0_5_j5_3.stl,-1,-1,TO
../resources/benchmarks/random0/b0_r5_c10_l500_i1000_ps0_05_pt0_5_j5_4.stl,2.266,432990.4,sat
../resources/benchmarks/random0/b0_r5_c10_l500_i1000_ps0_05_pt0_5_j5_5.stl,-1,-1,TO
../resources/benchmarks/random0/b0_r5_c10_l500_i1000_ps0_05_pt0_75_j10_1.stl,0.15,21628,unsat
../resources/benchmarks/random0/b0_r5_c10_l500_i1000_ps0_05_pt0_75_j10_2.stl,-1,-1,TO
../resources/benchmarks/random0/b0_r5_c10_l500_i1000_ps0_05_pt0_75_j10_3.stl,-1,-1,TO
../resources/benchmarks/random0/b0_r5_c10_l500_i1000_ps0_05_pt0_75_j10_4.stl,-1,-1,TO
../resources/benchmarks/random0/b0_r5_c10_l500_i1000_ps0_05_pt0_75_j10_5.stl,-1,-1,TO
../resources/benchmarks/random0/b0_r5_c10_l500_i1000_ps0_05_pt0_75_j5_1.stl,-1,-1,TO
../resources/benchmarks/random0/b0_r5_c10_l500_i1000_ps0_05_pt0_75_j5_2.stl,-1,-1,TO
../resources/benchmarks/random0/b0_r5_c10_l500_i1000_ps0_05_pt0_75_j5_3.stl,-1,-1,TO
../resources/benchmarks/random0/b0_r5_c10_l500_i1000_ps0_05_pt0_75_j5_4.stl,-1,-1,TO
../resources/benchmarks/random0/b0_r5_c10_l500_i1000_ps0_05_pt0_75_j5_5.stl,-1,-1,TO
../resources/benchmarks/random0/b0_r5_c10_l500_i1000_ps0_05_pt0_95_j10_1.stl,-1,-1,TO
../resources/benchmarks/random0/b0_r5_c10_l500_i1000_ps0_05_pt0_95_j10_2.stl,-1,-1,TO
../resources/benchmarks/random0/b0_r5_c10_l500_i1000_ps0_05_pt0_95_j10_3.stl,-1,-1,TO
../resources/benchmarks/random0/b0_r5_c10_l500_i1000_ps0_05_pt0_95_j10_4.stl,-1,-1,TO
../resources/benchmarks/random0/b0_r5_c10_l500_i1000_ps0_05_pt0_95_j10_5.stl,-1,-1,TO
../resources/benchmarks/random0/b0_r5_c10_l500_i1000_ps0_05_pt0_95_j5_1.stl,-1,-1,TO
../resources/benchmarks/random0/b0_r5_c10_l500_i1000_ps0_05_pt0_95_j5_2.stl,-1,-1,TO
../resources/benchmarks/random0/b0_r5_c10_l500_i1000_ps0_05_pt0_95_j5_3.stl,-1,-1,TO
../resources/benchmarks/random0/b0_r5_c10_l500_i1000_ps0_05_pt0_95_j5_4.stl,0.024,10856,unsat
../resources/benchmarks/random0/b0_r5_c10_l500_i1000_ps0_05_pt0_95_j5_5.stl,-1,-1,TO
../resources/benchmarks/random0/b0_r5_c10_l500_i1000_ps0_15_pt0_33_j10_1.stl,-1,-1,TO
../resources/benchmarks/random0/b0_r5_c10_l500_i1000_ps0_15_pt0_33_j10_2.stl,0.0,7784,unsat
../resources/benchmarks/random0/b0_r5_c10_l500_i1000_ps0_15_pt0_33_j10_3.stl,0.01,33031.2,unsat
../resources/benchmarks/random0/b0_r5_c10_l500_i1000_ps0_15_pt0_33_j10_4.stl,0.02,34554.4,sat
../resources/benchmarks/random0/b0_r5_c10_l500_i1000_ps0_15_pt0_33_j10_5.stl,8.346,240720.8,sat
../resources/benchmarks/random0/b0_r5_c10_l500_i1000_ps0_15_pt0_33_j5_1.stl,0.01,33328,sat
../resources/benchmarks/random0/b0_r5_c10_l500_i1000_ps0_15_pt0_33_j5_2.stl,0.03,51476.8,sat
../resources/benchmarks/random0/b0_r5_c10_l500_i1000_ps0_15_pt0_33_j5_3.stl,0.526,257285.6,sat
../resources/benchmarks/random0/b0_r5_c10_l500_i1000_ps0_15_pt0_33_j5_4.stl,0.01,32748,sat
../resources/benchmarks/random0/b0_r5_c10_l500_i1000_ps0_15_pt0_33_j5_5.stl,0.20400000000000001,187543.2,sat
../resources/benchmarks/random0/b0_r5_c10_l500_i1000_ps0_15_pt0_5_j10_1.stl,10.084,263751.2,sat
../resources/benchmarks/random0/b0_r5_c10_l500_i1000_ps0_15_pt0_5_j10_2.stl,0.728,32741.6,unsat
../resources/benchmarks/random0/b0_r5_c10_l500_i1000_ps0_15_pt0_5_j10_3.stl,0.22,95368.8,sat
../resources/benchmarks/random0/b0_r5_c10_l500_i1000_ps0_15_pt0_5_j10_4.stl,-1,-1,TO
../resources/benchmarks/random0/b0_r5_c10_l500_i1000_ps0_15_pt0_5_j10_5.stl,0.01,32435.2,unsat
../resources/benchmarks/random0/b0_r5_c10_l500_i1000_ps0_15_pt0_5_j5_1.stl,0.738,70852,sat
../resources/benchmarks/random0/b0_r5_c10_l500_i1000_ps0_15_pt0_5_j5_2.stl,-1,-1,TO
../resources/benchmarks/random0/b0_r5_c10_l500_i1000_ps0_15_pt0_5_j5_3.stl,0.268,129783.2,sat
../resources/benchmarks/random0/b0_r5_c10_l500_i1000_ps0_15_pt0_5_j5_4.stl,8.33,162356,sat
../resources/benchmarks/random0/b0_r5_c10_l500_i1000_ps0_15_pt0_5_j5_5.stl,0.066,75117.6,sat
../resources/benchmarks/random0/b0_r5_c10_l500_i1000_ps0_15_pt0_75_j10_1.stl,88.058,244996.8,sat
../resources/benchmarks/random0/b0_r5_c10_l500_i1000_ps0_15_pt0_75_j10_2.stl,-1,-1,TO
../resources/benchmarks/random0/b0_r5_c10_l500_i1000_ps0_15_pt0_75_j10_3.stl,-1,-1,TO
../resources/benchmarks/random0/b0_r5_c10_l500_i1000_ps0_15_pt0_75_j10_4.stl,0.01,32747.2,unsat
../resources/benchmarks/random0/b0_r5_c10_l500_i1000_ps0_15_pt0_75_j10_5.stl,-1,-1,TO
../resources/benchmarks/random0/b0_r5_c10_l500_i1000_ps0_15_pt0_75_j5_1.stl,0.02,34583.2,sat
../resources/benchmarks/random0/b0_r5_c10_l500_i1000_ps0_15_pt0_75_j5_2.stl,0.34600000000000003,223824.8,sat
../resources/benchmarks/random0/b0_r5_c10_l500_i1000_ps0_15_pt0_75_j5_3.stl,31.348,287718.4,sat
../resources/benchmarks/random0/b0_r5_c10_l500_i1000_ps0_15_pt0_75_j5_4.stl,0.09,33016,unsat
../resources/benchmarks/random0/b0_r5_c10_l500_i1000_ps0_15_pt0_75_j5_5.stl,0.252,160532,sat
../resources/benchmarks/random0/b0_r5_c10_l500_i1000_ps0_15_pt0_95_j10_1.stl,13.834,196140.8,sat
../resources/benchmarks/random0/b0_r5_c10_l500_i1000_ps0_15_pt0_95_j10_2.stl,-1,-1,TO
../resources/benchmarks/random0/b0_r5_c10_l500_i1000_ps0_15_pt0_95_j10_3.stl,-1,-1,TO
../resources/benchmarks/random0/b0_r5_c10_l500_i1000_ps0_15_pt0_95_j10_4.stl,-1,-1,TO
../resources/benchmarks/random0/b0_r5_c10_l500_i1000_ps0_15_pt0_95_j10_5.stl,-1,-1,TO
../resources/benchmarks/random0/b0_r5_c10_l500_i1000_ps0_15_pt0_95_j5_1.stl,23.058,6344728.8,sat
../resources/benchmarks/random0/b0_r5_c10_l500_i1000_ps0_15_pt0_95_j5_2.stl,0.26,127339.2,sat
../resources/benchmarks/random0/b0_r5_c10_l500_i1000_ps0_15_pt0_95_j5_3.stl,0.01,32436,unsat
../resources/benchmarks/random0/b0_r5_c10_l500_i1000_ps0_15_pt0_95_j5_4.stl,0.17,138707.2,sat
../resources/benchmarks/random0/b0_r5_c10_l500_i1000_ps0_15_pt0_95_j5_5.stl,-1,-1,TO
../resources/benchmarks/random0/b0_r5_c10_l500_i1000_ps0_1_pt0_33_j10_1.stl,-1,-1,TO
../resources/benchmarks/random0/b0_r5_c10_l500_i1000_ps0_1_pt0_33_j10_2.stl,5.81,41955.2,unsat
../resources/benchmarks/random0/b0_r5_c10_l500_i1000_ps0_1_pt0_33_j10_3.stl,-1,-1,TO
../resources/benchmarks/random0/b0_r5_c10_l500_i1000_ps0_1_pt0_33_j10_4.stl,-1,-1,TO
../resources/benchmarks/random0/b0_r5_c10_l500_i1000_ps0_1_pt0_33_j10_5.stl,0.828,36115.2,unsat
../resources/benchmarks/random0/b0_r5_c10_l500_i1000_ps0_1_pt0_33_j5_1.stl,-1,-1,TO
../resources/benchmarks/random0/b0_r5_c10_l500_i1000_ps0_1_pt0_33_j5_2.stl,0.756,173096.8,sat
../resources/benchmarks/random0/b0_r5_c10_l500_i1000_ps0_1_pt0_33_j5_3.stl,98.456,5047144.8,sat
../resources/benchmarks/random0/b0_r5_c10_l500_i1000_ps0_1_pt0_33_j5_4.stl,0.22,194316.8,sat
../resources/benchmarks/random0/b0_r5_c10_l500_i1000_ps0_1_pt0_33_j5_5.stl,0.272,156871.2,sat
../resources/benchmarks/random0/b0_r5_c10_l500_i1000_ps0_1_pt0_5_j10_1.stl,-1,-1,TO
../resources/benchmarks/random0/b0_r5_c10_l500_i1000_ps0_1_pt0_5_j10_2.stl,-1,-1,TO
../resources/benchmarks/random0/b0_r5_c10_l500_i1000_ps0_1_pt0_5_j10_3.stl,0.286,148243.2,sat
../resources/benchmarks/random0/b0_r5_c10_l500_i1000_ps0_1_pt0_5_j10_4.stl,0.0,7778.4,unsat
../resources/benchmarks/random0/b0_r5_c10_l500_i1000_ps0_1_pt0_5_j10_5.stl,-1,-1,TO
../resources/benchmarks/random0/b0_r5_c10_l500_i1000_ps0_1_pt0_5_j5_1.stl,-1,-1,TO
../resources/benchmarks/random0/b0_r5_c10_l500_i1000_ps0_1_pt0_5_j5_2.stl,0.118,43131.2,sat
../resources/benchmarks/random0/b0_r5_c10_l500_i1000_ps0_1_pt0_5_j5_3.stl,0.08,13940,sat
../resources/benchmarks/random0/b0_r5_c10_l500_i1000_ps0_1_pt0_5_j5_4.stl,-1,-1,TO
../resources/benchmarks/random0/b0_r5_c10_l500_i1000_ps0_1_pt0_5_j5_5.stl,0.12,40664,sat
../resources/benchmarks/random0/b0_r5_c10_l500_i1000_ps0_1_pt0_75_j10_1.stl,-1,-1,TO
../resources/benchmarks/random0/b0_r5_c10_l500_i1000_ps0_1_pt0_75_j10_2.stl,-1,-1,TO
../resources/benchmarks/random0/b0_r5_c10_l500_i1000_ps0_1_pt0_75_j10_3.stl,-1,-1,TO
../resources/benchmarks/random0/b0_r5_c10_l500_i1000_ps0_1_pt0_75_j10_4.stl,-1,-1,TO
../resources/benchmarks/random0/b0_r5_c10_l500_i1000_ps0_1_pt0_75_j10_5.stl,0.016,32408.8,unsat
../resources/benchmarks/random0/b0_r5_c10_l500_i1000_ps0_1_pt0_75_j5_1.stl,0.0,7774.4,unsat
../resources/benchmarks/random0/b0_r5_c10_l500_i1000_ps0_1_pt0_75_j5_2.stl,43.364,135036,sat
../resources/benchmarks/random0/b0_r5_c10_l500_i1000_ps0_1_pt0_75_j5_3.stl,-1,-1,TO
../resources/benchmarks/random0/b0_r5_c10_l500_i1000_ps0_1_pt0_75_j5_4.stl,-1,-1,TO
../resources/benchmarks/random0/b0_r5_c10_l500_i1000_ps0_1_pt0_75_j5_5.stl,-1,-1,TO
../resources/benchmarks/random0/b0_r5_c10_l500_i1000_ps0_1_pt0_95_j10_1.stl,-1,-1,TO
../resources/benchmarks/random0/b0_r5_c10_l500_i1000_ps0_1_pt0_95_j10_2.stl,-1,-1,TO
../resources/benchmarks/random0/b0_r5_c10_l500_i1000_ps0_1_pt0_95_j10_3.stl,-1,-1,TO
../resources/benchmarks/random0/b0_r5_c10_l500_i1000_ps0_1_pt0_95_j10_4.stl,-1,-1,TO
../resources/benchmarks/random0/b0_r5_c10_l500_i1000_ps0_1_pt0_95_j10_5.stl,-1,-1,TO
../resources/benchmarks/random0/b0_r5_c10_l500_i1000_ps0_1_pt0_95_j5_1.stl,0.802,197392.8,sat
../resources/benchmarks/random0/b0_r5_c10_l500_i1000_ps0_1_pt0_95_j5_2.stl,105.472,19400748,sat
../resources/benchmarks/random0/b0_r5_c10_l500_i1000_ps0_1_pt0_95_j5_3.stl,-1,-1,TO
../resources/benchmarks/random0/b0_r5_c10_l500_i1000_ps0_1_pt0_95_j5_4.stl,0.858,284612.8,sat
../resources/benchmarks/random0/b0_r5_c10_l500_i1000_ps0_1_pt0_95_j5_5.stl,-1,-1,TO
../resources/benchmarks/random0/b0_r5_c10_l500_i1000_ps0_25_pt0_33_j10_1.stl,1.234,18242.4,sat
../resources/benchmarks/random0/b0_r5_c10_l500_i1000_ps0_25_pt0_33_j10_2.stl,0.0,7788.8,unsat
../resources/benchmarks/random0/b0_r5_c10_l500_i1000_ps0_25_pt0_33_j10_3.stl,-1,-1,TO
../resources/benchmarks/random0/b0_r5_c10_l500_i1000_ps0_25_pt0_33_j10_4.stl,0.0,7803.2,unsat
../resources/benchmarks/random0/b0_r5_c10_l500_i1000_ps0_25_pt0_33_j10_5.stl,0.0,7781.6,unsat
../resources/benchmarks/random0/b0_r5_c10_l500_i1000_ps0_25_pt0_33_j5_1.stl,0.01,32433.6,unsat
../resources/benchmarks/random0/b0_r5_c10_l500_i1000_ps0_25_pt0_33_j5_2.stl,0.0,7780,unsat
../resources/benchmarks/random0/b0_r5_c10_l500_i1000_ps0_25_pt0_33_j5_3.stl,0.216,221976.8,sat
../resources/benchmarks/random0/b0_r5_c10_l500_i1000_ps0_25_pt0_33_j5_4.stl,0.0,7832.8,sat
../resources/benchmarks/random0/b0_r5_c10_l500_i1000_ps0_25_pt0_33_j5_5.stl,0.01,33652,sat
../resources/benchmarks/random0/b0_r5_c10_l500_i1000_ps0_25_pt0_5_j10_1.stl,0.0,7478.4,unsat
../resources/benchmarks/random0/b0_r5_c10_l500_i1000_ps0_25_pt0_5_j10_2.stl,0.14,9351.2,sat
../resources/benchmarks/random0/b0_r5_c10_l500_i1000_ps0_25_pt0_5_j10_3.stl,0.05,10876,unsat
../resources/benchmarks/random0/b0_r5_c10_l500_i1000_ps0_25_pt0_5_j10_4.stl,33.690000000000005,35158.4,sat
../resources/benchmarks/random0/b0_r5_c10_l500_i1000_ps0_25_pt0_5_j10_5.stl,0.05,7785.6,unsat
../resources/benchmarks/random0/b0_r5_c10_l500_i1000_ps0_25_pt0_5_j5_1.stl,0.01,32729.6,sat
../resources/benchmarks/random0/b0_r5_c10_l500_i1000_ps0_25_pt0_5_j5_2.stl,1.214,179559.2,sat
../resources/benchmarks/random0/b0_r5_c10_l500_i1000_ps0_25_pt0_5_j5_3.stl,0.01,31494.4,unsat
../resources/benchmarks/random0/b0_r5_c10_l500_i1000_ps0_25_pt0_5_j5_4.stl,0.02,41924,sat
../resources/benchmarks/random0/b0_r5_c10_l500_i1000_ps0_25_pt0_5_j5_5.stl,0.11599999999999999,96316,sat
../resources/benchmarks/random0/b0_r5_c10_l500_i1000_ps0_25_pt0_75_j10_1.stl,-1,-1,TO
../resources/benchmarks/random0/b0_r5_c10_l500_i1000_ps0_25_pt0_75_j10_2.stl,9.106,64060,sat
../resources/benchmarks/random0/b0_r5_c10_l500_i1000_ps0_25_pt0_75_j10_3.stl,0.01,32424.8,unsat
../resources/benchmarks/random0/b0_r5_c10_l500_i1000_ps0_25_pt0_75_j10_4.stl,1.576,200440,sat
../resources/benchmarks/random0/b0_r5_c10_l500_i1000_ps0_25_pt0_75_j10_5.stl,-1,-1,TO
../resources/benchmarks/random0/b0_r5_c10_l500_i1000_ps0_25_pt0_75_j5_1.stl,0.14400000000000002,91725.6,sat
../resources/benchmarks/random0/b0_r5_c10_l500_i1000_ps0_25_pt0_75_j5_2.stl,0.01,32710.4,sat
../resources/benchmarks/random0/b0_r5_c10_l500_i1000_ps0_25_pt0_75_j5_3.stl,0.036,46253.6,sat
../resources/benchmarks/random0/b0_r5_c10_l500_i1000_ps0_25_pt0_75_j5_4.stl,2.546,95987.2,sat
../resources/benchmarks/random0/b0_r5_c10_l500_i1000_ps0_25_pt0_75_j5_5.stl,0.016,36709.6,sat
../resources/benchmarks/random0/b0_r5_c10_l500_i1000_ps0_25_pt0_95_j10_1.stl,-1,-1,TO
../resources/benchmarks/random0/b0_r5_c10_l500_i1000_ps0_25_pt0_95_j10_2.stl,0.01,10880.8,sat
../resources/benchmarks/random0/b0_r5_c10_l500_i1000_ps0_25_pt0_95_j10_3.stl,-1,-1,TO
../resources/benchmarks/random0/b0_r5_c10_l500_i1000_ps0_25_pt0_95_j10_4.stl,-1,-1,TO
../resources/benchmarks/random0/b0_r5_c10_l500_i1000_ps0_25_pt0_95_j10_5.stl,-1,-1,TO
../resources/benchmarks/random0/b0_r5_c10_l500_i1000_ps0_25_pt0_95_j5_1.stl,-1,-1,TO
../resources/benchmarks/random0/b0_r5_c10_l500_i1000_ps0_25_pt0_95_j5_2.stl,0.848,266204.8,sat
../resources/benchmarks/random0/b0_r5_c10_l500_i1000_ps0_25_pt0_95_j5_3.stl,-1,-1,TO
../resources/benchmarks/random0/b0_r5_c10_l500_i1000_ps0_25_pt0_95_j5_4.stl,0.186,129195.2,sat
../resources/benchmarks/random0/b0_r5_c10_l500_i1000_ps0_25_pt0_95_j5_5.stl,0.01,33352,sat
../resources/benchmarks/random0/b0_r5_c10_l500_i1000_ps0_2_pt0_33_j10_1.stl,-1,-1,TO
../resources/benchmarks/random0/b0_r5_c10_l500_i1000_ps0_2_pt0_33_j10_2.stl,0.01,32723.2,unsat
../resources/benchmarks/random0/b0_r5_c10_l500_i1000_ps0_2_pt0_33_j10_3.stl,0.14400000000000002,119344,sat
../resources/benchmarks/random0/b0_r5_c10_l500_i1000_ps0_2_pt0_33_j10_4.stl,0.0,7805.6,unsat
../resources/benchmarks/random0/b0_r5_c10_l500_i1000_ps0_2_pt0_33_j10_5.stl,3.488,210589.6,sat
../resources/benchmarks/random0/b0_r5_c10_l500_i1000_ps0_2_pt0_33_j5_1.stl,1.322,83119.2,sat
../resources/benchmarks/random0/b0_r5_c10_l500_i1000_ps0_2_pt0_33_j5_2.stl,0.0,7797.6,unsat
../resources/benchmarks/random0/b0_r5_c10_l500_i1000_ps0_2_pt0_33_j5_3.stl,0.01,32432,unsat
../resources/benchmarks/random0/b0_r5_c10_l500_i1000_ps0_2_pt0_33_j5_4.stl,0.0,7802.4,unsat
../resources/benchmarks/random0/b0_r5_c10_l500_i1000_ps0_2_pt0_33_j5_5.stl,0.01,33053.6,sat
../resources/benchmarks/random0/b0_r5_c10_l500_i1000_ps0_2_pt0_5_j10_1.stl,-1,-1,TO
../resources/benchmarks/random0/b0_r5_c10_l500_i1000_ps0_2_pt0_5_j10_2.stl,4.1739999999999995,33949.6,unsat
../resources/benchmarks/random0/b0_r5_c10_l500_i1000_ps0_2_pt0_5_j10_3.stl,0.0,7808,unsat
../resources/benchmarks/random0/b0_r5_c10_l500_i1000_ps0_2_pt0_5_j10_4.stl,5.834,169765.6,unsat
../resources/benchmarks/random0/b0_r5_c10_l500_i1000_ps0_2_pt0_5_j10_5.stl,-1,-1,TO
../resources/benchmarks/random0/b0_r5_c10_l500_i1000_ps0_2_pt0_5_j5_1.stl,0.01,32424.8,sat
../resources/benchmarks/random0/b0_r5_c10_l500_i1000_ps0_2_pt0_5_j5_2.stl,0.01,33639.2,sat
../resources/benchmarks/random0/b0_r5_c10_l500_i1000_ps0_2_pt0_5_j5_3.stl,0.43,228412,sat
../resources/benchmarks/random0/b0_r5_c10_l500_i1000_ps0_2_pt0_5_j5_4.stl,0.22,201412,sat
../resources/benchmarks/random0/b0_r5_c10_l500_i1000_ps0_2_pt0_5_j5_5.stl,0.01,32713.6,sat
../resources/benchmarks/random0/b0_r5_c10_l500_i1000_ps0_2_pt0_75_j10_1.stl,-1,-1,TO
../resources/benchmarks/random0/b0_r5_c10_l500_i1000_ps0_2_pt0_75_j10_2.stl,0.0,7795.2,unsat
../resources/benchmarks/random0/b0_r5_c10_l500_i1000_ps0_2_pt0_75_j10_3.stl,0.07,66845.6,sat
../resources/benchmarks/random0/b0_r5_c10_l500_i1000_ps0_2_pt0_75_j10_4.stl,0.01,32435.2,unsat
../resources/benchmarks/random0/b0_r5_c10_l500_i1000_ps0_2_pt0_75_j10_5.stl,-1,-1,TO
../resources/benchmarks/random0/b0_r5_c10_l500_i1000_ps0_2_pt0_75_j5_1.stl,13.916,254216.8,sat
../resources/benchmarks/random0/b0_r5_c10_l500_i1000_ps0_2_pt0_75_j5_2.stl,0.01,33042.4,unsat
../resources/benchmarks/random0/b0_r5_c10_l500_i1000_ps0_2_pt0_75_j5_3.stl,0.028,46856.8,sat
../resources/benchmarks/random0/b0_r5_c10_l500_i1000_ps0_2_pt0_75_j5_4.stl,0.0,7811.2,unsat
../resources/benchmarks/random0/b0_r5_c10_l500_i1000_ps0_2_pt0_75_j5_5.stl,2.564,140863.2,sat
../resources/benchmarks/random0/b0_r5_c10_l500_i1000_ps0_2_pt0_95_j10_1.stl,-1,-1,TO
../resources/benchmarks/random0/b0_r5_c10_l500_i1000_ps0_2_pt0_95_j10_2.stl,0.43,63746.4,sat
../resources/benchmarks/random0/b0_r5_c10_l500_i1000_ps0_2_pt0_95_j10_3.stl,0.01,32104,unsat
../resources/benchmarks/random0/b0_r5_c10_l500_i1000_ps0_2_pt0_95_j10_4.stl,-1,-1,TO
../resources/benchmarks/random0/b0_r5_c10_l500_i1000_ps0_2_pt0_95_j10_5.stl,-1,-1,TO
../resources/benchmarks/random0/b0_r5_c10_l500_i1000_ps0_2_pt0_95_j5_1.stl,-1,-1,TO
../resources/benchmarks/random0/b0_r5_c10_l500_i1000_ps0_2_pt0_95_j5_2.stl,0.268,227187.2,sat
../resources/benchmarks/random0/b0_r5_c10_l500_i1000_ps0_2_pt0_95_j5_3.stl,-1,-1,TO
../resources/benchmarks/random0/b0_r5_c10_l500_i1000_ps0_2_pt0_95_j5_4.stl,0.326,189377.6,sat
../resources/benchmarks/random0/b0_r5_c10_l500_i1000_ps0_2_pt0_95_j5_5.stl,0.52,244417.6,sat
../resources/benchmarks/random0/b0_r5_c10_l500_i50_ps0_05_pt0_33_j10_1.stl,-1,-1,TO
../resources/benchmarks/random0/b0_r5_c10_l500_i50_ps0_05_pt0_33_j10_2.stl,-1,-1,TO
../resources/benchmarks/random0/b0_r5_c10_l500_i50_ps0_05_pt0_33_j10_3.stl,-1,-1,TO
../resources/benchmarks/random0/b0_r5_c10_l500_i50_ps0_05_pt0_33_j10_4.stl,-1,-1,TO
../resources/benchmarks/random0/b0_r5_c10_l500_i50_ps0_05_pt0_33_j10_5.stl,0.22,24692,unsat
../resources/benchmarks/random0/b0_r5_c10_l500_i50_ps0_05_pt0_33_j5_1.stl,-1,-1,TO
../resources/benchmarks/random0/b0_r5_c10_l500_i50_ps0_05_pt0_33_j5_2.stl,-1,-1,TO
../resources/benchmarks/random0/b0_r5_c10_l500_i50_ps0_05_pt0_33_j5_3.stl,-1,-1,TO
../resources/benchmarks/random0/b0_r5_c10_l500_i50_ps0_05_pt0_33_j5_4.stl,-1,-1,TO
../resources/benchmarks/random0/b0_r5_c10_l500_i50_ps0_05_pt0_33_j5_5.stl,-1,-1,TO
../resources/benchmarks/random0/b0_r5_c10_l500_i50_ps0_05_pt0_5_j10_1.stl,-1,-1,TO
../resources/benchmarks/random0/b0_r5_c10_l500_i50_ps0_05_pt0_5_j10_2.stl,-1,-1,TO
../resources/benchmarks/random0/b0_r5_c10_l500_i50_ps0_05_pt0_5_j10_3.stl,-1,-1,TO
../resources/benchmarks/random0/b0_r5_c10_l500_i50_ps0_05_pt0_5_j10_4.stl,-1,-1,TO
../resources/benchmarks/random0/b0_r5_c10_l500_i50_ps0_05_pt0_5_j10_5.stl,-1,-1,TO
../resources/benchmarks/random0/b0_r5_c10_l500_i50_ps0_05_pt0_5_j5_1.stl,0.046,10879.2,unsat
../resources/benchmarks/random0/b0_r5_c10_l500_i50_ps0_05_pt0_5_j5_2.stl,-1,-1,TO
../resources/benchmarks/random0/b0_r5_c10_l500_i50_ps0_05_pt0_5_j5_3.stl,-1,-1,TO
../resources/benchmarks/random0/b0_r5_c10_l500_i50_ps0_05_pt0_5_j5_4.stl,1.27,246242.4,sat
../resources/benchmarks/random0/b0_r5_c10_l500_i50_ps0_05_pt0_5_j5_5.stl,-1,-1,TO
../resources/benchmarks/random0/b0_r5_c10_l500_i50_ps0_05_pt0_75_j10_1.stl,0.196,29284.8,unsat
../resources/benchmarks/random0/b0_r5_c10_l500_i50_ps0_05_pt0_75_j10_2.stl,-1,-1,TO
../resources/benchmarks/random0/b0_r5_c10_l500_i50_ps0_05_pt0_75_j10_3.stl,-1,-1,TO
../resources/benchmarks/random0/b0_r5_c10_l500_i50_ps0_05_pt0_75_j10_4.stl,-1,-1,TO
../resources/benchmarks/random0/b0_r5_c10_l500_i50_ps0_05_pt0_75_j10_5.stl,-1,-1,TO
../resources/benchmarks/random0/b0_r5_c10_l500_i50_ps0_05_pt0_75_j5_1.stl,-1,-1,TO
../resources/benchmarks/random0/b0_r5_c10_l500_i50_ps0_05_pt0_75_j5_2.stl,-1,-1,TO
../resources/benchmarks/random0/b0_r5_c10_l500_i50_ps0_05_pt0_75_j5_3.stl,-1,-1,TO
../resources/benchmarks/random0/b0_r5_c10_l500_i50_ps0_05_pt0_75_j5_4.stl,-1,-1,TO
../resources/benchmarks/random0/b0_r5_c10_l500_i50_ps0_05_pt0_75_j5_5.stl,-1,-1,TO
../resources/benchmarks/random0/b0_r5_c10_l500_i50_ps0_05_pt0_95_j10_1.stl,-1,-1,TO
../resources/benchmarks/random0/b0_r5_c10_l500_i50_ps0_05_pt0_95_j10_2.stl,-1,-1,TO
../resources/benchmarks/random0/b0_r5_c10_l500_i50_ps0_05_pt0_95_j10_3.stl,-1,-1,TO
../resources/benchmarks/random0/b0_r5_c10_l500_i50_ps0_05_pt0_95_j10_4.stl,-1,-1,TO
../resources/benchmarks/random0/b0_r5_c10_l500_i50_ps0_05_pt0_95_j10_5.stl,-1,-1,TO
../resources/benchmarks/random0/b0_r5_c10_l500_i50_ps0_05_pt0_95_j5_1.stl,-1,-1,TO
../resources/benchmarks/random0/b0_r5_c10_l500_i50_ps0_05_pt0_95_j5_2.stl,-1,-1,TO
../resources/benchmarks/random0/b0_r5_c10_l500_i50_ps0_05_pt0_95_j5_3.stl,-1,-1,TO
../resources/benchmarks/random0/b0_r5_c10_l500_i50_ps0_05_pt0_95_j5_4.stl,-1,-1,TO
../resources/benchmarks/random0/b0_r5_c10_l500_i50_ps0_05_pt0_95_j5_5.stl,9.192,2241537.6,sat
../resources/benchmarks/random0/b0_r5_c10_l500_i50_ps0_15_pt0_33_j10_1.stl,0.13,51755.2,sat
../resources/benchmarks/random0/b0_r5_c10_l500_i50_ps0_15_pt0_33_j10_2.stl,0.01,33036,unsat
../resources/benchmarks/random0/b0_r5_c10_l500_i50_ps0_15_pt0_33_j10_3.stl,-1,-1,TO
../resources/benchmarks/random0/b0_r5_c10_l500_i50_ps0_15_pt0_33_j10_4.stl,0.0,7775.2,unsat
../resources/benchmarks/random0/b0_r5_c10_l500_i50_ps0_15_pt0_33_j10_5.stl,0.03,47160,sat
../resources/benchmarks/random0/b0_r5_c10_l500_i50_ps0_15_pt0_33_j5_1.stl,-1,-1,TO
../resources/benchmarks/random0/b0_r5_c10_l500_i50_ps0_15_pt0_33_j5_2.stl,0.0,7805.6,unsat
../resources/benchmarks/random0/b0_r5_c10_l500_i50_ps0_15_pt0_33_j5_3.stl,2.788,59779.2,sat
../resources/benchmarks/random0/b0_r5_c10_l500_i50_ps0_15_pt0_33_j5_4.stl,0.1,42286.4,sat
../resources/benchmarks/random0/b0_r5_c10_l500_i50_ps0_15_pt0_33_j5_5.stl,0.012,34284,sat
../resources/benchmarks/random0/b0_r5_c10_l500_i50_ps0_15_pt0_5_j10_1.stl,-1,-1,TO
../resources/benchmarks/random0/b0_r5_c10_l500_i50_ps0_15_pt0_5_j10_2.stl,0.01,32714.4,unsat
../resources/benchmarks/random0/b0_r5_c10_l500_i50_ps0_15_pt0_5_j10_3.stl,-1,-1,TO
../resources/benchmarks/random0/b0_r5_c10_l500_i50_ps0_15_pt0_5_j10_4.stl,0.01,33022.4,unsat
../resources/benchmarks/random0/b0_r5_c10_l500_i50_ps0_15_pt0_5_j10_5.stl,0.12,49636.8,sat
../resources/benchmarks/random0/b0_r5_c10_l500_i50_ps0_15_pt0_5_j5_1.stl,2.652,34268.8,unsat
../resources/benchmarks/random0/b0_r5_c10_l500_i50_ps0_15_pt0_5_j5_2.stl,0.04,42283.2,sat
../resources/benchmarks/random0/b0_r5_c10_l500_i50_ps0_15_pt0_5_j5_3.stl,0.01,33659.2,sat
../resources/benchmarks/random0/b0_r5_c10_l500_i50_ps0_15_pt0_5_j5_4.stl,0.018000000000000002,34888,sat
../resources/benchmarks/random0/b0_r5_c10_l500_i50_ps0_15_pt0_5_j5_5.stl,-1,-1,TO
../resources/benchmarks/random0/b0_r5_c10_l500_i50_ps0_15_pt0_75_j10_1.stl,-1,-1,TO
../resources/benchmarks/random0/b0_r5_c10_l500_i50_ps0_15_pt0_75_j10_2.stl,-1,-1,TO
../resources/benchmarks/random0/b0_r5_c10_l500_i50_ps0_15_pt0_75_j10_3.stl,-1,-1,TO
../resources/benchmarks/random0/b0_r5_c10_l500_i50_ps0_15_pt0_75_j10_4.stl,0.01,33330.4,unsat
../resources/benchmarks/random0/b0_r5_c10_l500_i50_ps0_15_pt0_75_j10_5.stl,0.0,7814.4,unsat
../resources/benchmarks/random0/b0_r5_c10_l500_i50_ps0_15_pt0_75_j5_1.stl,0.04,43491.2,sat
../resources/benchmarks/random0/b0_r5_c10_l500_i50_ps0_15_pt0_75_j5_2.stl,0.04,41035.2,sat
../resources/benchmarks/random0/b0_r5_c10_l500_i50_ps0_15_pt0_75_j5_3.stl,0.04,53002.4,sat
../resources/benchmarks/random0/b0_r5_c10_l500_i50_ps0_15_pt0_75_j5_4.stl,-1,-1,TO
../resources/benchmarks/random0/b0_r5_c10_l500_i50_ps0_15_pt0_75_j5_5.stl,-1,-1,TO
../resources/benchmarks/random0/b0_r5_c10_l500_i50_ps0_15_pt0_95_j10_1.stl,-1,-1,TO
../resources/benchmarks/random0/b0_r5_c10_l500_i50_ps0_15_pt0_95_j10_2.stl,-1,-1,TO
../resources/benchmarks/random0/b0_r5_c10_l500_i50_ps0_15_pt0_95_j10_3.stl,-1,-1,TO
../resources/benchmarks/random0/b0_r5_c10_l500_i50_ps0_15_pt0_95_j10_4.stl,-1,-1,TO
../resources/benchmarks/random0/b0_r5_c10_l500_i50_ps0_15_pt0_95_j10_5.stl,-1,-1,TO
../resources/benchmarks/random0/b0_r5_c10_l500_i50_ps0_15_pt0_95_j5_1.stl,0.0,9333.6,sat
../resources/benchmarks/random0/b0_r5_c10_l500_i50_ps0_15_pt0_95_j5_2.stl,-1,-1,TO
../resources/benchmarks/random0/b0_r5_c10_l500_i50_ps0_15_pt0_95_j5_3.stl,0.01,9319.2,sat
../resources/benchmarks/random0/b0_r5_c10_l500_i50_ps0_15_pt0_95_j5_4.stl,-1,-1,TO
../resources/benchmarks/random0/b0_r5_c10_l500_i50_ps0_15_pt0_95_j5_5.stl,0.006,9336,sat
../resources/benchmarks/random0/b0_r5_c10_l500_i50_ps0_1_pt0_33_j10_1.stl,-1,-1,TO
../resources/benchmarks/random0/b0_r5_c10_l500_i50_ps0_1_pt0_33_j10_2.stl,-1,-1,TO
../resources/benchmarks/random0/b0_r5_c10_l500_i50_ps0_1_pt0_33_j10_3.stl,68.708,116888,sat
../resources/benchmarks/random0/b0_r5_c10_l500_i50_ps0_1_pt0_33_j10_4.stl,-1,-1,TO
../resources/benchmarks/random0/b0_r5_c10_l500_i50_ps0_1_pt0_33_j10_5.stl,0.0,7812.8,unsat
../resources/benchmarks/random0/b0_r5_c10_l500_i50_ps0_1_pt0_33_j5_1.stl,0.07,54558.4,sat
../resources/benchmarks/random0/b0_r5_c10_l500_i50_ps0_1_pt0_33_j5_2.stl,3.95,42243.2,sat
../resources/benchmarks/random0/b0_r5_c10_l500_i50_ps0_1_pt0_33_j5_3.stl,-1,-1,TO
../resources/benchmarks/random0/b0_r5_c10_l500_i50_ps0_1_pt0_33_j5_4.stl,0.04,43782.4,sat
../resources/benchmarks/random0/b0_r5_c10_l500_i50_ps0_1_pt0_33_j5_5.stl,0.384,85303.2,sat
../resources/benchmarks/random0/b0_r5_c10_l500_i50_ps0_1_pt0_5_j10_1.stl,1.56,60976.8,sat
../resources/benchmarks/random0/b0_r5_c10_l500_i50_ps0_1_pt0_5_j10_2.stl,-1,-1,TO
../resources/benchmarks/random0/b0_r5_c10_l500_i50_ps0_1_pt0_5_j10_3.stl,-1,-1,TO
../resources/benchmarks/random0/b0_r5_c10_l500_i50_ps0_1_pt0_5_j10_4.stl,0.15,35485.6,unsat
../resources/benchmarks/random0/b0_r5_c10_l500_i50_ps0_1_pt0_5_j10_5.stl,-1,-1,TO
../resources/benchmarks/random0/b0_r5_c10_l500_i50_ps0_1_pt0_5_j5_1.stl,-1,-1,TO
../resources/benchmarks/random0/b0_r5_c10_l500_i50_ps0_1_pt0_5_j5_2.stl,0.0,9335.2,sat
../resources/benchmarks/random0/b0_r5_c10_l500_i50_ps0_1_pt0_5_j5_3.stl,-1,-1,TO
../resources/benchmarks/random0/b0_r5_c10_l500_i50_ps0_1_pt0_5_j5_4.stl,-1,-1,TO
../resources/benchmarks/random0/b0_r5_c10_l500_i50_ps0_1_pt0_5_j5_5.stl,0.0,7788.8,unsat
../resources/benchmarks/random0/b0_r5_c10_l500_i50_ps0_1_pt0_75_j10_1.stl,-1,-1,TO
../resources/benchmarks/random0/b0_r5_c10_l500_i50_ps0_1_pt0_75_j10_2.stl,-1,-1,TO
../resources/benchmarks/random0/b0_r5_c10_l500_i50_ps0_1_pt0_75_j10_3.stl,-1,-1,TO
../resources/benchmarks/random0/b0_r5_c10_l500_i50_ps0_1_pt0_75_j10_4.stl,-1,-1,TO
../resources/benchmarks/random0/b0_r5_c10_l500_i50_ps0_1_pt0_75_j10_5.stl,-1,-1,TO
../resources/benchmarks/random0/b0_r5_c10_l500_i50_ps0_1_pt0_75_j5_1.stl,-1,-1,TO
../resources/benchmarks/random0/b0_r5_c10_l500_i50_ps0_1_pt0_75_j5_2.stl,0.254,80936,sat
../resources/benchmarks/random0/b0_r5_c10_l500_i50_ps0_1_pt0_75_j5_3.stl,0.14,65281.6,sat
../resources/benchmarks/random0/b0_r5_c10_l500_i50_ps0_1_pt0_75_j5_4.stl,0.156,48686.4,sat
../resources/benchmarks/random0/b0_r5_c10_l500_i50_ps0_1_pt0_75_j5_5.stl,-1,-1,TO
../resources/benchmarks/random0/b0_r5_c10_l500_i50_ps0_1_pt0_95_j10_1.stl,-1,-1,TO
../resources/benchmarks/random0/b0_r5_c10_l500_i50_ps0_1_pt0_95_j10_2.stl,-1,-1,TO
../resources/benchmarks/random0/b0_r5_c10_l500_i50_ps0_1_pt0_95_j10_3.stl,-1,-1,TO
../resources/benchmarks/random0/b0_r5_c10_l500_i50_ps0_1_pt0_95_j10_4.stl,-1,-1,TO
../resources/benchmarks/random0/b0_r5_c10_l500_i50_ps0_1_pt0_95_j10_5.stl,-1,-1,TO
../resources/benchmarks/random0/b0_r5_c10_l500_i50_ps0_1_pt0_95_j5_1.stl,-1,-1,TO
../resources/benchmarks/random0/b0_r5_c10_l500_i50_ps0_1_pt0_95_j5_2.stl,0.56,82487.2,sat
../resources/benchmarks/random0/b0_r5_c10_l500_i50_ps0_1_pt0_95_j5_3.stl,-1,-1,TO
../resources/benchmarks/random0/b0_r5_c10_l500_i50_ps0_1_pt0_95_j5_4.stl,-1,-1,TO
../resources/benchmarks/random0/b0_r5_c10_l500_i50_ps0_1_pt0_95_j5_5.stl,0.264,56380,sat
../resources/benchmarks/random0/b0_r5_c10_l500_i50_ps0_25_pt0_33_j10_1.stl,-1,-1,TO
../resources/benchmarks/random0/b0_r5_c10_l500_i50_ps0_25_pt0_33_j10_2.stl,0.01,32727.2,unsat
../resources/benchmarks/random0/b0_r5_c10_l500_i50_ps0_25_pt0_33_j10_3.stl,0.0,7798.4,unsat
../resources/benchmarks/random0/b0_r5_c10_l500_i50_ps0_25_pt0_33_j10_4.stl,0.07,54858.4,sat
../resources/benchmarks/random0/b0_r5_c10_l500_i50_ps0_25_pt0_33_j10_5.stl,0.01,33347.2,unsat
../resources/benchmarks/random0/b0_r5_c10_l500_i50_ps0_25_pt0_33_j5_1.stl,0.0,7805.6,sat
../resources/benchmarks/random0/b0_r5_c10_l500_i50_ps0_25_pt0_33_j5_2.stl,0.0,9330.4,sat
../resources/benchmarks/random0/b0_r5_c10_l500_i50_ps0_25_pt0_33_j5_3.stl,0.0,7786.4,unsat
../resources/benchmarks/random0/b0_r5_c10_l500_i50_ps0_25_pt0_33_j5_4.stl,0.01,10867.2,sat
../resources/benchmarks/random0/b0_r5_c10_l500_i50_ps0_25_pt0_33_j5_5.stl,0.0,7800,unsat
../resources/benchmarks/random0/b0_r5_c10_l500_i50_ps0_25_pt0_5_j10_1.stl,0.07,54854.4,sat
../resources/benchmarks/random0/b0_r5_c10_l500_i50_ps0_25_pt0_5_j10_2.stl,0.01,33345.6,unsat
../resources/benchmarks/random0/b0_r5_c10_l500_i50_ps0_25_pt0_5_j10_3.stl,0.034,50238.4,sat
../resources/benchmarks/random0/b0_r5_c10_l500_i50_ps0_25_pt0_5_j10_4.stl,0.0,7804,unsat
../resources/benchmarks/random0/b0_r5_c10_l500_i50_ps0_25_pt0_5_j10_5.stl,0.0,7813.6,unsat
../resources/benchmarks/random0/b0_r5_c10_l500_i50_ps0_25_pt0_5_j5_1.stl,0.01,32440.8,unsat
../resources/benchmarks/random0/b0_r5_c10_l500_i50_ps0_25_pt0_5_j5_2.stl,0.01,33347.2,sat
../resources/benchmarks/random0/b0_r5_c10_l500_i50_ps0_25_pt0_5_j5_3.stl,0.01,32729.6,sat
../resources/benchmarks/random0/b0_r5_c10_l500_i50_ps0_25_pt0_5_j5_4.stl,-1,-1,TO
../resources/benchmarks/random0/b0_r5_c10_l500_i50_ps0_25_pt0_5_j5_5.stl,0.01,32418.4,sat
../resources/benchmarks/random0/b0_r5_c10_l500_i50_ps0_25_pt0_75_j10_1.stl,-1,-1,TO
../resources/benchmarks/random0/b0_r5_c10_l500_i50_ps0_25_pt0_75_j10_2.stl,0.0,7794.4,unsat
../resources/benchmarks/random0/b0_r5_c10_l500_i50_ps0_25_pt0_75_j10_3.stl,-1,-1,TO
../resources/benchmarks/random0/b0_r5_c10_l500_i50_ps0_25_pt0_75_j10_4.stl,0.052000000000000005,50231.2,sat
../resources/benchmarks/random0/b0_r5_c10_l500_i50_ps0_25_pt0_75_j10_5.stl,0.0,7807.2,unsat
../resources/benchmarks/random0/b0_r5_c10_l500_i50_ps0_25_pt0_75_j5_1.stl,0.0,7792,unsat
../resources/benchmarks/random0/b0_r5_c10_l500_i50_ps0_25_pt0_75_j5_2.stl,0.02,43749.6,sat
../resources/benchmarks/random0/b0_r5_c10_l500_i50_ps0_25_pt0_75_j5_3.stl,0.01,31184.8,unsat
../resources/benchmarks/random0/b0_r5_c10_l500_i50_ps0_25_pt0_75_j5_4.stl,-1,-1,TO
../resources/benchmarks/random0/b0_r5_c10_l500_i50_ps0_25_pt0_75_j5_5.stl,0.234,69286.4,sat
../resources/benchmarks/random0/b0_r5_c10_l500_i50_ps0_25_pt0_95_j10_1.stl,0.01,33044.8,unsat
../resources/benchmarks/random0/b0_r5_c10_l500_i50_ps0_25_pt0_95_j10_2.stl,5.358,58260,sat
../resources/benchmarks/random0/b0_r5_c10_l500_i50_ps0_25_pt0_95_j10_3.stl,0.2,55773.6,sat
../resources/benchmarks/random0/b0_r5_c10_l500_i50_ps0_25_pt0_95_j10_4.stl,0.11,63437.6,sat
../resources/benchmarks/random0/b0_r5_c10_l500_i50_ps0_25_pt0_95_j10_5.stl,-1,-1,TO
../resources/benchmarks/random0/b0_r5_c10_l500_i50_ps0_25_pt0_95_j5_1.stl,-1,-1,TO
../resources/benchmarks/random0/b0_r5_c10_l500_i50_ps0_25_pt0_95_j5_2.stl,0.01,33030.4,sat
../resources/benchmarks/random0/b0_r5_c10_l500_i50_ps0_25_pt0_95_j5_3.stl,0.14,57608.8,sat
../resources/benchmarks/random0/b0_r5_c10_l500_i50_ps0_25_pt0_95_j5_4.stl,0.02,43808.8,sat
../resources/benchmarks/random0/b0_r5_c10_l500_i50_ps0_25_pt0_95_j5_5.stl,0.02,35811.2,sat
../resources/benchmarks/random0/b0_r5_c10_l500_i50_ps0_2_pt0_33_j10_1.stl,0.03,45640.8,sat
../resources/benchmarks/random0/b0_r5_c10_l500_i50_ps0_2_pt0_33_j10_2.stl,0.0,7828.8,unsat
../resources/benchmarks/random0/b0_r5_c10_l500_i50_ps0_2_pt0_33_j10_3.stl,0.02,36119.2,sat
../resources/benchmarks/random0/b0_r5_c10_l500_i50_ps0_2_pt0_33_j10_4.stl,0.028,33058.4,unsat
../resources/benchmarks/random0/b0_r5_c10_l500_i50_ps0_2_pt0_33_j10_5.stl,0.0,7783.2,unsat
../resources/benchmarks/random0/b0_r5_c10_l500_i50_ps0_2_pt0_33_j5_1.stl,0.0,7796,unsat
../resources/benchmarks/random0/b0_r5_c10_l500_i50_ps0_2_pt0_33_j5_2.stl,0.0,7804.8,sat
../resources/benchmarks/random0/b0_r5_c10_l500_i50_ps0_2_pt0_33_j5_3.stl,0.0,7787.2,sat
../resources/benchmarks/random0/b0_r5_c10_l500_i50_ps0_2_pt0_33_j5_4.stl,0.04,18535.2,sat
../resources/benchmarks/random0/b0_r5_c10_l500_i50_ps0_2_pt0_33_j5_5.stl,-1,-1,TO
../resources/benchmarks/random0/b0_r5_c10_l500_i50_ps0_2_pt0_5_j10_1.stl,0.02,40419.2,sat
../resources/benchmarks/random0/b0_r5_c10_l500_i50_ps0_2_pt0_5_j10_2.stl,0.06,33338.4,unsat
../resources/benchmarks/random0/b0_r5_c10_l500_i50_ps0_2_pt0_5_j10_3.stl,0.062,48417.6,sat
../resources/benchmarks/random0/b0_r5_c10_l500_i50_ps0_2_pt0_5_j10_4.stl,0.01,33354.4,unsat
../resources/benchmarks/random0/b0_r5_c10_l500_i50_ps0_2_pt0_5_j10_5.stl,0.046,33348.8,sat
../resources/benchmarks/random0/b0_r5_c10_l500_i50_ps0_2_pt0_5_j5_1.stl,0.11,48705.6,sat
../resources/benchmarks/random0/b0_r5_c10_l500_i50_ps0_2_pt0_5_j5_2.stl,-1,-1,TO
../resources/benchmarks/random0/b0_r5_c10_l500_i50_ps0_2_pt0_5_j5_3.stl,0.01,33344,sat
../resources/benchmarks/random0/b0_r5_c10_l500_i50_ps0_2_pt0_5_j5_4.stl,0.01,33044.8,sat
../resources/benchmarks/random0/b0_r5_c10_l500_i50_ps0_2_pt0_5_j5_5.stl,0.0,7809.6,unsat
../resources/benchmarks/random0/b0_r5_c10_l500_i50_ps0_2_pt0_75_j10_1.stl,-1,-1,TO
../resources/benchmarks/random0/b0_r5_c10_l500_i50_ps0_2_pt0_75_j10_2.stl,-1,-1,TO
../resources/benchmarks/random0/b0_r5_c10_l500_i50_ps0_2_pt0_75_j10_3.stl,-1,-1,TO
../resources/benchmarks/random0/b0_r5_c10_l500_i50_ps0_2_pt0_75_j10_4.stl,0.068,51162.4,sat
../resources/benchmarks/random0/b0_r5_c10_l500_i50_ps0_2_pt0_75_j10_5.stl,-1,-1,TO
../resources/benchmarks/random0/b0_r5_c10_l500_i50_ps0_2_pt0_75_j5_1.stl,0.156,50541.6,sat
../resources/benchmarks/random0/b0_r5_c10_l500_i50_ps0_2_pt0_75_j5_2.stl,0.03,49011.2,sat
../resources/benchmarks/random0/b0_r5_c10_l500_i50_ps0_2_pt0_75_j5_3.stl,0.01,32716.8,sat
../resources/benchmarks/random0/b0_r5_c10_l500_i50_ps0_2_pt0_75_j5_4.stl,0.01,33003.2,sat
../resources/benchmarks/random0/b0_r5_c10_l500_i50_ps0_2_pt0_75_j5_5.stl,-1,-1,TO
../resources/benchmarks/random0/b0_r5_c10_l500_i50_ps0_2_pt0_95_j10_1.stl,-1,-1,TO
../resources/benchmarks/random0/b0_r5_c10_l500_i50_ps0_2_pt0_95_j10_2.stl,0.01,32404.8,unsat
../resources/benchmarks/random0/b0_r5_c10_l500_i50_ps0_2_pt0_95_j10_3.stl,-1,-1,TO
../resources/benchmarks/random0/b0_r5_c10_l500_i50_ps0_2_pt0_95_j10_4.stl,-1,-1,TO
../resources/benchmarks/random0/b0_r5_c10_l500_i50_ps0_2_pt0_95_j10_5.stl,-1,-1,TO
../resources/benchmarks/random0/b0_r5_c10_l500_i50_ps0_2_pt0_95_j5_1.stl,-1,-1,TO
../resources/benchmarks/random0/b0_r5_c10_l500_i50_ps0_2_pt0_95_j5_2.stl,0.0,7783.2,unsat
../resources/benchmarks/random0/b0_r5_c10_l500_i50_ps0_2_pt0_95_j5_3.stl,-1,-1,TO
../resources/benchmarks/random0/b0_r5_c10_l500_i50_ps0_2_pt0_95_j5_4.stl,0.05,49344.8,sat
../resources/benchmarks/random0/b0_r5_c10_l500_i50_ps0_2_pt0_95_j5_5.stl,0.0,7802.4,unsat
../resources/benchmarks/random0/random0.list,-1,-1,Error 101
