Name,Time (s),Total memory (KiB),Result
../resources/benchmarks/random0/b0_r5_c10_l10000_i1000_ps0_05_pt0_33_j10_1.stl,-1,-1,TO
../resources/benchmarks/random0/b0_r5_c10_l10000_i1000_ps0_05_pt0_33_j10_2.stl,0.474,72111.2,unsat
../resources/benchmarks/random0/b0_r5_c10_l10000_i1000_ps0_05_pt0_33_j10_3.stl,-1,-1,TO
../resources/benchmarks/random0/b0_r5_c10_l10000_i1000_ps0_05_pt0_33_j10_4.stl,-1,-1,TO
../resources/benchmarks/random0/b0_r5_c10_l10000_i1000_ps0_05_pt0_33_j10_5.stl,-1,-1,TO
../resources/benchmarks/random0/b0_r5_c10_l10000_i1000_ps0_05_pt0_33_j5_1.stl,-1,-1,TO
../resources/benchmarks/random0/b0_r5_c10_l10000_i1000_ps0_05_pt0_33_j5_2.stl,-1,-1,TO
../resources/benchmarks/random0/b0_r5_c10_l10000_i1000_ps0_05_pt0_33_j5_3.stl,0.37,41617.6,unsat
../resources/benchmarks/random0/b0_r5_c10_l10000_i1000_ps0_05_pt0_33_j5_4.stl,-1,-1,TO
../resources/benchmarks/random0/b0_r5_c10_l10000_i1000_ps0_05_pt0_33_j5_5.stl,-1,-1,TO
../resources/benchmarks/random0/b0_r5_c10_l10000_i1000_ps0_05_pt0_5_j10_1.stl,-1,-1,TO
../resources/benchmarks/random0/b0_r5_c10_l10000_i1000_ps0_05_pt0_5_j10_2.stl,-1,-1,TO
../resources/benchmarks/random0/b0_r5_c10_l10000_i1000_ps0_05_pt0_5_j10_3.stl,-1,-1,TO
../resources/benchmarks/random0/b0_r5_c10_l10000_i1000_ps0_05_pt0_5_j10_4.stl,-1,-1,TO
../resources/benchmarks/random0/b0_r5_c10_l10000_i1000_ps0_05_pt0_5_j10_5.stl,1.2,71497.6,unsat
../resources/benchmarks/random0/b0_r5_c10_l10000_i1000_ps0_05_pt0_5_j5_1.stl,-1,-1,TO
../resources/benchmarks/random0/b0_r5_c10_l10000_i1000_ps0_05_pt0_5_j5_2.stl,-1,-1,TO
../resources/benchmarks/random0/b0_r5_c10_l10000_i1000_ps0_05_pt0_5_j5_3.stl,-1,-1,TO
../resources/benchmarks/random0/b0_r5_c10_l10000_i1000_ps0_05_pt0_5_j5_4.stl,-1,-1,TO
../resources/benchmarks/random0/b0_r5_c10_l10000_i1000_ps0_05_pt0_5_j5_5.stl,5.9719999999999995,973052.8,sat
../resources/benchmarks/random0/b0_r5_c10_l10000_i1000_ps0_05_pt0_75_j10_1.stl,-1,-1,TO
../resources/benchmarks/random0/b0_r5_c10_l10000_i1000_ps0_05_pt0_75_j10_2.stl,-1,-1,TO
../resources/benchmarks/random0/b0_r5_c10_l10000_i1000_ps0_05_pt0_75_j10_3.stl,-1,-1,TO
../resources/benchmarks/random0/b0_r5_c10_l10000_i1000_ps0_05_pt0_75_j10_4.stl,-1,-1,TO
../resources/benchmarks/random0/b0_r5_c10_l10000_i1000_ps0_05_pt0_75_j10_5.stl,-1,-1,TO
../resources/benchmarks/random0/b0_r5_c10_l10000_i1000_ps0_05_pt0_75_j5_1.stl,-1,-1,TO
../resources/benchmarks/random0/b0_r5_c10_l10000_i1000_ps0_05_pt0_75_j5_2.stl,-1,-1,TO
../resources/benchmarks/random0/b0_r5_c10_l10000_i1000_ps0_05_pt0_75_j5_3.stl,-1,-1,TO
../resources/benchmarks/random0/b0_r5_c10_l10000_i1000_ps0_05_pt0_75_j5_4.stl,-1,-1,TO
../resources/benchmarks/random0/b0_r5_c10_l10000_i1000_ps0_05_pt0_75_j5_5.stl,-1,-1,TO
../resources/benchmarks/random0/b0_r5_c10_l10000_i1000_ps0_05_pt0_95_j10_1.stl,-1,-1,TO
../resources/benchmarks/random0/b0_r5_c10_l10000_i1000_ps0_05_pt0_95_j10_2.stl,-1,-1,TO
../resources/benchmarks/random0/b0_r5_c10_l10000_i1000_ps0_05_pt0_95_j10_3.stl,-1,-1,TO
../resources/benchmarks/random0/b0_r5_c10_l10000_i1000_ps0_05_pt0_95_j10_4.stl,-1,-1,TO
../resources/benchmarks/random0/b0_r5_c10_l10000_i1000_ps0_05_pt0_95_j10_5.stl,-1,-1,TO
../resources/benchmarks/random0/b0_r5_c10_l10000_i1000_ps0_05_pt0_95_j5_1.stl,-1,-1,TO
../resources/benchmarks/random0/b0_r5_c10_l10000_i1000_ps0_05_pt0_95_j5_2.stl,-1,-1,TO
../resources/benchmarks/random0/b0_r5_c10_l10000_i1000_ps0_05_pt0_95_j5_3.stl,-1,-1,TO
../resources/benchmarks/random0/b0_r5_c10_l10000_i1000_ps0_05_pt0_95_j5_4.stl,-1,-1,TO
../resources/benchmarks/random0/b0_r5_c10_l10000_i1000_ps0_05_pt0_95_j5_5.stl,-1,-1,TO
../resources/benchmarks/random0/b0_r5_c10_l10000_i1000_ps0_15_pt0_33_j10_1.stl,81.494,864664.8,sat
../resources/benchmarks/random0/b0_r5_c10_l10000_i1000_ps0_15_pt0_33_j10_2.stl,0.362,35540,unsat
../resources/benchmarks/random0/b0_r5_c10_l10000_i1000_ps0_15_pt0_33_j10_3.stl,40.076,886041.6,sat
../resources/benchmarks/random0/b0_r5_c10_l10000_i1000_ps0_15_pt0_33_j10_4.stl,-1,-1,TO
../resources/benchmarks/random0/b0_r5_c10_l10000_i1000_ps0_15_pt0_33_j10_5.stl,0.428,90182.4,sat
../resources/benchmarks/random0/b0_r5_c10_l10000_i1000_ps0_15_pt0_33_j5_1.stl,0.362,38255.2,unsat
../resources/benchmarks/random0/b0_r5_c10_l10000_i1000_ps0_15_pt0_33_j5_2.stl,0.352,36458.4,sat
../resources/benchmarks/random0/b0_r5_c10_l10000_i1000_ps0_15_pt0_33_j5_3.stl,0.358,34628,sat
../resources/benchmarks/random0/b0_r5_c10_l10000_i1000_ps0_15_pt0_33_j5_4.stl,0.358,38816,sat
../resources/benchmarks/random0/b0_r5_c10_l10000_i1000_ps0_15_pt0_33_j5_5.stl,0.366,44057.6,sat
../resources/benchmarks/random0/b0_r5_c10_l10000_i1000_ps0_15_pt0_5_j10_1.stl,-1,-1,TO
../resources/benchmarks/random0/b0_r5_c10_l10000_i1000_ps0_15_pt0_5_j10_2.stl,41.69,674830.4,sat
../resources/benchmarks/random0/b0_r5_c10_l10000_i1000_ps0_15_pt0_5_j10_3.stl,117.968,667709.6,sat
../resources/benchmarks/random0/b0_r5_c10_l10000_i1000_ps0_15_pt0_5_j10_4.stl,49.206,3520967.2,sat
../resources/benchmarks/random0/b0_r5_c10_l10000_i1000_ps0_15_pt0_5_j10_5.stl,-1,-1,TO
../resources/benchmarks/random0/b0_r5_c10_l10000_i1000_ps0_15_pt0_5_j5_1.stl,-1,-1,TO
../resources/benchmarks/random0/b0_r5_c10_l10000_i1000_ps0_15_pt0_5_j5_2.stl,0.35,32747.2,sat
../resources/benchmarks/random0/b0_r5_c10_l10000_i1000_ps0_15_pt0_5_j5_3.stl,0.48,112603.2,sat
../resources/benchmarks/random0/b0_r5_c10_l10000_i1000_ps0_15_pt0_5_j5_4.stl,0.354,43453.6,sat
../resources/benchmarks/random0/b0_r5_c10_l10000_i1000_ps0_15_pt0_5_j5_5.stl,0.778,251439.2,sat
../resources/benchmarks/random0/b0_r5_c10_l10000_i1000_ps0_15_pt0_75_j10_1.stl,-1,-1,TO
../resources/benchmarks/random0/b0_r5_c10_l10000_i1000_ps0_15_pt0_75_j10_2.stl,-1,-1,TO
../resources/benchmarks/random0/b0_r5_c10_l10000_i1000_ps0_15_pt0_75_j10_3.stl,63.606,1177112.8,sat
../resources/benchmarks/random0/b0_r5_c10_l10000_i1000_ps0_15_pt0_75_j10_4.stl,1.96,676320.8,sat
../resources/benchmarks/random0/b0_r5_c10_l10000_i1000_ps0_15_pt0_75_j10_5.stl,0.352,34326.4,unsat
../resources/benchmarks/random0/b0_r5_c10_l10000_i1000_ps0_15_pt0_75_j5_1.stl,-1,-1,TO
../resources/benchmarks/random0/b0_r5_c10_l10000_i1000_ps0_15_pt0_75_j5_2.stl,-1,-1,TO
../resources/benchmarks/random0/b0_r5_c10_l10000_i1000_ps0_15_pt0_75_j5_3.stl,4.328,642537.6,sat
../resources/benchmarks/random0/b0_r5_c10_l10000_i1000_ps0_15_pt0_75_j5_4.stl,0.362,45001.6,unsat
../resources/benchmarks/random0/b0_r5_c10_l10000_i1000_ps0_15_pt0_75_j5_5.stl,-1,-1,TO
../resources/benchmarks/random0/b0_r5_c10_l10000_i1000_ps0_15_pt0_95_j10_1.stl,-1,-1,TO
../resources/benchmarks/random0/b0_r5_c10_l10000_i1000_ps0_15_pt0_95_j10_2.stl,15.65,859402.4,sat
../resources/benchmarks/random0/b0_r5_c10_l10000_i1000_ps0_15_pt0_95_j10_3.stl,-1,-1,TO
../resources/benchmarks/random0/b0_r5_c10_l10000_i1000_ps0_15_pt0_95_j10_4.stl,-1,-1,TO
../resources/benchmarks/random0/b0_r5_c10_l10000_i1000_ps0_15_pt0_95_j10_5.stl,-1,-1,TO
../resources/benchmarks/random0/b0_r5_c10_l10000_i1000_ps0_15_pt0_95_j5_1.stl,0.474,121516,sat
../resources/benchmarks/random0/b0_r5_c10_l10000_i1000_ps0_15_pt0_95_j5_2.stl,-1,-1,TO
../resources/benchmarks/random0/b0_r5_c10_l10000_i1000_ps0_15_pt0_95_j5_3.stl,-1,-1,TO
../resources/benchmarks/random0/b0_r5_c10_l10000_i1000_ps0_15_pt0_95_j5_4.stl,18.514,2039968.8,sat
../resources/benchmarks/random0/b0_r5_c10_l10000_i1000_ps0_15_pt0_95_j5_5.stl,-1,-1,TO
../resources/benchmarks/random0/b0_r5_c10_l10000_i1000_ps0_1_pt0_33_j10_1.stl,36.51,2161549.6,sat
../resources/benchmarks/random0/b0_r5_c10_l10000_i1000_ps0_1_pt0_33_j10_2.stl,0.382,37080.8,unsat
../resources/benchmarks/random0/b0_r5_c10_l10000_i1000_ps0_1_pt0_33_j10_3.stl,-1,-1,TO
../resources/benchmarks/random0/b0_r5_c10_l10000_i1000_ps0_1_pt0_33_j10_4.stl,-1,-1,TO
../resources/benchmarks/random0/b0_r5_c10_l10000_i1000_ps0_1_pt0_33_j10_5.stl,-1,-1,TO
../resources/benchmarks/random0/b0_r5_c10_l10000_i1000_ps0_1_pt0_33_j5_1.stl,27.188,456040,sat
../resources/benchmarks/random0/b0_r5_c10_l10000_i1000_ps0_1_pt0_33_j5_2.stl,0.37,40441.6,sat
../resources/benchmarks/random0/b0_r5_c10_l10000_i1000_ps0_1_pt0_33_j5_3.stl,-1,-1,TO
../resources/benchmarks/random0/b0_r5_c10_l10000_i1000_ps0_1_pt0_33_j5_4.stl,0.628,243452.8,sat
../resources/benchmarks/random0/b0_r5_c10_l10000_i1000_ps0_1_pt0_33_j5_5.stl,0.53,198603.2,sat
../resources/benchmarks/random0/b0_r5_c10_l10000_i1000_ps0_1_pt0_5_j10_1.stl,-1,-1,TO
../resources/benchmarks/random0/b0_r5_c10_l10000_i1000_ps0_1_pt0_5_j10_2.stl,-1,-1,TO
../resources/benchmarks/random0/b0_r5_c10_l10000_i1000_ps0_1_pt0_5_j10_3.stl,-1,-1,TO
../resources/benchmarks/random0/b0_r5_c10_l10000_i1000_ps0_1_pt0_5_j10_4.stl,-1,-1,TO
../resources/benchmarks/random0/b0_r5_c10_l10000_i1000_ps0_1_pt0_5_j10_5.stl,-1,-1,TO
../resources/benchmarks/random0/b0_r5_c10_l10000_i1000_ps0_1_pt0_5_j5_1.stl,0.336,16990.4,unsat
../resources/benchmarks/random0/b0_r5_c10_l10000_i1000_ps0_1_pt0_5_j5_2.stl,-1,-1,TO
../resources/benchmarks/random0/b0_r5_c10_l10000_i1000_ps0_1_pt0_5_j5_3.stl,0.694,204450.4,sat
../resources/benchmarks/random0/b0_r5_c10_l10000_i1000_ps0_1_pt0_5_j5_4.stl,0.676,166954.4,sat
../resources/benchmarks/random0/b0_r5_c10_l10000_i1000_ps0_1_pt0_5_j5_5.stl,-1,-1,TO
../resources/benchmarks/random0/b0_r5_c10_l10000_i1000_ps0_1_pt0_75_j10_1.stl,-1,-1,TO
../resources/benchmarks/random0/b0_r5_c10_l10000_i1000_ps0_1_pt0_75_j10_2.stl,-1,-1,TO
../resources/benchmarks/random0/b0_r5_c10_l10000_i1000_ps0_1_pt0_75_j10_3.stl,-1,-1,TO
../resources/benchmarks/random0/b0_r5_c10_l10000_i1000_ps0_1_pt0_75_j10_4.stl,-1,-1,TO
../resources/benchmarks/random0/b0_r5_c10_l10000_i1000_ps0_1_pt0_75_j10_5.stl,-1,-1,TO
../resources/benchmarks/random0/b0_r5_c10_l10000_i1000_ps0_1_pt0_75_j5_1.stl,-1,-1,TO
../resources/benchmarks/random0/b0_r5_c10_l10000_i1000_ps0_1_pt0_75_j5_2.stl,-1,-1,TO
../resources/benchmarks/random0/b0_r5_c10_l10000_i1000_ps0_1_pt0_75_j5_3.stl,8.73,174044,sat
../resources/benchmarks/random0/b0_r5_c10_l10000_i1000_ps0_1_pt0_75_j5_4.stl,-1,-1,TO
../resources/benchmarks/random0/b0_r5_c10_l10000_i1000_ps0_1_pt0_75_j5_5.stl,1.446,203228,sat
../resources/benchmarks/random0/b0_r5_c10_l10000_i1000_ps0_1_pt0_95_j10_1.stl,-1,-1,TO
../resources/benchmarks/random0/b0_r5_c10_l10000_i1000_ps0_1_pt0_95_j10_2.stl,-1,-1,TO
../resources/benchmarks/random0/b0_r5_c10_l10000_i1000_ps0_1_pt0_95_j10_3.stl,-1,-1,TO
../resources/benchmarks/random0/b0_r5_c10_l10000_i1000_ps0_1_pt0_95_j10_4.stl,0.79,295072.8,unsat
../resources/benchmarks/random0/b0_r5_c10_l10000_i1000_ps0_1_pt0_95_j10_5.stl,-1,-1,TO
../resources/benchmarks/random0/b0_r5_c10_l10000_i1000_ps0_1_pt0_95_j5_1.stl,24.492,821291.2,sat
../resources/benchmarks/random0/b0_r5_c10_l10000_i1000_ps0_1_pt0_95_j5_2.stl,-1,-1,TO
../resources/benchmarks/random0/b0_r5_c10_l10000_i1000_ps0_1_pt0_95_j5_3.stl,-1,-1,TO
../resources/benchmarks/random0/b0_r5_c10_l10000_i1000_ps0_1_pt0_95_j5_4.stl,26.464,2417126.4,sat
../resources/benchmarks/random0/b0_r5_c10_l10000_i1000_ps0_1_pt0_95_j5_5.stl,-1,-1,TO
../resources/benchmarks/random0/b0_r5_c10_l10000_i1000_ps0_25_pt0_33_j10_1.stl,0.358,32782.4,unsat
../resources/benchmarks/random0/b0_r5_c10_l10000_i1000_ps0_25_pt0_33_j10_2.stl,1.05,385723.2,sat
../resources/benchmarks/random0/b0_r5_c10_l10000_i1000_ps0_25_pt0_33_j10_3.stl,0.384,22548.8,unsat
../resources/benchmarks/random0/b0_r5_c10_l10000_i1000_ps0_25_pt0_33_j10_4.stl,0.336,35576,unsat
../resources/benchmarks/random0/b0_r5_c10_l10000_i1000_ps0_25_pt0_33_j10_5.stl,0.332,17315.2,unsat
../resources/benchmarks/random0/b0_r5_c10_l10000_i1000_ps0_25_pt0_33_j5_1.stl,0.34,17631.2,unsat
../resources/benchmarks/random0/b0_r5_c10_l10000_i1000_ps0_25_pt0_33_j5_2.stl,0.354,34599.2,sat
../resources/benchmarks/random0/b0_r5_c10_l10000_i1000_ps0_25_pt0_33_j5_3.stl,0.34600000000000003,42264.8,sat
../resources/benchmarks/random0/b0_r5_c10_l10000_i1000_ps0_25_pt0_33_j5_4.stl,0.338,17022.4,unsat
../resources/benchmarks/random0/b0_r5_c10_l10000_i1000_ps0_25_pt0_33_j5_5.stl,0.486,172230.4,sat
../resources/benchmarks/random0/b0_r5_c10_l10000_i1000_ps0_25_pt0_5_j10_1.stl,0.34400000000000003,35557.6,unsat
../resources/benchmarks/random0/b0_r5_c10_l10000_i1000_ps0_25_pt0_5_j10_2.stl,10.23,204242.4,sat
../resources/benchmarks/random0/b0_r5_c10_l10000_i1000_ps0_25_pt0_5_j10_3.stl,-1,-1,TO
../resources/benchmarks/random0/b0_r5_c10_l10000_i1000_ps0_25_pt0_5_j10_4.stl,0.388,20081.6,unsat
../resources/benchmarks/random0/b0_r5_c10_l10000_i1000_ps0_25_pt0_5_j10_5.stl,0.352,38877.6,unsat
../resources/benchmarks/random0/b0_r5_c10_l10000_i1000_ps0_25_pt0_5_j5_1.stl,0.342,33662.4,sat
../resources/benchmarks/random0/b0_r5_c10_l10000_i1000_ps0_25_pt0_5_j5_2.stl,0.334,34620.8,sat
../resources/benchmarks/random0/b0_r5_c10_l10000_i1000_ps0_25_pt0_5_j5_3.stl,0.338,33028,unsat
../resources/benchmarks/random0/b0_r5_c10_l10000_i1000_ps0_25_pt0_5_j5_4.stl,1.314,450243.2,sat
../resources/benchmarks/random0/b0_r5_c10_l10000_i1000_ps0_25_pt0_5_j5_5.stl,0.352,34283.2,sat
../resources/benchmarks/random0/b0_r5_c10_l10000_i1000_ps0_25_pt0_75_j10_1.stl,26.990000000000002,253601.6,sat
../resources/benchmarks/random0/b0_r5_c10_l10000_i1000_ps0_25_pt0_75_j10_2.stl,0.376,61901.6,unsat
../resources/benchmarks/random0/b0_r5_c10_l10000_i1000_ps0_25_pt0_75_j10_3.stl,-1,-1,TO
../resources/benchmarks/random0/b0_r5_c10_l10000_i1000_ps0_25_pt0_75_j10_4.stl,-1,-1,TO
../resources/benchmarks/random0/b0_r5_c10_l10000_i1000_ps0_25_pt0_75_j10_5.stl,0.356,32448,unsat
../resources/benchmarks/random0/b0_r5_c10_l10000_i1000_ps0_25_pt0_75_j5_1.stl,0.36,34332.8,sat
../resources/benchmarks/random0/b0_r5_c10_l10000_i1000_ps0_25_pt0_75_j5_2.stl,0.666,272636.8,sat
../resources/benchmarks/random0/b0_r5_c10_l10000_i1000_ps0_25_pt0_75_j5_3.stl,0.648,137805.6,sat
../resources/benchmarks/random0/b0_r5_c10_l10000_i1000_ps0_25_pt0_75_j5_4.stl,0.908,287086.4,sat
../resources/benchmarks/random0/b0_r5_c10_l10000_i1000_ps0_25_pt0_75_j5_5.stl,0.342,17008,unsat
../resources/benchmarks/random0/b0_r5_c10_l10000_i1000_ps0_25_pt0_95_j10_1.stl,0.362,35540.8,unsat
../resources/benchmarks/random0/b0_r5_c10_l10000_i1000_ps0_25_pt0_95_j10_2.stl,11.302,212421.6,unsat
../resources/benchmarks/random0/b0_r5_c10_l10000_i1000_ps0_25_pt0_95_j10_3.stl,0.324,17304.8,unsat
../resources/benchmarks/random0/b0_r5_c10_l10000_i1000_ps0_25_pt0_95_j10_4.stl,-1,-1,TO
../resources/benchmarks/random0/b0_r5_c10_l10000_i1000_ps0_25_pt0_95_j10_5.stl,-1,-1,TO
../resources/benchmarks/random0/b0_r5_c10_l10000_i1000_ps0_25_pt0_95_j5_1.stl,0.374,42548.8,unsat
../resources/benchmarks/random0/b0_r5_c10_l10000_i1000_ps0_25_pt0_95_j5_2.stl,-1,-1,TO
../resources/benchmarks/random0/b0_r5_c10_l10000_i1000_ps0_25_pt0_95_j5_3.stl,0.628,278824,sat
../resources/benchmarks/random0/b0_r5_c10_l10000_i1000_ps0_25_pt0_95_j5_4.stl,0.974,330112,sat
../resources/benchmarks/random0/b0_r5_c10_l10000_i1000_ps0_25_pt0_95_j5_5.stl,-1,-1,TO
../resources/benchmarks/random0/b0_r5_c10_l10000_i1000_ps0_2_pt0_33_j10_1.stl,0.358,37952,sat
../resources/benchmarks/random0/b0_r5_c10_l10000_i1000_ps0_2_pt0_33_j10_2.stl,-1,-1,TO
../resources/benchmarks/random0/b0_r5_c10_l10000_i1000_ps0_2_pt0_33_j10_3.stl,0.426,74811.2,sat
../resources/benchmarks/random0/b0_r5_c10_l10000_i1000_ps0_2_pt0_33_j10_4.stl,0.352,33354.4,unsat
../resources/benchmarks/random0/b0_r5_c10_l10000_i1000_ps0_2_pt0_33_j10_5.stl,0.356,33003.2,unsat
../resources/benchmarks/random0/b0_r5_c10_l10000_i1000_ps0_2_pt0_33_j5_1.stl,0.372,22236.8,unsat
../resources/benchmarks/random0/b0_r5_c10_l10000_i1000_ps0_2_pt0_33_j5_2.stl,0.736,379848.8,sat
../resources/benchmarks/random0/b0_r5_c10_l10000_i1000_ps0_2_pt0_33_j5_3.stl,0.364,43172,sat
../resources/benchmarks/random0/b0_r5_c10_l10000_i1000_ps0_2_pt0_33_j5_4.stl,0.34400000000000003,33065.6,unsat
../resources/benchmarks/random0/b0_r5_c10_l10000_i1000_ps0_2_pt0_33_j5_5.stl,0.352,36772.8,sat
../resources/benchmarks/random0/b0_r5_c10_l10000_i1000_ps0_2_pt0_5_j10_1.stl,0.662,145767.2,sat
../resources/benchmarks/random0/b0_r5_c10_l10000_i1000_ps0_2_pt0_5_j10_2.stl,0.36,39808.8,sat
../resources/benchmarks/random0/b0_r5_c10_l10000_i1000_ps0_2_pt0_5_j10_3.stl,106.842,729200,sat
../resources/benchmarks/random0/b0_r5_c10_l10000_i1000_ps0_2_pt0_5_j10_4.stl,-1,-1,TO
../resources/benchmarks/random0/b0_r5_c10_l10000_i1000_ps0_2_pt0_5_j10_5.stl,-1,-1,TO
../resources/benchmarks/random0/b0_r5_c10_l10000_i1000_ps0_2_pt0_5_j5_1.stl,0.746,241633.6,sat
../resources/benchmarks/random0/b0_r5_c10_l10000_i1000_ps0_2_pt0_5_j5_2.stl,0.372,63434.4,sat
../resources/benchmarks/random0/b0_r5_c10_l10000_i1000_ps0_2_pt0_5_j5_3.stl,0.444,114728.8,sat
../resources/benchmarks/random0/b0_r5_c10_l10000_i1000_ps0_2_pt0_5_j5_4.stl,0.356,35587.2,sat
../resources/benchmarks/random0/b0_r5_c10_l10000_i1000_ps0_2_pt0_5_j5_5.stl,0.372,46221.6,sat
../resources/benchmarks/random0/b0_r5_c10_l10000_i1000_ps0_2_pt0_75_j10_1.stl,-1,-1,TO
../resources/benchmarks/random0/b0_r5_c10_l10000_i1000_ps0_2_pt0_75_j10_2.stl,0.354,32734.4,unsat
../resources/benchmarks/random0/b0_r5_c10_l10000_i1000_ps0_2_pt0_75_j10_3.stl,-1,-1,TO
../resources/benchmarks/random0/b0_r5_c10_l10000_i1000_ps0_2_pt0_75_j10_4.stl,-1,-1,TO
../resources/benchmarks/random0/b0_r5_c10_l10000_i1000_ps0_2_pt0_75_j10_5.stl,0.328,17323.2,unsat
../resources/benchmarks/random0/b0_r5_c10_l10000_i1000_ps0_2_pt0_75_j5_1.stl,5.36,417652.8,sat
../resources/benchmarks/random0/b0_r5_c10_l10000_i1000_ps0_2_pt0_75_j5_2.stl,0.362,47773.6,unsat
../resources/benchmarks/random0/b0_r5_c10_l10000_i1000_ps0_2_pt0_75_j5_3.stl,1.558,654483.2,sat
../resources/benchmarks/random0/b0_r5_c10_l10000_i1000_ps0_2_pt0_75_j5_4.stl,-1,-1,TO
../resources/benchmarks/random0/b0_r5_c10_l10000_i1000_ps0_2_pt0_75_j5_5.stl,4.332,171267.2,sat
../resources/benchmarks/random0/b0_r5_c10_l10000_i1000_ps0_2_pt0_95_j10_1.stl,23.394000000000002,88918.4,sat
../resources/benchmarks/random0/b0_r5_c10_l10000_i1000_ps0_2_pt0_95_j10_2.stl,0.388,22527.2,unsat
../resources/benchmarks/random0/b0_r5_c10_l10000_i1000_ps0_2_pt0_95_j10_3.stl,0.512,41661.6,unsat
../resources/benchmarks/random0/b0_r5_c10_l10000_i1000_ps0_2_pt0_95_j10_4.stl,-1,-1,TO
../resources/benchmarks/random0/b0_r5_c10_l10000_i1000_ps0_2_pt0_95_j10_5.stl,17.368,134097.6,sat
../resources/benchmarks/random0/b0_r5_c10_l10000_i1000_ps0_2_pt0_95_j5_1.stl,1.246,104320.8,sat
../resources/benchmarks/random0/b0_r5_c10_l10000_i1000_ps0_2_pt0_95_j5_2.stl,0.494,155592,unsat
../resources/benchmarks/random0/b0_r5_c10_l10000_i1000_ps0_2_pt0_95_j5_3.stl,5.078,472970.4,sat
../resources/benchmarks/random0/b0_r5_c10_l10000_i1000_ps0_2_pt0_95_j5_4.stl,0.35200000000000004,37060,unsat
../resources/benchmarks/random0/b0_r5_c10_l10000_i1000_ps0_2_pt0_95_j5_5.stl,-1,-1,TO
../resources/benchmarks/random0/b0_r5_c10_l10000_i50_ps0_05_pt0_33_j10_1.stl,-1,-1,TO
../resources/benchmarks/random0/b0_r5_c10_l10000_i50_ps0_05_pt0_33_j10_2.stl,-1,-1,TO
../resources/benchmarks/random0/b0_r5_c10_l10000_i50_ps0_05_pt0_33_j10_3.stl,-1,-1,TO
../resources/benchmarks/random0/b0_r5_c10_l10000_i50_ps0_05_pt0_33_j10_4.stl,-1,-1,TO
../resources/benchmarks/random0/b0_r5_c10_l10000_i50_ps0_05_pt0_33_j10_5.stl,0.444,39858.4,unsat
../resources/benchmarks/random0/b0_r5_c10_l10000_i50_ps0_05_pt0_33_j5_1.stl,-1,-1,TO
../resources/benchmarks/random0/b0_r5_c10_l10000_i50_ps0_05_pt0_33_j5_2.stl,-1,-1,TO
../resources/benchmarks/random0/b0_r5_c10_l10000_i50_ps0_05_pt0_33_j5_3.stl,-1,-1,TO
../resources/benchmarks/random0/b0_r5_c10_l10000_i50_ps0_05_pt0_33_j5_4.stl,-1,-1,TO
../resources/benchmarks/random0/b0_r5_c10_l10000_i50_ps0_05_pt0_33_j5_5.stl,-1,-1,TO
../resources/benchmarks/random0/b0_r5_c10_l10000_i50_ps0_05_pt0_5_j10_1.stl,-1,-1,TO
../resources/benchmarks/random0/b0_r5_c10_l10000_i50_ps0_05_pt0_5_j10_2.stl,-1,-1,TO
../resources/benchmarks/random0/b0_r5_c10_l10000_i50_ps0_05_pt0_5_j10_3.stl,-1,-1,TO
../resources/benchmarks/random0/b0_r5_c10_l10000_i50_ps0_05_pt0_5_j10_4.stl,-1,-1,TO
../resources/benchmarks/random0/b0_r5_c10_l10000_i50_ps0_05_pt0_5_j10_5.stl,-1,-1,TO
../resources/benchmarks/random0/b0_r5_c10_l10000_i50_ps0_05_pt0_5_j5_1.stl,-1,-1,TO
../resources/benchmarks/random0/b0_r5_c10_l10000_i50_ps0_05_pt0_5_j5_2.stl,3.158,104624.8,unsat
../resources/benchmarks/random0/b0_r5_c10_l10000_i50_ps0_05_pt0_5_j5_3.stl,-1,-1,TO
../resources/benchmarks/random0/b0_r5_c10_l10000_i50_ps0_05_pt0_5_j5_4.stl,-1,-1,TO
../resources/benchmarks/random0/b0_r5_c10_l10000_i50_ps0_05_pt0_5_j5_5.stl,-1,-1,TO
../resources/benchmarks/random0/b0_r5_c10_l10000_i50_ps0_05_pt0_75_j10_1.stl,-1,-1,TO
../resources/benchmarks/random0/b0_r5_c10_l10000_i50_ps0_05_pt0_75_j10_2.stl,-1,-1,TO
../resources/benchmarks/random0/b0_r5_c10_l10000_i50_ps0_05_pt0_75_j10_3.stl,17.874,1247238.4,unsat
../resources/benchmarks/random0/b0_r5_c10_l10000_i50_ps0_05_pt0_75_j10_4.stl,-1,-1,TO
../resources/benchmarks/random0/b0_r5_c10_l10000_i50_ps0_05_pt0_75_j10_5.stl,-1,-1,TO
../resources/benchmarks/random0/b0_r5_c10_l10000_i50_ps0_05_pt0_75_j5_1.stl,-1,-1,TO
../resources/benchmarks/random0/b0_r5_c10_l10000_i50_ps0_05_pt0_75_j5_2.stl,0.638,40494.4,unsat
../resources/benchmarks/random0/b0_r5_c10_l10000_i50_ps0_05_pt0_75_j5_3.stl,41.564,2059552.8,sat
../resources/benchmarks/random0/b0_r5_c10_l10000_i50_ps0_05_pt0_75_j5_4.stl,-1,-1,TO
../resources/benchmarks/random0/b0_r5_c10_l10000_i50_ps0_05_pt0_75_j5_5.stl,-1,-1,TO
../resources/benchmarks/random0/b0_r5_c10_l10000_i50_ps0_05_pt0_95_j10_1.stl,-1,-1,TO
../resources/benchmarks/random0/b0_r5_c10_l10000_i50_ps0_05_pt0_95_j10_2.stl,-1,-1,TO
../resources/benchmarks/random0/b0_r5_c10_l10000_i50_ps0_05_pt0_95_j10_3.stl,-1,-1,TO
../resources/benchmarks/random0/b0_r5_c10_l10000_i50_ps0_05_pt0_95_j10_4.stl,-1,-1,TO
../resources/benchmarks/random0/b0_r5_c10_l10000_i50_ps0_05_pt0_95_j10_5.stl,-1,-1,TO
../resources/benchmarks/random0/b0_r5_c10_l10000_i50_ps0_05_pt0_95_j5_1.stl,-1,-1,TO
../resources/benchmarks/random0/b0_r5_c10_l10000_i50_ps0_05_pt0_95_j5_2.stl,0.556,38967.2,unsat
../resources/benchmarks/random0/b0_r5_c10_l10000_i50_ps0_05_pt0_95_j5_3.stl,-1,-1,TO
../resources/benchmarks/random0/b0_r5_c10_l10000_i50_ps0_05_pt0_95_j5_4.stl,-1,-1,TO
../resources/benchmarks/random0/b0_r5_c10_l10000_i50_ps0_05_pt0_95_j5_5.stl,-1,-1,TO
../resources/benchmarks/random0/b0_r5_c10_l10000_i50_ps0_15_pt0_33_j10_1.stl,0.804,46612,sat
../resources/benchmarks/random0/b0_r5_c10_l10000_i50_ps0_15_pt0_33_j10_2.stl,0.326,17628.8,unsat
../resources/benchmarks/random0/b0_r5_c10_l10000_i50_ps0_15_pt0_33_j10_3.stl,0.328,32724,unsat
../resources/benchmarks/random0/b0_r5_c10_l10000_i50_ps0_15_pt0_33_j10_4.stl,0.65,72047.2,sat
../resources/benchmarks/random0/b0_r5_c10_l10000_i50_ps0_15_pt0_33_j10_5.stl,1.282,67895.2,sat
../resources/benchmarks/random0/b0_r5_c10_l10000_i50_ps0_15_pt0_33_j5_1.stl,1.352,77368,sat
../resources/benchmarks/random0/b0_r5_c10_l10000_i50_ps0_15_pt0_33_j5_2.stl,0.36,40124,sat
../resources/benchmarks/random0/b0_r5_c10_l10000_i50_ps0_15_pt0_33_j5_3.stl,0.372,41677.6,sat
../resources/benchmarks/random0/b0_r5_c10_l10000_i50_ps0_15_pt0_33_j5_4.stl,0.37,37116,sat
../resources/benchmarks/random0/b0_r5_c10_l10000_i50_ps0_15_pt0_33_j5_5.stl,0.36,41044,sat
../resources/benchmarks/random0/b0_r5_c10_l10000_i50_ps0_15_pt0_5_j10_1.stl,-1,-1,TO
../resources/benchmarks/random0/b0_r5_c10_l10000_i50_ps0_15_pt0_5_j10_2.stl,84.416,54856.8,sat
../resources/benchmarks/random0/b0_r5_c10_l10000_i50_ps0_15_pt0_5_j10_3.stl,0.412,55188,sat
../resources/benchmarks/random0/b0_r5_c10_l10000_i50_ps0_15_pt0_5_j10_4.stl,0.744,50001.6,unsat
../resources/benchmarks/random0/b0_r5_c10_l10000_i50_ps0_15_pt0_5_j10_5.stl,0.544,57898.4,sat
../resources/benchmarks/random0/b0_r5_c10_l10000_i50_ps0_15_pt0_5_j5_1.stl,0.424,52385.6,sat
../resources/benchmarks/random0/b0_r5_c10_l10000_i50_ps0_15_pt0_5_j5_2.stl,4.228,121084.8,sat
../resources/benchmarks/random0/b0_r5_c10_l10000_i50_ps0_15_pt0_5_j5_3.stl,0.394,48077.6,sat
../resources/benchmarks/random0/b0_r5_c10_l10000_i50_ps0_15_pt0_5_j5_4.stl,0.35,38562.4,unsat
../resources/benchmarks/random0/b0_r5_c10_l10000_i50_ps0_15_pt0_5_j5_5.stl,0.346,16995.2,unsat
../resources/benchmarks/random0/b0_r5_c10_l10000_i50_ps0_15_pt0_75_j10_1.stl,-1,-1,TO
../resources/benchmarks/random0/b0_r5_c10_l10000_i50_ps0_15_pt0_75_j10_2.stl,1.048,60383.2,sat
../resources/benchmarks/random0/b0_r5_c10_l10000_i50_ps0_15_pt0_75_j10_3.stl,0.33,17023.2,unsat
../resources/benchmarks/random0/b0_r5_c10_l10000_i50_ps0_15_pt0_75_j10_4.stl,-1,-1,TO
../resources/benchmarks/random0/b0_r5_c10_l10000_i50_ps0_15_pt0_75_j10_5.stl,0.62,71440,sat
../resources/benchmarks/random0/b0_r5_c10_l10000_i50_ps0_15_pt0_75_j5_1.stl,0.426,45299.2,sat
../resources/benchmarks/random0/b0_r5_c10_l10000_i50_ps0_15_pt0_75_j5_2.stl,-1,-1,TO
../resources/benchmarks/random0/b0_r5_c10_l10000_i50_ps0_15_pt0_75_j5_3.stl,0.558,46511.2,sat
../resources/benchmarks/random0/b0_r5_c10_l10000_i50_ps0_15_pt0_75_j5_4.stl,0.338,17003.2,unsat
../resources/benchmarks/random0/b0_r5_c10_l10000_i50_ps0_15_pt0_75_j5_5.stl,0.342,34616,sat
../resources/benchmarks/random0/b0_r5_c10_l10000_i50_ps0_15_pt0_95_j10_1.stl,-1,-1,TO
../resources/benchmarks/random0/b0_r5_c10_l10000_i50_ps0_15_pt0_95_j10_2.stl,-1,-1,TO
../resources/benchmarks/random0/b0_r5_c10_l10000_i50_ps0_15_pt0_95_j10_3.stl,-1,-1,TO
../resources/benchmarks/random0/b0_r5_c10_l10000_i50_ps0_15_pt0_95_j10_4.stl,-1,-1,TO
../resources/benchmarks/random0/b0_r5_c10_l10000_i50_ps0_15_pt0_95_j10_5.stl,0.338,17645.6,unsat
../resources/benchmarks/random0/b0_r5_c10_l10000_i50_ps0_15_pt0_95_j5_1.stl,0.364,36156,sat
../resources/benchmarks/random0/b0_r5_c10_l10000_i50_ps0_15_pt0_95_j5_2.stl,16.574,109549.6,sat
../resources/benchmarks/random0/b0_r5_c10_l10000_i50_ps0_15_pt0_95_j5_3.stl,0.404,49048.8,sat
../resources/benchmarks/random0/b0_r5_c10_l10000_i50_ps0_15_pt0_95_j5_4.stl,-1,-1,TO
../resources/benchmarks/random0/b0_r5_c10_l10000_i50_ps0_15_pt0_95_j5_5.stl,13.988,196252,sat
../resources/benchmarks/random0/b0_r5_c10_l10000_i50_ps0_1_pt0_33_j10_1.stl,0.35,32470.4,unsat
../resources/benchmarks/random0/b0_r5_c10_l10000_i50_ps0_1_pt0_33_j10_2.stl,0.326,17017.6,unsat
../resources/benchmarks/random0/b0_r5_c10_l10000_i50_ps0_1_pt0_33_j10_3.stl,1.268,100602.4,sat
../resources/benchmarks/random0/b0_r5_c10_l10000_i50_ps0_1_pt0_33_j10_4.stl,-1,-1,TO
../resources/benchmarks/random0/b0_r5_c10_l10000_i50_ps0_1_pt0_33_j10_5.stl,0.372,35550.4,unsat
../resources/benchmarks/random0/b0_r5_c10_l10000_i50_ps0_1_pt0_33_j5_1.stl,0.43,47164,sat
../resources/benchmarks/random0/b0_r5_c10_l10000_i50_ps0_1_pt0_33_j5_2.stl,0.376,38327.2,unsat
../resources/benchmarks/random0/b0_r5_c10_l10000_i50_ps0_1_pt0_33_j5_3.stl,0.338,17016.8,unsat
../resources/benchmarks/random0/b0_r5_c10_l10000_i50_ps0_1_pt0_33_j5_4.stl,44.644,54252,sat
../resources/benchmarks/random0/b0_r5_c10_l10000_i50_ps0_1_pt0_33_j5_5.stl,0.498,49286.4,sat
../resources/benchmarks/random0/b0_r5_c10_l10000_i50_ps0_1_pt0_5_j10_1.stl,-1,-1,TO
../resources/benchmarks/random0/b0_r5_c10_l10000_i50_ps0_1_pt0_5_j10_2.stl,0.598,50912,sat
../resources/benchmarks/random0/b0_r5_c10_l10000_i50_ps0_1_pt0_5_j10_3.stl,-1,-1,TO
../resources/benchmarks/random0/b0_r5_c10_l10000_i50_ps0_1_pt0_5_j10_4.stl,-1,-1,TO
../resources/benchmarks/random0/b0_r5_c10_l10000_i50_ps0_1_pt0_5_j10_5.stl,0.844,75428,sat
../resources/benchmarks/random0/b0_r5_c10_l10000_i50_ps0_1_pt0_5_j5_1.stl,0.416,62530.4,sat
../resources/benchmarks/random0/b0_r5_c10_l10000_i50_ps0_1_pt0_5_j5_2.stl,0.384,44072.8,sat
../resources/benchmarks/random0/b0_r5_c10_l10000_i50_ps0_1_pt0_5_j5_3.stl,-1,-1,TO
../resources/benchmarks/random0/b0_r5_c10_l10000_i50_ps0_1_pt0_5_j5_4.stl,-1,-1,TO
../resources/benchmarks/random0/b0_r5_c10_l10000_i50_ps0_1_pt0_5_j5_5.stl,0.644,62524,sat
../resources/benchmarks/random0/b0_r5_c10_l10000_i50_ps0_1_pt0_75_j10_1.stl,-1,-1,TO
../resources/benchmarks/random0/b0_r5_c10_l10000_i50_ps0_1_pt0_75_j10_2.stl,-1,-1,TO
../resources/benchmarks/random0/b0_r5_c10_l10000_i50_ps0_1_pt0_75_j10_3.stl,0.386,37068,unsat
../resources/benchmarks/random0/b0_r5_c10_l10000_i50_ps0_1_pt0_75_j10_4.stl,0.386,37106.4,unsat
../resources/benchmarks/random0/b0_r5_c10_l10000_i50_ps0_1_pt0_75_j10_5.stl,0.374,35556.8,unsat
../resources/benchmarks/random0/b0_r5_c10_l10000_i50_ps0_1_pt0_75_j5_1.stl,0.394,55788.8,sat
../resources/benchmarks/random0/b0_r5_c10_l10000_i50_ps0_1_pt0_75_j5_2.stl,-1,-1,TO
../resources/benchmarks/random0/b0_r5_c10_l10000_i50_ps0_1_pt0_75_j5_3.stl,-1,-1,TO
../resources/benchmarks/random0/b0_r5_c10_l10000_i50_ps0_1_pt0_75_j5_4.stl,0.592,99396.8,sat
../resources/benchmarks/random0/b0_r5_c10_l10000_i50_ps0_1_pt0_75_j5_5.stl,0.462,64996.8,sat
../resources/benchmarks/random0/b0_r5_c10_l10000_i50_ps0_1_pt0_95_j10_1.stl,-1,-1,TO
../resources/benchmarks/random0/b0_r5_c10_l10000_i50_ps0_1_pt0_95_j10_2.stl,0.324,17030.4,unsat
../resources/benchmarks/random0/b0_r5_c10_l10000_i50_ps0_1_pt0_95_j10_3.stl,-1,-1,TO
../resources/benchmarks/random0/b0_r5_c10_l10000_i50_ps0_1_pt0_95_j10_4.stl,-1,-1,TO
../resources/benchmarks/random0/b0_r5_c10_l10000_i50_ps0_1_pt0_95_j10_5.stl,-1,-1,TO
../resources/benchmarks/random0/b0_r5_c10_l10000_i50_ps0_1_pt0_95_j5_1.stl,0.438,78198.4,sat
../resources/benchmarks/random0/b0_r5_c10_l10000_i50_ps0_1_pt0_95_j5_2.stl,-1,-1,TO
../resources/benchmarks/random0/b0_r5_c10_l10000_i50_ps0_1_pt0_95_j5_3.stl,-1,-1,TO
../resources/benchmarks/random0/b0_r5_c10_l10000_i50_ps0_1_pt0_95_j5_4.stl,0.394,44698.4,unsat
../resources/benchmarks/random0/b0_r5_c10_l10000_i50_ps0_1_pt0_95_j5_5.stl,-1,-1,TO
../resources/benchmarks/random0/b0_r5_c10_l10000_i50_ps0_25_pt0_33_j10_1.stl,0.37,38906.4,sat
../resources/benchmarks/random0/b0_r5_c10_l10000_i50_ps0_25_pt0_33_j10_2.stl,0.34,16999.2,unsat
../resources/benchmarks/random0/b0_r5_c10_l10000_i50_ps0_25_pt0_33_j10_3.stl,0.34,16987.2,unsat
../resources/benchmarks/random0/b0_r5_c10_l10000_i50_ps0_25_pt0_33_j10_4.stl,0.348,17016,unsat
../resources/benchmarks/random0/b0_r5_c10_l10000_i50_ps0_25_pt0_33_j10_5.stl,0.34,17008,unsat
../resources/benchmarks/random0/b0_r5_c10_l10000_i50_ps0_25_pt0_33_j5_1.stl,0.37,47768.8,sat
../resources/benchmarks/random0/b0_r5_c10_l10000_i50_ps0_25_pt0_33_j5_2.stl,0.354,35195.2,sat
../resources/benchmarks/random0/b0_r5_c10_l10000_i50_ps0_25_pt0_33_j5_3.stl,0.352,33981.6,sat
../resources/benchmarks/random0/b0_r5_c10_l10000_i50_ps0_25_pt0_33_j5_4.stl,0.36,39480.8,sat
../resources/benchmarks/random0/b0_r5_c10_l10000_i50_ps0_25_pt0_33_j5_5.stl,0.354,35568.8,sat
../resources/benchmarks/random0/b0_r5_c10_l10000_i50_ps0_25_pt0_5_j10_1.stl,0.39,39282.4,unsat
../resources/benchmarks/random0/b0_r5_c10_l10000_i50_ps0_25_pt0_5_j10_2.stl,1.048,49699.2,unsat
../resources/benchmarks/random0/b0_r5_c10_l10000_i50_ps0_25_pt0_5_j10_3.stl,0.352,32728,unsat
../resources/benchmarks/random0/b0_r5_c10_l10000_i50_ps0_25_pt0_5_j10_4.stl,0.352,33672,unsat
../resources/benchmarks/random0/b0_r5_c10_l10000_i50_ps0_25_pt0_5_j10_5.stl,0.39,38663.2,unsat
../resources/benchmarks/random0/b0_r5_c10_l10000_i50_ps0_25_pt0_5_j5_1.stl,0.358,35548,sat
../resources/benchmarks/random0/b0_r5_c10_l10000_i50_ps0_25_pt0_5_j5_2.stl,0.338,31840,unsat
../resources/benchmarks/random0/b0_r5_c10_l10000_i50_ps0_25_pt0_5_j5_3.stl,0.338,39172,unsat
../resources/benchmarks/random0/b0_r5_c10_l10000_i50_ps0_25_pt0_5_j5_4.stl,0.342,37080.8,sat
../resources/benchmarks/random0/b0_r5_c10_l10000_i50_ps0_25_pt0_5_j5_5.stl,0.346,48404,sat
../resources/benchmarks/random0/b0_r5_c10_l10000_i50_ps0_25_pt0_75_j10_1.stl,0.586,83185.6,sat
../resources/benchmarks/random0/b0_r5_c10_l10000_i50_ps0_25_pt0_75_j10_2.stl,0.326,17634.4,unsat
../resources/benchmarks/random0/b0_r5_c10_l10000_i50_ps0_25_pt0_75_j10_3.stl,0.34600000000000003,33676.8,unsat
../resources/benchmarks/random0/b0_r5_c10_l10000_i50_ps0_25_pt0_75_j10_4.stl,9.09,2179676,sat
../resources/benchmarks/random0/b0_r5_c10_l10000_i50_ps0_25_pt0_75_j10_5.stl,0.364,44089.6,sat
../resources/benchmarks/random0/b0_r5_c10_l10000_i50_ps0_25_pt0_75_j5_1.stl,0.348,35214.4,sat
../resources/benchmarks/random0/b0_r5_c10_l10000_i50_ps0_25_pt0_75_j5_2.stl,0.33799999999999997,35561.6,sat
../resources/benchmarks/random0/b0_r5_c10_l10000_i50_ps0_25_pt0_75_j5_3.stl,0.328,40412,unsat
../resources/benchmarks/random0/b0_r5_c10_l10000_i50_ps0_25_pt0_75_j5_4.stl,-1,-1,TO
../resources/benchmarks/random0/b0_r5_c10_l10000_i50_ps0_25_pt0_75_j5_5.stl,0.376,45027.2,sat
../resources/benchmarks/random0/b0_r5_c10_l10000_i50_ps0_25_pt0_95_j10_1.stl,0.386,41654.4,sat
../resources/benchmarks/random0/b0_r5_c10_l10000_i50_ps0_25_pt0_95_j10_2.stl,2.612,419595.2,sat
../resources/benchmarks/random0/b0_r5_c10_l10000_i50_ps0_25_pt0_95_j10_3.stl,-1,-1,TO
../resources/benchmarks/random0/b0_r5_c10_l10000_i50_ps0_25_pt0_95_j10_4.stl,1.054,110636,sat
../resources/benchmarks/random0/b0_r5_c10_l10000_i50_ps0_25_pt0_95_j10_5.stl,0.328,17326.4,unsat
../resources/benchmarks/random0/b0_r5_c10_l10000_i50_ps0_25_pt0_95_j5_1.stl,0.348,17007.2,unsat
../resources/benchmarks/random0/b0_r5_c10_l10000_i50_ps0_25_pt0_95_j5_2.stl,0.39,50233.6,sat
../resources/benchmarks/random0/b0_r5_c10_l10000_i50_ps0_25_pt0_95_j5_3.stl,0.346,17004.8,unsat
../resources/benchmarks/random0/b0_r5_c10_l10000_i50_ps0_25_pt0_95_j5_4.stl,0.548,62225.6,sat
../resources/benchmarks/random0/b0_r5_c10_l10000_i50_ps0_25_pt0_95_j5_5.stl,-1,-1,TO
../resources/benchmarks/random0/b0_r5_c10_l10000_i50_ps0_2_pt0_33_j10_1.stl,0.34400000000000003,35861.6,sat
../resources/benchmarks/random0/b0_r5_c10_l10000_i50_ps0_2_pt0_33_j10_2.stl,0.346,37388,sat
../resources/benchmarks/random0/b0_r5_c10_l10000_i50_ps0_2_pt0_33_j10_3.stl,0.514,55784.8,sat
../resources/benchmarks/random0/b0_r5_c10_l10000_i50_ps0_2_pt0_33_j10_4.stl,0.346,36135.2,sat
../resources/benchmarks/random0/b0_r5_c10_l10000_i50_ps0_2_pt0_33_j10_5.stl,0.356,38336,sat
../resources/benchmarks/random0/b0_r5_c10_l10000_i50_ps0_2_pt0_33_j5_1.stl,0.354,37673.6,sat
../resources/benchmarks/random0/b0_r5_c10_l10000_i50_ps0_2_pt0_33_j5_2.stl,0.342,34613.6,sat
../resources/benchmarks/random0/b0_r5_c10_l10000_i50_ps0_2_pt0_33_j5_3.stl,0.356,36772.8,sat
../resources/benchmarks/random0/b0_r5_c10_l10000_i50_ps0_2_pt0_33_j5_4.stl,0.34,34300,sat
../resources/benchmarks/random0/b0_r5_c10_l10000_i50_ps0_2_pt0_33_j5_5.stl,0.368,42853.6,sat
../resources/benchmarks/random0/b0_r5_c10_l10000_i50_ps0_2_pt0_5_j10_1.stl,0.342,36471.2,unsat
../resources/benchmarks/random0/b0_r5_c10_l10000_i50_ps0_2_pt0_5_j10_2.stl,0.334,17609.6,unsat
../resources/benchmarks/random0/b0_r5_c10_l10000_i50_ps0_2_pt0_5_j10_3.stl,0.494,45068.8,sat
../resources/benchmarks/random0/b0_r5_c10_l10000_i50_ps0_2_pt0_5_j10_4.stl,0.608,142131.2,sat
../resources/benchmarks/random0/b0_r5_c10_l10000_i50_ps0_2_pt0_5_j10_5.stl,0.352,35264,unsat
../resources/benchmarks/random0/b0_r5_c10_l10000_i50_ps0_2_pt0_5_j5_1.stl,0.366,45348,sat
../resources/benchmarks/random0/b0_r5_c10_l10000_i50_ps0_2_pt0_5_j5_2.stl,0.38,47752,sat
../resources/benchmarks/random0/b0_r5_c10_l10000_i50_ps0_2_pt0_5_j5_3.stl,0.346,35547.2,sat
../resources/benchmarks/random0/b0_r5_c10_l10000_i50_ps0_2_pt0_5_j5_4.stl,0.352,46531.2,sat
../resources/benchmarks/random0/b0_r5_c10_l10000_i50_ps0_2_pt0_5_j5_5.stl,0.346,41640,sat
../resources/benchmarks/random0/b0_r5_c10_l10000_i50_ps0_2_pt0_75_j10_1.stl,0.328,35513.6,unsat
../resources/benchmarks/random0/b0_r5_c10_l10000_i50_ps0_2_pt0_75_j10_2.stl,21.648,1667360.8,unsat
../resources/benchmarks/random0/b0_r5_c10_l10000_i50_ps0_2_pt0_75_j10_3.stl,-1,-1,TO
../resources/benchmarks/random0/b0_r5_c10_l10000_i50_ps0_2_pt0_75_j10_4.stl,0.402,43472.8,sat
../resources/benchmarks/random0/b0_r5_c10_l10000_i50_ps0_2_pt0_75_j10_5.stl,-1,-1,TO
../resources/benchmarks/random0/b0_r5_c10_l10000_i50_ps0_2_pt0_75_j5_1.stl,0.774,66828,sat
../resources/benchmarks/random0/b0_r5_c10_l10000_i50_ps0_2_pt0_75_j5_2.stl,1.3739999999999999,59746.4,sat
../resources/benchmarks/random0/b0_r5_c10_l10000_i50_ps0_2_pt0_75_j5_3.stl,0.364,41012,unsat
../resources/benchmarks/random0/b0_r5_c10_l10000_i50_ps0_2_pt0_75_j5_4.stl,0.35,40712.8,unsat
../resources/benchmarks/random0/b0_r5_c10_l10000_i50_ps0_2_pt0_75_j5_5.stl,0.328,38853.6,unsat
../resources/benchmarks/random0/b0_r5_c10_l10000_i50_ps0_2_pt0_95_j10_1.stl,0.432,58537.6,sat
../resources/benchmarks/random0/b0_r5_c10_l10000_i50_ps0_2_pt0_95_j10_2.stl,0.412,48407.2,sat
../resources/benchmarks/random0/b0_r5_c10_l10000_i50_ps0_2_pt0_95_j10_3.stl,0.364,44075.2,sat
../resources/benchmarks/random0/b0_r5_c10_l10000_i50_ps0_2_pt0_95_j10_4.stl,0.426,55144,sat
../resources/benchmarks/random0/b0_r5_c10_l10000_i50_ps0_2_pt0_95_j10_5.stl,19.346,125110.4,sat
../resources/benchmarks/random0/b0_r5_c10_l10000_i50_ps0_2_pt0_95_j5_1.stl,0.33,35225.6,sat
../resources/benchmarks/random0/b0_r5_c10_l10000_i50_ps0_2_pt0_95_j5_2.stl,0.48,56063.2,sat
../resources/benchmarks/random0/b0_r5_c10_l10000_i50_ps0_2_pt0_95_j5_3.stl,0.324,17308.8,unsat
../resources/benchmarks/random0/b0_r5_c10_l10000_i50_ps0_2_pt0_95_j5_4.stl,0.326,17307.2,sat
../resources/benchmarks/random0/b0_r5_c10_l10000_i50_ps0_2_pt0_95_j5_5.stl,0.388,51481.6,sat
../resources/benchmarks/random0/b0_r5_c10_l1000_i1000_ps0_05_pt0_33_j10_1.stl,1.81,114326.4,sat
../resources/benchmarks/random0/b0_r5_c10_l1000_i1000_ps0_05_pt0_33_j10_2.stl,-1,-1,TO
../resources/benchmarks/random0/b0_r5_c10_l1000_i1000_ps0_05_pt0_33_j10_3.stl,-1,-1,TO
../resources/benchmarks/random0/b0_r5_c10_l1000_i1000_ps0_05_pt0_33_j10_4.stl,-1,-1,TO
../resources/benchmarks/random0/b0_r5_c10_l1000_i1000_ps0_05_pt0_33_j10_5.stl,-1,-1,TO
../resources/benchmarks/random0/b0_r5_c10_l1000_i1000_ps0_05_pt0_33_j5_1.stl,-1,-1,TO
../resources/benchmarks/random0/b0_r5_c10_l1000_i1000_ps0_05_pt0_33_j5_2.stl,0.458,42340.8,unsat
../resources/benchmarks/random0/b0_r5_c10_l1000_i1000_ps0_05_pt0_33_j5_3.stl,0.442,43180,sat
../resources/benchmarks/random0/b0_r5_c10_l1000_i1000_ps0_05_pt0_33_j5_4.stl,-1,-1,TO
../resources/benchmarks/random0/b0_r5_c10_l1000_i1000_ps0_05_pt0_33_j5_5.stl,72.502,5181067.2,sat
../resources/benchmarks/random0/b0_r5_c10_l1000_i1000_ps0_05_pt0_5_j10_1.stl,-1,-1,TO
../resources/benchmarks/random0/b0_r5_c10_l1000_i1000_ps0_05_pt0_5_j10_2.stl,-1,-1,TO
../resources/benchmarks/random0/b0_r5_c10_l1000_i1000_ps0_05_pt0_5_j10_3.stl,5.2459999999999996,262836.8,unsat
../resources/benchmarks/random0/b0_r5_c10_l1000_i1000_ps0_05_pt0_5_j10_4.stl,-1,-1,TO
../resources/benchmarks/random0/b0_r5_c10_l1000_i1000_ps0_05_pt0_5_j10_5.stl,-1,-1,TO
../resources/benchmarks/random0/b0_r5_c10_l1000_i1000_ps0_05_pt0_5_j5_1.stl,0.562,46249.6,unsat
../resources/benchmarks/random0/b0_r5_c10_l1000_i1000_ps0_05_pt0_5_j5_2.stl,-1,-1,TO
../resources/benchmarks/random0/b0_r5_c10_l1000_i1000_ps0_05_pt0_5_j5_3.stl,-1,-1,TO
../resources/benchmarks/random0/b0_r5_c10_l1000_i1000_ps0_05_pt0_5_j5_4.stl,-1,-1,TO
../resources/benchmarks/random0/b0_r5_c10_l1000_i1000_ps0_05_pt0_5_j5_5.stl,-1,-1,TO
../resources/benchmarks/random0/b0_r5_c10_l1000_i1000_ps0_05_pt0_75_j10_1.stl,-1,-1,TO
../resources/benchmarks/random0/b0_r5_c10_l1000_i1000_ps0_05_pt0_75_j10_2.stl,-1,-1,TO
../resources/benchmarks/random0/b0_r5_c10_l1000_i1000_ps0_05_pt0_75_j10_3.stl,-1,-1,TO
../resources/benchmarks/random0/b0_r5_c10_l1000_i1000_ps0_05_pt0_75_j10_4.stl,-1,-1,TO
../resources/benchmarks/random0/b0_r5_c10_l1000_i1000_ps0_05_pt0_75_j10_5.stl,-1,-1,TO
../resources/benchmarks/random0/b0_r5_c10_l1000_i1000_ps0_05_pt0_75_j5_1.stl,-1,-1,TO
../resources/benchmarks/random0/b0_r5_c10_l1000_i1000_ps0_05_pt0_75_j5_2.stl,-1,-1,TO
../resources/benchmarks/random0/b0_r5_c10_l1000_i1000_ps0_05_pt0_75_j5_3.stl,-1,-1,TO
../resources/benchmarks/random0/b0_r5_c10_l1000_i1000_ps0_05_pt0_75_j5_4.stl,-1,-1,TO
../resources/benchmarks/random0/b0_r5_c10_l1000_i1000_ps0_05_pt0_75_j5_5.stl,-1,-1,TO
../resources/benchmarks/random0/b0_r5_c10_l1000_i1000_ps0_05_pt0_95_j10_1.stl,-1,-1,TO
../resources/benchmarks/random0/b0_r5_c10_l1000_i1000_ps0_05_pt0_95_j10_2.stl,-1,-1,TO
../resources/benchmarks/random0/b0_r5_c10_l1000_i1000_ps0_05_pt0_95_j10_3.stl,-1,-1,TO
../resources/benchmarks/random0/b0_r5_c10_l1000_i1000_ps0_05_pt0_95_j10_4.stl,-1,-1,TO
../resources/benchmarks/random0/b0_r5_c10_l1000_i1000_ps0_05_pt0_95_j10_5.stl,-1,-1,TO
../resources/benchmarks/random0/b0_r5_c10_l1000_i1000_ps0_05_pt0_95_j5_1.stl,0.384,36785.6,unsat
../resources/benchmarks/random0/b0_r5_c10_l1000_i1000_ps0_05_pt0_95_j5_2.stl,-1,-1,TO
../resources/benchmarks/random0/b0_r5_c10_l1000_i1000_ps0_05_pt0_95_j5_3.stl,-1,-1,TO
../resources/benchmarks/random0/b0_r5_c10_l1000_i1000_ps0_05_pt0_95_j5_4.stl,-1,-1,TO
../resources/benchmarks/random0/b0_r5_c10_l1000_i1000_ps0_05_pt0_95_j5_5.stl,-1,-1,TO
../resources/benchmarks/random0/b0_r5_c10_l1000_i1000_ps0_15_pt0_33_j10_1.stl,0.34400000000000003,17014.4,unsat
../resources/benchmarks/random0/b0_r5_c10_l1000_i1000_ps0_15_pt0_33_j10_2.stl,0.344,32459.2,unsat
../resources/benchmarks/random0/b0_r5_c10_l1000_i1000_ps0_15_pt0_33_j10_3.stl,0.362,33068.8,unsat
../resources/benchmarks/random0/b0_r5_c10_l1000_i1000_ps0_15_pt0_33_j10_4.stl,0.362,32750.4,unsat
../resources/benchmarks/random0/b0_r5_c10_l1000_i1000_ps0_15_pt0_33_j10_5.stl,0.34,34296,unsat
../resources/benchmarks/random0/b0_r5_c10_l1000_i1000_ps0_15_pt0_33_j5_1.stl,0.31,18236,unsat
../resources/benchmarks/random0/b0_r5_c10_l1000_i1000_ps0_15_pt0_33_j5_2.stl,0.374,65906.4,sat
../resources/benchmarks/random0/b0_r5_c10_l1000_i1000_ps0_15_pt0_33_j5_3.stl,0.34,35529.6,unsat
../resources/benchmarks/random0/b0_r5_c10_l1000_i1000_ps0_15_pt0_33_j5_4.stl,0.428,43470.4,sat
../resources/benchmarks/random0/b0_r5_c10_l1000_i1000_ps0_15_pt0_33_j5_5.stl,0.386,66840.8,sat
../resources/benchmarks/random0/b0_r5_c10_l1000_i1000_ps0_15_pt0_5_j10_1.stl,0.6,241316.8,sat
../resources/benchmarks/random0/b0_r5_c10_l1000_i1000_ps0_15_pt0_5_j10_2.stl,-1,-1,TO
../resources/benchmarks/random0/b0_r5_c10_l1000_i1000_ps0_15_pt0_5_j10_3.stl,0.888,202623.2,sat
../resources/benchmarks/random0/b0_r5_c10_l1000_i1000_ps0_15_pt0_5_j10_4.stl,-1,-1,TO
../resources/benchmarks/random0/b0_r5_c10_l1000_i1000_ps0_15_pt0_5_j10_5.stl,0.342,17034.4,unsat
../resources/benchmarks/random0/b0_r5_c10_l1000_i1000_ps0_15_pt0_5_j5_1.stl,-1,-1,TO
../resources/benchmarks/random0/b0_r5_c10_l1000_i1000_ps0_15_pt0_5_j5_2.stl,0.34,17018.4,unsat
../resources/benchmarks/random0/b0_r5_c10_l1000_i1000_ps0_15_pt0_5_j5_3.stl,0.364,36772,sat
../resources/benchmarks/random0/b0_r5_c10_l1000_i1000_ps0_15_pt0_5_j5_4.stl,-1,-1,TO
../resources/benchmarks/random0/b0_r5_c10_l1000_i1000_ps0_15_pt0_5_j5_5.stl,0.374,45635.2,sat
../resources/benchmarks/random0/b0_r5_c10_l1000_i1000_ps0_15_pt0_75_j10_1.stl,-1,-1,TO
../resources/benchmarks/random0/b0_r5_c10_l1000_i1000_ps0_15_pt0_75_j10_2.stl,0.414,39882.4,unsat
../resources/benchmarks/random0/b0_r5_c10_l1000_i1000_ps0_15_pt0_75_j10_3.stl,13.272,528529.6,sat
../resources/benchmarks/random0/b0_r5_c10_l1000_i1000_ps0_15_pt0_75_j10_4.stl,-1,-1,TO
../resources/benchmarks/random0/b0_r5_c10_l1000_i1000_ps0_15_pt0_75_j10_5.stl,-1,-1,TO
../resources/benchmarks/random0/b0_r5_c10_l1000_i1000_ps0_15_pt0_75_j5_1.stl,0.916,217964.8,unsat
../resources/benchmarks/random0/b0_r5_c10_l1000_i1000_ps0_15_pt0_75_j5_2.stl,0.374,39496,unsat
../resources/benchmarks/random0/b0_r5_c10_l1000_i1000_ps0_15_pt0_75_j5_3.stl,23.778,276669.6,sat
../resources/benchmarks/random0/b0_r5_c10_l1000_i1000_ps0_15_pt0_75_j5_4.stl,-1,-1,TO
../resources/benchmarks/random0/b0_r5_c10_l1000_i1000_ps0_15_pt0_75_j5_5.stl,0.548,102454.4,sat
../resources/benchmarks/random0/b0_r5_c10_l1000_i1000_ps0_15_pt0_95_j10_1.stl,1.528,506743.2,sat
../resources/benchmarks/random0/b0_r5_c10_l1000_i1000_ps0_15_pt0_95_j10_2.stl,-1,-1,TO
../resources/benchmarks/random0/b0_r5_c10_l1000_i1000_ps0_15_pt0_95_j10_3.stl,-1,-1,TO
../resources/benchmarks/random0/b0_r5_c10_l1000_i1000_ps0_15_pt0_95_j10_4.stl,0.382,19171.2,unsat
../resources/benchmarks/random0/b0_r5_c10_l1000_i1000_ps0_15_pt0_95_j10_5.stl,0.34400000000000003,34336,unsat
../resources/benchmarks/random0/b0_r5_c10_l1000_i1000_ps0_15_pt0_95_j5_1.stl,-1,-1,TO
../resources/benchmarks/random0/b0_r5_c10_l1000_i1000_ps0_15_pt0_95_j5_2.stl,1.904,138399.2,sat
../resources/benchmarks/random0/b0_r5_c10_l1000_i1000_ps0_15_pt0_95_j5_3.stl,-1,-1,TO
../resources/benchmarks/random0/b0_r5_c10_l1000_i1000_ps0_15_pt0_95_j5_4.stl,1.334,482791.2,sat
../resources/benchmarks/random0/b0_r5_c10_l1000_i1000_ps0_15_pt0_95_j5_5.stl,0.358,41643.2,unsat
../resources/benchmarks/random0/b0_r5_c10_l1000_i1000_ps0_1_pt0_33_j10_1.stl,-1,-1,TO
../resources/benchmarks/random0/b0_r5_c10_l1000_i1000_ps0_1_pt0_33_j10_2.stl,-1,-1,TO
../resources/benchmarks/random0/b0_r5_c10_l1000_i1000_ps0_1_pt0_33_j10_3.stl,0.358,35527.2,unsat
../resources/benchmarks/random0/b0_r5_c10_l1000_i1000_ps0_1_pt0_33_j10_4.stl,0.34600000000000003,37085.6,unsat
../resources/benchmarks/random0/b0_r5_c10_l1000_i1000_ps0_1_pt0_33_j10_5.stl,0.346,37087.2,unsat
../resources/benchmarks/random0/b0_r5_c10_l1000_i1000_ps0_1_pt0_33_j5_1.stl,0.358,39791.2,sat
../resources/benchmarks/random0/b0_r5_c10_l1000_i1000_ps0_1_pt0_33_j5_2.stl,0.562,119977.6,sat
../resources/benchmarks/random0/b0_r5_c10_l1000_i1000_ps0_1_pt0_33_j5_3.stl,0.354,37083.2,sat
../resources/benchmarks/random0/b0_r5_c10_l1000_i1000_ps0_1_pt0_33_j5_4.stl,-1,-1,TO
../resources/benchmarks/random0/b0_r5_c10_l1000_i1000_ps0_1_pt0_33_j5_5.stl,0.368,45933.6,sat
../resources/benchmarks/random0/b0_r5_c10_l1000_i1000_ps0_1_pt0_5_j10_1.stl,0.344,17020,unsat
../resources/benchmarks/random0/b0_r5_c10_l1000_i1000_ps0_1_pt0_5_j10_2.stl,7.308,1638346.4,sat
../resources/benchmarks/random0/b0_r5_c10_l1000_i1000_ps0_1_pt0_5_j10_3.stl,-1,-1,TO
../resources/benchmarks/random0/b0_r5_c10_l1000_i1000_ps0_1_pt0_5_j10_4.stl,-1,-1,TO
../resources/benchmarks/random0/b0_r5_c10_l1000_i1000_ps0_1_pt0_5_j10_5.stl,0.39,45341.6,unsat
../resources/benchmarks/random0/b0_r5_c10_l1000_i1000_ps0_1_pt0_5_j5_1.stl,0.744,322410.4,sat
../resources/benchmarks/random0/b0_r5_c10_l1000_i1000_ps0_1_pt0_5_j5_2.stl,-1,-1,TO
../resources/benchmarks/random0/b0_r5_c10_l1000_i1000_ps0_1_pt0_5_j5_3.stl,0.34400000000000003,16712,unsat
../resources/benchmarks/random0/b0_r5_c10_l1000_i1000_ps0_1_pt0_5_j5_4.stl,-1,-1,TO
../resources/benchmarks/random0/b0_r5_c10_l1000_i1000_ps0_1_pt0_5_j5_5.stl,0.984,406564.8,sat
../resources/benchmarks/random0/b0_r5_c10_l1000_i1000_ps0_1_pt0_75_j10_1.stl,-1,-1,TO
../resources/benchmarks/random0/b0_r5_c10_l1000_i1000_ps0_1_pt0_75_j10_2.stl,-1,-1,TO
../resources/benchmarks/random0/b0_r5_c10_l1000_i1000_ps0_1_pt0_75_j10_3.stl,-1,-1,TO
../resources/benchmarks/random0/b0_r5_c10_l1000_i1000_ps0_1_pt0_75_j10_4.stl,2.642,77474.4,unsat
../resources/benchmarks/random0/b0_r5_c10_l1000_i1000_ps0_1_pt0_75_j10_5.stl,-1,-1,TO
../resources/benchmarks/random0/b0_r5_c10_l1000_i1000_ps0_1_pt0_75_j5_1.stl,-1,-1,TO
../resources/benchmarks/random0/b0_r5_c10_l1000_i1000_ps0_1_pt0_75_j5_2.stl,1.346,431478.4,sat
../resources/benchmarks/random0/b0_r5_c10_l1000_i1000_ps0_1_pt0_75_j5_3.stl,1.368,165446.4,sat
../resources/benchmarks/random0/b0_r5_c10_l1000_i1000_ps0_1_pt0_75_j5_4.stl,0.372,43191.2,unsat
../resources/benchmarks/random0/b0_r5_c10_l1000_i1000_ps0_1_pt0_75_j5_5.stl,-1,-1,TO
../resources/benchmarks/random0/b0_r5_c10_l1000_i1000_ps0_1_pt0_95_j10_1.stl,-1,-1,TO
../resources/benchmarks/random0/b0_r5_c10_l1000_i1000_ps0_1_pt0_95_j10_2.stl,0.34,17317.6,unsat
../resources/benchmarks/random0/b0_r5_c10_l1000_i1000_ps0_1_pt0_95_j10_3.stl,-1,-1,TO
../resources/benchmarks/random0/b0_r5_c10_l1000_i1000_ps0_1_pt0_95_j10_4.stl,0.362,35581.6,unsat
../resources/benchmarks/random0/b0_r5_c10_l1000_i1000_ps0_1_pt0_95_j10_5.stl,0.352,23772.8,unsat
../resources/benchmarks/random0/b0_r5_c10_l1000_i1000_ps0_1_pt0_95_j5_1.stl,5.562,166675.2,unsat
../resources/benchmarks/random0/b0_r5_c10_l1000_i1000_ps0_1_pt0_95_j5_2.stl,3.424,834836.8,sat
../resources/benchmarks/random0/b0_r5_c10_l1000_i1000_ps0_1_pt0_95_j5_3.stl,-1,-1,TO
../resources/benchmarks/random0/b0_r5_c10_l1000_i1000_ps0_1_pt0_95_j5_4.stl,-1,-1,TO
../resources/benchmarks/random0/b0_r5_c10_l1000_i1000_ps0_1_pt0_95_j5_5.stl,0.342,17302.4,unsat
../resources/benchmarks/random0/b0_r5_c10_l1000_i1000_ps0_25_pt0_33_j10_1.stl,0.334,17019.2,unsat
../resources/benchmarks/random0/b0_r5_c10_l1000_i1000_ps0_25_pt0_33_j10_2.stl,0.33999999999999997,17332,unsat
../resources/benchmarks/random0/b0_r5_c10_l1000_i1000_ps0_25_pt0_33_j10_3.stl,0.336,17299.2,unsat
../resources/benchmarks/random0/b0_r5_c10_l1000_i1000_ps0_25_pt0_33_j10_4.stl,0.356,20383.2,unsat
../resources/benchmarks/random0/b0_r5_c10_l1000_i1000_ps0_25_pt0_33_j10_5.stl,0.33,17008,unsat
../resources/benchmarks/random0/b0_r5_c10_l1000_i1000_ps0_25_pt0_33_j5_1.stl,0.324,35842.4,sat
../resources/benchmarks/random0/b0_r5_c10_l1000_i1000_ps0_25_pt0_33_j5_2.stl,0.326,39194.4,sat
../resources/benchmarks/random0/b0_r5_c10_l1000_i1000_ps0_25_pt0_33_j5_3.stl,0.358,20680,unsat
../resources/benchmarks/random0/b0_r5_c10_l1000_i1000_ps0_25_pt0_33_j5_4.stl,0.336,33026.4,sat
../resources/benchmarks/random0/b0_r5_c10_l1000_i1000_ps0_25_pt0_33_j5_5.stl,0.356,57008,sat
../resources/benchmarks/random0/b0_r5_c10_l1000_i1000_ps0_25_pt0_5_j10_1.stl,0.348,33377.6,unsat
../resources/benchmarks/random0/b0_r5_c10_l1000_i1000_ps0_25_pt0_5_j10_2.stl,3.174,450215.2,sat
../resources/benchmarks/random0/b0_r5_c10_l1000_i1000_ps0_25_pt0_5_j10_3.stl,0.356,33393.6,unsat
../resources/benchmarks/random0/b0_r5_c10_l1000_i1000_ps0_25_pt0_5_j10_4.stl,12.546,613093.6,sat
../resources/benchmarks/random0/b0_r5_c10_l1000_i1000_ps0_25_pt0_5_j10_5.stl,0.402,40460,unsat
../resources/benchmarks/random0/b0_r5_c10_l1000_i1000_ps0_25_pt0_5_j5_1.stl,0.34400000000000003,34923.2,unsat
../resources/benchmarks/random0/b0_r5_c10_l1000_i1000_ps0_25_pt0_5_j5_2.stl,1.068,413663.2,sat
../resources/benchmarks/random0/b0_r5_c10_l1000_i1000_ps0_25_pt0_5_j5_3.stl,0.362,42575.2,sat
../resources/benchmarks/random0/b0_r5_c10_l1000_i1000_ps0_25_pt0_5_j5_4.stl,0.356,34931.2,sat
../resources/benchmarks/random0/b0_r5_c10_l1000_i1000_ps0_25_pt0_5_j5_5.stl,0.352,31804.8,unsat
../resources/benchmarks/random0/b0_r5_c10_l1000_i1000_ps0_25_pt0_75_j10_1.stl,30.324,283128.8,sat
../resources/benchmarks/random0/b0_r5_c10_l1000_i1000_ps0_25_pt0_75_j10_2.stl,0.34199999999999997,34264.8,unsat
../resources/benchmarks/random0/b0_r5_c10_l1000_i1000_ps0_25_pt0_75_j10_3.stl,0.334,17019.2,unsat
../resources/benchmarks/random0/b0_r5_c10_l1000_i1000_ps0_25_pt0_75_j10_4.stl,0.35,17015.2,unsat
../resources/benchmarks/random0/b0_r5_c10_l1000_i1000_ps0_25_pt0_75_j10_5.stl,0.396,36794.4,unsat
../resources/benchmarks/random0/b0_r5_c10_l1000_i1000_ps0_25_pt0_75_j5_1.stl,0.366,17015.2,sat
../resources/benchmarks/random0/b0_r5_c10_l1000_i1000_ps0_25_pt0_75_j5_2.stl,0.376,32109.6,unsat
../resources/benchmarks/random0/b0_r5_c10_l1000_i1000_ps0_25_pt0_75_j5_3.stl,0.364,17004.8,sat
../resources/benchmarks/random0/b0_r5_c10_l1000_i1000_ps0_25_pt0_75_j5_4.stl,0.368,32769.6,unsat
../resources/benchmarks/random0/b0_r5_c10_l1000_i1000_ps0_25_pt0_75_j5_5.stl,-1,-1,TO
../resources/benchmarks/random0/b0_r5_c10_l1000_i1000_ps0_25_pt0_95_j10_1.stl,0.354,17629.6,unsat
../resources/benchmarks/random0/b0_r5_c10_l1000_i1000_ps0_25_pt0_95_j10_2.stl,-1,-1,TO
../resources/benchmarks/random0/b0_r5_c10_l1000_i1000_ps0_25_pt0_95_j10_3.stl,-1,-1,TO
../resources/benchmarks/random0/b0_r5_c10_l1000_i1000_ps0_25_pt0_95_j10_4.stl,0.316,18532.8,unsat
../resources/benchmarks/random0/b0_r5_c10_l1000_i1000_ps0_25_pt0_95_j10_5.stl,0.338,17917.6,unsat
../resources/benchmarks/random0/b0_r5_c10_l1000_i1000_ps0_25_pt0_95_j5_1.stl,0.362,34600.8,sat
../resources/benchmarks/random0/b0_r5_c10_l1000_i1000_ps0_25_pt0_95_j5_2.stl,0.388,64982.4,sat
../resources/benchmarks/random0/b0_r5_c10_l1000_i1000_ps0_25_pt0_95_j5_3.stl,0.728,291082.4,sat
../resources/benchmarks/random0/b0_r5_c10_l1000_i1000_ps0_25_pt0_95_j5_4.stl,0.356,39474.4,sat
../resources/benchmarks/random0/b0_r5_c10_l1000_i1000_ps0_25_pt0_95_j5_5.stl,0.968,201390.4,sat
../resources/benchmarks/random0/b0_r5_c10_l1000_i1000_ps0_2_pt0_33_j10_1.stl,0.35,17002.4,unsat
../resources/benchmarks/random0/b0_r5_c10_l1000_i1000_ps0_2_pt0_33_j10_2.stl,0.494,44474.4,sat
../resources/benchmarks/random0/b0_r5_c10_l1000_i1000_ps0_2_pt0_33_j10_3.stl,0.474,96036,sat
../resources/benchmarks/random0/b0_r5_c10_l1000_i1000_ps0_2_pt0_33_j10_4.stl,0.396,37728.8,sat
../resources/benchmarks/random0/b0_r5_c10_l1000_i1000_ps0_2_pt0_33_j10_5.stl,0.964,403841.6,sat
../resources/benchmarks/random0/b0_r5_c10_l1000_i1000_ps0_2_pt0_33_j5_1.stl,0.364,33660,sat
../resources/benchmarks/random0/b0_r5_c10_l1000_i1000_ps0_2_pt0_33_j5_2.stl,0.35000000000000003,33692.8,unsat
../resources/benchmarks/random0/b0_r5_c10_l1000_i1000_ps0_2_pt0_33_j5_3.stl,9.034,200460,sat
../resources/benchmarks/random0/b0_r5_c10_l1000_i1000_ps0_2_pt0_33_j5_4.stl,0.358,35248.8,sat
../resources/benchmarks/random0/b0_r5_c10_l1000_i1000_ps0_2_pt0_33_j5_5.stl,0.354,34602.4,sat
../resources/benchmarks/random0/b0_r5_c10_l1000_i1000_ps0_2_pt0_5_j10_1.stl,0.362,37964,unsat
../resources/benchmarks/random0/b0_r5_c10_l1000_i1000_ps0_2_pt0_5_j10_2.stl,14.15,196184,sat
../resources/benchmarks/random0/b0_r5_c10_l1000_i1000_ps0_2_pt0_5_j10_3.stl,-1,-1,TO
../resources/benchmarks/random0/b0_r5_c10_l1000_i1000_ps0_2_pt0_5_j10_4.stl,0.364,32404,unsat
../resources/benchmarks/random0/b0_r5_c10_l1000_i1000_ps0_2_pt0_5_j10_5.stl,4.998,1150116,sat
../resources/benchmarks/random0/b0_r5_c10_l1000_i1000_ps0_2_pt0_5_j5_1.stl,0.35,35560.8,sat
../resources/benchmarks/random0/b0_r5_c10_l1000_i1000_ps0_2_pt0_5_j5_2.stl,0.376,46856.8,sat
../resources/benchmarks/random0/b0_r5_c10_l1000_i1000_ps0_2_pt0_5_j5_3.stl,0.348,35544,sat
../resources/benchmarks/random0/b0_r5_c10_l1000_i1000_ps0_2_pt0_5_j5_4.stl,0.42,47179.2,unsat
../resources/benchmarks/random0/b0_r5_c10_l1000_i1000_ps0_2_pt0_5_j5_5.stl,0.358,40734.4,sat
../resources/benchmarks/random0/b0_r5_c10_l1000_i1000_ps0_2_pt0_75_j10_1.stl,-1,-1,TO
../resources/benchmarks/random0/b0_r5_c10_l1000_i1000_ps0_2_pt0_75_j10_2.stl,-1,-1,TO
../resources/benchmarks/random0/b0_r5_c10_l1000_i1000_ps0_2_pt0_75_j10_3.stl,0.718,51825.6,unsat
../resources/benchmarks/random0/b0_r5_c10_l1000_i1000_ps0_2_pt0_75_j10_4.stl,1.416,165134.4,sat
../resources/benchmarks/random0/b0_r5_c10_l1000_i1000_ps0_2_pt0_75_j10_5.stl,4.182,267464.8,sat
../resources/benchmarks/random0/b0_r5_c10_l1000_i1000_ps0_2_pt0_75_j5_1.stl,0.334,17003.2,unsat
../resources/benchmarks/random0/b0_r5_c10_l1000_i1000_ps0_2_pt0_75_j5_2.stl,4.764,155306.4,sat
../resources/benchmarks/random0/b0_r5_c10_l1000_i1000_ps0_2_pt0_75_j5_3.stl,0.338,16994.4,unsat
../resources/benchmarks/random0/b0_r5_c10_l1000_i1000_ps0_2_pt0_75_j5_4.stl,0.362,33948,sat
../resources/benchmarks/random0/b0_r5_c10_l1000_i1000_ps0_2_pt0_75_j5_5.stl,0.356,35530.4,sat
../resources/benchmarks/random0/b0_r5_c10_l1000_i1000_ps0_2_pt0_95_j10_1.stl,-1,-1,TO
../resources/benchmarks/random0/b0_r5_c10_l1000_i1000_ps0_2_pt0_95_j10_2.stl,-1,-1,TO
../resources/benchmarks/random0/b0_r5_c10_l1000_i1000_ps0_2_pt0_95_j10_3.stl,0.40800000000000003,41128.8,unsat
../resources/benchmarks/random0/b0_r5_c10_l1000_i1000_ps0_2_pt0_95_j10_4.stl,-1,-1,TO
../resources/benchmarks/random0/b0_r5_c10_l1000_i1000_ps0_2_pt0_95_j10_5.stl,1.42,425328,sat
../resources/benchmarks/random0/b0_r5_c10_l1000_i1000_ps0_2_pt0_95_j5_1.stl,0.4,39559.2,unsat
../resources/benchmarks/random0/b0_r5_c10_l1000_i1000_ps0_2_pt0_95_j5_2.stl,6.6419999999999995,304586.4,sat
../resources/benchmarks/random0/b0_r5_c10_l1000_i1000_ps0_2_pt0_95_j5_3.stl,-1,-1,TO
../resources/benchmarks/random0/b0_r5_c10_l1000_i1000_ps0_2_pt0_95_j5_4.stl,43.278,223781.6,sat
../resources/benchmarks/random0/b0_r5_c10_l1000_i1000_ps0_2_pt0_95_j5_5.stl,-1,-1,TO
../resources/benchmarks/random0/b0_r5_c10_l1000_i50_ps0_05_pt0_33_j10_1.stl,0.434,37996.8,unsat
../resources/benchmarks/random0/b0_r5_c10_l1000_i50_ps0_05_pt0_33_j10_2.stl,-1,-1,TO
../resources/benchmarks/random0/b0_r5_c10_l1000_i50_ps0_05_pt0_33_j10_3.stl,-1,-1,TO
../resources/benchmarks/random0/b0_r5_c10_l1000_i50_ps0_05_pt0_33_j10_4.stl,-1,-1,TO
../resources/benchmarks/random0/b0_r5_c10_l1000_i50_ps0_05_pt0_33_j10_5.stl,0.416,36161.6,unsat
../resources/benchmarks/random0/b0_r5_c10_l1000_i50_ps0_05_pt0_33_j5_1.stl,17.696,641904,sat
../resources/benchmarks/random0/b0_r5_c10_l1000_i50_ps0_05_pt0_33_j5_2.stl,0.448,46255.2,unsat
../resources/benchmarks/random0/b0_r5_c10_l1000_i50_ps0_05_pt0_33_j5_3.stl,5.01,1187056,sat
../resources/benchmarks/random0/b0_r5_c10_l1000_i50_ps0_05_pt0_33_j5_4.stl,-1,-1,TO
../resources/benchmarks/random0/b0_r5_c10_l1000_i50_ps0_05_pt0_33_j5_5.stl,-1,-1,TO
../resources/benchmarks/random0/b0_r5_c10_l1000_i50_ps0_05_pt0_5_j10_1.stl,-1,-1,TO
../resources/benchmarks/random0/b0_r5_c10_l1000_i50_ps0_05_pt0_5_j10_2.stl,-1,-1,TO
../resources/benchmarks/random0/b0_r5_c10_l1000_i50_ps0_05_pt0_5_j10_3.stl,-1,-1,TO
../resources/benchmarks/random0/b0_r5_c10_l1000_i50_ps0_05_pt0_5_j10_4.stl,-1,-1,TO
../resources/benchmarks/random0/b0_r5_c10_l1000_i50_ps0_05_pt0_5_j10_5.stl,-1,-1,TO
../resources/benchmarks/random0/b0_r5_c10_l1000_i50_ps0_05_pt0_5_j5_1.stl,-1,-1,TO
../resources/benchmarks/random0/b0_r5_c10_l1000_i50_ps0_05_pt0_5_j5_2.stl,3.436,812828.8,sat
../resources/benchmarks/random0/b0_r5_c10_l1000_i50_ps0_05_pt0_5_j5_3.stl,-1,-1,TO
../resources/benchmarks/random0/b0_r5_c10_l1000_i50_ps0_05_pt0_5_j5_4.stl,-1,-1,TO
../resources/benchmarks/random0/b0_r5_c10_l1000_i50_ps0_05_pt0_5_j5_5.stl,3.712,568195.2,sat
../resources/benchmarks/random0/b0_r5_c10_l1000_i50_ps0_05_pt0_75_j10_1.stl,-1,-1,TO
../resources/benchmarks/random0/b0_r5_c10_l1000_i50_ps0_05_pt0_75_j10_2.stl,-1,-1,TO
../resources/benchmarks/random0/b0_r5_c10_l1000_i50_ps0_05_pt0_75_j10_3.stl,-1,-1,TO
../resources/benchmarks/random0/b0_r5_c10_l1000_i50_ps0_05_pt0_75_j10_4.stl,-1,-1,TO
../resources/benchmarks/random0/b0_r5_c10_l1000_i50_ps0_05_pt0_75_j10_5.stl,-1,-1,TO
../resources/benchmarks/random0/b0_r5_c10_l1000_i50_ps0_05_pt0_75_j5_1.stl,-1,-1,TO
../resources/benchmarks/random0/b0_r5_c10_l1000_i50_ps0_05_pt0_75_j5_2.stl,-1,-1,TO
../resources/benchmarks/random0/b0_r5_c10_l1000_i50_ps0_05_pt0_75_j5_3.stl,-1,-1,TO
../resources/benchmarks/random0/b0_r5_c10_l1000_i50_ps0_05_pt0_75_j5_4.stl,-1,-1,TO
../resources/benchmarks/random0/b0_r5_c10_l1000_i50_ps0_05_pt0_75_j5_5.stl,-1,-1,TO
../resources/benchmarks/random0/b0_r5_c10_l1000_i50_ps0_05_pt0_95_j10_1.stl,-1,-1,TO
../resources/benchmarks/random0/b0_r5_c10_l1000_i50_ps0_05_pt0_95_j10_2.stl,-1,-1,TO
../resources/benchmarks/random0/b0_r5_c10_l1000_i50_ps0_05_pt0_95_j10_3.stl,-1,-1,TO
../resources/benchmarks/random0/b0_r5_c10_l1000_i50_ps0_05_pt0_95_j10_4.stl,-1,-1,TO
../resources/benchmarks/random0/b0_r5_c10_l1000_i50_ps0_05_pt0_95_j10_5.stl,-1,-1,TO
../resources/benchmarks/random0/b0_r5_c10_l1000_i50_ps0_05_pt0_95_j5_1.stl,-1,-1,TO
../resources/benchmarks/random0/b0_r5_c10_l1000_i50_ps0_05_pt0_95_j5_2.stl,-1,-1,TO
../resources/benchmarks/random0/b0_r5_c10_l1000_i50_ps0_05_pt0_95_j5_3.stl,-1,-1,TO
../resources/benchmarks/random0/b0_r5_c10_l1000_i50_ps0_05_pt0_95_j5_4.stl,-1,-1,TO
../resources/benchmarks/random0/b0_r5_c10_l1000_i50_ps0_05_pt0_95_j5_5.stl,-1,-1,TO
../resources/benchmarks/random0/b0_r5_c10_l1000_i50_ps0_15_pt0_33_j10_1.stl,0.42,56363.2,sat
../resources/benchmarks/random0/b0_r5_c10_l1000_i50_ps0_15_pt0_33_j10_2.stl,0.354,34276.8,unsat
../resources/benchmarks/random0/b0_r5_c10_l1000_i50_ps0_15_pt0_33_j10_3.stl,0.332,33949.6,unsat
../resources/benchmarks/random0/b0_r5_c10_l1000_i50_ps0_15_pt0_33_j10_4.stl,0.354,37410.4,sat
../resources/benchmarks/random0/b0_r5_c10_l1000_i50_ps0_15_pt0_33_j10_5.stl,0.342,33365.6,unsat
../resources/benchmarks/random0/b0_r5_c10_l1000_i50_ps0_15_pt0_33_j5_1.stl,0.35,33065.6,unsat
../resources/benchmarks/random0/b0_r5_c10_l1000_i50_ps0_15_pt0_33_j5_2.stl,0.372,45018.4,unsat
../resources/benchmarks/random0/b0_r5_c10_l1000_i50_ps0_15_pt0_33_j5_3.stl,0.358,38879.2,sat
../resources/benchmarks/random0/b0_r5_c10_l1000_i50_ps0_15_pt0_33_j5_4.stl,0.384,48392,sat
../resources/benchmarks/random0/b0_r5_c10_l1000_i50_ps0_15_pt0_33_j5_5.stl,0.352,46263.2,sat
../resources/benchmarks/random0/b0_r5_c10_l1000_i50_ps0_15_pt0_5_j10_1.stl,0.334,34313.6,unsat
../resources/benchmarks/random0/b0_r5_c10_l1000_i50_ps0_15_pt0_5_j10_2.stl,0.356,35555.2,unsat
../resources/benchmarks/random0/b0_r5_c10_l1000_i50_ps0_15_pt0_5_j10_3.stl,0.356,35284,unsat
../resources/benchmarks/random0/b0_r5_c10_l1000_i50_ps0_15_pt0_5_j10_4.stl,0.368,46862.4,sat
../resources/benchmarks/random0/b0_r5_c10_l1000_i50_ps0_15_pt0_5_j10_5.stl,0.326,33060,unsat
../resources/benchmarks/random0/b0_r5_c10_l1000_i50_ps0_15_pt0_5_j5_1.stl,0.376,45015.2,sat
../resources/benchmarks/random0/b0_r5_c10_l1000_i50_ps0_15_pt0_5_j5_2.stl,0.384,52682.4,sat
../resources/benchmarks/random0/b0_r5_c10_l1000_i50_ps0_15_pt0_5_j5_3.stl,0.36,36778.4,sat
../resources/benchmarks/random0/b0_r5_c10_l1000_i50_ps0_15_pt0_5_j5_4.stl,0.43,60671.2,sat
../resources/benchmarks/random0/b0_r5_c10_l1000_i50_ps0_15_pt0_5_j5_5.stl,0.36,46872,sat
../resources/benchmarks/random0/b0_r5_c10_l1000_i50_ps0_15_pt0_75_j10_1.stl,-1,-1,TO
../resources/benchmarks/random0/b0_r5_c10_l1000_i50_ps0_15_pt0_75_j10_2.stl,0.51,57908.8,sat
../resources/benchmarks/random0/b0_r5_c10_l1000_i50_ps0_15_pt0_75_j10_3.stl,0.332,33054.4,unsat
../resources/benchmarks/random0/b0_r5_c10_l1000_i50_ps0_15_pt0_75_j10_4.stl,0.678,71752.8,sat
../resources/benchmarks/random0/b0_r5_c10_l1000_i50_ps0_15_pt0_75_j10_5.stl,0.372,39588.8,unsat
../resources/benchmarks/random0/b0_r5_c10_l1000_i50_ps0_15_pt0_75_j5_1.stl,0.348,16992.8,sat
../resources/benchmarks/random0/b0_r5_c10_l1000_i50_ps0_15_pt0_75_j5_2.stl,0.342,17004,sat
../resources/benchmarks/random0/b0_r5_c10_l1000_i50_ps0_15_pt0_75_j5_3.stl,0.338,16998.4,unsat
../resources/benchmarks/random0/b0_r5_c10_l1000_i50_ps0_15_pt0_75_j5_4.stl,0.358,36435.2,sat
../resources/benchmarks/random0/b0_r5_c10_l1000_i50_ps0_15_pt0_75_j5_5.stl,-1,-1,TO
../resources/benchmarks/random0/b0_r5_c10_l1000_i50_ps0_15_pt0_95_j10_1.stl,-1,-1,TO
../resources/benchmarks/random0/b0_r5_c10_l1000_i50_ps0_15_pt0_95_j10_2.stl,-1,-1,TO
../resources/benchmarks/random0/b0_r5_c10_l1000_i50_ps0_15_pt0_95_j10_3.stl,-1,-1,TO
../resources/benchmarks/random0/b0_r5_c10_l1000_i50_ps0_15_pt0_95_j10_4.stl,-1,-1,TO
../resources/benchmarks/random0/b0_r5_c10_l1000_i50_ps0_15_pt0_95_j10_5.stl,-1,-1,TO
../resources/benchmarks/random0/b0_r5_c10_l1000_i50_ps0_15_pt0_95_j5_1.stl,1.238,134708.8,sat
../resources/benchmarks/random0/b0_r5_c10_l1000_i50_ps0_15_pt0_95_j5_2.stl,-1,-1,TO
../resources/benchmarks/random0/b0_r5_c10_l1000_i50_ps0_15_pt0_95_j5_3.stl,0.364,35514.4,sat
../resources/benchmarks/random0/b0_r5_c10_l1000_i50_ps0_15_pt0_95_j5_4.stl,-1,-1,TO
../resources/benchmarks/random0/b0_r5_c10_l1000_i50_ps0_15_pt0_95_j5_5.stl,0.472,56378.4,sat
../resources/benchmarks/random0/b0_r5_c10_l1000_i50_ps0_1_pt0_33_j10_1.stl,27.894000000000002,4056289.6,sat
../resources/benchmarks/random0/b0_r5_c10_l1000_i50_ps0_1_pt0_33_j10_2.stl,0.366,35532,unsat
../resources/benchmarks/random0/b0_r5_c10_l1000_i50_ps0_1_pt0_33_j10_3.stl,4.93,76015.2,sat
../resources/benchmarks/random0/b0_r5_c10_l1000_i50_ps0_1_pt0_33_j10_4.stl,0.37,35583.2,unsat
../resources/benchmarks/random0/b0_r5_c10_l1000_i50_ps0_1_pt0_33_j10_5.stl,0.37,35533.6,unsat
../resources/benchmarks/random0/b0_r5_c10_l1000_i50_ps0_1_pt0_33_j5_1.stl,0.576,41737.6,unsat
../resources/benchmarks/random0/b0_r5_c10_l1000_i50_ps0_1_pt0_33_j5_2.stl,0.334,32759.2,unsat
../resources/benchmarks/random0/b0_r5_c10_l1000_i50_ps0_1_pt0_33_j5_3.stl,0.352,47475.2,sat
../resources/benchmarks/random0/b0_r5_c10_l1000_i50_ps0_1_pt0_33_j5_4.stl,0.354,35566.4,sat
../resources/benchmarks/random0/b0_r5_c10_l1000_i50_ps0_1_pt0_33_j5_5.stl,0.366,41002.4,sat
../resources/benchmarks/random0/b0_r5_c10_l1000_i50_ps0_1_pt0_5_j10_1.stl,-1,-1,TO
../resources/benchmarks/random0/b0_r5_c10_l1000_i50_ps0_1_pt0_5_j10_2.stl,-1,-1,TO
../resources/benchmarks/random0/b0_r5_c10_l1000_i50_ps0_1_pt0_5_j10_3.stl,0.488,61904.8,sat
../resources/benchmarks/random0/b0_r5_c10_l1000_i50_ps0_1_pt0_5_j10_4.stl,0.36,34294.4,unsat
../resources/benchmarks/random0/b0_r5_c10_l1000_i50_ps0_1_pt0_5_j10_5.stl,-1,-1,TO
../resources/benchmarks/random0/b0_r5_c10_l1000_i50_ps0_1_pt0_5_j5_1.stl,1.256,71232,sat
../resources/benchmarks/random0/b0_r5_c10_l1000_i50_ps0_1_pt0_5_j5_2.stl,0.464,41092,sat
../resources/benchmarks/random0/b0_r5_c10_l1000_i50_ps0_1_pt0_5_j5_3.stl,0.338,16997.6,sat
../resources/benchmarks/random0/b0_r5_c10_l1000_i50_ps0_1_pt0_5_j5_4.stl,-1,-1,TO
../resources/benchmarks/random0/b0_r5_c10_l1000_i50_ps0_1_pt0_5_j5_5.stl,0.382,37087.2,sat
../resources/benchmarks/random0/b0_r5_c10_l1000_i50_ps0_1_pt0_75_j10_1.stl,-1,-1,TO
../resources/benchmarks/random0/b0_r5_c10_l1000_i50_ps0_1_pt0_75_j10_2.stl,-1,-1,TO
../resources/benchmarks/random0/b0_r5_c10_l1000_i50_ps0_1_pt0_75_j10_3.stl,-1,-1,TO
../resources/benchmarks/random0/b0_r5_c10_l1000_i50_ps0_1_pt0_75_j10_4.stl,-1,-1,TO
../resources/benchmarks/random0/b0_r5_c10_l1000_i50_ps0_1_pt0_75_j10_5.stl,-1,-1,TO
../resources/benchmarks/random0/b0_r5_c10_l1000_i50_ps0_1_pt0_75_j5_1.stl,0.674,66543.2,sat
../resources/benchmarks/random0/b0_r5_c10_l1000_i50_ps0_1_pt0_75_j5_2.stl,0.42,60093.6,sat
../resources/benchmarks/random0/b0_r5_c10_l1000_i50_ps0_1_pt0_75_j5_3.stl,0.554,94187.2,sat
../resources/benchmarks/random0/b0_r5_c10_l1000_i50_ps0_1_pt0_75_j5_4.stl,1.01,100938.4,sat
../resources/benchmarks/random0/b0_r5_c10_l1000_i50_ps0_1_pt0_75_j5_5.stl,0.806,123667.2,sat
../resources/benchmarks/random0/b0_r5_c10_l1000_i50_ps0_1_pt0_95_j10_1.stl,-1,-1,TO
../resources/benchmarks/random0/b0_r5_c10_l1000_i50_ps0_1_pt0_95_j10_2.stl,0.362,35241.6,unsat
../resources/benchmarks/random0/b0_r5_c10_l1000_i50_ps0_1_pt0_95_j10_3.stl,-1,-1,TO
../resources/benchmarks/random0/b0_r5_c10_l1000_i50_ps0_1_pt0_95_j10_4.stl,16.948,1292048.8,unsat
../resources/benchmarks/random0/b0_r5_c10_l1000_i50_ps0_1_pt0_95_j10_5.stl,-1,-1,TO
../resources/benchmarks/random0/b0_r5_c10_l1000_i50_ps0_1_pt0_95_j5_1.stl,0.364,34628.8,unsat
../resources/benchmarks/random0/b0_r5_c10_l1000_i50_ps0_1_pt0_95_j5_2.stl,-1,-1,TO
../resources/benchmarks/random0/b0_r5_c10_l1000_i50_ps0_1_pt0_95_j5_3.stl,0.332,17011.2,unsat
../resources/benchmarks/random0/b0_r5_c10_l1000_i50_ps0_1_pt0_95_j5_4.stl,0.372,48401.6,sat
../resources/benchmarks/random0/b0_r5_c10_l1000_i50_ps0_1_pt0_95_j5_5.stl,0.582,70517.6,sat
../resources/benchmarks/random0/b0_r5_c10_l1000_i50_ps0_25_pt0_33_j10_1.stl,0.456,42024,sat
../resources/benchmarks/random0/b0_r5_c10_l1000_i50_ps0_25_pt0_33_j10_2.stl,0.328,17007.2,unsat
../resources/benchmarks/random0/b0_r5_c10_l1000_i50_ps0_25_pt0_33_j10_3.stl,1.068,272392.8,sat
../resources/benchmarks/random0/b0_r5_c10_l1000_i50_ps0_25_pt0_33_j10_4.stl,0.34600000000000003,35544.8,unsat
../resources/benchmarks/random0/b0_r5_c10_l1000_i50_ps0_25_pt0_33_j10_5.stl,0.366,46548,sat
../resources/benchmarks/random0/b0_r5_c10_l1000_i50_ps0_25_pt0_33_j5_1.stl,0.342,33980,sat
../resources/benchmarks/random0/b0_r5_c10_l1000_i50_ps0_25_pt0_33_j5_2.stl,0.342,17016.8,unsat
../resources/benchmarks/random0/b0_r5_c10_l1000_i50_ps0_25_pt0_33_j5_3.stl,0.362,33717.6,sat
../resources/benchmarks/random0/b0_r5_c10_l1000_i50_ps0_25_pt0_33_j5_4.stl,0.366,35862.4,sat
../resources/benchmarks/random0/b0_r5_c10_l1000_i50_ps0_25_pt0_33_j5_5.stl,0.34800000000000003,40106.4,sat
../resources/benchmarks/random0/b0_r5_c10_l1000_i50_ps0_25_pt0_5_j10_1.stl,0.332,17308.8,unsat
../resources/benchmarks/random0/b0_r5_c10_l1000_i50_ps0_25_pt0_5_j10_2.stl,0.366,35563.2,sat
../resources/benchmarks/random0/b0_r5_c10_l1000_i50_ps0_25_pt0_5_j10_3.stl,0.344,17304.8,unsat
../resources/benchmarks/random0/b0_r5_c10_l1000_i50_ps0_25_pt0_5_j10_4.stl,0.344,17017.6,unsat
../resources/benchmarks/random0/b0_r5_c10_l1000_i50_ps0_25_pt0_5_j10_5.stl,0.34,16993.6,unsat
../resources/benchmarks/random0/b0_r5_c10_l1000_i50_ps0_25_pt0_5_j5_1.stl,0.334,17329.6,unsat
../resources/benchmarks/random0/b0_r5_c10_l1000_i50_ps0_25_pt0_5_j5_2.stl,0.398,54530.4,sat
../resources/benchmarks/random0/b0_r5_c10_l1000_i50_ps0_25_pt0_5_j5_3.stl,0.364,37046.4,unsat
../resources/benchmarks/random0/b0_r5_c10_l1000_i50_ps0_25_pt0_5_j5_4.stl,0.41,43184.8,sat
../resources/benchmarks/random0/b0_r5_c10_l1000_i50_ps0_25_pt0_5_j5_5.stl,0.356,34944.8,unsat
../resources/benchmarks/random0/b0_r5_c10_l1000_i50_ps0_25_pt0_75_j10_1.stl,0.362,35568,unsat
../resources/benchmarks/random0/b0_r5_c10_l1000_i50_ps0_25_pt0_75_j10_2.stl,0.444,42027.2,unsat
../resources/benchmarks/random0/b0_r5_c10_l1000_i50_ps0_25_pt0_75_j10_3.stl,0.358,32732,unsat
../resources/benchmarks/random0/b0_r5_c10_l1000_i50_ps0_25_pt0_75_j10_4.stl,0.42,55208,sat
../resources/benchmarks/random0/b0_r5_c10_l1000_i50_ps0_25_pt0_75_j10_5.stl,1.046,69999.2,sat
../resources/benchmarks/random0/b0_r5_c10_l1000_i50_ps0_25_pt0_75_j5_1.stl,1.232,141618.4,sat
../resources/benchmarks/random0/b0_r5_c10_l1000_i50_ps0_25_pt0_75_j5_2.stl,0.354,37974.4,sat
../resources/benchmarks/random0/b0_r5_c10_l1000_i50_ps0_25_pt0_75_j5_3.stl,0.34,32127.2,unsat
../resources/benchmarks/random0/b0_r5_c10_l1000_i50_ps0_25_pt0_75_j5_4.stl,0.338,31805.6,unsat
../resources/benchmarks/random0/b0_r5_c10_l1000_i50_ps0_25_pt0_75_j5_5.stl,0.356,38636,sat
../resources/benchmarks/random0/b0_r5_c10_l1000_i50_ps0_25_pt0_95_j10_1.stl,0.34,17303.2,unsat
../resources/benchmarks/random0/b0_r5_c10_l1000_i50_ps0_25_pt0_95_j10_2.stl,97.76,4456384,sat
../resources/benchmarks/random0/b0_r5_c10_l1000_i50_ps0_25_pt0_95_j10_3.stl,1.482,69319.2,sat
../resources/benchmarks/random0/b0_r5_c10_l1000_i50_ps0_25_pt0_95_j10_4.stl,0.394,46582.4,sat
../resources/benchmarks/random0/b0_r5_c10_l1000_i50_ps0_25_pt0_95_j10_5.stl,0.354,38285.6,unsat
../resources/benchmarks/random0/b0_r5_c10_l1000_i50_ps0_25_pt0_95_j5_1.stl,0.518,72967.2,sat
../resources/benchmarks/random0/b0_r5_c10_l1000_i50_ps0_25_pt0_95_j5_2.stl,0.364,48402.4,sat
../resources/benchmarks/random0/b0_r5_c10_l1000_i50_ps0_25_pt0_95_j5_3.stl,0.366,43495.2,sat
../resources/benchmarks/random0/b0_r5_c10_l1000_i50_ps0_25_pt0_95_j5_4.stl,0.422,48680.8,sat
../resources/benchmarks/random0/b0_r5_c10_l1000_i50_ps0_25_pt0_95_j5_5.stl,0.366,40428.8,sat
../resources/benchmarks/random0/b0_r5_c10_l1000_i50_ps0_2_pt0_33_j10_1.stl,0.398,51167.2,sat
../resources/benchmarks/random0/b0_r5_c10_l1000_i50_ps0_2_pt0_33_j10_2.stl,0.386,41348,sat
../resources/benchmarks/random0/b0_r5_c10_l1000_i50_ps0_2_pt0_33_j10_3.stl,0.366,45318.4,sat
../resources/benchmarks/random0/b0_r5_c10_l1000_i50_ps0_2_pt0_33_j10_4.stl,1.058,69651.2,sat
../resources/benchmarks/random0/b0_r5_c10_l1000_i50_ps0_2_pt0_33_j10_5.stl,0.348,33051.2,unsat
../resources/benchmarks/random0/b0_r5_c10_l1000_i50_ps0_2_pt0_33_j5_1.stl,0.364,39221.6,unsat
../resources/benchmarks/random0/b0_r5_c10_l1000_i50_ps0_2_pt0_33_j5_2.stl,0.354,35540.8,sat
../resources/benchmarks/random0/b0_r5_c10_l1000_i50_ps0_2_pt0_33_j5_3.stl,0.372,49300,sat
../resources/benchmarks/random0/b0_r5_c10_l1000_i50_ps0_2_pt0_33_j5_4.stl,0.358,33963.2,sat
../resources/benchmarks/random0/b0_r5_c10_l1000_i50_ps0_2_pt0_33_j5_5.stl,0.334,16997.6,unsat
../resources/benchmarks/random0/b0_r5_c10_l1000_i50_ps0_2_pt0_5_j10_1.stl,0.346,33044.8,unsat
../resources/benchmarks/random0/b0_r5_c10_l1000_i50_ps0_2_pt0_5_j10_2.stl,0.548,51788.8,sat
../resources/benchmarks/random0/b0_r5_c10_l1000_i50_ps0_2_pt0_5_j10_3.stl,0.35,33052.8,unsat
../resources/benchmarks/random0/b0_r5_c10_l1000_i50_ps0_2_pt0_5_j10_4.stl,0.366,37102.4,unsat
../resources/benchmarks/random0/b0_r5_c10_l1000_i50_ps0_2_pt0_5_j10_5.stl,0.334,17323.2,unsat
../resources/benchmarks/random0/b0_r5_c10_l1000_i50_ps0_2_pt0_5_j5_1.stl,0.38,43472,sat
../resources/benchmarks/random0/b0_r5_c10_l1000_i50_ps0_2_pt0_5_j5_2.stl,0.364,38599.2,sat
../resources/benchmarks/random0/b0_r5_c10_l1000_i50_ps0_2_pt0_5_j5_3.stl,0.334,17014.4,unsat
../resources/benchmarks/random0/b0_r5_c10_l1000_i50_ps0_2_pt0_5_j5_4.stl,0.35,34902.4,sat
../resources/benchmarks/random0/b0_r5_c10_l1000_i50_ps0_2_pt0_5_j5_5.stl,0.34,33691.2,sat
../resources/benchmarks/random0/b0_r5_c10_l1000_i50_ps0_2_pt0_75_j10_1.stl,104.586,212413.6,sat
../resources/benchmarks/random0/b0_r5_c10_l1000_i50_ps0_2_pt0_75_j10_2.stl,-1,-1,TO
../resources/benchmarks/random0/b0_r5_c10_l1000_i50_ps0_2_pt0_75_j10_3.stl,0.452,54236,sat
../resources/benchmarks/random0/b0_r5_c10_l1000_i50_ps0_2_pt0_75_j10_4.stl,0.37,42567.2,sat
../resources/benchmarks/random0/b0_r5_c10_l1000_i50_ps0_2_pt0_75_j10_5.stl,0.354,32736.8,unsat
../resources/benchmarks/random0/b0_r5_c10_l1000_i50_ps0_2_pt0_75_j5_1.stl,0.37,46544.8,sat
../resources/benchmarks/random0/b0_r5_c10_l1000_i50_ps0_2_pt0_75_j5_2.stl,0.374,46248,sat
../resources/benchmarks/random0/b0_r5_c10_l1000_i50_ps0_2_pt0_75_j5_3.stl,0.356,35560,unsat
../resources/benchmarks/random0/b0_r5_c10_l1000_i50_ps0_2_pt0_75_j5_4.stl,36.940000000000005,192960.8,sat
../resources/benchmarks/random0/b0_r5_c10_l1000_i50_ps0_2_pt0_75_j5_5.stl,0.384,46240,sat
../resources/benchmarks/random0/b0_r5_c10_l1000_i50_ps0_2_pt0_95_j10_1.stl,0.43,57939.2,sat
../resources/benchmarks/random0/b0_r5_c10_l1000_i50_ps0_2_pt0_95_j10_2.stl,-1,-1,TO
../resources/benchmarks/random0/b0_r5_c10_l1000_i50_ps0_2_pt0_95_j10_3.stl,0.356,33051.2,unsat
../resources/benchmarks/random0/b0_r5_c10_l1000_i50_ps0_2_pt0_95_j10_4.stl,96.608,294292,sat
../resources/benchmarks/random0/b0_r5_c10_l1000_i50_ps0_2_pt0_95_j10_5.stl,-1,-1,TO
../resources/benchmarks/random0/b0_r5_c10_l1000_i50_ps0_2_pt0_95_j5_1.stl,0.36,33338.4,unsat
../resources/benchmarks/random0/b0_r5_c10_l1000_i50_ps0_2_pt0_95_j5_2.stl,0.39,41938.4,unsat
../resources/benchmarks/random0/b0_r5_c10_l1000_i50_ps0_2_pt0_95_j5_3.stl,0.364,40404,sat
../resources/benchmarks/random0/b0_r5_c10_l1000_i50_ps0_2_pt0_95_j5_4.stl,0.352,31198.4,unsat
../resources/benchmarks/random0/b0_r5_c10_l1000_i50_ps0_2_pt0_95_j5_5.stl,0.41,52374.4,sat
../resources/benchmarks/random0/b0_r5_c10_l100_i1000_ps0_05_pt0_33_j10_1.stl,-1,-1,TO
../resources/benchmarks/random0/b0_r5_c10_l100_i1000_ps0_05_pt0_33_j10_2.stl,-1,-1,TO
../resources/benchmarks/random0/b0_r5_c10_l100_i1000_ps0_05_pt0_33_j10_3.stl,-1,-1,TO
../resources/benchmarks/random0/b0_r5_c10_l100_i1000_ps0_05_pt0_33_j10_4.stl,-1,-1,TO
../resources/benchmarks/random0/b0_r5_c10_l100_i1000_ps0_05_pt0_33_j10_5.stl,-1,-1,TO
../resources/benchmarks/random0/b0_r5_c10_l100_i1000_ps0_05_pt0_33_j5_1.stl,-1,-1,TO
../resources/benchmarks/random0/b0_r5_c10_l100_i1000_ps0_05_pt0_33_j5_2.stl,-1,-1,TO
../resources/benchmarks/random0/b0_r5_c10_l100_i1000_ps0_05_pt0_33_j5_3.stl,0.732,109848.8,sat
../resources/benchmarks/random0/b0_r5_c10_l100_i1000_ps0_05_pt0_33_j5_4.stl,-1,-1,TO
../resources/benchmarks/random0/b0_r5_c10_l100_i1000_ps0_05_pt0_33_j5_5.stl,4.872,853392,sat
../resources/benchmarks/random0/b0_r5_c10_l100_i1000_ps0_05_pt0_5_j10_1.stl,0.462,39236,unsat
../resources/benchmarks/random0/b0_r5_c10_l100_i1000_ps0_05_pt0_5_j10_2.stl,-1,-1,TO
../resources/benchmarks/random0/b0_r5_c10_l100_i1000_ps0_05_pt0_5_j10_3.stl,0.442,39246.4,unsat
../resources/benchmarks/random0/b0_r5_c10_l100_i1000_ps0_05_pt0_5_j10_4.stl,-1,-1,TO
../resources/benchmarks/random0/b0_r5_c10_l100_i1000_ps0_05_pt0_5_j10_5.stl,-1,-1,TO
../resources/benchmarks/random0/b0_r5_c10_l100_i1000_ps0_05_pt0_5_j5_1.stl,-1,-1,TO
../resources/benchmarks/random0/b0_r5_c10_l100_i1000_ps0_05_pt0_5_j5_2.stl,-1,-1,TO
../resources/benchmarks/random0/b0_r5_c10_l100_i1000_ps0_05_pt0_5_j5_3.stl,-1,-1,TO
../resources/benchmarks/random0/b0_r5_c10_l100_i1000_ps0_05_pt0_5_j5_4.stl,0.572,53309.6,sat
../resources/benchmarks/random0/b0_r5_c10_l100_i1000_ps0_05_pt0_5_j5_5.stl,-1,-1,TO
../resources/benchmarks/random0/b0_r5_c10_l100_i1000_ps0_05_pt0_75_j10_1.stl,-1,-1,TO
../resources/benchmarks/random0/b0_r5_c10_l100_i1000_ps0_05_pt0_75_j10_2.stl,0.368,32419.2,unsat
../resources/benchmarks/random0/b0_r5_c10_l100_i1000_ps0_05_pt0_75_j10_3.stl,0.46599999999999997,38920.8,unsat
../resources/benchmarks/random0/b0_r5_c10_l100_i1000_ps0_05_pt0_75_j10_4.stl,-1,-1,TO
../resources/benchmarks/random0/b0_r5_c10_l100_i1000_ps0_05_pt0_75_j10_5.stl,-1,-1,TO
../resources/benchmarks/random0/b0_r5_c10_l100_i1000_ps0_05_pt0_75_j5_1.stl,1.118,175559.2,sat
../resources/benchmarks/random0/b0_r5_c10_l100_i1000_ps0_05_pt0_75_j5_2.stl,-1,-1,TO
../resources/benchmarks/random0/b0_r5_c10_l100_i1000_ps0_05_pt0_75_j5_3.stl,-1,-1,TO
../resources/benchmarks/random0/b0_r5_c10_l100_i1000_ps0_05_pt0_75_j5_4.stl,0.704,103444.8,sat
../resources/benchmarks/random0/b0_r5_c10_l100_i1000_ps0_05_pt0_75_j5_5.stl,-1,-1,TO
../resources/benchmarks/random0/b0_r5_c10_l100_i1000_ps0_05_pt0_95_j10_1.stl,-1,-1,TO
../resources/benchmarks/random0/b0_r5_c10_l100_i1000_ps0_05_pt0_95_j10_2.stl,-1,-1,TO
../resources/benchmarks/random0/b0_r5_c10_l100_i1000_ps0_05_pt0_95_j10_3.stl,-1,-1,TO
../resources/benchmarks/random0/b0_r5_c10_l100_i1000_ps0_05_pt0_95_j10_4.stl,-1,-1,TO
../resources/benchmarks/random0/b0_r5_c10_l100_i1000_ps0_05_pt0_95_j10_5.stl,0.498,40786.4,unsat
../resources/benchmarks/random0/b0_r5_c10_l100_i1000_ps0_05_pt0_95_j5_1.stl,-1,-1,TO
../resources/benchmarks/random0/b0_r5_c10_l100_i1000_ps0_05_pt0_95_j5_2.stl,3.4,453574.4,sat
../resources/benchmarks/random0/b0_r5_c10_l100_i1000_ps0_05_pt0_95_j5_3.stl,-1,-1,TO
../resources/benchmarks/random0/b0_r5_c10_l100_i1000_ps0_05_pt0_95_j5_4.stl,-1,-1,TO
../resources/benchmarks/random0/b0_r5_c10_l100_i1000_ps0_05_pt0_95_j5_5.stl,-1,-1,TO
../resources/benchmarks/random0/b0_r5_c10_l100_i1000_ps0_15_pt0_33_j10_1.stl,0.522,49018.4,sat
../resources/benchmarks/random0/b0_r5_c10_l100_i1000_ps0_15_pt0_33_j10_2.stl,0.35,33993.6,unsat
../resources/benchmarks/random0/b0_r5_c10_l100_i1000_ps0_15_pt0_33_j10_3.stl,0.636,59760.8,sat
../resources/benchmarks/random0/b0_r5_c10_l100_i1000_ps0_15_pt0_33_j10_4.stl,0.338,16989.6,unsat
../resources/benchmarks/random0/b0_r5_c10_l100_i1000_ps0_15_pt0_33_j10_5.stl,1.39,68133.6,sat
../resources/benchmarks/random0/b0_r5_c10_l100_i1000_ps0_15_pt0_33_j5_1.stl,0.402,71743.2,sat
../resources/benchmarks/random0/b0_r5_c10_l100_i1000_ps0_15_pt0_33_j5_2.stl,0.47,43254.4,sat
../resources/benchmarks/random0/b0_r5_c10_l100_i1000_ps0_15_pt0_33_j5_3.stl,0.356,37960.8,sat
../resources/benchmarks/random0/b0_r5_c10_l100_i1000_ps0_15_pt0_33_j5_4.stl,1.302,57004.8,sat
../resources/benchmarks/random0/b0_r5_c10_l100_i1000_ps0_15_pt0_33_j5_5.stl,0.34800000000000003,31202.4,unsat
../resources/benchmarks/random0/b0_r5_c10_l100_i1000_ps0_15_pt0_5_j10_1.stl,0.332,34309.6,unsat
../resources/benchmarks/random0/b0_r5_c10_l100_i1000_ps0_15_pt0_5_j10_2.stl,0.354,33677.6,unsat
../resources/benchmarks/random0/b0_r5_c10_l100_i1000_ps0_15_pt0_5_j10_3.stl,7.638,1770913.6,sat
../resources/benchmarks/random0/b0_r5_c10_l100_i1000_ps0_15_pt0_5_j10_4.stl,3.516,104871.2,sat
../resources/benchmarks/random0/b0_r5_c10_l100_i1000_ps0_15_pt0_5_j10_5.stl,1.406,101113.6,sat
../resources/benchmarks/random0/b0_r5_c10_l100_i1000_ps0_15_pt0_5_j5_1.stl,0.344,35264,sat
../resources/benchmarks/random0/b0_r5_c10_l100_i1000_ps0_15_pt0_5_j5_2.stl,0.36,35543.2,sat
../resources/benchmarks/random0/b0_r5_c10_l100_i1000_ps0_15_pt0_5_j5_3.stl,0.36,35562.4,sat
../resources/benchmarks/random0/b0_r5_c10_l100_i1000_ps0_15_pt0_5_j5_4.stl,0.396,62836.8,sat
../resources/benchmarks/random0/b0_r5_c10_l100_i1000_ps0_15_pt0_5_j5_5.stl,0.39,40108.8,sat
../resources/benchmarks/random0/b0_r5_c10_l100_i1000_ps0_15_pt0_75_j10_1.stl,1.182,45367.2,unsat
../resources/benchmarks/random0/b0_r5_c10_l100_i1000_ps0_15_pt0_75_j10_2.stl,-1,-1,TO
../resources/benchmarks/random0/b0_r5_c10_l100_i1000_ps0_15_pt0_75_j10_3.stl,94.748,222190.2,TO
../resources/benchmarks/random0/b0_r5_c10_l100_i1000_ps0_15_pt0_75_j10_4.stl,0.396,49921.6,unsat
../resources/benchmarks/random0/b0_r5_c10_l100_i1000_ps0_15_pt0_75_j10_5.stl,11.232,2121855.2,sat
../resources/benchmarks/random0/b0_r5_c10_l100_i1000_ps0_15_pt0_75_j5_1.stl,0.584,72050.4,sat
../resources/benchmarks/random0/b0_r5_c10_l100_i1000_ps0_15_pt0_75_j5_2.stl,0.34800000000000003,36811.2,sat
../resources/benchmarks/random0/b0_r5_c10_l100_i1000_ps0_15_pt0_75_j5_3.stl,0.336,35557.6,sat
../resources/benchmarks/random0/b0_r5_c10_l100_i1000_ps0_15_pt0_75_j5_4.stl,0.34,38615.2,sat
../resources/benchmarks/random0/b0_r5_c10_l100_i1000_ps0_15_pt0_75_j5_5.stl,0.318,17297.6,unsat
../resources/benchmarks/random0/b0_r5_c10_l100_i1000_ps0_15_pt0_95_j10_1.stl,4.058,128581.6,sat
../resources/benchmarks/random0/b0_r5_c10_l100_i1000_ps0_15_pt0_95_j10_2.stl,4.656,1021391.2,unsat
../resources/benchmarks/random0/b0_r5_c10_l100_i1000_ps0_15_pt0_95_j10_3.stl,-1,-1,TO
../resources/benchmarks/random0/b0_r5_c10_l100_i1000_ps0_15_pt0_95_j10_4.stl,-1,-1,TO
../resources/benchmarks/random0/b0_r5_c10_l100_i1000_ps0_15_pt0_95_j10_5.stl,21.44,121343.2,unsat
../resources/benchmarks/random0/b0_r5_c10_l100_i1000_ps0_15_pt0_95_j5_1.stl,0.33,17328,unsat
../resources/benchmarks/random0/b0_r5_c10_l100_i1000_ps0_15_pt0_95_j5_2.stl,5.352,1048324.8,unsat
../resources/benchmarks/random0/b0_r5_c10_l100_i1000_ps0_15_pt0_95_j5_3.stl,0.584,56364.8,sat
../resources/benchmarks/random0/b0_r5_c10_l100_i1000_ps0_15_pt0_95_j5_4.stl,0.44,67732.8,sat
../resources/benchmarks/random0/b0_r5_c10_l100_i1000_ps0_15_pt0_95_j5_5.stl,0.538,69612.8,sat
../resources/benchmarks/random0/b0_r5_c10_l100_i1000_ps0_1_pt0_33_j10_1.stl,0.358,34589.6,unsat
../resources/benchmarks/random0/b0_r5_c10_l100_i1000_ps0_1_pt0_33_j10_2.stl,0.518,74483.2,sat
../resources/benchmarks/random0/b0_r5_c10_l100_i1000_ps0_1_pt0_33_j10_3.stl,-1,-1,TO
../resources/benchmarks/random0/b0_r5_c10_l100_i1000_ps0_1_pt0_33_j10_4.stl,1.396,131944,sat
../resources/benchmarks/random0/b0_r5_c10_l100_i1000_ps0_1_pt0_33_j10_5.stl,0.414,47176.8,sat
../resources/benchmarks/random0/b0_r5_c10_l100_i1000_ps0_1_pt0_33_j5_1.stl,0.344,19153.6,sat
../resources/benchmarks/random0/b0_r5_c10_l100_i1000_ps0_1_pt0_33_j5_2.stl,0.34600000000000003,32435.2,unsat
../resources/benchmarks/random0/b0_r5_c10_l100_i1000_ps0_1_pt0_33_j5_3.stl,0.37,37107.2,sat
../resources/benchmarks/random0/b0_r5_c10_l100_i1000_ps0_1_pt0_33_j5_4.stl,0.40599999999999997,38345.6,sat
../resources/benchmarks/random0/b0_r5_c10_l100_i1000_ps0_1_pt0_33_j5_5.stl,0.512,42965.6,sat
../resources/benchmarks/random0/b0_r5_c10_l100_i1000_ps0_1_pt0_5_j10_1.stl,-1,-1,TO
../resources/benchmarks/random0/b0_r5_c10_l100_i1000_ps0_1_pt0_5_j10_2.stl,8.042,177362.4,sat
../resources/benchmarks/random0/b0_r5_c10_l100_i1000_ps0_1_pt0_5_j10_3.stl,0.328,17927.2,unsat
../resources/benchmarks/random0/b0_r5_c10_l100_i1000_ps0_1_pt0_5_j10_4.stl,0.356,37076.8,unsat
../resources/benchmarks/random0/b0_r5_c10_l100_i1000_ps0_1_pt0_5_j10_5.stl,40.662,356968,unsat
../resources/benchmarks/random0/b0_r5_c10_l100_i1000_ps0_1_pt0_5_j5_1.stl,0.368,37102.4,sat
../resources/benchmarks/random0/b0_r5_c10_l100_i1000_ps0_1_pt0_5_j5_2.stl,0.37,37735.2,unsat
../resources/benchmarks/random0/b0_r5_c10_l100_i1000_ps0_1_pt0_5_j5_3.stl,7.17,199657.6,sat
../resources/benchmarks/random0/b0_r5_c10_l100_i1000_ps0_1_pt0_5_j5_4.stl,22.150000000000002,322237.6,sat
../resources/benchmarks/random0/b0_r5_c10_l100_i1000_ps0_1_pt0_5_j5_5.stl,0.792,43861.6,sat
../resources/benchmarks/random0/b0_r5_c10_l100_i1000_ps0_1_pt0_75_j10_1.stl,-1,-1,TO
../resources/benchmarks/random0/b0_r5_c10_l100_i1000_ps0_1_pt0_75_j10_2.stl,1.77,191847.2,sat
../resources/benchmarks/random0/b0_r5_c10_l100_i1000_ps0_1_pt0_75_j10_3.stl,-1,-1,TO
../resources/benchmarks/random0/b0_r5_c10_l100_i1000_ps0_1_pt0_75_j10_4.stl,3.82,71518.4,unsat
../resources/benchmarks/random0/b0_r5_c10_l100_i1000_ps0_1_pt0_75_j10_5.stl,0.49,52400.8,sat
../resources/benchmarks/random0/b0_r5_c10_l100_i1000_ps0_1_pt0_75_j5_1.stl,0.346,35545.6,sat
../resources/benchmarks/random0/b0_r5_c10_l100_i1000_ps0_1_pt0_75_j5_2.stl,0.734,101870.4,sat
../resources/benchmarks/random0/b0_r5_c10_l100_i1000_ps0_1_pt0_75_j5_3.stl,0.414,76956,sat
../resources/benchmarks/random0/b0_r5_c10_l100_i1000_ps0_1_pt0_75_j5_4.stl,1.522,85268.8,sat
../resources/benchmarks/random0/b0_r5_c10_l100_i1000_ps0_1_pt0_75_j5_5.stl,0.674,83417.6,sat
../resources/benchmarks/random0/b0_r5_c10_l100_i1000_ps0_1_pt0_95_j10_1.stl,-1,-1,TO
../resources/benchmarks/random0/b0_r5_c10_l100_i1000_ps0_1_pt0_95_j10_2.stl,0.368,35592.8,unsat
../resources/benchmarks/random0/b0_r5_c10_l100_i1000_ps0_1_pt0_95_j10_3.stl,0.366,35563.2,unsat
../resources/benchmarks/random0/b0_r5_c10_l100_i1000_ps0_1_pt0_95_j10_4.stl,70.102,1135103.2,sat
../resources/benchmarks/random0/b0_r5_c10_l100_i1000_ps0_1_pt0_95_j10_5.stl,-1,-1,TO
../resources/benchmarks/random0/b0_r5_c10_l100_i1000_ps0_1_pt0_95_j5_1.stl,0.982,87108.8,sat
../resources/benchmarks/random0/b0_r5_c10_l100_i1000_ps0_1_pt0_95_j5_2.stl,-1,-1,TO
../resources/benchmarks/random0/b0_r5_c10_l100_i1000_ps0_1_pt0_95_j5_3.stl,-1,-1,TO
../resources/benchmarks/random0/b0_r5_c10_l100_i1000_ps0_1_pt0_95_j5_4.stl,0.798,168201.6,sat
../resources/benchmarks/random0/b0_r5_c10_l100_i1000_ps0_1_pt0_95_j5_5.stl,0.574,75464,sat
../resources/benchmarks/random0/b0_r5_c10_l100_i1000_ps0_25_pt0_33_j10_1.stl,0.348,35556.8,unsat
../resources/benchmarks/random0/b0_r5_c10_l100_i1000_ps0_25_pt0_33_j10_2.stl,0.35,33686.4,unsat
../resources/benchmarks/random0/b0_r5_c10_l100_i1000_ps0_25_pt0_33_j10_3.stl,0.334,34300,unsat
../resources/benchmarks/random0/b0_r5_c10_l100_i1000_ps0_25_pt0_33_j10_4.stl,0.35,41936.8,sat
../resources/benchmarks/random0/b0_r5_c10_l100_i1000_ps0_25_pt0_33_j10_5.stl,0.346,17028,unsat
../resources/benchmarks/random0/b0_r5_c10_l100_i1000_ps0_25_pt0_33_j5_1.stl,0.894,48195.2,sat
../resources/benchmarks/random0/b0_r5_c10_l100_i1000_ps0_25_pt0_33_j5_2.stl,0.36,33976.8,sat
../resources/benchmarks/random0/b0_r5_c10_l100_i1000_ps0_25_pt0_33_j5_3.stl,0.388,43171.2,sat
../resources/benchmarks/random0/b0_r5_c10_l100_i1000_ps0_25_pt0_33_j5_4.stl,0.398,51190.4,sat
../resources/benchmarks/random0/b0_r5_c10_l100_i1000_ps0_25_pt0_33_j5_5.stl,0.356,34941.6,sat
../resources/benchmarks/random0/b0_r5_c10_l100_i1000_ps0_25_pt0_5_j10_1.stl,0.398,50844.8,sat
../resources/benchmarks/random0/b0_r5_c10_l100_i1000_ps0_25_pt0_5_j10_2.stl,0.344,35533.6,unsat
../resources/benchmarks/random0/b0_r5_c10_l100_i1000_ps0_25_pt0_5_j10_3.stl,0.342,42558.4,sat
../resources/benchmarks/random0/b0_r5_c10_l100_i1000_ps0_25_pt0_5_j10_4.stl,0.34,35548,unsat
../resources/benchmarks/random0/b0_r5_c10_l100_i1000_ps0_25_pt0_5_j10_5.stl,0.378,50851.2,sat
../resources/benchmarks/random0/b0_r5_c10_l100_i1000_ps0_25_pt0_5_j5_1.stl,0.362,39803.2,sat
../resources/benchmarks/random0/b0_r5_c10_l100_i1000_ps0_25_pt0_5_j5_2.stl,0.504,49942.4,sat
../resources/benchmarks/random0/b0_r5_c10_l100_i1000_ps0_25_pt0_5_j5_3.stl,0.36,40751.2,sat
../resources/benchmarks/random0/b0_r5_c10_l100_i1000_ps0_25_pt0_5_j5_4.stl,0.392,68049.6,sat
../resources/benchmarks/random0/b0_r5_c10_l100_i1000_ps0_25_pt0_5_j5_5.stl,0.382,52677.6,sat
../resources/benchmarks/random0/b0_r5_c10_l100_i1000_ps0_25_pt0_75_j10_1.stl,0.332,32740,unsat
../resources/benchmarks/random0/b0_r5_c10_l100_i1000_ps0_25_pt0_75_j10_2.stl,0.41,61893.6,sat
../resources/benchmarks/random0/b0_r5_c10_l100_i1000_ps0_25_pt0_75_j10_3.stl,0.364,58205.6,sat
../resources/benchmarks/random0/b0_r5_c10_l100_i1000_ps0_25_pt0_75_j10_4.stl,0.38,54232.8,sat
../resources/benchmarks/random0/b0_r5_c10_l100_i1000_ps0_25_pt0_75_j10_5.stl,0.616,67127.2,unsat
../resources/benchmarks/random0/b0_r5_c10_l100_i1000_ps0_25_pt0_75_j5_1.stl,0.342,17020,unsat
../resources/benchmarks/random0/b0_r5_c10_l100_i1000_ps0_25_pt0_75_j5_2.stl,0.386,61925.6,sat
../resources/benchmarks/random0/b0_r5_c10_l100_i1000_ps0_25_pt0_75_j5_3.stl,0.358,45953.6,sat
../resources/benchmarks/random0/b0_r5_c10_l100_i1000_ps0_25_pt0_75_j5_4.stl,0.358,34936.8,sat
../resources/benchmarks/random0/b0_r5_c10_l100_i1000_ps0_25_pt0_75_j5_5.stl,0.34600000000000003,40419.2,unsat
../resources/benchmarks/random0/b0_r5_c10_l100_i1000_ps0_25_pt0_95_j10_1.stl,0.532,71467.2,sat
../resources/benchmarks/random0/b0_r5_c10_l100_i1000_ps0_25_pt0_95_j10_2.stl,18.04,180187.2,unsat
../resources/benchmarks/random0/b0_r5_c10_l100_i1000_ps0_25_pt0_95_j10_3.stl,3.622,790102.4,unsat
../resources/benchmarks/random0/b0_r5_c10_l100_i1000_ps0_25_pt0_95_j10_4.stl,-1,-1,TO
../resources/benchmarks/random0/b0_r5_c10_l100_i1000_ps0_25_pt0_95_j10_5.stl,1.044,54308.8,unsat
../resources/benchmarks/random0/b0_r5_c10_l100_i1000_ps0_25_pt0_95_j5_1.stl,0.324,18229.6,sat
../resources/benchmarks/random0/b0_r5_c10_l100_i1000_ps0_25_pt0_95_j5_2.stl,0.474,80628,sat
../resources/benchmarks/random0/b0_r5_c10_l100_i1000_ps0_25_pt0_95_j5_3.stl,0.376,51169.6,sat
../resources/benchmarks/random0/b0_r5_c10_l100_i1000_ps0_25_pt0_95_j5_4.stl,0.404,71444.8,sat
../resources/benchmarks/random0/b0_r5_c10_l100_i1000_ps0_25_pt0_95_j5_5.stl,0.362,37664.8,sat
../resources/benchmarks/random0/b0_r5_c10_l100_i1000_ps0_2_pt0_33_j10_1.stl,0.342,17001.6,unsat
../resources/benchmarks/random0/b0_r5_c10_l100_i1000_ps0_2_pt0_33_j10_2.stl,0.42,67127.2,sat
../resources/benchmarks/random0/b0_r5_c10_l100_i1000_ps0_2_pt0_33_j10_3.stl,0.336,17018.4,unsat
../resources/benchmarks/random0/b0_r5_c10_l100_i1000_ps0_2_pt0_33_j10_4.stl,0.46,40821.6,sat
../resources/benchmarks/random0/b0_r5_c10_l100_i1000_ps0_2_pt0_33_j10_5.stl,0.422,57919.2,sat
../resources/benchmarks/random0/b0_r5_c10_l100_i1000_ps0_2_pt0_33_j5_1.stl,0.386,57274.4,sat
../resources/benchmarks/random0/b0_r5_c10_l100_i1000_ps0_2_pt0_33_j5_2.stl,0.35,42245.6,sat
../resources/benchmarks/random0/b0_r5_c10_l100_i1000_ps0_2_pt0_33_j5_3.stl,0.35,34588.8,sat
../resources/benchmarks/random0/b0_r5_c10_l100_i1000_ps0_2_pt0_33_j5_4.stl,0.358,37718.4,sat
../resources/benchmarks/random0/b0_r5_c10_l100_i1000_ps0_2_pt0_33_j5_5.stl,0.346,17008,unsat
../resources/benchmarks/random0/b0_r5_c10_l100_i1000_ps0_2_pt0_5_j10_1.stl,0.328,17313.6,unsat
../resources/benchmarks/random0/b0_r5_c10_l100_i1000_ps0_2_pt0_5_j10_2.stl,0.42,60696,sat
../resources/benchmarks/random0/b0_r5_c10_l100_i1000_ps0_2_pt0_5_j10_3.stl,0.488,79104,sat
../resources/benchmarks/random0/b0_r5_c10_l100_i1000_ps0_2_pt0_5_j10_4.stl,0.534,87516.8,sat
../resources/benchmarks/random0/b0_r5_c10_l100_i1000_ps0_2_pt0_5_j10_5.stl,0.348,17320,unsat
../resources/benchmarks/random0/b0_r5_c10_l100_i1000_ps0_2_pt0_5_j5_1.stl,0.346,35232.8,sat
../resources/benchmarks/random0/b0_r5_c10_l100_i1000_ps0_2_pt0_5_j5_2.stl,0.366,38234.4,sat
../resources/benchmarks/random0/b0_r5_c10_l100_i1000_ps0_2_pt0_5_j5_3.stl,0.494,69296,sat
../resources/benchmarks/random0/b0_r5_c10_l100_i1000_ps0_2_pt0_5_j5_4.stl,0.364,43160.8,sat
../resources/benchmarks/random0/b0_r5_c10_l100_i1000_ps0_2_pt0_5_j5_5.stl,0.418,73296,sat
../resources/benchmarks/random0/b0_r5_c10_l100_i1000_ps0_2_pt0_75_j10_1.stl,0.678,49927.2,sat
../resources/benchmarks/random0/b0_r5_c10_l100_i1000_ps0_2_pt0_75_j10_2.stl,0.416,66186.4,sat
../resources/benchmarks/random0/b0_r5_c10_l100_i1000_ps0_2_pt0_75_j10_3.stl,52.492,3887954.4,unsat
../resources/benchmarks/random0/b0_r5_c10_l100_i1000_ps0_2_pt0_75_j10_4.stl,3.102,104768.8,sat
../resources/benchmarks/random0/b0_r5_c10_l100_i1000_ps0_2_pt0_75_j10_5.stl,3.172,625522.4,sat
../resources/benchmarks/random0/b0_r5_c10_l100_i1000_ps0_2_pt0_75_j5_1.stl,0.434,63804.8,sat
../resources/benchmarks/random0/b0_r5_c10_l100_i1000_ps0_2_pt0_75_j5_2.stl,0.402,57925.6,sat
../resources/benchmarks/random0/b0_r5_c10_l100_i1000_ps0_2_pt0_75_j5_3.stl,0.582,80645.6,sat
../resources/benchmarks/random0/b0_r5_c10_l100_i1000_ps0_2_pt0_75_j5_4.stl,0.352,34913.6,sat
../resources/benchmarks/random0/b0_r5_c10_l100_i1000_ps0_2_pt0_75_j5_5.stl,0.34,16999.2,unsat
../resources/benchmarks/random0/b0_r5_c10_l100_i1000_ps0_2_pt0_95_j10_1.stl,-1,-1,TO
../resources/benchmarks/random0/b0_r5_c10_l100_i1000_ps0_2_pt0_95_j10_2.stl,0.372,37108,unsat
../resources/benchmarks/random0/b0_r5_c10_l100_i1000_ps0_2_pt0_95_j10_3.stl,18.148,4158026.4,sat
../resources/benchmarks/random0/b0_r5_c10_l100_i1000_ps0_2_pt0_95_j10_4.stl,25.816,113214.4,sat
../resources/benchmarks/random0/b0_r5_c10_l100_i1000_ps0_2_pt0_95_j10_5.stl,54.244,195032.8,unsat
../resources/benchmarks/random0/b0_r5_c10_l100_i1000_ps0_2_pt0_95_j5_1.stl,0.444,48687.2,sat
../resources/benchmarks/random0/b0_r5_c10_l100_i1000_ps0_2_pt0_95_j5_2.stl,0.542,74798.4,sat
../resources/benchmarks/random0/b0_r5_c10_l100_i1000_ps0_2_pt0_95_j5_3.stl,1.118,74212,sat
../resources/benchmarks/random0/b0_r5_c10_l100_i1000_ps0_2_pt0_95_j5_4.stl,0.464,73280.8,sat
../resources/benchmarks/random0/b0_r5_c10_l100_i1000_ps0_2_pt0_95_j5_5.stl,0.434,43464.8,sat
../resources/benchmarks/random0/b0_r5_c10_l100_i50_ps0_05_pt0_33_j10_1.stl,7.904,314608,sat
../resources/benchmarks/random0/b0_r5_c10_l100_i50_ps0_05_pt0_33_j10_2.stl,-1,-1,TO
../resources/benchmarks/random0/b0_r5_c10_l100_i50_ps0_05_pt0_33_j10_3.stl,-1,-1,TO
../resources/benchmarks/random0/b0_r5_c10_l100_i50_ps0_05_pt0_33_j10_4.stl,0.394,31793.6,unsat
../resources/benchmarks/random0/b0_r5_c10_l100_i50_ps0_05_pt0_33_j10_5.stl,-1,-1,TO
../resources/benchmarks/random0/b0_r5_c10_l100_i50_ps0_05_pt0_33_j5_1.stl,0.812,117496,sat
../resources/benchmarks/random0/b0_r5_c10_l100_i50_ps0_05_pt0_33_j5_2.stl,-1,-1,TO
../resources/benchmarks/random0/b0_r5_c10_l100_i50_ps0_05_pt0_33_j5_3.stl,-1,-1,TO
../resources/benchmarks/random0/b0_r5_c10_l100_i50_ps0_05_pt0_33_j5_4.stl,-1,-1,TO
../resources/benchmarks/random0/b0_r5_c10_l100_i50_ps0_05_pt0_33_j5_5.stl,5.226,349761.6,sat
../resources/benchmarks/random0/b0_r5_c10_l100_i50_ps0_05_pt0_5_j10_1.stl,-1,-1,TO
../resources/benchmarks/random0/b0_r5_c10_l100_i50_ps0_05_pt0_5_j10_2.stl,-1,-1,TO
../resources/benchmarks/random0/b0_r5_c10_l100_i50_ps0_05_pt0_5_j10_3.stl,0.444,38605.6,unsat
../resources/benchmarks/random0/b0_r5_c10_l100_i50_ps0_05_pt0_5_j10_4.stl,-1,-1,TO
../resources/benchmarks/random0/b0_r5_c10_l100_i50_ps0_05_pt0_5_j10_5.stl,-1,-1,TO
../resources/benchmarks/random0/b0_r5_c10_l100_i50_ps0_05_pt0_5_j5_1.stl,-1,-1,TO
../resources/benchmarks/random0/b0_r5_c10_l100_i50_ps0_05_pt0_5_j5_2.stl,-1,-1,TO
../resources/benchmarks/random0/b0_r5_c10_l100_i50_ps0_05_pt0_5_j5_3.stl,2.384,112202.4,sat
../resources/benchmarks/random0/b0_r5_c10_l100_i50_ps0_05_pt0_5_j5_4.stl,-1,-1,TO
../resources/benchmarks/random0/b0_r5_c10_l100_i50_ps0_05_pt0_5_j5_5.stl,0.988,100631.2,sat
../resources/benchmarks/random0/b0_r5_c10_l100_i50_ps0_05_pt0_75_j10_1.stl,-1,-1,TO
../resources/benchmarks/random0/b0_r5_c10_l100_i50_ps0_05_pt0_75_j10_2.stl,-1,-1,TO
../resources/benchmarks/random0/b0_r5_c10_l100_i50_ps0_05_pt0_75_j10_3.stl,-1,-1,TO
../resources/benchmarks/random0/b0_r5_c10_l100_i50_ps0_05_pt0_75_j10_4.stl,-1,-1,TO
../resources/benchmarks/random0/b0_r5_c10_l100_i50_ps0_05_pt0_75_j10_5.stl,0.404,37092.8,unsat
../resources/benchmarks/random0/b0_r5_c10_l100_i50_ps0_05_pt0_75_j5_1.stl,0.356,33351.2,unsat
../resources/benchmarks/random0/b0_r5_c10_l100_i50_ps0_05_pt0_75_j5_2.stl,-1,-1,TO
../resources/benchmarks/random0/b0_r5_c10_l100_i50_ps0_05_pt0_75_j5_3.stl,-1,-1,TO
../resources/benchmarks/random0/b0_r5_c10_l100_i50_ps0_05_pt0_75_j5_4.stl,-1,-1,TO
../resources/benchmarks/random0/b0_r5_c10_l100_i50_ps0_05_pt0_75_j5_5.stl,-1,-1,TO
../resources/benchmarks/random0/b0_r5_c10_l100_i50_ps0_05_pt0_95_j10_1.stl,-1,-1,TO
../resources/benchmarks/random0/b0_r5_c10_l100_i50_ps0_05_pt0_95_j10_2.stl,-1,-1,TO
../resources/benchmarks/random0/b0_r5_c10_l100_i50_ps0_05_pt0_95_j10_3.stl,-1,-1,TO
../resources/benchmarks/random0/b0_r5_c10_l100_i50_ps0_05_pt0_95_j10_4.stl,3.11,459104,unsat
../resources/benchmarks/random0/b0_r5_c10_l100_i50_ps0_05_pt0_95_j10_5.stl,-1,-1,TO
../resources/benchmarks/random0/b0_r5_c10_l100_i50_ps0_05_pt0_95_j5_1.stl,-1,-1,TO
../resources/benchmarks/random0/b0_r5_c10_l100_i50_ps0_05_pt0_95_j5_2.stl,-1,-1,TO
../resources/benchmarks/random0/b0_r5_c10_l100_i50_ps0_05_pt0_95_j5_3.stl,0.38,36757.6,unsat
../resources/benchmarks/random0/b0_r5_c10_l100_i50_ps0_05_pt0_95_j5_4.stl,-1,-1,TO
../resources/benchmarks/random0/b0_r5_c10_l100_i50_ps0_05_pt0_95_j5_5.stl,-1,-1,TO
../resources/benchmarks/random0/b0_r5_c10_l100_i50_ps0_15_pt0_33_j10_1.stl,0.37,35521.6,unsat
../resources/benchmarks/random0/b0_r5_c10_l100_i50_ps0_15_pt0_33_j10_2.stl,0.874,80832,sat
../resources/benchmarks/random0/b0_r5_c10_l100_i50_ps0_15_pt0_33_j10_3.stl,0.34400000000000003,17003.2,unsat
../resources/benchmarks/random0/b0_r5_c10_l100_i50_ps0_15_pt0_33_j10_4.stl,0.514,61272.8,sat
../resources/benchmarks/random0/b0_r5_c10_l100_i50_ps0_15_pt0_33_j10_5.stl,0.554,54251.2,sat
../resources/benchmarks/random0/b0_r5_c10_l100_i50_ps0_15_pt0_33_j5_1.stl,0.366,36772.8,sat
../resources/benchmarks/random0/b0_r5_c10_l100_i50_ps0_15_pt0_33_j5_2.stl,0.34600000000000003,35550.4,sat
../resources/benchmarks/random0/b0_r5_c10_l100_i50_ps0_15_pt0_33_j5_3.stl,0.34,34300.8,sat
../resources/benchmarks/random0/b0_r5_c10_l100_i50_ps0_15_pt0_33_j5_4.stl,0.392,57593.6,sat
../resources/benchmarks/random0/b0_r5_c10_l100_i50_ps0_15_pt0_33_j5_5.stl,0.46,43848,sat
../resources/benchmarks/random0/b0_r5_c10_l100_i50_ps0_15_pt0_5_j10_1.stl,0.518,51476.8,sat
../resources/benchmarks/random0/b0_r5_c10_l100_i50_ps0_15_pt0_5_j10_2.stl,0.348,33657.6,unsat
../resources/benchmarks/random0/b0_r5_c10_l100_i50_ps0_15_pt0_5_j10_3.stl,63.14,179245.6,unsat
../resources/benchmarks/random0/b0_r5_c10_l100_i50_ps0_15_pt0_5_j10_4.stl,0.338,17028,unsat
../resources/benchmarks/random0/b0_r5_c10_l100_i50_ps0_15_pt0_5_j10_5.stl,0.332,17293.6,unsat
../resources/benchmarks/random0/b0_r5_c10_l100_i50_ps0_15_pt0_5_j5_1.stl,0.35,35568.8,unsat
../resources/benchmarks/random0/b0_r5_c10_l100_i50_ps0_15_pt0_5_j5_2.stl,0.354,36816.8,unsat
../resources/benchmarks/random0/b0_r5_c10_l100_i50_ps0_15_pt0_5_j5_3.stl,0.482,63432,sat
../resources/benchmarks/random0/b0_r5_c10_l100_i50_ps0_15_pt0_5_j5_4.stl,0.354,38312,sat
../resources/benchmarks/random0/b0_r5_c10_l100_i50_ps0_15_pt0_5_j5_5.stl,9.172,117888.8,sat
../resources/benchmarks/random0/b0_r5_c10_l100_i50_ps0_15_pt0_75_j10_1.stl,22.259999999999998,227800,sat
../resources/benchmarks/random0/b0_r5_c10_l100_i50_ps0_15_pt0_75_j10_2.stl,-1,-1,TO
../resources/benchmarks/random0/b0_r5_c10_l100_i50_ps0_15_pt0_75_j10_3.stl,93.69200000000001,236792.8,unsat
../resources/benchmarks/random0/b0_r5_c10_l100_i50_ps0_15_pt0_75_j10_4.stl,56.504,3966830.4,sat
../resources/benchmarks/random0/b0_r5_c10_l100_i50_ps0_15_pt0_75_j10_5.stl,107.61800000000001,3891208,sat
../resources/benchmarks/random0/b0_r5_c10_l100_i50_ps0_15_pt0_75_j5_1.stl,0.4,47481.6,sat
../resources/benchmarks/random0/b0_r5_c10_l100_i50_ps0_15_pt0_75_j5_2.stl,0.55,41427.2,unsat
../resources/benchmarks/random0/b0_r5_c10_l100_i50_ps0_15_pt0_75_j5_3.stl,0.38,50838.4,sat
../resources/benchmarks/random0/b0_r5_c10_l100_i50_ps0_15_pt0_75_j5_4.stl,0.39,50228,sat
../resources/benchmarks/random0/b0_r5_c10_l100_i50_ps0_15_pt0_75_j5_5.stl,0.442,63450.4,sat
../resources/benchmarks/random0/b0_r5_c10_l100_i50_ps0_15_pt0_95_j10_1.stl,70.454,177325.6,sat
../resources/benchmarks/random0/b0_r5_c10_l100_i50_ps0_15_pt0_95_j10_2.stl,0.332,17318.4,unsat
../resources/benchmarks/random0/b0_r5_c10_l100_i50_ps0_15_pt0_95_j10_3.stl,0.32,17926.4,unsat
../resources/benchmarks/random0/b0_r5_c10_l100_i50_ps0_15_pt0_95_j10_4.stl,0.572,44738.4,sat
../resources/benchmarks/random0/b0_r5_c10_l100_i50_ps0_15_pt0_95_j10_5.stl,-1,-1,TO
../resources/benchmarks/random0/b0_r5_c10_l100_i50_ps0_15_pt0_95_j5_1.stl,0.358,39170.4,sat
../resources/benchmarks/random0/b0_r5_c10_l100_i50_ps0_15_pt0_95_j5_2.stl,3.574,836862.4,unsat
../resources/benchmarks/random0/b0_r5_c10_l100_i50_ps0_15_pt0_95_j5_3.stl,0.45,57300,sat
../resources/benchmarks/random0/b0_r5_c10_l100_i50_ps0_15_pt0_95_j5_4.stl,-1,-1,TO
../resources/benchmarks/random0/b0_r5_c10_l100_i50_ps0_15_pt0_95_j5_5.stl,0.364,41628,unsat
../resources/benchmarks/random0/b0_r5_c10_l100_i50_ps0_1_pt0_33_j10_1.stl,28.186,62939.2,sat
../resources/benchmarks/random0/b0_r5_c10_l100_i50_ps0_1_pt0_33_j10_2.stl,2.76,875419.2,sat
../resources/benchmarks/random0/b0_r5_c10_l100_i50_ps0_1_pt0_33_j10_3.stl,3.382,175745.6,sat
../resources/benchmarks/random0/b0_r5_c10_l100_i50_ps0_1_pt0_33_j10_4.stl,3.726,713184.8,sat
../resources/benchmarks/random0/b0_r5_c10_l100_i50_ps0_1_pt0_33_j10_5.stl,0.324,17929.6,unsat
../resources/benchmarks/random0/b0_r5_c10_l100_i50_ps0_1_pt0_33_j5_1.stl,0.336,38264.8,sat
../resources/benchmarks/random0/b0_r5_c10_l100_i50_ps0_1_pt0_33_j5_2.stl,0.376,55144,sat
../resources/benchmarks/random0/b0_r5_c10_l100_i50_ps0_1_pt0_33_j5_3.stl,0.376,44418.4,sat
../resources/benchmarks/random0/b0_r5_c10_l100_i50_ps0_1_pt0_33_j5_4.stl,0.36,35536.8,sat
../resources/benchmarks/random0/b0_r5_c10_l100_i50_ps0_1_pt0_33_j5_5.stl,0.394,47776.8,sat
../resources/benchmarks/random0/b0_r5_c10_l100_i50_ps0_1_pt0_5_j10_1.stl,0.34400000000000003,16995.2,unsat
../resources/benchmarks/random0/b0_r5_c10_l100_i50_ps0_1_pt0_5_j10_2.stl,-1,-1,TO
../resources/benchmarks/random0/b0_r5_c10_l100_i50_ps0_1_pt0_5_j10_3.stl,0.368,35246.4,unsat
../resources/benchmarks/random0/b0_r5_c10_l100_i50_ps0_1_pt0_5_j10_4.stl,1.802,100563.2,sat
../resources/benchmarks/random0/b0_r5_c10_l100_i50_ps0_1_pt0_5_j10_5.stl,0.598,65284.8,sat
../resources/benchmarks/random0/b0_r5_c10_l100_i50_ps0_1_pt0_5_j5_1.stl,-1,-1,TO
../resources/benchmarks/random0/b0_r5_c10_l100_i50_ps0_1_pt0_5_j5_2.stl,0.46,47484.8,sat
../resources/benchmarks/random0/b0_r5_c10_l100_i50_ps0_1_pt0_5_j5_3.stl,0.422,62223.2,sat
../resources/benchmarks/random0/b0_r5_c10_l100_i50_ps0_1_pt0_5_j5_4.stl,-1,-1,TO
../resources/benchmarks/random0/b0_r5_c10_l100_i50_ps0_1_pt0_5_j5_5.stl,0.516,80952.8,sat
../resources/benchmarks/random0/b0_r5_c10_l100_i50_ps0_1_pt0_75_j10_1.stl,0.49,58826.4,sat
../resources/benchmarks/random0/b0_r5_c10_l100_i50_ps0_1_pt0_75_j10_2.stl,-1,-1,TO
../resources/benchmarks/random0/b0_r5_c10_l100_i50_ps0_1_pt0_75_j10_3.stl,0.382,40716,unsat
../resources/benchmarks/random0/b0_r5_c10_l100_i50_ps0_1_pt0_75_j10_4.stl,-1,-1,TO
../resources/benchmarks/random0/b0_r5_c10_l100_i50_ps0_1_pt0_75_j10_5.stl,0.464,52393.6,sat
../resources/benchmarks/random0/b0_r5_c10_l100_i50_ps0_1_pt0_75_j5_1.stl,0.372,49940,sat
../resources/benchmarks/random0/b0_r5_c10_l100_i50_ps0_1_pt0_75_j5_2.stl,0.714,155606.4,sat
../resources/benchmarks/random0/b0_r5_c10_l100_i50_ps0_1_pt0_75_j5_3.stl,0.492,78884.8,sat
../resources/benchmarks/random0/b0_r5_c10_l100_i50_ps0_1_pt0_75_j5_4.stl,0.342,37987.2,unsat
../resources/benchmarks/random0/b0_r5_c10_l100_i50_ps0_1_pt0_75_j5_5.stl,-1,-1,TO
../resources/benchmarks/random0/b0_r5_c10_l100_i50_ps0_1_pt0_95_j10_1.stl,-1,-1,TO
../resources/benchmarks/random0/b0_r5_c10_l100_i50_ps0_1_pt0_95_j10_2.stl,-1,-1,TO
../resources/benchmarks/random0/b0_r5_c10_l100_i50_ps0_1_pt0_95_j10_3.stl,0.354,33699.2,unsat
../resources/benchmarks/random0/b0_r5_c10_l100_i50_ps0_1_pt0_95_j10_4.stl,-1,-1,TO
../resources/benchmarks/random0/b0_r5_c10_l100_i50_ps0_1_pt0_95_j10_5.stl,-1,-1,TO
../resources/benchmarks/random0/b0_r5_c10_l100_i50_ps0_1_pt0_95_j5_1.stl,-1,-1,TO
../resources/benchmarks/random0/b0_r5_c10_l100_i50_ps0_1_pt0_95_j5_2.stl,55.226,175894.4,sat
../resources/benchmarks/random0/b0_r5_c10_l100_i50_ps0_1_pt0_95_j5_3.stl,0.432,45066.4,sat
../resources/benchmarks/random0/b0_r5_c10_l100_i50_ps0_1_pt0_95_j5_4.stl,-1,-1,TO
../resources/benchmarks/random0/b0_r5_c10_l100_i50_ps0_1_pt0_95_j5_5.stl,0.488,54854.4,sat
../resources/benchmarks/random0/b0_r5_c10_l100_i50_ps0_25_pt0_33_j10_1.stl,0.34,17027.2,unsat
../resources/benchmarks/random0/b0_r5_c10_l100_i50_ps0_25_pt0_33_j10_2.stl,0.36,33708.8,unsat
../resources/benchmarks/random0/b0_r5_c10_l100_i50_ps0_25_pt0_33_j10_3.stl,0.338,16984.8,unsat
../resources/benchmarks/random0/b0_r5_c10_l100_i50_ps0_25_pt0_33_j10_4.stl,0.352,35545.6,sat
../resources/benchmarks/random0/b0_r5_c10_l100_i50_ps0_25_pt0_33_j10_5.stl,0.348,17004,unsat
../resources/benchmarks/random0/b0_r5_c10_l100_i50_ps0_25_pt0_33_j5_1.stl,0.362,33993.6,unsat
../resources/benchmarks/random0/b0_r5_c10_l100_i50_ps0_25_pt0_33_j5_2.stl,0.366,36440.8,sat
../resources/benchmarks/random0/b0_r5_c10_l100_i50_ps0_25_pt0_33_j5_3.stl,0.358,16996,unsat
../resources/benchmarks/random0/b0_r5_c10_l100_i50_ps0_25_pt0_33_j5_4.stl,0.332,17010.4,unsat
../resources/benchmarks/random0/b0_r5_c10_l100_i50_ps0_25_pt0_33_j5_5.stl,0.35000000000000003,33980.8,sat
../resources/benchmarks/random0/b0_r5_c10_l100_i50_ps0_25_pt0_5_j10_1.stl,0.352,35579.2,unsat
../resources/benchmarks/random0/b0_r5_c10_l100_i50_ps0_25_pt0_5_j10_2.stl,0.348,35556.8,unsat
../resources/benchmarks/random0/b0_r5_c10_l100_i50_ps0_25_pt0_5_j10_3.stl,0.378,20069.6,unsat
../resources/benchmarks/random0/b0_r5_c10_l100_i50_ps0_25_pt0_5_j10_4.stl,0.364,40745.6,sat
../resources/benchmarks/random0/b0_r5_c10_l100_i50_ps0_25_pt0_5_j10_5.stl,0.374,50873.6,sat
../resources/benchmarks/random0/b0_r5_c10_l100_i50_ps0_25_pt0_5_j5_1.stl,0.4,45628,sat
../resources/benchmarks/random0/b0_r5_c10_l100_i50_ps0_25_pt0_5_j5_2.stl,0.378,45327.2,sat
../resources/benchmarks/random0/b0_r5_c10_l100_i50_ps0_25_pt0_5_j5_3.stl,0.378,41957.6,sat
../resources/benchmarks/random0/b0_r5_c10_l100_i50_ps0_25_pt0_5_j5_4.stl,0.36,35847.2,sat
../resources/benchmarks/random0/b0_r5_c10_l100_i50_ps0_25_pt0_5_j5_5.stl,0.388,48100.8,sat
../resources/benchmarks/random0/b0_r5_c10_l100_i50_ps0_25_pt0_75_j10_1.stl,2.266,107832,sat
../resources/benchmarks/random0/b0_r5_c10_l100_i50_ps0_25_pt0_75_j10_2.stl,1.566,57376.8,unsat
../resources/benchmarks/random0/b0_r5_c10_l100_i50_ps0_25_pt0_75_j10_3.stl,1.108,53328.8,sat
../resources/benchmarks/random0/b0_r5_c10_l100_i50_ps0_25_pt0_75_j10_4.stl,0.352,32748,unsat
../resources/benchmarks/random0/b0_r5_c10_l100_i50_ps0_25_pt0_75_j10_5.stl,8.75,102757.6,sat
../resources/benchmarks/random0/b0_r5_c10_l100_i50_ps0_25_pt0_75_j5_1.stl,0.34,17016,sat
../resources/benchmarks/random0/b0_r5_c10_l100_i50_ps0_25_pt0_75_j5_2.stl,0.338,17014.4,sat
../resources/benchmarks/random0/b0_r5_c10_l100_i50_ps0_25_pt0_75_j5_3.stl,0.34,16991.2,unsat
../resources/benchmarks/random0/b0_r5_c10_l100_i50_ps0_25_pt0_75_j5_4.stl,4.26,76594.4,unsat
../resources/benchmarks/random0/b0_r5_c10_l100_i50_ps0_25_pt0_75_j5_5.stl,0.33,17019.2,sat
../resources/benchmarks/random0/b0_r5_c10_l100_i50_ps0_25_pt0_95_j10_1.stl,0.616,46300.8,unsat
../resources/benchmarks/random0/b0_r5_c10_l100_i50_ps0_25_pt0_95_j10_2.stl,0.354,41944.8,sat
../resources/benchmarks/random0/b0_r5_c10_l100_i50_ps0_25_pt0_95_j10_3.stl,0.736,63765.6,sat
../resources/benchmarks/random0/b0_r5_c10_l100_i50_ps0_25_pt0_95_j10_4.stl,0.42,52996.8,sat
../resources/benchmarks/random0/b0_r5_c10_l100_i50_ps0_25_pt0_95_j10_5.stl,0.402,51784,sat
../resources/benchmarks/random0/b0_r5_c10_l100_i50_ps0_25_pt0_95_j5_1.stl,0.38,45630.4,sat
../resources/benchmarks/random0/b0_r5_c10_l100_i50_ps0_25_pt0_95_j5_2.stl,-1,-1,TO
../resources/benchmarks/random0/b0_r5_c10_l100_i50_ps0_25_pt0_95_j5_3.stl,0.42,52068,sat
../resources/benchmarks/random0/b0_r5_c10_l100_i50_ps0_25_pt0_95_j5_4.stl,-1,-1,TO
../resources/benchmarks/random0/b0_r5_c10_l100_i50_ps0_25_pt0_95_j5_5.stl,0.382,48676.8,sat
../resources/benchmarks/random0/b0_r5_c10_l100_i50_ps0_2_pt0_33_j10_1.stl,0.35,48091.2,sat
../resources/benchmarks/random0/b0_r5_c10_l100_i50_ps0_2_pt0_33_j10_2.stl,19.718,231200.8,sat
../resources/benchmarks/random0/b0_r5_c10_l100_i50_ps0_2_pt0_33_j10_3.stl,0.348,33665.6,unsat
../resources/benchmarks/random0/b0_r5_c10_l100_i50_ps0_2_pt0_33_j10_4.stl,0.376,42548,sat
../resources/benchmarks/random0/b0_r5_c10_l100_i50_ps0_2_pt0_33_j10_5.stl,0.364,37403.2,unsat
../resources/benchmarks/random0/b0_r5_c10_l100_i50_ps0_2_pt0_33_j5_1.stl,0.354,34601.6,sat
../resources/benchmarks/random0/b0_r5_c10_l100_i50_ps0_2_pt0_33_j5_2.stl,0.36,35223.2,sat
../resources/benchmarks/random0/b0_r5_c10_l100_i50_ps0_2_pt0_33_j5_3.stl,0.39,45024.8,sat
../resources/benchmarks/random0/b0_r5_c10_l100_i50_ps0_2_pt0_33_j5_4.stl,0.368,37998.4,sat
../resources/benchmarks/random0/b0_r5_c10_l100_i50_ps0_2_pt0_33_j5_5.stl,0.36,34620,sat
../resources/benchmarks/random0/b0_r5_c10_l100_i50_ps0_2_pt0_5_j10_1.stl,0.346,17035.2,unsat
../resources/benchmarks/random0/b0_r5_c10_l100_i50_ps0_2_pt0_5_j10_2.stl,-1,-1,TO
../resources/benchmarks/random0/b0_r5_c10_l100_i50_ps0_2_pt0_5_j10_3.stl,0.72,89572.8,sat
../resources/benchmarks/random0/b0_r5_c10_l100_i50_ps0_2_pt0_5_j10_4.stl,0.502,49420.8,sat
../resources/benchmarks/random0/b0_r5_c10_l100_i50_ps0_2_pt0_5_j10_5.stl,0.46599999999999997,40440,sat
../resources/benchmarks/random0/b0_r5_c10_l100_i50_ps0_2_pt0_5_j5_1.stl,0.35,35553.6,sat
../resources/benchmarks/random0/b0_r5_c10_l100_i50_ps0_2_pt0_5_j5_2.stl,0.366,36152,sat
../resources/benchmarks/random0/b0_r5_c10_l100_i50_ps0_2_pt0_5_j5_3.stl,0.368,40120.8,sat
../resources/benchmarks/random0/b0_r5_c10_l100_i50_ps0_2_pt0_5_j5_4.stl,0.368,37049.6,sat
../resources/benchmarks/random0/b0_r5_c10_l100_i50_ps0_2_pt0_5_j5_5.stl,0.34400000000000003,35232,sat
../resources/benchmarks/random0/b0_r5_c10_l100_i50_ps0_2_pt0_75_j10_1.stl,0.368,37956.8,unsat
../resources/benchmarks/random0/b0_r5_c10_l100_i50_ps0_2_pt0_75_j10_2.stl,0.392,45298.4,sat
../resources/benchmarks/random0/b0_r5_c10_l100_i50_ps0_2_pt0_75_j10_3.stl,-1,-1,TO
../resources/benchmarks/random0/b0_r5_c10_l100_i50_ps0_2_pt0_75_j10_4.stl,0.438,55510.4,sat
../resources/benchmarks/random0/b0_r5_c10_l100_i50_ps0_2_pt0_75_j10_5.stl,0.354,37939.2,unsat
../resources/benchmarks/random0/b0_r5_c10_l100_i50_ps0_2_pt0_75_j5_1.stl,0.334,34634.4,sat
../resources/benchmarks/random0/b0_r5_c10_l100_i50_ps0_2_pt0_75_j5_2.stl,0.33,34287.2,sat
../resources/benchmarks/random0/b0_r5_c10_l100_i50_ps0_2_pt0_75_j5_3.stl,0.702,63748.8,sat
../resources/benchmarks/random0/b0_r5_c10_l100_i50_ps0_2_pt0_75_j5_4.stl,0.36,37360.8,sat
../resources/benchmarks/random0/b0_r5_c10_l100_i50_ps0_2_pt0_75_j5_5.stl,0.36,34293.6,sat
../resources/benchmarks/random0/b0_r5_c10_l100_i50_ps0_2_pt0_95_j10_1.stl,-1,-1,TO
../resources/benchmarks/random0/b0_r5_c10_l100_i50_ps0_2_pt0_95_j10_2.stl,0.38,38890.4,unsat
../resources/benchmarks/random0/b0_r5_c10_l100_i50_ps0_2_pt0_95_j10_3.stl,26.322,1971912,unsat
../resources/benchmarks/random0/b0_r5_c10_l100_i50_ps0_2_pt0_95_j10_4.stl,101.724,72409.6,unsat
../resources/benchmarks/random0/b0_r5_c10_l100_i50_ps0_2_pt0_95_j10_5.stl,0.36,32429.6,unsat
../resources/benchmarks/random0/b0_r5_c10_l100_i50_ps0_2_pt0_95_j5_1.stl,0.382,47790.4,sat
../resources/benchmarks/random0/b0_r5_c10_l100_i50_ps0_2_pt0_95_j5_2.stl,0.51,72366.4,sat
../resources/benchmarks/random0/b0_r5_c10_l100_i50_ps0_2_pt0_95_j5_3.stl,0.382,54241.6,sat
../resources/benchmarks/random0/b0_r5_c10_l100_i50_ps0_2_pt0_95_j5_4.stl,0.366,39181.6,sat
../resources/benchmarks/random0/b0_r5_c10_l100_i50_ps0_2_pt0_95_j5_5.stl,0.34400000000000003,35215.2,sat
../resources/benchmarks/random0/b0_r5_c10_l5000_i1000_ps0_05_pt0_33_j10_1.stl,-1,-1,TO
../resources/benchmarks/random0/b0_r5_c10_l5000_i1000_ps0_05_pt0_33_j10_2.stl,-1,-1,TO
../resources/benchmarks/random0/b0_r5_c10_l5000_i1000_ps0_05_pt0_33_j10_3.stl,-1,-1,TO
../resources/benchmarks/random0/b0_r5_c10_l5000_i1000_ps0_05_pt0_33_j10_4.stl,-1,-1,TO
../resources/benchmarks/random0/b0_r5_c10_l5000_i1000_ps0_05_pt0_33_j10_5.stl,-1,-1,TO
../resources/benchmarks/random0/b0_r5_c10_l5000_i1000_ps0_05_pt0_33_j5_1.stl,-1,-1,TO
../resources/benchmarks/random0/b0_r5_c10_l5000_i1000_ps0_05_pt0_33_j5_2.stl,-1,-1,TO
../resources/benchmarks/random0/b0_r5_c10_l5000_i1000_ps0_05_pt0_33_j5_3.stl,-1,-1,TO
../resources/benchmarks/random0/b0_r5_c10_l5000_i1000_ps0_05_pt0_33_j5_4.stl,72.194,1516800,sat
../resources/benchmarks/random0/b0_r5_c10_l5000_i1000_ps0_05_pt0_33_j5_5.stl,-1,-1,TO
../resources/benchmarks/random0/b0_r5_c10_l5000_i1000_ps0_05_pt0_5_j10_1.stl,-1,-1,TO
../resources/benchmarks/random0/b0_r5_c10_l5000_i1000_ps0_05_pt0_5_j10_2.stl,-1,-1,TO
../resources/benchmarks/random0/b0_r5_c10_l5000_i1000_ps0_05_pt0_5_j10_3.stl,0.836,71468.8,unsat
../resources/benchmarks/random0/b0_r5_c10_l5000_i1000_ps0_05_pt0_5_j10_4.stl,-1,-1,TO
../resources/benchmarks/random0/b0_r5_c10_l5000_i1000_ps0_05_pt0_5_j10_5.stl,-1,-1,TO
../resources/benchmarks/random0/b0_r5_c10_l5000_i1000_ps0_05_pt0_5_j5_1.stl,-1,-1,TO
../resources/benchmarks/random0/b0_r5_c10_l5000_i1000_ps0_05_pt0_5_j5_2.stl,13.348,2337029.6,sat
../resources/benchmarks/random0/b0_r5_c10_l5000_i1000_ps0_05_pt0_5_j5_3.stl,-1,-1,TO
../resources/benchmarks/random0/b0_r5_c10_l5000_i1000_ps0_05_pt0_5_j5_4.stl,-1,-1,TO
../resources/benchmarks/random0/b0_r5_c10_l5000_i1000_ps0_05_pt0_5_j5_5.stl,-1,-1,TO
../resources/benchmarks/random0/b0_r5_c10_l5000_i1000_ps0_05_pt0_75_j10_1.stl,-1,-1,TO
../resources/benchmarks/random0/b0_r5_c10_l5000_i1000_ps0_05_pt0_75_j10_2.stl,-1,-1,TO
../resources/benchmarks/random0/b0_r5_c10_l5000_i1000_ps0_05_pt0_75_j10_3.stl,-1,-1,TO
../resources/benchmarks/random0/b0_r5_c10_l5000_i1000_ps0_05_pt0_75_j10_4.stl,-1,-1,TO
../resources/benchmarks/random0/b0_r5_c10_l5000_i1000_ps0_05_pt0_75_j10_5.stl,-1,-1,TO
../resources/benchmarks/random0/b0_r5_c10_l5000_i1000_ps0_05_pt0_75_j5_1.stl,-1,-1,TO
../resources/benchmarks/random0/b0_r5_c10_l5000_i1000_ps0_05_pt0_75_j5_2.stl,-1,-1,TO
../resources/benchmarks/random0/b0_r5_c10_l5000_i1000_ps0_05_pt0_75_j5_3.stl,-1,-1,TO
../resources/benchmarks/random0/b0_r5_c10_l5000_i1000_ps0_05_pt0_75_j5_4.stl,-1,-1,TO
../resources/benchmarks/random0/b0_r5_c10_l5000_i1000_ps0_05_pt0_75_j5_5.stl,-1,-1,TO
../resources/benchmarks/random0/b0_r5_c10_l5000_i1000_ps0_05_pt0_95_j10_1.stl,-1,-1,TO
../resources/benchmarks/random0/b0_r5_c10_l5000_i1000_ps0_05_pt0_95_j10_2.stl,-1,-1,TO
../resources/benchmarks/random0/b0_r5_c10_l5000_i1000_ps0_05_pt0_95_j10_3.stl,-1,-1,TO
../resources/benchmarks/random0/b0_r5_c10_l5000_i1000_ps0_05_pt0_95_j10_4.stl,-1,-1,TO
../resources/benchmarks/random0/b0_r5_c10_l5000_i1000_ps0_05_pt0_95_j10_5.stl,-1,-1,TO
../resources/benchmarks/random0/b0_r5_c10_l5000_i1000_ps0_05_pt0_95_j5_1.stl,-1,-1,TO
../resources/benchmarks/random0/b0_r5_c10_l5000_i1000_ps0_05_pt0_95_j5_2.stl,-1,-1,TO
../resources/benchmarks/random0/b0_r5_c10_l5000_i1000_ps0_05_pt0_95_j5_3.stl,-1,-1,TO
../resources/benchmarks/random0/b0_r5_c10_l5000_i1000_ps0_05_pt0_95_j5_4.stl,-1,-1,TO
../resources/benchmarks/random0/b0_r5_c10_l5000_i1000_ps0_05_pt0_95_j5_5.stl,111.274,895372.8,sat
../resources/benchmarks/random0/b0_r5_c10_l5000_i1000_ps0_15_pt0_33_j10_1.stl,0.37,44672.8,sat
../resources/benchmarks/random0/b0_r5_c10_l5000_i1000_ps0_15_pt0_33_j10_2.stl,-1,-1,TO
../resources/benchmarks/random0/b0_r5_c10_l5000_i1000_ps0_15_pt0_33_j10_3.stl,0.628,305857.6,sat
../resources/benchmarks/random0/b0_r5_c10_l5000_i1000_ps0_15_pt0_33_j10_4.stl,2.114,698424.8,sat
../resources/benchmarks/random0/b0_r5_c10_l5000_i1000_ps0_15_pt0_33_j10_5.stl,1.028,316872,sat
../resources/benchmarks/random0/b0_r5_c10_l5000_i1000_ps0_15_pt0_33_j5_1.stl,0.354,35562.4,sat
../resources/benchmarks/random0/b0_r5_c10_l5000_i1000_ps0_15_pt0_33_j5_2.stl,0.358,34606.4,sat
../resources/benchmarks/random0/b0_r5_c10_l5000_i1000_ps0_15_pt0_33_j5_3.stl,0.346,35256,sat
../resources/benchmarks/random0/b0_r5_c10_l5000_i1000_ps0_15_pt0_33_j5_4.stl,0.376,66539.2,unsat
../resources/benchmarks/random0/b0_r5_c10_l5000_i1000_ps0_15_pt0_33_j5_5.stl,66.548,765434.4,sat
../resources/benchmarks/random0/b0_r5_c10_l5000_i1000_ps0_15_pt0_5_j10_1.stl,-1,-1,TO
../resources/benchmarks/random0/b0_r5_c10_l5000_i1000_ps0_15_pt0_5_j10_2.stl,-1,-1,TO
../resources/benchmarks/random0/b0_r5_c10_l5000_i1000_ps0_15_pt0_5_j10_3.stl,-1,-1,TO
../resources/benchmarks/random0/b0_r5_c10_l5000_i1000_ps0_15_pt0_5_j10_4.stl,4.64,163576,sat
../resources/benchmarks/random0/b0_r5_c10_l5000_i1000_ps0_15_pt0_5_j10_5.stl,0.354,32760,unsat
../resources/benchmarks/random0/b0_r5_c10_l5000_i1000_ps0_15_pt0_5_j5_1.stl,11.788,273880,sat
../resources/benchmarks/random0/b0_r5_c10_l5000_i1000_ps0_15_pt0_5_j5_2.stl,-1,-1,TO
../resources/benchmarks/random0/b0_r5_c10_l5000_i1000_ps0_15_pt0_5_j5_3.stl,0.422,44652,sat
../resources/benchmarks/random0/b0_r5_c10_l5000_i1000_ps0_15_pt0_5_j5_4.stl,0.346,35565.6,unsat
../resources/benchmarks/random0/b0_r5_c10_l5000_i1000_ps0_15_pt0_5_j5_5.stl,0.688,159907.2,sat
../resources/benchmarks/random0/b0_r5_c10_l5000_i1000_ps0_15_pt0_75_j10_1.stl,-1,-1,TO
../resources/benchmarks/random0/b0_r5_c10_l5000_i1000_ps0_15_pt0_75_j10_2.stl,1.59,478178.4,sat
../resources/benchmarks/random0/b0_r5_c10_l5000_i1000_ps0_15_pt0_75_j10_3.stl,-1,-1,TO
../resources/benchmarks/random0/b0_r5_c10_l5000_i1000_ps0_15_pt0_75_j10_4.stl,-1,-1,TO
../resources/benchmarks/random0/b0_r5_c10_l5000_i1000_ps0_15_pt0_75_j10_5.stl,-1,-1,TO
../resources/benchmarks/random0/b0_r5_c10_l5000_i1000_ps0_15_pt0_75_j5_1.stl,0.342,35850.4,sat
../resources/benchmarks/random0/b0_r5_c10_l5000_i1000_ps0_15_pt0_75_j5_2.stl,0.5660000000000001,244366.4,unsat
../resources/benchmarks/random0/b0_r5_c10_l5000_i1000_ps0_15_pt0_75_j5_3.stl,0.396,46833.6,sat
../resources/benchmarks/random0/b0_r5_c10_l5000_i1000_ps0_15_pt0_75_j5_4.stl,-1,-1,TO
../resources/benchmarks/random0/b0_r5_c10_l5000_i1000_ps0_15_pt0_75_j5_5.stl,47.52,254818.4,sat
../resources/benchmarks/random0/b0_r5_c10_l5000_i1000_ps0_15_pt0_95_j10_1.stl,-1,-1,TO
../resources/benchmarks/random0/b0_r5_c10_l5000_i1000_ps0_15_pt0_95_j10_2.stl,0.338,35249.6,unsat
../resources/benchmarks/random0/b0_r5_c10_l5000_i1000_ps0_15_pt0_95_j10_3.stl,0.83,388173.6,unsat
../resources/benchmarks/random0/b0_r5_c10_l5000_i1000_ps0_15_pt0_95_j10_4.stl,0.356,32118.4,unsat
../resources/benchmarks/random0/b0_r5_c10_l5000_i1000_ps0_15_pt0_95_j10_5.stl,-1,-1,TO
../resources/benchmarks/random0/b0_r5_c10_l5000_i1000_ps0_15_pt0_95_j5_1.stl,5.866,1450559.2,sat
../resources/benchmarks/random0/b0_r5_c10_l5000_i1000_ps0_15_pt0_95_j5_2.stl,1.232,477860,sat
../resources/benchmarks/random0/b0_r5_c10_l5000_i1000_ps0_15_pt0_95_j5_3.stl,-1,-1,TO
../resources/benchmarks/random0/b0_r5_c10_l5000_i1000_ps0_15_pt0_95_j5_4.stl,0.718,208433.6,sat
../resources/benchmarks/random0/b0_r5_c10_l5000_i1000_ps0_15_pt0_95_j5_5.stl,0.388,61580.8,unsat
../resources/benchmarks/random0/b0_r5_c10_l5000_i1000_ps0_1_pt0_33_j10_1.stl,46.042,9136925.6,sat
../resources/benchmarks/random0/b0_r5_c10_l5000_i1000_ps0_1_pt0_33_j10_2.stl,-1,-1,TO
../resources/benchmarks/random0/b0_r5_c10_l5000_i1000_ps0_1_pt0_33_j10_3.stl,2.9739999999999998,125808.8,sat
../resources/benchmarks/random0/b0_r5_c10_l5000_i1000_ps0_1_pt0_33_j10_4.stl,-1,-1,TO
../resources/benchmarks/random0/b0_r5_c10_l5000_i1000_ps0_1_pt0_33_j10_5.stl,-1,-1,TO
../resources/benchmarks/random0/b0_r5_c10_l5000_i1000_ps0_1_pt0_33_j5_1.stl,60.246,487676,sat
../resources/benchmarks/random0/b0_r5_c10_l5000_i1000_ps0_1_pt0_33_j5_2.stl,0.374,22569.6,unsat
../resources/benchmarks/random0/b0_r5_c10_l5000_i1000_ps0_1_pt0_33_j5_3.stl,-1,-1,TO
../resources/benchmarks/random0/b0_r5_c10_l5000_i1000_ps0_1_pt0_33_j5_4.stl,13.714,574532.8,sat
../resources/benchmarks/random0/b0_r5_c10_l5000_i1000_ps0_1_pt0_33_j5_5.stl,-1,-1,TO
../resources/benchmarks/random0/b0_r5_c10_l5000_i1000_ps0_1_pt0_5_j10_1.stl,2.312,700902.4,sat
../resources/benchmarks/random0/b0_r5_c10_l5000_i1000_ps0_1_pt0_5_j10_2.stl,-1,-1,TO
../resources/benchmarks/random0/b0_r5_c10_l5000_i1000_ps0_1_pt0_5_j10_3.stl,-1,-1,TO
../resources/benchmarks/random0/b0_r5_c10_l5000_i1000_ps0_1_pt0_5_j10_4.stl,0.318,18210.4,unsat
../resources/benchmarks/random0/b0_r5_c10_l5000_i1000_ps0_1_pt0_5_j10_5.stl,-1,-1,TO
../resources/benchmarks/random0/b0_r5_c10_l5000_i1000_ps0_1_pt0_5_j5_1.stl,25.733999999999998,3749667.2,sat
../resources/benchmarks/random0/b0_r5_c10_l5000_i1000_ps0_1_pt0_5_j5_2.stl,9.456,182040.8,sat
../resources/benchmarks/random0/b0_r5_c10_l5000_i1000_ps0_1_pt0_5_j5_3.stl,0.356,34917.6,unsat
../resources/benchmarks/random0/b0_r5_c10_l5000_i1000_ps0_1_pt0_5_j5_4.stl,-1,-1,TO
../resources/benchmarks/random0/b0_r5_c10_l5000_i1000_ps0_1_pt0_5_j5_5.stl,0.372,43754.4,unsat
../resources/benchmarks/random0/b0_r5_c10_l5000_i1000_ps0_1_pt0_75_j10_1.stl,0.39,58852.8,unsat
../resources/benchmarks/random0/b0_r5_c10_l5000_i1000_ps0_1_pt0_75_j10_2.stl,-1,-1,TO
../resources/benchmarks/random0/b0_r5_c10_l5000_i1000_ps0_1_pt0_75_j10_3.stl,-1,-1,TO
../resources/benchmarks/random0/b0_r5_c10_l5000_i1000_ps0_1_pt0_75_j10_4.stl,-1,-1,TO
../resources/benchmarks/random0/b0_r5_c10_l5000_i1000_ps0_1_pt0_75_j10_5.stl,0.358,24692,unsat
../resources/benchmarks/random0/b0_r5_c10_l5000_i1000_ps0_1_pt0_75_j5_1.stl,0.36,35180.8,sat
../resources/benchmarks/random0/b0_r5_c10_l5000_i1000_ps0_1_pt0_75_j5_2.stl,-1,-1,TO
../resources/benchmarks/random0/b0_r5_c10_l5000_i1000_ps0_1_pt0_75_j5_3.stl,-1,-1,TO
../resources/benchmarks/random0/b0_r5_c10_l5000_i1000_ps0_1_pt0_75_j5_4.stl,-1,-1,TO
../resources/benchmarks/random0/b0_r5_c10_l5000_i1000_ps0_1_pt0_75_j5_5.stl,50.434,676932.8,sat
../resources/benchmarks/random0/b0_r5_c10_l5000_i1000_ps0_1_pt0_95_j10_1.stl,0.34600000000000003,35212.8,unsat
../resources/benchmarks/random0/b0_r5_c10_l5000_i1000_ps0_1_pt0_95_j10_2.stl,1.03,178976,unsat
../resources/benchmarks/random0/b0_r5_c10_l5000_i1000_ps0_1_pt0_95_j10_3.stl,-1,-1,TO
../resources/benchmarks/random0/b0_r5_c10_l5000_i1000_ps0_1_pt0_95_j10_4.stl,-1,-1,TO
../resources/benchmarks/random0/b0_r5_c10_l5000_i1000_ps0_1_pt0_95_j10_5.stl,-1,-1,TO
../resources/benchmarks/random0/b0_r5_c10_l5000_i1000_ps0_1_pt0_95_j5_1.stl,39.876,483374.4,sat
../resources/benchmarks/random0/b0_r5_c10_l5000_i1000_ps0_1_pt0_95_j5_2.stl,-1,-1,TO
../resources/benchmarks/random0/b0_r5_c10_l5000_i1000_ps0_1_pt0_95_j5_3.stl,-1,-1,TO
../resources/benchmarks/random0/b0_r5_c10_l5000_i1000_ps0_1_pt0_95_j5_4.stl,-1,-1,TO
../resources/benchmarks/random0/b0_r5_c10_l5000_i1000_ps0_1_pt0_95_j5_5.stl,19.652,1142339.2,sat
../resources/benchmarks/random0/b0_r5_c10_l5000_i1000_ps0_25_pt0_33_j10_1.stl,34.124,621753.6,sat
../resources/benchmarks/random0/b0_r5_c10_l5000_i1000_ps0_25_pt0_33_j10_2.stl,0.426,65339.2,sat
../resources/benchmarks/random0/b0_r5_c10_l5000_i1000_ps0_25_pt0_33_j10_3.stl,0.616,233928.8,sat
../resources/benchmarks/random0/b0_r5_c10_l5000_i1000_ps0_25_pt0_33_j10_4.stl,0.412,72964,sat
../resources/benchmarks/random0/b0_r5_c10_l5000_i1000_ps0_25_pt0_33_j10_5.stl,0.364,36529.6,unsat
../resources/benchmarks/random0/b0_r5_c10_l5000_i1000_ps0_25_pt0_33_j5_1.stl,0.36,39796,sat
../resources/benchmarks/random0/b0_r5_c10_l5000_i1000_ps0_25_pt0_33_j5_2.stl,0.362,33064,sat
../resources/benchmarks/random0/b0_r5_c10_l5000_i1000_ps0_25_pt0_33_j5_3.stl,0.34600000000000003,17006.4,sat
../resources/benchmarks/random0/b0_r5_c10_l5000_i1000_ps0_25_pt0_33_j5_4.stl,0.348,37662.4,sat
../resources/benchmarks/random0/b0_r5_c10_l5000_i1000_ps0_25_pt0_33_j5_5.stl,0.34,34299.2,sat
../resources/benchmarks/random0/b0_r5_c10_l5000_i1000_ps0_25_pt0_5_j10_1.stl,0.326,17304.8,unsat
../resources/benchmarks/random0/b0_r5_c10_l5000_i1000_ps0_25_pt0_5_j10_2.stl,0.364,44364,sat
../resources/benchmarks/random0/b0_r5_c10_l5000_i1000_ps0_25_pt0_5_j10_3.stl,0.358,35544,unsat
../resources/benchmarks/random0/b0_r5_c10_l5000_i1000_ps0_25_pt0_5_j10_4.stl,-1,-1,TO
../resources/benchmarks/random0/b0_r5_c10_l5000_i1000_ps0_25_pt0_5_j10_5.stl,0.326,17638.4,unsat
../resources/benchmarks/random0/b0_r5_c10_l5000_i1000_ps0_25_pt0_5_j5_1.stl,0.34,33038.4,sat
../resources/benchmarks/random0/b0_r5_c10_l5000_i1000_ps0_25_pt0_5_j5_2.stl,-1,-1,TO
../resources/benchmarks/random0/b0_r5_c10_l5000_i1000_ps0_25_pt0_5_j5_3.stl,0.348,35536,sat
../resources/benchmarks/random0/b0_r5_c10_l5000_i1000_ps0_25_pt0_5_j5_4.stl,-1,-1,TO
../resources/benchmarks/random0/b0_r5_c10_l5000_i1000_ps0_25_pt0_5_j5_5.stl,0.34,34312.8,sat
../resources/benchmarks/random0/b0_r5_c10_l5000_i1000_ps0_25_pt0_75_j10_1.stl,4.66,334712.8,sat
../resources/benchmarks/random0/b0_r5_c10_l5000_i1000_ps0_25_pt0_75_j10_2.stl,-1,-1,TO
../resources/benchmarks/random0/b0_r5_c10_l5000_i1000_ps0_25_pt0_75_j10_3.stl,0.338,34963.2,sat
../resources/benchmarks/random0/b0_r5_c10_l5000_i1000_ps0_25_pt0_75_j10_4.stl,0.69,88023.2,sat
../resources/benchmarks/random0/b0_r5_c10_l5000_i1000_ps0_25_pt0_75_j10_5.stl,1.78,454204.8,sat
../resources/benchmarks/random0/b0_r5_c10_l5000_i1000_ps0_25_pt0_75_j5_1.stl,0.33,17305.6,unsat
../resources/benchmarks/random0/b0_r5_c10_l5000_i1000_ps0_25_pt0_75_j5_2.stl,0.434,38970.4,sat
../resources/benchmarks/random0/b0_r5_c10_l5000_i1000_ps0_25_pt0_75_j5_3.stl,0.376,45028,sat
../resources/benchmarks/random0/b0_r5_c10_l5000_i1000_ps0_25_pt0_75_j5_4.stl,0.608,248700,sat
../resources/benchmarks/random0/b0_r5_c10_l5000_i1000_ps0_25_pt0_75_j5_5.stl,0.34400000000000003,34300,sat
../resources/benchmarks/random0/b0_r5_c10_l5000_i1000_ps0_25_pt0_95_j10_1.stl,0.336,35804,unsat
../resources/benchmarks/random0/b0_r5_c10_l5000_i1000_ps0_25_pt0_95_j10_2.stl,-1,-1,TO
../resources/benchmarks/random0/b0_r5_c10_l5000_i1000_ps0_25_pt0_95_j10_3.stl,0.316,33031.2,unsat
../resources/benchmarks/random0/b0_r5_c10_l5000_i1000_ps0_25_pt0_95_j10_4.stl,0.32,35588.8,unsat
../resources/benchmarks/random0/b0_r5_c10_l5000_i1000_ps0_25_pt0_95_j10_5.stl,-1,-1,TO
../resources/benchmarks/random0/b0_r5_c10_l5000_i1000_ps0_25_pt0_95_j5_1.stl,4.544,951896.8,sat
../resources/benchmarks/random0/b0_r5_c10_l5000_i1000_ps0_25_pt0_95_j5_2.stl,12.16,381410.4,sat
../resources/benchmarks/random0/b0_r5_c10_l5000_i1000_ps0_25_pt0_95_j5_3.stl,0.498,41096,sat
../resources/benchmarks/random0/b0_r5_c10_l5000_i1000_ps0_25_pt0_95_j5_4.stl,1.284,454541.6,sat
../resources/benchmarks/random0/b0_r5_c10_l5000_i1000_ps0_25_pt0_95_j5_5.stl,0.496,160244,sat
../resources/benchmarks/random0/b0_r5_c10_l5000_i1000_ps0_2_pt0_33_j10_1.stl,11.302,464453.6,sat
../resources/benchmarks/random0/b0_r5_c10_l5000_i1000_ps0_2_pt0_33_j10_2.stl,0.372,20076,unsat
../resources/benchmarks/random0/b0_r5_c10_l5000_i1000_ps0_2_pt0_33_j10_3.stl,0.32,32734.4,unsat
../resources/benchmarks/random0/b0_r5_c10_l5000_i1000_ps0_2_pt0_33_j10_4.stl,0.324,35586.4,unsat
../resources/benchmarks/random0/b0_r5_c10_l5000_i1000_ps0_2_pt0_33_j10_5.stl,0.46,124870.4,sat
../resources/benchmarks/random0/b0_r5_c10_l5000_i1000_ps0_2_pt0_33_j5_1.stl,0.346,37131.2,sat
../resources/benchmarks/random0/b0_r5_c10_l5000_i1000_ps0_2_pt0_33_j5_2.stl,0.34,35544,sat
../resources/benchmarks/random0/b0_r5_c10_l5000_i1000_ps0_2_pt0_33_j5_3.stl,0.34400000000000003,35574.4,unsat
../resources/benchmarks/random0/b0_r5_c10_l5000_i1000_ps0_2_pt0_33_j5_4.stl,0.34400000000000003,39182.4,sat
../resources/benchmarks/random0/b0_r5_c10_l5000_i1000_ps0_2_pt0_33_j5_5.stl,60.888,478171.2,sat
../resources/benchmarks/random0/b0_r5_c10_l5000_i1000_ps0_2_pt0_5_j10_1.stl,-1,-1,TO
../resources/benchmarks/random0/b0_r5_c10_l5000_i1000_ps0_2_pt0_5_j10_2.stl,0.332,17321.6,unsat
../resources/benchmarks/random0/b0_r5_c10_l5000_i1000_ps0_2_pt0_5_j10_3.stl,0.394,40738.4,sat
../resources/benchmarks/random0/b0_r5_c10_l5000_i1000_ps0_2_pt0_5_j10_4.stl,0.424,102776,sat
../resources/benchmarks/random0/b0_r5_c10_l5000_i1000_ps0_2_pt0_5_j10_5.stl,0.326,16998.4,unsat
../resources/benchmarks/random0/b0_r5_c10_l5000_i1000_ps0_2_pt0_5_j5_1.stl,0.532,179268.8,sat
../resources/benchmarks/random0/b0_r5_c10_l5000_i1000_ps0_2_pt0_5_j5_2.stl,0.342,16982.4,sat
../resources/benchmarks/random0/b0_r5_c10_l5000_i1000_ps0_2_pt0_5_j5_3.stl,0.356,36432.8,sat
../resources/benchmarks/random0/b0_r5_c10_l5000_i1000_ps0_2_pt0_5_j5_4.stl,0.356,35552.8,sat
../resources/benchmarks/random0/b0_r5_c10_l5000_i1000_ps0_2_pt0_5_j5_5.stl,0.34,17027.2,unsat
../resources/benchmarks/random0/b0_r5_c10_l5000_i1000_ps0_2_pt0_75_j10_1.stl,0.434,28063.2,unsat
../resources/benchmarks/random0/b0_r5_c10_l5000_i1000_ps0_2_pt0_75_j10_2.stl,0.6,203858.4,sat
../resources/benchmarks/random0/b0_r5_c10_l5000_i1000_ps0_2_pt0_75_j10_3.stl,0.386,22521.6,unsat
../resources/benchmarks/random0/b0_r5_c10_l5000_i1000_ps0_2_pt0_75_j10_4.stl,94.914,582320.8,sat
../resources/benchmarks/random0/b0_r5_c10_l5000_i1000_ps0_2_pt0_75_j10_5.stl,59.467999999999996,762454.4,sat
../resources/benchmarks/random0/b0_r5_c10_l5000_i1000_ps0_2_pt0_75_j5_1.stl,0.96,404132,sat
../resources/benchmarks/random0/b0_r5_c10_l5000_i1000_ps0_2_pt0_75_j5_2.stl,1.054,437012.8,sat
../resources/benchmarks/random0/b0_r5_c10_l5000_i1000_ps0_2_pt0_75_j5_3.stl,-1,-1,TO
../resources/benchmarks/random0/b0_r5_c10_l5000_i1000_ps0_2_pt0_75_j5_4.stl,0.356,37359.2,sat
../resources/benchmarks/random0/b0_r5_c10_l5000_i1000_ps0_2_pt0_75_j5_5.stl,10.968,345452.8,sat
../resources/benchmarks/random0/b0_r5_c10_l5000_i1000_ps0_2_pt0_95_j10_1.stl,-1,-1,TO
../resources/benchmarks/random0/b0_r5_c10_l5000_i1000_ps0_2_pt0_95_j10_2.stl,-1,-1,TO
../resources/benchmarks/random0/b0_r5_c10_l5000_i1000_ps0_2_pt0_95_j10_3.stl,-1,-1,TO
../resources/benchmarks/random0/b0_r5_c10_l5000_i1000_ps0_2_pt0_95_j10_4.stl,-1,-1,TO
../resources/benchmarks/random0/b0_r5_c10_l5000_i1000_ps0_2_pt0_95_j10_5.stl,-1,-1,TO
../resources/benchmarks/random0/b0_r5_c10_l5000_i1000_ps0_2_pt0_95_j5_1.stl,-1,-1,TO
../resources/benchmarks/random0/b0_r5_c10_l5000_i1000_ps0_2_pt0_95_j5_2.stl,0.474,65597.6,sat
../resources/benchmarks/random0/b0_r5_c10_l5000_i1000_ps0_2_pt0_95_j5_3.stl,0.436,72655.2,sat
../resources/benchmarks/random0/b0_r5_c10_l5000_i1000_ps0_2_pt0_95_j5_4.stl,0.888,376488,sat
../resources/benchmarks/random0/b0_r5_c10_l5000_i1000_ps0_2_pt0_95_j5_5.stl,0.662,329791.2,sat
../resources/benchmarks/random0/b0_r5_c10_l5000_i50_ps0_05_pt0_33_j10_1.stl,-1,-1,TO
../resources/benchmarks/random0/b0_r5_c10_l5000_i50_ps0_05_pt0_33_j10_2.stl,-1,-1,TO
../resources/benchmarks/random0/b0_r5_c10_l5000_i50_ps0_05_pt0_33_j10_3.stl,-1,-1,TO
../resources/benchmarks/random0/b0_r5_c10_l5000_i50_ps0_05_pt0_33_j10_4.stl,-1,-1,TO
../resources/benchmarks/random0/b0_r5_c10_l5000_i50_ps0_05_pt0_33_j10_5.stl,-1,-1,TO
../resources/benchmarks/random0/b0_r5_c10_l5000_i50_ps0_05_pt0_33_j5_1.stl,0.634,78498.4,unsat
../resources/benchmarks/random0/b0_r5_c10_l5000_i50_ps0_05_pt0_33_j5_2.stl,-1,-1,TO
../resources/benchmarks/random0/b0_r5_c10_l5000_i50_ps0_05_pt0_33_j5_3.stl,-1,-1,TO
../resources/benchmarks/random0/b0_r5_c10_l5000_i50_ps0_05_pt0_33_j5_4.stl,1.982,203244.8,sat
../resources/benchmarks/random0/b0_r5_c10_l5000_i50_ps0_05_pt0_33_j5_5.stl,-1,-1,TO
../resources/benchmarks/random0/b0_r5_c10_l5000_i50_ps0_05_pt0_5_j10_1.stl,0.438,36499.2,unsat
../resources/benchmarks/random0/b0_r5_c10_l5000_i50_ps0_05_pt0_5_j10_2.stl,-1,-1,TO
../resources/benchmarks/random0/b0_r5_c10_l5000_i50_ps0_05_pt0_5_j10_3.stl,-1,-1,TO
../resources/benchmarks/random0/b0_r5_c10_l5000_i50_ps0_05_pt0_5_j10_4.stl,-1,-1,TO
../resources/benchmarks/random0/b0_r5_c10_l5000_i50_ps0_05_pt0_5_j10_5.stl,-1,-1,TO
../resources/benchmarks/random0/b0_r5_c10_l5000_i50_ps0_05_pt0_5_j5_1.stl,-1,-1,TO
../resources/benchmarks/random0/b0_r5_c10_l5000_i50_ps0_05_pt0_5_j5_2.stl,-1,-1,TO
../resources/benchmarks/random0/b0_r5_c10_l5000_i50_ps0_05_pt0_5_j5_3.stl,-1,-1,TO
../resources/benchmarks/random0/b0_r5_c10_l5000_i50_ps0_05_pt0_5_j5_4.stl,-1,-1,TO
../resources/benchmarks/random0/b0_r5_c10_l5000_i50_ps0_05_pt0_5_j5_5.stl,-1,-1,TO
../resources/benchmarks/random0/b0_r5_c10_l5000_i50_ps0_05_pt0_75_j10_1.stl,-1,-1,TO
../resources/benchmarks/random0/b0_r5_c10_l5000_i50_ps0_05_pt0_75_j10_2.stl,-1,-1,TO
../resources/benchmarks/random0/b0_r5_c10_l5000_i50_ps0_05_pt0_75_j10_3.stl,-1,-1,TO
../resources/benchmarks/random0/b0_r5_c10_l5000_i50_ps0_05_pt0_75_j10_4.stl,0.496,40814.4,unsat
../resources/benchmarks/random0/b0_r5_c10_l5000_i50_ps0_05_pt0_75_j10_5.stl,-1,-1,TO
../resources/benchmarks/random0/b0_r5_c10_l5000_i50_ps0_05_pt0_75_j5_1.stl,-1,-1,TO
../resources/benchmarks/random0/b0_r5_c10_l5000_i50_ps0_05_pt0_75_j5_2.stl,-1,-1,TO
../resources/benchmarks/random0/b0_r5_c10_l5000_i50_ps0_05_pt0_75_j5_3.stl,-1,-1,TO
../resources/benchmarks/random0/b0_r5_c10_l5000_i50_ps0_05_pt0_75_j5_4.stl,-1,-1,TO
../resources/benchmarks/random0/b0_r5_c10_l5000_i50_ps0_05_pt0_75_j5_5.stl,-1,-1,TO
../resources/benchmarks/random0/b0_r5_c10_l5000_i50_ps0_05_pt0_95_j10_1.stl,-1,-1,TO
../resources/benchmarks/random0/b0_r5_c10_l5000_i50_ps0_05_pt0_95_j10_2.stl,0.44,39587.2,unsat
../resources/benchmarks/random0/b0_r5_c10_l5000_i50_ps0_05_pt0_95_j10_3.stl,-1,-1,TO
../resources/benchmarks/random0/b0_r5_c10_l5000_i50_ps0_05_pt0_95_j10_4.stl,-1,-1,TO
../resources/benchmarks/random0/b0_r5_c10_l5000_i50_ps0_05_pt0_95_j10_5.stl,-1,-1,TO
../resources/benchmarks/random0/b0_r5_c10_l5000_i50_ps0_05_pt0_95_j5_1.stl,34.08,6155545.6,sat
../resources/benchmarks/random0/b0_r5_c10_l5000_i50_ps0_05_pt0_95_j5_2.stl,-1,-1,TO
../resources/benchmarks/random0/b0_r5_c10_l5000_i50_ps0_05_pt0_95_j5_3.stl,-1,-1,TO
../resources/benchmarks/random0/b0_r5_c10_l5000_i50_ps0_05_pt0_95_j5_4.stl,-1,-1,TO
../resources/benchmarks/random0/b0_r5_c10_l5000_i50_ps0_05_pt0_95_j5_5.stl,-1,-1,TO
../resources/benchmarks/random0/b0_r5_c10_l5000_i50_ps0_15_pt0_33_j10_1.stl,0.354,38032,sat
../resources/benchmarks/random0/b0_r5_c10_l5000_i50_ps0_15_pt0_33_j10_2.stl,0.324,17311.2,unsat
../resources/benchmarks/random0/b0_r5_c10_l5000_i50_ps0_15_pt0_33_j10_3.stl,0.338,20692.8,sat
../resources/benchmarks/random0/b0_r5_c10_l5000_i50_ps0_15_pt0_33_j10_4.stl,0.34400000000000003,25631.2,unsat
../resources/benchmarks/random0/b0_r5_c10_l5000_i50_ps0_15_pt0_33_j10_5.stl,0.34400000000000003,36808,sat
../resources/benchmarks/random0/b0_r5_c10_l5000_i50_ps0_15_pt0_33_j5_1.stl,0.396,47771.2,sat
../resources/benchmarks/random0/b0_r5_c10_l5000_i50_ps0_15_pt0_33_j5_2.stl,0.37,42863.2,sat
../resources/benchmarks/random0/b0_r5_c10_l5000_i50_ps0_15_pt0_33_j5_3.stl,0.346,38370.4,sat
../resources/benchmarks/random0/b0_r5_c10_l5000_i50_ps0_15_pt0_33_j5_4.stl,0.322,32744,unsat
../resources/benchmarks/random0/b0_r5_c10_l5000_i50_ps0_15_pt0_33_j5_5.stl,0.924,178215.2,sat
../resources/benchmarks/random0/b0_r5_c10_l5000_i50_ps0_15_pt0_5_j10_1.stl,0.396,49931.2,sat
../resources/benchmarks/random0/b0_r5_c10_l5000_i50_ps0_15_pt0_5_j10_2.stl,0.34,35851.2,unsat
../resources/benchmarks/random0/b0_r5_c10_l5000_i50_ps0_15_pt0_5_j10_3.stl,0.662,66844.8,sat
../resources/benchmarks/random0/b0_r5_c10_l5000_i50_ps0_15_pt0_5_j10_4.stl,0.318,18537.6,unsat
../resources/benchmarks/random0/b0_r5_c10_l5000_i50_ps0_15_pt0_5_j10_5.stl,-1,-1,TO
../resources/benchmarks/random0/b0_r5_c10_l5000_i50_ps0_15_pt0_5_j5_1.stl,0.336,17028.8,unsat
../resources/benchmarks/random0/b0_r5_c10_l5000_i50_ps0_15_pt0_5_j5_2.stl,0.416,56052,sat
../resources/benchmarks/random0/b0_r5_c10_l5000_i50_ps0_15_pt0_5_j5_3.stl,0.632,68069.6,sat
../resources/benchmarks/random0/b0_r5_c10_l5000_i50_ps0_15_pt0_5_j5_4.stl,0.372,38919.2,sat
../resources/benchmarks/random0/b0_r5_c10_l5000_i50_ps0_15_pt0_5_j5_5.stl,0.368,39172,sat
../resources/benchmarks/random0/b0_r5_c10_l5000_i50_ps0_15_pt0_75_j10_1.stl,-1,-1,TO
../resources/benchmarks/random0/b0_r5_c10_l5000_i50_ps0_15_pt0_75_j10_2.stl,0.318,16997.6,unsat
../resources/benchmarks/random0/b0_r5_c10_l5000_i50_ps0_15_pt0_75_j10_3.stl,32.86,4533072,sat
../resources/benchmarks/random0/b0_r5_c10_l5000_i50_ps0_15_pt0_75_j10_4.stl,-1,-1,TO
../resources/benchmarks/random0/b0_r5_c10_l5000_i50_ps0_15_pt0_75_j10_5.stl,-1,-1,TO
../resources/benchmarks/random0/b0_r5_c10_l5000_i50_ps0_15_pt0_75_j5_1.stl,0.372,40723.2,sat
../resources/benchmarks/random0/b0_r5_c10_l5000_i50_ps0_15_pt0_75_j5_2.stl,0.336,35224.8,sat
../resources/benchmarks/random0/b0_r5_c10_l5000_i50_ps0_15_pt0_75_j5_3.stl,0.32,17937.6,unsat
../resources/benchmarks/random0/b0_r5_c10_l5000_i50_ps0_15_pt0_75_j5_4.stl,0.366,19496.8,unsat
../resources/benchmarks/random0/b0_r5_c10_l5000_i50_ps0_15_pt0_75_j5_5.stl,0.35,38599.2,unsat
../resources/benchmarks/random0/b0_r5_c10_l5000_i50_ps0_15_pt0_95_j10_1.stl,21.858,1850121.6,sat
../resources/benchmarks/random0/b0_r5_c10_l5000_i50_ps0_15_pt0_95_j10_2.stl,-1,-1,TO
../resources/benchmarks/random0/b0_r5_c10_l5000_i50_ps0_15_pt0_95_j10_3.stl,0.338,16981.6,unsat
../resources/benchmarks/random0/b0_r5_c10_l5000_i50_ps0_15_pt0_95_j10_4.stl,-1,-1,TO
../resources/benchmarks/random0/b0_r5_c10_l5000_i50_ps0_15_pt0_95_j10_5.stl,23.2,74099.2,TO
../resources/benchmarks/random0/b0_r5_c10_l5000_i50_ps0_15_pt0_95_j5_1.stl,64.486,184972,sat
../resources/benchmarks/random0/b0_r5_c10_l5000_i50_ps0_15_pt0_95_j5_2.stl,0.416,54242.4,sat
../resources/benchmarks/random0/b0_r5_c10_l5000_i50_ps0_15_pt0_95_j5_3.stl,0.504,51778.4,sat
../resources/benchmarks/random0/b0_r5_c10_l5000_i50_ps0_15_pt0_95_j5_4.stl,0.392,54208.8,sat
../resources/benchmarks/random0/b0_r5_c10_l5000_i50_ps0_15_pt0_95_j5_5.stl,0.37,41620,unsat
../resources/benchmarks/random0/b0_r5_c10_l5000_i50_ps0_1_pt0_33_j10_1.stl,0.808,156092,sat
../resources/benchmarks/random0/b0_r5_c10_l5000_i50_ps0_1_pt0_33_j10_2.stl,0.636,123621.6,sat
../resources/benchmarks/random0/b0_r5_c10_l5000_i50_ps0_1_pt0_33_j10_3.stl,0.672,64060.8,sat
../resources/benchmarks/random0/b0_r5_c10_l5000_i50_ps0_1_pt0_33_j10_4.stl,56.56,2839589.6,sat
../resources/benchmarks/random0/b0_r5_c10_l5000_i50_ps0_1_pt0_33_j10_5.stl,-1,-1,TO
../resources/benchmarks/random0/b0_r5_c10_l5000_i50_ps0_1_pt0_33_j5_1.stl,0.318,17940,unsat
../resources/benchmarks/random0/b0_r5_c10_l5000_i50_ps0_1_pt0_33_j5_2.stl,-1,-1,TO
../resources/benchmarks/random0/b0_r5_c10_l5000_i50_ps0_1_pt0_33_j5_3.stl,0.338,35860.8,sat
../resources/benchmarks/random0/b0_r5_c10_l5000_i50_ps0_1_pt0_33_j5_4.stl,0.324,18246.4,unsat
../resources/benchmarks/random0/b0_r5_c10_l5000_i50_ps0_1_pt0_33_j5_5.stl,0.36,41622.4,sat
../resources/benchmarks/random0/b0_r5_c10_l5000_i50_ps0_1_pt0_5_j10_1.stl,-1,-1,TO
../resources/benchmarks/random0/b0_r5_c10_l5000_i50_ps0_1_pt0_5_j10_2.stl,-1,-1,TO
../resources/benchmarks/random0/b0_r5_c10_l5000_i50_ps0_1_pt0_5_j10_3.stl,0.682,82178.4,sat
../resources/benchmarks/random0/b0_r5_c10_l5000_i50_ps0_1_pt0_5_j10_4.stl,0.354,20689.6,unsat
../resources/benchmarks/random0/b0_r5_c10_l5000_i50_ps0_1_pt0_5_j10_5.stl,-1,-1,TO
../resources/benchmarks/random0/b0_r5_c10_l5000_i50_ps0_1_pt0_5_j5_1.stl,1.87,101642.4,sat
../resources/benchmarks/random0/b0_r5_c10_l5000_i50_ps0_1_pt0_5_j5_2.stl,0.454,68376.8,sat
../resources/benchmarks/random0/b0_r5_c10_l5000_i50_ps0_1_pt0_5_j5_3.stl,0.672,70515.2,sat
../resources/benchmarks/random0/b0_r5_c10_l5000_i50_ps0_1_pt0_5_j5_4.stl,0.41,48059.2,sat
../resources/benchmarks/random0/b0_r5_c10_l5000_i50_ps0_1_pt0_5_j5_5.stl,0.544,57590.4,sat
../resources/benchmarks/random0/b0_r5_c10_l5000_i50_ps0_1_pt0_75_j10_1.stl,-1,-1,TO
../resources/benchmarks/random0/b0_r5_c10_l5000_i50_ps0_1_pt0_75_j10_2.stl,-1,-1,TO
../resources/benchmarks/random0/b0_r5_c10_l5000_i50_ps0_1_pt0_75_j10_3.stl,-1,-1,TO
../resources/benchmarks/random0/b0_r5_c10_l5000_i50_ps0_1_pt0_75_j10_4.stl,0.382,35527.2,unsat
../resources/benchmarks/random0/b0_r5_c10_l5000_i50_ps0_1_pt0_75_j10_5.stl,-1,-1,TO
../resources/benchmarks/random0/b0_r5_c10_l5000_i50_ps0_1_pt0_75_j5_1.stl,0.628,111670.4,sat
../resources/benchmarks/random0/b0_r5_c10_l5000_i50_ps0_1_pt0_75_j5_2.stl,0.574,52680,sat
../resources/benchmarks/random0/b0_r5_c10_l5000_i50_ps0_1_pt0_75_j5_3.stl,0.45,81876.8,sat
../resources/benchmarks/random0/b0_r5_c10_l5000_i50_ps0_1_pt0_75_j5_4.stl,0.934,82204,sat
../resources/benchmarks/random0/b0_r5_c10_l5000_i50_ps0_1_pt0_75_j5_5.stl,-1,-1,TO
../resources/benchmarks/random0/b0_r5_c10_l5000_i50_ps0_1_pt0_95_j10_1.stl,-1,-1,TO
../resources/benchmarks/random0/b0_r5_c10_l5000_i50_ps0_1_pt0_95_j10_2.stl,-1,-1,TO
../resources/benchmarks/random0/b0_r5_c10_l5000_i50_ps0_1_pt0_95_j10_3.stl,-1,-1,TO
../resources/benchmarks/random0/b0_r5_c10_l5000_i50_ps0_1_pt0_95_j10_4.stl,-1,-1,TO
../resources/benchmarks/random0/b0_r5_c10_l5000_i50_ps0_1_pt0_95_j10_5.stl,-1,-1,TO
../resources/benchmarks/random0/b0_r5_c10_l5000_i50_ps0_1_pt0_95_j5_1.stl,-1,-1,TO
../resources/benchmarks/random0/b0_r5_c10_l5000_i50_ps0_1_pt0_95_j5_2.stl,-1,-1,TO
../resources/benchmarks/random0/b0_r5_c10_l5000_i50_ps0_1_pt0_95_j5_3.stl,0.652,58535.2,sat
../resources/benchmarks/random0/b0_r5_c10_l5000_i50_ps0_1_pt0_95_j5_4.stl,-1,-1,TO
../resources/benchmarks/random0/b0_r5_c10_l5000_i50_ps0_1_pt0_95_j5_5.stl,0.67,109841.6,sat
../resources/benchmarks/random0/b0_r5_c10_l5000_i50_ps0_25_pt0_33_j10_1.stl,0.34,17008.8,unsat
../resources/benchmarks/random0/b0_r5_c10_l5000_i50_ps0_25_pt0_33_j10_2.stl,0.34400000000000003,16994.4,unsat
../resources/benchmarks/random0/b0_r5_c10_l5000_i50_ps0_25_pt0_33_j10_3.stl,0.47,42641.6,unsat
../resources/benchmarks/random0/b0_r5_c10_l5000_i50_ps0_25_pt0_33_j10_4.stl,0.354,35553.6,sat
../resources/benchmarks/random0/b0_r5_c10_l5000_i50_ps0_25_pt0_33_j10_5.stl,0.336,16675.2,unsat
../resources/benchmarks/random0/b0_r5_c10_l5000_i50_ps0_25_pt0_33_j5_1.stl,0.346,36472,sat
../resources/benchmarks/random0/b0_r5_c10_l5000_i50_ps0_25_pt0_33_j5_2.stl,0.358,34024,sat
../resources/benchmarks/random0/b0_r5_c10_l5000_i50_ps0_25_pt0_33_j5_3.stl,0.358,35254.4,sat
../resources/benchmarks/random0/b0_r5_c10_l5000_i50_ps0_25_pt0_33_j5_4.stl,0.44,43796,sat
../resources/benchmarks/random0/b0_r5_c10_l5000_i50_ps0_25_pt0_33_j5_5.stl,0.346,17014.4,unsat
../resources/benchmarks/random0/b0_r5_c10_l5000_i50_ps0_25_pt0_5_j10_1.stl,0.436,54224,sat
../resources/benchmarks/random0/b0_r5_c10_l5000_i50_ps0_25_pt0_5_j10_2.stl,0.36,35246.4,unsat
../resources/benchmarks/random0/b0_r5_c10_l5000_i50_ps0_25_pt0_5_j10_3.stl,2.432,111845.6,sat
../resources/benchmarks/random0/b0_r5_c10_l5000_i50_ps0_25_pt0_5_j10_4.stl,0.362,33670.4,unsat
../resources/benchmarks/random0/b0_r5_c10_l5000_i50_ps0_25_pt0_5_j10_5.stl,0.376,47464,sat
../resources/benchmarks/random0/b0_r5_c10_l5000_i50_ps0_25_pt0_5_j5_1.stl,0.36,30899.2,unsat
../resources/benchmarks/random0/b0_r5_c10_l5000_i50_ps0_25_pt0_5_j5_2.stl,0.358,32736.8,unsat
../resources/benchmarks/random0/b0_r5_c10_l5000_i50_ps0_25_pt0_5_j5_3.stl,0.354,35228,sat
../resources/benchmarks/random0/b0_r5_c10_l5000_i50_ps0_25_pt0_5_j5_4.stl,0.384,53000.8,sat
../resources/benchmarks/random0/b0_r5_c10_l5000_i50_ps0_25_pt0_5_j5_5.stl,0.358,35562.4,sat
../resources/benchmarks/random0/b0_r5_c10_l5000_i50_ps0_25_pt0_75_j10_1.stl,0.34,17308.8,unsat
../resources/benchmarks/random0/b0_r5_c10_l5000_i50_ps0_25_pt0_75_j10_2.stl,0.528,41400,unsat
../resources/benchmarks/random0/b0_r5_c10_l5000_i50_ps0_25_pt0_75_j10_3.stl,0.34,17340,unsat
../resources/benchmarks/random0/b0_r5_c10_l5000_i50_ps0_25_pt0_75_j10_4.stl,0.36,35565.6,unsat
../resources/benchmarks/random0/b0_r5_c10_l5000_i50_ps0_25_pt0_75_j10_5.stl,0.334,17612,unsat
../resources/benchmarks/random0/b0_r5_c10_l5000_i50_ps0_25_pt0_75_j5_1.stl,0.376,40732.8,sat
../resources/benchmarks/random0/b0_r5_c10_l5000_i50_ps0_25_pt0_75_j5_2.stl,0.38,45336.8,sat
../resources/benchmarks/random0/b0_r5_c10_l5000_i50_ps0_25_pt0_75_j5_3.stl,0.352,34908.8,sat
../resources/benchmarks/random0/b0_r5_c10_l5000_i50_ps0_25_pt0_75_j5_4.stl,2.746,244148.8,sat
../resources/benchmarks/random0/b0_r5_c10_l5000_i50_ps0_25_pt0_75_j5_5.stl,0.356,33960,sat
../resources/benchmarks/random0/b0_r5_c10_l5000_i50_ps0_25_pt0_95_j10_1.stl,0.542,68076,sat
../resources/benchmarks/random0/b0_r5_c10_l5000_i50_ps0_25_pt0_95_j10_2.stl,0.73,66506.4,sat
../resources/benchmarks/random0/b0_r5_c10_l5000_i50_ps0_25_pt0_95_j10_3.stl,0.68,58523.2,unsat
../resources/benchmarks/random0/b0_r5_c10_l5000_i50_ps0_25_pt0_95_j10_4.stl,-1,-1,TO
../resources/benchmarks/random0/b0_r5_c10_l5000_i50_ps0_25_pt0_95_j10_5.stl,0.34,17000.8,unsat
../resources/benchmarks/random0/b0_r5_c10_l5000_i50_ps0_25_pt0_95_j5_1.stl,0.386,46255.2,sat
../resources/benchmarks/random0/b0_r5_c10_l5000_i50_ps0_25_pt0_95_j5_2.stl,0.342,36156.8,sat
../resources/benchmarks/random0/b0_r5_c10_l5000_i50_ps0_25_pt0_95_j5_3.stl,0.464,47165.6,sat
../resources/benchmarks/random0/b0_r5_c10_l5000_i50_ps0_25_pt0_95_j5_4.stl,0.39,46840,sat
../resources/benchmarks/random0/b0_r5_c10_l5000_i50_ps0_25_pt0_95_j5_5.stl,0.354,33987.2,sat
../resources/benchmarks/random0/b0_r5_c10_l5000_i50_ps0_2_pt0_33_j10_1.stl,3.064,679737.6,sat
../resources/benchmarks/random0/b0_r5_c10_l5000_i50_ps0_2_pt0_33_j10_2.stl,0.36,35892,sat
../resources/benchmarks/random0/b0_r5_c10_l5000_i50_ps0_2_pt0_33_j10_3.stl,0.374,38036.8,unsat
../resources/benchmarks/random0/b0_r5_c10_l5000_i50_ps0_2_pt0_33_j10_4.stl,0.35,33995.2,unsat
../resources/benchmarks/random0/b0_r5_c10_l5000_i50_ps0_2_pt0_33_j10_5.stl,0.356,43808,sat
../resources/benchmarks/random0/b0_r5_c10_l5000_i50_ps0_2_pt0_33_j5_1.stl,0.35,41332,sat
../resources/benchmarks/random0/b0_r5_c10_l5000_i50_ps0_2_pt0_33_j5_2.stl,0.348,38296,sat
../resources/benchmarks/random0/b0_r5_c10_l5000_i50_ps0_2_pt0_33_j5_3.stl,0.34,35844.8,sat
../resources/benchmarks/random0/b0_r5_c10_l5000_i50_ps0_2_pt0_33_j5_4.stl,0.37,47451.2,sat
../resources/benchmarks/random0/b0_r5_c10_l5000_i50_ps0_2_pt0_33_j5_5.stl,0.41,60392,sat
../resources/benchmarks/random0/b0_r5_c10_l5000_i50_ps0_2_pt0_5_j10_1.stl,1.248,64448,unsat
../resources/benchmarks/random0/b0_r5_c10_l5000_i50_ps0_2_pt0_5_j10_2.stl,0.34199999999999997,34277.6,unsat
../resources/benchmarks/random0/b0_r5_c10_l5000_i50_ps0_2_pt0_5_j10_3.stl,0.352,37391.2,sat
../resources/benchmarks/random0/b0_r5_c10_l5000_i50_ps0_2_pt0_5_j10_4.stl,0.6859999999999999,74508.8,sat
../resources/benchmarks/random0/b0_r5_c10_l5000_i50_ps0_2_pt0_5_j10_5.stl,0.366,32412,unsat
../resources/benchmarks/random0/b0_r5_c10_l5000_i50_ps0_2_pt0_5_j5_1.stl,0.596,56386.4,sat
../resources/benchmarks/random0/b0_r5_c10_l5000_i50_ps0_2_pt0_5_j5_2.stl,0.372,49341.6,sat
../resources/benchmarks/random0/b0_r5_c10_l5000_i50_ps0_2_pt0_5_j5_3.stl,0.354,42557.6,sat
../resources/benchmarks/random0/b0_r5_c10_l5000_i50_ps0_2_pt0_5_j5_4.stl,0.322,17625.6,unsat
../resources/benchmarks/random0/b0_r5_c10_l5000_i50_ps0_2_pt0_5_j5_5.stl,0.352,37032,sat
../resources/benchmarks/random0/b0_r5_c10_l5000_i50_ps0_2_pt0_75_j10_1.stl,0.34,32129.6,unsat
../resources/benchmarks/random0/b0_r5_c10_l5000_i50_ps0_2_pt0_75_j10_2.stl,0.34400000000000003,33657.6,unsat
../resources/benchmarks/random0/b0_r5_c10_l5000_i50_ps0_2_pt0_75_j10_3.stl,0.408,51467.2,sat
../resources/benchmarks/random0/b0_r5_c10_l5000_i50_ps0_2_pt0_75_j10_4.stl,3.734,55524.8,unsat
../resources/benchmarks/random0/b0_r5_c10_l5000_i50_ps0_2_pt0_75_j10_5.stl,0.34,32474.4,unsat
../resources/benchmarks/random0/b0_r5_c10_l5000_i50_ps0_2_pt0_75_j5_1.stl,0.34600000000000003,34922.4,sat
../resources/benchmarks/random0/b0_r5_c10_l5000_i50_ps0_2_pt0_75_j5_2.stl,0.462,54864,sat
../resources/benchmarks/random0/b0_r5_c10_l5000_i50_ps0_2_pt0_75_j5_3.stl,0.548,64983.2,sat
../resources/benchmarks/random0/b0_r5_c10_l5000_i50_ps0_2_pt0_75_j5_4.stl,0.374,50527.2,sat
../resources/benchmarks/random0/b0_r5_c10_l5000_i50_ps0_2_pt0_75_j5_5.stl,0.364,39828,sat
../resources/benchmarks/random0/b0_r5_c10_l5000_i50_ps0_2_pt0_95_j10_1.stl,-1,-1,TO
../resources/benchmarks/random0/b0_r5_c10_l5000_i50_ps0_2_pt0_95_j10_2.stl,-1,-1,TO
../resources/benchmarks/random0/b0_r5_c10_l5000_i50_ps0_2_pt0_95_j10_3.stl,-1,-1,TO
../resources/benchmarks/random0/b0_r5_c10_l5000_i50_ps0_2_pt0_95_j10_4.stl,-1,-1,TO
../resources/benchmarks/random0/b0_r5_c10_l5000_i50_ps0_2_pt0_95_j10_5.stl,-1,-1,TO
../resources/benchmarks/random0/b0_r5_c10_l5000_i50_ps0_2_pt0_95_j5_1.stl,0.338,17000.8,unsat
../resources/benchmarks/random0/b0_r5_c10_l5000_i50_ps0_2_pt0_95_j5_2.stl,0.418,45636,sat
../resources/benchmarks/random0/b0_r5_c10_l5000_i50_ps0_2_pt0_95_j5_3.stl,0.4,57305.6,sat
../resources/benchmarks/random0/b0_r5_c10_l5000_i50_ps0_2_pt0_95_j5_4.stl,0.36,38884.8,sat
../resources/benchmarks/random0/b0_r5_c10_l5000_i50_ps0_2_pt0_95_j5_5.stl,0.35,51460.8,sat
../resources/benchmarks/random0/b0_r5_c10_l500_i1000_ps0_05_pt0_33_j10_1.stl,-1,-1,TO
../resources/benchmarks/random0/b0_r5_c10_l500_i1000_ps0_05_pt0_33_j10_2.stl,-1,-1,TO
../resources/benchmarks/random0/b0_r5_c10_l500_i1000_ps0_05_pt0_33_j10_3.stl,0.46,40156,unsat
../resources/benchmarks/random0/b0_r5_c10_l500_i1000_ps0_05_pt0_33_j10_4.stl,0.482,44779.2,unsat
../resources/benchmarks/random0/b0_r5_c10_l500_i1000_ps0_05_pt0_33_j10_5.stl,-1,-1,TO
../resources/benchmarks/random0/b0_r5_c10_l500_i1000_ps0_05_pt0_33_j5_1.stl,3.766,154068,sat
../resources/benchmarks/random0/b0_r5_c10_l500_i1000_ps0_05_pt0_33_j5_2.stl,-1,-1,TO
../resources/benchmarks/random0/b0_r5_c10_l500_i1000_ps0_05_pt0_33_j5_3.stl,-1,-1,TO
../resources/benchmarks/random0/b0_r5_c10_l500_i1000_ps0_05_pt0_33_j5_4.stl,0.994,84960.8,sat
../resources/benchmarks/random0/b0_r5_c10_l500_i1000_ps0_05_pt0_33_j5_5.stl,-1,-1,TO
../resources/benchmarks/random0/b0_r5_c10_l500_i1000_ps0_05_pt0_5_j10_1.stl,-1,-1,TO
../resources/benchmarks/random0/b0_r5_c10_l500_i1000_ps0_05_pt0_5_j10_2.stl,-1,-1,TO
../resources/benchmarks/random0/b0_r5_c10_l500_i1000_ps0_05_pt0_5_j10_3.stl,-1,-1,TO
../resources/benchmarks/random0/b0_r5_c10_l500_i1000_ps0_05_pt0_5_j10_4.stl,-1,-1,TO
../resources/benchmarks/random0/b0_r5_c10_l500_i1000_ps0_05_pt0_5_j10_5.stl,-1,-1,TO
../resources/benchmarks/random0/b0_r5_c10_l500_i1000_ps0_05_pt0_5_j5_1.stl,17.868,3185844.8,sat
../resources/benchmarks/random0/b0_r5_c10_l500_i1000_ps0_05_pt0_5_j5_2.stl,-1,-1,TO
../resources/benchmarks/random0/b0_r5_c10_l500_i1000_ps0_05_pt0_5_j5_3.stl,-1,-1,TO
../resources/benchmarks/random0/b0_r5_c10_l500_i1000_ps0_05_pt0_5_j5_4.stl,2.608,432698.4,sat
../resources/benchmarks/random0/b0_r5_c10_l500_i1000_ps0_05_pt0_5_j5_5.stl,-1,-1,TO
../resources/benchmarks/random0/b0_r5_c10_l500_i1000_ps0_05_pt0_75_j10_1.stl,0.492,40199.2,unsat
../resources/benchmarks/random0/b0_r5_c10_l500_i1000_ps0_05_pt0_75_j10_2.stl,-1,-1,TO
../resources/benchmarks/random0/b0_r5_c10_l500_i1000_ps0_05_pt0_75_j10_3.stl,-1,-1,TO
../resources/benchmarks/random0/b0_r5_c10_l500_i1000_ps0_05_pt0_75_j10_4.stl,-1,-1,TO
../resources/benchmarks/random0/b0_r5_c10_l500_i1000_ps0_05_pt0_75_j10_5.stl,-1,-1,TO
../resources/benchmarks/random0/b0_r5_c10_l500_i1000_ps0_05_pt0_75_j5_1.stl,-1,-1,TO
../resources/benchmarks/random0/b0_r5_c10_l500_i1000_ps0_05_pt0_75_j5_2.stl,-1,-1,TO
../resources/benchmarks/random0/b0_r5_c10_l500_i1000_ps0_05_pt0_75_j5_3.stl,-1,-1,TO
../resources/benchmarks/random0/b0_r5_c10_l500_i1000_ps0_05_pt0_75_j5_4.stl,-1,-1,TO
../resources/benchmarks/random0/b0_r5_c10_l500_i1000_ps0_05_pt0_75_j5_5.stl,-1,-1,TO
../resources/benchmarks/random0/b0_r5_c10_l500_i1000_ps0_05_pt0_95_j10_1.stl,-1,-1,TO
../resources/benchmarks/random0/b0_r5_c10_l500_i1000_ps0_05_pt0_95_j10_2.stl,-1,-1,TO
../resources/benchmarks/random0/b0_r5_c10_l500_i1000_ps0_05_pt0_95_j10_3.stl,-1,-1,TO
../resources/benchmarks/random0/b0_r5_c10_l500_i1000_ps0_05_pt0_95_j10_4.stl,-1,-1,TO
../resources/benchmarks/random0/b0_r5_c10_l500_i1000_ps0_05_pt0_95_j10_5.stl,-1,-1,TO
../resources/benchmarks/random0/b0_r5_c10_l500_i1000_ps0_05_pt0_95_j5_1.stl,-1,-1,TO
../resources/benchmarks/random0/b0_r5_c10_l500_i1000_ps0_05_pt0_95_j5_2.stl,-1,-1,TO
../resources/benchmarks/random0/b0_r5_c10_l500_i1000_ps0_05_pt0_95_j5_3.stl,-1,-1,TO
../resources/benchmarks/random0/b0_r5_c10_l500_i1000_ps0_05_pt0_95_j5_4.stl,0.37,35217.6,unsat
../resources/benchmarks/random0/b0_r5_c10_l500_i1000_ps0_05_pt0_95_j5_5.stl,-1,-1,TO
../resources/benchmarks/random0/b0_r5_c10_l500_i1000_ps0_15_pt0_33_j10_1.stl,0.362,35293.6,unsat
../resources/benchmarks/random0/b0_r5_c10_l500_i1000_ps0_15_pt0_33_j10_2.stl,0.324,17928,unsat
../resources/benchmarks/random0/b0_r5_c10_l500_i1000_ps0_15_pt0_33_j10_3.stl,0.354,34024,unsat
../resources/benchmarks/random0/b0_r5_c10_l500_i1000_ps0_15_pt0_33_j10_4.stl,0.358,37063.2,sat
../resources/benchmarks/random0/b0_r5_c10_l500_i1000_ps0_15_pt0_33_j10_5.stl,8.818,1232857.6,sat
../resources/benchmarks/random0/b0_r5_c10_l500_i1000_ps0_15_pt0_33_j5_1.stl,0.34,35254.4,sat
../resources/benchmarks/random0/b0_r5_c10_l500_i1000_ps0_15_pt0_33_j5_2.stl,0.336,41038.4,sat
../resources/benchmarks/random0/b0_r5_c10_l500_i1000_ps0_15_pt0_33_j5_3.stl,0.356,35850.4,sat
../resources/benchmarks/random0/b0_r5_c10_l500_i1000_ps0_15_pt0_33_j5_4.stl,0.36,34637.6,sat
../resources/benchmarks/random0/b0_r5_c10_l500_i1000_ps0_15_pt0_33_j5_5.stl,0.558,188178.4,sat
../resources/benchmarks/random0/b0_r5_c10_l500_i1000_ps0_15_pt0_5_j10_1.stl,10.416,318386.4,sat
../resources/benchmarks/random0/b0_r5_c10_l500_i1000_ps0_15_pt0_5_j10_2.stl,0.35,35545.6,unsat
../resources/benchmarks/random0/b0_r5_c10_l500_i1000_ps0_15_pt0_5_j10_3.stl,0.564,95693.6,sat
../resources/benchmarks/random0/b0_r5_c10_l500_i1000_ps0_15_pt0_5_j10_4.stl,-1,-1,TO
../resources/benchmarks/random0/b0_r5_c10_l500_i1000_ps0_15_pt0_5_j10_5.stl,0.34,32736.8,unsat
../resources/benchmarks/random0/b0_r5_c10_l500_i1000_ps0_15_pt0_5_j5_1.stl,1.06,71739.2,sat
../resources/benchmarks/random0/b0_r5_c10_l500_i1000_ps0_15_pt0_5_j5_2.stl,-1,-1,TO
../resources/benchmarks/random0/b0_r5_c10_l500_i1000_ps0_15_pt0_5_j5_3.stl,0.61,129789.6,sat
../resources/benchmarks/random0/b0_r5_c10_l500_i1000_ps0_15_pt0_5_j5_4.stl,8.65,1121011.2,sat
../resources/benchmarks/random0/b0_r5_c10_l500_i1000_ps0_15_pt0_5_j5_5.stl,0.378,53301.6,sat
../resources/benchmarks/random0/b0_r5_c10_l500_i1000_ps0_15_pt0_75_j10_1.stl,89.32000000000001,668036.8,sat
../resources/benchmarks/random0/b0_r5_c10_l500_i1000_ps0_15_pt0_75_j10_2.stl,-1,-1,TO
../resources/benchmarks/random0/b0_r5_c10_l500_i1000_ps0_15_pt0_75_j10_3.stl,-1,-1,TO
../resources/benchmarks/random0/b0_r5_c10_l500_i1000_ps0_15_pt0_75_j10_4.stl,0.33,33666.4,unsat
../resources/benchmarks/random0/b0_r5_c10_l500_i1000_ps0_15_pt0_75_j10_5.stl,-1,-1,TO
../resources/benchmarks/random0/b0_r5_c10_l500_i1000_ps0_15_pt0_75_j5_1.stl,0.342,36168.8,sat
../resources/benchmarks/random0/b0_r5_c10_l500_i1000_ps0_15_pt0_75_j5_2.stl,0.67,223166.4,sat
../resources/benchmarks/random0/b0_r5_c10_l500_i1000_ps0_15_pt0_75_j5_3.stl,31.626,288031.2,sat
../resources/benchmarks/random0/b0_r5_c10_l500_i1000_ps0_15_pt0_75_j5_4.stl,0.39,37705.6,unsat
../resources/benchmarks/random0/b0_r5_c10_l500_i1000_ps0_15_pt0_75_j5_5.stl,0.572,160216,sat
../resources/benchmarks/random0/b0_r5_c10_l500_i1000_ps0_15_pt0_95_j10_1.stl,14.254,1324336,sat
../resources/benchmarks/random0/b0_r5_c10_l500_i1000_ps0_15_pt0_95_j10_2.stl,-1,-1,TO
../resources/benchmarks/random0/b0_r5_c10_l500_i1000_ps0_15_pt0_95_j10_3.stl,-1,-1,TO
../resources/benchmarks/random0/b0_r5_c10_l500_i1000_ps0_15_pt0_95_j10_4.stl,4.32,117724.8,unsat
../resources/benchmarks/random0/b0_r5_c10_l500_i1000_ps0_15_pt0_95_j10_5.stl,0.448,40506.4,unsat
../resources/benchmarks/random0/b0_r5_c10_l500_i1000_ps0_15_pt0_95_j5_1.stl,23.414,6345016,sat
../resources/benchmarks/random0/b0_r5_c10_l500_i1000_ps0_15_pt0_95_j5_2.stl,0.6,127033.6,sat
../resources/benchmarks/random0/b0_r5_c10_l500_i1000_ps0_15_pt0_95_j5_3.stl,0.356,33361.6,unsat
../resources/benchmarks/random0/b0_r5_c10_l500_i1000_ps0_15_pt0_95_j5_4.stl,0.49,138702.4,sat
../resources/benchmarks/random0/b0_r5_c10_l500_i1000_ps0_15_pt0_95_j5_5.stl,-1,-1,TO
../resources/benchmarks/random0/b0_r5_c10_l500_i1000_ps0_1_pt0_33_j10_1.stl,1.886,105536.8,sat
../resources/benchmarks/random0/b0_r5_c10_l500_i1000_ps0_1_pt0_33_j10_2.stl,0.36,36797.6,unsat
../resources/benchmarks/random0/b0_r5_c10_l500_i1000_ps0_1_pt0_33_j10_3.stl,-1,-1,TO
../resources/benchmarks/random0/b0_r5_c10_l500_i1000_ps0_1_pt0_33_j10_4.stl,-1,-1,TO
../resources/benchmarks/random0/b0_r5_c10_l500_i1000_ps0_1_pt0_33_j10_5.stl,0.372,35579.2,unsat
../resources/benchmarks/random0/b0_r5_c10_l500_i1000_ps0_1_pt0_33_j5_1.stl,0.444,62226.4,sat
../resources/benchmarks/random0/b0_r5_c10_l500_i1000_ps0_1_pt0_33_j5_2.stl,0.374,64675.2,sat
../resources/benchmarks/random0/b0_r5_c10_l500_i1000_ps0_1_pt0_33_j5_3.stl,99.242,5048072,sat
../resources/benchmarks/random0/b0_r5_c10_l500_i1000_ps0_1_pt0_33_j5_4.stl,0.376,41004.8,sat
../resources/benchmarks/random0/b0_r5_c10_l500_i1000_ps0_1_pt0_33_j5_5.stl,0.624,157462.4,sat
../resources/benchmarks/random0/b0_r5_c10_l500_i1000_ps0_1_pt0_5_j10_1.stl,-1,-1,TO
../resources/benchmarks/random0/b0_r5_c10_l500_i1000_ps0_1_pt0_5_j10_2.stl,0.428,46855.2,unsat
../resources/benchmarks/random0/b0_r5_c10_l500_i1000_ps0_1_pt0_5_j10_3.stl,0.61,147948,sat
../resources/benchmarks/random0/b0_r5_c10_l500_i1000_ps0_1_pt0_5_j10_4.stl,0.316,17941.6,unsat
../resources/benchmarks/random0/b0_r5_c10_l500_i1000_ps0_1_pt0_5_j10_5.stl,-1,-1,TO
../resources/benchmarks/random0/b0_r5_c10_l500_i1000_ps0_1_pt0_5_j5_1.stl,1.572,135310.4,unsat
../resources/benchmarks/random0/b0_r5_c10_l500_i1000_ps0_1_pt0_5_j5_2.stl,0.452,43164,sat
../resources/benchmarks/random0/b0_r5_c10_l500_i1000_ps0_1_pt0_5_j5_3.stl,0.422,40804.8,sat
../resources/benchmarks/random0/b0_r5_c10_l500_i1000_ps0_1_pt0_5_j5_4.stl,-1,-1,TO
../resources/benchmarks/random0/b0_r5_c10_l500_i1000_ps0_1_pt0_5_j5_5.stl,0.46,41009.6,sat
../resources/benchmarks/random0/b0_r5_c10_l500_i1000_ps0_1_pt0_75_j10_1.stl,-1,-1,TO
../resources/benchmarks/random0/b0_r5_c10_l500_i1000_ps0_1_pt0_75_j10_2.stl,0.38,37973.6,unsat
../resources/benchmarks/random0/b0_r5_c10_l500_i1000_ps0_1_pt0_75_j10_3.stl,-1,-1,TO
../resources/benchmarks/random0/b0_r5_c10_l500_i1000_ps0_1_pt0_75_j10_4.stl,0.40599999999999997,41959.2,unsat
../resources/benchmarks/random0/b0_r5_c10_l500_i1000_ps0_1_pt0_75_j10_5.stl,0.362,35232.8,unsat
../resources/benchmarks/random0/b0_r5_c10_l500_i1000_ps0_1_pt0_75_j5_1.stl,0.35,17016.8,unsat
../resources/benchmarks/random0/b0_r5_c10_l500_i1000_ps0_1_pt0_75_j5_2.stl,44.026,134136,sat
../resources/benchmarks/random0/b0_r5_c10_l500_i1000_ps0_1_pt0_75_j5_3.stl,-1,-1,TO
../resources/benchmarks/random0/b0_r5_c10_l500_i1000_ps0_1_pt0_75_j5_4.stl,-1,-1,TO
../resources/benchmarks/random0/b0_r5_c10_l500_i1000_ps0_1_pt0_75_j5_5.stl,-1,-1,TO
../resources/benchmarks/random0/b0_r5_c10_l500_i1000_ps0_1_pt0_95_j10_1.stl,0.402,39260,unsat
../resources/benchmarks/random0/b0_r5_c10_l500_i1000_ps0_1_pt0_95_j10_2.stl,0.532,154399.2,unsat
../resources/benchmarks/random0/b0_r5_c10_l500_i1000_ps0_1_pt0_95_j10_3.stl,-1,-1,TO
../resources/benchmarks/random0/b0_r5_c10_l500_i1000_ps0_1_pt0_95_j10_4.stl,-1,-1,TO
../resources/benchmarks/random0/b0_r5_c10_l500_i1000_ps0_1_pt0_95_j10_5.stl,-1,-1,TO
../resources/benchmarks/random0/b0_r5_c10_l500_i1000_ps0_1_pt0_95_j5_1.stl,1.152,197698.4,sat
../resources/benchmarks/random0/b0_r5_c10_l500_i1000_ps0_1_pt0_95_j5_2.stl,106.236,19399231.2,sat
../resources/benchmarks/random0/b0_r5_c10_l500_i1000_ps0_1_pt0_95_j5_3.stl,-1,-1,TO
../resources/benchmarks/random0/b0_r5_c10_l500_i1000_ps0_1_pt0_95_j5_4.stl,1.222,285544.8,sat
../resources/benchmarks/random0/b0_r5_c10_l500_i1000_ps0_1_pt0_95_j5_5.stl,-1,-1,TO
../resources/benchmarks/random0/b0_r5_c10_l500_i1000_ps0_25_pt0_33_j10_1.stl,0.364,38056,sat
../resources/benchmarks/random0/b0_r5_c10_l500_i1000_ps0_25_pt0_33_j10_2.stl,0.308,18211.2,unsat
../resources/benchmarks/random0/b0_r5_c10_l500_i1000_ps0_25_pt0_33_j10_3.stl,-1,-1,TO
../resources/benchmarks/random0/b0_r5_c10_l500_i1000_ps0_25_pt0_33_j10_4.stl,0.34,17002.4,unsat
../resources/benchmarks/random0/b0_r5_c10_l500_i1000_ps0_25_pt0_33_j10_5.stl,0.33,17016,unsat
../resources/benchmarks/random0/b0_r5_c10_l500_i1000_ps0_25_pt0_33_j5_1.stl,0.342,34964,unsat
../resources/benchmarks/random0/b0_r5_c10_l500_i1000_ps0_25_pt0_33_j5_2.stl,0.334,17324,unsat
../resources/benchmarks/random0/b0_r5_c10_l500_i1000_ps0_25_pt0_33_j5_3.stl,0.36,41941.6,sat
../resources/benchmarks/random0/b0_r5_c10_l500_i1000_ps0_25_pt0_33_j5_4.stl,0.316,18246.4,sat
../resources/benchmarks/random0/b0_r5_c10_l500_i1000_ps0_25_pt0_33_j5_5.stl,0.334,34929.6,sat
../resources/benchmarks/random0/b0_r5_c10_l500_i1000_ps0_25_pt0_5_j10_1.stl,0.312,18242.4,unsat
../resources/benchmarks/random0/b0_r5_c10_l500_i1000_ps0_25_pt0_5_j10_2.stl,0.484,41712,sat
../resources/benchmarks/random0/b0_r5_c10_l500_i1000_ps0_25_pt0_5_j10_3.stl,0.368,37416.8,unsat
../resources/benchmarks/random0/b0_r5_c10_l500_i1000_ps0_25_pt0_5_j10_4.stl,34.206,44982.4,sat
../resources/benchmarks/random0/b0_r5_c10_l500_i1000_ps0_25_pt0_5_j10_5.stl,0.356,35543.2,unsat
../resources/benchmarks/random0/b0_r5_c10_l500_i1000_ps0_25_pt0_5_j5_1.stl,0.346,33072.8,sat
../resources/benchmarks/random0/b0_r5_c10_l500_i1000_ps0_25_pt0_5_j5_2.stl,0.452,77569.6,sat
../resources/benchmarks/random0/b0_r5_c10_l500_i1000_ps0_25_pt0_5_j5_3.stl,0.34400000000000003,31210.4,unsat
../resources/benchmarks/random0/b0_r5_c10_l500_i1000_ps0_25_pt0_5_j5_4.stl,0.356,42240,sat
../resources/benchmarks/random0/b0_r5_c10_l500_i1000_ps0_25_pt0_5_j5_5.stl,0.366,52104.8,sat
../resources/benchmarks/random0/b0_r5_c10_l500_i1000_ps0_25_pt0_75_j10_1.stl,0.338,36741.6,unsat
../resources/benchmarks/random0/b0_r5_c10_l500_i1000_ps0_25_pt0_75_j10_2.stl,9.488,130267.2,sat
../resources/benchmarks/random0/b0_r5_c10_l500_i1000_ps0_25_pt0_75_j10_3.stl,0.348,33987.2,unsat
../resources/benchmarks/random0/b0_r5_c10_l500_i1000_ps0_25_pt0_75_j10_4.stl,1.926,199561.6,sat
../resources/benchmarks/random0/b0_r5_c10_l500_i1000_ps0_25_pt0_75_j10_5.stl,-1,-1,TO
../resources/benchmarks/random0/b0_r5_c10_l500_i1000_ps0_25_pt0_75_j5_1.stl,0.478,91411.2,sat
../resources/benchmarks/random0/b0_r5_c10_l500_i1000_ps0_25_pt0_75_j5_2.stl,0.34600000000000003,35552.8,sat
../resources/benchmarks/random0/b0_r5_c10_l500_i1000_ps0_25_pt0_75_j5_3.stl,0.382,46248,sat
../resources/benchmarks/random0/b0_r5_c10_l500_i1000_ps0_25_pt0_75_j5_4.stl,2.26,93539.2,sat
../resources/benchmarks/random0/b0_r5_c10_l500_i1000_ps0_25_pt0_75_j5_5.stl,0.352,36508,sat
../resources/benchmarks/random0/b0_r5_c10_l500_i1000_ps0_25_pt0_95_j10_1.stl,-1,-1,TO
../resources/benchmarks/random0/b0_r5_c10_l500_i1000_ps0_25_pt0_95_j10_2.stl,0.348,31829.6,sat
../resources/benchmarks/random0/b0_r5_c10_l500_i1000_ps0_25_pt0_95_j10_3.stl,0.352,35226.4,unsat
../resources/benchmarks/random0/b0_r5_c10_l500_i1000_ps0_25_pt0_95_j10_4.stl,0.396,39879.2,unsat
../resources/benchmarks/random0/b0_r5_c10_l500_i1000_ps0_25_pt0_95_j10_5.stl,-1,-1,TO
../resources/benchmarks/random0/b0_r5_c10_l500_i1000_ps0_25_pt0_95_j5_1.stl,0.372,38873.6,unsat
../resources/benchmarks/random0/b0_r5_c10_l500_i1000_ps0_25_pt0_95_j5_2.stl,1.186,265281.6,sat
../resources/benchmarks/random0/b0_r5_c10_l500_i1000_ps0_25_pt0_95_j5_3.stl,0.43,53348.8,unsat
../resources/benchmarks/random0/b0_r5_c10_l500_i1000_ps0_25_pt0_95_j5_4.stl,0.534,129176,sat
../resources/benchmarks/random0/b0_r5_c10_l500_i1000_ps0_25_pt0_95_j5_5.stl,0.352,34274.4,sat
../resources/benchmarks/random0/b0_r5_c10_l500_i1000_ps0_2_pt0_33_j10_1.stl,0.386,40111.2,unsat
../resources/benchmarks/random0/b0_r5_c10_l500_i1000_ps0_2_pt0_33_j10_2.stl,0.358,33086.4,unsat
../resources/benchmarks/random0/b0_r5_c10_l500_i1000_ps0_2_pt0_33_j10_3.stl,0.438,87393.6,sat
../resources/benchmarks/random0/b0_r5_c10_l500_i1000_ps0_2_pt0_33_j10_4.stl,0.342,17022.4,unsat
../resources/benchmarks/random0/b0_r5_c10_l500_i1000_ps0_2_pt0_33_j10_5.stl,3.792,210880,sat
../resources/benchmarks/random0/b0_r5_c10_l500_i1000_ps0_2_pt0_33_j5_1.stl,0.358,43183.2,sat
../resources/benchmarks/random0/b0_r5_c10_l500_i1000_ps0_2_pt0_33_j5_2.stl,0.334,17318.4,unsat
../resources/benchmarks/random0/b0_r5_c10_l500_i1000_ps0_2_pt0_33_j5_3.stl,0.364,32455.2,unsat
../resources/benchmarks/random0/b0_r5_c10_l500_i1000_ps0_2_pt0_33_j5_4.stl,0.376,19458.4,unsat
../resources/benchmarks/random0/b0_r5_c10_l500_i1000_ps0_2_pt0_33_j5_5.stl,0.342,34914.4,sat
../resources/benchmarks/random0/b0_r5_c10_l500_i1000_ps0_2_pt0_5_j10_1.stl,34.666,374607.2,sat
../resources/benchmarks/random0/b0_r5_c10_l500_i1000_ps0_2_pt0_5_j10_2.stl,0.348,35877.6,unsat
../resources/benchmarks/random0/b0_r5_c10_l500_i1000_ps0_2_pt0_5_j10_3.stl,0.34400000000000003,17014.4,unsat
../resources/benchmarks/random0/b0_r5_c10_l500_i1000_ps0_2_pt0_5_j10_4.stl,0.358,35812.8,unsat
../resources/benchmarks/random0/b0_r5_c10_l500_i1000_ps0_2_pt0_5_j10_5.stl,-1,-1,TO
../resources/benchmarks/random0/b0_r5_c10_l500_i1000_ps0_2_pt0_5_j5_1.stl,0.348,33377.6,sat
../resources/benchmarks/random0/b0_r5_c10_l500_i1000_ps0_2_pt0_5_j5_2.stl,0.34,34904,sat
../resources/benchmarks/random0/b0_r5_c10_l500_i1000_ps0_2_pt0_5_j5_3.stl,0.764,227824.8,sat
../resources/benchmarks/random0/b0_r5_c10_l500_i1000_ps0_2_pt0_5_j5_4.stl,0.542,201371.2,sat
../resources/benchmarks/random0/b0_r5_c10_l500_i1000_ps0_2_pt0_5_j5_5.stl,0.342,34276.8,sat
../resources/benchmarks/random0/b0_r5_c10_l500_i1000_ps0_2_pt0_75_j10_1.stl,-1,-1,TO
../resources/benchmarks/random0/b0_r5_c10_l500_i1000_ps0_2_pt0_75_j10_2.stl,0.332,17299.2,unsat
../resources/benchmarks/random0/b0_r5_c10_l500_i1000_ps0_2_pt0_75_j10_3.stl,0.396,66529.6,sat
../resources/benchmarks/random0/b0_r5_c10_l500_i1000_ps0_2_pt0_75_j10_4.stl,0.338,33091.2,unsat
../resources/benchmarks/random0/b0_r5_c10_l500_i1000_ps0_2_pt0_75_j10_5.stl,-1,-1,TO
../resources/benchmarks/random0/b0_r5_c10_l500_i1000_ps0_2_pt0_75_j5_1.stl,1.442,172820.8,sat
../resources/benchmarks/random0/b0_r5_c10_l500_i1000_ps0_2_pt0_75_j5_2.stl,0.352,34922.4,unsat
../resources/benchmarks/random0/b0_r5_c10_l500_i1000_ps0_2_pt0_75_j5_3.stl,0.362,42247.2,sat
../resources/benchmarks/random0/b0_r5_c10_l500_i1000_ps0_2_pt0_75_j5_4.stl,0.378,19171.2,unsat
../resources/benchmarks/random0/b0_r5_c10_l500_i1000_ps0_2_pt0_75_j5_5.stl,2.844,140858.4,sat
../resources/benchmarks/random0/b0_r5_c10_l500_i1000_ps0_2_pt0_95_j10_1.stl,-1,-1,TO
../resources/benchmarks/random0/b0_r5_c10_l500_i1000_ps0_2_pt0_95_j10_2.stl,0.778,63753.6,sat
../resources/benchmarks/random0/b0_r5_c10_l500_i1000_ps0_2_pt0_95_j10_3.stl,0.342,33669.6,unsat
../resources/benchmarks/random0/b0_r5_c10_l500_i1000_ps0_2_pt0_95_j10_4.stl,-1,-1,TO
../resources/benchmarks/random0/b0_r5_c10_l500_i1000_ps0_2_pt0_95_j10_5.stl,-1,-1,TO
../resources/benchmarks/random0/b0_r5_c10_l500_i1000_ps0_2_pt0_95_j5_1.stl,-1,-1,TO
../resources/benchmarks/random0/b0_r5_c10_l500_i1000_ps0_2_pt0_95_j5_2.stl,0.62,226885.6,sat
../resources/benchmarks/random0/b0_r5_c10_l500_i1000_ps0_2_pt0_95_j5_3.stl,-1,-1,TO
../resources/benchmarks/random0/b0_r5_c10_l500_i1000_ps0_2_pt0_95_j5_4.stl,0.686,189681.6,sat
../resources/benchmarks/random0/b0_r5_c10_l500_i1000_ps0_2_pt0_95_j5_5.stl,0.876,244428,sat
../resources/benchmarks/random0/b0_r5_c10_l500_i50_ps0_05_pt0_33_j10_1.stl,-1,-1,TO
../resources/benchmarks/random0/b0_r5_c10_l500_i50_ps0_05_pt0_33_j10_2.stl,0.448,38941.6,unsat
../resources/benchmarks/random0/b0_r5_c10_l500_i50_ps0_05_pt0_33_j10_3.stl,-1,-1,TO
../resources/benchmarks/random0/b0_r5_c10_l500_i50_ps0_05_pt0_33_j10_4.stl,-1,-1,TO
../resources/benchmarks/random0/b0_r5_c10_l500_i50_ps0_05_pt0_33_j10_5.stl,0.5640000000000001,44476,unsat
../resources/benchmarks/random0/b0_r5_c10_l500_i50_ps0_05_pt0_33_j5_1.stl,-1,-1,TO
../resources/benchmarks/random0/b0_r5_c10_l500_i50_ps0_05_pt0_33_j5_2.stl,25.742,192573.6,sat
../resources/benchmarks/random0/b0_r5_c10_l500_i50_ps0_05_pt0_33_j5_3.stl,-1,-1,TO
../resources/benchmarks/random0/b0_r5_c10_l500_i50_ps0_05_pt0_33_j5_4.stl,-1,-1,TO
../resources/benchmarks/random0/b0_r5_c10_l500_i50_ps0_05_pt0_33_j5_5.stl,-1,-1,TO
../resources/benchmarks/random0/b0_r5_c10_l500_i50_ps0_05_pt0_5_j10_1.stl,-1,-1,TO
../resources/benchmarks/random0/b0_r5_c10_l500_i50_ps0_05_pt0_5_j10_2.stl,-1,-1,TO
../resources/benchmarks/random0/b0_r5_c10_l500_i50_ps0_05_pt0_5_j10_3.stl,-1,-1,TO
../resources/benchmarks/random0/b0_r5_c10_l500_i50_ps0_05_pt0_5_j10_4.stl,-1,-1,TO
../resources/benchmarks/random0/b0_r5_c10_l500_i50_ps0_05_pt0_5_j10_5.stl,-1,-1,TO
../resources/benchmarks/random0/b0_r5_c10_l500_i50_ps0_05_pt0_5_j5_1.stl,0.374,32108.8,unsat
../resources/benchmarks/random0/b0_r5_c10_l500_i50_ps0_05_pt0_5_j5_2.stl,-1,-1,TO
../resources/benchmarks/random0/b0_r5_c10_l500_i50_ps0_05_pt0_5_j5_3.stl,-1,-1,TO
../resources/benchmarks/random0/b0_r5_c10_l500_i50_ps0_05_pt0_5_j5_4.stl,1.61,246237.6,sat
../resources/benchmarks/random0/b0_r5_c10_l500_i50_ps0_05_pt0_5_j5_5.stl,-1,-1,TO
../resources/benchmarks/random0/b0_r5_c10_l500_i50_ps0_05_pt0_75_j10_1.stl,0.484,40773.6,unsat
../resources/benchmarks/random0/b0_r5_c10_l500_i50_ps0_05_pt0_75_j10_2.stl,-1,-1,TO
../resources/benchmarks/random0/b0_r5_c10_l500_i50_ps0_05_pt0_75_j10_3.stl,-1,-1,TO
../resources/benchmarks/random0/b0_r5_c10_l500_i50_ps0_05_pt0_75_j10_4.stl,-1,-1,TO
../resources/benchmarks/random0/b0_r5_c10_l500_i50_ps0_05_pt0_75_j10_5.stl,-1,-1,TO
../resources/benchmarks/random0/b0_r5_c10_l500_i50_ps0_05_pt0_75_j5_1.stl,-1,-1,TO
../resources/benchmarks/random0/b0_r5_c10_l500_i50_ps0_05_pt0_75_j5_2.stl,-1,-1,TO
../resources/benchmarks/random0/b0_r5_c10_l500_i50_ps0_05_pt0_75_j5_3.stl,-1,-1,TO
../resources/benchmarks/random0/b0_r5_c10_l500_i50_ps0_05_pt0_75_j5_4.stl,-1,-1,TO
../resources/benchmarks/random0/b0_r5_c10_l500_i50_ps0_05_pt0_75_j5_5.stl,-1,-1,TO
../resources/benchmarks/random0/b0_r5_c10_l500_i50_ps0_05_pt0_95_j10_1.stl,-1,-1,TO
../resources/benchmarks/random0/b0_r5_c10_l500_i50_ps0_05_pt0_95_j10_2.stl,-1,-1,TO
../resources/benchmarks/random0/b0_r5_c10_l500_i50_ps0_05_pt0_95_j10_3.stl,-1,-1,TO
../resources/benchmarks/random0/b0_r5_c10_l500_i50_ps0_05_pt0_95_j10_4.stl,-1,-1,TO
../resources/benchmarks/random0/b0_r5_c10_l500_i50_ps0_05_pt0_95_j10_5.stl,-1,-1,TO
../resources/benchmarks/random0/b0_r5_c10_l500_i50_ps0_05_pt0_95_j5_1.stl,-1,-1,TO
../resources/benchmarks/random0/b0_r5_c10_l500_i50_ps0_05_pt0_95_j5_2.stl,-1,-1,TO
../resources/benchmarks/random0/b0_r5_c10_l500_i50_ps0_05_pt0_95_j5_3.stl,-1,-1,TO
../resources/benchmarks/random0/b0_r5_c10_l500_i50_ps0_05_pt0_95_j5_4.stl,-1,-1,TO
../resources/benchmarks/random0/b0_r5_c10_l500_i50_ps0_05_pt0_95_j5_5.stl,9.48,2241384,sat
../resources/benchmarks/random0/b0_r5_c10_l500_i50_ps0_15_pt0_33_j10_1.stl,0.48,74575.2,sat
../resources/benchmarks/random0/b0_r5_c10_l500_i50_ps0_15_pt0_33_j10_2.stl,0.356,33068,unsat
../resources/benchmarks/random0/b0_r5_c10_l500_i50_ps0_15_pt0_33_j10_3.stl,10.708,196088.8,sat
../resources/benchmarks/random0/b0_r5_c10_l500_i50_ps0_15_pt0_33_j10_4.stl,0.346,17010.4,unsat
../resources/benchmarks/random0/b0_r5_c10_l500_i50_ps0_15_pt0_33_j10_5.stl,0.376,46854.4,sat
../resources/benchmarks/random0/b0_r5_c10_l500_i50_ps0_15_pt0_33_j5_1.stl,0.35,35238.4,unsat
../resources/benchmarks/random0/b0_r5_c10_l500_i50_ps0_15_pt0_33_j5_2.stl,0.324,17003.2,unsat
../resources/benchmarks/random0/b0_r5_c10_l500_i50_ps0_15_pt0_33_j5_3.stl,3.136,58212,sat
../resources/benchmarks/random0/b0_r5_c10_l500_i50_ps0_15_pt0_33_j5_4.stl,0.43,42909.6,sat
../resources/benchmarks/random0/b0_r5_c10_l500_i50_ps0_15_pt0_33_j5_5.stl,0.342,35564,sat
../resources/benchmarks/random0/b0_r5_c10_l500_i50_ps0_15_pt0_5_j10_1.stl,23.202,26148,TO
../resources/benchmarks/random0/b0_r5_c10_l500_i50_ps0_15_pt0_5_j10_2.stl,0.332,33335.2,unsat
../resources/benchmarks/random0/b0_r5_c10_l500_i50_ps0_15_pt0_5_j10_3.stl,0.458,42302.4,sat
../resources/benchmarks/random0/b0_r5_c10_l500_i50_ps0_15_pt0_5_j10_4.stl,0.328,33669.6,unsat
../resources/benchmarks/random0/b0_r5_c10_l500_i50_ps0_15_pt0_5_j10_5.stl,0.438,49635.2,sat
../resources/benchmarks/random0/b0_r5_c10_l500_i50_ps0_15_pt0_5_j5_1.stl,0.33,38354.4,unsat
../resources/benchmarks/random0/b0_r5_c10_l500_i50_ps0_15_pt0_5_j5_2.stl,0.368,41957.6,sat
../resources/benchmarks/random0/b0_r5_c10_l500_i50_ps0_15_pt0_5_j5_3.stl,0.352,34906.4,sat
../resources/benchmarks/random0/b0_r5_c10_l500_i50_ps0_15_pt0_5_j5_4.stl,0.356,35228.8,sat
../resources/benchmarks/random0/b0_r5_c10_l500_i50_ps0_15_pt0_5_j5_5.stl,1.89,56435.2,sat
../resources/benchmarks/random0/b0_r5_c10_l500_i50_ps0_15_pt0_75_j10_1.stl,-1,-1,TO
../resources/benchmarks/random0/b0_r5_c10_l500_i50_ps0_15_pt0_75_j10_2.stl,-1,-1,TO
../resources/benchmarks/random0/b0_r5_c10_l500_i50_ps0_15_pt0_75_j10_3.stl,0.724,60386.4,unsat
../resources/benchmarks/random0/b0_r5_c10_l500_i50_ps0_15_pt0_75_j10_4.stl,0.354,34295.2,unsat
../resources/benchmarks/random0/b0_r5_c10_l500_i50_ps0_15_pt0_75_j10_5.stl,0.328,17312.8,unsat
../resources/benchmarks/random0/b0_r5_c10_l500_i50_ps0_15_pt0_75_j5_1.stl,0.372,43480.8,sat
../resources/benchmarks/random0/b0_r5_c10_l500_i50_ps0_15_pt0_75_j5_2.stl,0.37,40404,sat
../resources/benchmarks/random0/b0_r5_c10_l500_i50_ps0_15_pt0_75_j5_3.stl,0.384,53616,sat
../resources/benchmarks/random0/b0_r5_c10_l500_i50_ps0_15_pt0_75_j5_4.stl,0.96,118484,unsat
../resources/benchmarks/random0/b0_r5_c10_l500_i50_ps0_15_pt0_75_j5_5.stl,-1,-1,TO
../resources/benchmarks/random0/b0_r5_c10_l500_i50_ps0_15_pt0_95_j10_1.stl,-1,-1,TO
../resources/benchmarks/random0/b0_r5_c10_l500_i50_ps0_15_pt0_95_j10_2.stl,-1,-1,TO
../resources/benchmarks/random0/b0_r5_c10_l500_i50_ps0_15_pt0_95_j10_3.stl,-1,-1,TO
../resources/benchmarks/random0/b0_r5_c10_l500_i50_ps0_15_pt0_95_j10_4.stl,-1,-1,TO
../resources/benchmarks/random0/b0_r5_c10_l500_i50_ps0_15_pt0_95_j10_5.stl,-1,-1,TO
../resources/benchmarks/random0/b0_r5_c10_l500_i50_ps0_15_pt0_95_j5_1.stl,0.332,17313.6,sat
../resources/benchmarks/random0/b0_r5_c10_l500_i50_ps0_15_pt0_95_j5_2.stl,-1,-1,TO
../resources/benchmarks/random0/b0_r5_c10_l500_i50_ps0_15_pt0_95_j5_3.stl,0.332,29634.4,sat
../resources/benchmarks/random0/b0_r5_c10_l500_i50_ps0_15_pt0_95_j5_4.stl,62.352,131106.4,unsat
../resources/benchmarks/random0/b0_r5_c10_l500_i50_ps0_15_pt0_95_j5_5.stl,0.33,17931.2,sat
../resources/benchmarks/random0/b0_r5_c10_l500_i50_ps0_1_pt0_33_j10_1.stl,-1,-1,TO
../resources/benchmarks/random0/b0_r5_c10_l500_i50_ps0_1_pt0_33_j10_2.stl,-1,-1,TO
../resources/benchmarks/random0/b0_r5_c10_l500_i50_ps0_1_pt0_33_j10_3.stl,69.366,119060,sat
../resources/benchmarks/random0/b0_r5_c10_l500_i50_ps0_1_pt0_33_j10_4.stl,-1,-1,TO
../resources/benchmarks/random0/b0_r5_c10_l500_i50_ps0_1_pt0_33_j10_5.stl,0.34600000000000003,20408.8,unsat
../resources/benchmarks/random0/b0_r5_c10_l500_i50_ps0_1_pt0_33_j5_1.stl,0.406,54839.2,sat
../resources/benchmarks/random0/b0_r5_c10_l500_i50_ps0_1_pt0_33_j5_2.stl,0.366,41640.8,sat
../resources/benchmarks/random0/b0_r5_c10_l500_i50_ps0_1_pt0_33_j5_3.stl,8.912,182239.2,sat
../resources/benchmarks/random0/b0_r5_c10_l500_i50_ps0_1_pt0_33_j5_4.stl,0.372,43197.6,sat
../resources/benchmarks/random0/b0_r5_c10_l500_i50_ps0_1_pt0_33_j5_5.stl,0.712,84941.6,sat
../resources/benchmarks/random0/b0_r5_c10_l500_i50_ps0_1_pt0_5_j10_1.stl,1.906,103620,sat
../resources/benchmarks/random0/b0_r5_c10_l500_i50_ps0_1_pt0_5_j10_2.stl,-1,-1,TO
../resources/benchmarks/random0/b0_r5_c10_l500_i50_ps0_1_pt0_5_j10_3.stl,-1,-1,TO
../resources/benchmarks/random0/b0_r5_c10_l500_i50_ps0_1_pt0_5_j10_4.stl,0.35000000000000003,35587.2,unsat
../resources/benchmarks/random0/b0_r5_c10_l500_i50_ps0_1_pt0_5_j10_5.stl,-1,-1,TO
../resources/benchmarks/random0/b0_r5_c10_l500_i50_ps0_1_pt0_5_j5_1.stl,-1,-1,TO
../resources/benchmarks/random0/b0_r5_c10_l500_i50_ps0_1_pt0_5_j5_2.stl,0.334,17316,sat
../resources/benchmarks/random0/b0_r5_c10_l500_i50_ps0_1_pt0_5_j5_3.stl,-1,-1,TO
../resources/benchmarks/random0/b0_r5_c10_l500_i50_ps0_1_pt0_5_j5_4.stl,0.37,36172.8,unsat
../resources/benchmarks/random0/b0_r5_c10_l500_i50_ps0_1_pt0_5_j5_5.stl,0.338,17306.4,unsat
../resources/benchmarks/random0/b0_r5_c10_l500_i50_ps0_1_pt0_75_j10_1.stl,-1,-1,TO
../resources/benchmarks/random0/b0_r5_c10_l500_i50_ps0_1_pt0_75_j10_2.stl,-1,-1,TO
../resources/benchmarks/random0/b0_r5_c10_l500_i50_ps0_1_pt0_75_j10_3.stl,-1,-1,TO
../resources/benchmarks/random0/b0_r5_c10_l500_i50_ps0_1_pt0_75_j10_4.stl,-1,-1,TO
../resources/benchmarks/random0/b0_r5_c10_l500_i50_ps0_1_pt0_75_j10_5.stl,-1,-1,TO
../resources/benchmarks/random0/b0_r5_c10_l500_i50_ps0_1_pt0_75_j5_1.stl,-1,-1,TO
../resources/benchmarks/random0/b0_r5_c10_l500_i50_ps0_1_pt0_75_j5_2.stl,0.604,80351.2,sat
../resources/benchmarks/random0/b0_r5_c10_l500_i50_ps0_1_pt0_75_j5_3.stl,0.486,64388.8,sat
../resources/benchmarks/random0/b0_r5_c10_l500_i50_ps0_1_pt0_75_j5_4.stl,0.478,48712.8,sat
../resources/benchmarks/random0/b0_r5_c10_l500_i50_ps0_1_pt0_75_j5_5.stl,-1,-1,TO
../resources/benchmarks/random0/b0_r5_c10_l500_i50_ps0_1_pt0_95_j10_1.stl,-1,-1,TO
../resources/benchmarks/random0/b0_r5_c10_l500_i50_ps0_1_pt0_95_j10_2.stl,-1,-1,TO
../resources/benchmarks/random0/b0_r5_c10_l500_i50_ps0_1_pt0_95_j10_3.stl,-1,-1,TO
../resources/benchmarks/random0/b0_r5_c10_l500_i50_ps0_1_pt0_95_j10_4.stl,-1,-1,TO
../resources/benchmarks/random0/b0_r5_c10_l500_i50_ps0_1_pt0_95_j10_5.stl,-1,-1,TO
../resources/benchmarks/random0/b0_r5_c10_l500_i50_ps0_1_pt0_95_j5_1.stl,-1,-1,TO
../resources/benchmarks/random0/b0_r5_c10_l500_i50_ps0_1_pt0_95_j5_2.stl,0.924,81876,sat
../resources/benchmarks/random0/b0_r5_c10_l500_i50_ps0_1_pt0_95_j5_3.stl,-1,-1,TO
../resources/benchmarks/random0/b0_r5_c10_l500_i50_ps0_1_pt0_95_j5_4.stl,21.483999999999998,115779.2,unsat
../resources/benchmarks/random0/b0_r5_c10_l500_i50_ps0_1_pt0_95_j5_5.stl,0.602,55448.8,sat
../resources/benchmarks/random0/b0_r5_c10_l500_i50_ps0_25_pt0_33_j10_1.stl,0.41,41127.2,sat
../resources/benchmarks/random0/b0_r5_c10_l500_i50_ps0_25_pt0_33_j10_2.stl,0.35,33708.8,unsat
../resources/benchmarks/random0/b0_r5_c10_l500_i50_ps0_25_pt0_33_j10_3.stl,0.348,17027.2,unsat
../resources/benchmarks/random0/b0_r5_c10_l500_i50_ps0_25_pt0_33_j10_4.stl,0.402,47774.4,sat
../resources/benchmarks/random0/b0_r5_c10_l500_i50_ps0_25_pt0_33_j10_5.stl,0.354,33073.6,unsat
../resources/benchmarks/random0/b0_r5_c10_l500_i50_ps0_25_pt0_33_j5_1.stl,0.338,17000.8,sat
../resources/benchmarks/random0/b0_r5_c10_l500_i50_ps0_25_pt0_33_j5_2.stl,0.334,16991.2,sat
../resources/benchmarks/random0/b0_r5_c10_l500_i50_ps0_25_pt0_33_j5_3.stl,0.32,16997.6,unsat
../resources/benchmarks/random0/b0_r5_c10_l500_i50_ps0_25_pt0_33_j5_4.stl,0.338,36521.6,sat
../resources/benchmarks/random0/b0_r5_c10_l500_i50_ps0_25_pt0_33_j5_5.stl,0.336,17316.8,unsat
../resources/benchmarks/random0/b0_r5_c10_l500_i50_ps0_25_pt0_5_j10_1.stl,0.416,54191.2,sat
../resources/benchmarks/random0/b0_r5_c10_l500_i50_ps0_25_pt0_5_j10_2.stl,0.348,33998.4,unsat
../resources/benchmarks/random0/b0_r5_c10_l500_i50_ps0_25_pt0_5_j10_3.stl,0.358,49633.6,sat
../resources/benchmarks/random0/b0_r5_c10_l500_i50_ps0_25_pt0_5_j10_4.stl,0.32,17927.2,unsat
../resources/benchmarks/random0/b0_r5_c10_l500_i50_ps0_25_pt0_5_j10_5.stl,0.324,17925.6,unsat
../resources/benchmarks/random0/b0_r5_c10_l500_i50_ps0_25_pt0_5_j5_1.stl,0.332,32727.2,unsat
../resources/benchmarks/random0/b0_r5_c10_l500_i50_ps0_25_pt0_5_j5_2.stl,0.36,35559.2,sat
../resources/benchmarks/random0/b0_r5_c10_l500_i50_ps0_25_pt0_5_j5_3.stl,0.356,35198.4,sat
../resources/benchmarks/random0/b0_r5_c10_l500_i50_ps0_25_pt0_5_j5_4.stl,0.364,36770.4,sat
../resources/benchmarks/random0/b0_r5_c10_l500_i50_ps0_25_pt0_5_j5_5.stl,0.35,34315.2,sat
../resources/benchmarks/random0/b0_r5_c10_l500_i50_ps0_25_pt0_75_j10_1.stl,0.384,44731.2,unsat
../resources/benchmarks/random0/b0_r5_c10_l500_i50_ps0_25_pt0_75_j10_2.stl,0.332,17322.4,unsat
../resources/benchmarks/random0/b0_r5_c10_l500_i50_ps0_25_pt0_75_j10_3.stl,28.454,864541.6,sat
../resources/benchmarks/random0/b0_r5_c10_l500_i50_ps0_25_pt0_75_j10_4.stl,0.396,48724.8,sat
../resources/benchmarks/random0/b0_r5_c10_l500_i50_ps0_25_pt0_75_j10_5.stl,0.33,17596,unsat
../resources/benchmarks/random0/b0_r5_c10_l500_i50_ps0_25_pt0_75_j5_1.stl,0.334,17316,unsat
../resources/benchmarks/random0/b0_r5_c10_l500_i50_ps0_25_pt0_75_j5_2.stl,0.348,44376.8,sat
../resources/benchmarks/random0/b0_r5_c10_l500_i50_ps0_25_pt0_75_j5_3.stl,0.34400000000000003,31198.4,unsat
../resources/benchmarks/random0/b0_r5_c10_l500_i50_ps0_25_pt0_75_j5_4.stl,0.446,51469.6,sat
../resources/benchmarks/random0/b0_r5_c10_l500_i50_ps0_25_pt0_75_j5_5.stl,0.576,70211.2,sat
../resources/benchmarks/random0/b0_r5_c10_l500_i50_ps0_25_pt0_95_j10_1.stl,0.34600000000000003,33028,unsat
../resources/benchmarks/random0/b0_r5_c10_l500_i50_ps0_25_pt0_95_j10_2.stl,5.674,80768,sat
../resources/benchmarks/random0/b0_r5_c10_l500_i50_ps0_25_pt0_95_j10_3.stl,0.552,55791.2,sat
../resources/benchmarks/random0/b0_r5_c10_l500_i50_ps0_25_pt0_95_j10_4.stl,0.46,63140.8,sat
../resources/benchmarks/random0/b0_r5_c10_l500_i50_ps0_25_pt0_95_j10_5.stl,0.364,36140.8,unsat
../resources/benchmarks/random0/b0_r5_c10_l500_i50_ps0_25_pt0_95_j5_1.stl,0.426,44694.4,unsat
../resources/benchmarks/random0/b0_r5_c10_l500_i50_ps0_25_pt0_95_j5_2.stl,0.346,35522.4,sat
../resources/benchmarks/random0/b0_r5_c10_l500_i50_ps0_25_pt0_95_j5_3.stl,0.454,61685.6,sat
../resources/benchmarks/random0/b0_r5_c10_l500_i50_ps0_25_pt0_95_j5_4.stl,0.35,43492.8,sat
../resources/benchmarks/random0/b0_r5_c10_l500_i50_ps0_25_pt0_95_j5_5.stl,0.322,36155.2,sat
../resources/benchmarks/random0/b0_r5_c10_l500_i50_ps0_2_pt0_33_j10_1.stl,0.336,40112,sat
../resources/benchmarks/random0/b0_r5_c10_l500_i50_ps0_2_pt0_33_j10_2.stl,0.328,17016.8,unsat
../resources/benchmarks/random0/b0_r5_c10_l500_i50_ps0_2_pt0_33_j10_3.stl,0.35,38040.8,sat
../resources/benchmarks/random0/b0_r5_c10_l500_i50_ps0_2_pt0_33_j10_4.stl,0.34400000000000003,35565.6,unsat
../resources/benchmarks/random0/b0_r5_c10_l500_i50_ps0_2_pt0_33_j10_5.stl,0.32,17323.2,unsat
../resources/benchmarks/random0/b0_r5_c10_l500_i50_ps0_2_pt0_33_j5_1.stl,0.328,20708.8,unsat
../resources/benchmarks/random0/b0_r5_c10_l500_i50_ps0_2_pt0_33_j5_2.stl,0.37,19476,sat
../resources/benchmarks/random0/b0_r5_c10_l500_i50_ps0_2_pt0_33_j5_3.stl,0.334,17610.4,sat
../resources/benchmarks/random0/b0_r5_c10_l500_i50_ps0_2_pt0_33_j5_4.stl,0.39,38308,sat
../resources/benchmarks/random0/b0_r5_c10_l500_i50_ps0_2_pt0_33_j5_5.stl,0.36,37675.2,sat
../resources/benchmarks/random0/b0_r5_c10_l500_i50_ps0_2_pt0_5_j10_1.stl,0.35,40110.4,sat
../resources/benchmarks/random0/b0_r5_c10_l500_i50_ps0_2_pt0_5_j10_2.stl,0.34600000000000003,35832.8,unsat
../resources/benchmarks/random0/b0_r5_c10_l500_i50_ps0_2_pt0_5_j10_3.stl,0.398,48393.6,sat
../resources/benchmarks/random0/b0_r5_c10_l500_i50_ps0_2_pt0_5_j10_4.stl,0.334,33674.4,unsat
../resources/benchmarks/random0/b0_r5_c10_l500_i50_ps0_2_pt0_5_j10_5.stl,0.34800000000000003,38341.6,sat
../resources/benchmarks/random0/b0_r5_c10_l500_i50_ps0_2_pt0_5_j5_1.stl,0.35,40681.6,sat
../resources/benchmarks/random0/b0_r5_c10_l500_i50_ps0_2_pt0_5_j5_2.stl,0.348,42251.2,sat
../resources/benchmarks/random0/b0_r5_c10_l500_i50_ps0_2_pt0_5_j5_3.stl,0.334,35848.8,sat
../resources/benchmarks/random0/b0_r5_c10_l500_i50_ps0_2_pt0_5_j5_4.stl,0.334,33998.4,sat
../resources/benchmarks/random0/b0_r5_c10_l500_i50_ps0_2_pt0_5_j5_5.stl,0.332,17028.8,unsat
../resources/benchmarks/random0/b0_r5_c10_l500_i50_ps0_2_pt0_75_j10_1.stl,0.7,47529.6,unsat
../resources/benchmarks/random0/b0_r5_c10_l500_i50_ps0_2_pt0_75_j10_2.stl,-1,-1,TO
../resources/benchmarks/random0/b0_r5_c10_l500_i50_ps0_2_pt0_75_j10_3.stl,9.996,102670.4,unsat
../resources/benchmarks/random0/b0_r5_c10_l500_i50_ps0_2_pt0_75_j10_4.stl,0.422,50856,sat
../resources/benchmarks/random0/b0_r5_c10_l500_i50_ps0_2_pt0_75_j10_5.stl,-1,-1,TO
../resources/benchmarks/random0/b0_r5_c10_l500_i50_ps0_2_pt0_75_j5_1.stl,0.482,50255.2,sat
../resources/benchmarks/random0/b0_r5_c10_l500_i50_ps0_2_pt0_75_j5_2.stl,0.354,48417.6,sat
../resources/benchmarks/random0/b0_r5_c10_l500_i50_ps0_2_pt0_75_j5_3.stl,0.36,35864.8,sat
../resources/benchmarks/random0/b0_r5_c10_l500_i50_ps0_2_pt0_75_j5_4.stl,0.356,35264.8,sat
../resources/benchmarks/random0/b0_r5_c10_l500_i50_ps0_2_pt0_75_j5_5.stl,-1,-1,TO
../resources/benchmarks/random0/b0_r5_c10_l500_i50_ps0_2_pt0_95_j10_1.stl,0.55,42901.6,unsat
../resources/benchmarks/random0/b0_r5_c10_l500_i50_ps0_2_pt0_95_j10_2.stl,0.35,31813.6,unsat
../resources/benchmarks/random0/b0_r5_c10_l500_i50_ps0_2_pt0_95_j10_3.stl,1.052,46050.4,unsat
../resources/benchmarks/random0/b0_r5_c10_l500_i50_ps0_2_pt0_95_j10_4.stl,-1,-1,TO
../resources/benchmarks/random0/b0_r5_c10_l500_i50_ps0_2_pt0_95_j10_5.stl,0.662,46345.6,unsat
../resources/benchmarks/random0/b0_r5_c10_l500_i50_ps0_2_pt0_95_j5_1.stl,-1,-1,TO
../resources/benchmarks/random0/b0_r5_c10_l500_i50_ps0_2_pt0_95_j5_2.stl,0.342,17005.6,unsat
../resources/benchmarks/random0/b0_r5_c10_l500_i50_ps0_2_pt0_95_j5_3.stl,-1,-1,TO
../resources/benchmarks/random0/b0_r5_c10_l500_i50_ps0_2_pt0_95_j5_4.stl,0.386,49616,sat
../resources/benchmarks/random0/b0_r5_c10_l500_i50_ps0_2_pt0_95_j5_5.stl,0.324,17920,unsat
../resources/benchmarks/random0/random0.list,-1,-1,Error 3
