Name,Time (s),Total memory (KiB),Result
../resources/benchmarks/random0/b0_r5_c10_l10000_i1000_ps0_05_pt0_33_j10_1.stl,-1,-1,TO
../resources/benchmarks/random0/b0_r5_c10_l10000_i1000_ps0_05_pt0_33_j10_2.stl,-1,-1,TO
../resources/benchmarks/random0/b0_r5_c10_l10000_i1000_ps0_05_pt0_33_j10_3.stl,-1,-1,TO
../resources/benchmarks/random0/b0_r5_c10_l10000_i1000_ps0_05_pt0_33_j10_4.stl,-1,-1,TO
../resources/benchmarks/random0/b0_r5_c10_l10000_i1000_ps0_05_pt0_33_j10_5.stl,-1,-1,TO
../resources/benchmarks/random0/b0_r5_c10_l10000_i1000_ps0_05_pt0_33_j5_1.stl,-1,-1,TO
../resources/benchmarks/random0/b0_r5_c10_l10000_i1000_ps0_05_pt0_33_j5_2.stl,-1,-1,TO
../resources/benchmarks/random0/b0_r5_c10_l10000_i1000_ps0_05_pt0_33_j5_3.stl,0.08,13951.2,unsat
../resources/benchmarks/random0/b0_r5_c10_l10000_i1000_ps0_05_pt0_33_j5_4.stl,-1,-1,TO
../resources/benchmarks/random0/b0_r5_c10_l10000_i1000_ps0_05_pt0_33_j5_5.stl,-1,-1,TO
../resources/benchmarks/random0/b0_r5_c10_l10000_i1000_ps0_05_pt0_5_j10_1.stl,-1,-1,TO
../resources/benchmarks/random0/b0_r5_c10_l10000_i1000_ps0_05_pt0_5_j10_2.stl,-1,-1,TO
../resources/benchmarks/random0/b0_r5_c10_l10000_i1000_ps0_05_pt0_5_j10_3.stl,-1,-1,TO
../resources/benchmarks/random0/b0_r5_c10_l10000_i1000_ps0_05_pt0_5_j10_4.stl,-1,-1,TO
../resources/benchmarks/random0/b0_r5_c10_l10000_i1000_ps0_05_pt0_5_j10_5.stl,0.834,69614.4,unsat
../resources/benchmarks/random0/b0_r5_c10_l10000_i1000_ps0_05_pt0_5_j5_1.stl,-1,-1,TO
../resources/benchmarks/random0/b0_r5_c10_l10000_i1000_ps0_05_pt0_5_j5_2.stl,-1,-1,TO
../resources/benchmarks/random0/b0_r5_c10_l10000_i1000_ps0_05_pt0_5_j5_3.stl,-1,-1,TO
../resources/benchmarks/random0/b0_r5_c10_l10000_i1000_ps0_05_pt0_5_j5_4.stl,-1,-1,TO
../resources/benchmarks/random0/b0_r5_c10_l10000_i1000_ps0_05_pt0_5_j5_5.stl,91.384,968780.8,sat
../resources/benchmarks/random0/b0_r5_c10_l10000_i1000_ps0_05_pt0_75_j10_1.stl,-1,-1,TO
../resources/benchmarks/random0/b0_r5_c10_l10000_i1000_ps0_05_pt0_75_j10_2.stl,-1,-1,TO
../resources/benchmarks/random0/b0_r5_c10_l10000_i1000_ps0_05_pt0_75_j10_3.stl,-1,-1,TO
../resources/benchmarks/random0/b0_r5_c10_l10000_i1000_ps0_05_pt0_75_j10_4.stl,-1,-1,TO
../resources/benchmarks/random0/b0_r5_c10_l10000_i1000_ps0_05_pt0_75_j10_5.stl,-1,-1,TO
../resources/benchmarks/random0/b0_r5_c10_l10000_i1000_ps0_05_pt0_75_j5_1.stl,-1,-1,TO
../resources/benchmarks/random0/b0_r5_c10_l10000_i1000_ps0_05_pt0_75_j5_2.stl,-1,-1,TO
../resources/benchmarks/random0/b0_r5_c10_l10000_i1000_ps0_05_pt0_75_j5_3.stl,-1,-1,TO
../resources/benchmarks/random0/b0_r5_c10_l10000_i1000_ps0_05_pt0_75_j5_4.stl,-1,-1,OOM
../resources/benchmarks/random0/b0_r5_c10_l10000_i1000_ps0_05_pt0_75_j5_5.stl,-1,-1,TO
../resources/benchmarks/random0/b0_r5_c10_l10000_i1000_ps0_05_pt0_95_j10_1.stl,-1,-1,TO
../resources/benchmarks/random0/b0_r5_c10_l10000_i1000_ps0_05_pt0_95_j10_2.stl,-1,-1,TO
../resources/benchmarks/random0/b0_r5_c10_l10000_i1000_ps0_05_pt0_95_j10_3.stl,-1,-1,TO
../resources/benchmarks/random0/b0_r5_c10_l10000_i1000_ps0_05_pt0_95_j10_4.stl,-1,-1,TO
../resources/benchmarks/random0/b0_r5_c10_l10000_i1000_ps0_05_pt0_95_j10_5.stl,-1,-1,TO
../resources/benchmarks/random0/b0_r5_c10_l10000_i1000_ps0_05_pt0_95_j5_1.stl,-1,-1,TO
../resources/benchmarks/random0/b0_r5_c10_l10000_i1000_ps0_05_pt0_95_j5_2.stl,-1,-1,TO
../resources/benchmarks/random0/b0_r5_c10_l10000_i1000_ps0_05_pt0_95_j5_3.stl,-1,-1,TO
../resources/benchmarks/random0/b0_r5_c10_l10000_i1000_ps0_05_pt0_95_j5_4.stl,-1,-1,TO
../resources/benchmarks/random0/b0_r5_c10_l10000_i1000_ps0_05_pt0_95_j5_5.stl,-1,-1,OOM
../resources/benchmarks/random0/b0_r5_c10_l10000_i1000_ps0_15_pt0_33_j10_1.stl,97.656,473879.2,sat
../resources/benchmarks/random0/b0_r5_c10_l10000_i1000_ps0_15_pt0_33_j10_2.stl,-1,-1,TO
../resources/benchmarks/random0/b0_r5_c10_l10000_i1000_ps0_15_pt0_33_j10_3.stl,37.153999999999996,308273.6,sat
../resources/benchmarks/random0/b0_r5_c10_l10000_i1000_ps0_15_pt0_33_j10_4.stl,-1,-1,TO
../resources/benchmarks/random0/b0_r5_c10_l10000_i1000_ps0_15_pt0_33_j10_5.stl,9.638,349450.4,sat
../resources/benchmarks/random0/b0_r5_c10_l10000_i1000_ps0_15_pt0_33_j5_1.stl,-1,-1,TO
../resources/benchmarks/random0/b0_r5_c10_l10000_i1000_ps0_15_pt0_33_j5_2.stl,0.754,445921.6,sat
../resources/benchmarks/random0/b0_r5_c10_l10000_i1000_ps0_15_pt0_33_j5_3.stl,0.342,339320.8,sat
../resources/benchmarks/random0/b0_r5_c10_l10000_i1000_ps0_15_pt0_33_j5_4.stl,0.02,35179.2,sat
../resources/benchmarks/random0/b0_r5_c10_l10000_i1000_ps0_15_pt0_33_j5_5.stl,-1,-1,TO
../resources/benchmarks/random0/b0_r5_c10_l10000_i1000_ps0_15_pt0_5_j10_1.stl,-1,-1,TO
../resources/benchmarks/random0/b0_r5_c10_l10000_i1000_ps0_15_pt0_5_j10_2.stl,102.526,620413.6,sat
../resources/benchmarks/random0/b0_r5_c10_l10000_i1000_ps0_15_pt0_5_j10_3.stl,-1,-1,TO
../resources/benchmarks/random0/b0_r5_c10_l10000_i1000_ps0_15_pt0_5_j10_4.stl,105.806,820374.4,sat
../resources/benchmarks/random0/b0_r5_c10_l10000_i1000_ps0_15_pt0_5_j10_5.stl,-1,-1,TO
../resources/benchmarks/random0/b0_r5_c10_l10000_i1000_ps0_15_pt0_5_j5_1.stl,-1,-1,TO
../resources/benchmarks/random0/b0_r5_c10_l10000_i1000_ps0_15_pt0_5_j5_2.stl,0.1,120596,sat
../resources/benchmarks/random0/b0_r5_c10_l10000_i1000_ps0_15_pt0_5_j5_3.stl,0.704,547900.8,sat
../resources/benchmarks/random0/b0_r5_c10_l10000_i1000_ps0_15_pt0_5_j5_4.stl,-1,-1,TO
../resources/benchmarks/random0/b0_r5_c10_l10000_i1000_ps0_15_pt0_5_j5_5.stl,0.452,251128,sat
../resources/benchmarks/random0/b0_r5_c10_l10000_i1000_ps0_15_pt0_75_j10_1.stl,-1,-1,TO
../resources/benchmarks/random0/b0_r5_c10_l10000_i1000_ps0_15_pt0_75_j10_2.stl,-1,-1,TO
../resources/benchmarks/random0/b0_r5_c10_l10000_i1000_ps0_15_pt0_75_j10_3.stl,106.19,511660,sat
../resources/benchmarks/random0/b0_r5_c10_l10000_i1000_ps0_15_pt0_75_j10_4.stl,1.502,678164,sat
../resources/benchmarks/random0/b0_r5_c10_l10000_i1000_ps0_15_pt0_75_j10_5.stl,0.014,32416.8,unsat
../resources/benchmarks/random0/b0_r5_c10_l10000_i1000_ps0_15_pt0_75_j5_1.stl,-1,-1,TO
../resources/benchmarks/random0/b0_r5_c10_l10000_i1000_ps0_15_pt0_75_j5_2.stl,-1,-1,TO
../resources/benchmarks/random0/b0_r5_c10_l10000_i1000_ps0_15_pt0_75_j5_3.stl,102.384,649292.8,sat
../resources/benchmarks/random0/b0_r5_c10_l10000_i1000_ps0_15_pt0_75_j5_4.stl,-1,-1,TO
../resources/benchmarks/random0/b0_r5_c10_l10000_i1000_ps0_15_pt0_75_j5_5.stl,-1,-1,TO
../resources/benchmarks/random0/b0_r5_c10_l10000_i1000_ps0_15_pt0_95_j10_1.stl,-1,-1,TO
../resources/benchmarks/random0/b0_r5_c10_l10000_i1000_ps0_15_pt0_95_j10_2.stl,87.754,858168.8,sat
../resources/benchmarks/random0/b0_r5_c10_l10000_i1000_ps0_15_pt0_95_j10_3.stl,-1,-1,TO
../resources/benchmarks/random0/b0_r5_c10_l10000_i1000_ps0_15_pt0_95_j10_4.stl,-1,-1,TO
../resources/benchmarks/random0/b0_r5_c10_l10000_i1000_ps0_15_pt0_95_j10_5.stl,-1,-1,TO
../resources/benchmarks/random0/b0_r5_c10_l10000_i1000_ps0_15_pt0_95_j5_1.stl,0.274,200155.2,sat
../resources/benchmarks/random0/b0_r5_c10_l10000_i1000_ps0_15_pt0_95_j5_2.stl,-1,-1,TO
../resources/benchmarks/random0/b0_r5_c10_l10000_i1000_ps0_15_pt0_95_j5_3.stl,-1,-1,TO
../resources/benchmarks/random0/b0_r5_c10_l10000_i1000_ps0_15_pt0_95_j5_4.stl,-1,-1,TO
../resources/benchmarks/random0/b0_r5_c10_l10000_i1000_ps0_15_pt0_95_j5_5.stl,-1,-1,TO
../resources/benchmarks/random0/b0_r5_c10_l10000_i1000_ps0_1_pt0_33_j10_1.stl,94.662,756497.6,sat
../resources/benchmarks/random0/b0_r5_c10_l10000_i1000_ps0_1_pt0_33_j10_2.stl,72.622,45953.6,unsat
../resources/benchmarks/random0/b0_r5_c10_l10000_i1000_ps0_1_pt0_33_j10_3.stl,-1,-1,TO
../resources/benchmarks/random0/b0_r5_c10_l10000_i1000_ps0_1_pt0_33_j10_4.stl,-1,-1,TO
../resources/benchmarks/random0/b0_r5_c10_l10000_i1000_ps0_1_pt0_33_j10_5.stl,-1,-1,TO
../resources/benchmarks/random0/b0_r5_c10_l10000_i1000_ps0_1_pt0_33_j5_1.stl,-1,-1,TO
../resources/benchmarks/random0/b0_r5_c10_l10000_i1000_ps0_1_pt0_33_j5_2.stl,0.288,276945.6,sat
../resources/benchmarks/random0/b0_r5_c10_l10000_i1000_ps0_1_pt0_33_j5_3.stl,-1,-1,TO
../resources/benchmarks/random0/b0_r5_c10_l10000_i1000_ps0_1_pt0_33_j5_4.stl,0.278,243141.6,sat
../resources/benchmarks/random0/b0_r5_c10_l10000_i1000_ps0_1_pt0_33_j5_5.stl,0.338,340223.2,sat
../resources/benchmarks/random0/b0_r5_c10_l10000_i1000_ps0_1_pt0_5_j10_1.stl,-1,-1,TO
../resources/benchmarks/random0/b0_r5_c10_l10000_i1000_ps0_1_pt0_5_j10_2.stl,-1,-1,TO
../resources/benchmarks/random0/b0_r5_c10_l10000_i1000_ps0_1_pt0_5_j10_3.stl,-1,-1,TO
../resources/benchmarks/random0/b0_r5_c10_l10000_i1000_ps0_1_pt0_5_j10_4.stl,-1,-1,TO
../resources/benchmarks/random0/b0_r5_c10_l10000_i1000_ps0_1_pt0_5_j10_5.stl,-1,-1,TO
../resources/benchmarks/random0/b0_r5_c10_l10000_i1000_ps0_1_pt0_5_j5_1.stl,0.0,7779.2,unsat
../resources/benchmarks/random0/b0_r5_c10_l10000_i1000_ps0_1_pt0_5_j5_2.stl,-1,-1,TO
../resources/benchmarks/random0/b0_r5_c10_l10000_i1000_ps0_1_pt0_5_j5_3.stl,19.75,488908.8,sat
../resources/benchmarks/random0/b0_r5_c10_l10000_i1000_ps0_1_pt0_5_j5_4.stl,0.356,166029.6,sat
../resources/benchmarks/random0/b0_r5_c10_l10000_i1000_ps0_1_pt0_5_j5_5.stl,-1,-1,TO
../resources/benchmarks/random0/b0_r5_c10_l10000_i1000_ps0_1_pt0_75_j10_1.stl,-1,-1,TO
../resources/benchmarks/random0/b0_r5_c10_l10000_i1000_ps0_1_pt0_75_j10_2.stl,-1,-1,TO
../resources/benchmarks/random0/b0_r5_c10_l10000_i1000_ps0_1_pt0_75_j10_3.stl,-1,-1,TO
../resources/benchmarks/random0/b0_r5_c10_l10000_i1000_ps0_1_pt0_75_j10_4.stl,-1,-1,TO
../resources/benchmarks/random0/b0_r5_c10_l10000_i1000_ps0_1_pt0_75_j10_5.stl,-1,-1,TO
../resources/benchmarks/random0/b0_r5_c10_l10000_i1000_ps0_1_pt0_75_j5_1.stl,-1,-1,TO
../resources/benchmarks/random0/b0_r5_c10_l10000_i1000_ps0_1_pt0_75_j5_2.stl,-1,-1,TO
../resources/benchmarks/random0/b0_r5_c10_l10000_i1000_ps0_1_pt0_75_j5_3.stl,20.144,301217.6,sat
../resources/benchmarks/random0/b0_r5_c10_l10000_i1000_ps0_1_pt0_75_j5_4.stl,-1,-1,TO
../resources/benchmarks/random0/b0_r5_c10_l10000_i1000_ps0_1_pt0_75_j5_5.stl,18.038,238554.4,sat
../resources/benchmarks/random0/b0_r5_c10_l10000_i1000_ps0_1_pt0_95_j10_1.stl,-1,-1,TO
../resources/benchmarks/random0/b0_r5_c10_l10000_i1000_ps0_1_pt0_95_j10_2.stl,-1,-1,TO
../resources/benchmarks/random0/b0_r5_c10_l10000_i1000_ps0_1_pt0_95_j10_3.stl,-1,-1,TO
../resources/benchmarks/random0/b0_r5_c10_l10000_i1000_ps0_1_pt0_95_j10_4.stl,-1,-1,TO
../resources/benchmarks/random0/b0_r5_c10_l10000_i1000_ps0_1_pt0_95_j10_5.stl,-1,-1,TO
../resources/benchmarks/random0/b0_r5_c10_l10000_i1000_ps0_1_pt0_95_j5_1.stl,-1,-1,TO
../resources/benchmarks/random0/b0_r5_c10_l10000_i1000_ps0_1_pt0_95_j5_2.stl,-1,-1,TO
../resources/benchmarks/random0/b0_r5_c10_l10000_i1000_ps0_1_pt0_95_j5_3.stl,-1,-1,TO
../resources/benchmarks/random0/b0_r5_c10_l10000_i1000_ps0_1_pt0_95_j5_4.stl,61.762,514395.2,sat
../resources/benchmarks/random0/b0_r5_c10_l10000_i1000_ps0_1_pt0_95_j5_5.stl,-1,-1,TO
../resources/benchmarks/random0/b0_r5_c10_l10000_i1000_ps0_25_pt0_33_j10_1.stl,0.01,33040.8,unsat
../resources/benchmarks/random0/b0_r5_c10_l10000_i1000_ps0_25_pt0_33_j10_2.stl,0.708,386340.8,sat
../resources/benchmarks/random0/b0_r5_c10_l10000_i1000_ps0_25_pt0_33_j10_3.stl,0.0,7787.2,unsat
../resources/benchmarks/random0/b0_r5_c10_l10000_i1000_ps0_25_pt0_33_j10_4.stl,1.154,32759.2,unsat
../resources/benchmarks/random0/b0_r5_c10_l10000_i1000_ps0_25_pt0_33_j10_5.stl,0.0,7820.8,unsat
../resources/benchmarks/random0/b0_r5_c10_l10000_i1000_ps0_25_pt0_33_j5_1.stl,0.0,7805.6,unsat
../resources/benchmarks/random0/b0_r5_c10_l10000_i1000_ps0_25_pt0_33_j5_2.stl,0.302,300306.4,sat
../resources/benchmarks/random0/b0_r5_c10_l10000_i1000_ps0_25_pt0_33_j5_3.stl,0.09,100921.6,sat
../resources/benchmarks/random0/b0_r5_c10_l10000_i1000_ps0_25_pt0_33_j5_4.stl,0.0,7798.4,unsat
../resources/benchmarks/random0/b0_r5_c10_l10000_i1000_ps0_25_pt0_33_j5_5.stl,0.638,422239.2,sat
../resources/benchmarks/random0/b0_r5_c10_l10000_i1000_ps0_25_pt0_5_j10_1.stl,0.308,33355.2,unsat
../resources/benchmarks/random0/b0_r5_c10_l10000_i1000_ps0_25_pt0_5_j10_2.stl,37.800000000000004,406596.8,sat
../resources/benchmarks/random0/b0_r5_c10_l10000_i1000_ps0_25_pt0_5_j10_3.stl,-1,-1,TO
../resources/benchmarks/random0/b0_r5_c10_l10000_i1000_ps0_25_pt0_5_j10_4.stl,0.0,7788,unsat
../resources/benchmarks/random0/b0_r5_c10_l10000_i1000_ps0_25_pt0_5_j10_5.stl,41.476,54534.4,unsat
../resources/benchmarks/random0/b0_r5_c10_l10000_i1000_ps0_25_pt0_5_j5_1.stl,0.328,329160.8,sat
../resources/benchmarks/random0/b0_r5_c10_l10000_i1000_ps0_25_pt0_5_j5_2.stl,0.01,32716.8,sat
../resources/benchmarks/random0/b0_r5_c10_l10000_i1000_ps0_25_pt0_5_j5_3.stl,0.01,32428,unsat
../resources/benchmarks/random0/b0_r5_c10_l10000_i1000_ps0_25_pt0_5_j5_4.stl,92.738,449586.4,sat
../resources/benchmarks/random0/b0_r5_c10_l10000_i1000_ps0_25_pt0_5_j5_5.stl,0.316,320264,sat
../resources/benchmarks/random0/b0_r5_c10_l10000_i1000_ps0_25_pt0_75_j10_1.stl,-1,-1,TO
../resources/benchmarks/random0/b0_r5_c10_l10000_i1000_ps0_25_pt0_75_j10_2.stl,-1,-1,TO
../resources/benchmarks/random0/b0_r5_c10_l10000_i1000_ps0_25_pt0_75_j10_3.stl,-1,-1,TO
../resources/benchmarks/random0/b0_r5_c10_l10000_i1000_ps0_25_pt0_75_j10_4.stl,-1,-1,TO
../resources/benchmarks/random0/b0_r5_c10_l10000_i1000_ps0_25_pt0_75_j10_5.stl,0.01,33639.2,unsat
../resources/benchmarks/random0/b0_r5_c10_l10000_i1000_ps0_25_pt0_75_j5_1.stl,0.14200000000000002,151312,sat
../resources/benchmarks/random0/b0_r5_c10_l10000_i1000_ps0_25_pt0_75_j5_2.stl,0.31,272056,sat
../resources/benchmarks/random0/b0_r5_c10_l10000_i1000_ps0_25_pt0_75_j5_3.stl,9.562,189680.8,sat
../resources/benchmarks/random0/b0_r5_c10_l10000_i1000_ps0_25_pt0_75_j5_4.stl,45.544,345761.6,sat
../resources/benchmarks/random0/b0_r5_c10_l10000_i1000_ps0_25_pt0_75_j5_5.stl,0.0,7780,unsat
../resources/benchmarks/random0/b0_r5_c10_l10000_i1000_ps0_25_pt0_95_j10_1.stl,-1,-1,TO
../resources/benchmarks/random0/b0_r5_c10_l10000_i1000_ps0_25_pt0_95_j10_2.stl,-1,-1,TO
../resources/benchmarks/random0/b0_r5_c10_l10000_i1000_ps0_25_pt0_95_j10_3.stl,0.0,7796.8,unsat
../resources/benchmarks/random0/b0_r5_c10_l10000_i1000_ps0_25_pt0_95_j10_4.stl,-1,-1,TO
../resources/benchmarks/random0/b0_r5_c10_l10000_i1000_ps0_25_pt0_95_j10_5.stl,-1,-1,TO
../resources/benchmarks/random0/b0_r5_c10_l10000_i1000_ps0_25_pt0_95_j5_1.stl,-1,-1,TO
../resources/benchmarks/random0/b0_r5_c10_l10000_i1000_ps0_25_pt0_95_j5_2.stl,-1,-1,TO
../resources/benchmarks/random0/b0_r5_c10_l10000_i1000_ps0_25_pt0_95_j5_3.stl,0.376,341760,sat
../resources/benchmarks/random0/b0_r5_c10_l10000_i1000_ps0_25_pt0_95_j5_4.stl,0.636,329475.2,sat
../resources/benchmarks/random0/b0_r5_c10_l10000_i1000_ps0_25_pt0_95_j5_5.stl,-1,-1,TO
../resources/benchmarks/random0/b0_r5_c10_l10000_i1000_ps0_2_pt0_33_j10_1.stl,71.006,480960.8,sat
../resources/benchmarks/random0/b0_r5_c10_l10000_i1000_ps0_2_pt0_33_j10_2.stl,-1,-1,TO
../resources/benchmarks/random0/b0_r5_c10_l10000_i1000_ps0_2_pt0_33_j10_3.stl,0.08,74210.4,sat
../resources/benchmarks/random0/b0_r5_c10_l10000_i1000_ps0_2_pt0_33_j10_4.stl,0.01,33012,unsat
../resources/benchmarks/random0/b0_r5_c10_l10000_i1000_ps0_2_pt0_33_j10_5.stl,0.01,33327.2,unsat
../resources/benchmarks/random0/b0_r5_c10_l10000_i1000_ps0_2_pt0_33_j5_1.stl,0.0,7812.8,unsat
../resources/benchmarks/random0/b0_r5_c10_l10000_i1000_ps0_2_pt0_33_j5_2.stl,0.416,379848.8,sat
../resources/benchmarks/random0/b0_r5_c10_l10000_i1000_ps0_2_pt0_33_j5_3.stl,0.326,283426.4,sat
../resources/benchmarks/random0/b0_r5_c10_l10000_i1000_ps0_2_pt0_33_j5_4.stl,0.01,33345.6,unsat
../resources/benchmarks/random0/b0_r5_c10_l10000_i1000_ps0_2_pt0_33_j5_5.stl,40.022,8428196,sat
../resources/benchmarks/random0/b0_r5_c10_l10000_i1000_ps0_2_pt0_5_j10_1.stl,1.318,534986.4,sat
../resources/benchmarks/random0/b0_r5_c10_l10000_i1000_ps0_2_pt0_5_j10_2.stl,0.02,34587.2,sat
../resources/benchmarks/random0/b0_r5_c10_l10000_i1000_ps0_2_pt0_5_j10_3.stl,106.34400000000001,438831.2,sat
../resources/benchmarks/random0/b0_r5_c10_l10000_i1000_ps0_2_pt0_5_j10_4.stl,-1,-1,TO
../resources/benchmarks/random0/b0_r5_c10_l10000_i1000_ps0_2_pt0_5_j10_5.stl,-1,-1,TO
../resources/benchmarks/random0/b0_r5_c10_l10000_i1000_ps0_2_pt0_5_j5_1.stl,13.398,241030.4,sat
../resources/benchmarks/random0/b0_r5_c10_l10000_i1000_ps0_2_pt0_5_j5_2.stl,0.1,101863.2,sat
../resources/benchmarks/random0/b0_r5_c10_l10000_i1000_ps0_2_pt0_5_j5_3.stl,0.53,439148.8,sat
../resources/benchmarks/random0/b0_r5_c10_l10000_i1000_ps0_2_pt0_5_j5_4.stl,0.55,412119.2,sat
../resources/benchmarks/random0/b0_r5_c10_l10000_i1000_ps0_2_pt0_5_j5_5.stl,58.662,458813.6,sat
../resources/benchmarks/random0/b0_r5_c10_l10000_i1000_ps0_2_pt0_75_j10_1.stl,-1,-1,TO
../resources/benchmarks/random0/b0_r5_c10_l10000_i1000_ps0_2_pt0_75_j10_2.stl,0.01,32427.2,unsat
../resources/benchmarks/random0/b0_r5_c10_l10000_i1000_ps0_2_pt0_75_j10_3.stl,-1,-1,TO
../resources/benchmarks/random0/b0_r5_c10_l10000_i1000_ps0_2_pt0_75_j10_4.stl,-1,-1,TO
../resources/benchmarks/random0/b0_r5_c10_l10000_i1000_ps0_2_pt0_75_j10_5.stl,0.0,7832,unsat
../resources/benchmarks/random0/b0_r5_c10_l10000_i1000_ps0_2_pt0_75_j5_1.stl,-1,-1,TO
../resources/benchmarks/random0/b0_r5_c10_l10000_i1000_ps0_2_pt0_75_j5_2.stl,-1,-1,TO
../resources/benchmarks/random0/b0_r5_c10_l10000_i1000_ps0_2_pt0_75_j5_3.stl,81.76,655433.6,sat
../resources/benchmarks/random0/b0_r5_c10_l10000_i1000_ps0_2_pt0_75_j5_4.stl,-1,-1,TO
../resources/benchmarks/random0/b0_r5_c10_l10000_i1000_ps0_2_pt0_75_j5_5.stl,50.391999999999996,452046.4,sat
../resources/benchmarks/random0/b0_r5_c10_l10000_i1000_ps0_2_pt0_95_j10_1.stl,25.076,91659.2,sat
../resources/benchmarks/random0/b0_r5_c10_l10000_i1000_ps0_2_pt0_95_j10_2.stl,0.0,7783.2,unsat
../resources/benchmarks/random0/b0_r5_c10_l10000_i1000_ps0_2_pt0_95_j10_3.stl,0.178,7824.8,unsat
../resources/benchmarks/random0/b0_r5_c10_l10000_i1000_ps0_2_pt0_95_j10_4.stl,-1,-1,TO
../resources/benchmarks/random0/b0_r5_c10_l10000_i1000_ps0_2_pt0_95_j10_5.stl,18.214,119299.2,sat
../resources/benchmarks/random0/b0_r5_c10_l10000_i1000_ps0_2_pt0_95_j5_1.stl,4.568,126736,sat
../resources/benchmarks/random0/b0_r5_c10_l10000_i1000_ps0_2_pt0_95_j5_2.stl,-1,-1,TO
../resources/benchmarks/random0/b0_r5_c10_l10000_i1000_ps0_2_pt0_95_j5_3.stl,73.122,520862.4,sat
../resources/benchmarks/random0/b0_r5_c10_l10000_i1000_ps0_2_pt0_95_j5_4.stl,-1,-1,TO
../resources/benchmarks/random0/b0_r5_c10_l10000_i1000_ps0_2_pt0_95_j5_5.stl,-1,-1,TO
../resources/benchmarks/random0/b0_r5_c10_l10000_i50_ps0_05_pt0_33_j10_1.stl,-1,-1,TO
../resources/benchmarks/random0/b0_r5_c10_l10000_i50_ps0_05_pt0_33_j10_2.stl,-1,-1,TO
../resources/benchmarks/random0/b0_r5_c10_l10000_i50_ps0_05_pt0_33_j10_3.stl,-1,-1,TO
../resources/benchmarks/random0/b0_r5_c10_l10000_i50_ps0_05_pt0_33_j10_4.stl,-1,-1,TO
../resources/benchmarks/random0/b0_r5_c10_l10000_i50_ps0_05_pt0_33_j10_5.stl,-1,-1,TO
../resources/benchmarks/random0/b0_r5_c10_l10000_i50_ps0_05_pt0_33_j5_1.stl,-1,-1,TO
../resources/benchmarks/random0/b0_r5_c10_l10000_i50_ps0_05_pt0_33_j5_2.stl,-1,-1,TO
../resources/benchmarks/random0/b0_r5_c10_l10000_i50_ps0_05_pt0_33_j5_3.stl,-1,-1,TO
../resources/benchmarks/random0/b0_r5_c10_l10000_i50_ps0_05_pt0_33_j5_4.stl,-1,-1,TO
../resources/benchmarks/random0/b0_r5_c10_l10000_i50_ps0_05_pt0_33_j5_5.stl,-1,-1,TO
../resources/benchmarks/random0/b0_r5_c10_l10000_i50_ps0_05_pt0_5_j10_1.stl,-1,-1,TO
../resources/benchmarks/random0/b0_r5_c10_l10000_i50_ps0_05_pt0_5_j10_2.stl,-1,-1,TO
../resources/benchmarks/random0/b0_r5_c10_l10000_i50_ps0_05_pt0_5_j10_3.stl,-1,-1,TO
../resources/benchmarks/random0/b0_r5_c10_l10000_i50_ps0_05_pt0_5_j10_4.stl,-1,-1,TO
../resources/benchmarks/random0/b0_r5_c10_l10000_i50_ps0_05_pt0_5_j10_5.stl,-1,-1,TO
../resources/benchmarks/random0/b0_r5_c10_l10000_i50_ps0_05_pt0_5_j5_1.stl,-1,-1,TO
../resources/benchmarks/random0/b0_r5_c10_l10000_i50_ps0_05_pt0_5_j5_2.stl,2.834,105236.8,unsat
../resources/benchmarks/random0/b0_r5_c10_l10000_i50_ps0_05_pt0_5_j5_3.stl,-1,-1,TO
../resources/benchmarks/random0/b0_r5_c10_l10000_i50_ps0_05_pt0_5_j5_4.stl,-1,-1,TO
../resources/benchmarks/random0/b0_r5_c10_l10000_i50_ps0_05_pt0_5_j5_5.stl,-1,-1,TO
../resources/benchmarks/random0/b0_r5_c10_l10000_i50_ps0_05_pt0_75_j10_1.stl,-1,-1,TO
../resources/benchmarks/random0/b0_r5_c10_l10000_i50_ps0_05_pt0_75_j10_2.stl,-1,-1,TO
../resources/benchmarks/random0/b0_r5_c10_l10000_i50_ps0_05_pt0_75_j10_3.stl,-1,-1,TO
../resources/benchmarks/random0/b0_r5_c10_l10000_i50_ps0_05_pt0_75_j10_4.stl,-1,-1,TO
../resources/benchmarks/random0/b0_r5_c10_l10000_i50_ps0_05_pt0_75_j10_5.stl,-1,-1,TO
../resources/benchmarks/random0/b0_r5_c10_l10000_i50_ps0_05_pt0_75_j5_1.stl,-1,-1,TO
../resources/benchmarks/random0/b0_r5_c10_l10000_i50_ps0_05_pt0_75_j5_2.stl,0.316,32364.8,unsat
../resources/benchmarks/random0/b0_r5_c10_l10000_i50_ps0_05_pt0_75_j5_3.stl,41.932,659410.4,sat
../resources/benchmarks/random0/b0_r5_c10_l10000_i50_ps0_05_pt0_75_j5_4.stl,-1,-1,OOM
../resources/benchmarks/random0/b0_r5_c10_l10000_i50_ps0_05_pt0_75_j5_5.stl,-1,-1,TO
../resources/benchmarks/random0/b0_r5_c10_l10000_i50_ps0_05_pt0_95_j10_1.stl,-1,-1,TO
../resources/benchmarks/random0/b0_r5_c10_l10000_i50_ps0_05_pt0_95_j10_2.stl,-1,-1,TO
../resources/benchmarks/random0/b0_r5_c10_l10000_i50_ps0_05_pt0_95_j10_3.stl,-1,-1,TO
../resources/benchmarks/random0/b0_r5_c10_l10000_i50_ps0_05_pt0_95_j10_4.stl,-1,-1,TO
../resources/benchmarks/random0/b0_r5_c10_l10000_i50_ps0_05_pt0_95_j10_5.stl,-1,-1,TO
../resources/benchmarks/random0/b0_r5_c10_l10000_i50_ps0_05_pt0_95_j5_1.stl,-1,-1,TO
../resources/benchmarks/random0/b0_r5_c10_l10000_i50_ps0_05_pt0_95_j5_2.stl,0.21,21300,unsat
../resources/benchmarks/random0/b0_r5_c10_l10000_i50_ps0_05_pt0_95_j5_3.stl,-1,-1,TO
../resources/benchmarks/random0/b0_r5_c10_l10000_i50_ps0_05_pt0_95_j5_4.stl,-1,-1,TO
../resources/benchmarks/random0/b0_r5_c10_l10000_i50_ps0_05_pt0_95_j5_5.stl,-1,-1,TO
../resources/benchmarks/random0/b0_r5_c10_l10000_i50_ps0_15_pt0_33_j10_1.stl,-1,-1,TO
../resources/benchmarks/random0/b0_r5_c10_l10000_i50_ps0_15_pt0_33_j10_2.stl,0.0,7817.6,unsat
../resources/benchmarks/random0/b0_r5_c10_l10000_i50_ps0_15_pt0_33_j10_3.stl,0.01,32415.2,unsat
../resources/benchmarks/random0/b0_r5_c10_l10000_i50_ps0_15_pt0_33_j10_4.stl,0.31,71146.4,sat
../resources/benchmarks/random0/b0_r5_c10_l10000_i50_ps0_15_pt0_33_j10_5.stl,0.934,56093.6,sat
../resources/benchmarks/random0/b0_r5_c10_l10000_i50_ps0_15_pt0_33_j5_1.stl,-1,-1,TO
../resources/benchmarks/random0/b0_r5_c10_l10000_i50_ps0_15_pt0_33_j5_2.stl,0.176,49942.4,sat
../resources/benchmarks/random0/b0_r5_c10_l10000_i50_ps0_15_pt0_33_j5_3.stl,0.02,42263.2,sat
../resources/benchmarks/random0/b0_r5_c10_l10000_i50_ps0_15_pt0_33_j5_4.stl,0.052000000000000005,56100.8,sat
../resources/benchmarks/random0/b0_r5_c10_l10000_i50_ps0_15_pt0_33_j5_5.stl,0.03,46565.6,sat
../resources/benchmarks/random0/b0_r5_c10_l10000_i50_ps0_15_pt0_5_j10_1.stl,-1,-1,TO
../resources/benchmarks/random0/b0_r5_c10_l10000_i50_ps0_15_pt0_5_j10_2.stl,-1,-1,TO
../resources/benchmarks/random0/b0_r5_c10_l10000_i50_ps0_15_pt0_5_j10_3.stl,0.14400000000000002,54540.8,sat
../resources/benchmarks/random0/b0_r5_c10_l10000_i50_ps0_15_pt0_5_j10_4.stl,-1,-1,TO
../resources/benchmarks/random0/b0_r5_c10_l10000_i50_ps0_15_pt0_5_j10_5.stl,0.496,77590.4,sat
../resources/benchmarks/random0/b0_r5_c10_l10000_i50_ps0_15_pt0_5_j5_1.stl,0.36,69300,sat
../resources/benchmarks/random0/b0_r5_c10_l10000_i50_ps0_15_pt0_5_j5_2.stl,-1,-1,TO
../resources/benchmarks/random0/b0_r5_c10_l10000_i50_ps0_15_pt0_5_j5_3.stl,0.16,50534.4,sat
../resources/benchmarks/random0/b0_r5_c10_l10000_i50_ps0_15_pt0_5_j5_4.stl,0.17,40732.8,unsat
../resources/benchmarks/random0/b0_r5_c10_l10000_i50_ps0_15_pt0_5_j5_5.stl,0.0,7790.4,unsat
../resources/benchmarks/random0/b0_r5_c10_l10000_i50_ps0_15_pt0_75_j10_1.stl,-1,-1,TO
../resources/benchmarks/random0/b0_r5_c10_l10000_i50_ps0_15_pt0_75_j10_2.stl,0.694,61023.2,sat
../resources/benchmarks/random0/b0_r5_c10_l10000_i50_ps0_15_pt0_75_j10_3.stl,0.0,7791.2,unsat
../resources/benchmarks/random0/b0_r5_c10_l10000_i50_ps0_15_pt0_75_j10_4.stl,-1,-1,TO
../resources/benchmarks/random0/b0_r5_c10_l10000_i50_ps0_15_pt0_75_j10_5.stl,0.43,71141.6,sat
../resources/benchmarks/random0/b0_r5_c10_l10000_i50_ps0_15_pt0_75_j5_1.stl,0.108,49924,sat
../resources/benchmarks/random0/b0_r5_c10_l10000_i50_ps0_15_pt0_75_j5_2.stl,-1,-1,TO
../resources/benchmarks/random0/b0_r5_c10_l10000_i50_ps0_15_pt0_75_j5_3.stl,-1,-1,TO
../resources/benchmarks/random0/b0_r5_c10_l10000_i50_ps0_15_pt0_75_j5_4.stl,0.0,7792,unsat
../resources/benchmarks/random0/b0_r5_c10_l10000_i50_ps0_15_pt0_75_j5_5.stl,0.02,45332,sat
../resources/benchmarks/random0/b0_r5_c10_l10000_i50_ps0_15_pt0_95_j10_1.stl,-1,-1,TO
../resources/benchmarks/random0/b0_r5_c10_l10000_i50_ps0_15_pt0_95_j10_2.stl,-1,-1,TO
../resources/benchmarks/random0/b0_r5_c10_l10000_i50_ps0_15_pt0_95_j10_3.stl,-1,-1,TO
../resources/benchmarks/random0/b0_r5_c10_l10000_i50_ps0_15_pt0_95_j10_4.stl,-1,-1,TO
../resources/benchmarks/random0/b0_r5_c10_l10000_i50_ps0_15_pt0_95_j10_5.stl,0.0,7792.8,unsat
../resources/benchmarks/random0/b0_r5_c10_l10000_i50_ps0_15_pt0_95_j5_1.stl,0.02,45312.8,sat
../resources/benchmarks/random0/b0_r5_c10_l10000_i50_ps0_15_pt0_95_j5_2.stl,16.686,137166.4,sat
../resources/benchmarks/random0/b0_r5_c10_l10000_i50_ps0_15_pt0_95_j5_3.stl,0.11,49640.8,sat
../resources/benchmarks/random0/b0_r5_c10_l10000_i50_ps0_15_pt0_95_j5_4.stl,-1,-1,TO
../resources/benchmarks/random0/b0_r5_c10_l10000_i50_ps0_15_pt0_95_j5_5.stl,-1,-1,TO
../resources/benchmarks/random0/b0_r5_c10_l10000_i50_ps0_1_pt0_33_j10_1.stl,0.02,32420,unsat
../resources/benchmarks/random0/b0_r5_c10_l10000_i50_ps0_1_pt0_33_j10_2.stl,0.0,7799.2,unsat
../resources/benchmarks/random0/b0_r5_c10_l10000_i50_ps0_1_pt0_33_j10_3.stl,-1,-1,TO
../resources/benchmarks/random0/b0_r5_c10_l10000_i50_ps0_1_pt0_33_j10_4.stl,-1,-1,TO
../resources/benchmarks/random0/b0_r5_c10_l10000_i50_ps0_1_pt0_33_j10_5.stl,-1,-1,TO
../resources/benchmarks/random0/b0_r5_c10_l10000_i50_ps0_1_pt0_33_j5_1.stl,0.07,47178.4,sat
../resources/benchmarks/random0/b0_r5_c10_l10000_i50_ps0_1_pt0_33_j5_2.stl,0.06,33336,unsat
../resources/benchmarks/random0/b0_r5_c10_l10000_i50_ps0_1_pt0_33_j5_3.stl,0.0,7791.2,unsat
../resources/benchmarks/random0/b0_r5_c10_l10000_i50_ps0_1_pt0_33_j5_4.stl,-1,-1,TO
../resources/benchmarks/random0/b0_r5_c10_l10000_i50_ps0_1_pt0_33_j5_5.stl,-1,-1,TO
../resources/benchmarks/random0/b0_r5_c10_l10000_i50_ps0_1_pt0_5_j10_1.stl,-1,-1,TO
../resources/benchmarks/random0/b0_r5_c10_l10000_i50_ps0_1_pt0_5_j10_2.stl,0.356,64075.2,sat
../resources/benchmarks/random0/b0_r5_c10_l10000_i50_ps0_1_pt0_5_j10_3.stl,-1,-1,TO
../resources/benchmarks/random0/b0_r5_c10_l10000_i50_ps0_1_pt0_5_j10_4.stl,-1,-1,TO
../resources/benchmarks/random0/b0_r5_c10_l10000_i50_ps0_1_pt0_5_j10_5.stl,0.488,76339.2,sat
../resources/benchmarks/random0/b0_r5_c10_l10000_i50_ps0_1_pt0_5_j5_1.stl,0.1,62531.2,sat
../resources/benchmarks/random0/b0_r5_c10_l10000_i50_ps0_1_pt0_5_j5_2.stl,0.12,48707.2,sat
../resources/benchmarks/random0/b0_r5_c10_l10000_i50_ps0_1_pt0_5_j5_3.stl,-1,-1,TO
../resources/benchmarks/random0/b0_r5_c10_l10000_i50_ps0_1_pt0_5_j5_4.stl,-1,-1,TO
../resources/benchmarks/random0/b0_r5_c10_l10000_i50_ps0_1_pt0_5_j5_5.stl,0.276,61630.4,sat
../resources/benchmarks/random0/b0_r5_c10_l10000_i50_ps0_1_pt0_75_j10_1.stl,-1,-1,TO
../resources/benchmarks/random0/b0_r5_c10_l10000_i50_ps0_1_pt0_75_j10_2.stl,-1,-1,TO
../resources/benchmarks/random0/b0_r5_c10_l10000_i50_ps0_1_pt0_75_j10_3.stl,-1,-1,TO
../resources/benchmarks/random0/b0_r5_c10_l10000_i50_ps0_1_pt0_75_j10_4.stl,-1,-1,TO
../resources/benchmarks/random0/b0_r5_c10_l10000_i50_ps0_1_pt0_75_j10_5.stl,0.024,33045.6,unsat
../resources/benchmarks/random0/b0_r5_c10_l10000_i50_ps0_1_pt0_75_j5_1.stl,0.05,59155.2,sat
../resources/benchmarks/random0/b0_r5_c10_l10000_i50_ps0_1_pt0_75_j5_2.stl,-1,-1,TO
../resources/benchmarks/random0/b0_r5_c10_l10000_i50_ps0_1_pt0_75_j5_3.stl,-1,-1,TO
../resources/benchmarks/random0/b0_r5_c10_l10000_i50_ps0_1_pt0_75_j5_4.stl,0.448,99392.8,sat
../resources/benchmarks/random0/b0_r5_c10_l10000_i50_ps0_1_pt0_75_j5_5.stl,0.19,65572,sat
../resources/benchmarks/random0/b0_r5_c10_l10000_i50_ps0_1_pt0_95_j10_1.stl,-1,-1,TO
../resources/benchmarks/random0/b0_r5_c10_l10000_i50_ps0_1_pt0_95_j10_2.stl,0.0,7804,unsat
../resources/benchmarks/random0/b0_r5_c10_l10000_i50_ps0_1_pt0_95_j10_3.stl,-1,-1,TO
../resources/benchmarks/random0/b0_r5_c10_l10000_i50_ps0_1_pt0_95_j10_4.stl,-1,-1,TO
../resources/benchmarks/random0/b0_r5_c10_l10000_i50_ps0_1_pt0_95_j10_5.stl,-1,-1,TO
../resources/benchmarks/random0/b0_r5_c10_l10000_i50_ps0_1_pt0_95_j5_1.stl,0.10200000000000001,77562.4,sat
../resources/benchmarks/random0/b0_r5_c10_l10000_i50_ps0_1_pt0_95_j5_2.stl,-1,-1,TO
../resources/benchmarks/random0/b0_r5_c10_l10000_i50_ps0_1_pt0_95_j5_3.stl,-1,-1,TO
../resources/benchmarks/random0/b0_r5_c10_l10000_i50_ps0_1_pt0_95_j5_4.stl,-1,-1,TO
../resources/benchmarks/random0/b0_r5_c10_l10000_i50_ps0_1_pt0_95_j5_5.stl,-1,-1,TO
../resources/benchmarks/random0/b0_r5_c10_l10000_i50_ps0_25_pt0_33_j10_1.stl,0.05,40734.4,sat
../resources/benchmarks/random0/b0_r5_c10_l10000_i50_ps0_25_pt0_33_j10_2.stl,0.0,7782.4,unsat
../resources/benchmarks/random0/b0_r5_c10_l10000_i50_ps0_25_pt0_33_j10_3.stl,0.0,7809.6,unsat
../resources/benchmarks/random0/b0_r5_c10_l10000_i50_ps0_25_pt0_33_j10_4.stl,0.0,7787.2,unsat
../resources/benchmarks/random0/b0_r5_c10_l10000_i50_ps0_25_pt0_33_j10_5.stl,0.0,7786.4,unsat
../resources/benchmarks/random0/b0_r5_c10_l10000_i50_ps0_25_pt0_33_j5_1.stl,0.03,48697.6,sat
../resources/benchmarks/random0/b0_r5_c10_l10000_i50_ps0_25_pt0_33_j5_2.stl,0.01,33336,sat
../resources/benchmarks/random0/b0_r5_c10_l10000_i50_ps0_25_pt0_33_j5_3.stl,0.01,33326.4,sat
../resources/benchmarks/random0/b0_r5_c10_l10000_i50_ps0_25_pt0_33_j5_4.stl,0.04,53017.6,sat
../resources/benchmarks/random0/b0_r5_c10_l10000_i50_ps0_25_pt0_33_j5_5.stl,0.03,48714.4,sat
../resources/benchmarks/random0/b0_r5_c10_l10000_i50_ps0_25_pt0_5_j10_1.stl,-1,-1,TO
../resources/benchmarks/random0/b0_r5_c10_l10000_i50_ps0_25_pt0_5_j10_2.stl,-1,-1,TO
../resources/benchmarks/random0/b0_r5_c10_l10000_i50_ps0_25_pt0_5_j10_3.stl,0.01,33635.2,unsat
../resources/benchmarks/random0/b0_r5_c10_l10000_i50_ps0_25_pt0_5_j10_4.stl,0.01,33348.8,unsat
../resources/benchmarks/random0/b0_r5_c10_l10000_i50_ps0_25_pt0_5_j10_5.stl,-1,-1,TO
../resources/benchmarks/random0/b0_r5_c10_l10000_i50_ps0_25_pt0_5_j5_1.stl,0.01,34572,sat
../resources/benchmarks/random0/b0_r5_c10_l10000_i50_ps0_25_pt0_5_j5_2.stl,0.01,31178.4,unsat
../resources/benchmarks/random0/b0_r5_c10_l10000_i50_ps0_25_pt0_5_j5_3.stl,-1,-1,TO
../resources/benchmarks/random0/b0_r5_c10_l10000_i50_ps0_25_pt0_5_j5_4.stl,0.02,36118.4,sat
../resources/benchmarks/random0/b0_r5_c10_l10000_i50_ps0_25_pt0_5_j5_5.stl,0.03,51476,sat
../resources/benchmarks/random0/b0_r5_c10_l10000_i50_ps0_25_pt0_75_j10_1.stl,0.25,55151.2,sat
../resources/benchmarks/random0/b0_r5_c10_l10000_i50_ps0_25_pt0_75_j10_2.stl,0.0,7769.6,unsat
../resources/benchmarks/random0/b0_r5_c10_l10000_i50_ps0_25_pt0_75_j10_3.stl,0.01,32441.6,unsat
../resources/benchmarks/random0/b0_r5_c10_l10000_i50_ps0_25_pt0_75_j10_4.stl,-1,-1,TO
../resources/benchmarks/random0/b0_r5_c10_l10000_i50_ps0_25_pt0_75_j10_5.stl,0.032,49945.6,sat
../resources/benchmarks/random0/b0_r5_c10_l10000_i50_ps0_25_pt0_75_j5_1.stl,0.01,32764,sat
../resources/benchmarks/random0/b0_r5_c10_l10000_i50_ps0_25_pt0_75_j5_2.stl,0.234,53901.6,sat
../resources/benchmarks/random0/b0_r5_c10_l10000_i50_ps0_25_pt0_75_j5_3.stl,0.02,42291.2,unsat
../resources/benchmarks/random0/b0_r5_c10_l10000_i50_ps0_25_pt0_75_j5_4.stl,-1,-1,TO
../resources/benchmarks/random0/b0_r5_c10_l10000_i50_ps0_25_pt0_75_j5_5.stl,0.184,56700,sat
../resources/benchmarks/random0/b0_r5_c10_l10000_i50_ps0_25_pt0_95_j10_1.stl,0.164,54234.4,sat
../resources/benchmarks/random0/b0_r5_c10_l10000_i50_ps0_25_pt0_95_j10_2.stl,-1,-1,TO
../resources/benchmarks/random0/b0_r5_c10_l10000_i50_ps0_25_pt0_95_j10_3.stl,-1,-1,TO
../resources/benchmarks/random0/b0_r5_c10_l10000_i50_ps0_25_pt0_95_j10_4.stl,-1,-1,TO
../resources/benchmarks/random0/b0_r5_c10_l10000_i50_ps0_25_pt0_95_j10_5.stl,0.0,7774.4,unsat
../resources/benchmarks/random0/b0_r5_c10_l10000_i50_ps0_25_pt0_95_j5_1.stl,0.0,7797.6,unsat
../resources/benchmarks/random0/b0_r5_c10_l10000_i50_ps0_25_pt0_95_j5_2.stl,0.14,55756,sat
../resources/benchmarks/random0/b0_r5_c10_l10000_i50_ps0_25_pt0_95_j5_3.stl,0.0,7789.6,unsat
../resources/benchmarks/random0/b0_r5_c10_l10000_i50_ps0_25_pt0_95_j5_4.stl,0.442,68353.6,sat
../resources/benchmarks/random0/b0_r5_c10_l10000_i50_ps0_25_pt0_95_j5_5.stl,-1,-1,TO
../resources/benchmarks/random0/b0_r5_c10_l10000_i50_ps0_2_pt0_33_j10_1.stl,0.08,49317.6,sat
../resources/benchmarks/random0/b0_r5_c10_l10000_i50_ps0_2_pt0_33_j10_2.stl,0.034,33333.6,sat
../resources/benchmarks/random0/b0_r5_c10_l10000_i50_ps0_2_pt0_33_j10_3.stl,0.176,56694.4,sat
../resources/benchmarks/random0/b0_r5_c10_l10000_i50_ps0_2_pt0_33_j10_4.stl,0.02,42244.8,sat
../resources/benchmarks/random0/b0_r5_c10_l10000_i50_ps0_2_pt0_33_j10_5.stl,0.12,45937.6,sat
../resources/benchmarks/random0/b0_r5_c10_l10000_i50_ps0_2_pt0_33_j5_1.stl,0.04,33652.8,sat
../resources/benchmarks/random0/b0_r5_c10_l10000_i50_ps0_2_pt0_33_j5_2.stl,0.01,36137.6,sat
../resources/benchmarks/random0/b0_r5_c10_l10000_i50_ps0_2_pt0_33_j5_3.stl,-1,-1,TO
../resources/benchmarks/random0/b0_r5_c10_l10000_i50_ps0_2_pt0_33_j5_4.stl,0.01,33344,sat
../resources/benchmarks/random0/b0_r5_c10_l10000_i50_ps0_2_pt0_33_j5_5.stl,0.148,52704.8,sat
../resources/benchmarks/random0/b0_r5_c10_l10000_i50_ps0_2_pt0_5_j10_1.stl,0.148,34877.6,unsat
../resources/benchmarks/random0/b0_r5_c10_l10000_i50_ps0_2_pt0_5_j10_2.stl,0.0,7782.4,unsat
../resources/benchmarks/random0/b0_r5_c10_l10000_i50_ps0_2_pt0_5_j10_3.stl,-1,-1,TO
../resources/benchmarks/random0/b0_r5_c10_l10000_i50_ps0_2_pt0_5_j10_4.stl,0.294,54540.8,sat
../resources/benchmarks/random0/b0_r5_c10_l10000_i50_ps0_2_pt0_5_j10_5.stl,0.13,33036,unsat
../resources/benchmarks/random0/b0_r5_c10_l10000_i50_ps0_2_pt0_5_j5_1.stl,0.032,45332,sat
../resources/benchmarks/random0/b0_r5_c10_l10000_i50_ps0_2_pt0_5_j5_2.stl,0.198,54548.8,sat
../resources/benchmarks/random0/b0_r5_c10_l10000_i50_ps0_2_pt0_5_j5_3.stl,0.01,32712.8,sat
../resources/benchmarks/random0/b0_r5_c10_l10000_i50_ps0_2_pt0_5_j5_4.stl,0.21,60986.4,sat
../resources/benchmarks/random0/b0_r5_c10_l10000_i50_ps0_2_pt0_5_j5_5.stl,0.03,49628.8,sat
../resources/benchmarks/random0/b0_r5_c10_l10000_i50_ps0_2_pt0_75_j10_1.stl,-1,-1,TO
../resources/benchmarks/random0/b0_r5_c10_l10000_i50_ps0_2_pt0_75_j10_2.stl,-1,-1,TO
../resources/benchmarks/random0/b0_r5_c10_l10000_i50_ps0_2_pt0_75_j10_3.stl,-1,-1,TO
../resources/benchmarks/random0/b0_r5_c10_l10000_i50_ps0_2_pt0_75_j10_4.stl,0.1,46289.6,sat
../resources/benchmarks/random0/b0_r5_c10_l10000_i50_ps0_2_pt0_75_j10_5.stl,-1,-1,TO
../resources/benchmarks/random0/b0_r5_c10_l10000_i50_ps0_2_pt0_75_j5_1.stl,0.498,67151.2,sat
../resources/benchmarks/random0/b0_r5_c10_l10000_i50_ps0_2_pt0_75_j5_2.stl,1.154,66833.6,sat
../resources/benchmarks/random0/b0_r5_c10_l10000_i50_ps0_2_pt0_75_j5_3.stl,-1,-1,TO
../resources/benchmarks/random0/b0_r5_c10_l10000_i50_ps0_2_pt0_75_j5_4.stl,-1,-1,TO
../resources/benchmarks/random0/b0_r5_c10_l10000_i50_ps0_2_pt0_75_j5_5.stl,0.06,40718.4,unsat
../resources/benchmarks/random0/b0_r5_c10_l10000_i50_ps0_2_pt0_95_j10_1.stl,0.536,70821.6,sat
../resources/benchmarks/random0/b0_r5_c10_l10000_i50_ps0_2_pt0_95_j10_2.stl,0.294,64046.4,sat
../resources/benchmarks/random0/b0_r5_c10_l10000_i50_ps0_2_pt0_95_j10_3.stl,0.044000000000000004,60374.4,sat
../resources/benchmarks/random0/b0_r5_c10_l10000_i50_ps0_2_pt0_95_j10_4.stl,0.14,54544.8,sat
../resources/benchmarks/random0/b0_r5_c10_l10000_i50_ps0_2_pt0_95_j10_5.stl,-1,-1,TO
../resources/benchmarks/random0/b0_r5_c10_l10000_i50_ps0_2_pt0_95_j5_1.stl,0.042,58838.4,sat
../resources/benchmarks/random0/b0_r5_c10_l10000_i50_ps0_2_pt0_95_j5_2.stl,0.202,56366.4,sat
../resources/benchmarks/random0/b0_r5_c10_l10000_i50_ps0_2_pt0_95_j5_3.stl,0.0,7803.2,unsat
../resources/benchmarks/random0/b0_r5_c10_l10000_i50_ps0_2_pt0_95_j5_4.stl,0.0,7790.4,sat
../resources/benchmarks/random0/b0_r5_c10_l10000_i50_ps0_2_pt0_95_j5_5.stl,0.11,51157.6,sat
../resources/benchmarks/random0/b0_r5_c10_l1000_i1000_ps0_05_pt0_33_j10_1.stl,18.866,3600508.8,sat
../resources/benchmarks/random0/b0_r5_c10_l1000_i1000_ps0_05_pt0_33_j10_2.stl,-1,-1,TO
../resources/benchmarks/random0/b0_r5_c10_l1000_i1000_ps0_05_pt0_33_j10_3.stl,-1,-1,TO
../resources/benchmarks/random0/b0_r5_c10_l1000_i1000_ps0_05_pt0_33_j10_4.stl,-1,-1,TO
../resources/benchmarks/random0/b0_r5_c10_l1000_i1000_ps0_05_pt0_33_j10_5.stl,-1,-1,TO
../resources/benchmarks/random0/b0_r5_c10_l1000_i1000_ps0_05_pt0_33_j5_1.stl,-1,-1,TO
../resources/benchmarks/random0/b0_r5_c10_l1000_i1000_ps0_05_pt0_33_j5_2.stl,-1,-1,TO
../resources/benchmarks/random0/b0_r5_c10_l1000_i1000_ps0_05_pt0_33_j5_3.stl,104.006,448064.8,sat
../resources/benchmarks/random0/b0_r5_c10_l1000_i1000_ps0_05_pt0_33_j5_4.stl,-1,-1,TO
../resources/benchmarks/random0/b0_r5_c10_l1000_i1000_ps0_05_pt0_33_j5_5.stl,97.81400000000001,4058288.8,sat
../resources/benchmarks/random0/b0_r5_c10_l1000_i1000_ps0_05_pt0_5_j10_1.stl,-1,-1,TO
../resources/benchmarks/random0/b0_r5_c10_l1000_i1000_ps0_05_pt0_5_j10_2.stl,-1,-1,TO
../resources/benchmarks/random0/b0_r5_c10_l1000_i1000_ps0_05_pt0_5_j10_3.stl,-1,-1,TO
../resources/benchmarks/random0/b0_r5_c10_l1000_i1000_ps0_05_pt0_5_j10_4.stl,-1,-1,TO
../resources/benchmarks/random0/b0_r5_c10_l1000_i1000_ps0_05_pt0_5_j10_5.stl,-1,-1,TO
../resources/benchmarks/random0/b0_r5_c10_l1000_i1000_ps0_05_pt0_5_j5_1.stl,-1,-1,TO
../resources/benchmarks/random0/b0_r5_c10_l1000_i1000_ps0_05_pt0_5_j5_2.stl,-1,-1,TO
../resources/benchmarks/random0/b0_r5_c10_l1000_i1000_ps0_05_pt0_5_j5_3.stl,-1,-1,TO
../resources/benchmarks/random0/b0_r5_c10_l1000_i1000_ps0_05_pt0_5_j5_4.stl,-1,-1,TO
../resources/benchmarks/random0/b0_r5_c10_l1000_i1000_ps0_05_pt0_5_j5_5.stl,-1,-1,TO
../resources/benchmarks/random0/b0_r5_c10_l1000_i1000_ps0_05_pt0_75_j10_1.stl,-1,-1,TO
../resources/benchmarks/random0/b0_r5_c10_l1000_i1000_ps0_05_pt0_75_j10_2.stl,-1,-1,TO
../resources/benchmarks/random0/b0_r5_c10_l1000_i1000_ps0_05_pt0_75_j10_3.stl,-1,-1,TO
../resources/benchmarks/random0/b0_r5_c10_l1000_i1000_ps0_05_pt0_75_j10_4.stl,-1,-1,TO
../resources/benchmarks/random0/b0_r5_c10_l1000_i1000_ps0_05_pt0_75_j10_5.stl,-1,-1,TO
../resources/benchmarks/random0/b0_r5_c10_l1000_i1000_ps0_05_pt0_75_j5_1.stl,-1,-1,TO
../resources/benchmarks/random0/b0_r5_c10_l1000_i1000_ps0_05_pt0_75_j5_2.stl,-1,-1,TO
../resources/benchmarks/random0/b0_r5_c10_l1000_i1000_ps0_05_pt0_75_j5_3.stl,-1,-1,TO
../resources/benchmarks/random0/b0_r5_c10_l1000_i1000_ps0_05_pt0_75_j5_4.stl,-1,-1,OOM
../resources/benchmarks/random0/b0_r5_c10_l1000_i1000_ps0_05_pt0_75_j5_5.stl,-1,-1,TO
../resources/benchmarks/random0/b0_r5_c10_l1000_i1000_ps0_05_pt0_95_j10_1.stl,-1,-1,TO
../resources/benchmarks/random0/b0_r5_c10_l1000_i1000_ps0_05_pt0_95_j10_2.stl,-1,-1,TO
../resources/benchmarks/random0/b0_r5_c10_l1000_i1000_ps0_05_pt0_95_j10_3.stl,-1,-1,TO
../resources/benchmarks/random0/b0_r5_c10_l1000_i1000_ps0_05_pt0_95_j10_4.stl,-1,-1,TO
../resources/benchmarks/random0/b0_r5_c10_l1000_i1000_ps0_05_pt0_95_j10_5.stl,-1,-1,TO
../resources/benchmarks/random0/b0_r5_c10_l1000_i1000_ps0_05_pt0_95_j5_1.stl,0.046,33981.6,unsat
../resources/benchmarks/random0/b0_r5_c10_l1000_i1000_ps0_05_pt0_95_j5_2.stl,-1,-1,TO
../resources/benchmarks/random0/b0_r5_c10_l1000_i1000_ps0_05_pt0_95_j5_3.stl,-1,-1,TO
../resources/benchmarks/random0/b0_r5_c10_l1000_i1000_ps0_05_pt0_95_j5_4.stl,-1,-1,TO
../resources/benchmarks/random0/b0_r5_c10_l1000_i1000_ps0_05_pt0_95_j5_5.stl,-1,-1,TO
../resources/benchmarks/random0/b0_r5_c10_l1000_i1000_ps0_15_pt0_33_j10_1.stl,0.0,7799.2,unsat
../resources/benchmarks/random0/b0_r5_c10_l1000_i1000_ps0_15_pt0_33_j10_2.stl,0.02,33043.2,unsat
../resources/benchmarks/random0/b0_r5_c10_l1000_i1000_ps0_15_pt0_33_j10_3.stl,0.01,33344.8,unsat
../resources/benchmarks/random0/b0_r5_c10_l1000_i1000_ps0_15_pt0_33_j10_4.stl,0.05,32731.2,unsat
../resources/benchmarks/random0/b0_r5_c10_l1000_i1000_ps0_15_pt0_33_j10_5.stl,0.01,32436,unsat
../resources/benchmarks/random0/b0_r5_c10_l1000_i1000_ps0_15_pt0_33_j5_1.stl,0.0,7816.8,unsat
../resources/benchmarks/random0/b0_r5_c10_l1000_i1000_ps0_15_pt0_33_j5_2.stl,20.98,274186.4,sat
../resources/benchmarks/random0/b0_r5_c10_l1000_i1000_ps0_15_pt0_33_j5_3.stl,0.03,33048,unsat
../resources/benchmarks/random0/b0_r5_c10_l1000_i1000_ps0_15_pt0_33_j5_4.stl,-1,-1,TO
../resources/benchmarks/random0/b0_r5_c10_l1000_i1000_ps0_15_pt0_33_j5_5.stl,80.496,693815.2,sat
../resources/benchmarks/random0/b0_r5_c10_l1000_i1000_ps0_15_pt0_5_j10_1.stl,0.45,434549.6,sat
../resources/benchmarks/random0/b0_r5_c10_l1000_i1000_ps0_15_pt0_5_j10_2.stl,-1,-1,TO
../resources/benchmarks/random0/b0_r5_c10_l1000_i1000_ps0_15_pt0_5_j10_3.stl,0.542,201364.8,sat
../resources/benchmarks/random0/b0_r5_c10_l1000_i1000_ps0_15_pt0_5_j10_4.stl,-1,-1,TO
../resources/benchmarks/random0/b0_r5_c10_l1000_i1000_ps0_15_pt0_5_j10_5.stl,0.0,7795.2,unsat
../resources/benchmarks/random0/b0_r5_c10_l1000_i1000_ps0_15_pt0_5_j5_1.stl,-1,-1,TO
../resources/benchmarks/random0/b0_r5_c10_l1000_i1000_ps0_15_pt0_5_j5_2.stl,0.0,7824.8,unsat
../resources/benchmarks/random0/b0_r5_c10_l1000_i1000_ps0_15_pt0_5_j5_3.stl,40.318,374972.8,sat
../resources/benchmarks/random0/b0_r5_c10_l1000_i1000_ps0_15_pt0_5_j5_4.stl,-1,-1,TO
../resources/benchmarks/random0/b0_r5_c10_l1000_i1000_ps0_15_pt0_5_j5_5.stl,0.164,149779.2,sat
../resources/benchmarks/random0/b0_r5_c10_l1000_i1000_ps0_15_pt0_75_j10_1.stl,-1,-1,TO
../resources/benchmarks/random0/b0_r5_c10_l1000_i1000_ps0_15_pt0_75_j10_2.stl,2.018,34576,unsat
../resources/benchmarks/random0/b0_r5_c10_l1000_i1000_ps0_15_pt0_75_j10_3.stl,98.05,540205.6,sat
../resources/benchmarks/random0/b0_r5_c10_l1000_i1000_ps0_15_pt0_75_j10_4.stl,-1,-1,TO
../resources/benchmarks/random0/b0_r5_c10_l1000_i1000_ps0_15_pt0_75_j10_5.stl,-1,-1,TO
../resources/benchmarks/random0/b0_r5_c10_l1000_i1000_ps0_15_pt0_75_j5_1.stl,-1,-1,TO
../resources/benchmarks/random0/b0_r5_c10_l1000_i1000_ps0_15_pt0_75_j5_2.stl,-1,-1,TO
../resources/benchmarks/random0/b0_r5_c10_l1000_i1000_ps0_15_pt0_75_j5_3.stl,23.13,276950.4,sat
../resources/benchmarks/random0/b0_r5_c10_l1000_i1000_ps0_15_pt0_75_j5_4.stl,-1,-1,TO
../resources/benchmarks/random0/b0_r5_c10_l1000_i1000_ps0_15_pt0_75_j5_5.stl,15.23,293238.4,sat
../resources/benchmarks/random0/b0_r5_c10_l1000_i1000_ps0_15_pt0_95_j10_1.stl,7.386,504579.2,sat
../resources/benchmarks/random0/b0_r5_c10_l1000_i1000_ps0_15_pt0_95_j10_2.stl,-1,-1,TO
../resources/benchmarks/random0/b0_r5_c10_l1000_i1000_ps0_15_pt0_95_j10_3.stl,-1,-1,TO
../resources/benchmarks/random0/b0_r5_c10_l1000_i1000_ps0_15_pt0_95_j10_4.stl,0.0,7768.8,unsat
../resources/benchmarks/random0/b0_r5_c10_l1000_i1000_ps0_15_pt0_95_j10_5.stl,0.01,32423.2,unsat
../resources/benchmarks/random0/b0_r5_c10_l1000_i1000_ps0_15_pt0_95_j5_1.stl,-1,-1,TO
../resources/benchmarks/random0/b0_r5_c10_l1000_i1000_ps0_15_pt0_95_j5_2.stl,1.864,159630.4,sat
../resources/benchmarks/random0/b0_r5_c10_l1000_i1000_ps0_15_pt0_95_j5_3.stl,-1,-1,TO
../resources/benchmarks/random0/b0_r5_c10_l1000_i1000_ps0_15_pt0_95_j5_4.stl,39.518,484319.2,sat
../resources/benchmarks/random0/b0_r5_c10_l1000_i1000_ps0_15_pt0_95_j5_5.stl,-1,-1,OOM
../resources/benchmarks/random0/b0_r5_c10_l1000_i1000_ps0_1_pt0_33_j10_1.stl,-1,-1,TO
../resources/benchmarks/random0/b0_r5_c10_l1000_i1000_ps0_1_pt0_33_j10_2.stl,-1,-1,TO
../resources/benchmarks/random0/b0_r5_c10_l1000_i1000_ps0_1_pt0_33_j10_3.stl,0.46799999999999997,34284.8,unsat
../resources/benchmarks/random0/b0_r5_c10_l1000_i1000_ps0_1_pt0_33_j10_4.stl,14.894,42237.6,unsat
../resources/benchmarks/random0/b0_r5_c10_l1000_i1000_ps0_1_pt0_33_j10_5.stl,-1,-1,TO
../resources/benchmarks/random0/b0_r5_c10_l1000_i1000_ps0_1_pt0_33_j5_1.stl,26.458000000000002,446215.2,sat
../resources/benchmarks/random0/b0_r5_c10_l1000_i1000_ps0_1_pt0_33_j5_2.stl,13.86,289544.8,sat
../resources/benchmarks/random0/b0_r5_c10_l1000_i1000_ps0_1_pt0_33_j5_3.stl,0.05,66516,sat
../resources/benchmarks/random0/b0_r5_c10_l1000_i1000_ps0_1_pt0_33_j5_4.stl,-1,-1,TO
../resources/benchmarks/random0/b0_r5_c10_l1000_i1000_ps0_1_pt0_33_j5_5.stl,56.35,455978.4,sat
../resources/benchmarks/random0/b0_r5_c10_l1000_i1000_ps0_1_pt0_5_j10_1.stl,0.0,7790.4,unsat
../resources/benchmarks/random0/b0_r5_c10_l1000_i1000_ps0_1_pt0_5_j10_2.stl,6.918,347608.8,sat
../resources/benchmarks/random0/b0_r5_c10_l1000_i1000_ps0_1_pt0_5_j10_3.stl,-1,-1,TO
../resources/benchmarks/random0/b0_r5_c10_l1000_i1000_ps0_1_pt0_5_j10_4.stl,-1,-1,TO
../resources/benchmarks/random0/b0_r5_c10_l1000_i1000_ps0_1_pt0_5_j10_5.stl,-1,-1,TO
../resources/benchmarks/random0/b0_r5_c10_l1000_i1000_ps0_1_pt0_5_j5_1.stl,1.438,322097.6,sat
../resources/benchmarks/random0/b0_r5_c10_l1000_i1000_ps0_1_pt0_5_j5_2.stl,-1,-1,TO
../resources/benchmarks/random0/b0_r5_c10_l1000_i1000_ps0_1_pt0_5_j5_3.stl,0.0,7770.4,unsat
../resources/benchmarks/random0/b0_r5_c10_l1000_i1000_ps0_1_pt0_5_j5_4.stl,-1,-1,TO
../resources/benchmarks/random0/b0_r5_c10_l1000_i1000_ps0_1_pt0_5_j5_5.stl,0.608,406579.2,sat
../resources/benchmarks/random0/b0_r5_c10_l1000_i1000_ps0_1_pt0_75_j10_1.stl,-1,-1,TO
../resources/benchmarks/random0/b0_r5_c10_l1000_i1000_ps0_1_pt0_75_j10_2.stl,-1,-1,TO
../resources/benchmarks/random0/b0_r5_c10_l1000_i1000_ps0_1_pt0_75_j10_3.stl,-1,-1,TO
../resources/benchmarks/random0/b0_r5_c10_l1000_i1000_ps0_1_pt0_75_j10_4.stl,-1,-1,TO
../resources/benchmarks/random0/b0_r5_c10_l1000_i1000_ps0_1_pt0_75_j10_5.stl,-1,-1,TO
../resources/benchmarks/random0/b0_r5_c10_l1000_i1000_ps0_1_pt0_75_j5_1.stl,-1,-1,TO
../resources/benchmarks/random0/b0_r5_c10_l1000_i1000_ps0_1_pt0_75_j5_2.stl,1.12,556785.6,sat
../resources/benchmarks/random0/b0_r5_c10_l1000_i1000_ps0_1_pt0_75_j5_3.stl,33.11,370341.6,sat
../resources/benchmarks/random0/b0_r5_c10_l1000_i1000_ps0_1_pt0_75_j5_4.stl,-1,-1,OOM
../resources/benchmarks/random0/b0_r5_c10_l1000_i1000_ps0_1_pt0_75_j5_5.stl,-1,-1,TO
../resources/benchmarks/random0/b0_r5_c10_l1000_i1000_ps0_1_pt0_95_j10_1.stl,-1,-1,TO
../resources/benchmarks/random0/b0_r5_c10_l1000_i1000_ps0_1_pt0_95_j10_2.stl,0.0,7776.8,unsat
../resources/benchmarks/random0/b0_r5_c10_l1000_i1000_ps0_1_pt0_95_j10_3.stl,-1,-1,TO
../resources/benchmarks/random0/b0_r5_c10_l1000_i1000_ps0_1_pt0_95_j10_4.stl,-1,-1,TO
../resources/benchmarks/random0/b0_r5_c10_l1000_i1000_ps0_1_pt0_95_j10_5.stl,0.01,9325.6,unsat
../resources/benchmarks/random0/b0_r5_c10_l1000_i1000_ps0_1_pt0_95_j5_1.stl,-1,-1,TO
../resources/benchmarks/random0/b0_r5_c10_l1000_i1000_ps0_1_pt0_95_j5_2.stl,3.058,834840,sat
../resources/benchmarks/random0/b0_r5_c10_l1000_i1000_ps0_1_pt0_95_j5_3.stl,-1,-1,TO
../resources/benchmarks/random0/b0_r5_c10_l1000_i1000_ps0_1_pt0_95_j5_4.stl,-1,-1,TO
../resources/benchmarks/random0/b0_r5_c10_l1000_i1000_ps0_1_pt0_95_j5_5.stl,0.0,7828.8,unsat
../resources/benchmarks/random0/b0_r5_c10_l1000_i1000_ps0_25_pt0_33_j10_1.stl,0.0,7785.6,unsat
../resources/benchmarks/random0/b0_r5_c10_l1000_i1000_ps0_25_pt0_33_j10_2.stl,0.0,7772.8,unsat
../resources/benchmarks/random0/b0_r5_c10_l1000_i1000_ps0_25_pt0_33_j10_3.stl,0.0,7776,unsat
../resources/benchmarks/random0/b0_r5_c10_l1000_i1000_ps0_25_pt0_33_j10_4.stl,0.0,7804,unsat
../resources/benchmarks/random0/b0_r5_c10_l1000_i1000_ps0_25_pt0_33_j10_5.stl,0.0,7799.2,unsat
../resources/benchmarks/random0/b0_r5_c10_l1000_i1000_ps0_25_pt0_33_j5_1.stl,0.252,264963.2,sat
../resources/benchmarks/random0/b0_r5_c10_l1000_i1000_ps0_25_pt0_33_j5_2.stl,0.432,377708,sat
../resources/benchmarks/random0/b0_r5_c10_l1000_i1000_ps0_25_pt0_33_j5_3.stl,0.0,7771.2,unsat
../resources/benchmarks/random0/b0_r5_c10_l1000_i1000_ps0_25_pt0_33_j5_4.stl,0.01,33040,sat
../resources/benchmarks/random0/b0_r5_c10_l1000_i1000_ps0_25_pt0_33_j5_5.stl,-1,-1,TO
../resources/benchmarks/random0/b0_r5_c10_l1000_i1000_ps0_25_pt0_5_j10_1.stl,0.01,32718.4,unsat
../resources/benchmarks/random0/b0_r5_c10_l1000_i1000_ps0_25_pt0_5_j10_2.stl,10.912,450537.6,sat
../resources/benchmarks/random0/b0_r5_c10_l1000_i1000_ps0_25_pt0_5_j10_3.stl,0.01,33340,unsat
../resources/benchmarks/random0/b0_r5_c10_l1000_i1000_ps0_25_pt0_5_j10_4.stl,-1,-1,TO
../resources/benchmarks/random0/b0_r5_c10_l1000_i1000_ps0_25_pt0_5_j10_5.stl,0.07400000000000001,33065.6,unsat
../resources/benchmarks/random0/b0_r5_c10_l1000_i1000_ps0_25_pt0_5_j5_1.stl,0.01,33352.8,unsat
../resources/benchmarks/random0/b0_r5_c10_l1000_i1000_ps0_25_pt0_5_j5_2.stl,47.339999999999996,414849.6,sat
../resources/benchmarks/random0/b0_r5_c10_l1000_i1000_ps0_25_pt0_5_j5_3.stl,1.272,326114.4,sat
../resources/benchmarks/random0/b0_r5_c10_l1000_i1000_ps0_25_pt0_5_j5_4.stl,0.02,39192,sat
../resources/benchmarks/random0/b0_r5_c10_l1000_i1000_ps0_25_pt0_5_j5_5.stl,0.01,30868,unsat
../resources/benchmarks/random0/b0_r5_c10_l1000_i1000_ps0_25_pt0_75_j10_1.stl,29.682,283720.8,sat
../resources/benchmarks/random0/b0_r5_c10_l1000_i1000_ps0_25_pt0_75_j10_2.stl,0.01,33040,unsat
../resources/benchmarks/random0/b0_r5_c10_l1000_i1000_ps0_25_pt0_75_j10_3.stl,0.0,7797.6,unsat
../resources/benchmarks/random0/b0_r5_c10_l1000_i1000_ps0_25_pt0_75_j10_4.stl,0.0,7781.6,unsat
../resources/benchmarks/random0/b0_r5_c10_l1000_i1000_ps0_25_pt0_75_j10_5.stl,0.03,33037.6,unsat
../resources/benchmarks/random0/b0_r5_c10_l1000_i1000_ps0_25_pt0_75_j5_1.stl,0.01,17012,sat
../resources/benchmarks/random0/b0_r5_c10_l1000_i1000_ps0_25_pt0_75_j5_2.stl,0.01,30873.6,unsat
../resources/benchmarks/random0/b0_r5_c10_l1000_i1000_ps0_25_pt0_75_j5_3.stl,0.05,9320,sat
../resources/benchmarks/random0/b0_r5_c10_l1000_i1000_ps0_25_pt0_75_j5_4.stl,0.01,31196,unsat
../resources/benchmarks/random0/b0_r5_c10_l1000_i1000_ps0_25_pt0_75_j5_5.stl,-1,-1,TO
../resources/benchmarks/random0/b0_r5_c10_l1000_i1000_ps0_25_pt0_95_j10_1.stl,0.0,7780,unsat
../resources/benchmarks/random0/b0_r5_c10_l1000_i1000_ps0_25_pt0_95_j10_2.stl,-1,-1,TO
../resources/benchmarks/random0/b0_r5_c10_l1000_i1000_ps0_25_pt0_95_j10_3.stl,-1,-1,TO
../resources/benchmarks/random0/b0_r5_c10_l1000_i1000_ps0_25_pt0_95_j10_4.stl,0.0,7779.2,unsat
../resources/benchmarks/random0/b0_r5_c10_l1000_i1000_ps0_25_pt0_95_j10_5.stl,0.0,7787.2,unsat
../resources/benchmarks/random0/b0_r5_c10_l1000_i1000_ps0_25_pt0_95_j5_1.stl,0.01,33045.6,sat
../resources/benchmarks/random0/b0_r5_c10_l1000_i1000_ps0_25_pt0_95_j5_2.stl,0.044000000000000004,65926.4,sat
../resources/benchmarks/random0/b0_r5_c10_l1000_i1000_ps0_25_pt0_95_j5_3.stl,0.376,290789.6,sat
../resources/benchmarks/random0/b0_r5_c10_l1000_i1000_ps0_25_pt0_95_j5_4.stl,0.02,39799.2,sat
../resources/benchmarks/random0/b0_r5_c10_l1000_i1000_ps0_25_pt0_95_j5_5.stl,19.086,303089.6,sat
../resources/benchmarks/random0/b0_r5_c10_l1000_i1000_ps0_2_pt0_33_j10_1.stl,0.0,7780.8,unsat
../resources/benchmarks/random0/b0_r5_c10_l1000_i1000_ps0_2_pt0_33_j10_2.stl,0.232,113203.2,sat
../resources/benchmarks/random0/b0_r5_c10_l1000_i1000_ps0_2_pt0_33_j10_3.stl,-1,-1,TO
../resources/benchmarks/random0/b0_r5_c10_l1000_i1000_ps0_2_pt0_33_j10_4.stl,100.56,413338.4,sat
../resources/benchmarks/random0/b0_r5_c10_l1000_i1000_ps0_2_pt0_33_j10_5.stl,0.574,404728,sat
../resources/benchmarks/random0/b0_r5_c10_l1000_i1000_ps0_2_pt0_33_j5_1.stl,0.06,77904.8,sat
../resources/benchmarks/random0/b0_r5_c10_l1000_i1000_ps0_2_pt0_33_j5_2.stl,0.01,33012.8,unsat
../resources/benchmarks/random0/b0_r5_c10_l1000_i1000_ps0_2_pt0_33_j5_3.stl,8.308,118452.8,sat
../resources/benchmarks/random0/b0_r5_c10_l1000_i1000_ps0_2_pt0_33_j5_4.stl,0.07400000000000001,89882.4,sat
../resources/benchmarks/random0/b0_r5_c10_l1000_i1000_ps0_2_pt0_33_j5_5.stl,0.252,262817.6,sat
../resources/benchmarks/random0/b0_r5_c10_l1000_i1000_ps0_2_pt0_5_j10_1.stl,-1,-1,TO
../resources/benchmarks/random0/b0_r5_c10_l1000_i1000_ps0_2_pt0_5_j10_2.stl,13.748,197704.8,sat
../resources/benchmarks/random0/b0_r5_c10_l1000_i1000_ps0_2_pt0_5_j10_3.stl,-1,-1,TO
../resources/benchmarks/random0/b0_r5_c10_l1000_i1000_ps0_2_pt0_5_j10_4.stl,0.01,32413.6,unsat
../resources/benchmarks/random0/b0_r5_c10_l1000_i1000_ps0_2_pt0_5_j10_5.stl,11.516,406262.4,sat
../resources/benchmarks/random0/b0_r5_c10_l1000_i1000_ps0_2_pt0_5_j5_1.stl,0.11,104300.8,sat
../resources/benchmarks/random0/b0_r5_c10_l1000_i1000_ps0_2_pt0_5_j5_2.stl,47.55,426881.6,sat
../resources/benchmarks/random0/b0_r5_c10_l1000_i1000_ps0_2_pt0_5_j5_3.stl,0.01,33044,sat
../resources/benchmarks/random0/b0_r5_c10_l1000_i1000_ps0_2_pt0_5_j5_4.stl,-1,-1,TO
../resources/benchmarks/random0/b0_r5_c10_l1000_i1000_ps0_2_pt0_5_j5_5.stl,43.192,341474.4,sat
../resources/benchmarks/random0/b0_r5_c10_l1000_i1000_ps0_2_pt0_75_j10_1.stl,-1,-1,TO
../resources/benchmarks/random0/b0_r5_c10_l1000_i1000_ps0_2_pt0_75_j10_2.stl,-1,-1,TO
../resources/benchmarks/random0/b0_r5_c10_l1000_i1000_ps0_2_pt0_75_j10_3.stl,0.374,33968.8,unsat
../resources/benchmarks/random0/b0_r5_c10_l1000_i1000_ps0_2_pt0_75_j10_4.stl,1.08,165140.8,sat
../resources/benchmarks/random0/b0_r5_c10_l1000_i1000_ps0_2_pt0_75_j10_5.stl,32.888000000000005,294145.6,sat
../resources/benchmarks/random0/b0_r5_c10_l1000_i1000_ps0_2_pt0_75_j5_1.stl,0.0,7773.6,unsat
../resources/benchmarks/random0/b0_r5_c10_l1000_i1000_ps0_2_pt0_75_j5_2.stl,24.657999999999998,318403.2,sat
../resources/benchmarks/random0/b0_r5_c10_l1000_i1000_ps0_2_pt0_75_j5_3.stl,0.0,7804.8,unsat
../resources/benchmarks/random0/b0_r5_c10_l1000_i1000_ps0_2_pt0_75_j5_4.stl,0.01,32741.6,sat
../resources/benchmarks/random0/b0_r5_c10_l1000_i1000_ps0_2_pt0_75_j5_5.stl,0.06,80638.4,sat
../resources/benchmarks/random0/b0_r5_c10_l1000_i1000_ps0_2_pt0_95_j10_1.stl,-1,-1,TO
../resources/benchmarks/random0/b0_r5_c10_l1000_i1000_ps0_2_pt0_95_j10_2.stl,-1,-1,TO
../resources/benchmarks/random0/b0_r5_c10_l1000_i1000_ps0_2_pt0_95_j10_3.stl,-1,-1,TO
../resources/benchmarks/random0/b0_r5_c10_l1000_i1000_ps0_2_pt0_95_j10_4.stl,-1,-1,TO
../resources/benchmarks/random0/b0_r5_c10_l1000_i1000_ps0_2_pt0_95_j10_5.stl,1.044,425940.8,sat
../resources/benchmarks/random0/b0_r5_c10_l1000_i1000_ps0_2_pt0_95_j5_1.stl,-1,-1,TO
../resources/benchmarks/random0/b0_r5_c10_l1000_i1000_ps0_2_pt0_95_j5_2.stl,65.39,395197.6,sat
../resources/benchmarks/random0/b0_r5_c10_l1000_i1000_ps0_2_pt0_95_j5_3.stl,-1,-1,TO
../resources/benchmarks/random0/b0_r5_c10_l1000_i1000_ps0_2_pt0_95_j5_4.stl,62.854,340853.6,sat
../resources/benchmarks/random0/b0_r5_c10_l1000_i1000_ps0_2_pt0_95_j5_5.stl,-1,-1,TO
../resources/benchmarks/random0/b0_r5_c10_l1000_i50_ps0_05_pt0_33_j10_1.stl,0.182,41617.6,unsat
../resources/benchmarks/random0/b0_r5_c10_l1000_i50_ps0_05_pt0_33_j10_2.stl,-1,-1,TO
../resources/benchmarks/random0/b0_r5_c10_l1000_i50_ps0_05_pt0_33_j10_3.stl,-1,-1,TO
../resources/benchmarks/random0/b0_r5_c10_l1000_i50_ps0_05_pt0_33_j10_4.stl,-1,-1,TO
../resources/benchmarks/random0/b0_r5_c10_l1000_i50_ps0_05_pt0_33_j10_5.stl,0.07,12396,unsat
../resources/benchmarks/random0/b0_r5_c10_l1000_i50_ps0_05_pt0_33_j5_1.stl,-1,-1,TO
../resources/benchmarks/random0/b0_r5_c10_l1000_i50_ps0_05_pt0_33_j5_2.stl,-1,-1,TO
../resources/benchmarks/random0/b0_r5_c10_l1000_i50_ps0_05_pt0_33_j5_3.stl,4.674,134396,sat
../resources/benchmarks/random0/b0_r5_c10_l1000_i50_ps0_05_pt0_33_j5_4.stl,-1,-1,TO
../resources/benchmarks/random0/b0_r5_c10_l1000_i50_ps0_05_pt0_33_j5_5.stl,-1,-1,TO
../resources/benchmarks/random0/b0_r5_c10_l1000_i50_ps0_05_pt0_5_j10_1.stl,-1,-1,TO
../resources/benchmarks/random0/b0_r5_c10_l1000_i50_ps0_05_pt0_5_j10_2.stl,-1,-1,TO
../resources/benchmarks/random0/b0_r5_c10_l1000_i50_ps0_05_pt0_5_j10_3.stl,-1,-1,TO
../resources/benchmarks/random0/b0_r5_c10_l1000_i50_ps0_05_pt0_5_j10_4.stl,-1,-1,TO
../resources/benchmarks/random0/b0_r5_c10_l1000_i50_ps0_05_pt0_5_j10_5.stl,-1,-1,TO
../resources/benchmarks/random0/b0_r5_c10_l1000_i50_ps0_05_pt0_5_j5_1.stl,-1,-1,TO
../resources/benchmarks/random0/b0_r5_c10_l1000_i50_ps0_05_pt0_5_j5_2.stl,-1,-1,TO
../resources/benchmarks/random0/b0_r5_c10_l1000_i50_ps0_05_pt0_5_j5_3.stl,-1,-1,TO
../resources/benchmarks/random0/b0_r5_c10_l1000_i50_ps0_05_pt0_5_j5_4.stl,-1,-1,TO
../resources/benchmarks/random0/b0_r5_c10_l1000_i50_ps0_05_pt0_5_j5_5.stl,3.5260000000000002,568802.4,sat
../resources/benchmarks/random0/b0_r5_c10_l1000_i50_ps0_05_pt0_75_j10_1.stl,-1,-1,TO
../resources/benchmarks/random0/b0_r5_c10_l1000_i50_ps0_05_pt0_75_j10_2.stl,-1,-1,TO
../resources/benchmarks/random0/b0_r5_c10_l1000_i50_ps0_05_pt0_75_j10_3.stl,-1,-1,TO
../resources/benchmarks/random0/b0_r5_c10_l1000_i50_ps0_05_pt0_75_j10_4.stl,-1,-1,TO
../resources/benchmarks/random0/b0_r5_c10_l1000_i50_ps0_05_pt0_75_j10_5.stl,-1,-1,TO
../resources/benchmarks/random0/b0_r5_c10_l1000_i50_ps0_05_pt0_75_j5_1.stl,-1,-1,TO
../resources/benchmarks/random0/b0_r5_c10_l1000_i50_ps0_05_pt0_75_j5_2.stl,-1,-1,TO
../resources/benchmarks/random0/b0_r5_c10_l1000_i50_ps0_05_pt0_75_j5_3.stl,-1,-1,TO
../resources/benchmarks/random0/b0_r5_c10_l1000_i50_ps0_05_pt0_75_j5_4.stl,-1,-1,TO
../resources/benchmarks/random0/b0_r5_c10_l1000_i50_ps0_05_pt0_75_j5_5.stl,-1,-1,TO
../resources/benchmarks/random0/b0_r5_c10_l1000_i50_ps0_05_pt0_95_j10_1.stl,-1,-1,TO
../resources/benchmarks/random0/b0_r5_c10_l1000_i50_ps0_05_pt0_95_j10_2.stl,-1,-1,TO
../resources/benchmarks/random0/b0_r5_c10_l1000_i50_ps0_05_pt0_95_j10_3.stl,-1,-1,TO
../resources/benchmarks/random0/b0_r5_c10_l1000_i50_ps0_05_pt0_95_j10_4.stl,-1,-1,TO
../resources/benchmarks/random0/b0_r5_c10_l1000_i50_ps0_05_pt0_95_j10_5.stl,-1,-1,TO
../resources/benchmarks/random0/b0_r5_c10_l1000_i50_ps0_05_pt0_95_j5_1.stl,-1,-1,TO
../resources/benchmarks/random0/b0_r5_c10_l1000_i50_ps0_05_pt0_95_j5_2.stl,-1,-1,TO
../resources/benchmarks/random0/b0_r5_c10_l1000_i50_ps0_05_pt0_95_j5_3.stl,-1,-1,TO
../resources/benchmarks/random0/b0_r5_c10_l1000_i50_ps0_05_pt0_95_j5_4.stl,-1,-1,TO
../resources/benchmarks/random0/b0_r5_c10_l1000_i50_ps0_05_pt0_95_j5_5.stl,-1,-1,TO
../resources/benchmarks/random0/b0_r5_c10_l1000_i50_ps0_15_pt0_33_j10_1.stl,0.188,57024,sat
../resources/benchmarks/random0/b0_r5_c10_l1000_i50_ps0_15_pt0_33_j10_2.stl,0.01,33048.8,unsat
../resources/benchmarks/random0/b0_r5_c10_l1000_i50_ps0_15_pt0_33_j10_3.stl,0.01,33036.8,unsat
../resources/benchmarks/random0/b0_r5_c10_l1000_i50_ps0_15_pt0_33_j10_4.stl,0.11,44128,sat
../resources/benchmarks/random0/b0_r5_c10_l1000_i50_ps0_15_pt0_33_j10_5.stl,0.01,33352,unsat
../resources/benchmarks/random0/b0_r5_c10_l1000_i50_ps0_15_pt0_33_j5_1.stl,0.01,33649.6,unsat
../resources/benchmarks/random0/b0_r5_c10_l1000_i50_ps0_15_pt0_33_j5_2.stl,-1,-1,TO
../resources/benchmarks/random0/b0_r5_c10_l1000_i50_ps0_15_pt0_33_j5_3.stl,0.03,49970.4,sat
../resources/benchmarks/random0/b0_r5_c10_l1000_i50_ps0_15_pt0_33_j5_4.stl,0.164,49303.2,sat
../resources/benchmarks/random0/b0_r5_c10_l1000_i50_ps0_15_pt0_33_j5_5.stl,0.06,50243.2,sat
../resources/benchmarks/random0/b0_r5_c10_l1000_i50_ps0_15_pt0_5_j10_1.stl,0.01,33360.8,unsat
../resources/benchmarks/random0/b0_r5_c10_l1000_i50_ps0_15_pt0_5_j10_2.stl,0.02,33339.2,unsat
../resources/benchmarks/random0/b0_r5_c10_l1000_i50_ps0_15_pt0_5_j10_3.stl,0.712,34253.6,unsat
../resources/benchmarks/random0/b0_r5_c10_l1000_i50_ps0_15_pt0_5_j10_4.stl,0.062,56376.8,sat
../resources/benchmarks/random0/b0_r5_c10_l1000_i50_ps0_15_pt0_5_j10_5.stl,0.01,32716.8,unsat
../resources/benchmarks/random0/b0_r5_c10_l1000_i50_ps0_15_pt0_5_j5_1.stl,0.04,45022.4,sat
../resources/benchmarks/random0/b0_r5_c10_l1000_i50_ps0_15_pt0_5_j5_2.stl,0.04,52988,sat
../resources/benchmarks/random0/b0_r5_c10_l1000_i50_ps0_15_pt0_5_j5_3.stl,0.032,54852,sat
../resources/benchmarks/random0/b0_r5_c10_l1000_i50_ps0_15_pt0_5_j5_4.stl,0.24,60090.4,sat
../resources/benchmarks/random0/b0_r5_c10_l1000_i50_ps0_15_pt0_5_j5_5.stl,0.03,49641.6,sat
../resources/benchmarks/random0/b0_r5_c10_l1000_i50_ps0_15_pt0_75_j10_1.stl,-1,-1,TO
../resources/benchmarks/random0/b0_r5_c10_l1000_i50_ps0_15_pt0_75_j10_2.stl,0.298,64666.4,sat
../resources/benchmarks/random0/b0_r5_c10_l1000_i50_ps0_15_pt0_75_j10_3.stl,0.01,32434.4,unsat
../resources/benchmarks/random0/b0_r5_c10_l1000_i50_ps0_15_pt0_75_j10_4.stl,0.336,72040.8,sat
../resources/benchmarks/random0/b0_r5_c10_l1000_i50_ps0_15_pt0_75_j10_5.stl,0.802,32759.2,unsat
../resources/benchmarks/random0/b0_r5_c10_l1000_i50_ps0_15_pt0_75_j5_1.stl,0.0,9318.4,sat
../resources/benchmarks/random0/b0_r5_c10_l1000_i50_ps0_15_pt0_75_j5_2.stl,0.002,9335.2,sat
../resources/benchmarks/random0/b0_r5_c10_l1000_i50_ps0_15_pt0_75_j5_3.stl,0.0,7792,unsat
../resources/benchmarks/random0/b0_r5_c10_l1000_i50_ps0_15_pt0_75_j5_4.stl,0.02,15464,sat
../resources/benchmarks/random0/b0_r5_c10_l1000_i50_ps0_15_pt0_75_j5_5.stl,-1,-1,TO
../resources/benchmarks/random0/b0_r5_c10_l1000_i50_ps0_15_pt0_95_j10_1.stl,-1,-1,TO
../resources/benchmarks/random0/b0_r5_c10_l1000_i50_ps0_15_pt0_95_j10_2.stl,-1,-1,TO
../resources/benchmarks/random0/b0_r5_c10_l1000_i50_ps0_15_pt0_95_j10_3.stl,-1,-1,TO
../resources/benchmarks/random0/b0_r5_c10_l1000_i50_ps0_15_pt0_95_j10_4.stl,-1,-1,TO
../resources/benchmarks/random0/b0_r5_c10_l1000_i50_ps0_15_pt0_95_j10_5.stl,-1,-1,TO
../resources/benchmarks/random0/b0_r5_c10_l1000_i50_ps0_15_pt0_95_j5_1.stl,0.994,143612,sat
../resources/benchmarks/random0/b0_r5_c10_l1000_i50_ps0_15_pt0_95_j5_2.stl,-1,-1,TO
../resources/benchmarks/random0/b0_r5_c10_l1000_i50_ps0_15_pt0_95_j5_3.stl,0.05,63748.8,sat
../resources/benchmarks/random0/b0_r5_c10_l1000_i50_ps0_15_pt0_95_j5_4.stl,-1,-1,TO
../resources/benchmarks/random0/b0_r5_c10_l1000_i50_ps0_15_pt0_95_j5_5.stl,0.14200000000000002,63760,sat
../resources/benchmarks/random0/b0_r5_c10_l1000_i50_ps0_1_pt0_33_j10_1.stl,-1,-1,TO
../resources/benchmarks/random0/b0_r5_c10_l1000_i50_ps0_1_pt0_33_j10_2.stl,1.084,36750.4,unsat
../resources/benchmarks/random0/b0_r5_c10_l1000_i50_ps0_1_pt0_33_j10_3.stl,4.6000000000000005,64970.4,sat
../resources/benchmarks/random0/b0_r5_c10_l1000_i50_ps0_1_pt0_33_j10_4.stl,0.022,32725.6,unsat
../resources/benchmarks/random0/b0_r5_c10_l1000_i50_ps0_1_pt0_33_j10_5.stl,0.03,32738.4,unsat
../resources/benchmarks/random0/b0_r5_c10_l1000_i50_ps0_1_pt0_33_j5_1.stl,0.232,34587.2,unsat
../resources/benchmarks/random0/b0_r5_c10_l1000_i50_ps0_1_pt0_33_j5_2.stl,0.01,32412,unsat
../resources/benchmarks/random0/b0_r5_c10_l1000_i50_ps0_1_pt0_33_j5_3.stl,0.048,53940.8,sat
../resources/benchmarks/random0/b0_r5_c10_l1000_i50_ps0_1_pt0_33_j5_4.stl,0.02,43480.8,sat
../resources/benchmarks/random0/b0_r5_c10_l1000_i50_ps0_1_pt0_33_j5_5.stl,0.02,40706.4,sat
../resources/benchmarks/random0/b0_r5_c10_l1000_i50_ps0_1_pt0_5_j10_1.stl,-1,-1,TO
../resources/benchmarks/random0/b0_r5_c10_l1000_i50_ps0_1_pt0_5_j10_2.stl,-1,-1,TO
../resources/benchmarks/random0/b0_r5_c10_l1000_i50_ps0_1_pt0_5_j10_3.stl,0.304,68365.6,sat
../resources/benchmarks/random0/b0_r5_c10_l1000_i50_ps0_1_pt0_5_j10_4.stl,0.02,32424.8,unsat
../resources/benchmarks/random0/b0_r5_c10_l1000_i50_ps0_1_pt0_5_j10_5.stl,-1,-1,TO
../resources/benchmarks/random0/b0_r5_c10_l1000_i50_ps0_1_pt0_5_j5_1.stl,0.952,18576.8,sat
../resources/benchmarks/random0/b0_r5_c10_l1000_i50_ps0_1_pt0_5_j5_2.stl,0.114,21633.6,sat
../resources/benchmarks/random0/b0_r5_c10_l1000_i50_ps0_1_pt0_5_j5_3.stl,0.0,7795.2,sat
../resources/benchmarks/random0/b0_r5_c10_l1000_i50_ps0_1_pt0_5_j5_4.stl,-1,-1,TO
../resources/benchmarks/random0/b0_r5_c10_l1000_i50_ps0_1_pt0_5_j5_5.stl,0.04,13937.6,sat
../resources/benchmarks/random0/b0_r5_c10_l1000_i50_ps0_1_pt0_75_j10_1.stl,-1,-1,TO
../resources/benchmarks/random0/b0_r5_c10_l1000_i50_ps0_1_pt0_75_j10_2.stl,-1,-1,TO
../resources/benchmarks/random0/b0_r5_c10_l1000_i50_ps0_1_pt0_75_j10_3.stl,-1,-1,TO
../resources/benchmarks/random0/b0_r5_c10_l1000_i50_ps0_1_pt0_75_j10_4.stl,-1,-1,TO
../resources/benchmarks/random0/b0_r5_c10_l1000_i50_ps0_1_pt0_75_j10_5.stl,-1,-1,TO
../resources/benchmarks/random0/b0_r5_c10_l1000_i50_ps0_1_pt0_75_j5_1.stl,0.322,66516.8,sat
../resources/benchmarks/random0/b0_r5_c10_l1000_i50_ps0_1_pt0_75_j5_2.stl,0.55,72947.2,sat
../resources/benchmarks/random0/b0_r5_c10_l1000_i50_ps0_1_pt0_75_j5_3.stl,0.31,94775.2,sat
../resources/benchmarks/random0/b0_r5_c10_l1000_i50_ps0_1_pt0_75_j5_4.stl,1.21,100313.6,sat
../resources/benchmarks/random0/b0_r5_c10_l1000_i50_ps0_1_pt0_75_j5_5.stl,1.134,127062.4,sat
../resources/benchmarks/random0/b0_r5_c10_l1000_i50_ps0_1_pt0_95_j10_1.stl,-1,-1,TO
../resources/benchmarks/random0/b0_r5_c10_l1000_i50_ps0_1_pt0_95_j10_2.stl,0.02,33051.2,unsat
../resources/benchmarks/random0/b0_r5_c10_l1000_i50_ps0_1_pt0_95_j10_3.stl,-1,-1,TO
../resources/benchmarks/random0/b0_r5_c10_l1000_i50_ps0_1_pt0_95_j10_4.stl,-1,-1,TO
../resources/benchmarks/random0/b0_r5_c10_l1000_i50_ps0_1_pt0_95_j10_5.stl,-1,-1,TO
../resources/benchmarks/random0/b0_r5_c10_l1000_i50_ps0_1_pt0_95_j5_1.stl,0.018000000000000002,33052,unsat
../resources/benchmarks/random0/b0_r5_c10_l1000_i50_ps0_1_pt0_95_j5_2.stl,-1,-1,TO
../resources/benchmarks/random0/b0_r5_c10_l1000_i50_ps0_1_pt0_95_j5_3.stl,0.0,7794.4,unsat
../resources/benchmarks/random0/b0_r5_c10_l1000_i50_ps0_1_pt0_95_j5_4.stl,0.032,48437.6,sat
../resources/benchmarks/random0/b0_r5_c10_l1000_i50_ps0_1_pt0_95_j5_5.stl,0.61,87100.8,sat
../resources/benchmarks/random0/b0_r5_c10_l1000_i50_ps0_25_pt0_33_j10_1.stl,0.13,38887.2,sat
../resources/benchmarks/random0/b0_r5_c10_l1000_i50_ps0_25_pt0_33_j10_2.stl,0.0,7793.6,unsat
../resources/benchmarks/random0/b0_r5_c10_l1000_i50_ps0_25_pt0_33_j10_3.stl,0.992,57600,sat
../resources/benchmarks/random0/b0_r5_c10_l1000_i50_ps0_25_pt0_33_j10_4.stl,0.06,33325.6,unsat
../resources/benchmarks/random0/b0_r5_c10_l1000_i50_ps0_25_pt0_33_j10_5.stl,0.06,47148.8,sat
../resources/benchmarks/random0/b0_r5_c10_l1000_i50_ps0_25_pt0_33_j5_1.stl,0.01,32421.6,sat
../resources/benchmarks/random0/b0_r5_c10_l1000_i50_ps0_25_pt0_33_j5_2.stl,0.0,7799.2,unsat
../resources/benchmarks/random0/b0_r5_c10_l1000_i50_ps0_25_pt0_33_j5_3.stl,0.022,47189.6,sat
../resources/benchmarks/random0/b0_r5_c10_l1000_i50_ps0_25_pt0_33_j5_4.stl,0.03,51480.8,sat
../resources/benchmarks/random0/b0_r5_c10_l1000_i50_ps0_25_pt0_33_j5_5.stl,0.02,40997.6,sat
../resources/benchmarks/random0/b0_r5_c10_l1000_i50_ps0_25_pt0_5_j10_1.stl,0.0,7804.8,unsat
../resources/benchmarks/random0/b0_r5_c10_l1000_i50_ps0_25_pt0_5_j10_2.stl,0.08,43793.6,sat
../resources/benchmarks/random0/b0_r5_c10_l1000_i50_ps0_25_pt0_5_j10_3.stl,0.0,7801.6,unsat
../resources/benchmarks/random0/b0_r5_c10_l1000_i50_ps0_25_pt0_5_j10_4.stl,0.0,7783.2,unsat
../resources/benchmarks/random0/b0_r5_c10_l1000_i50_ps0_25_pt0_5_j10_5.stl,0.0,7804,unsat
../resources/benchmarks/random0/b0_r5_c10_l1000_i50_ps0_25_pt0_5_j5_1.stl,0.0,7790.4,unsat
../resources/benchmarks/random0/b0_r5_c10_l1000_i50_ps0_25_pt0_5_j5_2.stl,0.07,54220.8,sat
../resources/benchmarks/random0/b0_r5_c10_l1000_i50_ps0_25_pt0_5_j5_3.stl,0.057999999999999996,45928.8,unsat
../resources/benchmarks/random0/b0_r5_c10_l1000_i50_ps0_25_pt0_5_j5_4.stl,0.13,47171.2,sat
../resources/benchmarks/random0/b0_r5_c10_l1000_i50_ps0_25_pt0_5_j5_5.stl,0.01,33041.6,unsat
../resources/benchmarks/random0/b0_r5_c10_l1000_i50_ps0_25_pt0_75_j10_1.stl,-1,-1,TO
../resources/benchmarks/random0/b0_r5_c10_l1000_i50_ps0_25_pt0_75_j10_2.stl,0.29,33645.6,unsat
../resources/benchmarks/random0/b0_r5_c10_l1000_i50_ps0_25_pt0_75_j10_3.stl,0.01,33044.8,unsat
../resources/benchmarks/random0/b0_r5_c10_l1000_i50_ps0_25_pt0_75_j10_4.stl,0.098,55452.8,sat
../resources/benchmarks/random0/b0_r5_c10_l1000_i50_ps0_25_pt0_75_j10_5.stl,-1,-1,TO
../resources/benchmarks/random0/b0_r5_c10_l1000_i50_ps0_25_pt0_75_j5_1.stl,-1,-1,TO
../resources/benchmarks/random0/b0_r5_c10_l1000_i50_ps0_25_pt0_75_j5_2.stl,0.07,48693.6,sat
../resources/benchmarks/random0/b0_r5_c10_l1000_i50_ps0_25_pt0_75_j5_3.stl,0.01,31165.6,unsat
../resources/benchmarks/random0/b0_r5_c10_l1000_i50_ps0_25_pt0_75_j5_4.stl,0.01,30887.2,unsat
../resources/benchmarks/random0/b0_r5_c10_l1000_i50_ps0_25_pt0_75_j5_5.stl,0.114,46849.6,sat
../resources/benchmarks/random0/b0_r5_c10_l1000_i50_ps0_25_pt0_95_j10_1.stl,0.0,7788.8,unsat
../resources/benchmarks/random0/b0_r5_c10_l1000_i50_ps0_25_pt0_95_j10_2.stl,-1,-1,TO
../resources/benchmarks/random0/b0_r5_c10_l1000_i50_ps0_25_pt0_95_j10_3.stl,-1,-1,TO
../resources/benchmarks/random0/b0_r5_c10_l1000_i50_ps0_25_pt0_95_j10_4.stl,0.05,47162.4,sat
../resources/benchmarks/random0/b0_r5_c10_l1000_i50_ps0_25_pt0_95_j10_5.stl,-1,-1,TO
../resources/benchmarks/random0/b0_r5_c10_l1000_i50_ps0_25_pt0_95_j5_1.stl,0.17600000000000002,73013.6,sat
../resources/benchmarks/random0/b0_r5_c10_l1000_i50_ps0_25_pt0_95_j5_2.stl,0.04,60694.4,sat
../resources/benchmarks/random0/b0_r5_c10_l1000_i50_ps0_25_pt0_95_j5_3.stl,0.03,48680.8,sat
../resources/benchmarks/random0/b0_r5_c10_l1000_i50_ps0_25_pt0_95_j5_4.stl,0.20600000000000002,56373.6,sat
../resources/benchmarks/random0/b0_r5_c10_l1000_i50_ps0_25_pt0_95_j5_5.stl,0.03,41030.4,sat
../resources/benchmarks/random0/b0_r5_c10_l1000_i50_ps0_2_pt0_33_j10_1.stl,15.158,54561.6,sat
../resources/benchmarks/random0/b0_r5_c10_l1000_i50_ps0_2_pt0_33_j10_2.stl,-1,-1,TO
../resources/benchmarks/random0/b0_r5_c10_l1000_i50_ps0_2_pt0_33_j10_3.stl,0.04,52403.2,sat
../resources/benchmarks/random0/b0_r5_c10_l1000_i50_ps0_2_pt0_33_j10_4.stl,-1,-1,TO
../resources/benchmarks/random0/b0_r5_c10_l1000_i50_ps0_2_pt0_33_j10_5.stl,0.01,32743.2,unsat
../resources/benchmarks/random0/b0_r5_c10_l1000_i50_ps0_2_pt0_33_j5_1.stl,-1,-1,TO
../resources/benchmarks/random0/b0_r5_c10_l1000_i50_ps0_2_pt0_33_j5_2.stl,0.01,33056.8,sat
../resources/benchmarks/random0/b0_r5_c10_l1000_i50_ps0_2_pt0_33_j5_3.stl,0.05,50537.6,sat
../resources/benchmarks/random0/b0_r5_c10_l1000_i50_ps0_2_pt0_33_j5_4.stl,0.01,33347.2,sat
../resources/benchmarks/random0/b0_r5_c10_l1000_i50_ps0_2_pt0_33_j5_5.stl,0.0,7792,unsat
../resources/benchmarks/random0/b0_r5_c10_l1000_i50_ps0_2_pt0_5_j10_1.stl,0.01,33056.8,unsat
../resources/benchmarks/random0/b0_r5_c10_l1000_i50_ps0_2_pt0_5_j10_2.stl,0.202,51484,sat
../resources/benchmarks/random0/b0_r5_c10_l1000_i50_ps0_2_pt0_5_j10_3.stl,0.01,32700.8,unsat
../resources/benchmarks/random0/b0_r5_c10_l1000_i50_ps0_2_pt0_5_j10_4.stl,-1,-1,TO
../resources/benchmarks/random0/b0_r5_c10_l1000_i50_ps0_2_pt0_5_j10_5.stl,0.0,7828,unsat
../resources/benchmarks/random0/b0_r5_c10_l1000_i50_ps0_2_pt0_5_j5_1.stl,0.09,45312.8,sat
../resources/benchmarks/random0/b0_r5_c10_l1000_i50_ps0_2_pt0_5_j5_2.stl,0.196,53638.4,sat
../resources/benchmarks/random0/b0_r5_c10_l1000_i50_ps0_2_pt0_5_j5_3.stl,0.0,7791.2,unsat
../resources/benchmarks/random0/b0_r5_c10_l1000_i50_ps0_2_pt0_5_j5_4.stl,0.01,32766.4,sat
../resources/benchmarks/random0/b0_r5_c10_l1000_i50_ps0_2_pt0_5_j5_5.stl,0.012,36397.6,sat
../resources/benchmarks/random0/b0_r5_c10_l1000_i50_ps0_2_pt0_75_j10_1.stl,-1,-1,TO
../resources/benchmarks/random0/b0_r5_c10_l1000_i50_ps0_2_pt0_75_j10_2.stl,-1,-1,TO
../resources/benchmarks/random0/b0_r5_c10_l1000_i50_ps0_2_pt0_75_j10_3.stl,0.11,54838.4,sat
../resources/benchmarks/random0/b0_r5_c10_l1000_i50_ps0_2_pt0_75_j10_4.stl,0.04,49916,sat
../resources/benchmarks/random0/b0_r5_c10_l1000_i50_ps0_2_pt0_75_j10_5.stl,0.01,32436.8,unsat
../resources/benchmarks/random0/b0_r5_c10_l1000_i50_ps0_2_pt0_75_j5_1.stl,0.04,53007.2,sat
../resources/benchmarks/random0/b0_r5_c10_l1000_i50_ps0_2_pt0_75_j5_2.stl,0.15,68674.4,sat
../resources/benchmarks/random0/b0_r5_c10_l1000_i50_ps0_2_pt0_75_j5_3.stl,0.012,32414.4,unsat
../resources/benchmarks/random0/b0_r5_c10_l1000_i50_ps0_2_pt0_75_j5_4.stl,-1,-1,TO
../resources/benchmarks/random0/b0_r5_c10_l1000_i50_ps0_2_pt0_75_j5_5.stl,0.04,46856.8,sat
../resources/benchmarks/random0/b0_r5_c10_l1000_i50_ps0_2_pt0_95_j10_1.stl,0.086,57018.4,sat
../resources/benchmarks/random0/b0_r5_c10_l1000_i50_ps0_2_pt0_95_j10_2.stl,-1,-1,TO
../resources/benchmarks/random0/b0_r5_c10_l1000_i50_ps0_2_pt0_95_j10_3.stl,0.01,33333.6,unsat
../resources/benchmarks/random0/b0_r5_c10_l1000_i50_ps0_2_pt0_95_j10_4.stl,-1,-1,TO
../resources/benchmarks/random0/b0_r5_c10_l1000_i50_ps0_2_pt0_95_j10_5.stl,-1,-1,TO
../resources/benchmarks/random0/b0_r5_c10_l1000_i50_ps0_2_pt0_95_j5_1.stl,0.01,32733.6,unsat
../resources/benchmarks/random0/b0_r5_c10_l1000_i50_ps0_2_pt0_95_j5_2.stl,0.23,42240.8,unsat
../resources/benchmarks/random0/b0_r5_c10_l1000_i50_ps0_2_pt0_95_j5_3.stl,0.14,54524.8,sat
../resources/benchmarks/random0/b0_r5_c10_l1000_i50_ps0_2_pt0_95_j5_4.stl,0.01,30888,unsat
../resources/benchmarks/random0/b0_r5_c10_l1000_i50_ps0_2_pt0_95_j5_5.stl,0.23,56068,sat
../resources/benchmarks/random0/b0_r5_c10_l100_i1000_ps0_05_pt0_33_j10_1.stl,-1,-1,TO
../resources/benchmarks/random0/b0_r5_c10_l100_i1000_ps0_05_pt0_33_j10_2.stl,-1,-1,TO
../resources/benchmarks/random0/b0_r5_c10_l100_i1000_ps0_05_pt0_33_j10_3.stl,-1,-1,TO
../resources/benchmarks/random0/b0_r5_c10_l100_i1000_ps0_05_pt0_33_j10_4.stl,-1,-1,TO
../resources/benchmarks/random0/b0_r5_c10_l100_i1000_ps0_05_pt0_33_j10_5.stl,-1,-1,TO
../resources/benchmarks/random0/b0_r5_c10_l100_i1000_ps0_05_pt0_33_j5_1.stl,-1,-1,TO
../resources/benchmarks/random0/b0_r5_c10_l100_i1000_ps0_05_pt0_33_j5_2.stl,-1,-1,TO
../resources/benchmarks/random0/b0_r5_c10_l100_i1000_ps0_05_pt0_33_j5_3.stl,0.4,109817.6,sat
../resources/benchmarks/random0/b0_r5_c10_l100_i1000_ps0_05_pt0_33_j5_4.stl,-1,-1,TO
../resources/benchmarks/random0/b0_r5_c10_l100_i1000_ps0_05_pt0_33_j5_5.stl,4.412,182026.4,sat
../resources/benchmarks/random0/b0_r5_c10_l100_i1000_ps0_05_pt0_5_j10_1.stl,0.132,17008,unsat
../resources/benchmarks/random0/b0_r5_c10_l100_i1000_ps0_05_pt0_5_j10_2.stl,-1,-1,TO
../resources/benchmarks/random0/b0_r5_c10_l100_i1000_ps0_05_pt0_5_j10_3.stl,0.112,15478.4,unsat
../resources/benchmarks/random0/b0_r5_c10_l100_i1000_ps0_05_pt0_5_j10_4.stl,-1,-1,TO
../resources/benchmarks/random0/b0_r5_c10_l100_i1000_ps0_05_pt0_5_j10_5.stl,-1,-1,TO
../resources/benchmarks/random0/b0_r5_c10_l100_i1000_ps0_05_pt0_5_j5_1.stl,-1,-1,TO
../resources/benchmarks/random0/b0_r5_c10_l100_i1000_ps0_05_pt0_5_j5_2.stl,-1,-1,TO
../resources/benchmarks/random0/b0_r5_c10_l100_i1000_ps0_05_pt0_5_j5_3.stl,-1,-1,TO
../resources/benchmarks/random0/b0_r5_c10_l100_i1000_ps0_05_pt0_5_j5_4.stl,0.23,52416.8,sat
../resources/benchmarks/random0/b0_r5_c10_l100_i1000_ps0_05_pt0_5_j5_5.stl,-1,-1,TO
../resources/benchmarks/random0/b0_r5_c10_l100_i1000_ps0_05_pt0_75_j10_1.stl,-1,-1,TO
../resources/benchmarks/random0/b0_r5_c10_l100_i1000_ps0_05_pt0_75_j10_2.stl,0.11,15496,unsat
../resources/benchmarks/random0/b0_r5_c10_l100_i1000_ps0_05_pt0_75_j10_3.stl,0.112,15488,unsat
../resources/benchmarks/random0/b0_r5_c10_l100_i1000_ps0_05_pt0_75_j10_4.stl,-1,-1,TO
../resources/benchmarks/random0/b0_r5_c10_l100_i1000_ps0_05_pt0_75_j10_5.stl,-1,-1,TO
../resources/benchmarks/random0/b0_r5_c10_l100_i1000_ps0_05_pt0_75_j5_1.stl,0.79,183568.8,sat
../resources/benchmarks/random0/b0_r5_c10_l100_i1000_ps0_05_pt0_75_j5_2.stl,-1,-1,TO
../resources/benchmarks/random0/b0_r5_c10_l100_i1000_ps0_05_pt0_75_j5_3.stl,-1,-1,TO
../resources/benchmarks/random0/b0_r5_c10_l100_i1000_ps0_05_pt0_75_j5_4.stl,0.352,102469.6,sat
../resources/benchmarks/random0/b0_r5_c10_l100_i1000_ps0_05_pt0_75_j5_5.stl,-1,-1,TO
../resources/benchmarks/random0/b0_r5_c10_l100_i1000_ps0_05_pt0_95_j10_1.stl,-1,-1,TO
../resources/benchmarks/random0/b0_r5_c10_l100_i1000_ps0_05_pt0_95_j10_2.stl,-1,-1,TO
../resources/benchmarks/random0/b0_r5_c10_l100_i1000_ps0_05_pt0_95_j10_3.stl,-1,-1,TO
../resources/benchmarks/random0/b0_r5_c10_l100_i1000_ps0_05_pt0_95_j10_4.stl,-1,-1,TO
../resources/benchmarks/random0/b0_r5_c10_l100_i1000_ps0_05_pt0_95_j10_5.stl,0.194,24685.6,unsat
../resources/benchmarks/random0/b0_r5_c10_l100_i1000_ps0_05_pt0_95_j5_1.stl,-1,-1,TO
../resources/benchmarks/random0/b0_r5_c10_l100_i1000_ps0_05_pt0_95_j5_2.stl,3.038,453600,sat
../resources/benchmarks/random0/b0_r5_c10_l100_i1000_ps0_05_pt0_95_j5_3.stl,-1,-1,TO
../resources/benchmarks/random0/b0_r5_c10_l100_i1000_ps0_05_pt0_95_j5_4.stl,-1,-1,TO
../resources/benchmarks/random0/b0_r5_c10_l100_i1000_ps0_05_pt0_95_j5_5.stl,-1,-1,TO
../resources/benchmarks/random0/b0_r5_c10_l100_i1000_ps0_15_pt0_33_j10_1.stl,0.494,64064,sat
../resources/benchmarks/random0/b0_r5_c10_l100_i1000_ps0_15_pt0_33_j10_2.stl,0.01,33040.8,unsat
../resources/benchmarks/random0/b0_r5_c10_l100_i1000_ps0_15_pt0_33_j10_3.stl,0.28200000000000003,59470.4,sat
../resources/benchmarks/random0/b0_r5_c10_l100_i1000_ps0_15_pt0_33_j10_4.stl,0.0,7798.4,unsat
../resources/benchmarks/random0/b0_r5_c10_l100_i1000_ps0_15_pt0_33_j10_5.stl,-1,-1,TO
../resources/benchmarks/random0/b0_r5_c10_l100_i1000_ps0_15_pt0_33_j5_1.stl,0.06,73280,sat
../resources/benchmarks/random0/b0_r5_c10_l100_i1000_ps0_15_pt0_33_j5_2.stl,-1,-1,TO
../resources/benchmarks/random0/b0_r5_c10_l100_i1000_ps0_15_pt0_33_j5_3.stl,0.06,74820.8,sat
../resources/benchmarks/random0/b0_r5_c10_l100_i1000_ps0_15_pt0_33_j5_4.stl,-1,-1,TO
../resources/benchmarks/random0/b0_r5_c10_l100_i1000_ps0_15_pt0_33_j5_5.stl,0.01,30861.6,unsat
../resources/benchmarks/random0/b0_r5_c10_l100_i1000_ps0_15_pt0_5_j10_1.stl,0.01,32463.2,unsat
../resources/benchmarks/random0/b0_r5_c10_l100_i1000_ps0_15_pt0_5_j10_2.stl,0.01,33340.8,unsat
../resources/benchmarks/random0/b0_r5_c10_l100_i1000_ps0_15_pt0_5_j10_3.stl,7.176,79105.6,sat
../resources/benchmarks/random0/b0_r5_c10_l100_i1000_ps0_15_pt0_5_j10_4.stl,3.156,50864,sat
../resources/benchmarks/random0/b0_r5_c10_l100_i1000_ps0_15_pt0_5_j10_5.stl,1.208,77266.4,sat
../resources/benchmarks/random0/b0_r5_c10_l100_i1000_ps0_15_pt0_5_j5_1.stl,0.02,37661.6,sat
../resources/benchmarks/random0/b0_r5_c10_l100_i1000_ps0_15_pt0_5_j5_2.stl,0.04,58849.6,sat
../resources/benchmarks/random0/b0_r5_c10_l100_i1000_ps0_15_pt0_5_j5_3.stl,0.012,37025.6,sat
../resources/benchmarks/random0/b0_r5_c10_l100_i1000_ps0_15_pt0_5_j5_4.stl,0.05,62531.2,sat
../resources/benchmarks/random0/b0_r5_c10_l100_i1000_ps0_15_pt0_5_j5_5.stl,0.502,55773.6,sat
../resources/benchmarks/random0/b0_r5_c10_l100_i1000_ps0_15_pt0_75_j10_1.stl,-1,-1,TO
../resources/benchmarks/random0/b0_r5_c10_l100_i1000_ps0_15_pt0_75_j10_2.stl,-1,-1,TO
../resources/benchmarks/random0/b0_r5_c10_l100_i1000_ps0_15_pt0_75_j10_3.stl,-1,-1,TO
../resources/benchmarks/random0/b0_r5_c10_l100_i1000_ps0_15_pt0_75_j10_4.stl,2.612,58245.6,unsat
../resources/benchmarks/random0/b0_r5_c10_l100_i1000_ps0_15_pt0_75_j10_5.stl,88.24,118466.4,sat
../resources/benchmarks/random0/b0_r5_c10_l100_i1000_ps0_15_pt0_75_j5_1.stl,0.29,71736,sat
../resources/benchmarks/random0/b0_r5_c10_l100_i1000_ps0_15_pt0_75_j5_2.stl,0.04,43483.2,sat
../resources/benchmarks/random0/b0_r5_c10_l100_i1000_ps0_15_pt0_75_j5_3.stl,0.01,33063.2,sat
../resources/benchmarks/random0/b0_r5_c10_l100_i1000_ps0_15_pt0_75_j5_4.stl,0.02,37664.8,sat
../resources/benchmarks/random0/b0_r5_c10_l100_i1000_ps0_15_pt0_75_j5_5.stl,0.0,7788.8,unsat
../resources/benchmarks/random0/b0_r5_c10_l100_i1000_ps0_15_pt0_95_j10_1.stl,3.698,128895.2,sat
../resources/benchmarks/random0/b0_r5_c10_l100_i1000_ps0_15_pt0_95_j10_2.stl,-1,-1,TO
../resources/benchmarks/random0/b0_r5_c10_l100_i1000_ps0_15_pt0_95_j10_3.stl,-1,-1,TO
../resources/benchmarks/random0/b0_r5_c10_l100_i1000_ps0_15_pt0_95_j10_4.stl,-1,-1,TO
../resources/benchmarks/random0/b0_r5_c10_l100_i1000_ps0_15_pt0_95_j10_5.stl,-1,-1,TO
../resources/benchmarks/random0/b0_r5_c10_l100_i1000_ps0_15_pt0_95_j5_1.stl,0.0,7808,unsat
../resources/benchmarks/random0/b0_r5_c10_l100_i1000_ps0_15_pt0_95_j5_2.stl,-1,-1,TO
../resources/benchmarks/random0/b0_r5_c10_l100_i1000_ps0_15_pt0_95_j5_3.stl,0.28,56393.6,sat
../resources/benchmarks/random0/b0_r5_c10_l100_i1000_ps0_15_pt0_95_j5_4.stl,0.724,77575.2,sat
../resources/benchmarks/random0/b0_r5_c10_l100_i1000_ps0_15_pt0_95_j5_5.stl,0.18,70199.2,sat
../resources/benchmarks/random0/b0_r5_c10_l100_i1000_ps0_1_pt0_33_j10_1.stl,0.02,33335.2,unsat
../resources/benchmarks/random0/b0_r5_c10_l100_i1000_ps0_1_pt0_33_j10_2.stl,0.17,75125.6,sat
../resources/benchmarks/random0/b0_r5_c10_l100_i1000_ps0_1_pt0_33_j10_3.stl,-1,-1,TO
../resources/benchmarks/random0/b0_r5_c10_l100_i1000_ps0_1_pt0_33_j10_4.stl,1.122,131657.6,sat
../resources/benchmarks/random0/b0_r5_c10_l100_i1000_ps0_1_pt0_33_j10_5.stl,0.384,67134.4,sat
../resources/benchmarks/random0/b0_r5_c10_l100_i1000_ps0_1_pt0_33_j5_1.stl,0.01,9323.2,sat
../resources/benchmarks/random0/b0_r5_c10_l100_i1000_ps0_1_pt0_33_j5_2.stl,0.014,9316,unsat
../resources/benchmarks/random0/b0_r5_c10_l100_i1000_ps0_1_pt0_33_j5_3.stl,0.03,17016.8,sat
../resources/benchmarks/random0/b0_r5_c10_l100_i1000_ps0_1_pt0_33_j5_4.stl,0.066,15473.6,sat
../resources/benchmarks/random0/b0_r5_c10_l100_i1000_ps0_1_pt0_33_j5_5.stl,-1,-1,TO
../resources/benchmarks/random0/b0_r5_c10_l100_i1000_ps0_1_pt0_5_j10_1.stl,-1,-1,TO
../resources/benchmarks/random0/b0_r5_c10_l100_i1000_ps0_1_pt0_5_j10_2.stl,15.73,127955.2,sat
../resources/benchmarks/random0/b0_r5_c10_l100_i1000_ps0_1_pt0_5_j10_3.stl,0.0,7777.6,unsat
../resources/benchmarks/random0/b0_r5_c10_l100_i1000_ps0_1_pt0_5_j10_4.stl,-1,-1,TO
../resources/benchmarks/random0/b0_r5_c10_l100_i1000_ps0_1_pt0_5_j10_5.stl,-1,-1,TO
../resources/benchmarks/random0/b0_r5_c10_l100_i1000_ps0_1_pt0_5_j5_1.stl,-1,-1,TO
../resources/benchmarks/random0/b0_r5_c10_l100_i1000_ps0_1_pt0_5_j5_2.stl,-1,-1,TO
../resources/benchmarks/random0/b0_r5_c10_l100_i1000_ps0_1_pt0_5_j5_3.stl,-1,-1,TO
../resources/benchmarks/random0/b0_r5_c10_l100_i1000_ps0_1_pt0_5_j5_4.stl,21.934,51744.8,sat
../resources/benchmarks/random0/b0_r5_c10_l100_i1000_ps0_1_pt0_5_j5_5.stl,4.806,20080,sat
../resources/benchmarks/random0/b0_r5_c10_l100_i1000_ps0_1_pt0_75_j10_1.stl,-1,-1,TO
../resources/benchmarks/random0/b0_r5_c10_l100_i1000_ps0_1_pt0_75_j10_2.stl,1.528,189367.2,sat
../resources/benchmarks/random0/b0_r5_c10_l100_i1000_ps0_1_pt0_75_j10_3.stl,-1,-1,TO
../resources/benchmarks/random0/b0_r5_c10_l100_i1000_ps0_1_pt0_75_j10_4.stl,3.472,39804.8,unsat
../resources/benchmarks/random0/b0_r5_c10_l100_i1000_ps0_1_pt0_75_j10_5.stl,0.154,55147.2,sat
../resources/benchmarks/random0/b0_r5_c10_l100_i1000_ps0_1_pt0_75_j5_1.stl,0.012,35189.6,sat
../resources/benchmarks/random0/b0_r5_c10_l100_i1000_ps0_1_pt0_75_j5_2.stl,0.586,109218.4,sat
../resources/benchmarks/random0/b0_r5_c10_l100_i1000_ps0_1_pt0_75_j5_3.stl,0.112,77572,sat
../resources/benchmarks/random0/b0_r5_c10_l100_i1000_ps0_1_pt0_75_j5_4.stl,1.258,88352,sat
../resources/benchmarks/random0/b0_r5_c10_l100_i1000_ps0_1_pt0_75_j5_5.stl,0.434,83721.6,sat
../resources/benchmarks/random0/b0_r5_c10_l100_i1000_ps0_1_pt0_95_j10_1.stl,-1,-1,TO
../resources/benchmarks/random0/b0_r5_c10_l100_i1000_ps0_1_pt0_95_j10_2.stl,-1,-1,TO
../resources/benchmarks/random0/b0_r5_c10_l100_i1000_ps0_1_pt0_95_j10_3.stl,0.02,32419.2,unsat
../resources/benchmarks/random0/b0_r5_c10_l100_i1000_ps0_1_pt0_95_j10_4.stl,-1,-1,TO
../resources/benchmarks/random0/b0_r5_c10_l100_i1000_ps0_1_pt0_95_j10_5.stl,-1,-1,TO
../resources/benchmarks/random0/b0_r5_c10_l100_i1000_ps0_1_pt0_95_j5_1.stl,0.664,87395.2,sat
../resources/benchmarks/random0/b0_r5_c10_l100_i1000_ps0_1_pt0_95_j5_2.stl,-1,-1,TO
../resources/benchmarks/random0/b0_r5_c10_l100_i1000_ps0_1_pt0_95_j5_3.stl,-1,-1,TO
../resources/benchmarks/random0/b0_r5_c10_l100_i1000_ps0_1_pt0_95_j5_4.stl,1.068,173110.4,sat
../resources/benchmarks/random0/b0_r5_c10_l100_i1000_ps0_1_pt0_95_j5_5.stl,0.236,76348.8,sat
../resources/benchmarks/random0/b0_r5_c10_l100_i1000_ps0_25_pt0_33_j10_1.stl,0.11,32105.6,unsat
../resources/benchmarks/random0/b0_r5_c10_l100_i1000_ps0_25_pt0_33_j10_2.stl,0.01,33016.8,unsat
../resources/benchmarks/random0/b0_r5_c10_l100_i1000_ps0_25_pt0_33_j10_3.stl,0.01,32725.6,unsat
../resources/benchmarks/random0/b0_r5_c10_l100_i1000_ps0_25_pt0_33_j10_4.stl,0.04,51792,sat
../resources/benchmarks/random0/b0_r5_c10_l100_i1000_ps0_25_pt0_33_j10_5.stl,0.0,7800.8,unsat
../resources/benchmarks/random0/b0_r5_c10_l100_i1000_ps0_25_pt0_33_j5_1.stl,-1,-1,TO
../resources/benchmarks/random0/b0_r5_c10_l100_i1000_ps0_25_pt0_33_j5_2.stl,0.01,33044.8,sat
../resources/benchmarks/random0/b0_r5_c10_l100_i1000_ps0_25_pt0_33_j5_3.stl,0.04,43501.6,sat
../resources/benchmarks/random0/b0_r5_c10_l100_i1000_ps0_25_pt0_33_j5_4.stl,0.214,53020.8,sat
../resources/benchmarks/random0/b0_r5_c10_l100_i1000_ps0_25_pt0_33_j5_5.stl,0.042,65302.4,sat
../resources/benchmarks/random0/b0_r5_c10_l100_i1000_ps0_25_pt0_5_j10_1.stl,0.06,49678.4,sat
../resources/benchmarks/random0/b0_r5_c10_l100_i1000_ps0_25_pt0_5_j10_2.stl,0.06,33011.2,unsat
../resources/benchmarks/random0/b0_r5_c10_l100_i1000_ps0_25_pt0_5_j10_3.stl,0.024,43489.6,sat
../resources/benchmarks/random0/b0_r5_c10_l100_i1000_ps0_25_pt0_5_j10_4.stl,0.452,32732,unsat
../resources/benchmarks/random0/b0_r5_c10_l100_i1000_ps0_25_pt0_5_j10_5.stl,0.042,63448.8,sat
../resources/benchmarks/random0/b0_r5_c10_l100_i1000_ps0_25_pt0_5_j5_1.stl,0.046,64358.4,sat
../resources/benchmarks/random0/b0_r5_c10_l100_i1000_ps0_25_pt0_5_j5_2.stl,0.188,54860,sat
../resources/benchmarks/random0/b0_r5_c10_l100_i1000_ps0_25_pt0_5_j5_3.stl,0.02,42552,sat
../resources/benchmarks/random0/b0_r5_c10_l100_i1000_ps0_25_pt0_5_j5_4.stl,0.052000000000000005,68378.4,sat
../resources/benchmarks/random0/b0_r5_c10_l100_i1000_ps0_25_pt0_5_j5_5.stl,0.21,52420,sat
../resources/benchmarks/random0/b0_r5_c10_l100_i1000_ps0_25_pt0_75_j10_1.stl,0.01,33036.8,unsat
../resources/benchmarks/random0/b0_r5_c10_l100_i1000_ps0_25_pt0_75_j10_2.stl,0.296,74200.8,sat
../resources/benchmarks/random0/b0_r5_c10_l100_i1000_ps0_25_pt0_75_j10_3.stl,0.05,71164,sat
../resources/benchmarks/random0/b0_r5_c10_l100_i1000_ps0_25_pt0_75_j10_4.stl,0.04,54549.6,sat
../resources/benchmarks/random0/b0_r5_c10_l100_i1000_ps0_25_pt0_75_j10_5.stl,14.196,66861.6,unsat
../resources/benchmarks/random0/b0_r5_c10_l100_i1000_ps0_25_pt0_75_j5_1.stl,0.0,7804,unsat
../resources/benchmarks/random0/b0_r5_c10_l100_i1000_ps0_25_pt0_75_j5_2.stl,0.04,63126.4,sat
../resources/benchmarks/random0/b0_r5_c10_l100_i1000_ps0_25_pt0_75_j5_3.stl,0.05,68672,sat
../resources/benchmarks/random0/b0_r5_c10_l100_i1000_ps0_25_pt0_75_j5_4.stl,0.04,63768,sat
../resources/benchmarks/random0/b0_r5_c10_l100_i1000_ps0_25_pt0_75_j5_5.stl,-1,-1,TO
../resources/benchmarks/random0/b0_r5_c10_l100_i1000_ps0_25_pt0_95_j10_1.stl,0.442,71106.4,sat
../resources/benchmarks/random0/b0_r5_c10_l100_i1000_ps0_25_pt0_95_j10_2.stl,-1,-1,TO
../resources/benchmarks/random0/b0_r5_c10_l100_i1000_ps0_25_pt0_95_j10_3.stl,-1,-1,TO
../resources/benchmarks/random0/b0_r5_c10_l100_i1000_ps0_25_pt0_95_j10_4.stl,-1,-1,TO
../resources/benchmarks/random0/b0_r5_c10_l100_i1000_ps0_25_pt0_95_j10_5.stl,5.452,45027.2,unsat
../resources/benchmarks/random0/b0_r5_c10_l100_i1000_ps0_25_pt0_95_j5_1.stl,0.008,9320.8,sat
../resources/benchmarks/random0/b0_r5_c10_l100_i1000_ps0_25_pt0_95_j5_2.stl,0.632,83410.4,sat
../resources/benchmarks/random0/b0_r5_c10_l100_i1000_ps0_25_pt0_95_j5_3.stl,0.124,51451.2,sat
../resources/benchmarks/random0/b0_r5_c10_l100_i1000_ps0_25_pt0_95_j5_4.stl,0.06,71456.8,sat
../resources/benchmarks/random0/b0_r5_c10_l100_i1000_ps0_25_pt0_95_j5_5.stl,0.02,37669.6,sat
../resources/benchmarks/random0/b0_r5_c10_l100_i1000_ps0_2_pt0_33_j10_1.stl,0.0,7812,unsat
../resources/benchmarks/random0/b0_r5_c10_l100_i1000_ps0_2_pt0_33_j10_2.stl,0.088,66816,sat
../resources/benchmarks/random0/b0_r5_c10_l100_i1000_ps0_2_pt0_33_j10_3.stl,0.0,7789.6,unsat
../resources/benchmarks/random0/b0_r5_c10_l100_i1000_ps0_2_pt0_33_j10_4.stl,0.636,35182.4,sat
../resources/benchmarks/random0/b0_r5_c10_l100_i1000_ps0_2_pt0_33_j10_5.stl,0.082,57590.4,sat
../resources/benchmarks/random0/b0_r5_c10_l100_i1000_ps0_2_pt0_33_j5_1.stl,0.05,58225.6,sat
../resources/benchmarks/random0/b0_r5_c10_l100_i1000_ps0_2_pt0_33_j5_2.stl,0.05,68376,sat
../resources/benchmarks/random0/b0_r5_c10_l100_i1000_ps0_2_pt0_33_j5_3.stl,0.01,33031.2,sat
../resources/benchmarks/random0/b0_r5_c10_l100_i1000_ps0_2_pt0_33_j5_4.stl,0.05,64048,sat
../resources/benchmarks/random0/b0_r5_c10_l100_i1000_ps0_2_pt0_33_j5_5.stl,0.0,7808.8,unsat
../resources/benchmarks/random0/b0_r5_c10_l100_i1000_ps0_2_pt0_5_j10_1.stl,0.0,7792.8,unsat
../resources/benchmarks/random0/b0_r5_c10_l100_i1000_ps0_2_pt0_5_j10_2.stl,0.078,60377.6,sat
../resources/benchmarks/random0/b0_r5_c10_l100_i1000_ps0_2_pt0_5_j10_3.stl,1.916,105831.2,sat
../resources/benchmarks/random0/b0_r5_c10_l100_i1000_ps0_2_pt0_5_j10_4.stl,0.494,76092.8,sat
../resources/benchmarks/random0/b0_r5_c10_l100_i1000_ps0_2_pt0_5_j10_5.stl,0.0,7821.6,unsat
../resources/benchmarks/random0/b0_r5_c10_l100_i1000_ps0_2_pt0_5_j5_1.stl,0.01,32420,sat
../resources/benchmarks/random0/b0_r5_c10_l100_i1000_ps0_2_pt0_5_j5_2.stl,-1,-1,TO
../resources/benchmarks/random0/b0_r5_c10_l100_i1000_ps0_2_pt0_5_j5_3.stl,0.744,69897.6,sat
../resources/benchmarks/random0/b0_r5_c10_l100_i1000_ps0_2_pt0_5_j5_4.stl,0.04,61005.6,sat
../resources/benchmarks/random0/b0_r5_c10_l100_i1000_ps0_2_pt0_5_j5_5.stl,0.244,73582.4,sat
../resources/benchmarks/random0/b0_r5_c10_l100_i1000_ps0_2_pt0_75_j10_1.stl,-1,-1,TO
../resources/benchmarks/random0/b0_r5_c10_l100_i1000_ps0_2_pt0_75_j10_2.stl,0.09,76633.6,sat
../resources/benchmarks/random0/b0_r5_c10_l100_i1000_ps0_2_pt0_75_j10_3.stl,-1,-1,TO
../resources/benchmarks/random0/b0_r5_c10_l100_i1000_ps0_2_pt0_75_j10_4.stl,-1,-1,TO
../resources/benchmarks/random0/b0_r5_c10_l100_i1000_ps0_2_pt0_75_j10_5.stl,-1,-1,TO
../resources/benchmarks/random0/b0_r5_c10_l100_i1000_ps0_2_pt0_75_j5_1.stl,0.1,64359.2,sat
../resources/benchmarks/random0/b0_r5_c10_l100_i1000_ps0_2_pt0_75_j5_2.stl,0.054,58240.8,sat
../resources/benchmarks/random0/b0_r5_c10_l100_i1000_ps0_2_pt0_75_j5_3.stl,1.146,84067.2,sat
../resources/benchmarks/random0/b0_r5_c10_l100_i1000_ps0_2_pt0_75_j5_4.stl,0.032,51165.6,sat
../resources/benchmarks/random0/b0_r5_c10_l100_i1000_ps0_2_pt0_75_j5_5.stl,0.0,7830.4,unsat
../resources/benchmarks/random0/b0_r5_c10_l100_i1000_ps0_2_pt0_95_j10_1.stl,-1,-1,TO
../resources/benchmarks/random0/b0_r5_c10_l100_i1000_ps0_2_pt0_95_j10_2.stl,0.02,32412.8,unsat
../resources/benchmarks/random0/b0_r5_c10_l100_i1000_ps0_2_pt0_95_j10_3.stl,-1,-1,TO
../resources/benchmarks/random0/b0_r5_c10_l100_i1000_ps0_2_pt0_95_j10_4.stl,-1,-1,TO
../resources/benchmarks/random0/b0_r5_c10_l100_i1000_ps0_2_pt0_95_j10_5.stl,-1,-1,TO
../resources/benchmarks/random0/b0_r5_c10_l100_i1000_ps0_2_pt0_95_j5_1.stl,0.13,48693.6,sat
../resources/benchmarks/random0/b0_r5_c10_l100_i1000_ps0_2_pt0_95_j5_2.stl,0.222,76035.2,sat
../resources/benchmarks/random0/b0_r5_c10_l100_i1000_ps0_2_pt0_95_j5_3.stl,0.778,74805.6,sat
../resources/benchmarks/random0/b0_r5_c10_l100_i1000_ps0_2_pt0_95_j5_4.stl,0.248,73281.6,sat
../resources/benchmarks/random0/b0_r5_c10_l100_i1000_ps0_2_pt0_95_j5_5.stl,0.134,45338.4,sat
../resources/benchmarks/random0/b0_r5_c10_l100_i50_ps0_05_pt0_33_j10_1.stl,-1,-1,TO
../resources/benchmarks/random0/b0_r5_c10_l100_i50_ps0_05_pt0_33_j10_2.stl,-1,-1,TO
../resources/benchmarks/random0/b0_r5_c10_l100_i50_ps0_05_pt0_33_j10_3.stl,-1,-1,TO
../resources/benchmarks/random0/b0_r5_c10_l100_i50_ps0_05_pt0_33_j10_4.stl,0.11,15493.6,unsat
../resources/benchmarks/random0/b0_r5_c10_l100_i50_ps0_05_pt0_33_j10_5.stl,-1,-1,TO
../resources/benchmarks/random0/b0_r5_c10_l100_i50_ps0_05_pt0_33_j5_1.stl,2.724,201380.8,sat
../resources/benchmarks/random0/b0_r5_c10_l100_i50_ps0_05_pt0_33_j5_2.stl,-1,-1,TO
../resources/benchmarks/random0/b0_r5_c10_l100_i50_ps0_05_pt0_33_j5_3.stl,-1,-1,TO
../resources/benchmarks/random0/b0_r5_c10_l100_i50_ps0_05_pt0_33_j5_4.stl,-1,-1,TO
../resources/benchmarks/random0/b0_r5_c10_l100_i50_ps0_05_pt0_33_j5_5.stl,-1,-1,TO
../resources/benchmarks/random0/b0_r5_c10_l100_i50_ps0_05_pt0_5_j10_1.stl,-1,-1,TO
../resources/benchmarks/random0/b0_r5_c10_l100_i50_ps0_05_pt0_5_j10_2.stl,-1,-1,TO
../resources/benchmarks/random0/b0_r5_c10_l100_i50_ps0_05_pt0_5_j10_3.stl,0.262,43516.8,unsat
../resources/benchmarks/random0/b0_r5_c10_l100_i50_ps0_05_pt0_5_j10_4.stl,-1,-1,TO
../resources/benchmarks/random0/b0_r5_c10_l100_i50_ps0_05_pt0_5_j10_5.stl,-1,-1,TO
../resources/benchmarks/random0/b0_r5_c10_l100_i50_ps0_05_pt0_5_j5_1.stl,-1,-1,TO
../resources/benchmarks/random0/b0_r5_c10_l100_i50_ps0_05_pt0_5_j5_2.stl,-1,-1,TO
../resources/benchmarks/random0/b0_r5_c10_l100_i50_ps0_05_pt0_5_j5_3.stl,-1,-1,TO
../resources/benchmarks/random0/b0_r5_c10_l100_i50_ps0_05_pt0_5_j5_4.stl,-1,-1,TO
../resources/benchmarks/random0/b0_r5_c10_l100_i50_ps0_05_pt0_5_j5_5.stl,0.688,109229.6,sat
../resources/benchmarks/random0/b0_r5_c10_l100_i50_ps0_05_pt0_75_j10_1.stl,-1,-1,TO
../resources/benchmarks/random0/b0_r5_c10_l100_i50_ps0_05_pt0_75_j10_2.stl,-1,-1,TO
../resources/benchmarks/random0/b0_r5_c10_l100_i50_ps0_05_pt0_75_j10_3.stl,-1,-1,TO
../resources/benchmarks/random0/b0_r5_c10_l100_i50_ps0_05_pt0_75_j10_4.stl,-1,-1,TO
../resources/benchmarks/random0/b0_r5_c10_l100_i50_ps0_05_pt0_75_j10_5.stl,0.08,13951.2,unsat
../resources/benchmarks/random0/b0_r5_c10_l100_i50_ps0_05_pt0_75_j5_1.stl,0.02,10881.6,unsat
../resources/benchmarks/random0/b0_r5_c10_l100_i50_ps0_05_pt0_75_j5_2.stl,-1,-1,TO
../resources/benchmarks/random0/b0_r5_c10_l100_i50_ps0_05_pt0_75_j5_3.stl,-1,-1,TO
../resources/benchmarks/random0/b0_r5_c10_l100_i50_ps0_05_pt0_75_j5_4.stl,-1,-1,TO
../resources/benchmarks/random0/b0_r5_c10_l100_i50_ps0_05_pt0_75_j5_5.stl,-1,-1,TO
../resources/benchmarks/random0/b0_r5_c10_l100_i50_ps0_05_pt0_95_j10_1.stl,-1,-1,TO
../resources/benchmarks/random0/b0_r5_c10_l100_i50_ps0_05_pt0_95_j10_2.stl,-1,-1,TO
../resources/benchmarks/random0/b0_r5_c10_l100_i50_ps0_05_pt0_95_j10_3.stl,-1,-1,TO
../resources/benchmarks/random0/b0_r5_c10_l100_i50_ps0_05_pt0_95_j10_4.stl,-1,-1,TO
../resources/benchmarks/random0/b0_r5_c10_l100_i50_ps0_05_pt0_95_j10_5.stl,-1,-1,TO
../resources/benchmarks/random0/b0_r5_c10_l100_i50_ps0_05_pt0_95_j5_1.stl,-1,-1,TO
../resources/benchmarks/random0/b0_r5_c10_l100_i50_ps0_05_pt0_95_j5_2.stl,-1,-1,TO
../resources/benchmarks/random0/b0_r5_c10_l100_i50_ps0_05_pt0_95_j5_3.stl,0.062,13932.8,unsat
../resources/benchmarks/random0/b0_r5_c10_l100_i50_ps0_05_pt0_95_j5_4.stl,-1,-1,TO
../resources/benchmarks/random0/b0_r5_c10_l100_i50_ps0_05_pt0_95_j5_5.stl,-1,-1,TO
../resources/benchmarks/random0/b0_r5_c10_l100_i50_ps0_15_pt0_33_j10_1.stl,1.082,34889.6,unsat
../resources/benchmarks/random0/b0_r5_c10_l100_i50_ps0_15_pt0_33_j10_2.stl,0.508,80342.4,sat
../resources/benchmarks/random0/b0_r5_c10_l100_i50_ps0_15_pt0_33_j10_3.stl,0.0,7820.8,unsat
../resources/benchmarks/random0/b0_r5_c10_l100_i50_ps0_15_pt0_33_j10_4.stl,0.248,60989.6,sat
../resources/benchmarks/random0/b0_r5_c10_l100_i50_ps0_15_pt0_33_j10_5.stl,0.22,57619.2,sat
../resources/benchmarks/random0/b0_r5_c10_l100_i50_ps0_15_pt0_33_j5_1.stl,0.028,43776,sat
../resources/benchmarks/random0/b0_r5_c10_l100_i50_ps0_15_pt0_33_j5_2.stl,0.018000000000000002,33034.4,sat
../resources/benchmarks/random0/b0_r5_c10_l100_i50_ps0_15_pt0_33_j5_3.stl,0.01,33351.2,sat
../resources/benchmarks/random0/b0_r5_c10_l100_i50_ps0_15_pt0_33_j5_4.stl,0.06,56668.8,sat
../resources/benchmarks/random0/b0_r5_c10_l100_i50_ps0_15_pt0_33_j5_5.stl,-1,-1,TO
../resources/benchmarks/random0/b0_r5_c10_l100_i50_ps0_15_pt0_5_j10_1.stl,0.19,51764.8,sat
../resources/benchmarks/random0/b0_r5_c10_l100_i50_ps0_15_pt0_5_j10_2.stl,0.01,32739.2,unsat
../resources/benchmarks/random0/b0_r5_c10_l100_i50_ps0_15_pt0_5_j10_3.stl,-1,-1,TO
../resources/benchmarks/random0/b0_r5_c10_l100_i50_ps0_15_pt0_5_j10_4.stl,0.0,7800,unsat
../resources/benchmarks/random0/b0_r5_c10_l100_i50_ps0_15_pt0_5_j10_5.stl,0.0,7808.8,unsat
../resources/benchmarks/random0/b0_r5_c10_l100_i50_ps0_15_pt0_5_j5_1.stl,0.02,34596.8,unsat
../resources/benchmarks/random0/b0_r5_c10_l100_i50_ps0_15_pt0_5_j5_2.stl,0.012,33048.8,unsat
../resources/benchmarks/random0/b0_r5_c10_l100_i50_ps0_15_pt0_5_j5_3.stl,0.4,64691.2,sat
../resources/benchmarks/random0/b0_r5_c10_l100_i50_ps0_15_pt0_5_j5_4.stl,0.02,36105.6,sat
../resources/benchmarks/random0/b0_r5_c10_l100_i50_ps0_15_pt0_5_j5_5.stl,-1,-1,TO
../resources/benchmarks/random0/b0_r5_c10_l100_i50_ps0_15_pt0_75_j10_1.stl,21.894,101239.2,sat
../resources/benchmarks/random0/b0_r5_c10_l100_i50_ps0_15_pt0_75_j10_2.stl,-1,-1,TO
../resources/benchmarks/random0/b0_r5_c10_l100_i50_ps0_15_pt0_75_j10_3.stl,-1,-1,TO
../resources/benchmarks/random0/b0_r5_c10_l100_i50_ps0_15_pt0_75_j10_4.stl,-1,-1,TO
../resources/benchmarks/random0/b0_r5_c10_l100_i50_ps0_15_pt0_75_j10_5.stl,-1,-1,TO
../resources/benchmarks/random0/b0_r5_c10_l100_i50_ps0_15_pt0_75_j5_1.stl,0.112,68045.6,sat
../resources/benchmarks/random0/b0_r5_c10_l100_i50_ps0_15_pt0_75_j5_2.stl,-1,-1,TO
../resources/benchmarks/random0/b0_r5_c10_l100_i50_ps0_15_pt0_75_j5_3.stl,0.04,51772.8,sat
../resources/benchmarks/random0/b0_r5_c10_l100_i50_ps0_15_pt0_75_j5_4.stl,0.048,50536.8,sat
../resources/benchmarks/random0/b0_r5_c10_l100_i50_ps0_15_pt0_75_j5_5.stl,0.314,64963.2,sat
../resources/benchmarks/random0/b0_r5_c10_l100_i50_ps0_15_pt0_95_j10_1.stl,-1,-1,TO
../resources/benchmarks/random0/b0_r5_c10_l100_i50_ps0_15_pt0_95_j10_2.stl,0.0,7830.4,unsat
../resources/benchmarks/random0/b0_r5_c10_l100_i50_ps0_15_pt0_95_j10_3.stl,0.0,7803.2,unsat
../resources/benchmarks/random0/b0_r5_c10_l100_i50_ps0_15_pt0_95_j10_4.stl,0.252,37959.2,sat
../resources/benchmarks/random0/b0_r5_c10_l100_i50_ps0_15_pt0_95_j10_5.stl,-1,-1,TO
../resources/benchmarks/random0/b0_r5_c10_l100_i50_ps0_15_pt0_95_j5_1.stl,0.14,49632,sat
../resources/benchmarks/random0/b0_r5_c10_l100_i50_ps0_15_pt0_95_j5_2.stl,-1,-1,TO
../resources/benchmarks/random0/b0_r5_c10_l100_i50_ps0_15_pt0_95_j5_3.stl,0.09,58224.8,sat
../resources/benchmarks/random0/b0_r5_c10_l100_i50_ps0_15_pt0_95_j5_4.stl,-1,-1,TO
../resources/benchmarks/random0/b0_r5_c10_l100_i50_ps0_15_pt0_95_j5_5.stl,-1,-1,TO
../resources/benchmarks/random0/b0_r5_c10_l100_i50_ps0_1_pt0_33_j10_1.stl,-1,-1,TO
../resources/benchmarks/random0/b0_r5_c10_l100_i50_ps0_1_pt0_33_j10_2.stl,2.172,58214.4,sat
../resources/benchmarks/random0/b0_r5_c10_l100_i50_ps0_1_pt0_33_j10_3.stl,3.936,109216,sat
../resources/benchmarks/random0/b0_r5_c10_l100_i50_ps0_1_pt0_33_j10_4.stl,8.376,78216,sat
../resources/benchmarks/random0/b0_r5_c10_l100_i50_ps0_1_pt0_33_j10_5.stl,0.0,7801.6,unsat
../resources/benchmarks/random0/b0_r5_c10_l100_i50_ps0_1_pt0_33_j5_1.stl,0.03,40719.2,sat
../resources/benchmarks/random0/b0_r5_c10_l100_i50_ps0_1_pt0_33_j5_2.stl,0.044000000000000004,54536,sat
../resources/benchmarks/random0/b0_r5_c10_l100_i50_ps0_1_pt0_33_j5_3.stl,0.03,48385.6,sat
../resources/benchmarks/random0/b0_r5_c10_l100_i50_ps0_1_pt0_33_j5_4.stl,0.012,33947.2,sat
../resources/benchmarks/random0/b0_r5_c10_l100_i50_ps0_1_pt0_33_j5_5.stl,0.214,66840.8,sat
../resources/benchmarks/random0/b0_r5_c10_l100_i50_ps0_1_pt0_5_j10_1.stl,0.0,7790.4,unsat
../resources/benchmarks/random0/b0_r5_c10_l100_i50_ps0_1_pt0_5_j10_2.stl,-1,-1,TO
../resources/benchmarks/random0/b0_r5_c10_l100_i50_ps0_1_pt0_5_j10_3.stl,0.02,33332,unsat
../resources/benchmarks/random0/b0_r5_c10_l100_i50_ps0_1_pt0_5_j10_4.stl,1.484,88631.2,sat
../resources/benchmarks/random0/b0_r5_c10_l100_i50_ps0_1_pt0_5_j10_5.stl,0.354,71132,sat
../resources/benchmarks/random0/b0_r5_c10_l100_i50_ps0_1_pt0_5_j5_1.stl,-1,-1,TO
../resources/benchmarks/random0/b0_r5_c10_l100_i50_ps0_1_pt0_5_j5_2.stl,0.256,58203.2,sat
../resources/benchmarks/random0/b0_r5_c10_l100_i50_ps0_1_pt0_5_j5_3.stl,0.24,72640,sat
../resources/benchmarks/random0/b0_r5_c10_l100_i50_ps0_1_pt0_5_j5_4.stl,-1,-1,TO
../resources/benchmarks/random0/b0_r5_c10_l100_i50_ps0_1_pt0_5_j5_5.stl,0.24,80348,sat
../resources/benchmarks/random0/b0_r5_c10_l100_i50_ps0_1_pt0_75_j10_1.stl,0.198,59138.4,sat
../resources/benchmarks/random0/b0_r5_c10_l100_i50_ps0_1_pt0_75_j10_2.stl,-1,-1,TO
../resources/benchmarks/random0/b0_r5_c10_l100_i50_ps0_1_pt0_75_j10_3.stl,-1,-1,TO
../resources/benchmarks/random0/b0_r5_c10_l100_i50_ps0_1_pt0_75_j10_4.stl,-1,-1,TO
../resources/benchmarks/random0/b0_r5_c10_l100_i50_ps0_1_pt0_75_j10_5.stl,0.16,56369.6,sat
../resources/benchmarks/random0/b0_r5_c10_l100_i50_ps0_1_pt0_75_j5_1.stl,0.04,49643.2,sat
../resources/benchmarks/random0/b0_r5_c10_l100_i50_ps0_1_pt0_75_j5_2.stl,0.416,155600,sat
../resources/benchmarks/random0/b0_r5_c10_l100_i50_ps0_1_pt0_75_j5_3.stl,0.16,59158.4,sat
../resources/benchmarks/random0/b0_r5_c10_l100_i50_ps0_1_pt0_75_j5_4.stl,-1,-1,TO
../resources/benchmarks/random0/b0_r5_c10_l100_i50_ps0_1_pt0_75_j5_5.stl,-1,-1,TO
../resources/benchmarks/random0/b0_r5_c10_l100_i50_ps0_1_pt0_95_j10_1.stl,-1,-1,TO
../resources/benchmarks/random0/b0_r5_c10_l100_i50_ps0_1_pt0_95_j10_2.stl,-1,-1,TO
../resources/benchmarks/random0/b0_r5_c10_l100_i50_ps0_1_pt0_95_j10_3.stl,0.02,10868,unsat
../resources/benchmarks/random0/b0_r5_c10_l100_i50_ps0_1_pt0_95_j10_4.stl,-1,-1,TO
../resources/benchmarks/random0/b0_r5_c10_l100_i50_ps0_1_pt0_95_j10_5.stl,-1,-1,TO
../resources/benchmarks/random0/b0_r5_c10_l100_i50_ps0_1_pt0_95_j5_1.stl,-1,-1,TO
../resources/benchmarks/random0/b0_r5_c10_l100_i50_ps0_1_pt0_95_j5_2.stl,54.874,177724.8,sat
../resources/benchmarks/random0/b0_r5_c10_l100_i50_ps0_1_pt0_95_j5_3.stl,0.11,48384.8,sat
../resources/benchmarks/random0/b0_r5_c10_l100_i50_ps0_1_pt0_95_j5_4.stl,-1,-1,TO
../resources/benchmarks/random0/b0_r5_c10_l100_i50_ps0_1_pt0_95_j5_5.stl,0.256,59140.8,sat
../resources/benchmarks/random0/b0_r5_c10_l100_i50_ps0_25_pt0_33_j10_1.stl,0.0,7823.2,unsat
../resources/benchmarks/random0/b0_r5_c10_l100_i50_ps0_25_pt0_33_j10_2.stl,0.01,33031.2,unsat
../resources/benchmarks/random0/b0_r5_c10_l100_i50_ps0_25_pt0_33_j10_3.stl,0.0,7806.4,unsat
../resources/benchmarks/random0/b0_r5_c10_l100_i50_ps0_25_pt0_33_j10_4.stl,0.014,35499.2,sat
../resources/benchmarks/random0/b0_r5_c10_l100_i50_ps0_25_pt0_33_j10_5.stl,0.0,7774.4,unsat
../resources/benchmarks/random0/b0_r5_c10_l100_i50_ps0_25_pt0_33_j5_1.stl,0.01,33361.6,unsat
../resources/benchmarks/random0/b0_r5_c10_l100_i50_ps0_25_pt0_33_j5_2.stl,0.01,36737.6,sat
../resources/benchmarks/random0/b0_r5_c10_l100_i50_ps0_25_pt0_33_j5_3.stl,0.0,7780,unsat
../resources/benchmarks/random0/b0_r5_c10_l100_i50_ps0_25_pt0_33_j5_4.stl,0.0,7473.6,unsat
../resources/benchmarks/random0/b0_r5_c10_l100_i50_ps0_25_pt0_33_j5_5.stl,0.01,32408,sat
../resources/benchmarks/random0/b0_r5_c10_l100_i50_ps0_25_pt0_5_j10_1.stl,-1,-1,TO
../resources/benchmarks/random0/b0_r5_c10_l100_i50_ps0_25_pt0_5_j10_2.stl,0.02,33334.4,unsat
../resources/benchmarks/random0/b0_r5_c10_l100_i50_ps0_25_pt0_5_j10_3.stl,0.0,7789.6,unsat
../resources/benchmarks/random0/b0_r5_c10_l100_i50_ps0_25_pt0_5_j10_4.stl,0.1,46886.4,sat
../resources/benchmarks/random0/b0_r5_c10_l100_i50_ps0_25_pt0_5_j10_5.stl,0.04,52678.4,sat
../resources/benchmarks/random0/b0_r5_c10_l100_i50_ps0_25_pt0_5_j5_1.stl,0.052000000000000005,45342.4,sat
../resources/benchmarks/random0/b0_r5_c10_l100_i50_ps0_25_pt0_5_j5_2.stl,0.03,45635.2,sat
../resources/benchmarks/random0/b0_r5_c10_l100_i50_ps0_25_pt0_5_j5_3.stl,0.04,52708.8,sat
../resources/benchmarks/random0/b0_r5_c10_l100_i50_ps0_25_pt0_5_j5_4.stl,0.022,45324.8,sat
../resources/benchmarks/random0/b0_r5_c10_l100_i50_ps0_25_pt0_5_j5_5.stl,0.158,50536.8,sat
../resources/benchmarks/random0/b0_r5_c10_l100_i50_ps0_25_pt0_75_j10_1.stl,2.042,59460,sat
../resources/benchmarks/random0/b0_r5_c10_l100_i50_ps0_25_pt0_75_j10_2.stl,-1,-1,TO
../resources/benchmarks/random0/b0_r5_c10_l100_i50_ps0_25_pt0_75_j10_3.stl,2.952,65587.2,sat
../resources/benchmarks/random0/b0_r5_c10_l100_i50_ps0_25_pt0_75_j10_4.stl,0.01,32753.6,unsat
../resources/benchmarks/random0/b0_r5_c10_l100_i50_ps0_25_pt0_75_j10_5.stl,-1,-1,TO
../resources/benchmarks/random0/b0_r5_c10_l100_i50_ps0_25_pt0_75_j5_1.stl,0.0,7844,sat
../resources/benchmarks/random0/b0_r5_c10_l100_i50_ps0_25_pt0_75_j5_2.stl,0.01,9327.2,sat
../resources/benchmarks/random0/b0_r5_c10_l100_i50_ps0_25_pt0_75_j5_3.stl,0.0,7835.2,unsat
../resources/benchmarks/random0/b0_r5_c10_l100_i50_ps0_25_pt0_75_j5_4.stl,-1,-1,TO
../resources/benchmarks/random0/b0_r5_c10_l100_i50_ps0_25_pt0_75_j5_5.stl,0.0,7773.6,sat
../resources/benchmarks/random0/b0_r5_c10_l100_i50_ps0_25_pt0_95_j10_1.stl,-1,-1,TO
../resources/benchmarks/random0/b0_r5_c10_l100_i50_ps0_25_pt0_95_j10_2.stl,0.07200000000000001,60674.4,sat
../resources/benchmarks/random0/b0_r5_c10_l100_i50_ps0_25_pt0_95_j10_3.stl,0.658,63480,sat
../resources/benchmarks/random0/b0_r5_c10_l100_i50_ps0_25_pt0_95_j10_4.stl,0.2,53314.4,sat
../resources/benchmarks/random0/b0_r5_c10_l100_i50_ps0_25_pt0_95_j10_5.stl,0.08,51766.4,sat
../resources/benchmarks/random0/b0_r5_c10_l100_i50_ps0_25_pt0_95_j5_1.stl,0.14200000000000002,50879.2,sat
../resources/benchmarks/random0/b0_r5_c10_l100_i50_ps0_25_pt0_95_j5_2.stl,-1,-1,TO
../resources/benchmarks/random0/b0_r5_c10_l100_i50_ps0_25_pt0_95_j5_3.stl,0.312,62222.4,sat
../resources/benchmarks/random0/b0_r5_c10_l100_i50_ps0_25_pt0_95_j5_4.stl,-1,-1,TO
../resources/benchmarks/random0/b0_r5_c10_l100_i50_ps0_25_pt0_95_j5_5.stl,0.05,48410.4,sat
../resources/benchmarks/random0/b0_r5_c10_l100_i50_ps0_2_pt0_33_j10_1.stl,0.038,51491.2,sat
../resources/benchmarks/random0/b0_r5_c10_l100_i50_ps0_2_pt0_33_j10_2.stl,-1,-1,TO
../resources/benchmarks/random0/b0_r5_c10_l100_i50_ps0_2_pt0_33_j10_3.stl,0.01,33029.6,unsat
../resources/benchmarks/random0/b0_r5_c10_l100_i50_ps0_2_pt0_33_j10_4.stl,0.19,54564.8,sat
../resources/benchmarks/random0/b0_r5_c10_l100_i50_ps0_2_pt0_33_j10_5.stl,0.03,33059.2,unsat
../resources/benchmarks/random0/b0_r5_c10_l100_i50_ps0_2_pt0_33_j5_1.stl,0.03,48390.4,sat
../resources/benchmarks/random0/b0_r5_c10_l100_i50_ps0_2_pt0_33_j5_2.stl,0.02,39195.2,sat
../resources/benchmarks/random0/b0_r5_c10_l100_i50_ps0_2_pt0_33_j5_3.stl,0.096,45024,sat
../resources/benchmarks/random0/b0_r5_c10_l100_i50_ps0_2_pt0_33_j5_4.stl,0.02,38872.8,sat
../resources/benchmarks/random0/b0_r5_c10_l100_i50_ps0_2_pt0_33_j5_5.stl,0.02,44710.4,sat
../resources/benchmarks/random0/b0_r5_c10_l100_i50_ps0_2_pt0_5_j10_1.stl,0.0,7800.8,unsat
../resources/benchmarks/random0/b0_r5_c10_l100_i50_ps0_2_pt0_5_j10_2.stl,-1,-1,TO
../resources/benchmarks/random0/b0_r5_c10_l100_i50_ps0_2_pt0_5_j10_3.stl,0.36,90489.6,sat
../resources/benchmarks/random0/b0_r5_c10_l100_i50_ps0_2_pt0_5_j10_4.stl,17.854,52389.6,sat
../resources/benchmarks/random0/b0_r5_c10_l100_i50_ps0_2_pt0_5_j10_5.stl,0.276,53288.8,sat
../resources/benchmarks/random0/b0_r5_c10_l100_i50_ps0_2_pt0_5_j5_1.stl,0.02,40744,sat
../resources/benchmarks/random0/b0_r5_c10_l100_i50_ps0_2_pt0_5_j5_2.stl,0.012,34889.6,sat
../resources/benchmarks/random0/b0_r5_c10_l100_i50_ps0_2_pt0_5_j5_3.stl,0.02,41317.6,sat
../resources/benchmarks/random0/b0_r5_c10_l100_i50_ps0_2_pt0_5_j5_4.stl,0.012,35793.6,sat
../resources/benchmarks/random0/b0_r5_c10_l100_i50_ps0_2_pt0_5_j5_5.stl,0.01,33982.4,sat
../resources/benchmarks/random0/b0_r5_c10_l100_i50_ps0_2_pt0_75_j10_1.stl,-1,-1,TO
../resources/benchmarks/random0/b0_r5_c10_l100_i50_ps0_2_pt0_75_j10_2.stl,0.06,55784,sat
../resources/benchmarks/random0/b0_r5_c10_l100_i50_ps0_2_pt0_75_j10_3.stl,-1,-1,TO
../resources/benchmarks/random0/b0_r5_c10_l100_i50_ps0_2_pt0_75_j10_4.stl,0.16,57924.8,sat
../resources/benchmarks/random0/b0_r5_c10_l100_i50_ps0_2_pt0_75_j10_5.stl,-1,-1,TO
../resources/benchmarks/random0/b0_r5_c10_l100_i50_ps0_2_pt0_75_j5_1.stl,0.02,37638.4,sat
../resources/benchmarks/random0/b0_r5_c10_l100_i50_ps0_2_pt0_75_j5_2.stl,0.01,34584,sat
../resources/benchmarks/random0/b0_r5_c10_l100_i50_ps0_2_pt0_75_j5_3.stl,0.368,63453.6,sat
../resources/benchmarks/random0/b0_r5_c10_l100_i50_ps0_2_pt0_75_j5_4.stl,0.02,37332.8,sat
../resources/benchmarks/random0/b0_r5_c10_l100_i50_ps0_2_pt0_75_j5_5.stl,0.02,38569.6,sat
../resources/benchmarks/random0/b0_r5_c10_l100_i50_ps0_2_pt0_95_j10_1.stl,-1,-1,TO
../resources/benchmarks/random0/b0_r5_c10_l100_i50_ps0_2_pt0_95_j10_2.stl,-1,-1,TO
../resources/benchmarks/random0/b0_r5_c10_l100_i50_ps0_2_pt0_95_j10_3.stl,-1,-1,TO
../resources/benchmarks/random0/b0_r5_c10_l100_i50_ps0_2_pt0_95_j10_4.stl,-1,-1,TO
../resources/benchmarks/random0/b0_r5_c10_l100_i50_ps0_2_pt0_95_j10_5.stl,0.01,32439.2,unsat
../resources/benchmarks/random0/b0_r5_c10_l100_i50_ps0_2_pt0_95_j5_1.stl,0.06,61937.6,sat
../resources/benchmarks/random0/b0_r5_c10_l100_i50_ps0_2_pt0_95_j5_2.stl,0.414,83418.4,sat
../resources/benchmarks/random0/b0_r5_c10_l100_i50_ps0_2_pt0_95_j5_3.stl,0.062,54198.4,sat
../resources/benchmarks/random0/b0_r5_c10_l100_i50_ps0_2_pt0_95_j5_4.stl,0.07,43490.4,sat
../resources/benchmarks/random0/b0_r5_c10_l100_i50_ps0_2_pt0_95_j5_5.stl,0.04,50259.2,sat
../resources/benchmarks/random0/b0_r5_c10_l5000_i1000_ps0_05_pt0_33_j10_1.stl,-1,-1,TO
../resources/benchmarks/random0/b0_r5_c10_l5000_i1000_ps0_05_pt0_33_j10_2.stl,-1,-1,TO
../resources/benchmarks/random0/b0_r5_c10_l5000_i1000_ps0_05_pt0_33_j10_3.stl,-1,-1,TO
../resources/benchmarks/random0/b0_r5_c10_l5000_i1000_ps0_05_pt0_33_j10_4.stl,-1,-1,TO
../resources/benchmarks/random0/b0_r5_c10_l5000_i1000_ps0_05_pt0_33_j10_5.stl,-1,-1,TO
../resources/benchmarks/random0/b0_r5_c10_l5000_i1000_ps0_05_pt0_33_j5_1.stl,-1,-1,TO
../resources/benchmarks/random0/b0_r5_c10_l5000_i1000_ps0_05_pt0_33_j5_2.stl,-1,-1,TO
../resources/benchmarks/random0/b0_r5_c10_l5000_i1000_ps0_05_pt0_33_j5_3.stl,-1,-1,TO
../resources/benchmarks/random0/b0_r5_c10_l5000_i1000_ps0_05_pt0_33_j5_4.stl,114.636,1516208.8,sat
../resources/benchmarks/random0/b0_r5_c10_l5000_i1000_ps0_05_pt0_33_j5_5.stl,-1,-1,TO
../resources/benchmarks/random0/b0_r5_c10_l5000_i1000_ps0_05_pt0_5_j10_1.stl,-1,-1,TO
../resources/benchmarks/random0/b0_r5_c10_l5000_i1000_ps0_05_pt0_5_j10_2.stl,-1,-1,TO
../resources/benchmarks/random0/b0_r5_c10_l5000_i1000_ps0_05_pt0_5_j10_3.stl,0.514,60682.4,unsat
../resources/benchmarks/random0/b0_r5_c10_l5000_i1000_ps0_05_pt0_5_j10_4.stl,-1,-1,TO
../resources/benchmarks/random0/b0_r5_c10_l5000_i1000_ps0_05_pt0_5_j10_5.stl,-1,-1,TO
../resources/benchmarks/random0/b0_r5_c10_l5000_i1000_ps0_05_pt0_5_j5_1.stl,-1,-1,TO
../resources/benchmarks/random0/b0_r5_c10_l5000_i1000_ps0_05_pt0_5_j5_2.stl,32.432,2332759.2,sat
../resources/benchmarks/random0/b0_r5_c10_l5000_i1000_ps0_05_pt0_5_j5_3.stl,-1,-1,TO
../resources/benchmarks/random0/b0_r5_c10_l5000_i1000_ps0_05_pt0_5_j5_4.stl,-1,-1,TO
../resources/benchmarks/random0/b0_r5_c10_l5000_i1000_ps0_05_pt0_5_j5_5.stl,-1,-1,TO
../resources/benchmarks/random0/b0_r5_c10_l5000_i1000_ps0_05_pt0_75_j10_1.stl,-1,-1,TO
../resources/benchmarks/random0/b0_r5_c10_l5000_i1000_ps0_05_pt0_75_j10_2.stl,-1,-1,TO
../resources/benchmarks/random0/b0_r5_c10_l5000_i1000_ps0_05_pt0_75_j10_3.stl,-1,-1,TO
../resources/benchmarks/random0/b0_r5_c10_l5000_i1000_ps0_05_pt0_75_j10_4.stl,-1,-1,TO
../resources/benchmarks/random0/b0_r5_c10_l5000_i1000_ps0_05_pt0_75_j10_5.stl,-1,-1,TO
../resources/benchmarks/random0/b0_r5_c10_l5000_i1000_ps0_05_pt0_75_j5_1.stl,-1,-1,TO
../resources/benchmarks/random0/b0_r5_c10_l5000_i1000_ps0_05_pt0_75_j5_2.stl,-1,-1,TO
../resources/benchmarks/random0/b0_r5_c10_l5000_i1000_ps0_05_pt0_75_j5_3.stl,-1,-1,TO
../resources/benchmarks/random0/b0_r5_c10_l5000_i1000_ps0_05_pt0_75_j5_4.stl,-1,-1,TO
../resources/benchmarks/random0/b0_r5_c10_l5000_i1000_ps0_05_pt0_75_j5_5.stl,-1,-1,TO
../resources/benchmarks/random0/b0_r5_c10_l5000_i1000_ps0_05_pt0_95_j10_1.stl,-1,-1,TO
../resources/benchmarks/random0/b0_r5_c10_l5000_i1000_ps0_05_pt0_95_j10_2.stl,-1,-1,TO
../resources/benchmarks/random0/b0_r5_c10_l5000_i1000_ps0_05_pt0_95_j10_3.stl,-1,-1,TO
../resources/benchmarks/random0/b0_r5_c10_l5000_i1000_ps0_05_pt0_95_j10_4.stl,-1,-1,TO
../resources/benchmarks/random0/b0_r5_c10_l5000_i1000_ps0_05_pt0_95_j10_5.stl,-1,-1,TO
../resources/benchmarks/random0/b0_r5_c10_l5000_i1000_ps0_05_pt0_95_j5_1.stl,-1,-1,OOM
../resources/benchmarks/random0/b0_r5_c10_l5000_i1000_ps0_05_pt0_95_j5_2.stl,-1,-1,TO
../resources/benchmarks/random0/b0_r5_c10_l5000_i1000_ps0_05_pt0_95_j5_3.stl,-1,-1,TO
../resources/benchmarks/random0/b0_r5_c10_l5000_i1000_ps0_05_pt0_95_j5_4.stl,-1,-1,TO
../resources/benchmarks/random0/b0_r5_c10_l5000_i1000_ps0_05_pt0_95_j5_5.stl,-1,-1,TO
../resources/benchmarks/random0/b0_r5_c10_l5000_i1000_ps0_15_pt0_33_j10_1.stl,1.07,155600.8,sat
../resources/benchmarks/random0/b0_r5_c10_l5000_i1000_ps0_15_pt0_33_j10_2.stl,-1,-1,TO
../resources/benchmarks/random0/b0_r5_c10_l5000_i1000_ps0_15_pt0_33_j10_3.stl,107.386,650800,sat
../resources/benchmarks/random0/b0_r5_c10_l5000_i1000_ps0_15_pt0_33_j10_4.stl,1.738,696614.4,sat
../resources/benchmarks/random0/b0_r5_c10_l5000_i1000_ps0_15_pt0_33_j10_5.stl,58.284,460348.8,sat
../resources/benchmarks/random0/b0_r5_c10_l5000_i1000_ps0_15_pt0_33_j5_1.stl,0.14,154685.6,sat
../resources/benchmarks/random0/b0_r5_c10_l5000_i1000_ps0_15_pt0_33_j5_2.stl,0.01,33028.8,sat
../resources/benchmarks/random0/b0_r5_c10_l5000_i1000_ps0_15_pt0_33_j5_3.stl,0.01,33068.8,sat
../resources/benchmarks/random0/b0_r5_c10_l5000_i1000_ps0_15_pt0_33_j5_4.stl,-1,-1,TO
../resources/benchmarks/random0/b0_r5_c10_l5000_i1000_ps0_15_pt0_33_j5_5.stl,67.158,765720.8,sat
../resources/benchmarks/random0/b0_r5_c10_l5000_i1000_ps0_15_pt0_5_j10_1.stl,-1,-1,TO
../resources/benchmarks/random0/b0_r5_c10_l5000_i1000_ps0_15_pt0_5_j10_2.stl,-1,-1,TO
../resources/benchmarks/random0/b0_r5_c10_l5000_i1000_ps0_15_pt0_5_j10_3.stl,-1,-1,TO
../resources/benchmarks/random0/b0_r5_c10_l5000_i1000_ps0_15_pt0_5_j10_4.stl,57.134,466196,sat
../resources/benchmarks/random0/b0_r5_c10_l5000_i1000_ps0_15_pt0_5_j10_5.stl,0.01,32737.6,unsat
../resources/benchmarks/random0/b0_r5_c10_l5000_i1000_ps0_15_pt0_5_j5_1.stl,69.254,404159.2,sat
../resources/benchmarks/random0/b0_r5_c10_l5000_i1000_ps0_15_pt0_5_j5_2.stl,-1,-1,TO
../resources/benchmarks/random0/b0_r5_c10_l5000_i1000_ps0_15_pt0_5_j5_3.stl,75.848,413038.4,sat
../resources/benchmarks/random0/b0_r5_c10_l5000_i1000_ps0_15_pt0_5_j5_4.stl,0.02,33028,unsat
../resources/benchmarks/random0/b0_r5_c10_l5000_i1000_ps0_15_pt0_5_j5_5.stl,37.72,386950.4,sat
../resources/benchmarks/random0/b0_r5_c10_l5000_i1000_ps0_15_pt0_75_j10_1.stl,-1,-1,TO
../resources/benchmarks/random0/b0_r5_c10_l5000_i1000_ps0_15_pt0_75_j10_2.stl,1.182,478469.6,sat
../resources/benchmarks/random0/b0_r5_c10_l5000_i1000_ps0_15_pt0_75_j10_3.stl,-1,-1,TO
../resources/benchmarks/random0/b0_r5_c10_l5000_i1000_ps0_15_pt0_75_j10_4.stl,-1,-1,TO
../resources/benchmarks/random0/b0_r5_c10_l5000_i1000_ps0_15_pt0_75_j10_5.stl,-1,-1,TO
../resources/benchmarks/random0/b0_r5_c10_l5000_i1000_ps0_15_pt0_75_j5_1.stl,0.07400000000000001,71427.2,sat
../resources/benchmarks/random0/b0_r5_c10_l5000_i1000_ps0_15_pt0_75_j5_2.stl,-1,-1,TO
../resources/benchmarks/random0/b0_r5_c10_l5000_i1000_ps0_15_pt0_75_j5_3.stl,-1,-1,TO
../resources/benchmarks/random0/b0_r5_c10_l5000_i1000_ps0_15_pt0_75_j5_4.stl,-1,-1,TO
../resources/benchmarks/random0/b0_r5_c10_l5000_i1000_ps0_15_pt0_75_j5_5.stl,-1,-1,TO
../resources/benchmarks/random0/b0_r5_c10_l5000_i1000_ps0_15_pt0_95_j10_1.stl,-1,-1,TO
../resources/benchmarks/random0/b0_r5_c10_l5000_i1000_ps0_15_pt0_95_j10_2.stl,0.02,33029.6,unsat
../resources/benchmarks/random0/b0_r5_c10_l5000_i1000_ps0_15_pt0_95_j10_3.stl,-1,-1,TO
../resources/benchmarks/random0/b0_r5_c10_l5000_i1000_ps0_15_pt0_95_j10_4.stl,0.01,32401.6,unsat
../resources/benchmarks/random0/b0_r5_c10_l5000_i1000_ps0_15_pt0_95_j10_5.stl,-1,-1,TO
../resources/benchmarks/random0/b0_r5_c10_l5000_i1000_ps0_15_pt0_95_j5_1.stl,5.5120000000000005,332572,sat
../resources/benchmarks/random0/b0_r5_c10_l5000_i1000_ps0_15_pt0_95_j5_2.stl,0.832,478180,sat
../resources/benchmarks/random0/b0_r5_c10_l5000_i1000_ps0_15_pt0_95_j5_3.stl,-1,-1,TO
../resources/benchmarks/random0/b0_r5_c10_l5000_i1000_ps0_15_pt0_95_j5_4.stl,41.044,349492,sat
../resources/benchmarks/random0/b0_r5_c10_l5000_i1000_ps0_15_pt0_95_j5_5.stl,-1,-1,TO
../resources/benchmarks/random0/b0_r5_c10_l5000_i1000_ps0_1_pt0_33_j10_1.stl,46.17,9161732,sat
../resources/benchmarks/random0/b0_r5_c10_l5000_i1000_ps0_1_pt0_33_j10_2.stl,-1,-1,TO
../resources/benchmarks/random0/b0_r5_c10_l5000_i1000_ps0_1_pt0_33_j10_3.stl,2.738,126429.6,sat
../resources/benchmarks/random0/b0_r5_c10_l5000_i1000_ps0_1_pt0_33_j10_4.stl,-1,-1,TO
../resources/benchmarks/random0/b0_r5_c10_l5000_i1000_ps0_1_pt0_33_j10_5.stl,-1,-1,TO
../resources/benchmarks/random0/b0_r5_c10_l5000_i1000_ps0_1_pt0_33_j5_1.stl,59.46,485886.4,sat
../resources/benchmarks/random0/b0_r5_c10_l5000_i1000_ps0_1_pt0_33_j5_2.stl,0.0,7804,unsat
../resources/benchmarks/random0/b0_r5_c10_l5000_i1000_ps0_1_pt0_33_j5_3.stl,-1,-1,TO
../resources/benchmarks/random0/b0_r5_c10_l5000_i1000_ps0_1_pt0_33_j5_4.stl,-1,-1,TO
../resources/benchmarks/random0/b0_r5_c10_l5000_i1000_ps0_1_pt0_33_j5_5.stl,-1,-1,TO
../resources/benchmarks/random0/b0_r5_c10_l5000_i1000_ps0_1_pt0_5_j10_1.stl,14.796,702448.8,sat
../resources/benchmarks/random0/b0_r5_c10_l5000_i1000_ps0_1_pt0_5_j10_2.stl,-1,-1,TO
../resources/benchmarks/random0/b0_r5_c10_l5000_i1000_ps0_1_pt0_5_j10_3.stl,-1,-1,TO
../resources/benchmarks/random0/b0_r5_c10_l5000_i1000_ps0_1_pt0_5_j10_4.stl,0.0,7803.2,unsat
../resources/benchmarks/random0/b0_r5_c10_l5000_i1000_ps0_1_pt0_5_j10_5.stl,-1,-1,TO
../resources/benchmarks/random0/b0_r5_c10_l5000_i1000_ps0_1_pt0_5_j5_1.stl,60.094,2176972.8,sat
../resources/benchmarks/random0/b0_r5_c10_l5000_i1000_ps0_1_pt0_5_j5_2.stl,9.132,182337.6,sat
../resources/benchmarks/random0/b0_r5_c10_l5000_i1000_ps0_1_pt0_5_j5_3.stl,0.016,32412,unsat
../resources/benchmarks/random0/b0_r5_c10_l5000_i1000_ps0_1_pt0_5_j5_4.stl,-1,-1,TO
../resources/benchmarks/random0/b0_r5_c10_l5000_i1000_ps0_1_pt0_5_j5_5.stl,-1,-1,TO
../resources/benchmarks/random0/b0_r5_c10_l5000_i1000_ps0_1_pt0_75_j10_1.stl,0.04,34287.2,unsat
../resources/benchmarks/random0/b0_r5_c10_l5000_i1000_ps0_1_pt0_75_j10_2.stl,-1,-1,TO
../resources/benchmarks/random0/b0_r5_c10_l5000_i1000_ps0_1_pt0_75_j10_3.stl,-1,-1,TO
../resources/benchmarks/random0/b0_r5_c10_l5000_i1000_ps0_1_pt0_75_j10_4.stl,-1,-1,TO
../resources/benchmarks/random0/b0_r5_c10_l5000_i1000_ps0_1_pt0_75_j10_5.stl,0.01,9353.6,unsat
../resources/benchmarks/random0/b0_r5_c10_l5000_i1000_ps0_1_pt0_75_j5_1.stl,0.042,60701.6,sat
../resources/benchmarks/random0/b0_r5_c10_l5000_i1000_ps0_1_pt0_75_j5_2.stl,-1,-1,TO
../resources/benchmarks/random0/b0_r5_c10_l5000_i1000_ps0_1_pt0_75_j5_3.stl,-1,-1,TO
../resources/benchmarks/random0/b0_r5_c10_l5000_i1000_ps0_1_pt0_75_j5_4.stl,-1,-1,TO
../resources/benchmarks/random0/b0_r5_c10_l5000_i1000_ps0_1_pt0_75_j5_5.stl,-1,-1,TO
../resources/benchmarks/random0/b0_r5_c10_l5000_i1000_ps0_1_pt0_95_j10_1.stl,0.01,32409.6,unsat
../resources/benchmarks/random0/b0_r5_c10_l5000_i1000_ps0_1_pt0_95_j10_2.stl,-1,-1,TO
../resources/benchmarks/random0/b0_r5_c10_l5000_i1000_ps0_1_pt0_95_j10_3.stl,-1,-1,TO
../resources/benchmarks/random0/b0_r5_c10_l5000_i1000_ps0_1_pt0_95_j10_4.stl,-1,-1,TO
../resources/benchmarks/random0/b0_r5_c10_l5000_i1000_ps0_1_pt0_95_j10_5.stl,-1,-1,TO
../resources/benchmarks/random0/b0_r5_c10_l5000_i1000_ps0_1_pt0_95_j5_1.stl,58.104,549774.4,sat
../resources/benchmarks/random0/b0_r5_c10_l5000_i1000_ps0_1_pt0_95_j5_2.stl,-1,-1,TO
../resources/benchmarks/random0/b0_r5_c10_l5000_i1000_ps0_1_pt0_95_j5_3.stl,-1,-1,TO
../resources/benchmarks/random0/b0_r5_c10_l5000_i1000_ps0_1_pt0_95_j5_4.stl,-1,-1,TO
../resources/benchmarks/random0/b0_r5_c10_l5000_i1000_ps0_1_pt0_95_j5_5.stl,-1,-1,TO
../resources/benchmarks/random0/b0_r5_c10_l5000_i1000_ps0_25_pt0_33_j10_1.stl,33.61,326729.6,sat
../resources/benchmarks/random0/b0_r5_c10_l5000_i1000_ps0_25_pt0_33_j10_2.stl,0.922,79130.4,sat
../resources/benchmarks/random0/b0_r5_c10_l5000_i1000_ps0_25_pt0_33_j10_3.stl,0.27,234263.2,sat
../resources/benchmarks/random0/b0_r5_c10_l5000_i1000_ps0_25_pt0_33_j10_4.stl,0.06,72992.8,sat
../resources/benchmarks/random0/b0_r5_c10_l5000_i1000_ps0_25_pt0_33_j10_5.stl,0.15,33036.8,unsat
../resources/benchmarks/random0/b0_r5_c10_l5000_i1000_ps0_25_pt0_33_j5_1.stl,0.244,260658.4,sat
../resources/benchmarks/random0/b0_r5_c10_l5000_i1000_ps0_25_pt0_33_j5_2.stl,0.01,33048.8,sat
../resources/benchmarks/random0/b0_r5_c10_l5000_i1000_ps0_25_pt0_33_j5_3.stl,0.0,7788.8,sat
../resources/benchmarks/random0/b0_r5_c10_l5000_i1000_ps0_25_pt0_33_j5_4.stl,0.1,117503.2,sat
../resources/benchmarks/random0/b0_r5_c10_l5000_i1000_ps0_25_pt0_33_j5_5.stl,0.01,32735.2,sat
../resources/benchmarks/random0/b0_r5_c10_l5000_i1000_ps0_25_pt0_5_j10_1.stl,0.0,7784.8,unsat
../resources/benchmarks/random0/b0_r5_c10_l5000_i1000_ps0_25_pt0_5_j10_2.stl,0.418,376460,sat
../resources/benchmarks/random0/b0_r5_c10_l5000_i1000_ps0_25_pt0_5_j10_3.stl,5.886,33682.4,unsat
../resources/benchmarks/random0/b0_r5_c10_l5000_i1000_ps0_25_pt0_5_j10_4.stl,-1,-1,TO
../resources/benchmarks/random0/b0_r5_c10_l5000_i1000_ps0_25_pt0_5_j10_5.stl,0.0,7469.6,unsat
../resources/benchmarks/random0/b0_r5_c10_l5000_i1000_ps0_25_pt0_5_j5_1.stl,0.01,33013.6,sat
../resources/benchmarks/random0/b0_r5_c10_l5000_i1000_ps0_25_pt0_5_j5_2.stl,-1,-1,TO
../resources/benchmarks/random0/b0_r5_c10_l5000_i1000_ps0_25_pt0_5_j5_3.stl,0.242,251762.4,sat
../resources/benchmarks/random0/b0_r5_c10_l5000_i1000_ps0_25_pt0_5_j5_4.stl,-1,-1,TO
../resources/benchmarks/random0/b0_r5_c10_l5000_i1000_ps0_25_pt0_5_j5_5.stl,0.01,33029.6,sat
../resources/benchmarks/random0/b0_r5_c10_l5000_i1000_ps0_25_pt0_75_j10_1.stl,11.024,335647.2,sat
../resources/benchmarks/random0/b0_r5_c10_l5000_i1000_ps0_25_pt0_75_j10_2.stl,-1,-1,TO
../resources/benchmarks/random0/b0_r5_c10_l5000_i1000_ps0_25_pt0_75_j10_3.stl,0.03,51748.8,sat
../resources/benchmarks/random0/b0_r5_c10_l5000_i1000_ps0_25_pt0_75_j10_4.stl,4.664,169104.8,sat
../resources/benchmarks/random0/b0_r5_c10_l5000_i1000_ps0_25_pt0_75_j10_5.stl,103.576,459136.8,sat
../resources/benchmarks/random0/b0_r5_c10_l5000_i1000_ps0_25_pt0_75_j5_1.stl,0.0,7789.6,unsat
../resources/benchmarks/random0/b0_r5_c10_l5000_i1000_ps0_25_pt0_75_j5_2.stl,-1,-1,TO
../resources/benchmarks/random0/b0_r5_c10_l5000_i1000_ps0_25_pt0_75_j5_3.stl,4.974,395539.2,sat
../resources/benchmarks/random0/b0_r5_c10_l5000_i1000_ps0_25_pt0_75_j5_4.stl,0.444,382020,sat
../resources/benchmarks/random0/b0_r5_c10_l5000_i1000_ps0_25_pt0_75_j5_5.stl,0.226,240075.2,sat
../resources/benchmarks/random0/b0_r5_c10_l5000_i1000_ps0_25_pt0_95_j10_1.stl,0.252,33024.8,unsat
../resources/benchmarks/random0/b0_r5_c10_l5000_i1000_ps0_25_pt0_95_j10_2.stl,-1,-1,TO
../resources/benchmarks/random0/b0_r5_c10_l5000_i1000_ps0_25_pt0_95_j10_3.stl,0.01,30893.6,unsat
../resources/benchmarks/random0/b0_r5_c10_l5000_i1000_ps0_25_pt0_95_j10_4.stl,-1,-1,TO
../resources/benchmarks/random0/b0_r5_c10_l5000_i1000_ps0_25_pt0_95_j10_5.stl,-1,-1,TO
../resources/benchmarks/random0/b0_r5_c10_l5000_i1000_ps0_25_pt0_95_j5_1.stl,44.608,436691.2,sat
../resources/benchmarks/random0/b0_r5_c10_l5000_i1000_ps0_25_pt0_95_j5_2.stl,41.166,381409.6,sat
../resources/benchmarks/random0/b0_r5_c10_l5000_i1000_ps0_25_pt0_95_j5_3.stl,3.298,25620,sat
../resources/benchmarks/random0/b0_r5_c10_l5000_i1000_ps0_25_pt0_95_j5_4.stl,87.902,629322.4,sat
../resources/benchmarks/random0/b0_r5_c10_l5000_i1000_ps0_25_pt0_95_j5_5.stl,0.372,357424.8,sat
../resources/benchmarks/random0/b0_r5_c10_l5000_i1000_ps0_2_pt0_33_j10_1.stl,11.386,406611.2,sat
../resources/benchmarks/random0/b0_r5_c10_l5000_i1000_ps0_2_pt0_33_j10_2.stl,0.0,7788,unsat
../resources/benchmarks/random0/b0_r5_c10_l5000_i1000_ps0_2_pt0_33_j10_3.stl,0.03,33029.6,unsat
../resources/benchmarks/random0/b0_r5_c10_l5000_i1000_ps0_2_pt0_33_j10_4.stl,0.02,33048,unsat
../resources/benchmarks/random0/b0_r5_c10_l5000_i1000_ps0_2_pt0_33_j10_5.stl,17.442,210594.4,sat
../resources/benchmarks/random0/b0_r5_c10_l5000_i1000_ps0_2_pt0_33_j5_1.stl,0.55,377080.8,sat
../resources/benchmarks/random0/b0_r5_c10_l5000_i1000_ps0_2_pt0_33_j5_2.stl,0.01,32756.8,sat
../resources/benchmarks/random0/b0_r5_c10_l5000_i1000_ps0_2_pt0_33_j5_3.stl,0.012,33350.4,unsat
../resources/benchmarks/random0/b0_r5_c10_l5000_i1000_ps0_2_pt0_33_j5_4.stl,107.48,504268,sat
../resources/benchmarks/random0/b0_r5_c10_l5000_i1000_ps0_2_pt0_33_j5_5.stl,59.578,478461.6,sat
../resources/benchmarks/random0/b0_r5_c10_l5000_i1000_ps0_2_pt0_5_j10_1.stl,-1,-1,TO
../resources/benchmarks/random0/b0_r5_c10_l5000_i1000_ps0_2_pt0_5_j10_2.stl,0.0,7800,unsat
../resources/benchmarks/random0/b0_r5_c10_l5000_i1000_ps0_2_pt0_5_j10_3.stl,0.75,139338.4,sat
../resources/benchmarks/random0/b0_r5_c10_l5000_i1000_ps0_2_pt0_5_j10_4.stl,1.858,421955.2,sat
../resources/benchmarks/random0/b0_r5_c10_l5000_i1000_ps0_2_pt0_5_j10_5.stl,0.0,7827.2,unsat
../resources/benchmarks/random0/b0_r5_c10_l5000_i1000_ps0_2_pt0_5_j5_1.stl,0.38,178352,sat
../resources/benchmarks/random0/b0_r5_c10_l5000_i1000_ps0_2_pt0_5_j5_2.stl,0.004,13970.4,sat
../resources/benchmarks/random0/b0_r5_c10_l5000_i1000_ps0_2_pt0_5_j5_3.stl,2.542,29316,sat
../resources/benchmarks/random0/b0_r5_c10_l5000_i1000_ps0_2_pt0_5_j5_4.stl,0.28200000000000003,207811.2,sat
../resources/benchmarks/random0/b0_r5_c10_l5000_i1000_ps0_2_pt0_5_j5_5.stl,0.0,7805.6,unsat
../resources/benchmarks/random0/b0_r5_c10_l5000_i1000_ps0_2_pt0_75_j10_1.stl,0.0,7813.6,unsat
../resources/benchmarks/random0/b0_r5_c10_l5000_i1000_ps0_2_pt0_75_j10_2.stl,0.242,204143.2,sat
../resources/benchmarks/random0/b0_r5_c10_l5000_i1000_ps0_2_pt0_75_j10_3.stl,0.0,7810.4,unsat
../resources/benchmarks/random0/b0_r5_c10_l5000_i1000_ps0_2_pt0_75_j10_4.stl,93.466,583533.6,sat
../resources/benchmarks/random0/b0_r5_c10_l5000_i1000_ps0_2_pt0_75_j10_5.stl,58.788000000000004,330092,sat
../resources/benchmarks/random0/b0_r5_c10_l5000_i1000_ps0_2_pt0_75_j5_1.stl,9.984,406588.8,sat
../resources/benchmarks/random0/b0_r5_c10_l5000_i1000_ps0_2_pt0_75_j5_2.stl,1.158,438840.8,sat
../resources/benchmarks/random0/b0_r5_c10_l5000_i1000_ps0_2_pt0_75_j5_3.stl,-1,-1,TO
../resources/benchmarks/random0/b0_r5_c10_l5000_i1000_ps0_2_pt0_75_j5_4.stl,53.804,438249.6,sat
../resources/benchmarks/random0/b0_r5_c10_l5000_i1000_ps0_2_pt0_75_j5_5.stl,10.452,345140,sat
../resources/benchmarks/random0/b0_r5_c10_l5000_i1000_ps0_2_pt0_95_j10_1.stl,-1,-1,TO
../resources/benchmarks/random0/b0_r5_c10_l5000_i1000_ps0_2_pt0_95_j10_2.stl,-1,-1,TO
../resources/benchmarks/random0/b0_r5_c10_l5000_i1000_ps0_2_pt0_95_j10_3.stl,-1,-1,TO
../resources/benchmarks/random0/b0_r5_c10_l5000_i1000_ps0_2_pt0_95_j10_4.stl,-1,-1,TO
../resources/benchmarks/random0/b0_r5_c10_l5000_i1000_ps0_2_pt0_95_j10_5.stl,-1,-1,TO
../resources/benchmarks/random0/b0_r5_c10_l5000_i1000_ps0_2_pt0_95_j5_1.stl,-1,-1,OOM
../resources/benchmarks/random0/b0_r5_c10_l5000_i1000_ps0_2_pt0_95_j5_2.stl,1.826,499399.2,sat
../resources/benchmarks/random0/b0_r5_c10_l5000_i1000_ps0_2_pt0_95_j5_3.stl,1.138,728552,sat
../resources/benchmarks/random0/b0_r5_c10_l5000_i1000_ps0_2_pt0_95_j5_4.stl,0.53,377422.4,sat
../resources/benchmarks/random0/b0_r5_c10_l5000_i1000_ps0_2_pt0_95_j5_5.stl,0.6,578328,sat
../resources/benchmarks/random0/b0_r5_c10_l5000_i50_ps0_05_pt0_33_j10_1.stl,-1,-1,TO
../resources/benchmarks/random0/b0_r5_c10_l5000_i50_ps0_05_pt0_33_j10_2.stl,-1,-1,TO
../resources/benchmarks/random0/b0_r5_c10_l5000_i50_ps0_05_pt0_33_j10_3.stl,-1,-1,TO
../resources/benchmarks/random0/b0_r5_c10_l5000_i50_ps0_05_pt0_33_j10_4.stl,-1,-1,TO
../resources/benchmarks/random0/b0_r5_c10_l5000_i50_ps0_05_pt0_33_j10_5.stl,-1,-1,TO
../resources/benchmarks/random0/b0_r5_c10_l5000_i50_ps0_05_pt0_33_j5_1.stl,-1,-1,TO
../resources/benchmarks/random0/b0_r5_c10_l5000_i50_ps0_05_pt0_33_j5_2.stl,-1,-1,TO
../resources/benchmarks/random0/b0_r5_c10_l5000_i50_ps0_05_pt0_33_j5_3.stl,-1,-1,TO
../resources/benchmarks/random0/b0_r5_c10_l5000_i50_ps0_05_pt0_33_j5_4.stl,-1,-1,TO
../resources/benchmarks/random0/b0_r5_c10_l5000_i50_ps0_05_pt0_33_j5_5.stl,-1,-1,TO
../resources/benchmarks/random0/b0_r5_c10_l5000_i50_ps0_05_pt0_5_j10_1.stl,-1,-1,TO
../resources/benchmarks/random0/b0_r5_c10_l5000_i50_ps0_05_pt0_5_j10_2.stl,-1,-1,TO
../resources/benchmarks/random0/b0_r5_c10_l5000_i50_ps0_05_pt0_5_j10_3.stl,-1,-1,TO
../resources/benchmarks/random0/b0_r5_c10_l5000_i50_ps0_05_pt0_5_j10_4.stl,-1,-1,TO
../resources/benchmarks/random0/b0_r5_c10_l5000_i50_ps0_05_pt0_5_j10_5.stl,-1,-1,TO
../resources/benchmarks/random0/b0_r5_c10_l5000_i50_ps0_05_pt0_5_j5_1.stl,-1,-1,TO
../resources/benchmarks/random0/b0_r5_c10_l5000_i50_ps0_05_pt0_5_j5_2.stl,-1,-1,TO
../resources/benchmarks/random0/b0_r5_c10_l5000_i50_ps0_05_pt0_5_j5_3.stl,-1,-1,TO
../resources/benchmarks/random0/b0_r5_c10_l5000_i50_ps0_05_pt0_5_j5_4.stl,-1,-1,TO
../resources/benchmarks/random0/b0_r5_c10_l5000_i50_ps0_05_pt0_5_j5_5.stl,-1,-1,TO
../resources/benchmarks/random0/b0_r5_c10_l5000_i50_ps0_05_pt0_75_j10_1.stl,-1,-1,TO
../resources/benchmarks/random0/b0_r5_c10_l5000_i50_ps0_05_pt0_75_j10_2.stl,-1,-1,TO
../resources/benchmarks/random0/b0_r5_c10_l5000_i50_ps0_05_pt0_75_j10_3.stl,-1,-1,TO
../resources/benchmarks/random0/b0_r5_c10_l5000_i50_ps0_05_pt0_75_j10_4.stl,0.268,44767.2,unsat
../resources/benchmarks/random0/b0_r5_c10_l5000_i50_ps0_05_pt0_75_j10_5.stl,-1,-1,TO
../resources/benchmarks/random0/b0_r5_c10_l5000_i50_ps0_05_pt0_75_j5_1.stl,-1,-1,TO
../resources/benchmarks/random0/b0_r5_c10_l5000_i50_ps0_05_pt0_75_j5_2.stl,-1,-1,TO
../resources/benchmarks/random0/b0_r5_c10_l5000_i50_ps0_05_pt0_75_j5_3.stl,-1,-1,TO
../resources/benchmarks/random0/b0_r5_c10_l5000_i50_ps0_05_pt0_75_j5_4.stl,-1,-1,TO
../resources/benchmarks/random0/b0_r5_c10_l5000_i50_ps0_05_pt0_75_j5_5.stl,-1,-1,TO
../resources/benchmarks/random0/b0_r5_c10_l5000_i50_ps0_05_pt0_95_j10_1.stl,-1,-1,TO
../resources/benchmarks/random0/b0_r5_c10_l5000_i50_ps0_05_pt0_95_j10_2.stl,0.66,58844,unsat
../resources/benchmarks/random0/b0_r5_c10_l5000_i50_ps0_05_pt0_95_j10_3.stl,-1,-1,TO
../resources/benchmarks/random0/b0_r5_c10_l5000_i50_ps0_05_pt0_95_j10_4.stl,-1,-1,TO
../resources/benchmarks/random0/b0_r5_c10_l5000_i50_ps0_05_pt0_95_j10_5.stl,-1,-1,TO
../resources/benchmarks/random0/b0_r5_c10_l5000_i50_ps0_05_pt0_95_j5_1.stl,35.386,6165373.6,sat
../resources/benchmarks/random0/b0_r5_c10_l5000_i50_ps0_05_pt0_95_j5_2.stl,-1,-1,TO
../resources/benchmarks/random0/b0_r5_c10_l5000_i50_ps0_05_pt0_95_j5_3.stl,-1,-1,TO
../resources/benchmarks/random0/b0_r5_c10_l5000_i50_ps0_05_pt0_95_j5_4.stl,-1,-1,TO
../resources/benchmarks/random0/b0_r5_c10_l5000_i50_ps0_05_pt0_95_j5_5.stl,-1,-1,TO
../resources/benchmarks/random0/b0_r5_c10_l5000_i50_ps0_15_pt0_33_j10_1.stl,0.09,12392,sat
../resources/benchmarks/random0/b0_r5_c10_l5000_i50_ps0_15_pt0_33_j10_2.stl,0.0,7793.6,unsat
../resources/benchmarks/random0/b0_r5_c10_l5000_i50_ps0_15_pt0_33_j10_3.stl,0.01,10877.6,sat
../resources/benchmarks/random0/b0_r5_c10_l5000_i50_ps0_15_pt0_33_j10_4.stl,0.01,7796,unsat
../resources/benchmarks/random0/b0_r5_c10_l5000_i50_ps0_15_pt0_33_j10_5.stl,0.06,21652,sat
../resources/benchmarks/random0/b0_r5_c10_l5000_i50_ps0_15_pt0_33_j5_1.stl,0.1,47149.6,sat
../resources/benchmarks/random0/b0_r5_c10_l5000_i50_ps0_15_pt0_33_j5_2.stl,0.03,42862.4,sat
../resources/benchmarks/random0/b0_r5_c10_l5000_i50_ps0_15_pt0_33_j5_3.stl,0.214,49940,sat
../resources/benchmarks/random0/b0_r5_c10_l5000_i50_ps0_15_pt0_33_j5_4.stl,0.01,32425.6,unsat
../resources/benchmarks/random0/b0_r5_c10_l5000_i50_ps0_15_pt0_33_j5_5.stl,-1,-1,TO
../resources/benchmarks/random0/b0_r5_c10_l5000_i50_ps0_15_pt0_5_j10_1.stl,0.184,60372,sat
../resources/benchmarks/random0/b0_r5_c10_l5000_i50_ps0_15_pt0_5_j10_2.stl,-1,-1,TO
../resources/benchmarks/random0/b0_r5_c10_l5000_i50_ps0_15_pt0_5_j10_3.stl,0.332,66827.2,sat
../resources/benchmarks/random0/b0_r5_c10_l5000_i50_ps0_15_pt0_5_j10_4.stl,0.0,7800.8,unsat
../resources/benchmarks/random0/b0_r5_c10_l5000_i50_ps0_15_pt0_5_j10_5.stl,-1,-1,TO
../resources/benchmarks/random0/b0_r5_c10_l5000_i50_ps0_15_pt0_5_j5_1.stl,0.0,7810.4,unsat
../resources/benchmarks/random0/b0_r5_c10_l5000_i50_ps0_15_pt0_5_j5_2.stl,0.10200000000000001,56067.2,sat
../resources/benchmarks/random0/b0_r5_c10_l5000_i50_ps0_15_pt0_5_j5_3.stl,0.68,75732,sat
../resources/benchmarks/random0/b0_r5_c10_l5000_i50_ps0_15_pt0_5_j5_4.stl,0.064,42864,sat
../resources/benchmarks/random0/b0_r5_c10_l5000_i50_ps0_15_pt0_5_j5_5.stl,0.07200000000000001,42249.6,sat
../resources/benchmarks/random0/b0_r5_c10_l5000_i50_ps0_15_pt0_75_j10_1.stl,-1,-1,TO
../resources/benchmarks/random0/b0_r5_c10_l5000_i50_ps0_15_pt0_75_j10_2.stl,0.0,7800,unsat
../resources/benchmarks/random0/b0_r5_c10_l5000_i50_ps0_15_pt0_75_j10_3.stl,31.83,84666.4,sat
../resources/benchmarks/random0/b0_r5_c10_l5000_i50_ps0_15_pt0_75_j10_4.stl,-1,-1,TO
../resources/benchmarks/random0/b0_r5_c10_l5000_i50_ps0_15_pt0_75_j10_5.stl,-1,-1,TO
../resources/benchmarks/random0/b0_r5_c10_l5000_i50_ps0_15_pt0_75_j5_1.stl,0.04,42265.6,sat
../resources/benchmarks/random0/b0_r5_c10_l5000_i50_ps0_15_pt0_75_j5_2.stl,0.02,39799.2,sat
../resources/benchmarks/random0/b0_r5_c10_l5000_i50_ps0_15_pt0_75_j5_3.stl,0.0,7814.4,unsat
../resources/benchmarks/random0/b0_r5_c10_l5000_i50_ps0_15_pt0_75_j5_4.stl,0.0,7820.8,unsat
../resources/benchmarks/random0/b0_r5_c10_l5000_i50_ps0_15_pt0_75_j5_5.stl,-1,-1,TO
../resources/benchmarks/random0/b0_r5_c10_l5000_i50_ps0_15_pt0_95_j10_1.stl,22.048,223824,sat
../resources/benchmarks/random0/b0_r5_c10_l5000_i50_ps0_15_pt0_95_j10_2.stl,-1,-1,TO
../resources/benchmarks/random0/b0_r5_c10_l5000_i50_ps0_15_pt0_95_j10_3.stl,0.0,7817.6,unsat
../resources/benchmarks/random0/b0_r5_c10_l5000_i50_ps0_15_pt0_95_j10_4.stl,-1,-1,TO
../resources/benchmarks/random0/b0_r5_c10_l5000_i50_ps0_15_pt0_95_j10_5.stl,-1,-1,TO
../resources/benchmarks/random0/b0_r5_c10_l5000_i50_ps0_15_pt0_95_j5_1.stl,-1,-1,TO
../resources/benchmarks/random0/b0_r5_c10_l5000_i50_ps0_15_pt0_95_j5_2.stl,0.274,61929.6,sat
../resources/benchmarks/random0/b0_r5_c10_l5000_i50_ps0_15_pt0_95_j5_3.stl,0.426,65304,sat
../resources/benchmarks/random0/b0_r5_c10_l5000_i50_ps0_15_pt0_95_j5_4.stl,0.08,54548.8,sat
../resources/benchmarks/random0/b0_r5_c10_l5000_i50_ps0_15_pt0_95_j5_5.stl,-1,-1,TO
../resources/benchmarks/random0/b0_r5_c10_l5000_i50_ps0_1_pt0_33_j10_1.stl,0.676,113208,sat
../resources/benchmarks/random0/b0_r5_c10_l5000_i50_ps0_1_pt0_33_j10_2.stl,0.352,73275.2,sat
../resources/benchmarks/random0/b0_r5_c10_l5000_i50_ps0_1_pt0_33_j10_3.stl,0.338,75440.8,sat
../resources/benchmarks/random0/b0_r5_c10_l5000_i50_ps0_1_pt0_33_j10_4.stl,-1,-1,TO
../resources/benchmarks/random0/b0_r5_c10_l5000_i50_ps0_1_pt0_33_j10_5.stl,-1,-1,TO
../resources/benchmarks/random0/b0_r5_c10_l5000_i50_ps0_1_pt0_33_j5_1.stl,0.0,7825.6,unsat
../resources/benchmarks/random0/b0_r5_c10_l5000_i50_ps0_1_pt0_33_j5_2.stl,-1,-1,TO
../resources/benchmarks/random0/b0_r5_c10_l5000_i50_ps0_1_pt0_33_j5_3.stl,0.02,34556,sat
../resources/benchmarks/random0/b0_r5_c10_l5000_i50_ps0_1_pt0_33_j5_4.stl,0.0,7790.4,unsat
../resources/benchmarks/random0/b0_r5_c10_l5000_i50_ps0_1_pt0_33_j5_5.stl,0.18,54239.2,sat
../resources/benchmarks/random0/b0_r5_c10_l5000_i50_ps0_1_pt0_5_j10_1.stl,-1,-1,TO
../resources/benchmarks/random0/b0_r5_c10_l5000_i50_ps0_1_pt0_5_j10_2.stl,-1,-1,TO
../resources/benchmarks/random0/b0_r5_c10_l5000_i50_ps0_1_pt0_5_j10_3.stl,0.596,81560,sat
../resources/benchmarks/random0/b0_r5_c10_l5000_i50_ps0_1_pt0_5_j10_4.stl,0.01,9350.4,unsat
../resources/benchmarks/random0/b0_r5_c10_l5000_i50_ps0_1_pt0_5_j10_5.stl,-1,-1,TO
../resources/benchmarks/random0/b0_r5_c10_l5000_i50_ps0_1_pt0_5_j5_1.stl,1.51,88025.6,sat
../resources/benchmarks/random0/b0_r5_c10_l5000_i50_ps0_1_pt0_5_j5_2.stl,0.296,68380,sat
../resources/benchmarks/random0/b0_r5_c10_l5000_i50_ps0_1_pt0_5_j5_3.stl,0.43,76363.2,sat
../resources/benchmarks/random0/b0_r5_c10_l5000_i50_ps0_1_pt0_5_j5_4.stl,0.16,56081.6,sat
../resources/benchmarks/random0/b0_r5_c10_l5000_i50_ps0_1_pt0_5_j5_5.stl,0.20400000000000001,57912.8,sat
../resources/benchmarks/random0/b0_r5_c10_l5000_i50_ps0_1_pt0_75_j10_1.stl,-1,-1,TO
../resources/benchmarks/random0/b0_r5_c10_l5000_i50_ps0_1_pt0_75_j10_2.stl,-1,-1,TO
../resources/benchmarks/random0/b0_r5_c10_l5000_i50_ps0_1_pt0_75_j10_3.stl,-1,-1,TO
../resources/benchmarks/random0/b0_r5_c10_l5000_i50_ps0_1_pt0_75_j10_4.stl,-1,-1,TO
../resources/benchmarks/random0/b0_r5_c10_l5000_i50_ps0_1_pt0_75_j10_5.stl,-1,-1,TO
../resources/benchmarks/random0/b0_r5_c10_l5000_i50_ps0_1_pt0_75_j5_1.stl,0.65,124274.4,sat
../resources/benchmarks/random0/b0_r5_c10_l5000_i50_ps0_1_pt0_75_j5_2.stl,0.272,59123.2,sat
../resources/benchmarks/random0/b0_r5_c10_l5000_i50_ps0_1_pt0_75_j5_3.stl,0.766,97556.8,sat
../resources/benchmarks/random0/b0_r5_c10_l5000_i50_ps0_1_pt0_75_j5_4.stl,0.57,82801.6,sat
../resources/benchmarks/random0/b0_r5_c10_l5000_i50_ps0_1_pt0_75_j5_5.stl,-1,-1,TO
../resources/benchmarks/random0/b0_r5_c10_l5000_i50_ps0_1_pt0_95_j10_1.stl,-1,-1,TO
../resources/benchmarks/random0/b0_r5_c10_l5000_i50_ps0_1_pt0_95_j10_2.stl,-1,-1,TO
../resources/benchmarks/random0/b0_r5_c10_l5000_i50_ps0_1_pt0_95_j10_3.stl,-1,-1,TO
../resources/benchmarks/random0/b0_r5_c10_l5000_i50_ps0_1_pt0_95_j10_4.stl,-1,-1,TO
../resources/benchmarks/random0/b0_r5_c10_l5000_i50_ps0_1_pt0_95_j10_5.stl,-1,-1,TO
../resources/benchmarks/random0/b0_r5_c10_l5000_i50_ps0_1_pt0_95_j5_1.stl,-1,-1,TO
../resources/benchmarks/random0/b0_r5_c10_l5000_i50_ps0_1_pt0_95_j5_2.stl,-1,-1,TO
../resources/benchmarks/random0/b0_r5_c10_l5000_i50_ps0_1_pt0_95_j5_3.stl,0.336,60371.2,sat
../resources/benchmarks/random0/b0_r5_c10_l5000_i50_ps0_1_pt0_95_j5_4.stl,-1,-1,TO
../resources/benchmarks/random0/b0_r5_c10_l5000_i50_ps0_1_pt0_95_j5_5.stl,0.46799999999999997,112276.8,sat
../resources/benchmarks/random0/b0_r5_c10_l5000_i50_ps0_25_pt0_33_j10_1.stl,0.0,7820.8,unsat
../resources/benchmarks/random0/b0_r5_c10_l5000_i50_ps0_25_pt0_33_j10_2.stl,0.0,7810.4,unsat
../resources/benchmarks/random0/b0_r5_c10_l5000_i50_ps0_25_pt0_33_j10_3.stl,13.194,41035.2,unsat
../resources/benchmarks/random0/b0_r5_c10_l5000_i50_ps0_25_pt0_33_j10_4.stl,0.01,33028,sat
../resources/benchmarks/random0/b0_r5_c10_l5000_i50_ps0_25_pt0_33_j10_5.stl,0.0,7814.4,unsat
../resources/benchmarks/random0/b0_r5_c10_l5000_i50_ps0_25_pt0_33_j5_1.stl,0.026,48404,sat
../resources/benchmarks/random0/b0_r5_c10_l5000_i50_ps0_25_pt0_33_j5_2.stl,0.01,33020,sat
../resources/benchmarks/random0/b0_r5_c10_l5000_i50_ps0_25_pt0_33_j5_3.stl,0.032,49940.8,sat
../resources/benchmarks/random0/b0_r5_c10_l5000_i50_ps0_25_pt0_33_j5_4.stl,0.28200000000000003,64068,sat
../resources/benchmarks/random0/b0_r5_c10_l5000_i50_ps0_25_pt0_33_j5_5.stl,0.0,7776,unsat
../resources/benchmarks/random0/b0_r5_c10_l5000_i50_ps0_25_pt0_5_j10_1.stl,0.08,54220,sat
../resources/benchmarks/random0/b0_r5_c10_l5000_i50_ps0_25_pt0_5_j10_2.stl,0.012,33047.2,unsat
../resources/benchmarks/random0/b0_r5_c10_l5000_i50_ps0_25_pt0_5_j10_3.stl,1.904,51747.2,sat
../resources/benchmarks/random0/b0_r5_c10_l5000_i50_ps0_25_pt0_5_j10_4.stl,0.01,33032,unsat
../resources/benchmarks/random0/b0_r5_c10_l5000_i50_ps0_25_pt0_5_j10_5.stl,0.03,51456.8,sat
../resources/benchmarks/random0/b0_r5_c10_l5000_i50_ps0_25_pt0_5_j5_1.stl,0.01,30902.4,unsat
../resources/benchmarks/random0/b0_r5_c10_l5000_i50_ps0_25_pt0_5_j5_2.stl,0.01,33051.2,unsat
../resources/benchmarks/random0/b0_r5_c10_l5000_i50_ps0_25_pt0_5_j5_3.stl,0.022,46531.2,sat
../resources/benchmarks/random0/b0_r5_c10_l5000_i50_ps0_25_pt0_5_j5_4.stl,0.04,53616.8,sat
../resources/benchmarks/random0/b0_r5_c10_l5000_i50_ps0_25_pt0_5_j5_5.stl,0.02,46564.8,sat
../resources/benchmarks/random0/b0_r5_c10_l5000_i50_ps0_25_pt0_75_j10_1.stl,0.0,7772,unsat
../resources/benchmarks/random0/b0_r5_c10_l5000_i50_ps0_25_pt0_75_j10_2.stl,-1,-1,TO
../resources/benchmarks/random0/b0_r5_c10_l5000_i50_ps0_25_pt0_75_j10_3.stl,0.0,7822.4,unsat
../resources/benchmarks/random0/b0_r5_c10_l5000_i50_ps0_25_pt0_75_j10_4.stl,-1,-1,TO
../resources/benchmarks/random0/b0_r5_c10_l5000_i50_ps0_25_pt0_75_j10_5.stl,0.0,7808,unsat
../resources/benchmarks/random0/b0_r5_c10_l5000_i50_ps0_25_pt0_75_j5_1.stl,0.028,39791.2,sat
../resources/benchmarks/random0/b0_r5_c10_l5000_i50_ps0_25_pt0_75_j5_2.stl,0.18,53312.8,sat
../resources/benchmarks/random0/b0_r5_c10_l5000_i50_ps0_25_pt0_75_j5_3.stl,0.01,33059.2,sat
../resources/benchmarks/random0/b0_r5_c10_l5000_i50_ps0_25_pt0_75_j5_4.stl,2.318,52092,sat
../resources/benchmarks/random0/b0_r5_c10_l5000_i50_ps0_25_pt0_75_j5_5.stl,0.02,40389.6,sat
../resources/benchmarks/random0/b0_r5_c10_l5000_i50_ps0_25_pt0_95_j10_1.stl,0.19,68674.4,sat
../resources/benchmarks/random0/b0_r5_c10_l5000_i50_ps0_25_pt0_95_j10_2.stl,0.354,66530.4,sat
../resources/benchmarks/random0/b0_r5_c10_l5000_i50_ps0_25_pt0_95_j10_3.stl,-1,-1,TO
../resources/benchmarks/random0/b0_r5_c10_l5000_i50_ps0_25_pt0_95_j10_4.stl,-1,-1,TO
../resources/benchmarks/random0/b0_r5_c10_l5000_i50_ps0_25_pt0_95_j10_5.stl,0.0,7844,unsat
../resources/benchmarks/random0/b0_r5_c10_l5000_i50_ps0_25_pt0_95_j5_1.stl,0.11,46832,sat
../resources/benchmarks/random0/b0_r5_c10_l5000_i50_ps0_25_pt0_95_j5_2.stl,0.02,41047.2,sat
../resources/benchmarks/random0/b0_r5_c10_l5000_i50_ps0_25_pt0_95_j5_3.stl,0.13,46569.6,sat
../resources/benchmarks/random0/b0_r5_c10_l5000_i50_ps0_25_pt0_95_j5_4.stl,0.152,53913.6,sat
../resources/benchmarks/random0/b0_r5_c10_l5000_i50_ps0_25_pt0_95_j5_5.stl,0.03,48102.4,sat
../resources/benchmarks/random0/b0_r5_c10_l5000_i50_ps0_2_pt0_33_j10_1.stl,-1,-1,TO
../resources/benchmarks/random0/b0_r5_c10_l5000_i50_ps0_2_pt0_33_j10_2.stl,0.026,44396.8,sat
../resources/benchmarks/random0/b0_r5_c10_l5000_i50_ps0_2_pt0_33_j10_3.stl,0.782,33963.2,unsat
../resources/benchmarks/random0/b0_r5_c10_l5000_i50_ps0_2_pt0_33_j10_4.stl,0.01,32740.8,unsat
../resources/benchmarks/random0/b0_r5_c10_l5000_i50_ps0_2_pt0_33_j10_5.stl,0.03,46549.6,sat
../resources/benchmarks/random0/b0_r5_c10_l5000_i50_ps0_2_pt0_33_j5_1.stl,0.02,45052.8,sat
../resources/benchmarks/random0/b0_r5_c10_l5000_i50_ps0_2_pt0_33_j5_2.stl,0.03,48063.2,sat
../resources/benchmarks/random0/b0_r5_c10_l5000_i50_ps0_2_pt0_33_j5_3.stl,0.02,40116,sat
../resources/benchmarks/random0/b0_r5_c10_l5000_i50_ps0_2_pt0_33_j5_4.stl,0.034,53299.2,sat
../resources/benchmarks/random0/b0_r5_c10_l5000_i50_ps0_2_pt0_33_j5_5.stl,0.28400000000000003,61282.4,sat
../resources/benchmarks/random0/b0_r5_c10_l5000_i50_ps0_2_pt0_5_j10_1.stl,-1,-1,TO
../resources/benchmarks/random0/b0_r5_c10_l5000_i50_ps0_2_pt0_5_j10_2.stl,0.01,32729.6,unsat
../resources/benchmarks/random0/b0_r5_c10_l5000_i50_ps0_2_pt0_5_j10_3.stl,0.02,36151.2,sat
../resources/benchmarks/random0/b0_r5_c10_l5000_i50_ps0_2_pt0_5_j10_4.stl,0.36,74532.8,sat
../resources/benchmarks/random0/b0_r5_c10_l5000_i50_ps0_2_pt0_5_j10_5.stl,0.01,32431.2,unsat
../resources/benchmarks/random0/b0_r5_c10_l5000_i50_ps0_2_pt0_5_j5_1.stl,0.328,56367.2,sat
../resources/benchmarks/random0/b0_r5_c10_l5000_i50_ps0_2_pt0_5_j5_2.stl,0.034,51495.2,sat
../resources/benchmarks/random0/b0_r5_c10_l5000_i50_ps0_2_pt0_5_j5_3.stl,0.11,48380.8,sat
../resources/benchmarks/random0/b0_r5_c10_l5000_i50_ps0_2_pt0_5_j5_4.stl,0.0,7800,unsat
../resources/benchmarks/random0/b0_r5_c10_l5000_i50_ps0_2_pt0_5_j5_5.stl,0.03,43805.6,sat
../resources/benchmarks/random0/b0_r5_c10_l5000_i50_ps0_2_pt0_75_j10_1.stl,0.01,31836.8,unsat
../resources/benchmarks/random0/b0_r5_c10_l5000_i50_ps0_2_pt0_75_j10_2.stl,0.01,33063.2,unsat
../resources/benchmarks/random0/b0_r5_c10_l5000_i50_ps0_2_pt0_75_j10_3.stl,0.198,52088.8,sat
../resources/benchmarks/random0/b0_r5_c10_l5000_i50_ps0_2_pt0_75_j10_4.stl,-1,-1,TO
../resources/benchmarks/random0/b0_r5_c10_l5000_i50_ps0_2_pt0_75_j10_5.stl,0.01,32712,unsat
../resources/benchmarks/random0/b0_r5_c10_l5000_i50_ps0_2_pt0_75_j5_1.stl,0.02,42560,sat
../resources/benchmarks/random0/b0_r5_c10_l5000_i50_ps0_2_pt0_75_j5_2.stl,0.25,54215.2,sat
../resources/benchmarks/random0/b0_r5_c10_l5000_i50_ps0_2_pt0_75_j5_3.stl,0.48,68995.2,sat
../resources/benchmarks/random0/b0_r5_c10_l5000_i50_ps0_2_pt0_75_j5_4.stl,0.04,50552.8,sat
../resources/benchmarks/random0/b0_r5_c10_l5000_i50_ps0_2_pt0_75_j5_5.stl,0.10200000000000001,49652,sat
../resources/benchmarks/random0/b0_r5_c10_l5000_i50_ps0_2_pt0_95_j10_1.stl,-1,-1,TO
../resources/benchmarks/random0/b0_r5_c10_l5000_i50_ps0_2_pt0_95_j10_2.stl,-1,-1,TO
../resources/benchmarks/random0/b0_r5_c10_l5000_i50_ps0_2_pt0_95_j10_3.stl,-1,-1,TO
../resources/benchmarks/random0/b0_r5_c10_l5000_i50_ps0_2_pt0_95_j10_4.stl,-1,-1,TO
../resources/benchmarks/random0/b0_r5_c10_l5000_i50_ps0_2_pt0_95_j10_5.stl,-1,-1,TO
../resources/benchmarks/random0/b0_r5_c10_l5000_i50_ps0_2_pt0_95_j5_1.stl,0.0,7788.8,unsat
../resources/benchmarks/random0/b0_r5_c10_l5000_i50_ps0_2_pt0_95_j5_2.stl,0.168,57306.4,sat
../resources/benchmarks/random0/b0_r5_c10_l5000_i50_ps0_2_pt0_95_j5_3.stl,0.17200000000000001,61900.8,sat
../resources/benchmarks/random0/b0_r5_c10_l5000_i50_ps0_2_pt0_95_j5_4.stl,0.032,39180,sat
../resources/benchmarks/random0/b0_r5_c10_l5000_i50_ps0_2_pt0_95_j5_5.stl,0.034,51452,sat
../resources/benchmarks/random0/b0_r5_c10_l500_i1000_ps0_05_pt0_33_j10_1.stl,-1,-1,TO
../resources/benchmarks/random0/b0_r5_c10_l500_i1000_ps0_05_pt0_33_j10_2.stl,-1,-1,TO
../resources/benchmarks/random0/b0_r5_c10_l500_i1000_ps0_05_pt0_33_j10_3.stl,-1,-1,TO
../resources/benchmarks/random0/b0_r5_c10_l500_i1000_ps0_05_pt0_33_j10_4.stl,-1,-1,TO
../resources/benchmarks/random0/b0_r5_c10_l500_i1000_ps0_05_pt0_33_j10_5.stl,-1,-1,TO
../resources/benchmarks/random0/b0_r5_c10_l500_i1000_ps0_05_pt0_33_j5_1.stl,29.948,212442.4,sat
../resources/benchmarks/random0/b0_r5_c10_l500_i1000_ps0_05_pt0_33_j5_2.stl,-1,-1,TO
../resources/benchmarks/random0/b0_r5_c10_l500_i1000_ps0_05_pt0_33_j5_3.stl,-1,-1,TO
../resources/benchmarks/random0/b0_r5_c10_l500_i1000_ps0_05_pt0_33_j5_4.stl,-1,-1,TO
../resources/benchmarks/random0/b0_r5_c10_l500_i1000_ps0_05_pt0_33_j5_5.stl,-1,-1,TO
../resources/benchmarks/random0/b0_r5_c10_l500_i1000_ps0_05_pt0_5_j10_1.stl,-1,-1,TO
../resources/benchmarks/random0/b0_r5_c10_l500_i1000_ps0_05_pt0_5_j10_2.stl,-1,-1,TO
../resources/benchmarks/random0/b0_r5_c10_l500_i1000_ps0_05_pt0_5_j10_3.stl,-1,-1,TO
../resources/benchmarks/random0/b0_r5_c10_l500_i1000_ps0_05_pt0_5_j10_4.stl,-1,-1,TO
../resources/benchmarks/random0/b0_r5_c10_l500_i1000_ps0_05_pt0_5_j10_5.stl,-1,-1,TO
../resources/benchmarks/random0/b0_r5_c10_l500_i1000_ps0_05_pt0_5_j5_1.stl,24.92,3200274.4,sat
../resources/benchmarks/random0/b0_r5_c10_l500_i1000_ps0_05_pt0_5_j5_2.stl,-1,-1,TO
../resources/benchmarks/random0/b0_r5_c10_l500_i1000_ps0_05_pt0_5_j5_3.stl,-1,-1,TO
../resources/benchmarks/random0/b0_r5_c10_l500_i1000_ps0_05_pt0_5_j5_4.stl,2.34,432423.2,sat
../resources/benchmarks/random0/b0_r5_c10_l500_i1000_ps0_05_pt0_5_j5_5.stl,-1,-1,TO
../resources/benchmarks/random0/b0_r5_c10_l500_i1000_ps0_05_pt0_75_j10_1.stl,0.152,21588,unsat
../resources/benchmarks/random0/b0_r5_c10_l500_i1000_ps0_05_pt0_75_j10_2.stl,-1,-1,TO
../resources/benchmarks/random0/b0_r5_c10_l500_i1000_ps0_05_pt0_75_j10_3.stl,-1,-1,TO
../resources/benchmarks/random0/b0_r5_c10_l500_i1000_ps0_05_pt0_75_j10_4.stl,-1,-1,TO
../resources/benchmarks/random0/b0_r5_c10_l500_i1000_ps0_05_pt0_75_j10_5.stl,-1,-1,TO
../resources/benchmarks/random0/b0_r5_c10_l500_i1000_ps0_05_pt0_75_j5_1.stl,-1,-1,TO
../resources/benchmarks/random0/b0_r5_c10_l500_i1000_ps0_05_pt0_75_j5_2.stl,-1,-1,TO
../resources/benchmarks/random0/b0_r5_c10_l500_i1000_ps0_05_pt0_75_j5_3.stl,-1,-1,TO
../resources/benchmarks/random0/b0_r5_c10_l500_i1000_ps0_05_pt0_75_j5_4.stl,-1,-1,TO
../resources/benchmarks/random0/b0_r5_c10_l500_i1000_ps0_05_pt0_75_j5_5.stl,-1,-1,TO
../resources/benchmarks/random0/b0_r5_c10_l500_i1000_ps0_05_pt0_95_j10_1.stl,-1,-1,TO
../resources/benchmarks/random0/b0_r5_c10_l500_i1000_ps0_05_pt0_95_j10_2.stl,-1,-1,TO
../resources/benchmarks/random0/b0_r5_c10_l500_i1000_ps0_05_pt0_95_j10_3.stl,-1,-1,TO
../resources/benchmarks/random0/b0_r5_c10_l500_i1000_ps0_05_pt0_95_j10_4.stl,-1,-1,TO
../resources/benchmarks/random0/b0_r5_c10_l500_i1000_ps0_05_pt0_95_j10_5.stl,-1,-1,TO
../resources/benchmarks/random0/b0_r5_c10_l500_i1000_ps0_05_pt0_95_j5_1.stl,-1,-1,TO
../resources/benchmarks/random0/b0_r5_c10_l500_i1000_ps0_05_pt0_95_j5_2.stl,-1,-1,TO
../resources/benchmarks/random0/b0_r5_c10_l500_i1000_ps0_05_pt0_95_j5_3.stl,-1,-1,TO
../resources/benchmarks/random0/b0_r5_c10_l500_i1000_ps0_05_pt0_95_j5_4.stl,0.024,10881.6,unsat
../resources/benchmarks/random0/b0_r5_c10_l500_i1000_ps0_05_pt0_95_j5_5.stl,-1,-1,TO
../resources/benchmarks/random0/b0_r5_c10_l500_i1000_ps0_15_pt0_33_j10_1.stl,-1,-1,TO
../resources/benchmarks/random0/b0_r5_c10_l500_i1000_ps0_15_pt0_33_j10_2.stl,0.0,7799.2,unsat
../resources/benchmarks/random0/b0_r5_c10_l500_i1000_ps0_15_pt0_33_j10_3.stl,0.01,32764,unsat
../resources/benchmarks/random0/b0_r5_c10_l500_i1000_ps0_15_pt0_33_j10_4.stl,0.02,34276.8,sat
../resources/benchmarks/random0/b0_r5_c10_l500_i1000_ps0_15_pt0_33_j10_5.stl,8.177999999999999,241326.4,sat
../resources/benchmarks/random0/b0_r5_c10_l500_i1000_ps0_15_pt0_33_j5_1.stl,0.01,33038.4,sat
../resources/benchmarks/random0/b0_r5_c10_l500_i1000_ps0_15_pt0_33_j5_2.stl,0.03,51763.2,sat
../resources/benchmarks/random0/b0_r5_c10_l500_i1000_ps0_15_pt0_33_j5_3.stl,0.602,257294.4,sat
../resources/benchmarks/random0/b0_r5_c10_l500_i1000_ps0_15_pt0_33_j5_4.stl,0.01,32704,sat
../resources/benchmarks/random0/b0_r5_c10_l500_i1000_ps0_15_pt0_33_j5_5.stl,0.20400000000000001,188816,sat
../resources/benchmarks/random0/b0_r5_c10_l500_i1000_ps0_15_pt0_5_j10_1.stl,13.426,336240,sat
../resources/benchmarks/random0/b0_r5_c10_l500_i1000_ps0_15_pt0_5_j10_2.stl,0.736,33340.8,unsat
../resources/benchmarks/random0/b0_r5_c10_l500_i1000_ps0_15_pt0_5_j10_3.stl,0.23,95415.2,sat
../resources/benchmarks/random0/b0_r5_c10_l500_i1000_ps0_15_pt0_5_j10_4.stl,-1,-1,TO
../resources/benchmarks/random0/b0_r5_c10_l500_i1000_ps0_15_pt0_5_j10_5.stl,0.01,32425.6,unsat
../resources/benchmarks/random0/b0_r5_c10_l500_i1000_ps0_15_pt0_5_j5_1.stl,0.71,71463.2,sat
../resources/benchmarks/random0/b0_r5_c10_l500_i1000_ps0_15_pt0_5_j5_2.stl,-1,-1,TO
../resources/benchmarks/random0/b0_r5_c10_l500_i1000_ps0_15_pt0_5_j5_3.stl,0.83,137475.2,sat
../resources/benchmarks/random0/b0_r5_c10_l500_i1000_ps0_15_pt0_5_j5_4.stl,8.198,162060,sat
../resources/benchmarks/random0/b0_r5_c10_l500_i1000_ps0_15_pt0_5_j5_5.stl,0.07,76340.8,sat
../resources/benchmarks/random0/b0_r5_c10_l500_i1000_ps0_15_pt0_75_j10_1.stl,101.002,265261.6,sat
../resources/benchmarks/random0/b0_r5_c10_l500_i1000_ps0_15_pt0_75_j10_2.stl,-1,-1,TO
../resources/benchmarks/random0/b0_r5_c10_l500_i1000_ps0_15_pt0_75_j10_3.stl,-1,-1,TO
../resources/benchmarks/random0/b0_r5_c10_l500_i1000_ps0_15_pt0_75_j10_4.stl,0.01,33034.4,unsat
../resources/benchmarks/random0/b0_r5_c10_l500_i1000_ps0_15_pt0_75_j10_5.stl,-1,-1,TO
../resources/benchmarks/random0/b0_r5_c10_l500_i1000_ps0_15_pt0_75_j5_1.stl,0.246,228129.6,sat
../resources/benchmarks/random0/b0_r5_c10_l500_i1000_ps0_15_pt0_75_j5_2.stl,0.39,223520.8,sat
../resources/benchmarks/random0/b0_r5_c10_l500_i1000_ps0_15_pt0_75_j5_3.stl,30.942,288321.6,sat
../resources/benchmarks/random0/b0_r5_c10_l500_i1000_ps0_15_pt0_75_j5_4.stl,0.09,33352.8,unsat
../resources/benchmarks/random0/b0_r5_c10_l500_i1000_ps0_15_pt0_75_j5_5.stl,0.632,168536,sat
../resources/benchmarks/random0/b0_r5_c10_l500_i1000_ps0_15_pt0_95_j10_1.stl,62.79,195238.4,sat
../resources/benchmarks/random0/b0_r5_c10_l500_i1000_ps0_15_pt0_95_j10_2.stl,-1,-1,TO
../resources/benchmarks/random0/b0_r5_c10_l500_i1000_ps0_15_pt0_95_j10_3.stl,-1,-1,TO
../resources/benchmarks/random0/b0_r5_c10_l500_i1000_ps0_15_pt0_95_j10_4.stl,-1,-1,TO
../resources/benchmarks/random0/b0_r5_c10_l500_i1000_ps0_15_pt0_95_j10_5.stl,-1,-1,TO
../resources/benchmarks/random0/b0_r5_c10_l500_i1000_ps0_15_pt0_95_j5_1.stl,24.36,6345331.2,sat
../resources/benchmarks/random0/b0_r5_c10_l500_i1000_ps0_15_pt0_95_j5_2.stl,4.416,126746.4,sat
../resources/benchmarks/random0/b0_r5_c10_l500_i1000_ps0_15_pt0_95_j5_3.stl,0.01,32395.2,unsat
../resources/benchmarks/random0/b0_r5_c10_l500_i1000_ps0_15_pt0_95_j5_4.stl,0.16,138734.4,sat
../resources/benchmarks/random0/b0_r5_c10_l500_i1000_ps0_15_pt0_95_j5_5.stl,-1,-1,TO
../resources/benchmarks/random0/b0_r5_c10_l500_i1000_ps0_1_pt0_33_j10_1.stl,-1,-1,TO
../resources/benchmarks/random0/b0_r5_c10_l500_i1000_ps0_1_pt0_33_j10_2.stl,5.798,42557.6,unsat
../resources/benchmarks/random0/b0_r5_c10_l500_i1000_ps0_1_pt0_33_j10_3.stl,-1,-1,TO
../resources/benchmarks/random0/b0_r5_c10_l500_i1000_ps0_1_pt0_33_j10_4.stl,-1,-1,TO
../resources/benchmarks/random0/b0_r5_c10_l500_i1000_ps0_1_pt0_33_j10_5.stl,0.82,35805.6,unsat
../resources/benchmarks/random0/b0_r5_c10_l500_i1000_ps0_1_pt0_33_j5_1.stl,-1,-1,TO
../resources/benchmarks/random0/b0_r5_c10_l500_i1000_ps0_1_pt0_33_j5_2.stl,0.744,172197.6,sat
../resources/benchmarks/random0/b0_r5_c10_l500_i1000_ps0_1_pt0_33_j5_3.stl,97.066,5047450.4,sat
../resources/benchmarks/random0/b0_r5_c10_l500_i1000_ps0_1_pt0_33_j5_4.stl,0.226,194334.4,sat
../resources/benchmarks/random0/b0_r5_c10_l500_i1000_ps0_1_pt0_33_j5_5.stl,7.014,156825.6,sat
../resources/benchmarks/random0/b0_r5_c10_l500_i1000_ps0_1_pt0_5_j10_1.stl,-1,-1,TO
../resources/benchmarks/random0/b0_r5_c10_l500_i1000_ps0_1_pt0_5_j10_2.stl,-1,-1,TO
../resources/benchmarks/random0/b0_r5_c10_l500_i1000_ps0_1_pt0_5_j10_3.stl,6.176,151306.4,sat
../resources/benchmarks/random0/b0_r5_c10_l500_i1000_ps0_1_pt0_5_j10_4.stl,0.0,7801.6,unsat
../resources/benchmarks/random0/b0_r5_c10_l500_i1000_ps0_1_pt0_5_j10_5.stl,-1,-1,TO
../resources/benchmarks/random0/b0_r5_c10_l500_i1000_ps0_1_pt0_5_j5_1.stl,-1,-1,TO
../resources/benchmarks/random0/b0_r5_c10_l500_i1000_ps0_1_pt0_5_j5_2.stl,0.12,43110.4,sat
../resources/benchmarks/random0/b0_r5_c10_l500_i1000_ps0_1_pt0_5_j5_3.stl,0.07,13948.8,sat
../resources/benchmarks/random0/b0_r5_c10_l500_i1000_ps0_1_pt0_5_j5_4.stl,-1,-1,TO
../resources/benchmarks/random0/b0_r5_c10_l500_i1000_ps0_1_pt0_5_j5_5.stl,0.98,41571.2,sat
../resources/benchmarks/random0/b0_r5_c10_l500_i1000_ps0_1_pt0_75_j10_1.stl,-1,-1,TO
../resources/benchmarks/random0/b0_r5_c10_l500_i1000_ps0_1_pt0_75_j10_2.stl,-1,-1,TO
../resources/benchmarks/random0/b0_r5_c10_l500_i1000_ps0_1_pt0_75_j10_3.stl,-1,-1,TO
../resources/benchmarks/random0/b0_r5_c10_l500_i1000_ps0_1_pt0_75_j10_4.stl,-1,-1,TO
../resources/benchmarks/random0/b0_r5_c10_l500_i1000_ps0_1_pt0_75_j10_5.stl,0.016,32753.6,unsat
../resources/benchmarks/random0/b0_r5_c10_l500_i1000_ps0_1_pt0_75_j5_1.stl,0.0,7795.2,unsat
../resources/benchmarks/random0/b0_r5_c10_l500_i1000_ps0_1_pt0_75_j5_2.stl,44.147999999999996,198323.2,sat
../resources/benchmarks/random0/b0_r5_c10_l500_i1000_ps0_1_pt0_75_j5_3.stl,-1,-1,TO
../resources/benchmarks/random0/b0_r5_c10_l500_i1000_ps0_1_pt0_75_j5_4.stl,-1,-1,TO
../resources/benchmarks/random0/b0_r5_c10_l500_i1000_ps0_1_pt0_75_j5_5.stl,-1,-1,TO
../resources/benchmarks/random0/b0_r5_c10_l500_i1000_ps0_1_pt0_95_j10_1.stl,-1,-1,TO
../resources/benchmarks/random0/b0_r5_c10_l500_i1000_ps0_1_pt0_95_j10_2.stl,-1,-1,TO
../resources/benchmarks/random0/b0_r5_c10_l500_i1000_ps0_1_pt0_95_j10_3.stl,-1,-1,TO
../resources/benchmarks/random0/b0_r5_c10_l500_i1000_ps0_1_pt0_95_j10_4.stl,-1,-1,TO
../resources/benchmarks/random0/b0_r5_c10_l500_i1000_ps0_1_pt0_95_j10_5.stl,-1,-1,TO
../resources/benchmarks/random0/b0_r5_c10_l500_i1000_ps0_1_pt0_95_j5_1.stl,1.85,215832,sat
../resources/benchmarks/random0/b0_r5_c10_l500_i1000_ps0_1_pt0_95_j5_2.stl,107.942,19518443.2,sat
../resources/benchmarks/random0/b0_r5_c10_l500_i1000_ps0_1_pt0_95_j5_3.stl,-1,-1,TO
../resources/benchmarks/random0/b0_r5_c10_l500_i1000_ps0_1_pt0_95_j5_4.stl,0.85,285220.8,sat
../resources/benchmarks/random0/b0_r5_c10_l500_i1000_ps0_1_pt0_95_j5_5.stl,-1,-1,TO
../resources/benchmarks/random0/b0_r5_c10_l500_i1000_ps0_25_pt0_33_j10_1.stl,1.11,18532,sat
../resources/benchmarks/random0/b0_r5_c10_l500_i1000_ps0_25_pt0_33_j10_2.stl,0.0,7793.6,unsat
../resources/benchmarks/random0/b0_r5_c10_l500_i1000_ps0_25_pt0_33_j10_3.stl,-1,-1,TO
../resources/benchmarks/random0/b0_r5_c10_l500_i1000_ps0_25_pt0_33_j10_4.stl,0.0,7780.8,unsat
../resources/benchmarks/random0/b0_r5_c10_l500_i1000_ps0_25_pt0_33_j10_5.stl,0.0,7808.8,unsat
../resources/benchmarks/random0/b0_r5_c10_l500_i1000_ps0_25_pt0_33_j5_1.stl,0.01,33356,unsat
../resources/benchmarks/random0/b0_r5_c10_l500_i1000_ps0_25_pt0_33_j5_2.stl,0.0,7796.8,unsat
../resources/benchmarks/random0/b0_r5_c10_l500_i1000_ps0_25_pt0_33_j5_3.stl,0.218,222296,sat
../resources/benchmarks/random0/b0_r5_c10_l500_i1000_ps0_25_pt0_33_j5_4.stl,0.0,10853.6,sat
../resources/benchmarks/random0/b0_r5_c10_l500_i1000_ps0_25_pt0_33_j5_5.stl,0.01,33631.2,sat
../resources/benchmarks/random0/b0_r5_c10_l500_i1000_ps0_25_pt0_5_j10_1.stl,0.0,7808.8,unsat
../resources/benchmarks/random0/b0_r5_c10_l500_i1000_ps0_25_pt0_5_j10_2.stl,0.14400000000000002,10860.8,sat
../resources/benchmarks/random0/b0_r5_c10_l500_i1000_ps0_25_pt0_5_j10_3.stl,0.048,10858.4,unsat
../resources/benchmarks/random0/b0_r5_c10_l500_i1000_ps0_25_pt0_5_j10_4.stl,34.198,35763.2,sat
../resources/benchmarks/random0/b0_r5_c10_l500_i1000_ps0_25_pt0_5_j10_5.stl,0.052000000000000005,7803.2,unsat
../resources/benchmarks/random0/b0_r5_c10_l500_i1000_ps0_25_pt0_5_j5_1.stl,0.01,32736.8,sat
../resources/benchmarks/random0/b0_r5_c10_l500_i1000_ps0_25_pt0_5_j5_2.stl,6.756,236407.2,sat
../resources/benchmarks/random0/b0_r5_c10_l500_i1000_ps0_25_pt0_5_j5_3.stl,0.01,30874.4,unsat
../resources/benchmarks/random0/b0_r5_c10_l500_i1000_ps0_25_pt0_5_j5_4.stl,0.14200000000000002,154078.4,sat
../resources/benchmarks/random0/b0_r5_c10_l500_i1000_ps0_25_pt0_5_j5_5.stl,0.16,133179.2,sat
../resources/benchmarks/random0/b0_r5_c10_l500_i1000_ps0_25_pt0_75_j10_1.stl,-1,-1,TO
../resources/benchmarks/random0/b0_r5_c10_l500_i1000_ps0_25_pt0_75_j10_2.stl,8.9,70511.2,sat
../resources/benchmarks/random0/b0_r5_c10_l500_i1000_ps0_25_pt0_75_j10_3.stl,0.01,33014.4,unsat
../resources/benchmarks/random0/b0_r5_c10_l500_i1000_ps0_25_pt0_75_j10_4.stl,4.63,200768,sat
../resources/benchmarks/random0/b0_r5_c10_l500_i1000_ps0_25_pt0_75_j10_5.stl,-1,-1,TO
../resources/benchmarks/random0/b0_r5_c10_l500_i1000_ps0_25_pt0_75_j5_1.stl,1.634,96956.8,sat
../resources/benchmarks/random0/b0_r5_c10_l500_i1000_ps0_25_pt0_75_j5_2.stl,0.04,59445.6,sat
../resources/benchmarks/random0/b0_r5_c10_l500_i1000_ps0_25_pt0_75_j5_3.stl,0.13,76040,sat
../resources/benchmarks/random0/b0_r5_c10_l500_i1000_ps0_25_pt0_75_j5_4.stl,2.516,95698.4,sat
../resources/benchmarks/random0/b0_r5_c10_l500_i1000_ps0_25_pt0_75_j5_5.stl,0.11599999999999999,60990.4,sat
../resources/benchmarks/random0/b0_r5_c10_l500_i1000_ps0_25_pt0_95_j10_1.stl,-1,-1,TO
../resources/benchmarks/random0/b0_r5_c10_l500_i1000_ps0_25_pt0_95_j10_2.stl,0.022,10900,sat
../resources/benchmarks/random0/b0_r5_c10_l500_i1000_ps0_25_pt0_95_j10_3.stl,-1,-1,TO
../resources/benchmarks/random0/b0_r5_c10_l500_i1000_ps0_25_pt0_95_j10_4.stl,-1,-1,TO
../resources/benchmarks/random0/b0_r5_c10_l500_i1000_ps0_25_pt0_95_j10_5.stl,-1,-1,TO
../resources/benchmarks/random0/b0_r5_c10_l500_i1000_ps0_25_pt0_95_j5_1.stl,-1,-1,TO
../resources/benchmarks/random0/b0_r5_c10_l500_i1000_ps0_25_pt0_95_j5_2.stl,20.252,327044,sat
../resources/benchmarks/random0/b0_r5_c10_l500_i1000_ps0_25_pt0_95_j5_3.stl,-1,-1,TO
../resources/benchmarks/random0/b0_r5_c10_l500_i1000_ps0_25_pt0_95_j5_4.stl,1.1340000000000001,129521.6,sat
../resources/benchmarks/random0/b0_r5_c10_l500_i1000_ps0_25_pt0_95_j5_5.stl,0.05,73296.8,sat
../resources/benchmarks/random0/b0_r5_c10_l500_i1000_ps0_2_pt0_33_j10_1.stl,-1,-1,TO
../resources/benchmarks/random0/b0_r5_c10_l500_i1000_ps0_2_pt0_33_j10_2.stl,0.01,32424,unsat
../resources/benchmarks/random0/b0_r5_c10_l500_i1000_ps0_2_pt0_33_j10_3.stl,0.242,205091.2,sat
../resources/benchmarks/random0/b0_r5_c10_l500_i1000_ps0_2_pt0_33_j10_4.stl,0.0,7823.2,unsat
../resources/benchmarks/random0/b0_r5_c10_l500_i1000_ps0_2_pt0_33_j10_5.stl,10.06,210295.2,sat
../resources/benchmarks/random0/b0_r5_c10_l500_i1000_ps0_2_pt0_33_j5_1.stl,1.366,83751.2,sat
../resources/benchmarks/random0/b0_r5_c10_l500_i1000_ps0_2_pt0_33_j5_2.stl,0.0,7794.4,unsat
../resources/benchmarks/random0/b0_r5_c10_l500_i1000_ps0_2_pt0_33_j5_3.stl,0.01,32763.2,unsat
../resources/benchmarks/random0/b0_r5_c10_l500_i1000_ps0_2_pt0_33_j5_4.stl,0.0,7784,unsat
../resources/benchmarks/random0/b0_r5_c10_l500_i1000_ps0_2_pt0_33_j5_5.stl,0.01,32746.4,sat
../resources/benchmarks/random0/b0_r5_c10_l500_i1000_ps0_2_pt0_5_j10_1.stl,-1,-1,TO
../resources/benchmarks/random0/b0_r5_c10_l500_i1000_ps0_2_pt0_5_j10_2.stl,4.144,34574.4,unsat
../resources/benchmarks/random0/b0_r5_c10_l500_i1000_ps0_2_pt0_5_j10_3.stl,0.0,7795.2,unsat
../resources/benchmarks/random0/b0_r5_c10_l500_i1000_ps0_2_pt0_5_j10_4.stl,4.938,170353.6,unsat
../resources/benchmarks/random0/b0_r5_c10_l500_i1000_ps0_2_pt0_5_j10_5.stl,-1,-1,TO
../resources/benchmarks/random0/b0_r5_c10_l500_i1000_ps0_2_pt0_5_j5_1.stl,0.118,135624.8,sat
../resources/benchmarks/random0/b0_r5_c10_l500_i1000_ps0_2_pt0_5_j5_2.stl,0.01,32749.6,sat
../resources/benchmarks/random0/b0_r5_c10_l500_i1000_ps0_2_pt0_5_j5_3.stl,13.1,228717.6,sat
../resources/benchmarks/random0/b0_r5_c10_l500_i1000_ps0_2_pt0_5_j5_4.stl,0.214,202602.4,sat
../resources/benchmarks/random0/b0_r5_c10_l500_i1000_ps0_2_pt0_5_j5_5.stl,0.01,32752,sat
../resources/benchmarks/random0/b0_r5_c10_l500_i1000_ps0_2_pt0_75_j10_1.stl,-1,-1,TO
../resources/benchmarks/random0/b0_r5_c10_l500_i1000_ps0_2_pt0_75_j10_2.stl,0.0,7798.4,unsat
../resources/benchmarks/random0/b0_r5_c10_l500_i1000_ps0_2_pt0_75_j10_3.stl,0.064,66544.8,sat
../resources/benchmarks/random0/b0_r5_c10_l500_i1000_ps0_2_pt0_75_j10_4.stl,0.01,32426.4,unsat
../resources/benchmarks/random0/b0_r5_c10_l500_i1000_ps0_2_pt0_75_j10_5.stl,-1,-1,TO
../resources/benchmarks/random0/b0_r5_c10_l500_i1000_ps0_2_pt0_75_j5_1.stl,23.604,253572.8,sat
../resources/benchmarks/random0/b0_r5_c10_l500_i1000_ps0_2_pt0_75_j5_2.stl,0.01,33348,unsat
../resources/benchmarks/random0/b0_r5_c10_l500_i1000_ps0_2_pt0_75_j5_3.stl,0.216,225945.6,sat
../resources/benchmarks/random0/b0_r5_c10_l500_i1000_ps0_2_pt0_75_j5_4.stl,0.0,7804,unsat
../resources/benchmarks/random0/b0_r5_c10_l500_i1000_ps0_2_pt0_75_j5_5.stl,2.738,140856,sat
../resources/benchmarks/random0/b0_r5_c10_l500_i1000_ps0_2_pt0_95_j10_1.stl,-1,-1,TO
../resources/benchmarks/random0/b0_r5_c10_l500_i1000_ps0_2_pt0_95_j10_2.stl,2.296,154384.8,sat
../resources/benchmarks/random0/b0_r5_c10_l500_i1000_ps0_2_pt0_95_j10_3.stl,0.01,33635.2,unsat
../resources/benchmarks/random0/b0_r5_c10_l500_i1000_ps0_2_pt0_95_j10_4.stl,-1,-1,TO
../resources/benchmarks/random0/b0_r5_c10_l500_i1000_ps0_2_pt0_95_j10_5.stl,-1,-1,TO
../resources/benchmarks/random0/b0_r5_c10_l500_i1000_ps0_2_pt0_95_j5_1.stl,-1,-1,TO
../resources/benchmarks/random0/b0_r5_c10_l500_i1000_ps0_2_pt0_95_j5_2.stl,0.25,226269.6,sat
../resources/benchmarks/random0/b0_r5_c10_l500_i1000_ps0_2_pt0_95_j5_3.stl,-1,-1,TO
../resources/benchmarks/random0/b0_r5_c10_l500_i1000_ps0_2_pt0_95_j5_4.stl,0.374,189413.6,sat
../resources/benchmarks/random0/b0_r5_c10_l500_i1000_ps0_2_pt0_95_j5_5.stl,1.478,245287.2,sat
../resources/benchmarks/random0/b0_r5_c10_l500_i50_ps0_05_pt0_33_j10_1.stl,-1,-1,TO
../resources/benchmarks/random0/b0_r5_c10_l500_i50_ps0_05_pt0_33_j10_2.stl,-1,-1,TO
../resources/benchmarks/random0/b0_r5_c10_l500_i50_ps0_05_pt0_33_j10_3.stl,-1,-1,TO
../resources/benchmarks/random0/b0_r5_c10_l500_i50_ps0_05_pt0_33_j10_4.stl,-1,-1,TO
../resources/benchmarks/random0/b0_r5_c10_l500_i50_ps0_05_pt0_33_j10_5.stl,0.226,24684.8,unsat
../resources/benchmarks/random0/b0_r5_c10_l500_i50_ps0_05_pt0_33_j5_1.stl,-1,-1,TO
../resources/benchmarks/random0/b0_r5_c10_l500_i50_ps0_05_pt0_33_j5_2.stl,-1,-1,TO
../resources/benchmarks/random0/b0_r5_c10_l500_i50_ps0_05_pt0_33_j5_3.stl,-1,-1,TO
../resources/benchmarks/random0/b0_r5_c10_l500_i50_ps0_05_pt0_33_j5_4.stl,-1,-1,TO
../resources/benchmarks/random0/b0_r5_c10_l500_i50_ps0_05_pt0_33_j5_5.stl,-1,-1,TO
../resources/benchmarks/random0/b0_r5_c10_l500_i50_ps0_05_pt0_5_j10_1.stl,-1,-1,TO
../resources/benchmarks/random0/b0_r5_c10_l500_i50_ps0_05_pt0_5_j10_2.stl,-1,-1,TO
../resources/benchmarks/random0/b0_r5_c10_l500_i50_ps0_05_pt0_5_j10_3.stl,-1,-1,TO
../resources/benchmarks/random0/b0_r5_c10_l500_i50_ps0_05_pt0_5_j10_4.stl,-1,-1,TO
../resources/benchmarks/random0/b0_r5_c10_l500_i50_ps0_05_pt0_5_j10_5.stl,-1,-1,TO
../resources/benchmarks/random0/b0_r5_c10_l500_i50_ps0_05_pt0_5_j5_1.stl,0.046,10859.2,unsat
../resources/benchmarks/random0/b0_r5_c10_l500_i50_ps0_05_pt0_5_j5_2.stl,-1,-1,TO
../resources/benchmarks/random0/b0_r5_c10_l500_i50_ps0_05_pt0_5_j5_3.stl,-1,-1,TO
../resources/benchmarks/random0/b0_r5_c10_l500_i50_ps0_05_pt0_5_j5_4.stl,1.294,250230.4,sat
../resources/benchmarks/random0/b0_r5_c10_l500_i50_ps0_05_pt0_5_j5_5.stl,-1,-1,TO
../resources/benchmarks/random0/b0_r5_c10_l500_i50_ps0_05_pt0_75_j10_1.stl,0.194,28971.2,unsat
../resources/benchmarks/random0/b0_r5_c10_l500_i50_ps0_05_pt0_75_j10_2.stl,-1,-1,TO
../resources/benchmarks/random0/b0_r5_c10_l500_i50_ps0_05_pt0_75_j10_3.stl,-1,-1,TO
../resources/benchmarks/random0/b0_r5_c10_l500_i50_ps0_05_pt0_75_j10_4.stl,-1,-1,TO
../resources/benchmarks/random0/b0_r5_c10_l500_i50_ps0_05_pt0_75_j10_5.stl,-1,-1,TO
../resources/benchmarks/random0/b0_r5_c10_l500_i50_ps0_05_pt0_75_j5_1.stl,-1,-1,TO
../resources/benchmarks/random0/b0_r5_c10_l500_i50_ps0_05_pt0_75_j5_2.stl,-1,-1,TO
../resources/benchmarks/random0/b0_r5_c10_l500_i50_ps0_05_pt0_75_j5_3.stl,-1,-1,TO
../resources/benchmarks/random0/b0_r5_c10_l500_i50_ps0_05_pt0_75_j5_4.stl,-1,-1,TO
../resources/benchmarks/random0/b0_r5_c10_l500_i50_ps0_05_pt0_75_j5_5.stl,-1,-1,TO
../resources/benchmarks/random0/b0_r5_c10_l500_i50_ps0_05_pt0_95_j10_1.stl,-1,-1,TO
../resources/benchmarks/random0/b0_r5_c10_l500_i50_ps0_05_pt0_95_j10_2.stl,-1,-1,TO
../resources/benchmarks/random0/b0_r5_c10_l500_i50_ps0_05_pt0_95_j10_3.stl,-1,-1,TO
../resources/benchmarks/random0/b0_r5_c10_l500_i50_ps0_05_pt0_95_j10_4.stl,-1,-1,TO
../resources/benchmarks/random0/b0_r5_c10_l500_i50_ps0_05_pt0_95_j10_5.stl,-1,-1,TO
../resources/benchmarks/random0/b0_r5_c10_l500_i50_ps0_05_pt0_95_j5_1.stl,-1,-1,TO
../resources/benchmarks/random0/b0_r5_c10_l500_i50_ps0_05_pt0_95_j5_2.stl,-1,-1,TO
../resources/benchmarks/random0/b0_r5_c10_l500_i50_ps0_05_pt0_95_j5_3.stl,-1,-1,TO
../resources/benchmarks/random0/b0_r5_c10_l500_i50_ps0_05_pt0_95_j5_4.stl,-1,-1,TO
../resources/benchmarks/random0/b0_r5_c10_l500_i50_ps0_05_pt0_95_j5_5.stl,9.256,2246521.6,sat
../resources/benchmarks/random0/b0_r5_c10_l500_i50_ps0_15_pt0_33_j10_1.stl,0.128,51782.4,sat
../resources/benchmarks/random0/b0_r5_c10_l500_i50_ps0_15_pt0_33_j10_2.stl,0.01,32732.8,unsat
../resources/benchmarks/random0/b0_r5_c10_l500_i50_ps0_15_pt0_33_j10_3.stl,-1,-1,TO
../resources/benchmarks/random0/b0_r5_c10_l500_i50_ps0_15_pt0_33_j10_4.stl,0.0,7838.4,unsat
../resources/benchmarks/random0/b0_r5_c10_l500_i50_ps0_15_pt0_33_j10_5.stl,0.03,46564,sat
../resources/benchmarks/random0/b0_r5_c10_l500_i50_ps0_15_pt0_33_j5_1.stl,-1,-1,TO
../resources/benchmarks/random0/b0_r5_c10_l500_i50_ps0_15_pt0_33_j5_2.stl,0.0,7806.4,unsat
../resources/benchmarks/random0/b0_r5_c10_l500_i50_ps0_15_pt0_33_j5_3.stl,2.778,58822.4,sat
../resources/benchmarks/random0/b0_r5_c10_l500_i50_ps0_15_pt0_33_j5_4.stl,0.092,42867.2,sat
../resources/benchmarks/random0/b0_r5_c10_l500_i50_ps0_15_pt0_33_j5_5.stl,0.01,34554.4,sat
../resources/benchmarks/random0/b0_r5_c10_l500_i50_ps0_15_pt0_5_j10_1.stl,-1,-1,TO
../resources/benchmarks/random0/b0_r5_c10_l500_i50_ps0_15_pt0_5_j10_2.stl,0.01,32711.2,unsat
../resources/benchmarks/random0/b0_r5_c10_l500_i50_ps0_15_pt0_5_j10_3.stl,-1,-1,TO
../resources/benchmarks/random0/b0_r5_c10_l500_i50_ps0_15_pt0_5_j10_4.stl,0.01,32740.8,unsat
../resources/benchmarks/random0/b0_r5_c10_l500_i50_ps0_15_pt0_5_j10_5.stl,0.122,49944.8,sat
../resources/benchmarks/random0/b0_r5_c10_l500_i50_ps0_15_pt0_5_j5_1.stl,2.676,33672,unsat
../resources/benchmarks/random0/b0_r5_c10_l500_i50_ps0_15_pt0_5_j5_2.stl,0.198,62198.4,sat
../resources/benchmarks/random0/b0_r5_c10_l500_i50_ps0_15_pt0_5_j5_3.stl,0.01,33376,sat
../resources/benchmarks/random0/b0_r5_c10_l500_i50_ps0_15_pt0_5_j5_4.stl,0.02,37338.4,sat
../resources/benchmarks/random0/b0_r5_c10_l500_i50_ps0_15_pt0_5_j5_5.stl,-1,-1,TO
../resources/benchmarks/random0/b0_r5_c10_l500_i50_ps0_15_pt0_75_j10_1.stl,-1,-1,TO
../resources/benchmarks/random0/b0_r5_c10_l500_i50_ps0_15_pt0_75_j10_2.stl,-1,-1,TO
../resources/benchmarks/random0/b0_r5_c10_l500_i50_ps0_15_pt0_75_j10_3.stl,-1,-1,TO
../resources/benchmarks/random0/b0_r5_c10_l500_i50_ps0_15_pt0_75_j10_4.stl,0.01,33379.2,unsat
../resources/benchmarks/random0/b0_r5_c10_l500_i50_ps0_15_pt0_75_j10_5.stl,0.0,7804.8,unsat
../resources/benchmarks/random0/b0_r5_c10_l500_i50_ps0_15_pt0_75_j5_1.stl,0.248,61596,sat
../resources/benchmarks/random0/b0_r5_c10_l500_i50_ps0_15_pt0_75_j5_2.stl,0.04,41000.8,sat
../resources/benchmarks/random0/b0_r5_c10_l500_i50_ps0_15_pt0_75_j5_3.stl,0.04,53003.2,sat
../resources/benchmarks/random0/b0_r5_c10_l500_i50_ps0_15_pt0_75_j5_4.stl,-1,-1,TO
../resources/benchmarks/random0/b0_r5_c10_l500_i50_ps0_15_pt0_75_j5_5.stl,-1,-1,TO
../resources/benchmarks/random0/b0_r5_c10_l500_i50_ps0_15_pt0_95_j10_1.stl,-1,-1,TO
../resources/benchmarks/random0/b0_r5_c10_l500_i50_ps0_15_pt0_95_j10_2.stl,-1,-1,TO
../resources/benchmarks/random0/b0_r5_c10_l500_i50_ps0_15_pt0_95_j10_3.stl,-1,-1,TO
../resources/benchmarks/random0/b0_r5_c10_l500_i50_ps0_15_pt0_95_j10_4.stl,-1,-1,TO
../resources/benchmarks/random0/b0_r5_c10_l500_i50_ps0_15_pt0_95_j10_5.stl,-1,-1,TO
../resources/benchmarks/random0/b0_r5_c10_l500_i50_ps0_15_pt0_95_j5_1.stl,0.0,9345.6,sat
../resources/benchmarks/random0/b0_r5_c10_l500_i50_ps0_15_pt0_95_j5_2.stl,-1,-1,TO
../resources/benchmarks/random0/b0_r5_c10_l500_i50_ps0_15_pt0_95_j5_3.stl,0.01,9348.8,sat
../resources/benchmarks/random0/b0_r5_c10_l500_i50_ps0_15_pt0_95_j5_4.stl,-1,-1,TO
../resources/benchmarks/random0/b0_r5_c10_l500_i50_ps0_15_pt0_95_j5_5.stl,0.01,9314.4,sat
../resources/benchmarks/random0/b0_r5_c10_l500_i50_ps0_1_pt0_33_j10_1.stl,-1,-1,TO
../resources/benchmarks/random0/b0_r5_c10_l500_i50_ps0_1_pt0_33_j10_2.stl,-1,-1,TO
../resources/benchmarks/random0/b0_r5_c10_l500_i50_ps0_1_pt0_33_j10_3.stl,69.1,122748,sat
../resources/benchmarks/random0/b0_r5_c10_l500_i50_ps0_1_pt0_33_j10_4.stl,-1,-1,TO
../resources/benchmarks/random0/b0_r5_c10_l500_i50_ps0_1_pt0_33_j10_5.stl,0.0,7803.2,unsat
../resources/benchmarks/random0/b0_r5_c10_l500_i50_ps0_1_pt0_33_j5_1.stl,0.182,54239.2,sat
../resources/benchmarks/random0/b0_r5_c10_l500_i50_ps0_1_pt0_33_j5_2.stl,3.662,46859.2,sat
../resources/benchmarks/random0/b0_r5_c10_l500_i50_ps0_1_pt0_33_j5_3.stl,-1,-1,TO
../resources/benchmarks/random0/b0_r5_c10_l500_i50_ps0_1_pt0_33_j5_4.stl,0.04,44395.2,sat
../resources/benchmarks/random0/b0_r5_c10_l500_i50_ps0_1_pt0_33_j5_5.stl,0.446,85559.2,sat
../resources/benchmarks/random0/b0_r5_c10_l500_i50_ps0_1_pt0_5_j10_1.stl,1.568,60380,sat
../resources/benchmarks/random0/b0_r5_c10_l500_i50_ps0_1_pt0_5_j10_2.stl,-1,-1,TO
../resources/benchmarks/random0/b0_r5_c10_l500_i50_ps0_1_pt0_5_j10_3.stl,-1,-1,TO
../resources/benchmarks/random0/b0_r5_c10_l500_i50_ps0_1_pt0_5_j10_4.stl,0.15,34281.6,unsat
../resources/benchmarks/random0/b0_r5_c10_l500_i50_ps0_1_pt0_5_j10_5.stl,-1,-1,TO
../resources/benchmarks/random0/b0_r5_c10_l500_i50_ps0_1_pt0_5_j5_1.stl,-1,-1,TO
../resources/benchmarks/random0/b0_r5_c10_l500_i50_ps0_1_pt0_5_j5_2.stl,0.0,9329.6,sat
../resources/benchmarks/random0/b0_r5_c10_l500_i50_ps0_1_pt0_5_j5_3.stl,-1,-1,TO
../resources/benchmarks/random0/b0_r5_c10_l500_i50_ps0_1_pt0_5_j5_4.stl,-1,-1,TO
../resources/benchmarks/random0/b0_r5_c10_l500_i50_ps0_1_pt0_5_j5_5.stl,0.0,7798.4,unsat
../resources/benchmarks/random0/b0_r5_c10_l500_i50_ps0_1_pt0_75_j10_1.stl,-1,-1,TO
../resources/benchmarks/random0/b0_r5_c10_l500_i50_ps0_1_pt0_75_j10_2.stl,-1,-1,TO
../resources/benchmarks/random0/b0_r5_c10_l500_i50_ps0_1_pt0_75_j10_3.stl,-1,-1,TO
../resources/benchmarks/random0/b0_r5_c10_l500_i50_ps0_1_pt0_75_j10_4.stl,-1,-1,TO
../resources/benchmarks/random0/b0_r5_c10_l500_i50_ps0_1_pt0_75_j10_5.stl,-1,-1,TO
../resources/benchmarks/random0/b0_r5_c10_l500_i50_ps0_1_pt0_75_j5_1.stl,-1,-1,TO
../resources/benchmarks/random0/b0_r5_c10_l500_i50_ps0_1_pt0_75_j5_2.stl,0.384,82807.2,sat
../resources/benchmarks/random0/b0_r5_c10_l500_i50_ps0_1_pt0_75_j5_3.stl,0.416,82494.4,sat
../resources/benchmarks/random0/b0_r5_c10_l500_i50_ps0_1_pt0_75_j5_4.stl,0.23,51479.2,sat
../resources/benchmarks/random0/b0_r5_c10_l500_i50_ps0_1_pt0_75_j5_5.stl,-1,-1,TO
../resources/benchmarks/random0/b0_r5_c10_l500_i50_ps0_1_pt0_95_j10_1.stl,-1,-1,TO
../resources/benchmarks/random0/b0_r5_c10_l500_i50_ps0_1_pt0_95_j10_2.stl,-1,-1,TO
../resources/benchmarks/random0/b0_r5_c10_l500_i50_ps0_1_pt0_95_j10_3.stl,-1,-1,TO
../resources/benchmarks/random0/b0_r5_c10_l500_i50_ps0_1_pt0_95_j10_4.stl,-1,-1,TO
../resources/benchmarks/random0/b0_r5_c10_l500_i50_ps0_1_pt0_95_j10_5.stl,-1,-1,TO
../resources/benchmarks/random0/b0_r5_c10_l500_i50_ps0_1_pt0_95_j5_1.stl,-1,-1,TO
../resources/benchmarks/random0/b0_r5_c10_l500_i50_ps0_1_pt0_95_j5_2.stl,0.866,87719.2,sat
../resources/benchmarks/random0/b0_r5_c10_l500_i50_ps0_1_pt0_95_j5_3.stl,-1,-1,TO
../resources/benchmarks/random0/b0_r5_c10_l500_i50_ps0_1_pt0_95_j5_4.stl,-1,-1,TO
../resources/benchmarks/random0/b0_r5_c10_l500_i50_ps0_1_pt0_95_j5_5.stl,0.984,65299.2,sat
../resources/benchmarks/random0/b0_r5_c10_l500_i50_ps0_25_pt0_33_j10_1.stl,-1,-1,TO
../resources/benchmarks/random0/b0_r5_c10_l500_i50_ps0_25_pt0_33_j10_2.stl,0.01,32426.4,unsat
../resources/benchmarks/random0/b0_r5_c10_l500_i50_ps0_25_pt0_33_j10_3.stl,0.0,7803.2,unsat
../resources/benchmarks/random0/b0_r5_c10_l500_i50_ps0_25_pt0_33_j10_4.stl,0.08,55148.8,sat
../resources/benchmarks/random0/b0_r5_c10_l500_i50_ps0_25_pt0_33_j10_5.stl,0.01,33659.2,unsat
../resources/benchmarks/random0/b0_r5_c10_l500_i50_ps0_25_pt0_33_j5_1.stl,0.0,7792.8,sat
../resources/benchmarks/random0/b0_r5_c10_l500_i50_ps0_25_pt0_33_j5_2.stl,0.0,9316.8,sat
../resources/benchmarks/random0/b0_r5_c10_l500_i50_ps0_25_pt0_33_j5_3.stl,0.0,7787.2,unsat
../resources/benchmarks/random0/b0_r5_c10_l500_i50_ps0_25_pt0_33_j5_4.stl,0.01,10581.6,sat
../resources/benchmarks/random0/b0_r5_c10_l500_i50_ps0_25_pt0_33_j5_5.stl,0.0,7799.2,unsat
../resources/benchmarks/random0/b0_r5_c10_l500_i50_ps0_25_pt0_5_j10_1.stl,0.07,55140.8,sat
../resources/benchmarks/random0/b0_r5_c10_l500_i50_ps0_25_pt0_5_j10_2.stl,0.01,33338.4,unsat
../resources/benchmarks/random0/b0_r5_c10_l500_i50_ps0_25_pt0_5_j10_3.stl,0.036,51788.8,sat
../resources/benchmarks/random0/b0_r5_c10_l500_i50_ps0_25_pt0_5_j10_4.stl,0.0,7790.4,unsat
../resources/benchmarks/random0/b0_r5_c10_l500_i50_ps0_25_pt0_5_j10_5.stl,0.0,7821.6,unsat
../resources/benchmarks/random0/b0_r5_c10_l500_i50_ps0_25_pt0_5_j5_1.stl,0.01,33054.4,unsat
../resources/benchmarks/random0/b0_r5_c10_l500_i50_ps0_25_pt0_5_j5_2.stl,0.03,49934.4,sat
../resources/benchmarks/random0/b0_r5_c10_l500_i50_ps0_25_pt0_5_j5_3.stl,0.03,50556,sat
../resources/benchmarks/random0/b0_r5_c10_l500_i50_ps0_25_pt0_5_j5_4.stl,-1,-1,TO
../resources/benchmarks/random0/b0_r5_c10_l500_i50_ps0_25_pt0_5_j5_5.stl,0.01,32723.2,sat
../resources/benchmarks/random0/b0_r5_c10_l500_i50_ps0_25_pt0_75_j10_1.stl,-1,-1,TO
../resources/benchmarks/random0/b0_r5_c10_l500_i50_ps0_25_pt0_75_j10_2.stl,0.0,7796.8,unsat
../resources/benchmarks/random0/b0_r5_c10_l500_i50_ps0_25_pt0_75_j10_3.stl,-1,-1,TO
../resources/benchmarks/random0/b0_r5_c10_l500_i50_ps0_25_pt0_75_j10_4.stl,0.248,54536,sat
../resources/benchmarks/random0/b0_r5_c10_l500_i50_ps0_25_pt0_75_j10_5.stl,0.0,7818.4,unsat
../resources/benchmarks/random0/b0_r5_c10_l500_i50_ps0_25_pt0_75_j5_1.stl,0.0,7798.4,unsat
../resources/benchmarks/random0/b0_r5_c10_l500_i50_ps0_25_pt0_75_j5_2.stl,0.024,46841.6,sat
../resources/benchmarks/random0/b0_r5_c10_l500_i50_ps0_25_pt0_75_j5_3.stl,0.01,31180,unsat
../resources/benchmarks/random0/b0_r5_c10_l500_i50_ps0_25_pt0_75_j5_4.stl,-1,-1,TO
../resources/benchmarks/random0/b0_r5_c10_l500_i50_ps0_25_pt0_75_j5_5.stl,0.37,74812,sat
../resources/benchmarks/random0/b0_r5_c10_l500_i50_ps0_25_pt0_95_j10_1.stl,0.01,33047.2,unsat
../resources/benchmarks/random0/b0_r5_c10_l500_i50_ps0_25_pt0_95_j10_2.stl,5.378,57911.2,sat
../resources/benchmarks/random0/b0_r5_c10_l500_i50_ps0_25_pt0_95_j10_3.stl,0.2,56078.4,sat
../resources/benchmarks/random0/b0_r5_c10_l500_i50_ps0_25_pt0_95_j10_4.stl,0.192,64058.4,sat
../resources/benchmarks/random0/b0_r5_c10_l500_i50_ps0_25_pt0_95_j10_5.stl,-1,-1,TO
../resources/benchmarks/random0/b0_r5_c10_l500_i50_ps0_25_pt0_95_j5_1.stl,-1,-1,TO
../resources/benchmarks/random0/b0_r5_c10_l500_i50_ps0_25_pt0_95_j5_2.stl,0.03,51172.8,sat
../resources/benchmarks/random0/b0_r5_c10_l500_i50_ps0_25_pt0_95_j5_3.stl,0.454,63755.2,sat
../resources/benchmarks/random0/b0_r5_c10_l500_i50_ps0_25_pt0_95_j5_4.stl,0.04,58846.4,sat
../resources/benchmarks/random0/b0_r5_c10_l500_i50_ps0_25_pt0_95_j5_5.stl,0.02,35820,sat
../resources/benchmarks/random0/b0_r5_c10_l500_i50_ps0_2_pt0_33_j10_1.stl,0.03,44744,sat
../resources/benchmarks/random0/b0_r5_c10_l500_i50_ps0_2_pt0_33_j10_2.stl,0.0,7805.6,unsat
../resources/benchmarks/random0/b0_r5_c10_l500_i50_ps0_2_pt0_33_j10_3.stl,0.03,38885.6,sat
../resources/benchmarks/random0/b0_r5_c10_l500_i50_ps0_2_pt0_33_j10_4.stl,0.024,33020,unsat
../resources/benchmarks/random0/b0_r5_c10_l500_i50_ps0_2_pt0_33_j10_5.stl,0.0,7786.4,unsat
../resources/benchmarks/random0/b0_r5_c10_l500_i50_ps0_2_pt0_33_j5_1.stl,0.0,7783.2,unsat
../resources/benchmarks/random0/b0_r5_c10_l500_i50_ps0_2_pt0_33_j5_2.stl,0.0,7807.2,sat
../resources/benchmarks/random0/b0_r5_c10_l500_i50_ps0_2_pt0_33_j5_3.stl,0.0,7813.6,sat
../resources/benchmarks/random0/b0_r5_c10_l500_i50_ps0_2_pt0_33_j5_4.stl,0.036,18542.4,sat
../resources/benchmarks/random0/b0_r5_c10_l500_i50_ps0_2_pt0_33_j5_5.stl,-1,-1,TO
../resources/benchmarks/random0/b0_r5_c10_l500_i50_ps0_2_pt0_5_j10_1.stl,0.02,40743.2,sat
../resources/benchmarks/random0/b0_r5_c10_l500_i50_ps0_2_pt0_5_j10_2.stl,0.06,33644.8,unsat
../resources/benchmarks/random0/b0_r5_c10_l500_i50_ps0_2_pt0_5_j10_3.stl,0.13,47792.8,sat
../resources/benchmarks/random0/b0_r5_c10_l500_i50_ps0_2_pt0_5_j10_4.stl,0.01,33037.6,unsat
../resources/benchmarks/random0/b0_r5_c10_l500_i50_ps0_2_pt0_5_j10_5.stl,0.046,33319.2,sat
../resources/benchmarks/random0/b0_r5_c10_l500_i50_ps0_2_pt0_5_j5_1.stl,0.114,48389.6,sat
../resources/benchmarks/random0/b0_r5_c10_l500_i50_ps0_2_pt0_5_j5_2.stl,-1,-1,TO
../resources/benchmarks/random0/b0_r5_c10_l500_i50_ps0_2_pt0_5_j5_3.stl,0.10200000000000001,46256,sat
../resources/benchmarks/random0/b0_r5_c10_l500_i50_ps0_2_pt0_5_j5_4.stl,0.02,41928.8,sat
../resources/benchmarks/random0/b0_r5_c10_l500_i50_ps0_2_pt0_5_j5_5.stl,0.0,7795.2,unsat
../resources/benchmarks/random0/b0_r5_c10_l500_i50_ps0_2_pt0_75_j10_1.stl,-1,-1,TO
../resources/benchmarks/random0/b0_r5_c10_l500_i50_ps0_2_pt0_75_j10_2.stl,-1,-1,TO
../resources/benchmarks/random0/b0_r5_c10_l500_i50_ps0_2_pt0_75_j10_3.stl,-1,-1,TO
../resources/benchmarks/random0/b0_r5_c10_l500_i50_ps0_2_pt0_75_j10_4.stl,0.07,51460.8,sat
../resources/benchmarks/random0/b0_r5_c10_l500_i50_ps0_2_pt0_75_j10_5.stl,-1,-1,TO
../resources/benchmarks/random0/b0_r5_c10_l500_i50_ps0_2_pt0_75_j5_1.stl,0.16,57636,sat
../resources/benchmarks/random0/b0_r5_c10_l500_i50_ps0_2_pt0_75_j5_2.stl,0.032,49928.8,sat
../resources/benchmarks/random0/b0_r5_c10_l500_i50_ps0_2_pt0_75_j5_3.stl,0.012,33645.6,sat
../resources/benchmarks/random0/b0_r5_c10_l500_i50_ps0_2_pt0_75_j5_4.stl,0.03,50246.4,sat
../resources/benchmarks/random0/b0_r5_c10_l500_i50_ps0_2_pt0_75_j5_5.stl,-1,-1,TO
../resources/benchmarks/random0/b0_r5_c10_l500_i50_ps0_2_pt0_95_j10_1.stl,-1,-1,TO
../resources/benchmarks/random0/b0_r5_c10_l500_i50_ps0_2_pt0_95_j10_2.stl,0.01,32412.8,unsat
../resources/benchmarks/random0/b0_r5_c10_l500_i50_ps0_2_pt0_95_j10_3.stl,-1,-1,TO
../resources/benchmarks/random0/b0_r5_c10_l500_i50_ps0_2_pt0_95_j10_4.stl,-1,-1,TO
../resources/benchmarks/random0/b0_r5_c10_l500_i50_ps0_2_pt0_95_j10_5.stl,-1,-1,TO
../resources/benchmarks/random0/b0_r5_c10_l500_i50_ps0_2_pt0_95_j5_1.stl,-1,-1,TO
../resources/benchmarks/random0/b0_r5_c10_l500_i50_ps0_2_pt0_95_j5_2.stl,0.0,7806.4,unsat
../resources/benchmarks/random0/b0_r5_c10_l500_i50_ps0_2_pt0_95_j5_3.stl,-1,-1,TO
../resources/benchmarks/random0/b0_r5_c10_l500_i50_ps0_2_pt0_95_j5_4.stl,0.184,50840,sat
../resources/benchmarks/random0/b0_r5_c10_l500_i50_ps0_2_pt0_95_j5_5.stl,0.0,7792.8,unsat
../resources/benchmarks/random0/random0.list,-1,-1,Error 101
