Name,Time (s),Total memory (KiB),Result
../resources/benchmarks/random/b0_r5_c10_l10000_i1000_ps0_05_pt0_33_j10_1.stl,-1,-1,TO
../resources/benchmarks/random/b0_r5_c10_l10000_i1000_ps0_05_pt0_33_j10_2.stl,0.12,15459.2,unsat
../resources/benchmarks/random/b0_r5_c10_l10000_i1000_ps0_05_pt0_33_j10_3.stl,-1,-1,TO
../resources/benchmarks/random/b0_r5_c10_l10000_i1000_ps0_05_pt0_33_j10_4.stl,-1,-1,TO
../resources/benchmarks/random/b0_r5_c10_l10000_i1000_ps0_05_pt0_33_j10_5.stl,-1,-1,OOM
../resources/benchmarks/random/b0_r5_c10_l10000_i1000_ps0_05_pt0_33_j5_1.stl,-1,-1,TO
../resources/benchmarks/random/b0_r5_c10_l10000_i1000_ps0_05_pt0_33_j5_2.stl,-1,-1,TO
../resources/benchmarks/random/b0_r5_c10_l10000_i1000_ps0_05_pt0_33_j5_3.stl,-1,-1,TO
../resources/benchmarks/random/b0_r5_c10_l10000_i1000_ps0_05_pt0_33_j5_4.stl,-1,-1,TO
../resources/benchmarks/random/b0_r5_c10_l10000_i1000_ps0_05_pt0_33_j5_5.stl,-1,-1,TO
../resources/benchmarks/random/b0_r5_c10_l10000_i1000_ps0_05_pt0_5_j10_1.stl,-1,-1,TO
../resources/benchmarks/random/b0_r5_c10_l10000_i1000_ps0_05_pt0_5_j10_2.stl,-1,-1,TO
../resources/benchmarks/random/b0_r5_c10_l10000_i1000_ps0_05_pt0_5_j10_3.stl,-1,-1,TO
../resources/benchmarks/random/b0_r5_c10_l10000_i1000_ps0_05_pt0_5_j10_4.stl,-1,-1,TO
../resources/benchmarks/random/b0_r5_c10_l10000_i1000_ps0_05_pt0_5_j10_5.stl,-1,-1,TO
../resources/benchmarks/random/b0_r5_c10_l10000_i1000_ps0_05_pt0_5_j5_1.stl,28.736,6279360,sat
../resources/benchmarks/random/b0_r5_c10_l10000_i1000_ps0_05_pt0_5_j5_2.stl,9.968,88345.6,unsat
../resources/benchmarks/random/b0_r5_c10_l10000_i1000_ps0_05_pt0_5_j5_3.stl,-1,-1,TO
../resources/benchmarks/random/b0_r5_c10_l10000_i1000_ps0_05_pt0_5_j5_4.stl,-1,-1,TO
../resources/benchmarks/random/b0_r5_c10_l10000_i1000_ps0_05_pt0_5_j5_5.stl,-1,-1,TO
../resources/benchmarks/random/b0_r5_c10_l10000_i1000_ps0_05_pt0_75_j10_1.stl,-1,-1,TO
../resources/benchmarks/random/b0_r5_c10_l10000_i1000_ps0_05_pt0_75_j10_2.stl,0.08,13952,unsat
../resources/benchmarks/random/b0_r5_c10_l10000_i1000_ps0_05_pt0_75_j10_3.stl,-1,-1,OOM
../resources/benchmarks/random/b0_r5_c10_l10000_i1000_ps0_05_pt0_75_j10_4.stl,-1,-1,TO
../resources/benchmarks/random/b0_r5_c10_l10000_i1000_ps0_05_pt0_75_j10_5.stl,-1,-1,TO
../resources/benchmarks/random/b0_r5_c10_l10000_i1000_ps0_05_pt0_75_j5_1.stl,-1,-1,TO
../resources/benchmarks/random/b0_r5_c10_l10000_i1000_ps0_05_pt0_75_j5_2.stl,-1,-1,TO
../resources/benchmarks/random/b0_r5_c10_l10000_i1000_ps0_05_pt0_75_j5_3.stl,-1,-1,TO
../resources/benchmarks/random/b0_r5_c10_l10000_i1000_ps0_05_pt0_75_j5_4.stl,-1,-1,TO
../resources/benchmarks/random/b0_r5_c10_l10000_i1000_ps0_05_pt0_75_j5_5.stl,-1,-1,TO
../resources/benchmarks/random/b0_r5_c10_l10000_i1000_ps0_05_pt0_95_j10_1.stl,-1,-1,TO
../resources/benchmarks/random/b0_r5_c10_l10000_i1000_ps0_05_pt0_95_j10_2.stl,-1,-1,TO
../resources/benchmarks/random/b0_r5_c10_l10000_i1000_ps0_05_pt0_95_j10_3.stl,-1,-1,TO
../resources/benchmarks/random/b0_r5_c10_l10000_i1000_ps0_05_pt0_95_j10_4.stl,-1,-1,TO
../resources/benchmarks/random/b0_r5_c10_l10000_i1000_ps0_05_pt0_95_j10_5.stl,-1,-1,OOM
../resources/benchmarks/random/b0_r5_c10_l10000_i1000_ps0_05_pt0_95_j5_1.stl,-1,-1,OOM
../resources/benchmarks/random/b0_r5_c10_l10000_i1000_ps0_05_pt0_95_j5_2.stl,-1,-1,TO
../resources/benchmarks/random/b0_r5_c10_l10000_i1000_ps0_05_pt0_95_j5_3.stl,-1,-1,OOM
../resources/benchmarks/random/b0_r5_c10_l10000_i1000_ps0_05_pt0_95_j5_4.stl,-1,-1,TO
../resources/benchmarks/random/b0_r5_c10_l10000_i1000_ps0_05_pt0_95_j5_5.stl,-1,-1,TO
../resources/benchmarks/random/b0_r5_c10_l10000_i1000_ps0_15_pt0_33_j10_1.stl,-1,-1,TO
../resources/benchmarks/random/b0_r5_c10_l10000_i1000_ps0_15_pt0_33_j10_2.stl,-1,-1,TO
../resources/benchmarks/random/b0_r5_c10_l10000_i1000_ps0_15_pt0_33_j10_3.stl,-1,-1,TO
../resources/benchmarks/random/b0_r5_c10_l10000_i1000_ps0_15_pt0_33_j10_4.stl,88.48,4354732,sat
../resources/benchmarks/random/b0_r5_c10_l10000_i1000_ps0_15_pt0_33_j10_5.stl,0.01,32414.4,unsat
../resources/benchmarks/random/b0_r5_c10_l10000_i1000_ps0_15_pt0_33_j5_1.stl,0.218,231198.4,sat
../resources/benchmarks/random/b0_r5_c10_l10000_i1000_ps0_15_pt0_33_j5_2.stl,5.14,4198668.8,sat
../resources/benchmarks/random/b0_r5_c10_l10000_i1000_ps0_15_pt0_33_j5_3.stl,-1,-1,TO
../resources/benchmarks/random/b0_r5_c10_l10000_i1000_ps0_15_pt0_33_j5_4.stl,-1,-1,TO
../resources/benchmarks/random/b0_r5_c10_l10000_i1000_ps0_15_pt0_33_j5_5.stl,-1,-1,TO
../resources/benchmarks/random/b0_r5_c10_l10000_i1000_ps0_15_pt0_5_j10_1.stl,0.01,32731.2,unsat
../resources/benchmarks/random/b0_r5_c10_l10000_i1000_ps0_15_pt0_5_j10_2.stl,0.01,33046.4,unsat
../resources/benchmarks/random/b0_r5_c10_l10000_i1000_ps0_15_pt0_5_j10_3.stl,-1,-1,TO
../resources/benchmarks/random/b0_r5_c10_l10000_i1000_ps0_15_pt0_5_j10_4.stl,-1,-1,TO
../resources/benchmarks/random/b0_r5_c10_l10000_i1000_ps0_15_pt0_5_j10_5.stl,0.01,32445.6,unsat
../resources/benchmarks/random/b0_r5_c10_l10000_i1000_ps0_15_pt0_5_j5_1.stl,-1,-1,TO
../resources/benchmarks/random/b0_r5_c10_l10000_i1000_ps0_15_pt0_5_j5_2.stl,-1,-1,TO
../resources/benchmarks/random/b0_r5_c10_l10000_i1000_ps0_15_pt0_5_j5_3.stl,0.506,513803.2,sat
../resources/benchmarks/random/b0_r5_c10_l10000_i1000_ps0_15_pt0_5_j5_4.stl,7.8,3935068.8,sat
../resources/benchmarks/random/b0_r5_c10_l10000_i1000_ps0_15_pt0_5_j5_5.stl,0.506,437300.8,sat
../resources/benchmarks/random/b0_r5_c10_l10000_i1000_ps0_15_pt0_75_j10_1.stl,-1,-1,TO
../resources/benchmarks/random/b0_r5_c10_l10000_i1000_ps0_15_pt0_75_j10_2.stl,-1,-1,TO
../resources/benchmarks/random/b0_r5_c10_l10000_i1000_ps0_15_pt0_75_j10_3.stl,-1,-1,TO
../resources/benchmarks/random/b0_r5_c10_l10000_i1000_ps0_15_pt0_75_j10_4.stl,0.0,7780.8,unsat
../resources/benchmarks/random/b0_r5_c10_l10000_i1000_ps0_15_pt0_75_j10_5.stl,0.0,7814.4,unsat
../resources/benchmarks/random/b0_r5_c10_l10000_i1000_ps0_15_pt0_75_j5_1.stl,-1,-1,TO
../resources/benchmarks/random/b0_r5_c10_l10000_i1000_ps0_15_pt0_75_j5_2.stl,-1,-1,TO
../resources/benchmarks/random/b0_r5_c10_l10000_i1000_ps0_15_pt0_75_j5_3.stl,-1,-1,TO
../resources/benchmarks/random/b0_r5_c10_l10000_i1000_ps0_15_pt0_75_j5_4.stl,0.0,7799.2,unsat
../resources/benchmarks/random/b0_r5_c10_l10000_i1000_ps0_15_pt0_75_j5_5.stl,-1,-1,TO
../resources/benchmarks/random/b0_r5_c10_l10000_i1000_ps0_15_pt0_95_j10_1.stl,20.716,7710896,sat
../resources/benchmarks/random/b0_r5_c10_l10000_i1000_ps0_15_pt0_95_j10_2.stl,-1,-1,TO
../resources/benchmarks/random/b0_r5_c10_l10000_i1000_ps0_15_pt0_95_j10_3.stl,-1,-1,TO
../resources/benchmarks/random/b0_r5_c10_l10000_i1000_ps0_15_pt0_95_j10_4.stl,-1,-1,TO
../resources/benchmarks/random/b0_r5_c10_l10000_i1000_ps0_15_pt0_95_j10_5.stl,-1,-1,TO
../resources/benchmarks/random/b0_r5_c10_l10000_i1000_ps0_15_pt0_95_j5_1.stl,47.134,442535.2,sat
../resources/benchmarks/random/b0_r5_c10_l10000_i1000_ps0_15_pt0_95_j5_2.stl,-1,-1,TO
../resources/benchmarks/random/b0_r5_c10_l10000_i1000_ps0_15_pt0_95_j5_3.stl,-1,-1,TO
../resources/benchmarks/random/b0_r5_c10_l10000_i1000_ps0_15_pt0_95_j5_4.stl,-1,-1,TO
../resources/benchmarks/random/b0_r5_c10_l10000_i1000_ps0_15_pt0_95_j5_5.stl,0.598,414556.8,sat
../resources/benchmarks/random/b0_r5_c10_l10000_i1000_ps0_1_pt0_33_j10_1.stl,-1,-1,TO
../resources/benchmarks/random/b0_r5_c10_l10000_i1000_ps0_1_pt0_33_j10_2.stl,-1,-1,TO
../resources/benchmarks/random/b0_r5_c10_l10000_i1000_ps0_1_pt0_33_j10_3.stl,-1,-1,TO
../resources/benchmarks/random/b0_r5_c10_l10000_i1000_ps0_1_pt0_33_j10_4.stl,-1,-1,TO
../resources/benchmarks/random/b0_r5_c10_l10000_i1000_ps0_1_pt0_33_j10_5.stl,-1,-1,TO
../resources/benchmarks/random/b0_r5_c10_l10000_i1000_ps0_1_pt0_33_j5_1.stl,-1,-1,TO
../resources/benchmarks/random/b0_r5_c10_l10000_i1000_ps0_1_pt0_33_j5_2.stl,-1,-1,TO
../resources/benchmarks/random/b0_r5_c10_l10000_i1000_ps0_1_pt0_33_j5_3.stl,-1,-1,TO
../resources/benchmarks/random/b0_r5_c10_l10000_i1000_ps0_1_pt0_33_j5_4.stl,5.318,4289602.4,sat
../resources/benchmarks/random/b0_r5_c10_l10000_i1000_ps0_1_pt0_33_j5_5.stl,1.684,817334.4,sat
../resources/benchmarks/random/b0_r5_c10_l10000_i1000_ps0_1_pt0_5_j10_1.stl,-1,-1,TO
../resources/benchmarks/random/b0_r5_c10_l10000_i1000_ps0_1_pt0_5_j10_2.stl,6.328,4528912,sat
../resources/benchmarks/random/b0_r5_c10_l10000_i1000_ps0_1_pt0_5_j10_3.stl,-1,-1,TO
../resources/benchmarks/random/b0_r5_c10_l10000_i1000_ps0_1_pt0_5_j10_4.stl,-1,-1,TO
../resources/benchmarks/random/b0_r5_c10_l10000_i1000_ps0_1_pt0_5_j10_5.stl,-1,-1,TO
../resources/benchmarks/random/b0_r5_c10_l10000_i1000_ps0_1_pt0_5_j5_1.stl,-1,-1,TO
../resources/benchmarks/random/b0_r5_c10_l10000_i1000_ps0_1_pt0_5_j5_2.stl,-1,-1,TO
../resources/benchmarks/random/b0_r5_c10_l10000_i1000_ps0_1_pt0_5_j5_3.stl,-1,-1,TO
../resources/benchmarks/random/b0_r5_c10_l10000_i1000_ps0_1_pt0_5_j5_4.stl,-1,-1,TO
../resources/benchmarks/random/b0_r5_c10_l10000_i1000_ps0_1_pt0_5_j5_5.stl,-1,-1,TO
../resources/benchmarks/random/b0_r5_c10_l10000_i1000_ps0_1_pt0_75_j10_1.stl,-1,-1,TO
../resources/benchmarks/random/b0_r5_c10_l10000_i1000_ps0_1_pt0_75_j10_2.stl,-1,-1,TO
../resources/benchmarks/random/b0_r5_c10_l10000_i1000_ps0_1_pt0_75_j10_3.stl,-1,-1,TO
../resources/benchmarks/random/b0_r5_c10_l10000_i1000_ps0_1_pt0_75_j10_4.stl,-1,-1,TO
../resources/benchmarks/random/b0_r5_c10_l10000_i1000_ps0_1_pt0_75_j10_5.stl,-1,-1,TO
../resources/benchmarks/random/b0_r5_c10_l10000_i1000_ps0_1_pt0_75_j5_1.stl,0.606,452070.4,sat
../resources/benchmarks/random/b0_r5_c10_l10000_i1000_ps0_1_pt0_75_j5_2.stl,-1,-1,TO
../resources/benchmarks/random/b0_r5_c10_l10000_i1000_ps0_1_pt0_75_j5_3.stl,-1,-1,TO
../resources/benchmarks/random/b0_r5_c10_l10000_i1000_ps0_1_pt0_75_j5_4.stl,-1,-1,TO
../resources/benchmarks/random/b0_r5_c10_l10000_i1000_ps0_1_pt0_75_j5_5.stl,-1,-1,TO
../resources/benchmarks/random/b0_r5_c10_l10000_i1000_ps0_1_pt0_95_j10_1.stl,-1,-1,TO
../resources/benchmarks/random/b0_r5_c10_l10000_i1000_ps0_1_pt0_95_j10_2.stl,0.0,7798.4,unsat
../resources/benchmarks/random/b0_r5_c10_l10000_i1000_ps0_1_pt0_95_j10_3.stl,-1,-1,TO
../resources/benchmarks/random/b0_r5_c10_l10000_i1000_ps0_1_pt0_95_j10_4.stl,-1,-1,TO
../resources/benchmarks/random/b0_r5_c10_l10000_i1000_ps0_1_pt0_95_j10_5.stl,-1,-1,TO
../resources/benchmarks/random/b0_r5_c10_l10000_i1000_ps0_1_pt0_95_j5_1.stl,-1,-1,TO
../resources/benchmarks/random/b0_r5_c10_l10000_i1000_ps0_1_pt0_95_j5_2.stl,0.0,7799.2,unsat
../resources/benchmarks/random/b0_r5_c10_l10000_i1000_ps0_1_pt0_95_j5_3.stl,25.692,482105.6,sat
../resources/benchmarks/random/b0_r5_c10_l10000_i1000_ps0_1_pt0_95_j5_4.stl,-1,-1,TO
../resources/benchmarks/random/b0_r5_c10_l10000_i1000_ps0_1_pt0_95_j5_5.stl,-1,-1,TO
../resources/benchmarks/random/b0_r5_c10_l10000_i1000_ps0_25_pt0_33_j10_1.stl,-1,-1,TO
../resources/benchmarks/random/b0_r5_c10_l10000_i1000_ps0_25_pt0_33_j10_2.stl,0.01,32723.2,unsat
../resources/benchmarks/random/b0_r5_c10_l10000_i1000_ps0_25_pt0_33_j10_3.stl,0.01,33333.6,unsat
../resources/benchmarks/random/b0_r5_c10_l10000_i1000_ps0_25_pt0_33_j10_4.stl,0.0,7802.4,unsat
../resources/benchmarks/random/b0_r5_c10_l10000_i1000_ps0_25_pt0_33_j10_5.stl,0.25,288009.6,sat
../resources/benchmarks/random/b0_r5_c10_l10000_i1000_ps0_25_pt0_33_j5_1.stl,51.936,417344.8,sat
../resources/benchmarks/random/b0_r5_c10_l10000_i1000_ps0_25_pt0_33_j5_2.stl,0.11,142983.2,sat
../resources/benchmarks/random/b0_r5_c10_l10000_i1000_ps0_25_pt0_33_j5_3.stl,0.01,32419.2,sat
../resources/benchmarks/random/b0_r5_c10_l10000_i1000_ps0_25_pt0_33_j5_4.stl,0.61,380467.2,sat
../resources/benchmarks/random/b0_r5_c10_l10000_i1000_ps0_25_pt0_33_j5_5.stl,0.01,33023.2,unsat
../resources/benchmarks/random/b0_r5_c10_l10000_i1000_ps0_25_pt0_5_j10_1.stl,0.01,32421.6,unsat
../resources/benchmarks/random/b0_r5_c10_l10000_i1000_ps0_25_pt0_5_j10_2.stl,77.52,636380,sat
../resources/benchmarks/random/b0_r5_c10_l10000_i1000_ps0_25_pt0_5_j10_3.stl,-1,-1,TO
../resources/benchmarks/random/b0_r5_c10_l10000_i1000_ps0_25_pt0_5_j10_4.stl,-1,-1,TO
../resources/benchmarks/random/b0_r5_c10_l10000_i1000_ps0_25_pt0_5_j10_5.stl,-1,-1,TO
../resources/benchmarks/random/b0_r5_c10_l10000_i1000_ps0_25_pt0_5_j5_1.stl,4.964,4081908.8,sat
../resources/benchmarks/random/b0_r5_c10_l10000_i1000_ps0_25_pt0_5_j5_2.stl,18.262,4490825.6,sat
../resources/benchmarks/random/b0_r5_c10_l10000_i1000_ps0_25_pt0_5_j5_3.stl,0.462,420403.2,sat
../resources/benchmarks/random/b0_r5_c10_l10000_i1000_ps0_25_pt0_5_j5_4.stl,0.566,453632.8,sat
../resources/benchmarks/random/b0_r5_c10_l10000_i1000_ps0_25_pt0_5_j5_5.stl,-1,-1,TO
../resources/benchmarks/random/b0_r5_c10_l10000_i1000_ps0_25_pt0_75_j10_1.stl,-1,-1,TO
../resources/benchmarks/random/b0_r5_c10_l10000_i1000_ps0_25_pt0_75_j10_2.stl,0.0,7789.6,unsat
../resources/benchmarks/random/b0_r5_c10_l10000_i1000_ps0_25_pt0_75_j10_3.stl,-1,-1,TO
../resources/benchmarks/random/b0_r5_c10_l10000_i1000_ps0_25_pt0_75_j10_4.stl,113.832,504290.4,sat
../resources/benchmarks/random/b0_r5_c10_l10000_i1000_ps0_25_pt0_75_j10_5.stl,0.0,7771.2,unsat
../resources/benchmarks/random/b0_r5_c10_l10000_i1000_ps0_25_pt0_75_j5_1.stl,6.216,4292681.6,sat
../resources/benchmarks/random/b0_r5_c10_l10000_i1000_ps0_25_pt0_75_j5_2.stl,-1,-1,TO
../resources/benchmarks/random/b0_r5_c10_l10000_i1000_ps0_25_pt0_75_j5_3.stl,4.122,4026668,sat
../resources/benchmarks/random/b0_r5_c10_l10000_i1000_ps0_25_pt0_75_j5_4.stl,66.412,462218.4,sat
../resources/benchmarks/random/b0_r5_c10_l10000_i1000_ps0_25_pt0_75_j5_5.stl,4.984,4153532,sat
../resources/benchmarks/random/b0_r5_c10_l10000_i1000_ps0_25_pt0_95_j10_1.stl,-1,-1,TO
../resources/benchmarks/random/b0_r5_c10_l10000_i1000_ps0_25_pt0_95_j10_2.stl,-1,-1,TO
../resources/benchmarks/random/b0_r5_c10_l10000_i1000_ps0_25_pt0_95_j10_3.stl,-1,-1,TO
../resources/benchmarks/random/b0_r5_c10_l10000_i1000_ps0_25_pt0_95_j10_4.stl,-1,-1,TO
../resources/benchmarks/random/b0_r5_c10_l10000_i1000_ps0_25_pt0_95_j10_5.stl,-1,-1,TO
../resources/benchmarks/random/b0_r5_c10_l10000_i1000_ps0_25_pt0_95_j5_1.stl,-1,-1,TO
../resources/benchmarks/random/b0_r5_c10_l10000_i1000_ps0_25_pt0_95_j5_2.stl,0.24,151887.2,sat
../resources/benchmarks/random/b0_r5_c10_l10000_i1000_ps0_25_pt0_95_j5_3.stl,4.758,4144599.2,sat
../resources/benchmarks/random/b0_r5_c10_l10000_i1000_ps0_25_pt0_95_j5_4.stl,71.908,410881.6,sat
../resources/benchmarks/random/b0_r5_c10_l10000_i1000_ps0_25_pt0_95_j5_5.stl,-1,-1,TO
../resources/benchmarks/random/b0_r5_c10_l10000_i1000_ps0_2_pt0_33_j10_1.stl,5.816,4336300,sat
../resources/benchmarks/random/b0_r5_c10_l10000_i1000_ps0_2_pt0_33_j10_2.stl,117.742,661237.6,sat
../resources/benchmarks/random/b0_r5_c10_l10000_i1000_ps0_2_pt0_33_j10_3.stl,7.24,4371635.2,sat
../resources/benchmarks/random/b0_r5_c10_l10000_i1000_ps0_2_pt0_33_j10_4.stl,0.0,7777.6,unsat
../resources/benchmarks/random/b0_r5_c10_l10000_i1000_ps0_2_pt0_33_j10_5.stl,-1,-1,TO
../resources/benchmarks/random/b0_r5_c10_l10000_i1000_ps0_2_pt0_33_j5_1.stl,0.216,230894.4,sat
../resources/benchmarks/random/b0_r5_c10_l10000_i1000_ps0_2_pt0_33_j5_2.stl,73.734,521486.4,sat
../resources/benchmarks/random/b0_r5_c10_l10000_i1000_ps0_2_pt0_33_j5_3.stl,-1,-1,TO
../resources/benchmarks/random/b0_r5_c10_l10000_i1000_ps0_2_pt0_33_j5_4.stl,0.162,175585.6,sat
../resources/benchmarks/random/b0_r5_c10_l10000_i1000_ps0_2_pt0_33_j5_5.stl,0.042,65295.2,sat
../resources/benchmarks/random/b0_r5_c10_l10000_i1000_ps0_2_pt0_5_j10_1.stl,-1,-1,TO
../resources/benchmarks/random/b0_r5_c10_l10000_i1000_ps0_2_pt0_5_j10_2.stl,-1,-1,TO
../resources/benchmarks/random/b0_r5_c10_l10000_i1000_ps0_2_pt0_5_j10_3.stl,28.9,437012.8,unsat
../resources/benchmarks/random/b0_r5_c10_l10000_i1000_ps0_2_pt0_5_j10_4.stl,-1,-1,TO
../resources/benchmarks/random/b0_r5_c10_l10000_i1000_ps0_2_pt0_5_j10_5.stl,0.0,7804,unsat
../resources/benchmarks/random/b0_r5_c10_l10000_i1000_ps0_2_pt0_5_j5_1.stl,4.114,4020167.2,sat
../resources/benchmarks/random/b0_r5_c10_l10000_i1000_ps0_2_pt0_5_j5_2.stl,62.37,490765.6,sat
../resources/benchmarks/random/b0_r5_c10_l10000_i1000_ps0_2_pt0_5_j5_3.stl,0.64,178655.2,sat
../resources/benchmarks/random/b0_r5_c10_l10000_i1000_ps0_2_pt0_5_j5_4.stl,-1,-1,TO
../resources/benchmarks/random/b0_r5_c10_l10000_i1000_ps0_2_pt0_5_j5_5.stl,8.778,436392.8,sat
../resources/benchmarks/random/b0_r5_c10_l10000_i1000_ps0_2_pt0_75_j10_1.stl,-1,-1,TO
../resources/benchmarks/random/b0_r5_c10_l10000_i1000_ps0_2_pt0_75_j10_2.stl,0.0,7814.4,unsat
../resources/benchmarks/random/b0_r5_c10_l10000_i1000_ps0_2_pt0_75_j10_3.stl,-1,-1,TO
../resources/benchmarks/random/b0_r5_c10_l10000_i1000_ps0_2_pt0_75_j10_4.stl,-1,-1,TO
../resources/benchmarks/random/b0_r5_c10_l10000_i1000_ps0_2_pt0_75_j10_5.stl,-1,-1,TO
../resources/benchmarks/random/b0_r5_c10_l10000_i1000_ps0_2_pt0_75_j5_1.stl,-1,-1,TO
../resources/benchmarks/random/b0_r5_c10_l10000_i1000_ps0_2_pt0_75_j5_2.stl,0.972,68683.2,unsat
../resources/benchmarks/random/b0_r5_c10_l10000_i1000_ps0_2_pt0_75_j5_3.stl,0.432,409059.2,sat
../resources/benchmarks/random/b0_r5_c10_l10000_i1000_ps0_2_pt0_75_j5_4.stl,-1,-1,TO
../resources/benchmarks/random/b0_r5_c10_l10000_i1000_ps0_2_pt0_75_j5_5.stl,-1,-1,TO
../resources/benchmarks/random/b0_r5_c10_l10000_i1000_ps0_2_pt0_95_j10_1.stl,-1,-1,TO
../resources/benchmarks/random/b0_r5_c10_l10000_i1000_ps0_2_pt0_95_j10_2.stl,-1,-1,TO
../resources/benchmarks/random/b0_r5_c10_l10000_i1000_ps0_2_pt0_95_j10_3.stl,-1,-1,TO
../resources/benchmarks/random/b0_r5_c10_l10000_i1000_ps0_2_pt0_95_j10_4.stl,-1,-1,TO
../resources/benchmarks/random/b0_r5_c10_l10000_i1000_ps0_2_pt0_95_j10_5.stl,-1,-1,TO
../resources/benchmarks/random/b0_r5_c10_l10000_i1000_ps0_2_pt0_95_j5_1.stl,-1,-1,TO
../resources/benchmarks/random/b0_r5_c10_l10000_i1000_ps0_2_pt0_95_j5_2.stl,0.442,431177.6,sat
../resources/benchmarks/random/b0_r5_c10_l10000_i1000_ps0_2_pt0_95_j5_3.stl,-1,-1,TO
../resources/benchmarks/random/b0_r5_c10_l10000_i1000_ps0_2_pt0_95_j5_4.stl,-1,-1,TO
../resources/benchmarks/random/b0_r5_c10_l10000_i1000_ps0_2_pt0_95_j5_5.stl,87.212,428094.4,sat
../resources/benchmarks/random/b0_r5_c10_l10000_i50_ps0_05_pt0_33_j10_1.stl,-1,-1,TO
../resources/benchmarks/random/b0_r5_c10_l10000_i50_ps0_05_pt0_33_j10_2.stl,-1,-1,TO
../resources/benchmarks/random/b0_r5_c10_l10000_i50_ps0_05_pt0_33_j10_3.stl,-1,-1,TO
../resources/benchmarks/random/b0_r5_c10_l10000_i50_ps0_05_pt0_33_j10_4.stl,-1,-1,TO
../resources/benchmarks/random/b0_r5_c10_l10000_i50_ps0_05_pt0_33_j10_5.stl,-1,-1,TO
../resources/benchmarks/random/b0_r5_c10_l10000_i50_ps0_05_pt0_33_j5_1.stl,-1,-1,TO
../resources/benchmarks/random/b0_r5_c10_l10000_i50_ps0_05_pt0_33_j5_2.stl,17.32,1413289.6,sat
../resources/benchmarks/random/b0_r5_c10_l10000_i50_ps0_05_pt0_33_j5_3.stl,-1,-1,TO
../resources/benchmarks/random/b0_r5_c10_l10000_i50_ps0_05_pt0_33_j5_4.stl,-1,-1,TO
../resources/benchmarks/random/b0_r5_c10_l10000_i50_ps0_05_pt0_33_j5_5.stl,-1,-1,TO
../resources/benchmarks/random/b0_r5_c10_l10000_i50_ps0_05_pt0_5_j10_1.stl,-1,-1,TO
../resources/benchmarks/random/b0_r5_c10_l10000_i50_ps0_05_pt0_5_j10_2.stl,-1,-1,TO
../resources/benchmarks/random/b0_r5_c10_l10000_i50_ps0_05_pt0_5_j10_3.stl,-1,-1,TO
../resources/benchmarks/random/b0_r5_c10_l10000_i50_ps0_05_pt0_5_j10_4.stl,-1,-1,TO
../resources/benchmarks/random/b0_r5_c10_l10000_i50_ps0_05_pt0_5_j10_5.stl,-1,-1,TO
../resources/benchmarks/random/b0_r5_c10_l10000_i50_ps0_05_pt0_5_j5_1.stl,-1,-1,TO
../resources/benchmarks/random/b0_r5_c10_l10000_i50_ps0_05_pt0_5_j5_2.stl,-1,-1,TO
../resources/benchmarks/random/b0_r5_c10_l10000_i50_ps0_05_pt0_5_j5_3.stl,-1,-1,TO
../resources/benchmarks/random/b0_r5_c10_l10000_i50_ps0_05_pt0_5_j5_4.stl,-1,-1,TO
../resources/benchmarks/random/b0_r5_c10_l10000_i50_ps0_05_pt0_5_j5_5.stl,-1,-1,TO
../resources/benchmarks/random/b0_r5_c10_l10000_i50_ps0_05_pt0_75_j10_1.stl,-1,-1,TO
../resources/benchmarks/random/b0_r5_c10_l10000_i50_ps0_05_pt0_75_j10_2.stl,-1,-1,TO
../resources/benchmarks/random/b0_r5_c10_l10000_i50_ps0_05_pt0_75_j10_3.stl,-1,-1,TO
../resources/benchmarks/random/b0_r5_c10_l10000_i50_ps0_05_pt0_75_j10_4.stl,-1,-1,TO
../resources/benchmarks/random/b0_r5_c10_l10000_i50_ps0_05_pt0_75_j10_5.stl,-1,-1,TO
../resources/benchmarks/random/b0_r5_c10_l10000_i50_ps0_05_pt0_75_j5_1.stl,-1,-1,TO
../resources/benchmarks/random/b0_r5_c10_l10000_i50_ps0_05_pt0_75_j5_2.stl,-1,-1,TO
../resources/benchmarks/random/b0_r5_c10_l10000_i50_ps0_05_pt0_75_j5_3.stl,-1,-1,TO
../resources/benchmarks/random/b0_r5_c10_l10000_i50_ps0_05_pt0_75_j5_4.stl,0.1,35487.2,unsat
../resources/benchmarks/random/b0_r5_c10_l10000_i50_ps0_05_pt0_75_j5_5.stl,-1,-1,TO
../resources/benchmarks/random/b0_r5_c10_l10000_i50_ps0_05_pt0_95_j10_1.stl,-1,-1,TO
../resources/benchmarks/random/b0_r5_c10_l10000_i50_ps0_05_pt0_95_j10_2.stl,-1,-1,TO
../resources/benchmarks/random/b0_r5_c10_l10000_i50_ps0_05_pt0_95_j10_3.stl,-1,-1,TO
../resources/benchmarks/random/b0_r5_c10_l10000_i50_ps0_05_pt0_95_j10_4.stl,-1,-1,TO
../resources/benchmarks/random/b0_r5_c10_l10000_i50_ps0_05_pt0_95_j10_5.stl,0.06,12420.8,unsat
../resources/benchmarks/random/b0_r5_c10_l10000_i50_ps0_05_pt0_95_j5_1.stl,-1,-1,TO
../resources/benchmarks/random/b0_r5_c10_l10000_i50_ps0_05_pt0_95_j5_2.stl,-1,-1,TO
../resources/benchmarks/random/b0_r5_c10_l10000_i50_ps0_05_pt0_95_j5_3.stl,-1,-1,TO
../resources/benchmarks/random/b0_r5_c10_l10000_i50_ps0_05_pt0_95_j5_4.stl,-1,-1,TO
../resources/benchmarks/random/b0_r5_c10_l10000_i50_ps0_05_pt0_95_j5_5.stl,-1,-1,OOM
../resources/benchmarks/random/b0_r5_c10_l10000_i50_ps0_15_pt0_33_j10_1.stl,0.5660000000000001,17024.8,sat
../resources/benchmarks/random/b0_r5_c10_l10000_i50_ps0_15_pt0_33_j10_2.stl,1.084,130672,sat
../resources/benchmarks/random/b0_r5_c10_l10000_i50_ps0_15_pt0_33_j10_3.stl,0.06,10872,sat
../resources/benchmarks/random/b0_r5_c10_l10000_i50_ps0_15_pt0_33_j10_4.stl,0.0,7808,unsat
../resources/benchmarks/random/b0_r5_c10_l10000_i50_ps0_15_pt0_33_j10_5.stl,0.032,13948,sat
../resources/benchmarks/random/b0_r5_c10_l10000_i50_ps0_15_pt0_33_j5_1.stl,91.594,4304690.4,sat
../resources/benchmarks/random/b0_r5_c10_l10000_i50_ps0_15_pt0_33_j5_2.stl,0.03,50256.8,sat
../resources/benchmarks/random/b0_r5_c10_l10000_i50_ps0_15_pt0_33_j5_3.stl,0.07,84341.6,sat
../resources/benchmarks/random/b0_r5_c10_l10000_i50_ps0_15_pt0_33_j5_4.stl,0.05,56680,sat
../resources/benchmarks/random/b0_r5_c10_l10000_i50_ps0_15_pt0_33_j5_5.stl,0.044000000000000004,48362.4,sat
../resources/benchmarks/random/b0_r5_c10_l10000_i50_ps0_15_pt0_5_j10_1.stl,0.5640000000000001,84964.8,sat
../resources/benchmarks/random/b0_r5_c10_l10000_i50_ps0_15_pt0_5_j10_2.stl,0.01,33060.8,unsat
../resources/benchmarks/random/b0_r5_c10_l10000_i50_ps0_15_pt0_5_j10_3.stl,5.468,4363012.8,sat
../resources/benchmarks/random/b0_r5_c10_l10000_i50_ps0_15_pt0_5_j10_4.stl,0.258,74515.2,sat
../resources/benchmarks/random/b0_r5_c10_l10000_i50_ps0_15_pt0_5_j10_5.stl,-1,-1,TO
../resources/benchmarks/random/b0_r5_c10_l10000_i50_ps0_15_pt0_5_j5_1.stl,86.268,4338768.8,sat
../resources/benchmarks/random/b0_r5_c10_l10000_i50_ps0_15_pt0_5_j5_2.stl,-1,-1,TO
../resources/benchmarks/random/b0_r5_c10_l10000_i50_ps0_15_pt0_5_j5_3.stl,-1,-1,TO
../resources/benchmarks/random/b0_r5_c10_l10000_i50_ps0_15_pt0_5_j5_4.stl,0.01,32408,unsat
../resources/benchmarks/random/b0_r5_c10_l10000_i50_ps0_15_pt0_5_j5_5.stl,0.202,54264,sat
../resources/benchmarks/random/b0_r5_c10_l10000_i50_ps0_15_pt0_75_j10_1.stl,0.0,7500.8,unsat
../resources/benchmarks/random/b0_r5_c10_l10000_i50_ps0_15_pt0_75_j10_2.stl,0.0,7813.6,unsat
../resources/benchmarks/random/b0_r5_c10_l10000_i50_ps0_15_pt0_75_j10_3.stl,-1,-1,TO
../resources/benchmarks/random/b0_r5_c10_l10000_i50_ps0_15_pt0_75_j10_4.stl,-1,-1,TO
../resources/benchmarks/random/b0_r5_c10_l10000_i50_ps0_15_pt0_75_j10_5.stl,56.998,4858538.4,sat
../resources/benchmarks/random/b0_r5_c10_l10000_i50_ps0_15_pt0_75_j5_1.stl,-1,-1,TO
../resources/benchmarks/random/b0_r5_c10_l10000_i50_ps0_15_pt0_75_j5_2.stl,-1,-1,TO
../resources/benchmarks/random/b0_r5_c10_l10000_i50_ps0_15_pt0_75_j5_3.stl,0.0,7790.4,unsat
../resources/benchmarks/random/b0_r5_c10_l10000_i50_ps0_15_pt0_75_j5_4.stl,-1,-1,TO
../resources/benchmarks/random/b0_r5_c10_l10000_i50_ps0_15_pt0_75_j5_5.stl,0.03,49636.8,sat
../resources/benchmarks/random/b0_r5_c10_l10000_i50_ps0_15_pt0_95_j10_1.stl,45.926,4344579.2,sat
../resources/benchmarks/random/b0_r5_c10_l10000_i50_ps0_15_pt0_95_j10_2.stl,0.22,51147.2,unsat
../resources/benchmarks/random/b0_r5_c10_l10000_i50_ps0_15_pt0_95_j10_3.stl,-1,-1,TO
../resources/benchmarks/random/b0_r5_c10_l10000_i50_ps0_15_pt0_95_j10_4.stl,0.0,7796,unsat
../resources/benchmarks/random/b0_r5_c10_l10000_i50_ps0_15_pt0_95_j10_5.stl,-1,-1,TO
../resources/benchmarks/random/b0_r5_c10_l10000_i50_ps0_15_pt0_95_j5_1.stl,0.01,32428.8,unsat
../resources/benchmarks/random/b0_r5_c10_l10000_i50_ps0_15_pt0_95_j5_2.stl,1.508,85564.8,sat
../resources/benchmarks/random/b0_r5_c10_l10000_i50_ps0_15_pt0_95_j5_3.stl,0.02,41022.4,sat
../resources/benchmarks/random/b0_r5_c10_l10000_i50_ps0_15_pt0_95_j5_4.stl,89.61,4458576.8,sat
../resources/benchmarks/random/b0_r5_c10_l10000_i50_ps0_15_pt0_95_j5_5.stl,84.73,4427569.6,sat
../resources/benchmarks/random/b0_r5_c10_l10000_i50_ps0_1_pt0_33_j10_1.stl,4.0600000000000005,144493.6,sat
../resources/benchmarks/random/b0_r5_c10_l10000_i50_ps0_1_pt0_33_j10_2.stl,3.562,144499.2,sat
../resources/benchmarks/random/b0_r5_c10_l10000_i50_ps0_1_pt0_33_j10_3.stl,-1,-1,TO
../resources/benchmarks/random/b0_r5_c10_l10000_i50_ps0_1_pt0_33_j10_4.stl,-1,-1,TO
../resources/benchmarks/random/b0_r5_c10_l10000_i50_ps0_1_pt0_33_j10_5.stl,-1,-1,TO
../resources/benchmarks/random/b0_r5_c10_l10000_i50_ps0_1_pt0_33_j5_1.stl,0.322,76989.6,sat
../resources/benchmarks/random/b0_r5_c10_l10000_i50_ps0_1_pt0_33_j5_2.stl,0.01,32403.2,unsat
../resources/benchmarks/random/b0_r5_c10_l10000_i50_ps0_1_pt0_33_j5_3.stl,0.03,49655.2,sat
../resources/benchmarks/random/b0_r5_c10_l10000_i50_ps0_1_pt0_33_j5_4.stl,0.02,33046.4,unsat
../resources/benchmarks/random/b0_r5_c10_l10000_i50_ps0_1_pt0_33_j5_5.stl,-1,-1,TO
../resources/benchmarks/random/b0_r5_c10_l10000_i50_ps0_1_pt0_5_j10_1.stl,-1,-1,TO
../resources/benchmarks/random/b0_r5_c10_l10000_i50_ps0_1_pt0_5_j10_2.stl,-1,-1,TO
../resources/benchmarks/random/b0_r5_c10_l10000_i50_ps0_1_pt0_5_j10_3.stl,-1,-1,TO
../resources/benchmarks/random/b0_r5_c10_l10000_i50_ps0_1_pt0_5_j10_4.stl,-1,-1,TO
../resources/benchmarks/random/b0_r5_c10_l10000_i50_ps0_1_pt0_5_j10_5.stl,72.8,4774053.6,sat
../resources/benchmarks/random/b0_r5_c10_l10000_i50_ps0_1_pt0_5_j5_1.stl,0.942,141505.6,sat
../resources/benchmarks/random/b0_r5_c10_l10000_i50_ps0_1_pt0_5_j5_2.stl,0.1,56068.8,sat
../resources/benchmarks/random/b0_r5_c10_l10000_i50_ps0_1_pt0_5_j5_3.stl,111.02,4417698.4,sat
../resources/benchmarks/random/b0_r5_c10_l10000_i50_ps0_1_pt0_5_j5_4.stl,0.202,59755.2,sat
../resources/benchmarks/random/b0_r5_c10_l10000_i50_ps0_1_pt0_5_j5_5.stl,109.452,4441656.8,sat
../resources/benchmarks/random/b0_r5_c10_l10000_i50_ps0_1_pt0_75_j10_1.stl,-1,-1,TO
../resources/benchmarks/random/b0_r5_c10_l10000_i50_ps0_1_pt0_75_j10_2.stl,0.02,32419.2,unsat
../resources/benchmarks/random/b0_r5_c10_l10000_i50_ps0_1_pt0_75_j10_3.stl,-1,-1,TO
../resources/benchmarks/random/b0_r5_c10_l10000_i50_ps0_1_pt0_75_j10_4.stl,-1,-1,TO
../resources/benchmarks/random/b0_r5_c10_l10000_i50_ps0_1_pt0_75_j10_5.stl,0.0,7792,unsat
../resources/benchmarks/random/b0_r5_c10_l10000_i50_ps0_1_pt0_75_j5_1.stl,-1,-1,TO
../resources/benchmarks/random/b0_r5_c10_l10000_i50_ps0_1_pt0_75_j5_2.stl,-1,-1,TO
../resources/benchmarks/random/b0_r5_c10_l10000_i50_ps0_1_pt0_75_j5_3.stl,0.0,7804,unsat
../resources/benchmarks/random/b0_r5_c10_l10000_i50_ps0_1_pt0_75_j5_4.stl,-1,-1,TO
../resources/benchmarks/random/b0_r5_c10_l10000_i50_ps0_1_pt0_75_j5_5.stl,-1,-1,TO
../resources/benchmarks/random/b0_r5_c10_l10000_i50_ps0_1_pt0_95_j10_1.stl,-1,-1,TO
../resources/benchmarks/random/b0_r5_c10_l10000_i50_ps0_1_pt0_95_j10_2.stl,0.0,7808,unsat
../resources/benchmarks/random/b0_r5_c10_l10000_i50_ps0_1_pt0_95_j10_3.stl,-1,-1,TO
../resources/benchmarks/random/b0_r5_c10_l10000_i50_ps0_1_pt0_95_j10_4.stl,96.734,4469007.2,sat
../resources/benchmarks/random/b0_r5_c10_l10000_i50_ps0_1_pt0_95_j10_5.stl,0.0,7790.4,unsat
../resources/benchmarks/random/b0_r5_c10_l10000_i50_ps0_1_pt0_95_j5_1.stl,6.47,4489896,sat
../resources/benchmarks/random/b0_r5_c10_l10000_i50_ps0_1_pt0_95_j5_2.stl,0.01,32436.8,unsat
../resources/benchmarks/random/b0_r5_c10_l10000_i50_ps0_1_pt0_95_j5_3.stl,-1,-1,TO
../resources/benchmarks/random/b0_r5_c10_l10000_i50_ps0_1_pt0_95_j5_4.stl,0.26,75743.2,sat
../resources/benchmarks/random/b0_r5_c10_l10000_i50_ps0_1_pt0_95_j5_5.stl,8.946,4872349.6,sat
../resources/benchmarks/random/b0_r5_c10_l10000_i50_ps0_25_pt0_33_j10_1.stl,51.422,4523096.8,sat
../resources/benchmarks/random/b0_r5_c10_l10000_i50_ps0_25_pt0_33_j10_2.stl,0.0,7795.2,unsat
../resources/benchmarks/random/b0_r5_c10_l10000_i50_ps0_25_pt0_33_j10_3.stl,0.01,32412.8,unsat
../resources/benchmarks/random/b0_r5_c10_l10000_i50_ps0_25_pt0_33_j10_4.stl,0.01,33035.2,unsat
../resources/benchmarks/random/b0_r5_c10_l10000_i50_ps0_25_pt0_33_j10_5.stl,8.886,4343394.4,sat
../resources/benchmarks/random/b0_r5_c10_l10000_i50_ps0_25_pt0_33_j5_1.stl,0.02,40108,sat
../resources/benchmarks/random/b0_r5_c10_l10000_i50_ps0_25_pt0_33_j5_2.stl,0.186,53323.2,sat
../resources/benchmarks/random/b0_r5_c10_l10000_i50_ps0_25_pt0_33_j5_3.stl,4.724,4179918.4,sat
../resources/benchmarks/random/b0_r5_c10_l10000_i50_ps0_25_pt0_33_j5_4.stl,0.03,53615.2,sat
../resources/benchmarks/random/b0_r5_c10_l10000_i50_ps0_25_pt0_33_j5_5.stl,0.0,7773.6,unsat
../resources/benchmarks/random/b0_r5_c10_l10000_i50_ps0_25_pt0_5_j10_1.stl,-1,-1,TO
../resources/benchmarks/random/b0_r5_c10_l10000_i50_ps0_25_pt0_5_j10_2.stl,-1,-1,TO
../resources/benchmarks/random/b0_r5_c10_l10000_i50_ps0_25_pt0_5_j10_3.stl,0.0,7766.4,unsat
../resources/benchmarks/random/b0_r5_c10_l10000_i50_ps0_25_pt0_5_j10_4.stl,0.0,7788,unsat
../resources/benchmarks/random/b0_r5_c10_l10000_i50_ps0_25_pt0_5_j10_5.stl,0.0,7788.8,unsat
../resources/benchmarks/random/b0_r5_c10_l10000_i50_ps0_25_pt0_5_j5_1.stl,0.02,43176,sat
../resources/benchmarks/random/b0_r5_c10_l10000_i50_ps0_25_pt0_5_j5_2.stl,0.03,49291.2,sat
../resources/benchmarks/random/b0_r5_c10_l10000_i50_ps0_25_pt0_5_j5_3.stl,0.03,50226.4,sat
../resources/benchmarks/random/b0_r5_c10_l10000_i50_ps0_25_pt0_5_j5_4.stl,0.05,69895.2,sat
../resources/benchmarks/random/b0_r5_c10_l10000_i50_ps0_25_pt0_5_j5_5.stl,0.0,7805.6,sat
../resources/benchmarks/random/b0_r5_c10_l10000_i50_ps0_25_pt0_75_j10_1.stl,-1,-1,TO
../resources/benchmarks/random/b0_r5_c10_l10000_i50_ps0_25_pt0_75_j10_2.stl,0.08,38568,unsat
../resources/benchmarks/random/b0_r5_c10_l10000_i50_ps0_25_pt0_75_j10_3.stl,0.0,7799.2,unsat
../resources/benchmarks/random/b0_r5_c10_l10000_i50_ps0_25_pt0_75_j10_4.stl,0.0,7784,unsat
../resources/benchmarks/random/b0_r5_c10_l10000_i50_ps0_25_pt0_75_j10_5.stl,-1,-1,TO
../resources/benchmarks/random/b0_r5_c10_l10000_i50_ps0_25_pt0_75_j5_1.stl,0.01,32720.8,unsat
../resources/benchmarks/random/b0_r5_c10_l10000_i50_ps0_25_pt0_75_j5_2.stl,0.01,9322.4,sat
../resources/benchmarks/random/b0_r5_c10_l10000_i50_ps0_25_pt0_75_j5_3.stl,35.732,4333528,sat
../resources/benchmarks/random/b0_r5_c10_l10000_i50_ps0_25_pt0_75_j5_4.stl,0.05,48692,sat
../resources/benchmarks/random/b0_r5_c10_l10000_i50_ps0_25_pt0_75_j5_5.stl,0.274,52711.2,sat
../resources/benchmarks/random/b0_r5_c10_l10000_i50_ps0_25_pt0_95_j10_1.stl,-1,-1,TO
../resources/benchmarks/random/b0_r5_c10_l10000_i50_ps0_25_pt0_95_j10_2.stl,0.0,7791.2,unsat
../resources/benchmarks/random/b0_r5_c10_l10000_i50_ps0_25_pt0_95_j10_3.stl,0.21,55134.4,sat
../resources/benchmarks/random/b0_r5_c10_l10000_i50_ps0_25_pt0_95_j10_4.stl,0.01,33014.4,unsat
../resources/benchmarks/random/b0_r5_c10_l10000_i50_ps0_25_pt0_95_j10_5.stl,-1,-1,TO
../resources/benchmarks/random/b0_r5_c10_l10000_i50_ps0_25_pt0_95_j5_1.stl,58.598,4351339.2,sat
../resources/benchmarks/random/b0_r5_c10_l10000_i50_ps0_25_pt0_95_j5_2.stl,7.648,4398641.6,sat
../resources/benchmarks/random/b0_r5_c10_l10000_i50_ps0_25_pt0_95_j5_3.stl,0.0,7830.4,unsat
../resources/benchmarks/random/b0_r5_c10_l10000_i50_ps0_25_pt0_95_j5_4.stl,0.03,46230.4,unsat
../resources/benchmarks/random/b0_r5_c10_l10000_i50_ps0_25_pt0_95_j5_5.stl,9.55,140818.4,sat
../resources/benchmarks/random/b0_r5_c10_l10000_i50_ps0_2_pt0_33_j10_1.stl,0.02,33018.4,unsat
../resources/benchmarks/random/b0_r5_c10_l10000_i50_ps0_2_pt0_33_j10_2.stl,0.01,33015.2,unsat
../resources/benchmarks/random/b0_r5_c10_l10000_i50_ps0_2_pt0_33_j10_3.stl,0.01,32454.4,unsat
../resources/benchmarks/random/b0_r5_c10_l10000_i50_ps0_2_pt0_33_j10_4.stl,84.598,4335988.8,sat
../resources/benchmarks/random/b0_r5_c10_l10000_i50_ps0_2_pt0_33_j10_5.stl,0.0,7799.2,unsat
../resources/benchmarks/random/b0_r5_c10_l10000_i50_ps0_2_pt0_33_j5_1.stl,47.03,4271779.2,sat
../resources/benchmarks/random/b0_r5_c10_l10000_i50_ps0_2_pt0_33_j5_2.stl,4.798,4149836.8,sat
../resources/benchmarks/random/b0_r5_c10_l10000_i50_ps0_2_pt0_33_j5_3.stl,4.528,4113548.8,sat
../resources/benchmarks/random/b0_r5_c10_l10000_i50_ps0_2_pt0_33_j5_4.stl,0.032,51773.6,sat
../resources/benchmarks/random/b0_r5_c10_l10000_i50_ps0_2_pt0_33_j5_5.stl,4.426,4088090.4,sat
../resources/benchmarks/random/b0_r5_c10_l10000_i50_ps0_2_pt0_5_j10_1.stl,97.738,4375922.4,sat
../resources/benchmarks/random/b0_r5_c10_l10000_i50_ps0_2_pt0_5_j10_2.stl,7.454,4379304,sat
../resources/benchmarks/random/b0_r5_c10_l10000_i50_ps0_2_pt0_5_j10_3.stl,-1,-1,TO
../resources/benchmarks/random/b0_r5_c10_l10000_i50_ps0_2_pt0_5_j10_4.stl,-1,-1,TO
../resources/benchmarks/random/b0_r5_c10_l10000_i50_ps0_2_pt0_5_j10_5.stl,-1,-1,TO
../resources/benchmarks/random/b0_r5_c10_l10000_i50_ps0_2_pt0_5_j5_1.stl,-1,-1,TO
../resources/benchmarks/random/b0_r5_c10_l10000_i50_ps0_2_pt0_5_j5_2.stl,-1,-1,TO
../resources/benchmarks/random/b0_r5_c10_l10000_i50_ps0_2_pt0_5_j5_3.stl,-1,-1,TO
../resources/benchmarks/random/b0_r5_c10_l10000_i50_ps0_2_pt0_5_j5_4.stl,0.02,43800,sat
../resources/benchmarks/random/b0_r5_c10_l10000_i50_ps0_2_pt0_5_j5_5.stl,4.034,4009742.4,sat
../resources/benchmarks/random/b0_r5_c10_l10000_i50_ps0_2_pt0_75_j10_1.stl,0.0,7776.8,unsat
../resources/benchmarks/random/b0_r5_c10_l10000_i50_ps0_2_pt0_75_j10_2.stl,0.476,72664.8,sat
../resources/benchmarks/random/b0_r5_c10_l10000_i50_ps0_2_pt0_75_j10_3.stl,97.31,4319410.4,sat
../resources/benchmarks/random/b0_r5_c10_l10000_i50_ps0_2_pt0_75_j10_4.stl,-1,-1,TO
../resources/benchmarks/random/b0_r5_c10_l10000_i50_ps0_2_pt0_75_j10_5.stl,6.178,4479447.2,sat
../resources/benchmarks/random/b0_r5_c10_l10000_i50_ps0_2_pt0_75_j5_1.stl,0.776,88651.2,sat
../resources/benchmarks/random/b0_r5_c10_l10000_i50_ps0_2_pt0_75_j5_2.stl,0.038,49618.4,sat
../resources/benchmarks/random/b0_r5_c10_l10000_i50_ps0_2_pt0_75_j5_3.stl,4.624,4088064,sat
../resources/benchmarks/random/b0_r5_c10_l10000_i50_ps0_2_pt0_75_j5_4.stl,0.046,47489.6,unsat
../resources/benchmarks/random/b0_r5_c10_l10000_i50_ps0_2_pt0_75_j5_5.stl,-1,-1,TO
../resources/benchmarks/random/b0_r5_c10_l10000_i50_ps0_2_pt0_95_j10_1.stl,40.22,4359965.6,sat
../resources/benchmarks/random/b0_r5_c10_l10000_i50_ps0_2_pt0_95_j10_2.stl,1.064,88334.4,sat
../resources/benchmarks/random/b0_r5_c10_l10000_i50_ps0_2_pt0_95_j10_3.stl,8.616,4880361.6,sat
../resources/benchmarks/random/b0_r5_c10_l10000_i50_ps0_2_pt0_95_j10_4.stl,5.05,4213419.2,sat
../resources/benchmarks/random/b0_r5_c10_l10000_i50_ps0_2_pt0_95_j10_5.stl,98.936,4327404,sat
../resources/benchmarks/random/b0_r5_c10_l10000_i50_ps0_2_pt0_95_j5_1.stl,1.06,460604.8,sat
../resources/benchmarks/random/b0_r5_c10_l10000_i50_ps0_2_pt0_95_j5_2.stl,9.614,4996769.6,sat
../resources/benchmarks/random/b0_r5_c10_l10000_i50_ps0_2_pt0_95_j5_3.stl,0.672,80955.2,sat
../resources/benchmarks/random/b0_r5_c10_l10000_i50_ps0_2_pt0_95_j5_4.stl,-1,-1,TO
../resources/benchmarks/random/b0_r5_c10_l10000_i50_ps0_2_pt0_95_j5_5.stl,4.478,4080399.2,sat
../resources/benchmarks/random/b0_r5_c10_l1000_i1000_ps0_05_pt0_33_j10_1.stl,-1,-1,TO
../resources/benchmarks/random/b0_r5_c10_l1000_i1000_ps0_05_pt0_33_j10_2.stl,-1,-1,TO
../resources/benchmarks/random/b0_r5_c10_l1000_i1000_ps0_05_pt0_33_j10_3.stl,-1,-1,TO
../resources/benchmarks/random/b0_r5_c10_l1000_i1000_ps0_05_pt0_33_j10_4.stl,-1,-1,TO
../resources/benchmarks/random/b0_r5_c10_l1000_i1000_ps0_05_pt0_33_j10_5.stl,-1,-1,TO
../resources/benchmarks/random/b0_r5_c10_l1000_i1000_ps0_05_pt0_33_j5_1.stl,-1,-1,TO
../resources/benchmarks/random/b0_r5_c10_l1000_i1000_ps0_05_pt0_33_j5_2.stl,-1,-1,TO
../resources/benchmarks/random/b0_r5_c10_l1000_i1000_ps0_05_pt0_33_j5_3.stl,-1,-1,TO
../resources/benchmarks/random/b0_r5_c10_l1000_i1000_ps0_05_pt0_33_j5_4.stl,-1,-1,TO
../resources/benchmarks/random/b0_r5_c10_l1000_i1000_ps0_05_pt0_33_j5_5.stl,-1,-1,TO
../resources/benchmarks/random/b0_r5_c10_l1000_i1000_ps0_05_pt0_5_j10_1.stl,-1,-1,TO
../resources/benchmarks/random/b0_r5_c10_l1000_i1000_ps0_05_pt0_5_j10_2.stl,-1,-1,TO
../resources/benchmarks/random/b0_r5_c10_l1000_i1000_ps0_05_pt0_5_j10_3.stl,-1,-1,TO
../resources/benchmarks/random/b0_r5_c10_l1000_i1000_ps0_05_pt0_5_j10_4.stl,-1,-1,TO
../resources/benchmarks/random/b0_r5_c10_l1000_i1000_ps0_05_pt0_5_j10_5.stl,-1,-1,TO
../resources/benchmarks/random/b0_r5_c10_l1000_i1000_ps0_05_pt0_5_j5_1.stl,6.022,1659343.2,sat
../resources/benchmarks/random/b0_r5_c10_l1000_i1000_ps0_05_pt0_5_j5_2.stl,21.272,318115.2,sat
../resources/benchmarks/random/b0_r5_c10_l1000_i1000_ps0_05_pt0_5_j5_3.stl,42.454,529484.8,sat
../resources/benchmarks/random/b0_r5_c10_l1000_i1000_ps0_05_pt0_5_j5_4.stl,-1,-1,TO
../resources/benchmarks/random/b0_r5_c10_l1000_i1000_ps0_05_pt0_5_j5_5.stl,-1,-1,TO
../resources/benchmarks/random/b0_r5_c10_l1000_i1000_ps0_05_pt0_75_j10_1.stl,-1,-1,TO
../resources/benchmarks/random/b0_r5_c10_l1000_i1000_ps0_05_pt0_75_j10_2.stl,-1,-1,TO
../resources/benchmarks/random/b0_r5_c10_l1000_i1000_ps0_05_pt0_75_j10_3.stl,-1,-1,TO
../resources/benchmarks/random/b0_r5_c10_l1000_i1000_ps0_05_pt0_75_j10_4.stl,-1,-1,TO
../resources/benchmarks/random/b0_r5_c10_l1000_i1000_ps0_05_pt0_75_j10_5.stl,-1,-1,TO
../resources/benchmarks/random/b0_r5_c10_l1000_i1000_ps0_05_pt0_75_j5_1.stl,-1,-1,TO
../resources/benchmarks/random/b0_r5_c10_l1000_i1000_ps0_05_pt0_75_j5_2.stl,-1,-1,TO
../resources/benchmarks/random/b0_r5_c10_l1000_i1000_ps0_05_pt0_75_j5_3.stl,-1,-1,TO
../resources/benchmarks/random/b0_r5_c10_l1000_i1000_ps0_05_pt0_75_j5_4.stl,-1,-1,TO
../resources/benchmarks/random/b0_r5_c10_l1000_i1000_ps0_05_pt0_75_j5_5.stl,-1,-1,TO
../resources/benchmarks/random/b0_r5_c10_l1000_i1000_ps0_05_pt0_95_j10_1.stl,-1,-1,TO
../resources/benchmarks/random/b0_r5_c10_l1000_i1000_ps0_05_pt0_95_j10_2.stl,-1,-1,TO
../resources/benchmarks/random/b0_r5_c10_l1000_i1000_ps0_05_pt0_95_j10_3.stl,-1,-1,TO
../resources/benchmarks/random/b0_r5_c10_l1000_i1000_ps0_05_pt0_95_j10_4.stl,-1,-1,TO
../resources/benchmarks/random/b0_r5_c10_l1000_i1000_ps0_05_pt0_95_j10_5.stl,-1,-1,TO
../resources/benchmarks/random/b0_r5_c10_l1000_i1000_ps0_05_pt0_95_j5_1.stl,3.12,979195.2,sat
../resources/benchmarks/random/b0_r5_c10_l1000_i1000_ps0_05_pt0_95_j5_2.stl,-1,-1,TO
../resources/benchmarks/random/b0_r5_c10_l1000_i1000_ps0_05_pt0_95_j5_3.stl,-1,-1,TO
../resources/benchmarks/random/b0_r5_c10_l1000_i1000_ps0_05_pt0_95_j5_4.stl,-1,-1,TO
../resources/benchmarks/random/b0_r5_c10_l1000_i1000_ps0_05_pt0_95_j5_5.stl,-1,-1,TO
../resources/benchmarks/random/b0_r5_c10_l1000_i1000_ps0_15_pt0_33_j10_1.stl,-1,-1,TO
../resources/benchmarks/random/b0_r5_c10_l1000_i1000_ps0_15_pt0_33_j10_2.stl,-1,-1,TO
../resources/benchmarks/random/b0_r5_c10_l1000_i1000_ps0_15_pt0_33_j10_3.stl,97.372,704588.8,sat
../resources/benchmarks/random/b0_r5_c10_l1000_i1000_ps0_15_pt0_33_j10_4.stl,2.444,626549.6,sat
../resources/benchmarks/random/b0_r5_c10_l1000_i1000_ps0_15_pt0_33_j10_5.stl,0.0,7788,unsat
../resources/benchmarks/random/b0_r5_c10_l1000_i1000_ps0_15_pt0_33_j5_1.stl,87.17,474491.2,sat
../resources/benchmarks/random/b0_r5_c10_l1000_i1000_ps0_15_pt0_33_j5_2.stl,0.02,32716,unsat
../resources/benchmarks/random/b0_r5_c10_l1000_i1000_ps0_15_pt0_33_j5_3.stl,1.0,546071.2,sat
../resources/benchmarks/random/b0_r5_c10_l1000_i1000_ps0_15_pt0_33_j5_4.stl,28.678,323959.2,sat
../resources/benchmarks/random/b0_r5_c10_l1000_i1000_ps0_15_pt0_33_j5_5.stl,-1,-1,TO
../resources/benchmarks/random/b0_r5_c10_l1000_i1000_ps0_15_pt0_5_j10_1.stl,76.202,419196.8,sat
../resources/benchmarks/random/b0_r5_c10_l1000_i1000_ps0_15_pt0_5_j10_2.stl,33.769999999999996,475091.2,sat
../resources/benchmarks/random/b0_r5_c10_l1000_i1000_ps0_15_pt0_5_j10_3.stl,0.0,7819.2,unsat
../resources/benchmarks/random/b0_r5_c10_l1000_i1000_ps0_15_pt0_5_j10_4.stl,42.696,632697.6,sat
../resources/benchmarks/random/b0_r5_c10_l1000_i1000_ps0_15_pt0_5_j10_5.stl,-1,-1,TO
../resources/benchmarks/random/b0_r5_c10_l1000_i1000_ps0_15_pt0_5_j5_1.stl,65.976,936193.6,sat
../resources/benchmarks/random/b0_r5_c10_l1000_i1000_ps0_15_pt0_5_j5_2.stl,0.408,430875.2,sat
../resources/benchmarks/random/b0_r5_c10_l1000_i1000_ps0_15_pt0_5_j5_3.stl,0.13,154663.2,sat
../resources/benchmarks/random/b0_r5_c10_l1000_i1000_ps0_15_pt0_5_j5_4.stl,-1,-1,TO
../resources/benchmarks/random/b0_r5_c10_l1000_i1000_ps0_15_pt0_5_j5_5.stl,100.716,562037.6,sat
../resources/benchmarks/random/b0_r5_c10_l1000_i1000_ps0_15_pt0_75_j10_1.stl,-1,-1,TO
../resources/benchmarks/random/b0_r5_c10_l1000_i1000_ps0_15_pt0_75_j10_2.stl,-1,-1,TO
../resources/benchmarks/random/b0_r5_c10_l1000_i1000_ps0_15_pt0_75_j10_3.stl,-1,-1,TO
../resources/benchmarks/random/b0_r5_c10_l1000_i1000_ps0_15_pt0_75_j10_4.stl,0.0,7792,unsat
../resources/benchmarks/random/b0_r5_c10_l1000_i1000_ps0_15_pt0_75_j10_5.stl,8.502,365084,unsat
../resources/benchmarks/random/b0_r5_c10_l1000_i1000_ps0_15_pt0_75_j5_1.stl,0.478,441897.6,sat
../resources/benchmarks/random/b0_r5_c10_l1000_i1000_ps0_15_pt0_75_j5_2.stl,5.622,339916.8,sat
../resources/benchmarks/random/b0_r5_c10_l1000_i1000_ps0_15_pt0_75_j5_3.stl,41.346000000000004,423168.8,sat
../resources/benchmarks/random/b0_r5_c10_l1000_i1000_ps0_15_pt0_75_j5_4.stl,92.31400000000001,451728.8,sat
../resources/benchmarks/random/b0_r5_c10_l1000_i1000_ps0_15_pt0_75_j5_5.stl,54.84,511635.2,sat
../resources/benchmarks/random/b0_r5_c10_l1000_i1000_ps0_15_pt0_95_j10_1.stl,8.986,498151.2,sat
../resources/benchmarks/random/b0_r5_c10_l1000_i1000_ps0_15_pt0_95_j10_2.stl,-1,-1,TO
../resources/benchmarks/random/b0_r5_c10_l1000_i1000_ps0_15_pt0_95_j10_3.stl,-1,-1,TO
../resources/benchmarks/random/b0_r5_c10_l1000_i1000_ps0_15_pt0_95_j10_4.stl,103.962,769081.6,sat
../resources/benchmarks/random/b0_r5_c10_l1000_i1000_ps0_15_pt0_95_j10_5.stl,0.0,7824,unsat
../resources/benchmarks/random/b0_r5_c10_l1000_i1000_ps0_15_pt0_95_j5_1.stl,0.412,432412,sat
../resources/benchmarks/random/b0_r5_c10_l1000_i1000_ps0_15_pt0_95_j5_2.stl,-1,-1,TO
../resources/benchmarks/random/b0_r5_c10_l1000_i1000_ps0_15_pt0_95_j5_3.stl,65.44200000000001,502442.4,sat
../resources/benchmarks/random/b0_r5_c10_l1000_i1000_ps0_15_pt0_95_j5_4.stl,-1,-1,TO
../resources/benchmarks/random/b0_r5_c10_l1000_i1000_ps0_15_pt0_95_j5_5.stl,83.166,481849.6,sat
../resources/benchmarks/random/b0_r5_c10_l1000_i1000_ps0_1_pt0_33_j10_1.stl,-1,-1,TO
../resources/benchmarks/random/b0_r5_c10_l1000_i1000_ps0_1_pt0_33_j10_2.stl,-1,-1,TO
../resources/benchmarks/random/b0_r5_c10_l1000_i1000_ps0_1_pt0_33_j10_3.stl,81.666,7894227.2,sat
../resources/benchmarks/random/b0_r5_c10_l1000_i1000_ps0_1_pt0_33_j10_4.stl,0.0,7808,unsat
../resources/benchmarks/random/b0_r5_c10_l1000_i1000_ps0_1_pt0_33_j10_5.stl,0.04,23144.8,sat
../resources/benchmarks/random/b0_r5_c10_l1000_i1000_ps0_1_pt0_33_j5_1.stl,0.04,60992.8,sat
../resources/benchmarks/random/b0_r5_c10_l1000_i1000_ps0_1_pt0_33_j5_2.stl,0.42,432716.8,sat
../resources/benchmarks/random/b0_r5_c10_l1000_i1000_ps0_1_pt0_33_j5_3.stl,71.236,728535.2,sat
../resources/benchmarks/random/b0_r5_c10_l1000_i1000_ps0_1_pt0_33_j5_4.stl,-1,-1,TO
../resources/benchmarks/random/b0_r5_c10_l1000_i1000_ps0_1_pt0_33_j5_5.stl,-1,-1,TO
../resources/benchmarks/random/b0_r5_c10_l1000_i1000_ps0_1_pt0_5_j10_1.stl,-1,-1,TO
../resources/benchmarks/random/b0_r5_c10_l1000_i1000_ps0_1_pt0_5_j10_2.stl,60.984,325146.4,sat
../resources/benchmarks/random/b0_r5_c10_l1000_i1000_ps0_1_pt0_5_j10_3.stl,0.0,7796,unsat
../resources/benchmarks/random/b0_r5_c10_l1000_i1000_ps0_1_pt0_5_j10_4.stl,-1,-1,TO
../resources/benchmarks/random/b0_r5_c10_l1000_i1000_ps0_1_pt0_5_j10_5.stl,-1,-1,TO
../resources/benchmarks/random/b0_r5_c10_l1000_i1000_ps0_1_pt0_5_j5_1.stl,-1,-1,TO
../resources/benchmarks/random/b0_r5_c10_l1000_i1000_ps0_1_pt0_5_j5_2.stl,-1,-1,TO
../resources/benchmarks/random/b0_r5_c10_l1000_i1000_ps0_1_pt0_5_j5_3.stl,0.422,307673.6,sat
../resources/benchmarks/random/b0_r5_c10_l1000_i1000_ps0_1_pt0_5_j5_4.stl,-1,-1,TO
../resources/benchmarks/random/b0_r5_c10_l1000_i1000_ps0_1_pt0_5_j5_5.stl,43.808,471401.6,sat
../resources/benchmarks/random/b0_r5_c10_l1000_i1000_ps0_1_pt0_75_j10_1.stl,0.0,7800.8,unsat
../resources/benchmarks/random/b0_r5_c10_l1000_i1000_ps0_1_pt0_75_j10_2.stl,-1,-1,TO
../resources/benchmarks/random/b0_r5_c10_l1000_i1000_ps0_1_pt0_75_j10_3.stl,-1,-1,TO
../resources/benchmarks/random/b0_r5_c10_l1000_i1000_ps0_1_pt0_75_j10_4.stl,-1,-1,TO
../resources/benchmarks/random/b0_r5_c10_l1000_i1000_ps0_1_pt0_75_j10_5.stl,-1,-1,TO
../resources/benchmarks/random/b0_r5_c10_l1000_i1000_ps0_1_pt0_75_j5_1.stl,0.46799999999999997,438564.8,sat
../resources/benchmarks/random/b0_r5_c10_l1000_i1000_ps0_1_pt0_75_j5_2.stl,0.0,7777.6,unsat
../resources/benchmarks/random/b0_r5_c10_l1000_i1000_ps0_1_pt0_75_j5_3.stl,-1,-1,TO
../resources/benchmarks/random/b0_r5_c10_l1000_i1000_ps0_1_pt0_75_j5_4.stl,90.58,1189969.6,sat
../resources/benchmarks/random/b0_r5_c10_l1000_i1000_ps0_1_pt0_75_j5_5.stl,-1,-1,TO
../resources/benchmarks/random/b0_r5_c10_l1000_i1000_ps0_1_pt0_95_j10_1.stl,-1,-1,TO
../resources/benchmarks/random/b0_r5_c10_l1000_i1000_ps0_1_pt0_95_j10_2.stl,-1,-1,TO
../resources/benchmarks/random/b0_r5_c10_l1000_i1000_ps0_1_pt0_95_j10_3.stl,0.0,7790.4,unsat
../resources/benchmarks/random/b0_r5_c10_l1000_i1000_ps0_1_pt0_95_j10_4.stl,-1,-1,TO
../resources/benchmarks/random/b0_r5_c10_l1000_i1000_ps0_1_pt0_95_j10_5.stl,-1,-1,TO
../resources/benchmarks/random/b0_r5_c10_l1000_i1000_ps0_1_pt0_95_j5_1.stl,23.2,365727.2,sat
../resources/benchmarks/random/b0_r5_c10_l1000_i1000_ps0_1_pt0_95_j5_2.stl,19.05,1080277.6,sat
../resources/benchmarks/random/b0_r5_c10_l1000_i1000_ps0_1_pt0_95_j5_3.stl,-1,-1,TO
../resources/benchmarks/random/b0_r5_c10_l1000_i1000_ps0_1_pt0_95_j5_4.stl,-1,-1,TO
../resources/benchmarks/random/b0_r5_c10_l1000_i1000_ps0_1_pt0_95_j5_5.stl,83.672,562352.8,sat
../resources/benchmarks/random/b0_r5_c10_l1000_i1000_ps0_25_pt0_33_j10_1.stl,0.0,7792.8,unsat
../resources/benchmarks/random/b0_r5_c10_l1000_i1000_ps0_25_pt0_33_j10_2.stl,0.582,456967.2,sat
../resources/benchmarks/random/b0_r5_c10_l1000_i1000_ps0_25_pt0_33_j10_3.stl,0.01,33638.4,unsat
../resources/benchmarks/random/b0_r5_c10_l1000_i1000_ps0_25_pt0_33_j10_4.stl,0.632,463116,sat
../resources/benchmarks/random/b0_r5_c10_l1000_i1000_ps0_25_pt0_33_j10_5.stl,44.844,486780.8,sat
../resources/benchmarks/random/b0_r5_c10_l1000_i1000_ps0_25_pt0_33_j5_1.stl,0.40800000000000003,429914.4,sat
../resources/benchmarks/random/b0_r5_c10_l1000_i1000_ps0_25_pt0_33_j5_2.stl,0.17,207210.4,sat
../resources/benchmarks/random/b0_r5_c10_l1000_i1000_ps0_25_pt0_33_j5_3.stl,0.464,415188.8,sat
../resources/benchmarks/random/b0_r5_c10_l1000_i1000_ps0_25_pt0_33_j5_4.stl,0.384,428100.8,sat
../resources/benchmarks/random/b0_r5_c10_l1000_i1000_ps0_25_pt0_33_j5_5.stl,0.40800000000000003,414912,sat
../resources/benchmarks/random/b0_r5_c10_l1000_i1000_ps0_25_pt0_5_j10_1.stl,0.492,444386.4,sat
../resources/benchmarks/random/b0_r5_c10_l1000_i1000_ps0_25_pt0_5_j10_2.stl,0.382,353466.4,sat
../resources/benchmarks/random/b0_r5_c10_l1000_i1000_ps0_25_pt0_5_j10_3.stl,-1,-1,TO
../resources/benchmarks/random/b0_r5_c10_l1000_i1000_ps0_25_pt0_5_j10_4.stl,0.0,7797.6,unsat
../resources/benchmarks/random/b0_r5_c10_l1000_i1000_ps0_25_pt0_5_j10_5.stl,0.0,7797.6,unsat
../resources/benchmarks/random/b0_r5_c10_l1000_i1000_ps0_25_pt0_5_j5_1.stl,111.598,484926.4,sat
../resources/benchmarks/random/b0_r5_c10_l1000_i1000_ps0_25_pt0_5_j5_2.stl,-1,-1,TO
../resources/benchmarks/random/b0_r5_c10_l1000_i1000_ps0_25_pt0_5_j5_3.stl,0.418,408435.2,sat
../resources/benchmarks/random/b0_r5_c10_l1000_i1000_ps0_25_pt0_5_j5_4.stl,0.332,370668,sat
../resources/benchmarks/random/b0_r5_c10_l1000_i1000_ps0_25_pt0_5_j5_5.stl,0.05,64041.6,sat
../resources/benchmarks/random/b0_r5_c10_l1000_i1000_ps0_25_pt0_75_j10_1.stl,35.966,432692,sat
../resources/benchmarks/random/b0_r5_c10_l1000_i1000_ps0_25_pt0_75_j10_2.stl,0.0,7806.4,unsat
../resources/benchmarks/random/b0_r5_c10_l1000_i1000_ps0_25_pt0_75_j10_3.stl,-1,-1,TO
../resources/benchmarks/random/b0_r5_c10_l1000_i1000_ps0_25_pt0_75_j10_4.stl,80.374,481857.6,sat
../resources/benchmarks/random/b0_r5_c10_l1000_i1000_ps0_25_pt0_75_j10_5.stl,-1,-1,TO
../resources/benchmarks/random/b0_r5_c10_l1000_i1000_ps0_25_pt0_75_j5_1.stl,0.478,447756.8,sat
../resources/benchmarks/random/b0_r5_c10_l1000_i1000_ps0_25_pt0_75_j5_2.stl,0.01,31799.2,unsat
../resources/benchmarks/random/b0_r5_c10_l1000_i1000_ps0_25_pt0_75_j5_3.stl,18.182,376490.4,sat
../resources/benchmarks/random/b0_r5_c10_l1000_i1000_ps0_25_pt0_75_j5_4.stl,7.09,423478.4,sat
../resources/benchmarks/random/b0_r5_c10_l1000_i1000_ps0_25_pt0_75_j5_5.stl,-1,-1,TO
../resources/benchmarks/random/b0_r5_c10_l1000_i1000_ps0_25_pt0_95_j10_1.stl,69.202,556829.6,sat
../resources/benchmarks/random/b0_r5_c10_l1000_i1000_ps0_25_pt0_95_j10_2.stl,-1,-1,TO
../resources/benchmarks/random/b0_r5_c10_l1000_i1000_ps0_25_pt0_95_j10_3.stl,-1,-1,TO
../resources/benchmarks/random/b0_r5_c10_l1000_i1000_ps0_25_pt0_95_j10_4.stl,-1,-1,TO
../resources/benchmarks/random/b0_r5_c10_l1000_i1000_ps0_25_pt0_95_j10_5.stl,0.0,7798.4,unsat
../resources/benchmarks/random/b0_r5_c10_l1000_i1000_ps0_25_pt0_95_j5_1.stl,1.76,491377.6,sat
../resources/benchmarks/random/b0_r5_c10_l1000_i1000_ps0_25_pt0_95_j5_2.stl,0.24,215194.4,sat
../resources/benchmarks/random/b0_r5_c10_l1000_i1000_ps0_25_pt0_95_j5_3.stl,25.886,249281.6,sat
../resources/benchmarks/random/b0_r5_c10_l1000_i1000_ps0_25_pt0_95_j5_4.stl,73.982,504907.2,sat
../resources/benchmarks/random/b0_r5_c10_l1000_i1000_ps0_25_pt0_95_j5_5.stl,43.63,465891.2,sat
../resources/benchmarks/random/b0_r5_c10_l1000_i1000_ps0_2_pt0_33_j10_1.stl,80.53,459418.4,sat
../resources/benchmarks/random/b0_r5_c10_l1000_i1000_ps0_2_pt0_33_j10_2.stl,1.51,129793.6,unsat
../resources/benchmarks/random/b0_r5_c10_l1000_i1000_ps0_2_pt0_33_j10_3.stl,17.396,470494.4,sat
../resources/benchmarks/random/b0_r5_c10_l1000_i1000_ps0_2_pt0_33_j10_4.stl,0.0,7833.6,unsat
../resources/benchmarks/random/b0_r5_c10_l1000_i1000_ps0_2_pt0_33_j10_5.stl,83.116,502449.6,sat
../resources/benchmarks/random/b0_r5_c10_l1000_i1000_ps0_2_pt0_33_j5_1.stl,40.058,446830.4,sat
../resources/benchmarks/random/b0_r5_c10_l1000_i1000_ps0_2_pt0_33_j5_2.stl,0.01,31491.2,unsat
../resources/benchmarks/random/b0_r5_c10_l1000_i1000_ps0_2_pt0_33_j5_3.stl,0.376,324868,sat
../resources/benchmarks/random/b0_r5_c10_l1000_i1000_ps0_2_pt0_33_j5_4.stl,0.01,33026.4,sat
../resources/benchmarks/random/b0_r5_c10_l1000_i1000_ps0_2_pt0_33_j5_5.stl,0.334,351922.4,sat
../resources/benchmarks/random/b0_r5_c10_l1000_i1000_ps0_2_pt0_5_j10_1.stl,-1,-1,TO
../resources/benchmarks/random/b0_r5_c10_l1000_i1000_ps0_2_pt0_5_j10_2.stl,-1,-1,TO
../resources/benchmarks/random/b0_r5_c10_l1000_i1000_ps0_2_pt0_5_j10_3.stl,0.01,33362.4,unsat
../resources/benchmarks/random/b0_r5_c10_l1000_i1000_ps0_2_pt0_5_j10_4.stl,0.01,33043.2,unsat
../resources/benchmarks/random/b0_r5_c10_l1000_i1000_ps0_2_pt0_5_j10_5.stl,80.934,398607.2,sat
../resources/benchmarks/random/b0_r5_c10_l1000_i1000_ps0_2_pt0_5_j5_1.stl,-1,-1,TO
../resources/benchmarks/random/b0_r5_c10_l1000_i1000_ps0_2_pt0_5_j5_2.stl,-1,-1,TO
../resources/benchmarks/random/b0_r5_c10_l1000_i1000_ps0_2_pt0_5_j5_3.stl,0.0,7800.8,unsat
../resources/benchmarks/random/b0_r5_c10_l1000_i1000_ps0_2_pt0_5_j5_4.stl,0.404,385084,sat
../resources/benchmarks/random/b0_r5_c10_l1000_i1000_ps0_2_pt0_5_j5_5.stl,0.0,7835.2,unsat
../resources/benchmarks/random/b0_r5_c10_l1000_i1000_ps0_2_pt0_75_j10_1.stl,-1,-1,TO
../resources/benchmarks/random/b0_r5_c10_l1000_i1000_ps0_2_pt0_75_j10_2.stl,63.256,561100.8,sat
../resources/benchmarks/random/b0_r5_c10_l1000_i1000_ps0_2_pt0_75_j10_3.stl,-1,-1,TO
../resources/benchmarks/random/b0_r5_c10_l1000_i1000_ps0_2_pt0_75_j10_4.stl,-1,-1,TO
../resources/benchmarks/random/b0_r5_c10_l1000_i1000_ps0_2_pt0_75_j10_5.stl,0.01,32736,unsat
../resources/benchmarks/random/b0_r5_c10_l1000_i1000_ps0_2_pt0_75_j5_1.stl,19.224,426565.6,sat
../resources/benchmarks/random/b0_r5_c10_l1000_i1000_ps0_2_pt0_75_j5_2.stl,50.488,455745.6,sat
../resources/benchmarks/random/b0_r5_c10_l1000_i1000_ps0_2_pt0_75_j5_3.stl,-1,-1,TO
../resources/benchmarks/random/b0_r5_c10_l1000_i1000_ps0_2_pt0_75_j5_4.stl,0.508,452677.6,sat
../resources/benchmarks/random/b0_r5_c10_l1000_i1000_ps0_2_pt0_75_j5_5.stl,103.27,466210.4,sat
../resources/benchmarks/random/b0_r5_c10_l1000_i1000_ps0_2_pt0_95_j10_1.stl,-1,-1,TO
../resources/benchmarks/random/b0_r5_c10_l1000_i1000_ps0_2_pt0_95_j10_2.stl,32.102,368180,sat
../resources/benchmarks/random/b0_r5_c10_l1000_i1000_ps0_2_pt0_95_j10_3.stl,79.58,527033.6,sat
../resources/benchmarks/random/b0_r5_c10_l1000_i1000_ps0_2_pt0_95_j10_4.stl,0.626,468329.6,sat
../resources/benchmarks/random/b0_r5_c10_l1000_i1000_ps0_2_pt0_95_j10_5.stl,-1,-1,TO
../resources/benchmarks/random/b0_r5_c10_l1000_i1000_ps0_2_pt0_95_j5_1.stl,73.426,620718.4,sat
../resources/benchmarks/random/b0_r5_c10_l1000_i1000_ps0_2_pt0_95_j5_2.stl,52.878,506124,sat
../resources/benchmarks/random/b0_r5_c10_l1000_i1000_ps0_2_pt0_95_j5_3.stl,-1,-1,TO
../resources/benchmarks/random/b0_r5_c10_l1000_i1000_ps0_2_pt0_95_j5_4.stl,0.306,291076.8,sat
../resources/benchmarks/random/b0_r5_c10_l1000_i1000_ps0_2_pt0_95_j5_5.stl,-1,-1,TO
../resources/benchmarks/random/b0_r5_c10_l1000_i50_ps0_05_pt0_33_j10_1.stl,-1,-1,TO
../resources/benchmarks/random/b0_r5_c10_l1000_i50_ps0_05_pt0_33_j10_2.stl,-1,-1,TO
../resources/benchmarks/random/b0_r5_c10_l1000_i50_ps0_05_pt0_33_j10_3.stl,-1,-1,TO
../resources/benchmarks/random/b0_r5_c10_l1000_i50_ps0_05_pt0_33_j10_4.stl,-1,-1,TO
../resources/benchmarks/random/b0_r5_c10_l1000_i50_ps0_05_pt0_33_j10_5.stl,-1,-1,TO
../resources/benchmarks/random/b0_r5_c10_l1000_i50_ps0_05_pt0_33_j5_1.stl,31.538,746962.4,sat
../resources/benchmarks/random/b0_r5_c10_l1000_i50_ps0_05_pt0_33_j5_2.stl,0.574,70789.6,sat
../resources/benchmarks/random/b0_r5_c10_l1000_i50_ps0_05_pt0_33_j5_3.stl,-1,-1,TO
../resources/benchmarks/random/b0_r5_c10_l1000_i50_ps0_05_pt0_33_j5_4.stl,22.080000000000002,602601.6,sat
../resources/benchmarks/random/b0_r5_c10_l1000_i50_ps0_05_pt0_33_j5_5.stl,-1,-1,TO
../resources/benchmarks/random/b0_r5_c10_l1000_i50_ps0_05_pt0_5_j10_1.stl,-1,-1,TO
../resources/benchmarks/random/b0_r5_c10_l1000_i50_ps0_05_pt0_5_j10_2.stl,-1,-1,TO
../resources/benchmarks/random/b0_r5_c10_l1000_i50_ps0_05_pt0_5_j10_3.stl,-1,-1,TO
../resources/benchmarks/random/b0_r5_c10_l1000_i50_ps0_05_pt0_5_j10_4.stl,-1,-1,TO
../resources/benchmarks/random/b0_r5_c10_l1000_i50_ps0_05_pt0_5_j10_5.stl,-1,-1,TO
../resources/benchmarks/random/b0_r5_c10_l1000_i50_ps0_05_pt0_5_j5_1.stl,1.054,124584,sat
../resources/benchmarks/random/b0_r5_c10_l1000_i50_ps0_05_pt0_5_j5_2.stl,15.882,743899.2,sat
../resources/benchmarks/random/b0_r5_c10_l1000_i50_ps0_05_pt0_5_j5_3.stl,-1,-1,TO
../resources/benchmarks/random/b0_r5_c10_l1000_i50_ps0_05_pt0_5_j5_4.stl,-1,-1,TO
../resources/benchmarks/random/b0_r5_c10_l1000_i50_ps0_05_pt0_5_j5_5.stl,-1,-1,TO
../resources/benchmarks/random/b0_r5_c10_l1000_i50_ps0_05_pt0_75_j10_1.stl,-1,-1,TO
../resources/benchmarks/random/b0_r5_c10_l1000_i50_ps0_05_pt0_75_j10_2.stl,14.052,622857.6,sat
../resources/benchmarks/random/b0_r5_c10_l1000_i50_ps0_05_pt0_75_j10_3.stl,-1,-1,TO
../resources/benchmarks/random/b0_r5_c10_l1000_i50_ps0_05_pt0_75_j10_4.stl,-1,-1,TO
../resources/benchmarks/random/b0_r5_c10_l1000_i50_ps0_05_pt0_75_j10_5.stl,-1,-1,TO
../resources/benchmarks/random/b0_r5_c10_l1000_i50_ps0_05_pt0_75_j5_1.stl,-1,-1,TO
../resources/benchmarks/random/b0_r5_c10_l1000_i50_ps0_05_pt0_75_j5_2.stl,0.158,41332.8,unsat
../resources/benchmarks/random/b0_r5_c10_l1000_i50_ps0_05_pt0_75_j5_3.stl,0.03,9348.8,unsat
../resources/benchmarks/random/b0_r5_c10_l1000_i50_ps0_05_pt0_75_j5_4.stl,1.172,246244,sat
../resources/benchmarks/random/b0_r5_c10_l1000_i50_ps0_05_pt0_75_j5_5.stl,-1,-1,TO
../resources/benchmarks/random/b0_r5_c10_l1000_i50_ps0_05_pt0_95_j10_1.stl,0.1,15473.6,unsat
../resources/benchmarks/random/b0_r5_c10_l1000_i50_ps0_05_pt0_95_j10_2.stl,-1,-1,TO
../resources/benchmarks/random/b0_r5_c10_l1000_i50_ps0_05_pt0_95_j10_3.stl,-1,-1,TO
../resources/benchmarks/random/b0_r5_c10_l1000_i50_ps0_05_pt0_95_j10_4.stl,-1,-1,TO
../resources/benchmarks/random/b0_r5_c10_l1000_i50_ps0_05_pt0_95_j10_5.stl,-1,-1,TO
../resources/benchmarks/random/b0_r5_c10_l1000_i50_ps0_05_pt0_95_j5_1.stl,39.362,2709056.8,sat
../resources/benchmarks/random/b0_r5_c10_l1000_i50_ps0_05_pt0_95_j5_2.stl,25.724,1363806.4,sat
../resources/benchmarks/random/b0_r5_c10_l1000_i50_ps0_05_pt0_95_j5_3.stl,-1,-1,TO
../resources/benchmarks/random/b0_r5_c10_l1000_i50_ps0_05_pt0_95_j5_4.stl,-1,-1,TO
../resources/benchmarks/random/b0_r5_c10_l1000_i50_ps0_05_pt0_95_j5_5.stl,16.778,450515.2,sat
../resources/benchmarks/random/b0_r5_c10_l1000_i50_ps0_15_pt0_33_j10_1.stl,0.314,57609.6,sat
../resources/benchmarks/random/b0_r5_c10_l1000_i50_ps0_15_pt0_33_j10_2.stl,0.512,448370.4,sat
../resources/benchmarks/random/b0_r5_c10_l1000_i50_ps0_15_pt0_33_j10_3.stl,0.0,7788.8,unsat
../resources/benchmarks/random/b0_r5_c10_l1000_i50_ps0_15_pt0_33_j10_4.stl,-1,-1,TO
../resources/benchmarks/random/b0_r5_c10_l1000_i50_ps0_15_pt0_33_j10_5.stl,0.32,71443.2,sat
../resources/benchmarks/random/b0_r5_c10_l1000_i50_ps0_15_pt0_33_j5_1.stl,0.148,49931.2,sat
../resources/benchmarks/random/b0_r5_c10_l1000_i50_ps0_15_pt0_33_j5_2.stl,0.206,55469.6,sat
../resources/benchmarks/random/b0_r5_c10_l1000_i50_ps0_15_pt0_33_j5_3.stl,0.01,33356.8,sat
../resources/benchmarks/random/b0_r5_c10_l1000_i50_ps0_15_pt0_33_j5_4.stl,0.69,462516.8,sat
../resources/benchmarks/random/b0_r5_c10_l1000_i50_ps0_15_pt0_33_j5_5.stl,0.03,47162.4,sat
../resources/benchmarks/random/b0_r5_c10_l1000_i50_ps0_15_pt0_5_j10_1.stl,1.462,170036,sat
../resources/benchmarks/random/b0_r5_c10_l1000_i50_ps0_15_pt0_5_j10_2.stl,-1,-1,TO
../resources/benchmarks/random/b0_r5_c10_l1000_i50_ps0_15_pt0_5_j10_3.stl,0.876,82478.4,sat
../resources/benchmarks/random/b0_r5_c10_l1000_i50_ps0_15_pt0_5_j10_4.stl,14.896,704586.4,sat
../resources/benchmarks/random/b0_r5_c10_l1000_i50_ps0_15_pt0_5_j10_5.stl,-1,-1,TO
../resources/benchmarks/random/b0_r5_c10_l1000_i50_ps0_15_pt0_5_j5_1.stl,2.624,473296,sat
../resources/benchmarks/random/b0_r5_c10_l1000_i50_ps0_15_pt0_5_j5_2.stl,0.76,495677.6,sat
../resources/benchmarks/random/b0_r5_c10_l1000_i50_ps0_15_pt0_5_j5_3.stl,13.934,504902.4,sat
../resources/benchmarks/random/b0_r5_c10_l1000_i50_ps0_15_pt0_5_j5_4.stl,0.47,440380,sat
../resources/benchmarks/random/b0_r5_c10_l1000_i50_ps0_15_pt0_5_j5_5.stl,1.008,116279.2,sat
../resources/benchmarks/random/b0_r5_c10_l1000_i50_ps0_15_pt0_75_j10_1.stl,-1,-1,TO
../resources/benchmarks/random/b0_r5_c10_l1000_i50_ps0_15_pt0_75_j10_2.stl,0.122,33345.6,unsat
../resources/benchmarks/random/b0_r5_c10_l1000_i50_ps0_15_pt0_75_j10_3.stl,-1,-1,TO
../resources/benchmarks/random/b0_r5_c10_l1000_i50_ps0_15_pt0_75_j10_4.stl,-1,-1,TO
../resources/benchmarks/random/b0_r5_c10_l1000_i50_ps0_15_pt0_75_j10_5.stl,-1,-1,TO
../resources/benchmarks/random/b0_r5_c10_l1000_i50_ps0_15_pt0_75_j5_1.stl,0.458,60396,sat
../resources/benchmarks/random/b0_r5_c10_l1000_i50_ps0_15_pt0_75_j5_2.stl,15.164,456661.6,sat
../resources/benchmarks/random/b0_r5_c10_l1000_i50_ps0_15_pt0_75_j5_3.stl,5.05,485847.2,sat
../resources/benchmarks/random/b0_r5_c10_l1000_i50_ps0_15_pt0_75_j5_4.stl,0.46799999999999997,435480.8,sat
../resources/benchmarks/random/b0_r5_c10_l1000_i50_ps0_15_pt0_75_j5_5.stl,16.216,453915.2,sat
../resources/benchmarks/random/b0_r5_c10_l1000_i50_ps0_15_pt0_95_j10_1.stl,-1,-1,TO
../resources/benchmarks/random/b0_r5_c10_l1000_i50_ps0_15_pt0_95_j10_2.stl,23.366,541768.8,sat
../resources/benchmarks/random/b0_r5_c10_l1000_i50_ps0_15_pt0_95_j10_3.stl,11.304,509808,sat
../resources/benchmarks/random/b0_r5_c10_l1000_i50_ps0_15_pt0_95_j10_4.stl,-1,-1,TO
../resources/benchmarks/random/b0_r5_c10_l1000_i50_ps0_15_pt0_95_j10_5.stl,-1,-1,TO
../resources/benchmarks/random/b0_r5_c10_l1000_i50_ps0_15_pt0_95_j5_1.stl,-1,-1,TO
../resources/benchmarks/random/b0_r5_c10_l1000_i50_ps0_15_pt0_95_j5_2.stl,1.848,74186.4,sat
../resources/benchmarks/random/b0_r5_c10_l1000_i50_ps0_15_pt0_95_j5_3.stl,0.452,61310.4,sat
../resources/benchmarks/random/b0_r5_c10_l1000_i50_ps0_15_pt0_95_j5_4.stl,-1,-1,TO
../resources/benchmarks/random/b0_r5_c10_l1000_i50_ps0_15_pt0_95_j5_5.stl,-1,-1,TO
../resources/benchmarks/random/b0_r5_c10_l1000_i50_ps0_1_pt0_33_j10_1.stl,-1,-1,TO
../resources/benchmarks/random/b0_r5_c10_l1000_i50_ps0_1_pt0_33_j10_2.stl,-1,-1,TO
../resources/benchmarks/random/b0_r5_c10_l1000_i50_ps0_1_pt0_33_j10_3.stl,-1,-1,TO
../resources/benchmarks/random/b0_r5_c10_l1000_i50_ps0_1_pt0_33_j10_4.stl,0.0,7776,unsat
../resources/benchmarks/random/b0_r5_c10_l1000_i50_ps0_1_pt0_33_j10_5.stl,5.778,470484,sat
../resources/benchmarks/random/b0_r5_c10_l1000_i50_ps0_1_pt0_33_j5_1.stl,0.546,455748,sat
../resources/benchmarks/random/b0_r5_c10_l1000_i50_ps0_1_pt0_33_j5_2.stl,0.0,7804.8,unsat
../resources/benchmarks/random/b0_r5_c10_l1000_i50_ps0_1_pt0_33_j5_3.stl,-1,-1,TO
../resources/benchmarks/random/b0_r5_c10_l1000_i50_ps0_1_pt0_33_j5_4.stl,-1,-1,TO
../resources/benchmarks/random/b0_r5_c10_l1000_i50_ps0_1_pt0_33_j5_5.stl,0.03,46872,sat
../resources/benchmarks/random/b0_r5_c10_l1000_i50_ps0_1_pt0_5_j10_1.stl,-1,-1,TO
../resources/benchmarks/random/b0_r5_c10_l1000_i50_ps0_1_pt0_5_j10_2.stl,-1,-1,TO
../resources/benchmarks/random/b0_r5_c10_l1000_i50_ps0_1_pt0_5_j10_3.stl,20.316,589359.2,sat
../resources/benchmarks/random/b0_r5_c10_l1000_i50_ps0_1_pt0_5_j10_4.stl,93.48400000000001,468644.8,sat
../resources/benchmarks/random/b0_r5_c10_l1000_i50_ps0_1_pt0_5_j10_5.stl,-1,-1,TO
../resources/benchmarks/random/b0_r5_c10_l1000_i50_ps0_1_pt0_5_j5_1.stl,0.14400000000000002,81885.6,sat
../resources/benchmarks/random/b0_r5_c10_l1000_i50_ps0_1_pt0_5_j5_2.stl,42.33,711959.2,sat
../resources/benchmarks/random/b0_r5_c10_l1000_i50_ps0_1_pt0_5_j5_3.stl,0.01,32724.8,unsat
../resources/benchmarks/random/b0_r5_c10_l1000_i50_ps0_1_pt0_5_j5_4.stl,17.824,475691.2,sat
../resources/benchmarks/random/b0_r5_c10_l1000_i50_ps0_1_pt0_5_j5_5.stl,0.05,48683.2,sat
../resources/benchmarks/random/b0_r5_c10_l1000_i50_ps0_1_pt0_75_j10_1.stl,0.534,90780,sat
../resources/benchmarks/random/b0_r5_c10_l1000_i50_ps0_1_pt0_75_j10_2.stl,109.718,875059.2,sat
../resources/benchmarks/random/b0_r5_c10_l1000_i50_ps0_1_pt0_75_j10_3.stl,-1,-1,TO
../resources/benchmarks/random/b0_r5_c10_l1000_i50_ps0_1_pt0_75_j10_4.stl,-1,-1,TO
../resources/benchmarks/random/b0_r5_c10_l1000_i50_ps0_1_pt0_75_j10_5.stl,-1,-1,TO
../resources/benchmarks/random/b0_r5_c10_l1000_i50_ps0_1_pt0_75_j5_1.stl,4.536,448084,sat
../resources/benchmarks/random/b0_r5_c10_l1000_i50_ps0_1_pt0_75_j5_2.stl,0.9440000000000001,472012.8,sat
../resources/benchmarks/random/b0_r5_c10_l1000_i50_ps0_1_pt0_75_j5_3.stl,1.032,98783.2,sat
../resources/benchmarks/random/b0_r5_c10_l1000_i50_ps0_1_pt0_75_j5_4.stl,16.848,463419.2,sat
../resources/benchmarks/random/b0_r5_c10_l1000_i50_ps0_1_pt0_75_j5_5.stl,2.04,650199.2,sat
../resources/benchmarks/random/b0_r5_c10_l1000_i50_ps0_1_pt0_95_j10_1.stl,-1,-1,TO
../resources/benchmarks/random/b0_r5_c10_l1000_i50_ps0_1_pt0_95_j10_2.stl,68.14399999999999,879380,sat
../resources/benchmarks/random/b0_r5_c10_l1000_i50_ps0_1_pt0_95_j10_3.stl,-1,-1,TO
../resources/benchmarks/random/b0_r5_c10_l1000_i50_ps0_1_pt0_95_j10_4.stl,8.64,496293.6,sat
../resources/benchmarks/random/b0_r5_c10_l1000_i50_ps0_1_pt0_95_j10_5.stl,-1,-1,TO
../resources/benchmarks/random/b0_r5_c10_l1000_i50_ps0_1_pt0_95_j5_1.stl,20.458,578925.6,sat
../resources/benchmarks/random/b0_r5_c10_l1000_i50_ps0_1_pt0_95_j5_2.stl,-1,-1,TO
../resources/benchmarks/random/b0_r5_c10_l1000_i50_ps0_1_pt0_95_j5_3.stl,57.480000000000004,768494.4,sat
../resources/benchmarks/random/b0_r5_c10_l1000_i50_ps0_1_pt0_95_j5_4.stl,0.0,7787.2,unsat
../resources/benchmarks/random/b0_r5_c10_l1000_i50_ps0_1_pt0_95_j5_5.stl,43.266,674150.4,sat
../resources/benchmarks/random/b0_r5_c10_l1000_i50_ps0_25_pt0_33_j10_1.stl,0.01,32448.8,sat
../resources/benchmarks/random/b0_r5_c10_l1000_i50_ps0_25_pt0_33_j10_2.stl,5.194,463137.6,sat
../resources/benchmarks/random/b0_r5_c10_l1000_i50_ps0_25_pt0_33_j10_3.stl,0.0,7784.8,unsat
../resources/benchmarks/random/b0_r5_c10_l1000_i50_ps0_25_pt0_33_j10_4.stl,0.0,7796,unsat
../resources/benchmarks/random/b0_r5_c10_l1000_i50_ps0_25_pt0_33_j10_5.stl,32.230000000000004,445276.8,sat
../resources/benchmarks/random/b0_r5_c10_l1000_i50_ps0_25_pt0_33_j5_1.stl,0.442,435483.2,sat
../resources/benchmarks/random/b0_r5_c10_l1000_i50_ps0_25_pt0_33_j5_2.stl,0.47000000000000003,439449.6,sat
../resources/benchmarks/random/b0_r5_c10_l1000_i50_ps0_25_pt0_33_j5_3.stl,0.03,51169.6,sat
../resources/benchmarks/random/b0_r5_c10_l1000_i50_ps0_25_pt0_33_j5_4.stl,0.412,428734.4,sat
../resources/benchmarks/random/b0_r5_c10_l1000_i50_ps0_25_pt0_33_j5_5.stl,0.028,44716,sat
../resources/benchmarks/random/b0_r5_c10_l1000_i50_ps0_25_pt0_5_j10_1.stl,25.804000000000002,450828.8,sat
../resources/benchmarks/random/b0_r5_c10_l1000_i50_ps0_25_pt0_5_j10_2.stl,-1,-1,TO
../resources/benchmarks/random/b0_r5_c10_l1000_i50_ps0_25_pt0_5_j10_3.stl,0.01,32416.8,unsat
../resources/benchmarks/random/b0_r5_c10_l1000_i50_ps0_25_pt0_5_j10_4.stl,0.01,33354.4,unsat
../resources/benchmarks/random/b0_r5_c10_l1000_i50_ps0_25_pt0_5_j10_5.stl,9.472,464640,sat
../resources/benchmarks/random/b0_r5_c10_l1000_i50_ps0_25_pt0_5_j5_1.stl,0.03,53294.4,sat
../resources/benchmarks/random/b0_r5_c10_l1000_i50_ps0_25_pt0_5_j5_2.stl,0.37,49930.4,sat
../resources/benchmarks/random/b0_r5_c10_l1000_i50_ps0_25_pt0_5_j5_3.stl,0.462,437627.2,sat
../resources/benchmarks/random/b0_r5_c10_l1000_i50_ps0_25_pt0_5_j5_4.stl,0.022,45348.8,sat
../resources/benchmarks/random/b0_r5_c10_l1000_i50_ps0_25_pt0_5_j5_5.stl,0.03,49968,sat
../resources/benchmarks/random/b0_r5_c10_l1000_i50_ps0_25_pt0_75_j10_1.stl,0.0,7839.2,unsat
../resources/benchmarks/random/b0_r5_c10_l1000_i50_ps0_25_pt0_75_j10_2.stl,9.65,493553.6,sat
../resources/benchmarks/random/b0_r5_c10_l1000_i50_ps0_25_pt0_75_j10_3.stl,39.22,493840,sat
../resources/benchmarks/random/b0_r5_c10_l1000_i50_ps0_25_pt0_75_j10_4.stl,12.688,471732,sat
../resources/benchmarks/random/b0_r5_c10_l1000_i50_ps0_25_pt0_75_j10_5.stl,20.418,470473.6,sat
../resources/benchmarks/random/b0_r5_c10_l1000_i50_ps0_25_pt0_75_j5_1.stl,0.03,47763.2,sat
../resources/benchmarks/random/b0_r5_c10_l1000_i50_ps0_25_pt0_75_j5_2.stl,0.02,41015.2,sat
../resources/benchmarks/random/b0_r5_c10_l1000_i50_ps0_25_pt0_75_j5_3.stl,0.886,460372.8,unsat
../resources/benchmarks/random/b0_r5_c10_l1000_i50_ps0_25_pt0_75_j5_4.stl,0.47,438539.2,sat
../resources/benchmarks/random/b0_r5_c10_l1000_i50_ps0_25_pt0_75_j5_5.stl,0.09,49916,sat
../resources/benchmarks/random/b0_r5_c10_l1000_i50_ps0_25_pt0_95_j10_1.stl,0.01,32094.4,unsat
../resources/benchmarks/random/b0_r5_c10_l1000_i50_ps0_25_pt0_95_j10_2.stl,0.0,7797.6,unsat
../resources/benchmarks/random/b0_r5_c10_l1000_i50_ps0_25_pt0_95_j10_3.stl,13.922,461268,sat
../resources/benchmarks/random/b0_r5_c10_l1000_i50_ps0_25_pt0_95_j10_4.stl,2.666,504608,sat
../resources/benchmarks/random/b0_r5_c10_l1000_i50_ps0_25_pt0_95_j10_5.stl,-1,-1,TO
../resources/benchmarks/random/b0_r5_c10_l1000_i50_ps0_25_pt0_95_j5_1.stl,0.454,439140.8,sat
../resources/benchmarks/random/b0_r5_c10_l1000_i50_ps0_25_pt0_95_j5_2.stl,22.078,476345.6,sat
../resources/benchmarks/random/b0_r5_c10_l1000_i50_ps0_25_pt0_95_j5_3.stl,8.622,445287.2,sat
../resources/benchmarks/random/b0_r5_c10_l1000_i50_ps0_25_pt0_95_j5_4.stl,-1,-1,TO
../resources/benchmarks/random/b0_r5_c10_l1000_i50_ps0_25_pt0_95_j5_5.stl,-1,-1,TO
../resources/benchmarks/random/b0_r5_c10_l1000_i50_ps0_2_pt0_33_j10_1.stl,0.45,436380,sat
../resources/benchmarks/random/b0_r5_c10_l1000_i50_ps0_2_pt0_33_j10_2.stl,6.912,496900.8,sat
../resources/benchmarks/random/b0_r5_c10_l1000_i50_ps0_2_pt0_33_j10_3.stl,-1,-1,TO
../resources/benchmarks/random/b0_r5_c10_l1000_i50_ps0_2_pt0_33_j10_4.stl,1.618,471095.2,sat
../resources/benchmarks/random/b0_r5_c10_l1000_i50_ps0_2_pt0_33_j10_5.stl,0.192,66833.6,sat
../resources/benchmarks/random/b0_r5_c10_l1000_i50_ps0_2_pt0_33_j5_1.stl,0.03,49644.8,sat
../resources/benchmarks/random/b0_r5_c10_l1000_i50_ps0_2_pt0_33_j5_2.stl,0.01,32736.8,unsat
../resources/benchmarks/random/b0_r5_c10_l1000_i50_ps0_2_pt0_33_j5_3.stl,0.478,443148,sat
../resources/benchmarks/random/b0_r5_c10_l1000_i50_ps0_2_pt0_33_j5_4.stl,0.05,55172,sat
../resources/benchmarks/random/b0_r5_c10_l1000_i50_ps0_2_pt0_33_j5_5.stl,9.614,470203.2,sat
../resources/benchmarks/random/b0_r5_c10_l1000_i50_ps0_2_pt0_5_j10_1.stl,0.0,7816,unsat
../resources/benchmarks/random/b0_r5_c10_l1000_i50_ps0_2_pt0_5_j10_2.stl,4.034,449286.4,sat
../resources/benchmarks/random/b0_r5_c10_l1000_i50_ps0_2_pt0_5_j10_3.stl,0.672,487992.8,sat
../resources/benchmarks/random/b0_r5_c10_l1000_i50_ps0_2_pt0_5_j10_4.stl,9.338,473538.4,sat
../resources/benchmarks/random/b0_r5_c10_l1000_i50_ps0_2_pt0_5_j10_5.stl,15.902,443734.4,sat
../resources/benchmarks/random/b0_r5_c10_l1000_i50_ps0_2_pt0_5_j5_1.stl,3.2279999999999998,68666.4,sat
../resources/benchmarks/random/b0_r5_c10_l1000_i50_ps0_2_pt0_5_j5_2.stl,0.03,51452.8,sat
../resources/benchmarks/random/b0_r5_c10_l1000_i50_ps0_2_pt0_5_j5_3.stl,0.01,33030.4,unsat
../resources/benchmarks/random/b0_r5_c10_l1000_i50_ps0_2_pt0_5_j5_4.stl,0.03,53003.2,sat
../resources/benchmarks/random/b0_r5_c10_l1000_i50_ps0_2_pt0_5_j5_5.stl,0.46,435776,sat
../resources/benchmarks/random/b0_r5_c10_l1000_i50_ps0_2_pt0_75_j10_1.stl,12.24,476936.8,sat
../resources/benchmarks/random/b0_r5_c10_l1000_i50_ps0_2_pt0_75_j10_2.stl,12.534,490806.4,sat
../resources/benchmarks/random/b0_r5_c10_l1000_i50_ps0_2_pt0_75_j10_3.stl,-1,-1,TO
../resources/benchmarks/random/b0_r5_c10_l1000_i50_ps0_2_pt0_75_j10_4.stl,3.192,467756.8,sat
../resources/benchmarks/random/b0_r5_c10_l1000_i50_ps0_2_pt0_75_j10_5.stl,0.01,32423.2,unsat
../resources/benchmarks/random/b0_r5_c10_l1000_i50_ps0_2_pt0_75_j5_1.stl,0.3,59448,sat
../resources/benchmarks/random/b0_r5_c10_l1000_i50_ps0_2_pt0_75_j5_2.stl,0.188,54868,sat
../resources/benchmarks/random/b0_r5_c10_l1000_i50_ps0_2_pt0_75_j5_3.stl,0.2,89555.2,sat
../resources/benchmarks/random/b0_r5_c10_l1000_i50_ps0_2_pt0_75_j5_4.stl,0.04,67777.6,sat
../resources/benchmarks/random/b0_r5_c10_l1000_i50_ps0_2_pt0_75_j5_5.stl,0.08,70504.8,sat
../resources/benchmarks/random/b0_r5_c10_l1000_i50_ps0_2_pt0_95_j10_1.stl,-1,-1,TO
../resources/benchmarks/random/b0_r5_c10_l1000_i50_ps0_2_pt0_95_j10_2.stl,2.418,458227.2,sat
../resources/benchmarks/random/b0_r5_c10_l1000_i50_ps0_2_pt0_95_j10_3.stl,0.0,7804,unsat
../resources/benchmarks/random/b0_r5_c10_l1000_i50_ps0_2_pt0_95_j10_4.stl,-1,-1,TO
../resources/benchmarks/random/b0_r5_c10_l1000_i50_ps0_2_pt0_95_j10_5.stl,0.0,7778.4,unsat
../resources/benchmarks/random/b0_r5_c10_l1000_i50_ps0_2_pt0_95_j5_1.stl,0.0,7800,unsat
../resources/benchmarks/random/b0_r5_c10_l1000_i50_ps0_2_pt0_95_j5_2.stl,0.0,7792,unsat
../resources/benchmarks/random/b0_r5_c10_l1000_i50_ps0_2_pt0_95_j5_3.stl,0.0,7792.8,unsat
../resources/benchmarks/random/b0_r5_c10_l1000_i50_ps0_2_pt0_95_j5_4.stl,11.61,468948,sat
../resources/benchmarks/random/b0_r5_c10_l1000_i50_ps0_2_pt0_95_j5_5.stl,7.2,449322.4,sat
../resources/benchmarks/random/b0_r5_c10_l100_i1000_ps0_05_pt0_33_j10_1.stl,0.164,17011.2,unsat
../resources/benchmarks/random/b0_r5_c10_l100_i1000_ps0_05_pt0_33_j10_2.stl,-1,-1,TO
../resources/benchmarks/random/b0_r5_c10_l100_i1000_ps0_05_pt0_33_j10_3.stl,-1,-1,TO
../resources/benchmarks/random/b0_r5_c10_l100_i1000_ps0_05_pt0_33_j10_4.stl,-1,-1,TO
../resources/benchmarks/random/b0_r5_c10_l100_i1000_ps0_05_pt0_33_j10_5.stl,-1,-1,TO
../resources/benchmarks/random/b0_r5_c10_l100_i1000_ps0_05_pt0_33_j5_1.stl,0.036,10876,unsat
../resources/benchmarks/random/b0_r5_c10_l100_i1000_ps0_05_pt0_33_j5_2.stl,-1,-1,TO
../resources/benchmarks/random/b0_r5_c10_l100_i1000_ps0_05_pt0_33_j5_3.stl,-1,-1,TO
../resources/benchmarks/random/b0_r5_c10_l100_i1000_ps0_05_pt0_33_j5_4.stl,-1,-1,TO
../resources/benchmarks/random/b0_r5_c10_l100_i1000_ps0_05_pt0_33_j5_5.stl,1.936,306452.8,sat
../resources/benchmarks/random/b0_r5_c10_l100_i1000_ps0_05_pt0_5_j10_1.stl,-1,-1,TO
../resources/benchmarks/random/b0_r5_c10_l100_i1000_ps0_05_pt0_5_j10_2.stl,-1,-1,TO
../resources/benchmarks/random/b0_r5_c10_l100_i1000_ps0_05_pt0_5_j10_3.stl,61.322,555293.6,sat
../resources/benchmarks/random/b0_r5_c10_l100_i1000_ps0_05_pt0_5_j10_4.stl,-1,-1,TO
../resources/benchmarks/random/b0_r5_c10_l100_i1000_ps0_05_pt0_5_j10_5.stl,-1,-1,TO
../resources/benchmarks/random/b0_r5_c10_l100_i1000_ps0_05_pt0_5_j5_1.stl,-1,-1,TO
../resources/benchmarks/random/b0_r5_c10_l100_i1000_ps0_05_pt0_5_j5_2.stl,23.582,3253355.2,sat
../resources/benchmarks/random/b0_r5_c10_l100_i1000_ps0_05_pt0_5_j5_3.stl,-1,-1,TO
../resources/benchmarks/random/b0_r5_c10_l100_i1000_ps0_05_pt0_5_j5_4.stl,18.072,205048.8,sat
../resources/benchmarks/random/b0_r5_c10_l100_i1000_ps0_05_pt0_5_j5_5.stl,-1,-1,TO
../resources/benchmarks/random/b0_r5_c10_l100_i1000_ps0_05_pt0_75_j10_1.stl,-1,-1,TO
../resources/benchmarks/random/b0_r5_c10_l100_i1000_ps0_05_pt0_75_j10_2.stl,-1,-1,TO
../resources/benchmarks/random/b0_r5_c10_l100_i1000_ps0_05_pt0_75_j10_3.stl,-1,-1,TO
../resources/benchmarks/random/b0_r5_c10_l100_i1000_ps0_05_pt0_75_j10_4.stl,-1,-1,TO
../resources/benchmarks/random/b0_r5_c10_l100_i1000_ps0_05_pt0_75_j10_5.stl,-1,-1,TO
../resources/benchmarks/random/b0_r5_c10_l100_i1000_ps0_05_pt0_75_j5_1.stl,-1,-1,TO
../resources/benchmarks/random/b0_r5_c10_l100_i1000_ps0_05_pt0_75_j5_2.stl,-1,-1,TO
../resources/benchmarks/random/b0_r5_c10_l100_i1000_ps0_05_pt0_75_j5_3.stl,5.06,142345.6,sat
../resources/benchmarks/random/b0_r5_c10_l100_i1000_ps0_05_pt0_75_j5_4.stl,1.502,334648.8,sat
../resources/benchmarks/random/b0_r5_c10_l100_i1000_ps0_05_pt0_75_j5_5.stl,-1,-1,TO
../resources/benchmarks/random/b0_r5_c10_l100_i1000_ps0_05_pt0_95_j10_1.stl,-1,-1,TO
../resources/benchmarks/random/b0_r5_c10_l100_i1000_ps0_05_pt0_95_j10_2.stl,-1,-1,TO
../resources/benchmarks/random/b0_r5_c10_l100_i1000_ps0_05_pt0_95_j10_3.stl,-1,-1,TO
../resources/benchmarks/random/b0_r5_c10_l100_i1000_ps0_05_pt0_95_j10_4.stl,-1,-1,TO
../resources/benchmarks/random/b0_r5_c10_l100_i1000_ps0_05_pt0_95_j10_5.stl,-1,-1,TO
../resources/benchmarks/random/b0_r5_c10_l100_i1000_ps0_05_pt0_95_j5_1.stl,9.716,256357.6,sat
../resources/benchmarks/random/b0_r5_c10_l100_i1000_ps0_05_pt0_95_j5_2.stl,98.678,734374.4,sat
../resources/benchmarks/random/b0_r5_c10_l100_i1000_ps0_05_pt0_95_j5_3.stl,-1,-1,TO
../resources/benchmarks/random/b0_r5_c10_l100_i1000_ps0_05_pt0_95_j5_4.stl,-1,-1,TO
../resources/benchmarks/random/b0_r5_c10_l100_i1000_ps0_05_pt0_95_j5_5.stl,-1,-1,TO
../resources/benchmarks/random/b0_r5_c10_l100_i1000_ps0_15_pt0_33_j10_1.stl,0.01,10885.6,sat
../resources/benchmarks/random/b0_r5_c10_l100_i1000_ps0_15_pt0_33_j10_2.stl,0.01,10865.6,sat
../resources/benchmarks/random/b0_r5_c10_l100_i1000_ps0_15_pt0_33_j10_3.stl,0.01,7795.2,unsat
../resources/benchmarks/random/b0_r5_c10_l100_i1000_ps0_15_pt0_33_j10_4.stl,-1,-1,TO
../resources/benchmarks/random/b0_r5_c10_l100_i1000_ps0_15_pt0_33_j10_5.stl,-1,-1,TO
../resources/benchmarks/random/b0_r5_c10_l100_i1000_ps0_15_pt0_33_j5_1.stl,0.046,65289.6,sat
../resources/benchmarks/random/b0_r5_c10_l100_i1000_ps0_15_pt0_33_j5_2.stl,0.266,62228.8,sat
../resources/benchmarks/random/b0_r5_c10_l100_i1000_ps0_15_pt0_33_j5_3.stl,0.918,78192.8,sat
../resources/benchmarks/random/b0_r5_c10_l100_i1000_ps0_15_pt0_33_j5_4.stl,0.024,42549.6,sat
../resources/benchmarks/random/b0_r5_c10_l100_i1000_ps0_15_pt0_33_j5_5.stl,0.612,66520.8,sat
../resources/benchmarks/random/b0_r5_c10_l100_i1000_ps0_15_pt0_5_j10_1.stl,0.81,79429.6,sat
../resources/benchmarks/random/b0_r5_c10_l100_i1000_ps0_15_pt0_5_j10_2.stl,1.426,83713.6,sat
../resources/benchmarks/random/b0_r5_c10_l100_i1000_ps0_15_pt0_5_j10_3.stl,0.798,81880,sat
../resources/benchmarks/random/b0_r5_c10_l100_i1000_ps0_15_pt0_5_j10_4.stl,0.12,88335.2,sat
../resources/benchmarks/random/b0_r5_c10_l100_i1000_ps0_15_pt0_5_j10_5.stl,0.1,83720.8,sat
../resources/benchmarks/random/b0_r5_c10_l100_i1000_ps0_15_pt0_5_j5_1.stl,1.074,77270.4,sat
../resources/benchmarks/random/b0_r5_c10_l100_i1000_ps0_15_pt0_5_j5_2.stl,0.04,62548,sat
../resources/benchmarks/random/b0_r5_c10_l100_i1000_ps0_15_pt0_5_j5_3.stl,0.10200000000000001,78496,sat
../resources/benchmarks/random/b0_r5_c10_l100_i1000_ps0_15_pt0_5_j5_4.stl,0.052000000000000005,71729.6,sat
../resources/benchmarks/random/b0_r5_c10_l100_i1000_ps0_15_pt0_5_j5_5.stl,-1,-1,TO
../resources/benchmarks/random/b0_r5_c10_l100_i1000_ps0_15_pt0_75_j10_1.stl,0.0,7792,unsat
../resources/benchmarks/random/b0_r5_c10_l100_i1000_ps0_15_pt0_75_j10_2.stl,-1,-1,TO
../resources/benchmarks/random/b0_r5_c10_l100_i1000_ps0_15_pt0_75_j10_3.stl,0.0,7800.8,unsat
../resources/benchmarks/random/b0_r5_c10_l100_i1000_ps0_15_pt0_75_j10_4.stl,3.684,99396.8,sat
../resources/benchmarks/random/b0_r5_c10_l100_i1000_ps0_15_pt0_75_j10_5.stl,-1,-1,TO
../resources/benchmarks/random/b0_r5_c10_l100_i1000_ps0_15_pt0_75_j5_1.stl,0.0,7799.2,unsat
../resources/benchmarks/random/b0_r5_c10_l100_i1000_ps0_15_pt0_75_j5_2.stl,2.372,80351.2,sat
../resources/benchmarks/random/b0_r5_c10_l100_i1000_ps0_15_pt0_75_j5_3.stl,0.0,7803.2,unsat
../resources/benchmarks/random/b0_r5_c10_l100_i1000_ps0_15_pt0_75_j5_4.stl,0.334,74511.2,sat
../resources/benchmarks/random/b0_r5_c10_l100_i1000_ps0_15_pt0_75_j5_5.stl,0.057999999999999996,61926.4,sat
../resources/benchmarks/random/b0_r5_c10_l100_i1000_ps0_15_pt0_95_j10_1.stl,1.668,91392,sat
../resources/benchmarks/random/b0_r5_c10_l100_i1000_ps0_15_pt0_95_j10_2.stl,1.768,83414.4,sat
../resources/benchmarks/random/b0_r5_c10_l100_i1000_ps0_15_pt0_95_j10_3.stl,-1,-1,TO
../resources/benchmarks/random/b0_r5_c10_l100_i1000_ps0_15_pt0_95_j10_4.stl,42.336,136860.8,sat
../resources/benchmarks/random/b0_r5_c10_l100_i1000_ps0_15_pt0_95_j10_5.stl,1.412,88938.4,sat
../resources/benchmarks/random/b0_r5_c10_l100_i1000_ps0_15_pt0_95_j5_1.stl,1.6340000000000001,83400.8,sat
../resources/benchmarks/random/b0_r5_c10_l100_i1000_ps0_15_pt0_95_j5_2.stl,0.096,80359.2,sat
../resources/benchmarks/random/b0_r5_c10_l100_i1000_ps0_15_pt0_95_j5_3.stl,0.408,83411.2,sat
../resources/benchmarks/random/b0_r5_c10_l100_i1000_ps0_15_pt0_95_j5_4.stl,0.07400000000000001,74516,sat
../resources/benchmarks/random/b0_r5_c10_l100_i1000_ps0_15_pt0_95_j5_5.stl,2.168,100314.4,sat
../resources/benchmarks/random/b0_r5_c10_l100_i1000_ps0_1_pt0_33_j10_1.stl,-1,-1,TO
../resources/benchmarks/random/b0_r5_c10_l100_i1000_ps0_1_pt0_33_j10_2.stl,0.01,32440,unsat
../resources/benchmarks/random/b0_r5_c10_l100_i1000_ps0_1_pt0_33_j10_3.stl,0.0,7789.6,unsat
../resources/benchmarks/random/b0_r5_c10_l100_i1000_ps0_1_pt0_33_j10_4.stl,0.176,82502.4,sat
../resources/benchmarks/random/b0_r5_c10_l100_i1000_ps0_1_pt0_33_j10_5.stl,0.652,80989.6,sat
../resources/benchmarks/random/b0_r5_c10_l100_i1000_ps0_1_pt0_33_j5_1.stl,10.424,289842.4,sat
../resources/benchmarks/random/b0_r5_c10_l100_i1000_ps0_1_pt0_33_j5_2.stl,3.644,107068.8,sat
../resources/benchmarks/random/b0_r5_c10_l100_i1000_ps0_1_pt0_33_j5_3.stl,0.04,62229.6,sat
../resources/benchmarks/random/b0_r5_c10_l100_i1000_ps0_1_pt0_33_j5_4.stl,0.11599999999999999,86788,sat
../resources/benchmarks/random/b0_r5_c10_l100_i1000_ps0_1_pt0_33_j5_5.stl,-1,-1,TO
../resources/benchmarks/random/b0_r5_c10_l100_i1000_ps0_1_pt0_5_j10_1.stl,-1,-1,TO
../resources/benchmarks/random/b0_r5_c10_l100_i1000_ps0_1_pt0_5_j10_2.stl,0.0,7784.8,unsat
../resources/benchmarks/random/b0_r5_c10_l100_i1000_ps0_1_pt0_5_j10_3.stl,1.308,114760,sat
../resources/benchmarks/random/b0_r5_c10_l100_i1000_ps0_1_pt0_5_j10_4.stl,1.636,111358.4,sat
../resources/benchmarks/random/b0_r5_c10_l100_i1000_ps0_1_pt0_5_j10_5.stl,-1,-1,TO
../resources/benchmarks/random/b0_r5_c10_l100_i1000_ps0_1_pt0_5_j5_1.stl,0.06,68376,sat
../resources/benchmarks/random/b0_r5_c10_l100_i1000_ps0_1_pt0_5_j5_2.stl,1.14,84349.6,sat
../resources/benchmarks/random/b0_r5_c10_l100_i1000_ps0_1_pt0_5_j5_3.stl,-1,-1,TO
../resources/benchmarks/random/b0_r5_c10_l100_i1000_ps0_1_pt0_5_j5_4.stl,-1,-1,TO
../resources/benchmarks/random/b0_r5_c10_l100_i1000_ps0_1_pt0_5_j5_5.stl,0.73,86206.4,sat
../resources/benchmarks/random/b0_r5_c10_l100_i1000_ps0_1_pt0_75_j10_1.stl,1.876,108609.6,sat
../resources/benchmarks/random/b0_r5_c10_l100_i1000_ps0_1_pt0_75_j10_2.stl,0.706,91100,sat
../resources/benchmarks/random/b0_r5_c10_l100_i1000_ps0_1_pt0_75_j10_3.stl,-1,-1,TO
../resources/benchmarks/random/b0_r5_c10_l100_i1000_ps0_1_pt0_75_j10_4.stl,-1,-1,TO
../resources/benchmarks/random/b0_r5_c10_l100_i1000_ps0_1_pt0_75_j10_5.stl,41.494,207226.4,sat
../resources/benchmarks/random/b0_r5_c10_l100_i1000_ps0_1_pt0_75_j5_1.stl,0.0,7785.6,unsat
../resources/benchmarks/random/b0_r5_c10_l100_i1000_ps0_1_pt0_75_j5_2.stl,1.044,88638.4,sat
../resources/benchmarks/random/b0_r5_c10_l100_i1000_ps0_1_pt0_75_j5_3.stl,4.392,140568.8,sat
../resources/benchmarks/random/b0_r5_c10_l100_i1000_ps0_1_pt0_75_j5_4.stl,10.766,132271.2,sat
../resources/benchmarks/random/b0_r5_c10_l100_i1000_ps0_1_pt0_75_j5_5.stl,0.744,91688,sat
../resources/benchmarks/random/b0_r5_c10_l100_i1000_ps0_1_pt0_95_j10_1.stl,-1,-1,TO
../resources/benchmarks/random/b0_r5_c10_l100_i1000_ps0_1_pt0_95_j10_2.stl,4.392,124597.6,sat
../resources/benchmarks/random/b0_r5_c10_l100_i1000_ps0_1_pt0_95_j10_3.stl,-1,-1,TO
../resources/benchmarks/random/b0_r5_c10_l100_i1000_ps0_1_pt0_95_j10_4.stl,-1,-1,TO
../resources/benchmarks/random/b0_r5_c10_l100_i1000_ps0_1_pt0_95_j10_5.stl,0.01,7795.2,unsat
../resources/benchmarks/random/b0_r5_c10_l100_i1000_ps0_1_pt0_95_j5_1.stl,0.238,112913.6,sat
../resources/benchmarks/random/b0_r5_c10_l100_i1000_ps0_1_pt0_95_j5_2.stl,0.8,50254.4,unsat
../resources/benchmarks/random/b0_r5_c10_l100_i1000_ps0_1_pt0_95_j5_3.stl,0.914,128270.4,sat
../resources/benchmarks/random/b0_r5_c10_l100_i1000_ps0_1_pt0_95_j5_4.stl,-1,-1,TO
../resources/benchmarks/random/b0_r5_c10_l100_i1000_ps0_1_pt0_95_j5_5.stl,0.17400000000000002,91713.6,sat
../resources/benchmarks/random/b0_r5_c10_l100_i1000_ps0_25_pt0_33_j10_1.stl,0.07200000000000001,73288.8,sat
../resources/benchmarks/random/b0_r5_c10_l100_i1000_ps0_25_pt0_33_j10_2.stl,0.01,30894.4,unsat
../resources/benchmarks/random/b0_r5_c10_l100_i1000_ps0_25_pt0_33_j10_3.stl,0.01,33027.2,unsat
../resources/benchmarks/random/b0_r5_c10_l100_i1000_ps0_25_pt0_33_j10_4.stl,0.052000000000000005,72652.8,sat
../resources/benchmarks/random/b0_r5_c10_l100_i1000_ps0_25_pt0_33_j10_5.stl,0.23600000000000002,33043.2,unsat
../resources/benchmarks/random/b0_r5_c10_l100_i1000_ps0_25_pt0_33_j5_1.stl,0.0,7847.2,unsat
../resources/benchmarks/random/b0_r5_c10_l100_i1000_ps0_25_pt0_33_j5_2.stl,0.05,73269.6,sat
../resources/benchmarks/random/b0_r5_c10_l100_i1000_ps0_25_pt0_33_j5_3.stl,0.06,72975.2,sat
../resources/benchmarks/random/b0_r5_c10_l100_i1000_ps0_25_pt0_33_j5_4.stl,0.054,72678.4,sat
../resources/benchmarks/random/b0_r5_c10_l100_i1000_ps0_25_pt0_33_j5_5.stl,0.04,63138.4,sat
../resources/benchmarks/random/b0_r5_c10_l100_i1000_ps0_25_pt0_5_j10_1.stl,-1,-1,TO
../resources/benchmarks/random/b0_r5_c10_l100_i1000_ps0_25_pt0_5_j10_2.stl,-1,-1,TO
../resources/benchmarks/random/b0_r5_c10_l100_i1000_ps0_25_pt0_5_j10_3.stl,0.06,69616,sat
../resources/benchmarks/random/b0_r5_c10_l100_i1000_ps0_25_pt0_5_j10_4.stl,0.01,32433.6,unsat
../resources/benchmarks/random/b0_r5_c10_l100_i1000_ps0_25_pt0_5_j10_5.stl,2.824,76975.2,sat
../resources/benchmarks/random/b0_r5_c10_l100_i1000_ps0_25_pt0_5_j5_1.stl,0.13,65280.8,sat
../resources/benchmarks/random/b0_r5_c10_l100_i1000_ps0_25_pt0_5_j5_2.stl,0.038,62526.4,sat
../resources/benchmarks/random/b0_r5_c10_l100_i1000_ps0_25_pt0_5_j5_3.stl,0.05,72974.4,sat
../resources/benchmarks/random/b0_r5_c10_l100_i1000_ps0_25_pt0_5_j5_4.stl,0.902,77242.4,sat
../resources/benchmarks/random/b0_r5_c10_l100_i1000_ps0_25_pt0_5_j5_5.stl,0.04,68067.2,sat
../resources/benchmarks/random/b0_r5_c10_l100_i1000_ps0_25_pt0_75_j10_1.stl,-1,-1,TO
../resources/benchmarks/random/b0_r5_c10_l100_i1000_ps0_25_pt0_75_j10_2.stl,1.164,82508,sat
../resources/benchmarks/random/b0_r5_c10_l100_i1000_ps0_25_pt0_75_j10_3.stl,1.184,80361.6,sat
../resources/benchmarks/random/b0_r5_c10_l100_i1000_ps0_25_pt0_75_j10_4.stl,1.032,79106.4,sat
../resources/benchmarks/random/b0_r5_c10_l100_i1000_ps0_25_pt0_75_j10_5.stl,1.386,88638.4,sat
../resources/benchmarks/random/b0_r5_c10_l100_i1000_ps0_25_pt0_75_j5_1.stl,0.882,79443.2,sat
../resources/benchmarks/random/b0_r5_c10_l100_i1000_ps0_25_pt0_75_j5_2.stl,1.034,75768,sat
../resources/benchmarks/random/b0_r5_c10_l100_i1000_ps0_25_pt0_75_j5_3.stl,1.194,77593.6,sat
../resources/benchmarks/random/b0_r5_c10_l100_i1000_ps0_25_pt0_75_j5_4.stl,-1,-1,TO
../resources/benchmarks/random/b0_r5_c10_l100_i1000_ps0_25_pt0_75_j5_5.stl,0.052000000000000005,72972,sat
../resources/benchmarks/random/b0_r5_c10_l100_i1000_ps0_25_pt0_95_j10_1.stl,-1,-1,TO
../resources/benchmarks/random/b0_r5_c10_l100_i1000_ps0_25_pt0_95_j10_2.stl,-1,-1,TO
../resources/benchmarks/random/b0_r5_c10_l100_i1000_ps0_25_pt0_95_j10_3.stl,1.284,79422.4,sat
../resources/benchmarks/random/b0_r5_c10_l100_i1000_ps0_25_pt0_95_j10_4.stl,1.27,79115.2,sat
../resources/benchmarks/random/b0_r5_c10_l100_i1000_ps0_25_pt0_95_j10_5.stl,1.352,100618.4,sat
../resources/benchmarks/random/b0_r5_c10_l100_i1000_ps0_25_pt0_95_j5_1.stl,0.29,54844,sat
../resources/benchmarks/random/b0_r5_c10_l100_i1000_ps0_25_pt0_95_j5_2.stl,0.35000000000000003,66491.2,sat
../resources/benchmarks/random/b0_r5_c10_l100_i1000_ps0_25_pt0_95_j5_3.stl,0.02,43184.8,sat
../resources/benchmarks/random/b0_r5_c10_l100_i1000_ps0_25_pt0_95_j5_4.stl,0.17,71444.8,sat
../resources/benchmarks/random/b0_r5_c10_l100_i1000_ps0_25_pt0_95_j5_5.stl,0.07,73900.8,sat
../resources/benchmarks/random/b0_r5_c10_l100_i1000_ps0_2_pt0_33_j10_1.stl,0.04,12413.6,sat
../resources/benchmarks/random/b0_r5_c10_l100_i1000_ps0_2_pt0_33_j10_2.stl,0.042,7787.2,unsat
../resources/benchmarks/random/b0_r5_c10_l100_i1000_ps0_2_pt0_33_j10_3.stl,0.0,7787.2,unsat
../resources/benchmarks/random/b0_r5_c10_l100_i1000_ps0_2_pt0_33_j10_4.stl,-1,-1,TO
../resources/benchmarks/random/b0_r5_c10_l100_i1000_ps0_2_pt0_33_j10_5.stl,0.11,12091.2,sat
../resources/benchmarks/random/b0_r5_c10_l100_i1000_ps0_2_pt0_33_j5_1.stl,0.0,7793.6,unsat
../resources/benchmarks/random/b0_r5_c10_l100_i1000_ps0_2_pt0_33_j5_2.stl,0.0,7818.4,unsat
../resources/benchmarks/random/b0_r5_c10_l100_i1000_ps0_2_pt0_33_j5_3.stl,0.304,66522.4,sat
../resources/benchmarks/random/b0_r5_c10_l100_i1000_ps0_2_pt0_33_j5_4.stl,0.07,76044,sat
../resources/benchmarks/random/b0_r5_c10_l100_i1000_ps0_2_pt0_33_j5_5.stl,0.05,70828,sat
../resources/benchmarks/random/b0_r5_c10_l100_i1000_ps0_2_pt0_5_j10_1.stl,-1,-1,TO
../resources/benchmarks/random/b0_r5_c10_l100_i1000_ps0_2_pt0_5_j10_2.stl,0.998,85568.8,sat
../resources/benchmarks/random/b0_r5_c10_l100_i1000_ps0_2_pt0_5_j10_3.stl,0.0,7809.6,unsat
../resources/benchmarks/random/b0_r5_c10_l100_i1000_ps0_2_pt0_5_j10_4.stl,0.062,74516,sat
../resources/benchmarks/random/b0_r5_c10_l100_i1000_ps0_2_pt0_5_j10_5.stl,0.01,33341.6,unsat
../resources/benchmarks/random/b0_r5_c10_l100_i1000_ps0_2_pt0_5_j5_1.stl,0.06,63748.8,sat
../resources/benchmarks/random/b0_r5_c10_l100_i1000_ps0_2_pt0_5_j5_2.stl,0.712,77582.4,sat
../resources/benchmarks/random/b0_r5_c10_l100_i1000_ps0_2_pt0_5_j5_3.stl,0.0,7804,sat
../resources/benchmarks/random/b0_r5_c10_l100_i1000_ps0_2_pt0_5_j5_4.stl,0.854,76044.8,sat
../resources/benchmarks/random/b0_r5_c10_l100_i1000_ps0_2_pt0_5_j5_5.stl,0.05,72957.6,sat
../resources/benchmarks/random/b0_r5_c10_l100_i1000_ps0_2_pt0_75_j10_1.stl,0.08,77287.2,sat
../resources/benchmarks/random/b0_r5_c10_l100_i1000_ps0_2_pt0_75_j10_2.stl,0.068,73896,sat
../resources/benchmarks/random/b0_r5_c10_l100_i1000_ps0_2_pt0_75_j10_3.stl,1.206,94459.2,sat
../resources/benchmarks/random/b0_r5_c10_l100_i1000_ps0_2_pt0_75_j10_4.stl,0.926,79420,sat
../resources/benchmarks/random/b0_r5_c10_l100_i1000_ps0_2_pt0_75_j10_5.stl,0.732,80661.6,sat
../resources/benchmarks/random/b0_r5_c10_l100_i1000_ps0_2_pt0_75_j5_1.stl,0.05,71124,sat
../resources/benchmarks/random/b0_r5_c10_l100_i1000_ps0_2_pt0_75_j5_2.stl,0.334,76648.8,sat
../resources/benchmarks/random/b0_r5_c10_l100_i1000_ps0_2_pt0_75_j5_3.stl,0.05,72655.2,sat
../resources/benchmarks/random/b0_r5_c10_l100_i1000_ps0_2_pt0_75_j5_4.stl,0.0,9344,sat
../resources/benchmarks/random/b0_r5_c10_l100_i1000_ps0_2_pt0_75_j5_5.stl,0.048,71120.8,sat
../resources/benchmarks/random/b0_r5_c10_l100_i1000_ps0_2_pt0_95_j10_1.stl,-1,-1,TO
../resources/benchmarks/random/b0_r5_c10_l100_i1000_ps0_2_pt0_95_j10_2.stl,-1,-1,TO
../resources/benchmarks/random/b0_r5_c10_l100_i1000_ps0_2_pt0_95_j10_3.stl,-1,-1,TO
../resources/benchmarks/random/b0_r5_c10_l100_i1000_ps0_2_pt0_95_j10_4.stl,1.346,87406.4,sat
../resources/benchmarks/random/b0_r5_c10_l100_i1000_ps0_2_pt0_95_j10_5.stl,0.502,77884.8,sat
../resources/benchmarks/random/b0_r5_c10_l100_i1000_ps0_2_pt0_95_j5_1.stl,0.696,78180.8,sat
../resources/benchmarks/random/b0_r5_c10_l100_i1000_ps0_2_pt0_95_j5_2.stl,0.128,78833.6,sat
../resources/benchmarks/random/b0_r5_c10_l100_i1000_ps0_2_pt0_95_j5_3.stl,0.0,7797.6,unsat
../resources/benchmarks/random/b0_r5_c10_l100_i1000_ps0_2_pt0_95_j5_4.stl,0.518,82186.4,sat
../resources/benchmarks/random/b0_r5_c10_l100_i1000_ps0_2_pt0_95_j5_5.stl,0.02,32736.8,unsat
../resources/benchmarks/random/b0_r5_c10_l100_i50_ps0_05_pt0_33_j10_1.stl,-1,-1,TO
../resources/benchmarks/random/b0_r5_c10_l100_i50_ps0_05_pt0_33_j10_2.stl,-1,-1,TO
../resources/benchmarks/random/b0_r5_c10_l100_i50_ps0_05_pt0_33_j10_3.stl,-1,-1,TO
../resources/benchmarks/random/b0_r5_c10_l100_i50_ps0_05_pt0_33_j10_4.stl,-1,-1,TO
../resources/benchmarks/random/b0_r5_c10_l100_i50_ps0_05_pt0_33_j10_5.stl,-1,-1,TO
../resources/benchmarks/random/b0_r5_c10_l100_i50_ps0_05_pt0_33_j5_1.stl,-1,-1,TO
../resources/benchmarks/random/b0_r5_c10_l100_i50_ps0_05_pt0_33_j5_2.stl,0.082,35493.6,unsat
../resources/benchmarks/random/b0_r5_c10_l100_i50_ps0_05_pt0_33_j5_3.stl,2.104,219844.8,sat
../resources/benchmarks/random/b0_r5_c10_l100_i50_ps0_05_pt0_33_j5_4.stl,-1,-1,TO
../resources/benchmarks/random/b0_r5_c10_l100_i50_ps0_05_pt0_33_j5_5.stl,5.912,367885.6,sat
../resources/benchmarks/random/b0_r5_c10_l100_i50_ps0_05_pt0_5_j10_1.stl,-1,-1,TO
../resources/benchmarks/random/b0_r5_c10_l100_i50_ps0_05_pt0_5_j10_2.stl,-1,-1,TO
../resources/benchmarks/random/b0_r5_c10_l100_i50_ps0_05_pt0_5_j10_3.stl,-1,-1,TO
../resources/benchmarks/random/b0_r5_c10_l100_i50_ps0_05_pt0_5_j10_4.stl,-1,-1,TO
../resources/benchmarks/random/b0_r5_c10_l100_i50_ps0_05_pt0_5_j10_5.stl,-1,-1,TO
../resources/benchmarks/random/b0_r5_c10_l100_i50_ps0_05_pt0_5_j5_1.stl,-1,-1,TO
../resources/benchmarks/random/b0_r5_c10_l100_i50_ps0_05_pt0_5_j5_2.stl,-1,-1,TO
../resources/benchmarks/random/b0_r5_c10_l100_i50_ps0_05_pt0_5_j5_3.stl,11.17,775257.6,sat
../resources/benchmarks/random/b0_r5_c10_l100_i50_ps0_05_pt0_5_j5_4.stl,-1,-1,TO
../resources/benchmarks/random/b0_r5_c10_l100_i50_ps0_05_pt0_5_j5_5.stl,0.488,109537.6,sat
../resources/benchmarks/random/b0_r5_c10_l100_i50_ps0_05_pt0_75_j10_1.stl,-1,-1,TO
../resources/benchmarks/random/b0_r5_c10_l100_i50_ps0_05_pt0_75_j10_2.stl,-1,-1,TO
../resources/benchmarks/random/b0_r5_c10_l100_i50_ps0_05_pt0_75_j10_3.stl,-1,-1,TO
../resources/benchmarks/random/b0_r5_c10_l100_i50_ps0_05_pt0_75_j10_4.stl,-1,-1,TO
../resources/benchmarks/random/b0_r5_c10_l100_i50_ps0_05_pt0_75_j10_5.stl,-1,-1,TO
../resources/benchmarks/random/b0_r5_c10_l100_i50_ps0_05_pt0_75_j5_1.stl,-1,-1,TO
../resources/benchmarks/random/b0_r5_c10_l100_i50_ps0_05_pt0_75_j5_2.stl,-1,-1,TO
../resources/benchmarks/random/b0_r5_c10_l100_i50_ps0_05_pt0_75_j5_3.stl,66.698,7170272,sat
../resources/benchmarks/random/b0_r5_c10_l100_i50_ps0_05_pt0_75_j5_4.stl,51.572,301212.8,sat
../resources/benchmarks/random/b0_r5_c10_l100_i50_ps0_05_pt0_75_j5_5.stl,35.892,457596,sat
../resources/benchmarks/random/b0_r5_c10_l100_i50_ps0_05_pt0_95_j10_1.stl,-1,-1,TO
../resources/benchmarks/random/b0_r5_c10_l100_i50_ps0_05_pt0_95_j10_2.stl,-1,-1,TO
../resources/benchmarks/random/b0_r5_c10_l100_i50_ps0_05_pt0_95_j10_3.stl,40.04,499986.4,sat
../resources/benchmarks/random/b0_r5_c10_l100_i50_ps0_05_pt0_95_j10_4.stl,-1,-1,TO
../resources/benchmarks/random/b0_r5_c10_l100_i50_ps0_05_pt0_95_j10_5.stl,-1,-1,TO
../resources/benchmarks/random/b0_r5_c10_l100_i50_ps0_05_pt0_95_j5_1.stl,0.852,224091.2,sat
../resources/benchmarks/random/b0_r5_c10_l100_i50_ps0_05_pt0_95_j5_2.stl,-1,-1,TO
../resources/benchmarks/random/b0_r5_c10_l100_i50_ps0_05_pt0_95_j5_3.stl,-1,-1,TO
../resources/benchmarks/random/b0_r5_c10_l100_i50_ps0_05_pt0_95_j5_4.stl,1.174,295987.2,sat
../resources/benchmarks/random/b0_r5_c10_l100_i50_ps0_05_pt0_95_j5_5.stl,-1,-1,TO
../resources/benchmarks/random/b0_r5_c10_l100_i50_ps0_15_pt0_33_j10_1.stl,-1,-1,TO
../resources/benchmarks/random/b0_r5_c10_l100_i50_ps0_15_pt0_33_j10_2.stl,0.12,58816.8,sat
../resources/benchmarks/random/b0_r5_c10_l100_i50_ps0_15_pt0_33_j10_3.stl,0.07,32748,unsat
../resources/benchmarks/random/b0_r5_c10_l100_i50_ps0_15_pt0_33_j10_4.stl,0.0,7792.8,unsat
../resources/benchmarks/random/b0_r5_c10_l100_i50_ps0_15_pt0_33_j10_5.stl,0.0,7789.6,unsat
../resources/benchmarks/random/b0_r5_c10_l100_i50_ps0_15_pt0_33_j5_1.stl,0.02,9328,sat
../resources/benchmarks/random/b0_r5_c10_l100_i50_ps0_15_pt0_33_j5_2.stl,0.0,7794.4,unsat
../resources/benchmarks/random/b0_r5_c10_l100_i50_ps0_15_pt0_33_j5_3.stl,0.234,23172.8,sat
../resources/benchmarks/random/b0_r5_c10_l100_i50_ps0_15_pt0_33_j5_4.stl,0.0,9335.2,sat
../resources/benchmarks/random/b0_r5_c10_l100_i50_ps0_15_pt0_33_j5_5.stl,0.0,7789.6,sat
../resources/benchmarks/random/b0_r5_c10_l100_i50_ps0_15_pt0_5_j10_1.stl,-1,-1,TO
../resources/benchmarks/random/b0_r5_c10_l100_i50_ps0_15_pt0_5_j10_2.stl,-1,-1,TO
../resources/benchmarks/random/b0_r5_c10_l100_i50_ps0_15_pt0_5_j10_3.stl,0.08,76988,sat
../resources/benchmarks/random/b0_r5_c10_l100_i50_ps0_15_pt0_5_j10_4.stl,-1,-1,TO
../resources/benchmarks/random/b0_r5_c10_l100_i50_ps0_15_pt0_5_j10_5.stl,13.138,101551.2,sat
../resources/benchmarks/random/b0_r5_c10_l100_i50_ps0_15_pt0_5_j5_1.stl,0.01,33028,unsat
../resources/benchmarks/random/b0_r5_c10_l100_i50_ps0_15_pt0_5_j5_2.stl,0.06,74531.2,sat
../resources/benchmarks/random/b0_r5_c10_l100_i50_ps0_15_pt0_5_j5_3.stl,0.64,82188.8,sat
../resources/benchmarks/random/b0_r5_c10_l100_i50_ps0_15_pt0_5_j5_4.stl,0.06,72673.6,sat
../resources/benchmarks/random/b0_r5_c10_l100_i50_ps0_15_pt0_5_j5_5.stl,0.26,61313.6,sat
../resources/benchmarks/random/b0_r5_c10_l100_i50_ps0_15_pt0_75_j10_1.stl,0.01,32714.4,unsat
../resources/benchmarks/random/b0_r5_c10_l100_i50_ps0_15_pt0_75_j10_2.stl,-1,-1,TO
../resources/benchmarks/random/b0_r5_c10_l100_i50_ps0_15_pt0_75_j10_3.stl,0.02,32708,unsat
../resources/benchmarks/random/b0_r5_c10_l100_i50_ps0_15_pt0_75_j10_4.stl,2.362,86788.8,sat
../resources/benchmarks/random/b0_r5_c10_l100_i50_ps0_15_pt0_75_j10_5.stl,0.01,33045.6,unsat
../resources/benchmarks/random/b0_r5_c10_l100_i50_ps0_15_pt0_75_j5_1.stl,0.03,49003.2,sat
../resources/benchmarks/random/b0_r5_c10_l100_i50_ps0_15_pt0_75_j5_2.stl,0.06,72993.6,sat
../resources/benchmarks/random/b0_r5_c10_l100_i50_ps0_15_pt0_75_j5_3.stl,0.05,71436.8,sat
../resources/benchmarks/random/b0_r5_c10_l100_i50_ps0_15_pt0_75_j5_4.stl,0.23,52399.2,sat
../resources/benchmarks/random/b0_r5_c10_l100_i50_ps0_15_pt0_75_j5_5.stl,0.28,60367.2,sat
../resources/benchmarks/random/b0_r5_c10_l100_i50_ps0_15_pt0_95_j10_1.stl,54.42,77272,sat
../resources/benchmarks/random/b0_r5_c10_l100_i50_ps0_15_pt0_95_j10_2.stl,-1,-1,TO
../resources/benchmarks/random/b0_r5_c10_l100_i50_ps0_15_pt0_95_j10_3.stl,-1,-1,TO
../resources/benchmarks/random/b0_r5_c10_l100_i50_ps0_15_pt0_95_j10_4.stl,-1,-1,TO
../resources/benchmarks/random/b0_r5_c10_l100_i50_ps0_15_pt0_95_j10_5.stl,-1,-1,TO
../resources/benchmarks/random/b0_r5_c10_l100_i50_ps0_15_pt0_95_j5_1.stl,1.368,75427.2,sat
../resources/benchmarks/random/b0_r5_c10_l100_i50_ps0_15_pt0_95_j5_2.stl,0.03,45358.4,sat
../resources/benchmarks/random/b0_r5_c10_l100_i50_ps0_15_pt0_95_j5_3.stl,0.256,77896,sat
../resources/benchmarks/random/b0_r5_c10_l100_i50_ps0_15_pt0_95_j5_4.stl,1.682,86480.8,sat
../resources/benchmarks/random/b0_r5_c10_l100_i50_ps0_15_pt0_95_j5_5.stl,0.86,83432,sat
../resources/benchmarks/random/b0_r5_c10_l100_i50_ps0_1_pt0_33_j10_1.stl,3.682,87101.6,sat
../resources/benchmarks/random/b0_r5_c10_l100_i50_ps0_1_pt0_33_j10_2.stl,2.214,94774.4,sat
../resources/benchmarks/random/b0_r5_c10_l100_i50_ps0_1_pt0_33_j10_3.stl,21.408,41618.4,unsat
../resources/benchmarks/random/b0_r5_c10_l100_i50_ps0_1_pt0_33_j10_4.stl,4.11,104584.8,sat
../resources/benchmarks/random/b0_r5_c10_l100_i50_ps0_1_pt0_33_j10_5.stl,-1,-1,TO
../resources/benchmarks/random/b0_r5_c10_l100_i50_ps0_1_pt0_33_j5_1.stl,0.0,7825.6,unsat
../resources/benchmarks/random/b0_r5_c10_l100_i50_ps0_1_pt0_33_j5_2.stl,1.016,76059.2,sat
../resources/benchmarks/random/b0_r5_c10_l100_i50_ps0_1_pt0_33_j5_3.stl,17.584,81581.6,sat
../resources/benchmarks/random/b0_r5_c10_l100_i50_ps0_1_pt0_33_j5_4.stl,0.41,77888.8,sat
../resources/benchmarks/random/b0_r5_c10_l100_i50_ps0_1_pt0_33_j5_5.stl,0.036,48688.8,sat
../resources/benchmarks/random/b0_r5_c10_l100_i50_ps0_1_pt0_5_j10_1.stl,0.0,7807.2,unsat
../resources/benchmarks/random/b0_r5_c10_l100_i50_ps0_1_pt0_5_j10_2.stl,0.0,7789.6,unsat
../resources/benchmarks/random/b0_r5_c10_l100_i50_ps0_1_pt0_5_j10_3.stl,-1,-1,TO
../resources/benchmarks/random/b0_r5_c10_l100_i50_ps0_1_pt0_5_j10_4.stl,47.124,93250.4,sat
../resources/benchmarks/random/b0_r5_c10_l100_i50_ps0_1_pt0_5_j10_5.stl,-1,-1,TO
../resources/benchmarks/random/b0_r5_c10_l100_i50_ps0_1_pt0_5_j5_1.stl,0.08,77267.2,sat
../resources/benchmarks/random/b0_r5_c10_l100_i50_ps0_1_pt0_5_j5_2.stl,-1,-1,TO
../resources/benchmarks/random/b0_r5_c10_l100_i50_ps0_1_pt0_5_j5_3.stl,0.112,74527.2,sat
../resources/benchmarks/random/b0_r5_c10_l100_i50_ps0_1_pt0_5_j5_4.stl,1.028,89851.2,sat
../resources/benchmarks/random/b0_r5_c10_l100_i50_ps0_1_pt0_5_j5_5.stl,0.154,95697.6,sat
../resources/benchmarks/random/b0_r5_c10_l100_i50_ps0_1_pt0_75_j10_1.stl,0.02,32418.4,unsat
../resources/benchmarks/random/b0_r5_c10_l100_i50_ps0_1_pt0_75_j10_2.stl,4.444,106458.4,sat
../resources/benchmarks/random/b0_r5_c10_l100_i50_ps0_1_pt0_75_j10_3.stl,-1,-1,TO
../resources/benchmarks/random/b0_r5_c10_l100_i50_ps0_1_pt0_75_j10_4.stl,108.188,110133.6,unsat
../resources/benchmarks/random/b0_r5_c10_l100_i50_ps0_1_pt0_75_j10_5.stl,-1,-1,TO
../resources/benchmarks/random/b0_r5_c10_l100_i50_ps0_1_pt0_75_j5_1.stl,-1,-1,TO
../resources/benchmarks/random/b0_r5_c10_l100_i50_ps0_1_pt0_75_j5_2.stl,0.26,64344.8,sat
../resources/benchmarks/random/b0_r5_c10_l100_i50_ps0_1_pt0_75_j5_3.stl,0.496,77882.4,sat
../resources/benchmarks/random/b0_r5_c10_l100_i50_ps0_1_pt0_75_j5_4.stl,0.108,67752,sat
../resources/benchmarks/random/b0_r5_c10_l100_i50_ps0_1_pt0_75_j5_5.stl,2.558,151032,sat
../resources/benchmarks/random/b0_r5_c10_l100_i50_ps0_1_pt0_95_j10_1.stl,-1,-1,TO
../resources/benchmarks/random/b0_r5_c10_l100_i50_ps0_1_pt0_95_j10_2.stl,0.0,7816.8,unsat
../resources/benchmarks/random/b0_r5_c10_l100_i50_ps0_1_pt0_95_j10_3.stl,12.620000000000001,219808.8,sat
../resources/benchmarks/random/b0_r5_c10_l100_i50_ps0_1_pt0_95_j10_4.stl,6.398,401975.2,sat
../resources/benchmarks/random/b0_r5_c10_l100_i50_ps0_1_pt0_95_j10_5.stl,-1,-1,TO
../resources/benchmarks/random/b0_r5_c10_l100_i50_ps0_1_pt0_95_j5_1.stl,-1,-1,TO
../resources/benchmarks/random/b0_r5_c10_l100_i50_ps0_1_pt0_95_j5_2.stl,1.662,80347.2,sat
../resources/benchmarks/random/b0_r5_c10_l100_i50_ps0_1_pt0_95_j5_3.stl,0.04,57904,sat
../resources/benchmarks/random/b0_r5_c10_l100_i50_ps0_1_pt0_95_j5_4.stl,1.922,105526.4,sat
../resources/benchmarks/random/b0_r5_c10_l100_i50_ps0_1_pt0_95_j5_5.stl,3.134,88331.2,sat
../resources/benchmarks/random/b0_r5_c10_l100_i50_ps0_25_pt0_33_j10_1.stl,0.04,51189.6,sat
../resources/benchmarks/random/b0_r5_c10_l100_i50_ps0_25_pt0_33_j10_2.stl,0.694,82187.2,sat
../resources/benchmarks/random/b0_r5_c10_l100_i50_ps0_25_pt0_33_j10_3.stl,0.032,52373.6,sat
../resources/benchmarks/random/b0_r5_c10_l100_i50_ps0_25_pt0_33_j10_4.stl,0.05,63770.4,sat
../resources/benchmarks/random/b0_r5_c10_l100_i50_ps0_25_pt0_33_j10_5.stl,0.08,33352.8,unsat
../resources/benchmarks/random/b0_r5_c10_l100_i50_ps0_25_pt0_33_j5_1.stl,0.0,7783.2,unsat
../resources/benchmarks/random/b0_r5_c10_l100_i50_ps0_25_pt0_33_j5_2.stl,0.01,32751.2,sat
../resources/benchmarks/random/b0_r5_c10_l100_i50_ps0_25_pt0_33_j5_3.stl,0.0,7800,unsat
../resources/benchmarks/random/b0_r5_c10_l100_i50_ps0_25_pt0_33_j5_4.stl,0.03,51468,sat
../resources/benchmarks/random/b0_r5_c10_l100_i50_ps0_25_pt0_33_j5_5.stl,0.02,41636.8,sat
../resources/benchmarks/random/b0_r5_c10_l100_i50_ps0_25_pt0_5_j10_1.stl,-1,-1,TO
../resources/benchmarks/random/b0_r5_c10_l100_i50_ps0_25_pt0_5_j10_2.stl,0.0,7796,unsat
../resources/benchmarks/random/b0_r5_c10_l100_i50_ps0_25_pt0_5_j10_3.stl,0.01,32704.8,unsat
../resources/benchmarks/random/b0_r5_c10_l100_i50_ps0_25_pt0_5_j10_4.stl,0.536,76349.6,sat
../resources/benchmarks/random/b0_r5_c10_l100_i50_ps0_25_pt0_5_j10_5.stl,-1,-1,TO
../resources/benchmarks/random/b0_r5_c10_l100_i50_ps0_25_pt0_5_j5_1.stl,0.06,73300,sat
../resources/benchmarks/random/b0_r5_c10_l100_i50_ps0_25_pt0_5_j5_2.stl,0.0,7788.8,unsat
../resources/benchmarks/random/b0_r5_c10_l100_i50_ps0_25_pt0_5_j5_3.stl,0.01,32743.2,sat
../resources/benchmarks/random/b0_r5_c10_l100_i50_ps0_25_pt0_5_j5_4.stl,0.057999999999999996,72991.2,sat
../resources/benchmarks/random/b0_r5_c10_l100_i50_ps0_25_pt0_5_j5_5.stl,0.402,60692,sat
../resources/benchmarks/random/b0_r5_c10_l100_i50_ps0_25_pt0_75_j10_1.stl,0.08,33323.2,unsat
../resources/benchmarks/random/b0_r5_c10_l100_i50_ps0_25_pt0_75_j10_2.stl,0.0,7783.2,unsat
../resources/benchmarks/random/b0_r5_c10_l100_i50_ps0_25_pt0_75_j10_3.stl,0.23,53317.6,sat
../resources/benchmarks/random/b0_r5_c10_l100_i50_ps0_25_pt0_75_j10_4.stl,0.62,87713.6,sat
../resources/benchmarks/random/b0_r5_c10_l100_i50_ps0_25_pt0_75_j10_5.stl,1.024,89547.2,sat
../resources/benchmarks/random/b0_r5_c10_l100_i50_ps0_25_pt0_75_j5_1.stl,0.468,67150.4,sat
../resources/benchmarks/random/b0_r5_c10_l100_i50_ps0_25_pt0_75_j5_2.stl,0.516,66848.8,sat
../resources/benchmarks/random/b0_r5_c10_l100_i50_ps0_25_pt0_75_j5_3.stl,0.05,72975.2,sat
../resources/benchmarks/random/b0_r5_c10_l100_i50_ps0_25_pt0_75_j5_4.stl,0.23,71758.4,sat
../resources/benchmarks/random/b0_r5_c10_l100_i50_ps0_25_pt0_75_j5_5.stl,0.586,76062.4,sat
../resources/benchmarks/random/b0_r5_c10_l100_i50_ps0_25_pt0_95_j10_1.stl,-1,-1,TO
../resources/benchmarks/random/b0_r5_c10_l100_i50_ps0_25_pt0_95_j10_2.stl,0.06,72661.6,sat
../resources/benchmarks/random/b0_r5_c10_l100_i50_ps0_25_pt0_95_j10_3.stl,-1,-1,TO
../resources/benchmarks/random/b0_r5_c10_l100_i50_ps0_25_pt0_95_j10_4.stl,0.8,77894.4,sat
../resources/benchmarks/random/b0_r5_c10_l100_i50_ps0_25_pt0_95_j10_5.stl,0.0,7819.2,unsat
../resources/benchmarks/random/b0_r5_c10_l100_i50_ps0_25_pt0_95_j5_1.stl,-1,-1,TO
../resources/benchmarks/random/b0_r5_c10_l100_i50_ps0_25_pt0_95_j5_2.stl,0.278,76968.8,sat
../resources/benchmarks/random/b0_r5_c10_l100_i50_ps0_25_pt0_95_j5_3.stl,-1,-1,TO
../resources/benchmarks/random/b0_r5_c10_l100_i50_ps0_25_pt0_95_j5_4.stl,0.91,71735.2,sat
../resources/benchmarks/random/b0_r5_c10_l100_i50_ps0_25_pt0_95_j5_5.stl,0.057999999999999996,72970.4,sat
../resources/benchmarks/random/b0_r5_c10_l100_i50_ps0_2_pt0_33_j10_1.stl,0.31,52676.8,sat
../resources/benchmarks/random/b0_r5_c10_l100_i50_ps0_2_pt0_33_j10_2.stl,0.01,32104.8,unsat
../resources/benchmarks/random/b0_r5_c10_l100_i50_ps0_2_pt0_33_j10_3.stl,0.04,33624.8,unsat
../resources/benchmarks/random/b0_r5_c10_l100_i50_ps0_2_pt0_33_j10_4.stl,-1,-1,TO
../resources/benchmarks/random/b0_r5_c10_l100_i50_ps0_2_pt0_33_j10_5.stl,0.084,77868,sat
../resources/benchmarks/random/b0_r5_c10_l100_i50_ps0_2_pt0_33_j5_1.stl,0.06,73257.6,sat
../resources/benchmarks/random/b0_r5_c10_l100_i50_ps0_2_pt0_33_j5_2.stl,0.19,54857.6,sat
../resources/benchmarks/random/b0_r5_c10_l100_i50_ps0_2_pt0_33_j5_3.stl,0.014,36428,sat
../resources/benchmarks/random/b0_r5_c10_l100_i50_ps0_2_pt0_33_j5_4.stl,0.11,49934.4,sat
../resources/benchmarks/random/b0_r5_c10_l100_i50_ps0_2_pt0_33_j5_5.stl,0.0,7806.4,unsat
../resources/benchmarks/random/b0_r5_c10_l100_i50_ps0_2_pt0_5_j10_1.stl,-1,-1,TO
../resources/benchmarks/random/b0_r5_c10_l100_i50_ps0_2_pt0_5_j10_2.stl,0.066,75113.6,sat
../resources/benchmarks/random/b0_r5_c10_l100_i50_ps0_2_pt0_5_j10_3.stl,1.018,78502.4,sat
../resources/benchmarks/random/b0_r5_c10_l100_i50_ps0_2_pt0_5_j10_4.stl,0.96,87701.6,sat
../resources/benchmarks/random/b0_r5_c10_l100_i50_ps0_2_pt0_5_j10_5.stl,-1,-1,TO
../resources/benchmarks/random/b0_r5_c10_l100_i50_ps0_2_pt0_5_j5_1.stl,0.14,54241.6,sat
../resources/benchmarks/random/b0_r5_c10_l100_i50_ps0_2_pt0_5_j5_2.stl,0.066,74212.8,sat
../resources/benchmarks/random/b0_r5_c10_l100_i50_ps0_2_pt0_5_j5_3.stl,-1,-1,TO
../resources/benchmarks/random/b0_r5_c10_l100_i50_ps0_2_pt0_5_j5_4.stl,0.816,68052.8,sat
../resources/benchmarks/random/b0_r5_c10_l100_i50_ps0_2_pt0_5_j5_5.stl,0.06,72964,sat
../resources/benchmarks/random/b0_r5_c10_l100_i50_ps0_2_pt0_75_j10_1.stl,-1,-1,TO
../resources/benchmarks/random/b0_r5_c10_l100_i50_ps0_2_pt0_75_j10_2.stl,0.588,53636,unsat
../resources/benchmarks/random/b0_r5_c10_l100_i50_ps0_2_pt0_75_j10_3.stl,0.278,69296,sat
../resources/benchmarks/random/b0_r5_c10_l100_i50_ps0_2_pt0_75_j10_4.stl,0.274,70200,sat
../resources/benchmarks/random/b0_r5_c10_l100_i50_ps0_2_pt0_75_j10_5.stl,1.06,32729.6,unsat
../resources/benchmarks/random/b0_r5_c10_l100_i50_ps0_2_pt0_75_j5_1.stl,-1,-1,TO
../resources/benchmarks/random/b0_r5_c10_l100_i50_ps0_2_pt0_75_j5_2.stl,1.01,77274.4,sat
../resources/benchmarks/random/b0_r5_c10_l100_i50_ps0_2_pt0_75_j5_3.stl,0.07,75724,sat
../resources/benchmarks/random/b0_r5_c10_l100_i50_ps0_2_pt0_75_j5_4.stl,0.03,48404.8,sat
../resources/benchmarks/random/b0_r5_c10_l100_i50_ps0_2_pt0_75_j5_5.stl,1.03,80336.8,sat
../resources/benchmarks/random/b0_r5_c10_l100_i50_ps0_2_pt0_95_j10_1.stl,0.0,7789.6,unsat
../resources/benchmarks/random/b0_r5_c10_l100_i50_ps0_2_pt0_95_j10_2.stl,0.2,54246.4,sat
../resources/benchmarks/random/b0_r5_c10_l100_i50_ps0_2_pt0_95_j10_3.stl,0.772,77561.6,sat
../resources/benchmarks/random/b0_r5_c10_l100_i50_ps0_2_pt0_95_j10_4.stl,-1,-1,TO
../resources/benchmarks/random/b0_r5_c10_l100_i50_ps0_2_pt0_95_j10_5.stl,-1,-1,TO
../resources/benchmarks/random/b0_r5_c10_l100_i50_ps0_2_pt0_95_j5_1.stl,1.008,77872.8,sat
../resources/benchmarks/random/b0_r5_c10_l100_i50_ps0_2_pt0_95_j5_2.stl,0.062,74811.2,sat
../resources/benchmarks/random/b0_r5_c10_l100_i50_ps0_2_pt0_95_j5_3.stl,0.33,69616,sat
../resources/benchmarks/random/b0_r5_c10_l100_i50_ps0_2_pt0_95_j5_4.stl,0.21,54886.4,sat
../resources/benchmarks/random/b0_r5_c10_l100_i50_ps0_2_pt0_95_j5_5.stl,0.01,9328.8,sat
../resources/benchmarks/random/b0_r5_c10_l5000_i1000_ps0_05_pt0_33_j10_1.stl,-1,-1,TO
../resources/benchmarks/random/b0_r5_c10_l5000_i1000_ps0_05_pt0_33_j10_2.stl,-1,-1,TO
../resources/benchmarks/random/b0_r5_c10_l5000_i1000_ps0_05_pt0_33_j10_3.stl,-1,-1,TO
../resources/benchmarks/random/b0_r5_c10_l5000_i1000_ps0_05_pt0_33_j10_4.stl,-1,-1,TO
../resources/benchmarks/random/b0_r5_c10_l5000_i1000_ps0_05_pt0_33_j10_5.stl,-1,-1,TO
../resources/benchmarks/random/b0_r5_c10_l5000_i1000_ps0_05_pt0_33_j5_1.stl,-1,-1,TO
../resources/benchmarks/random/b0_r5_c10_l5000_i1000_ps0_05_pt0_33_j5_2.stl,-1,-1,TO
../resources/benchmarks/random/b0_r5_c10_l5000_i1000_ps0_05_pt0_33_j5_3.stl,0.052000000000000005,10856.8,unsat
../resources/benchmarks/random/b0_r5_c10_l5000_i1000_ps0_05_pt0_33_j5_4.stl,0.05,10856.8,unsat
../resources/benchmarks/random/b0_r5_c10_l5000_i1000_ps0_05_pt0_33_j5_5.stl,-1,-1,TO
../resources/benchmarks/random/b0_r5_c10_l5000_i1000_ps0_05_pt0_5_j10_1.stl,-1,-1,TO
../resources/benchmarks/random/b0_r5_c10_l5000_i1000_ps0_05_pt0_5_j10_2.stl,-1,-1,TO
../resources/benchmarks/random/b0_r5_c10_l5000_i1000_ps0_05_pt0_5_j10_3.stl,-1,-1,TO
../resources/benchmarks/random/b0_r5_c10_l5000_i1000_ps0_05_pt0_5_j10_4.stl,-1,-1,TO
../resources/benchmarks/random/b0_r5_c10_l5000_i1000_ps0_05_pt0_5_j10_5.stl,0.16,16989.6,unsat
../resources/benchmarks/random/b0_r5_c10_l5000_i1000_ps0_05_pt0_5_j5_1.stl,-1,-1,TO
../resources/benchmarks/random/b0_r5_c10_l5000_i1000_ps0_05_pt0_5_j5_2.stl,-1,-1,TO
../resources/benchmarks/random/b0_r5_c10_l5000_i1000_ps0_05_pt0_5_j5_3.stl,-1,-1,TO
../resources/benchmarks/random/b0_r5_c10_l5000_i1000_ps0_05_pt0_5_j5_4.stl,-1,-1,TO
../resources/benchmarks/random/b0_r5_c10_l5000_i1000_ps0_05_pt0_5_j5_5.stl,-1,-1,TO
../resources/benchmarks/random/b0_r5_c10_l5000_i1000_ps0_05_pt0_75_j10_1.stl,-1,-1,TO
../resources/benchmarks/random/b0_r5_c10_l5000_i1000_ps0_05_pt0_75_j10_2.stl,-1,-1,TO
../resources/benchmarks/random/b0_r5_c10_l5000_i1000_ps0_05_pt0_75_j10_3.stl,-1,-1,TO
../resources/benchmarks/random/b0_r5_c10_l5000_i1000_ps0_05_pt0_75_j10_4.stl,-1,-1,TO
../resources/benchmarks/random/b0_r5_c10_l5000_i1000_ps0_05_pt0_75_j10_5.stl,-1,-1,TO
../resources/benchmarks/random/b0_r5_c10_l5000_i1000_ps0_05_pt0_75_j5_1.stl,4.224,1406220.8,sat
../resources/benchmarks/random/b0_r5_c10_l5000_i1000_ps0_05_pt0_75_j5_2.stl,-1,-1,TO
../resources/benchmarks/random/b0_r5_c10_l5000_i1000_ps0_05_pt0_75_j5_3.stl,-1,-1,TO
../resources/benchmarks/random/b0_r5_c10_l5000_i1000_ps0_05_pt0_75_j5_4.stl,-1,-1,TO
../resources/benchmarks/random/b0_r5_c10_l5000_i1000_ps0_05_pt0_75_j5_5.stl,-1,-1,TO
../resources/benchmarks/random/b0_r5_c10_l5000_i1000_ps0_05_pt0_95_j10_1.stl,-1,-1,OOM
../resources/benchmarks/random/b0_r5_c10_l5000_i1000_ps0_05_pt0_95_j10_2.stl,-1,-1,TO
../resources/benchmarks/random/b0_r5_c10_l5000_i1000_ps0_05_pt0_95_j10_3.stl,-1,-1,TO
../resources/benchmarks/random/b0_r5_c10_l5000_i1000_ps0_05_pt0_95_j10_4.stl,-1,-1,TO
../resources/benchmarks/random/b0_r5_c10_l5000_i1000_ps0_05_pt0_95_j10_5.stl,-1,-1,TO
../resources/benchmarks/random/b0_r5_c10_l5000_i1000_ps0_05_pt0_95_j5_1.stl,-1,-1,TO
../resources/benchmarks/random/b0_r5_c10_l5000_i1000_ps0_05_pt0_95_j5_2.stl,-1,-1,TO
../resources/benchmarks/random/b0_r5_c10_l5000_i1000_ps0_05_pt0_95_j5_3.stl,0.02,9319.2,unsat
../resources/benchmarks/random/b0_r5_c10_l5000_i1000_ps0_05_pt0_95_j5_4.stl,-1,-1,TO
../resources/benchmarks/random/b0_r5_c10_l5000_i1000_ps0_05_pt0_95_j5_5.stl,-1,-1,TO
../resources/benchmarks/random/b0_r5_c10_l5000_i1000_ps0_15_pt0_33_j10_1.stl,-1,-1,TO
../resources/benchmarks/random/b0_r5_c10_l5000_i1000_ps0_15_pt0_33_j10_2.stl,-1,-1,TO
../resources/benchmarks/random/b0_r5_c10_l5000_i1000_ps0_15_pt0_33_j10_3.stl,26.586,262205.6,sat
../resources/benchmarks/random/b0_r5_c10_l5000_i1000_ps0_15_pt0_33_j10_4.stl,-1,-1,TO
../resources/benchmarks/random/b0_r5_c10_l5000_i1000_ps0_15_pt0_33_j10_5.stl,0.0,7794.4,unsat
../resources/benchmarks/random/b0_r5_c10_l5000_i1000_ps0_15_pt0_33_j5_1.stl,32.07,476003.2,sat
../resources/benchmarks/random/b0_r5_c10_l5000_i1000_ps0_15_pt0_33_j5_2.stl,0.48,426570.4,sat
../resources/benchmarks/random/b0_r5_c10_l5000_i1000_ps0_15_pt0_33_j5_3.stl,53.31,2144733.6,sat
../resources/benchmarks/random/b0_r5_c10_l5000_i1000_ps0_15_pt0_33_j5_4.stl,0.01,32416.8,unsat
../resources/benchmarks/random/b0_r5_c10_l5000_i1000_ps0_15_pt0_33_j5_5.stl,-1,-1,TO
../resources/benchmarks/random/b0_r5_c10_l5000_i1000_ps0_15_pt0_5_j10_1.stl,-1,-1,TO
../resources/benchmarks/random/b0_r5_c10_l5000_i1000_ps0_15_pt0_5_j10_2.stl,2.376,2113388,sat
../resources/benchmarks/random/b0_r5_c10_l5000_i1000_ps0_15_pt0_5_j10_3.stl,0.01,33042.4,unsat
../resources/benchmarks/random/b0_r5_c10_l5000_i1000_ps0_15_pt0_5_j10_4.stl,0.016,33033.6,unsat
../resources/benchmarks/random/b0_r5_c10_l5000_i1000_ps0_15_pt0_5_j10_5.stl,-1,-1,TO
../resources/benchmarks/random/b0_r5_c10_l5000_i1000_ps0_15_pt0_5_j5_1.stl,54.4,440373.6,sat
../resources/benchmarks/random/b0_r5_c10_l5000_i1000_ps0_15_pt0_5_j5_2.stl,-1,-1,TO
../resources/benchmarks/random/b0_r5_c10_l5000_i1000_ps0_15_pt0_5_j5_3.stl,-1,-1,TO
../resources/benchmarks/random/b0_r5_c10_l5000_i1000_ps0_15_pt0_5_j5_4.stl,0.372,421653.6,sat
../resources/benchmarks/random/b0_r5_c10_l5000_i1000_ps0_15_pt0_5_j5_5.stl,-1,-1,TO
../resources/benchmarks/random/b0_r5_c10_l5000_i1000_ps0_15_pt0_75_j10_1.stl,0.0,7807.2,unsat
../resources/benchmarks/random/b0_r5_c10_l5000_i1000_ps0_15_pt0_75_j10_2.stl,0.0,7780,unsat
../resources/benchmarks/random/b0_r5_c10_l5000_i1000_ps0_15_pt0_75_j10_3.stl,-1,-1,TO
../resources/benchmarks/random/b0_r5_c10_l5000_i1000_ps0_15_pt0_75_j10_4.stl,0.0,7792.8,unsat
../resources/benchmarks/random/b0_r5_c10_l5000_i1000_ps0_15_pt0_75_j10_5.stl,-1,-1,TO
../resources/benchmarks/random/b0_r5_c10_l5000_i1000_ps0_15_pt0_75_j5_1.stl,-1,-1,TO
../resources/benchmarks/random/b0_r5_c10_l5000_i1000_ps0_15_pt0_75_j5_2.stl,-1,-1,TO
../resources/benchmarks/random/b0_r5_c10_l5000_i1000_ps0_15_pt0_75_j5_3.stl,-1,-1,TO
../resources/benchmarks/random/b0_r5_c10_l5000_i1000_ps0_15_pt0_75_j5_4.stl,-1,-1,TO
../resources/benchmarks/random/b0_r5_c10_l5000_i1000_ps0_15_pt0_75_j5_5.stl,-1,-1,TO
../resources/benchmarks/random/b0_r5_c10_l5000_i1000_ps0_15_pt0_95_j10_1.stl,-1,-1,TO
../resources/benchmarks/random/b0_r5_c10_l5000_i1000_ps0_15_pt0_95_j10_2.stl,0.0,7800.8,unsat
../resources/benchmarks/random/b0_r5_c10_l5000_i1000_ps0_15_pt0_95_j10_3.stl,-1,-1,TO
../resources/benchmarks/random/b0_r5_c10_l5000_i1000_ps0_15_pt0_95_j10_4.stl,-1,-1,TO
../resources/benchmarks/random/b0_r5_c10_l5000_i1000_ps0_15_pt0_95_j10_5.stl,-1,-1,TO
../resources/benchmarks/random/b0_r5_c10_l5000_i1000_ps0_15_pt0_95_j5_1.stl,-1,-1,TO
../resources/benchmarks/random/b0_r5_c10_l5000_i1000_ps0_15_pt0_95_j5_2.stl,81.854,2183137.6,sat
../resources/benchmarks/random/b0_r5_c10_l5000_i1000_ps0_15_pt0_95_j5_3.stl,0.0,7780.8,unsat
../resources/benchmarks/random/b0_r5_c10_l5000_i1000_ps0_15_pt0_95_j5_4.stl,0.0,7802.4,unsat
../resources/benchmarks/random/b0_r5_c10_l5000_i1000_ps0_15_pt0_95_j5_5.stl,92.93599999999999,762960,sat
../resources/benchmarks/random/b0_r5_c10_l5000_i1000_ps0_1_pt0_33_j10_1.stl,0.0,7807.2,unsat
../resources/benchmarks/random/b0_r5_c10_l5000_i1000_ps0_1_pt0_33_j10_2.stl,-1,-1,TO
../resources/benchmarks/random/b0_r5_c10_l5000_i1000_ps0_1_pt0_33_j10_3.stl,0.0,7805.6,unsat
../resources/benchmarks/random/b0_r5_c10_l5000_i1000_ps0_1_pt0_33_j10_4.stl,-1,-1,TO
../resources/benchmarks/random/b0_r5_c10_l5000_i1000_ps0_1_pt0_33_j10_5.stl,-1,-1,TO
../resources/benchmarks/random/b0_r5_c10_l5000_i1000_ps0_1_pt0_33_j5_1.stl,-1,-1,TO
../resources/benchmarks/random/b0_r5_c10_l5000_i1000_ps0_1_pt0_33_j5_2.stl,-1,-1,TO
../resources/benchmarks/random/b0_r5_c10_l5000_i1000_ps0_1_pt0_33_j5_3.stl,0.536,450204,sat
../resources/benchmarks/random/b0_r5_c10_l5000_i1000_ps0_1_pt0_33_j5_4.stl,-1,-1,TO
../resources/benchmarks/random/b0_r5_c10_l5000_i1000_ps0_1_pt0_33_j5_5.stl,-1,-1,TO
../resources/benchmarks/random/b0_r5_c10_l5000_i1000_ps0_1_pt0_5_j10_1.stl,0.0,7821.6,unsat
../resources/benchmarks/random/b0_r5_c10_l5000_i1000_ps0_1_pt0_5_j10_2.stl,-1,-1,TO
../resources/benchmarks/random/b0_r5_c10_l5000_i1000_ps0_1_pt0_5_j10_3.stl,-1,-1,TO
../resources/benchmarks/random/b0_r5_c10_l5000_i1000_ps0_1_pt0_5_j10_4.stl,-1,-1,TO
../resources/benchmarks/random/b0_r5_c10_l5000_i1000_ps0_1_pt0_5_j10_5.stl,-1,-1,TO
../resources/benchmarks/random/b0_r5_c10_l5000_i1000_ps0_1_pt0_5_j5_1.stl,-1,-1,TO
../resources/benchmarks/random/b0_r5_c10_l5000_i1000_ps0_1_pt0_5_j5_2.stl,1.456,1084852,sat
../resources/benchmarks/random/b0_r5_c10_l5000_i1000_ps0_1_pt0_5_j5_3.stl,-1,-1,TO
../resources/benchmarks/random/b0_r5_c10_l5000_i1000_ps0_1_pt0_5_j5_4.stl,-1,-1,TO
../resources/benchmarks/random/b0_r5_c10_l5000_i1000_ps0_1_pt0_5_j5_5.stl,-1,-1,TO
../resources/benchmarks/random/b0_r5_c10_l5000_i1000_ps0_1_pt0_75_j10_1.stl,-1,-1,TO
../resources/benchmarks/random/b0_r5_c10_l5000_i1000_ps0_1_pt0_75_j10_2.stl,-1,-1,TO
../resources/benchmarks/random/b0_r5_c10_l5000_i1000_ps0_1_pt0_75_j10_3.stl,0.02,33340.8,unsat
../resources/benchmarks/random/b0_r5_c10_l5000_i1000_ps0_1_pt0_75_j10_4.stl,-1,-1,TO
../resources/benchmarks/random/b0_r5_c10_l5000_i1000_ps0_1_pt0_75_j10_5.stl,-1,-1,TO
../resources/benchmarks/random/b0_r5_c10_l5000_i1000_ps0_1_pt0_75_j5_1.stl,-1,-1,TO
../resources/benchmarks/random/b0_r5_c10_l5000_i1000_ps0_1_pt0_75_j5_2.stl,-1,-1,TO
../resources/benchmarks/random/b0_r5_c10_l5000_i1000_ps0_1_pt0_75_j5_3.stl,-1,-1,TO
../resources/benchmarks/random/b0_r5_c10_l5000_i1000_ps0_1_pt0_75_j5_4.stl,19.744,857290.4,sat
../resources/benchmarks/random/b0_r5_c10_l5000_i1000_ps0_1_pt0_75_j5_5.stl,-1,-1,TO
../resources/benchmarks/random/b0_r5_c10_l5000_i1000_ps0_1_pt0_95_j10_1.stl,-1,-1,TO
../resources/benchmarks/random/b0_r5_c10_l5000_i1000_ps0_1_pt0_95_j10_2.stl,-1,-1,TO
../resources/benchmarks/random/b0_r5_c10_l5000_i1000_ps0_1_pt0_95_j10_3.stl,-1,-1,TO
../resources/benchmarks/random/b0_r5_c10_l5000_i1000_ps0_1_pt0_95_j10_4.stl,-1,-1,TO
../resources/benchmarks/random/b0_r5_c10_l5000_i1000_ps0_1_pt0_95_j10_5.stl,-1,-1,TO
../resources/benchmarks/random/b0_r5_c10_l5000_i1000_ps0_1_pt0_95_j5_1.stl,-1,-1,TO
../resources/benchmarks/random/b0_r5_c10_l5000_i1000_ps0_1_pt0_95_j5_2.stl,-1,-1,TO
../resources/benchmarks/random/b0_r5_c10_l5000_i1000_ps0_1_pt0_95_j5_3.stl,-1,-1,TO
../resources/benchmarks/random/b0_r5_c10_l5000_i1000_ps0_1_pt0_95_j5_4.stl,0.764,673244.8,sat
../resources/benchmarks/random/b0_r5_c10_l5000_i1000_ps0_1_pt0_95_j5_5.stl,-1,-1,TO
../resources/benchmarks/random/b0_r5_c10_l5000_i1000_ps0_25_pt0_33_j10_1.stl,-1,-1,TO
../resources/benchmarks/random/b0_r5_c10_l5000_i1000_ps0_25_pt0_33_j10_2.stl,-1,-1,TO
../resources/benchmarks/random/b0_r5_c10_l5000_i1000_ps0_25_pt0_33_j10_3.stl,0.01,33340.8,unsat
../resources/benchmarks/random/b0_r5_c10_l5000_i1000_ps0_25_pt0_33_j10_4.stl,0.0,7827.2,unsat
../resources/benchmarks/random/b0_r5_c10_l5000_i1000_ps0_25_pt0_33_j10_5.stl,-1,-1,TO
../resources/benchmarks/random/b0_r5_c10_l5000_i1000_ps0_25_pt0_33_j5_1.stl,-1,-1,TO
../resources/benchmarks/random/b0_r5_c10_l5000_i1000_ps0_25_pt0_33_j5_2.stl,2.106,2038441.6,sat
../resources/benchmarks/random/b0_r5_c10_l5000_i1000_ps0_25_pt0_33_j5_3.stl,0.18,225664,sat
../resources/benchmarks/random/b0_r5_c10_l5000_i1000_ps0_25_pt0_33_j5_4.stl,0.388,334695.2,unsat
../resources/benchmarks/random/b0_r5_c10_l5000_i1000_ps0_25_pt0_33_j5_5.stl,-1,-1,TO
../resources/benchmarks/random/b0_r5_c10_l5000_i1000_ps0_25_pt0_5_j10_1.stl,0.0,7801.6,unsat
../resources/benchmarks/random/b0_r5_c10_l5000_i1000_ps0_25_pt0_5_j10_2.stl,0.0,7792,unsat
../resources/benchmarks/random/b0_r5_c10_l5000_i1000_ps0_25_pt0_5_j10_3.stl,-1,-1,TO
../resources/benchmarks/random/b0_r5_c10_l5000_i1000_ps0_25_pt0_5_j10_4.stl,0.0,7796,unsat
../resources/benchmarks/random/b0_r5_c10_l5000_i1000_ps0_25_pt0_5_j10_5.stl,1.232,434884.8,unsat
../resources/benchmarks/random/b0_r5_c10_l5000_i1000_ps0_25_pt0_5_j5_1.stl,0.478,402904.8,sat
../resources/benchmarks/random/b0_r5_c10_l5000_i1000_ps0_25_pt0_5_j5_2.stl,0.956,901160,sat
../resources/benchmarks/random/b0_r5_c10_l5000_i1000_ps0_25_pt0_5_j5_3.stl,0.01,33650.4,sat
../resources/benchmarks/random/b0_r5_c10_l5000_i1000_ps0_25_pt0_5_j5_4.stl,0.904,446526.4,sat
../resources/benchmarks/random/b0_r5_c10_l5000_i1000_ps0_25_pt0_5_j5_5.stl,0.0,7786.4,unsat
../resources/benchmarks/random/b0_r5_c10_l5000_i1000_ps0_25_pt0_75_j10_1.stl,-1,-1,TO
../resources/benchmarks/random/b0_r5_c10_l5000_i1000_ps0_25_pt0_75_j10_2.stl,0.01,33075.2,unsat
../resources/benchmarks/random/b0_r5_c10_l5000_i1000_ps0_25_pt0_75_j10_3.stl,-1,-1,TO
../resources/benchmarks/random/b0_r5_c10_l5000_i1000_ps0_25_pt0_75_j10_4.stl,-1,-1,TO
../resources/benchmarks/random/b0_r5_c10_l5000_i1000_ps0_25_pt0_75_j10_5.stl,-1,-1,TO
../resources/benchmarks/random/b0_r5_c10_l5000_i1000_ps0_25_pt0_75_j5_1.stl,-1,-1,TO
../resources/benchmarks/random/b0_r5_c10_l5000_i1000_ps0_25_pt0_75_j5_2.stl,0.34400000000000003,401971.2,sat
../resources/benchmarks/random/b0_r5_c10_l5000_i1000_ps0_25_pt0_75_j5_3.stl,0.0,7792,unsat
../resources/benchmarks/random/b0_r5_c10_l5000_i1000_ps0_25_pt0_75_j5_4.stl,2.394,2093424,sat
../resources/benchmarks/random/b0_r5_c10_l5000_i1000_ps0_25_pt0_75_j5_5.stl,0.396,416420.8,sat
../resources/benchmarks/random/b0_r5_c10_l5000_i1000_ps0_25_pt0_95_j10_1.stl,-1,-1,TO
../resources/benchmarks/random/b0_r5_c10_l5000_i1000_ps0_25_pt0_95_j10_2.stl,-1,-1,TO
../resources/benchmarks/random/b0_r5_c10_l5000_i1000_ps0_25_pt0_95_j10_3.stl,0.0,7793.6,unsat
../resources/benchmarks/random/b0_r5_c10_l5000_i1000_ps0_25_pt0_95_j10_4.stl,-1,-1,TO
../resources/benchmarks/random/b0_r5_c10_l5000_i1000_ps0_25_pt0_95_j10_5.stl,-1,-1,TO
../resources/benchmarks/random/b0_r5_c10_l5000_i1000_ps0_25_pt0_95_j5_1.stl,-1,-1,TO
../resources/benchmarks/random/b0_r5_c10_l5000_i1000_ps0_25_pt0_95_j5_2.stl,-1,-1,TO
../resources/benchmarks/random/b0_r5_c10_l5000_i1000_ps0_25_pt0_95_j5_3.stl,2.764,2160406.4,sat
../resources/benchmarks/random/b0_r5_c10_l5000_i1000_ps0_25_pt0_95_j5_4.stl,2.202,1913109.6,sat
../resources/benchmarks/random/b0_r5_c10_l5000_i1000_ps0_25_pt0_95_j5_5.stl,-1,-1,TO
../resources/benchmarks/random/b0_r5_c10_l5000_i1000_ps0_2_pt0_33_j10_1.stl,-1,-1,TO
../resources/benchmarks/random/b0_r5_c10_l5000_i1000_ps0_2_pt0_33_j10_2.stl,-1,-1,TO
../resources/benchmarks/random/b0_r5_c10_l5000_i1000_ps0_2_pt0_33_j10_3.stl,0.01,32418.4,unsat
../resources/benchmarks/random/b0_r5_c10_l5000_i1000_ps0_2_pt0_33_j10_4.stl,0.01,33365.6,unsat
../resources/benchmarks/random/b0_r5_c10_l5000_i1000_ps0_2_pt0_33_j10_5.stl,0.48,364508.8,sat
../resources/benchmarks/random/b0_r5_c10_l5000_i1000_ps0_2_pt0_33_j5_1.stl,0.14,137793.6,sat
../resources/benchmarks/random/b0_r5_c10_l5000_i1000_ps0_2_pt0_33_j5_2.stl,2.084,2031665.6,sat
../resources/benchmarks/random/b0_r5_c10_l5000_i1000_ps0_2_pt0_33_j5_3.stl,0.516,589047.2,sat
../resources/benchmarks/random/b0_r5_c10_l5000_i1000_ps0_2_pt0_33_j5_4.stl,76.892,416148,sat
../resources/benchmarks/random/b0_r5_c10_l5000_i1000_ps0_2_pt0_33_j5_5.stl,2.438,2094643.2,sat
../resources/benchmarks/random/b0_r5_c10_l5000_i1000_ps0_2_pt0_5_j10_1.stl,91.874,750688,sat
../resources/benchmarks/random/b0_r5_c10_l5000_i1000_ps0_2_pt0_5_j10_2.stl,-1,-1,TO
../resources/benchmarks/random/b0_r5_c10_l5000_i1000_ps0_2_pt0_5_j10_3.stl,-1,-1,TO
../resources/benchmarks/random/b0_r5_c10_l5000_i1000_ps0_2_pt0_5_j10_4.stl,-1,-1,TO
../resources/benchmarks/random/b0_r5_c10_l5000_i1000_ps0_2_pt0_5_j10_5.stl,2.144,1743516,sat
../resources/benchmarks/random/b0_r5_c10_l5000_i1000_ps0_2_pt0_5_j5_1.stl,0.418,430833.6,sat
../resources/benchmarks/random/b0_r5_c10_l5000_i1000_ps0_2_pt0_5_j5_2.stl,2.472,2106949.6,sat
../resources/benchmarks/random/b0_r5_c10_l5000_i1000_ps0_2_pt0_5_j5_3.stl,26.694,441297.6,sat
../resources/benchmarks/random/b0_r5_c10_l5000_i1000_ps0_2_pt0_5_j5_4.stl,2.368,2078676.8,sat
../resources/benchmarks/random/b0_r5_c10_l5000_i1000_ps0_2_pt0_5_j5_5.stl,0.636,610887.2,sat
../resources/benchmarks/random/b0_r5_c10_l5000_i1000_ps0_2_pt0_75_j10_1.stl,-1,-1,TO
../resources/benchmarks/random/b0_r5_c10_l5000_i1000_ps0_2_pt0_75_j10_2.stl,-1,-1,TO
../resources/benchmarks/random/b0_r5_c10_l5000_i1000_ps0_2_pt0_75_j10_3.stl,-1,-1,TO
../resources/benchmarks/random/b0_r5_c10_l5000_i1000_ps0_2_pt0_75_j10_4.stl,-1,-1,TO
../resources/benchmarks/random/b0_r5_c10_l5000_i1000_ps0_2_pt0_75_j10_5.stl,0.0,7808.8,unsat
../resources/benchmarks/random/b0_r5_c10_l5000_i1000_ps0_2_pt0_75_j5_1.stl,-1,-1,TO
../resources/benchmarks/random/b0_r5_c10_l5000_i1000_ps0_2_pt0_75_j5_2.stl,-1,-1,TO
../resources/benchmarks/random/b0_r5_c10_l5000_i1000_ps0_2_pt0_75_j5_3.stl,0.388,410553.6,sat
../resources/benchmarks/random/b0_r5_c10_l5000_i1000_ps0_2_pt0_75_j5_4.stl,-1,-1,TO
../resources/benchmarks/random/b0_r5_c10_l5000_i1000_ps0_2_pt0_75_j5_5.stl,-1,-1,TO
../resources/benchmarks/random/b0_r5_c10_l5000_i1000_ps0_2_pt0_95_j10_1.stl,-1,-1,TO
../resources/benchmarks/random/b0_r5_c10_l5000_i1000_ps0_2_pt0_95_j10_2.stl,-1,-1,TO
../resources/benchmarks/random/b0_r5_c10_l5000_i1000_ps0_2_pt0_95_j10_3.stl,-1,-1,TO
../resources/benchmarks/random/b0_r5_c10_l5000_i1000_ps0_2_pt0_95_j10_4.stl,69.502,2067938.4,sat
../resources/benchmarks/random/b0_r5_c10_l5000_i1000_ps0_2_pt0_95_j10_5.stl,-1,-1,TO
../resources/benchmarks/random/b0_r5_c10_l5000_i1000_ps0_2_pt0_95_j5_1.stl,0.0,7810.4,unsat
../resources/benchmarks/random/b0_r5_c10_l5000_i1000_ps0_2_pt0_95_j5_2.stl,2.246,2045189.6,sat
../resources/benchmarks/random/b0_r5_c10_l5000_i1000_ps0_2_pt0_95_j5_3.stl,75.862,732983.2,sat
../resources/benchmarks/random/b0_r5_c10_l5000_i1000_ps0_2_pt0_95_j5_4.stl,-1,-1,TO
../resources/benchmarks/random/b0_r5_c10_l5000_i1000_ps0_2_pt0_95_j5_5.stl,-1,-1,TO
../resources/benchmarks/random/b0_r5_c10_l5000_i50_ps0_05_pt0_33_j10_1.stl,-1,-1,TO
../resources/benchmarks/random/b0_r5_c10_l5000_i50_ps0_05_pt0_33_j10_2.stl,-1,-1,TO
../resources/benchmarks/random/b0_r5_c10_l5000_i50_ps0_05_pt0_33_j10_3.stl,-1,-1,TO
../resources/benchmarks/random/b0_r5_c10_l5000_i50_ps0_05_pt0_33_j10_4.stl,-1,-1,TO
../resources/benchmarks/random/b0_r5_c10_l5000_i50_ps0_05_pt0_33_j10_5.stl,-1,-1,TO
../resources/benchmarks/random/b0_r5_c10_l5000_i50_ps0_05_pt0_33_j5_1.stl,-1,-1,TO
../resources/benchmarks/random/b0_r5_c10_l5000_i50_ps0_05_pt0_33_j5_2.stl,-1,-1,TO
../resources/benchmarks/random/b0_r5_c10_l5000_i50_ps0_05_pt0_33_j5_3.stl,-1,-1,TO
../resources/benchmarks/random/b0_r5_c10_l5000_i50_ps0_05_pt0_33_j5_4.stl,2.372,113199.2,sat
../resources/benchmarks/random/b0_r5_c10_l5000_i50_ps0_05_pt0_33_j5_5.stl,3.312,2255323.2,sat
../resources/benchmarks/random/b0_r5_c10_l5000_i50_ps0_05_pt0_5_j10_1.stl,-1,-1,TO
../resources/benchmarks/random/b0_r5_c10_l5000_i50_ps0_05_pt0_5_j10_2.stl,-1,-1,TO
../resources/benchmarks/random/b0_r5_c10_l5000_i50_ps0_05_pt0_5_j10_3.stl,-1,-1,TO
../resources/benchmarks/random/b0_r5_c10_l5000_i50_ps0_05_pt0_5_j10_4.stl,-1,-1,TO
../resources/benchmarks/random/b0_r5_c10_l5000_i50_ps0_05_pt0_5_j10_5.stl,-1,-1,TO
../resources/benchmarks/random/b0_r5_c10_l5000_i50_ps0_05_pt0_5_j5_1.stl,-1,-1,TO
../resources/benchmarks/random/b0_r5_c10_l5000_i50_ps0_05_pt0_5_j5_2.stl,-1,-1,TO
../resources/benchmarks/random/b0_r5_c10_l5000_i50_ps0_05_pt0_5_j5_3.stl,-1,-1,TO
../resources/benchmarks/random/b0_r5_c10_l5000_i50_ps0_05_pt0_5_j5_4.stl,-1,-1,TO
../resources/benchmarks/random/b0_r5_c10_l5000_i50_ps0_05_pt0_5_j5_5.stl,-1,-1,TO
../resources/benchmarks/random/b0_r5_c10_l5000_i50_ps0_05_pt0_75_j10_1.stl,-1,-1,TO
../resources/benchmarks/random/b0_r5_c10_l5000_i50_ps0_05_pt0_75_j10_2.stl,-1,-1,TO
../resources/benchmarks/random/b0_r5_c10_l5000_i50_ps0_05_pt0_75_j10_3.stl,-1,-1,TO
../resources/benchmarks/random/b0_r5_c10_l5000_i50_ps0_05_pt0_75_j10_4.stl,-1,-1,TO
../resources/benchmarks/random/b0_r5_c10_l5000_i50_ps0_05_pt0_75_j10_5.stl,-1,-1,TO
../resources/benchmarks/random/b0_r5_c10_l5000_i50_ps0_05_pt0_75_j5_1.stl,-1,-1,TO
../resources/benchmarks/random/b0_r5_c10_l5000_i50_ps0_05_pt0_75_j5_2.stl,-1,-1,TO
../resources/benchmarks/random/b0_r5_c10_l5000_i50_ps0_05_pt0_75_j5_3.stl,-1,-1,TO
../resources/benchmarks/random/b0_r5_c10_l5000_i50_ps0_05_pt0_75_j5_4.stl,-1,-1,TO
../resources/benchmarks/random/b0_r5_c10_l5000_i50_ps0_05_pt0_75_j5_5.stl,-1,-1,TO
../resources/benchmarks/random/b0_r5_c10_l5000_i50_ps0_05_pt0_95_j10_1.stl,-1,-1,TO
../resources/benchmarks/random/b0_r5_c10_l5000_i50_ps0_05_pt0_95_j10_2.stl,-1,-1,TO
../resources/benchmarks/random/b0_r5_c10_l5000_i50_ps0_05_pt0_95_j10_3.stl,-1,-1,TO
../resources/benchmarks/random/b0_r5_c10_l5000_i50_ps0_05_pt0_95_j10_4.stl,-1,-1,TO
../resources/benchmarks/random/b0_r5_c10_l5000_i50_ps0_05_pt0_95_j10_5.stl,109.01,10758024,sat
../resources/benchmarks/random/b0_r5_c10_l5000_i50_ps0_05_pt0_95_j5_1.stl,0.17200000000000001,71742.4,sat
../resources/benchmarks/random/b0_r5_c10_l5000_i50_ps0_05_pt0_95_j5_2.stl,-1,-1,TO
../resources/benchmarks/random/b0_r5_c10_l5000_i50_ps0_05_pt0_95_j5_3.stl,-1,-1,OOM
../resources/benchmarks/random/b0_r5_c10_l5000_i50_ps0_05_pt0_95_j5_4.stl,-1,-1,TO
../resources/benchmarks/random/b0_r5_c10_l5000_i50_ps0_05_pt0_95_j5_5.stl,0.01,9323.2,unsat
../resources/benchmarks/random/b0_r5_c10_l5000_i50_ps0_15_pt0_33_j10_1.stl,0.0,7804.8,unsat
../resources/benchmarks/random/b0_r5_c10_l5000_i50_ps0_15_pt0_33_j10_2.stl,70.608,2267608,sat
../resources/benchmarks/random/b0_r5_c10_l5000_i50_ps0_15_pt0_33_j10_3.stl,0.02,33352,unsat
../resources/benchmarks/random/b0_r5_c10_l5000_i50_ps0_15_pt0_33_j10_4.stl,-1,-1,TO
../resources/benchmarks/random/b0_r5_c10_l5000_i50_ps0_15_pt0_33_j10_5.stl,0.01,33345.6,unsat
../resources/benchmarks/random/b0_r5_c10_l5000_i50_ps0_15_pt0_33_j5_1.stl,0.66,76045.6,sat
../resources/benchmarks/random/b0_r5_c10_l5000_i50_ps0_15_pt0_33_j5_2.stl,110.54,2470052.8,sat
../resources/benchmarks/random/b0_r5_c10_l5000_i50_ps0_15_pt0_33_j5_3.stl,0.07,47471.2,sat
../resources/benchmarks/random/b0_r5_c10_l5000_i50_ps0_15_pt0_33_j5_4.stl,4.176,2189594.4,sat
../resources/benchmarks/random/b0_r5_c10_l5000_i50_ps0_15_pt0_33_j5_5.stl,2.6180000000000003,2062084.8,sat
../resources/benchmarks/random/b0_r5_c10_l5000_i50_ps0_15_pt0_5_j10_1.stl,77.13,2472496.8,sat
../resources/benchmarks/random/b0_r5_c10_l5000_i50_ps0_15_pt0_5_j10_2.stl,0.392,66523.2,sat
../resources/benchmarks/random/b0_r5_c10_l5000_i50_ps0_15_pt0_5_j10_3.stl,-1,-1,TO
../resources/benchmarks/random/b0_r5_c10_l5000_i50_ps0_15_pt0_5_j10_4.stl,12.834,45628.8,unsat
../resources/benchmarks/random/b0_r5_c10_l5000_i50_ps0_15_pt0_5_j10_5.stl,34.536,2294639.2,sat
../resources/benchmarks/random/b0_r5_c10_l5000_i50_ps0_15_pt0_5_j5_1.stl,-1,-1,TO
../resources/benchmarks/random/b0_r5_c10_l5000_i50_ps0_15_pt0_5_j5_2.stl,0.02,37948.8,sat
../resources/benchmarks/random/b0_r5_c10_l5000_i50_ps0_15_pt0_5_j5_3.stl,3.264,2168065.6,sat
../resources/benchmarks/random/b0_r5_c10_l5000_i50_ps0_15_pt0_5_j5_4.stl,-1,-1,TO
../resources/benchmarks/random/b0_r5_c10_l5000_i50_ps0_15_pt0_5_j5_5.stl,0.27,64992,sat
../resources/benchmarks/random/b0_r5_c10_l5000_i50_ps0_15_pt0_75_j10_1.stl,-1,-1,TO
../resources/benchmarks/random/b0_r5_c10_l5000_i50_ps0_15_pt0_75_j10_2.stl,66.27,2307854.4,sat
../resources/benchmarks/random/b0_r5_c10_l5000_i50_ps0_15_pt0_75_j10_3.stl,-1,-1,TO
../resources/benchmarks/random/b0_r5_c10_l5000_i50_ps0_15_pt0_75_j10_4.stl,-1,-1,TO
../resources/benchmarks/random/b0_r5_c10_l5000_i50_ps0_15_pt0_75_j10_5.stl,-1,-1,TO
../resources/benchmarks/random/b0_r5_c10_l5000_i50_ps0_15_pt0_75_j5_1.stl,66.006,2212321.6,sat
../resources/benchmarks/random/b0_r5_c10_l5000_i50_ps0_15_pt0_75_j5_2.stl,0.0,7823.2,unsat
../resources/benchmarks/random/b0_r5_c10_l5000_i50_ps0_15_pt0_75_j5_3.stl,71.634,2304501.6,sat
../resources/benchmarks/random/b0_r5_c10_l5000_i50_ps0_15_pt0_75_j5_4.stl,2.132,2025220,sat
../resources/benchmarks/random/b0_r5_c10_l5000_i50_ps0_15_pt0_75_j5_5.stl,-1,-1,TO
../resources/benchmarks/random/b0_r5_c10_l5000_i50_ps0_15_pt0_95_j10_1.stl,-1,-1,TO
../resources/benchmarks/random/b0_r5_c10_l5000_i50_ps0_15_pt0_95_j10_2.stl,61.532000000000004,2193269.6,sat
../resources/benchmarks/random/b0_r5_c10_l5000_i50_ps0_15_pt0_95_j10_3.stl,48.098,2235971.2,sat
../resources/benchmarks/random/b0_r5_c10_l5000_i50_ps0_15_pt0_95_j10_4.stl,50.396,2196941.6,sat
../resources/benchmarks/random/b0_r5_c10_l5000_i50_ps0_15_pt0_95_j10_5.stl,-1,-1,TO
../resources/benchmarks/random/b0_r5_c10_l5000_i50_ps0_15_pt0_95_j5_1.stl,0.26,57952,sat
../resources/benchmarks/random/b0_r5_c10_l5000_i50_ps0_15_pt0_95_j5_2.stl,0.0,7800,unsat
../resources/benchmarks/random/b0_r5_c10_l5000_i50_ps0_15_pt0_95_j5_3.stl,39.0,2211104,sat
../resources/benchmarks/random/b0_r5_c10_l5000_i50_ps0_15_pt0_95_j5_4.stl,0.504,109838.4,sat
../resources/benchmarks/random/b0_r5_c10_l5000_i50_ps0_15_pt0_95_j5_5.stl,1.968,1978884,sat
../resources/benchmarks/random/b0_r5_c10_l5000_i50_ps0_1_pt0_33_j10_1.stl,-1,-1,TO
../resources/benchmarks/random/b0_r5_c10_l5000_i50_ps0_1_pt0_33_j10_2.stl,-1,-1,TO
../resources/benchmarks/random/b0_r5_c10_l5000_i50_ps0_1_pt0_33_j10_3.stl,-1,-1,TO
../resources/benchmarks/random/b0_r5_c10_l5000_i50_ps0_1_pt0_33_j10_4.stl,0.28400000000000003,60995.2,sat
../resources/benchmarks/random/b0_r5_c10_l5000_i50_ps0_1_pt0_33_j10_5.stl,2.304,112911.2,sat
../resources/benchmarks/random/b0_r5_c10_l5000_i50_ps0_1_pt0_33_j5_1.stl,0.04,57624,sat
../resources/benchmarks/random/b0_r5_c10_l5000_i50_ps0_1_pt0_33_j5_2.stl,0.0,7809.6,unsat
../resources/benchmarks/random/b0_r5_c10_l5000_i50_ps0_1_pt0_33_j5_3.stl,-1,-1,TO
../resources/benchmarks/random/b0_r5_c10_l5000_i50_ps0_1_pt0_33_j5_4.stl,2.188,2044613.6,sat
../resources/benchmarks/random/b0_r5_c10_l5000_i50_ps0_1_pt0_33_j5_5.stl,2.632,2144732.8,sat
../resources/benchmarks/random/b0_r5_c10_l5000_i50_ps0_1_pt0_5_j10_1.stl,-1,-1,TO
../resources/benchmarks/random/b0_r5_c10_l5000_i50_ps0_1_pt0_5_j10_2.stl,-1,-1,TO
../resources/benchmarks/random/b0_r5_c10_l5000_i50_ps0_1_pt0_5_j10_3.stl,-1,-1,TO
../resources/benchmarks/random/b0_r5_c10_l5000_i50_ps0_1_pt0_5_j10_4.stl,-1,-1,TO
../resources/benchmarks/random/b0_r5_c10_l5000_i50_ps0_1_pt0_5_j10_5.stl,-1,-1,TO
../resources/benchmarks/random/b0_r5_c10_l5000_i50_ps0_1_pt0_5_j5_1.stl,2.468,2083277.6,sat
../resources/benchmarks/random/b0_r5_c10_l5000_i50_ps0_1_pt0_5_j5_2.stl,96.59,2419980.8,sat
../resources/benchmarks/random/b0_r5_c10_l5000_i50_ps0_1_pt0_5_j5_3.stl,0.202,57612,sat
../resources/benchmarks/random/b0_r5_c10_l5000_i50_ps0_1_pt0_5_j5_4.stl,108.32,2330574.4,sat
../resources/benchmarks/random/b0_r5_c10_l5000_i50_ps0_1_pt0_5_j5_5.stl,0.03,46861.6,sat
../resources/benchmarks/random/b0_r5_c10_l5000_i50_ps0_1_pt0_75_j10_1.stl,87.612,2229854.4,sat
../resources/benchmarks/random/b0_r5_c10_l5000_i50_ps0_1_pt0_75_j10_2.stl,-1,-1,TO
../resources/benchmarks/random/b0_r5_c10_l5000_i50_ps0_1_pt0_75_j10_3.stl,2.84,2201893.6,sat
../resources/benchmarks/random/b0_r5_c10_l5000_i50_ps0_1_pt0_75_j10_4.stl,59.958,2214764,sat
../resources/benchmarks/random/b0_r5_c10_l5000_i50_ps0_1_pt0_75_j10_5.stl,58.322,2226762.4,sat
../resources/benchmarks/random/b0_r5_c10_l5000_i50_ps0_1_pt0_75_j5_1.stl,2.7399999999999998,2165315.2,sat
../resources/benchmarks/random/b0_r5_c10_l5000_i50_ps0_1_pt0_75_j5_2.stl,0.196,75109.6,sat
../resources/benchmarks/random/b0_r5_c10_l5000_i50_ps0_1_pt0_75_j5_3.stl,-1,-1,TO
../resources/benchmarks/random/b0_r5_c10_l5000_i50_ps0_1_pt0_75_j5_4.stl,-1,-1,TO
../resources/benchmarks/random/b0_r5_c10_l5000_i50_ps0_1_pt0_75_j5_5.stl,-1,-1,TO
../resources/benchmarks/random/b0_r5_c10_l5000_i50_ps0_1_pt0_95_j10_1.stl,4.238,86184.8,sat
../resources/benchmarks/random/b0_r5_c10_l5000_i50_ps0_1_pt0_95_j10_2.stl,-1,-1,TO
../resources/benchmarks/random/b0_r5_c10_l5000_i50_ps0_1_pt0_95_j10_3.stl,-1,-1,TO
../resources/benchmarks/random/b0_r5_c10_l5000_i50_ps0_1_pt0_95_j10_4.stl,-1,-1,TO
../resources/benchmarks/random/b0_r5_c10_l5000_i50_ps0_1_pt0_95_j10_5.stl,-1,-1,TO
../resources/benchmarks/random/b0_r5_c10_l5000_i50_ps0_1_pt0_95_j5_1.stl,0.312,65295.2,sat
../resources/benchmarks/random/b0_r5_c10_l5000_i50_ps0_1_pt0_95_j5_2.stl,17.686,203170.4,sat
../resources/benchmarks/random/b0_r5_c10_l5000_i50_ps0_1_pt0_95_j5_3.stl,0.756,215520.8,sat
../resources/benchmarks/random/b0_r5_c10_l5000_i50_ps0_1_pt0_95_j5_4.stl,50.26,2169319.2,sat
../resources/benchmarks/random/b0_r5_c10_l5000_i50_ps0_1_pt0_95_j5_5.stl,-1,-1,TO
../resources/benchmarks/random/b0_r5_c10_l5000_i50_ps0_25_pt0_33_j10_1.stl,0.01,31473.6,unsat
../resources/benchmarks/random/b0_r5_c10_l5000_i50_ps0_25_pt0_33_j10_2.stl,2.678,2090346.4,sat
../resources/benchmarks/random/b0_r5_c10_l5000_i50_ps0_25_pt0_33_j10_3.stl,0.01,33031.2,unsat
../resources/benchmarks/random/b0_r5_c10_l5000_i50_ps0_25_pt0_33_j10_4.stl,0.0,7790.4,unsat
../resources/benchmarks/random/b0_r5_c10_l5000_i50_ps0_25_pt0_33_j10_5.stl,0.0,7784,unsat
../resources/benchmarks/random/b0_r5_c10_l5000_i50_ps0_25_pt0_33_j5_1.stl,0.02,38542.4,sat
../resources/benchmarks/random/b0_r5_c10_l5000_i50_ps0_25_pt0_33_j5_2.stl,0.11,51780.8,sat
../resources/benchmarks/random/b0_r5_c10_l5000_i50_ps0_25_pt0_33_j5_3.stl,0.02,37925.6,unsat
../resources/benchmarks/random/b0_r5_c10_l5000_i50_ps0_25_pt0_33_j5_4.stl,0.192,51789.6,sat
../resources/benchmarks/random/b0_r5_c10_l5000_i50_ps0_25_pt0_33_j5_5.stl,0.02,41011.2,sat
../resources/benchmarks/random/b0_r5_c10_l5000_i50_ps0_25_pt0_5_j10_1.stl,0.04,52714.4,sat
../resources/benchmarks/random/b0_r5_c10_l5000_i50_ps0_25_pt0_5_j10_2.stl,0.292,71111.2,sat
../resources/benchmarks/random/b0_r5_c10_l5000_i50_ps0_25_pt0_5_j10_3.stl,0.0,7802.4,unsat
../resources/benchmarks/random/b0_r5_c10_l5000_i50_ps0_25_pt0_5_j10_4.stl,0.374,60348,sat
../resources/benchmarks/random/b0_r5_c10_l5000_i50_ps0_25_pt0_5_j10_5.stl,0.04,48731.2,sat
../resources/benchmarks/random/b0_r5_c10_l5000_i50_ps0_25_pt0_5_j5_1.stl,0.0,7833.6,sat
../resources/benchmarks/random/b0_r5_c10_l5000_i50_ps0_25_pt0_5_j5_2.stl,0.0,7825.6,unsat
../resources/benchmarks/random/b0_r5_c10_l5000_i50_ps0_25_pt0_5_j5_3.stl,0.0,7796.8,unsat
../resources/benchmarks/random/b0_r5_c10_l5000_i50_ps0_25_pt0_5_j5_4.stl,0.0,9335.2,sat
../resources/benchmarks/random/b0_r5_c10_l5000_i50_ps0_25_pt0_5_j5_5.stl,0.0,7789.6,sat
../resources/benchmarks/random/b0_r5_c10_l5000_i50_ps0_25_pt0_75_j10_1.stl,23.834,2208007.2,sat
../resources/benchmarks/random/b0_r5_c10_l5000_i50_ps0_25_pt0_75_j10_2.stl,71.06,2202493.6,sat
../resources/benchmarks/random/b0_r5_c10_l5000_i50_ps0_25_pt0_75_j10_3.stl,0.06,56406.4,sat
../resources/benchmarks/random/b0_r5_c10_l5000_i50_ps0_25_pt0_75_j10_4.stl,36.525999999999996,2492501.6,sat
../resources/benchmarks/random/b0_r5_c10_l5000_i50_ps0_25_pt0_75_j10_5.stl,33.996,2232278.4,sat
../resources/benchmarks/random/b0_r5_c10_l5000_i50_ps0_25_pt0_75_j5_1.stl,2.168,2028598.4,sat
../resources/benchmarks/random/b0_r5_c10_l5000_i50_ps0_25_pt0_75_j5_2.stl,0.03,49917.6,sat
../resources/benchmarks/random/b0_r5_c10_l5000_i50_ps0_25_pt0_75_j5_3.stl,28.652,2158227.2,sat
../resources/benchmarks/random/b0_r5_c10_l5000_i50_ps0_25_pt0_75_j5_4.stl,2.124,2037815.2,sat
../resources/benchmarks/random/b0_r5_c10_l5000_i50_ps0_25_pt0_75_j5_5.stl,0.042,68348,sat
../resources/benchmarks/random/b0_r5_c10_l5000_i50_ps0_25_pt0_95_j10_1.stl,0.488,63447.2,sat
../resources/benchmarks/random/b0_r5_c10_l5000_i50_ps0_25_pt0_95_j10_2.stl,2.556,46848.8,unsat
../resources/benchmarks/random/b0_r5_c10_l5000_i50_ps0_25_pt0_95_j10_3.stl,0.01,32428,unsat
../resources/benchmarks/random/b0_r5_c10_l5000_i50_ps0_25_pt0_95_j10_4.stl,0.01,33352,unsat
../resources/benchmarks/random/b0_r5_c10_l5000_i50_ps0_25_pt0_95_j10_5.stl,0.01,32418.4,unsat
../resources/benchmarks/random/b0_r5_c10_l5000_i50_ps0_25_pt0_95_j5_1.stl,-1,-1,TO
../resources/benchmarks/random/b0_r5_c10_l5000_i50_ps0_25_pt0_95_j5_2.stl,-1,-1,TO
../resources/benchmarks/random/b0_r5_c10_l5000_i50_ps0_25_pt0_95_j5_3.stl,3.022,2175450.4,sat
../resources/benchmarks/random/b0_r5_c10_l5000_i50_ps0_25_pt0_95_j5_4.stl,0.0,7793.6,unsat
../resources/benchmarks/random/b0_r5_c10_l5000_i50_ps0_25_pt0_95_j5_5.stl,2.396,2094672,sat
../resources/benchmarks/random/b0_r5_c10_l5000_i50_ps0_2_pt0_33_j10_1.stl,-1,-1,TO
../resources/benchmarks/random/b0_r5_c10_l5000_i50_ps0_2_pt0_33_j10_2.stl,-1,-1,TO
../resources/benchmarks/random/b0_r5_c10_l5000_i50_ps0_2_pt0_33_j10_3.stl,-1,-1,TO
../resources/benchmarks/random/b0_r5_c10_l5000_i50_ps0_2_pt0_33_j10_4.stl,8.438,2163183.2,sat
../resources/benchmarks/random/b0_r5_c10_l5000_i50_ps0_2_pt0_33_j10_5.stl,0.04,52072,sat
../resources/benchmarks/random/b0_r5_c10_l5000_i50_ps0_2_pt0_33_j5_1.stl,2.424,2068540.8,sat
../resources/benchmarks/random/b0_r5_c10_l5000_i50_ps0_2_pt0_33_j5_2.stl,0.01,33355.2,sat
../resources/benchmarks/random/b0_r5_c10_l5000_i50_ps0_2_pt0_33_j5_3.stl,0.042,69908,sat
../resources/benchmarks/random/b0_r5_c10_l5000_i50_ps0_2_pt0_33_j5_4.stl,0.028,48067.2,sat
../resources/benchmarks/random/b0_r5_c10_l5000_i50_ps0_2_pt0_33_j5_5.stl,0.024,45005.6,sat
../resources/benchmarks/random/b0_r5_c10_l5000_i50_ps0_2_pt0_5_j10_1.stl,0.014,33044,unsat
../resources/benchmarks/random/b0_r5_c10_l5000_i50_ps0_2_pt0_5_j10_2.stl,-1,-1,TO
../resources/benchmarks/random/b0_r5_c10_l5000_i50_ps0_2_pt0_5_j10_3.stl,-1,-1,TO
../resources/benchmarks/random/b0_r5_c10_l5000_i50_ps0_2_pt0_5_j10_4.stl,-1,-1,TO
../resources/benchmarks/random/b0_r5_c10_l5000_i50_ps0_2_pt0_5_j10_5.stl,60.716,2196355.2,sat
../resources/benchmarks/random/b0_r5_c10_l5000_i50_ps0_2_pt0_5_j5_1.stl,0.622,77884,sat
../resources/benchmarks/random/b0_r5_c10_l5000_i50_ps0_2_pt0_5_j5_2.stl,0.01,32431.2,unsat
../resources/benchmarks/random/b0_r5_c10_l5000_i50_ps0_2_pt0_5_j5_3.stl,9.168,340860,sat
../resources/benchmarks/random/b0_r5_c10_l5000_i50_ps0_2_pt0_5_j5_4.stl,53.809999999999995,2313696.8,sat
../resources/benchmarks/random/b0_r5_c10_l5000_i50_ps0_2_pt0_5_j5_5.stl,0.046,54231.2,sat
../resources/benchmarks/random/b0_r5_c10_l5000_i50_ps0_2_pt0_75_j10_1.stl,98.122,2413820.8,sat
../resources/benchmarks/random/b0_r5_c10_l5000_i50_ps0_2_pt0_75_j10_2.stl,0.0,7795.2,unsat
../resources/benchmarks/random/b0_r5_c10_l5000_i50_ps0_2_pt0_75_j10_3.stl,59.6,2157933.6,sat
../resources/benchmarks/random/b0_r5_c10_l5000_i50_ps0_2_pt0_75_j10_4.stl,0.01,32736,unsat
../resources/benchmarks/random/b0_r5_c10_l5000_i50_ps0_2_pt0_75_j10_5.stl,90.284,2182802.4,sat
../resources/benchmarks/random/b0_r5_c10_l5000_i50_ps0_2_pt0_75_j5_1.stl,0.224,52997.6,sat
../resources/benchmarks/random/b0_r5_c10_l5000_i50_ps0_2_pt0_75_j5_2.stl,-1,-1,TO
../resources/benchmarks/random/b0_r5_c10_l5000_i50_ps0_2_pt0_75_j5_3.stl,0.33,35199.2,unsat
../resources/benchmarks/random/b0_r5_c10_l5000_i50_ps0_2_pt0_75_j5_4.stl,2.736,2111270.4,sat
../resources/benchmarks/random/b0_r5_c10_l5000_i50_ps0_2_pt0_75_j5_5.stl,35.556,2269471.2,sat
../resources/benchmarks/random/b0_r5_c10_l5000_i50_ps0_2_pt0_95_j10_1.stl,3.326,2156100.8,sat
../resources/benchmarks/random/b0_r5_c10_l5000_i50_ps0_2_pt0_95_j10_2.stl,28.422,2141660.8,sat
../resources/benchmarks/random/b0_r5_c10_l5000_i50_ps0_2_pt0_95_j10_3.stl,99.53,2367728,sat
../resources/benchmarks/random/b0_r5_c10_l5000_i50_ps0_2_pt0_95_j10_4.stl,-1,-1,TO
../resources/benchmarks/random/b0_r5_c10_l5000_i50_ps0_2_pt0_95_j10_5.stl,-1,-1,TO
../resources/benchmarks/random/b0_r5_c10_l5000_i50_ps0_2_pt0_95_j5_1.stl,2.464,2077479.2,sat
../resources/benchmarks/random/b0_r5_c10_l5000_i50_ps0_2_pt0_95_j5_2.stl,0.056,75776.8,sat
../resources/benchmarks/random/b0_r5_c10_l5000_i50_ps0_2_pt0_95_j5_3.stl,0.04,50254.4,sat
../resources/benchmarks/random/b0_r5_c10_l5000_i50_ps0_2_pt0_95_j5_4.stl,19.112,2165017.6,sat
../resources/benchmarks/random/b0_r5_c10_l5000_i50_ps0_2_pt0_95_j5_5.stl,0.0,7785.6,unsat
../resources/benchmarks/random/b0_r5_c10_l500_i1000_ps0_05_pt0_33_j10_1.stl,-1,-1,TO
../resources/benchmarks/random/b0_r5_c10_l500_i1000_ps0_05_pt0_33_j10_2.stl,0.152,38564.8,unsat
../resources/benchmarks/random/b0_r5_c10_l500_i1000_ps0_05_pt0_33_j10_3.stl,-1,-1,TO
../resources/benchmarks/random/b0_r5_c10_l500_i1000_ps0_05_pt0_33_j10_4.stl,0.15,18555.2,unsat
../resources/benchmarks/random/b0_r5_c10_l500_i1000_ps0_05_pt0_33_j10_5.stl,-1,-1,TO
../resources/benchmarks/random/b0_r5_c10_l500_i1000_ps0_05_pt0_33_j5_1.stl,-1,-1,TO
../resources/benchmarks/random/b0_r5_c10_l500_i1000_ps0_05_pt0_33_j5_2.stl,-1,-1,TO
../resources/benchmarks/random/b0_r5_c10_l500_i1000_ps0_05_pt0_33_j5_3.stl,-1,-1,TO
../resources/benchmarks/random/b0_r5_c10_l500_i1000_ps0_05_pt0_33_j5_4.stl,-1,-1,TO
../resources/benchmarks/random/b0_r5_c10_l500_i1000_ps0_05_pt0_33_j5_5.stl,-1,-1,TO
../resources/benchmarks/random/b0_r5_c10_l500_i1000_ps0_05_pt0_5_j10_1.stl,-1,-1,TO
../resources/benchmarks/random/b0_r5_c10_l500_i1000_ps0_05_pt0_5_j10_2.stl,-1,-1,TO
../resources/benchmarks/random/b0_r5_c10_l500_i1000_ps0_05_pt0_5_j10_3.stl,-1,-1,TO
../resources/benchmarks/random/b0_r5_c10_l500_i1000_ps0_05_pt0_5_j10_4.stl,-1,-1,TO
../resources/benchmarks/random/b0_r5_c10_l500_i1000_ps0_05_pt0_5_j10_5.stl,-1,-1,TO
../resources/benchmarks/random/b0_r5_c10_l500_i1000_ps0_05_pt0_5_j5_1.stl,-1,-1,TO
../resources/benchmarks/random/b0_r5_c10_l500_i1000_ps0_05_pt0_5_j5_2.stl,-1,-1,TO
../resources/benchmarks/random/b0_r5_c10_l500_i1000_ps0_05_pt0_5_j5_3.stl,-1,-1,TO
../resources/benchmarks/random/b0_r5_c10_l500_i1000_ps0_05_pt0_5_j5_4.stl,-1,-1,TO
../resources/benchmarks/random/b0_r5_c10_l500_i1000_ps0_05_pt0_5_j5_5.stl,-1,-1,TO
../resources/benchmarks/random/b0_r5_c10_l500_i1000_ps0_05_pt0_75_j10_1.stl,-1,-1,TO
../resources/benchmarks/random/b0_r5_c10_l500_i1000_ps0_05_pt0_75_j10_2.stl,-1,-1,TO
../resources/benchmarks/random/b0_r5_c10_l500_i1000_ps0_05_pt0_75_j10_3.stl,-1,-1,TO
../resources/benchmarks/random/b0_r5_c10_l500_i1000_ps0_05_pt0_75_j10_4.stl,0.17200000000000001,20092.8,unsat
../resources/benchmarks/random/b0_r5_c10_l500_i1000_ps0_05_pt0_75_j10_5.stl,-1,-1,TO
../resources/benchmarks/random/b0_r5_c10_l500_i1000_ps0_05_pt0_75_j5_1.stl,-1,-1,TO
../resources/benchmarks/random/b0_r5_c10_l500_i1000_ps0_05_pt0_75_j5_2.stl,-1,-1,TO
../resources/benchmarks/random/b0_r5_c10_l500_i1000_ps0_05_pt0_75_j5_3.stl,-1,-1,TO
../resources/benchmarks/random/b0_r5_c10_l500_i1000_ps0_05_pt0_75_j5_4.stl,34.82,4016172,sat
../resources/benchmarks/random/b0_r5_c10_l500_i1000_ps0_05_pt0_75_j5_5.stl,-1,-1,TO
../resources/benchmarks/random/b0_r5_c10_l500_i1000_ps0_05_pt0_95_j10_1.stl,-1,-1,TO
../resources/benchmarks/random/b0_r5_c10_l500_i1000_ps0_05_pt0_95_j10_2.stl,-1,-1,TO
../resources/benchmarks/random/b0_r5_c10_l500_i1000_ps0_05_pt0_95_j10_3.stl,-1,-1,TO
../resources/benchmarks/random/b0_r5_c10_l500_i1000_ps0_05_pt0_95_j10_4.stl,14.5,2063358.4,sat
../resources/benchmarks/random/b0_r5_c10_l500_i1000_ps0_05_pt0_95_j10_5.stl,0.09,15484.8,unsat
../resources/benchmarks/random/b0_r5_c10_l500_i1000_ps0_05_pt0_95_j5_1.stl,56.828,6055692.8,sat
../resources/benchmarks/random/b0_r5_c10_l500_i1000_ps0_05_pt0_95_j5_2.stl,0.05,12388,unsat
../resources/benchmarks/random/b0_r5_c10_l500_i1000_ps0_05_pt0_95_j5_3.stl,-1,-1,TO
../resources/benchmarks/random/b0_r5_c10_l500_i1000_ps0_05_pt0_95_j5_4.stl,-1,-1,TO
../resources/benchmarks/random/b0_r5_c10_l500_i1000_ps0_05_pt0_95_j5_5.stl,-1,-1,TO
../resources/benchmarks/random/b0_r5_c10_l500_i1000_ps0_15_pt0_33_j10_1.stl,-1,-1,TO
../resources/benchmarks/random/b0_r5_c10_l500_i1000_ps0_15_pt0_33_j10_2.stl,-1,-1,TO
../resources/benchmarks/random/b0_r5_c10_l500_i1000_ps0_15_pt0_33_j10_3.stl,0.12,104914.4,sat
../resources/benchmarks/random/b0_r5_c10_l500_i1000_ps0_15_pt0_33_j10_4.stl,20.738,249601.6,sat
../resources/benchmarks/random/b0_r5_c10_l500_i1000_ps0_15_pt0_33_j10_5.stl,0.54,292634.4,sat
../resources/benchmarks/random/b0_r5_c10_l500_i1000_ps0_15_pt0_33_j5_1.stl,0.01,13928.8,sat
../resources/benchmarks/random/b0_r5_c10_l500_i1000_ps0_15_pt0_33_j5_2.stl,1.706,41588.8,sat
../resources/benchmarks/random/b0_r5_c10_l500_i1000_ps0_15_pt0_33_j5_3.stl,2.392,42821.6,sat
../resources/benchmarks/random/b0_r5_c10_l500_i1000_ps0_15_pt0_33_j5_4.stl,0.06,17000.8,sat
../resources/benchmarks/random/b0_r5_c10_l500_i1000_ps0_15_pt0_33_j5_5.stl,0.476,18536.8,sat
../resources/benchmarks/random/b0_r5_c10_l500_i1000_ps0_15_pt0_5_j10_1.stl,-1,-1,TO
../resources/benchmarks/random/b0_r5_c10_l500_i1000_ps0_15_pt0_5_j10_2.stl,-1,-1,TO
../resources/benchmarks/random/b0_r5_c10_l500_i1000_ps0_15_pt0_5_j10_3.stl,21.556,280950.4,sat
../resources/benchmarks/random/b0_r5_c10_l500_i1000_ps0_15_pt0_5_j10_4.stl,0.01,32735.2,unsat
../resources/benchmarks/random/b0_r5_c10_l500_i1000_ps0_15_pt0_5_j10_5.stl,24.892,255745.6,sat
../resources/benchmarks/random/b0_r5_c10_l500_i1000_ps0_15_pt0_5_j5_1.stl,13.702,204769.6,sat
../resources/benchmarks/random/b0_r5_c10_l500_i1000_ps0_15_pt0_5_j5_2.stl,4.126,309832.8,sat
../resources/benchmarks/random/b0_r5_c10_l500_i1000_ps0_15_pt0_5_j5_3.stl,-1,-1,TO
../resources/benchmarks/random/b0_r5_c10_l500_i1000_ps0_15_pt0_5_j5_4.stl,14.946,246546.4,sat
../resources/benchmarks/random/b0_r5_c10_l500_i1000_ps0_15_pt0_5_j5_5.stl,0.01,33026.4,unsat
../resources/benchmarks/random/b0_r5_c10_l500_i1000_ps0_15_pt0_75_j10_1.stl,-1,-1,TO
../resources/benchmarks/random/b0_r5_c10_l500_i1000_ps0_15_pt0_75_j10_2.stl,0.0,7797.6,unsat
../resources/benchmarks/random/b0_r5_c10_l500_i1000_ps0_15_pt0_75_j10_3.stl,-1,-1,TO
../resources/benchmarks/random/b0_r5_c10_l500_i1000_ps0_15_pt0_75_j10_4.stl,3.094,249604,sat
../resources/benchmarks/random/b0_r5_c10_l500_i1000_ps0_15_pt0_75_j10_5.stl,0.0,7790.4,unsat
../resources/benchmarks/random/b0_r5_c10_l500_i1000_ps0_15_pt0_75_j5_1.stl,-1,-1,TO
../resources/benchmarks/random/b0_r5_c10_l500_i1000_ps0_15_pt0_75_j5_2.stl,0.15,143616,sat
../resources/benchmarks/random/b0_r5_c10_l500_i1000_ps0_15_pt0_75_j5_3.stl,13.042,680616,sat
../resources/benchmarks/random/b0_r5_c10_l500_i1000_ps0_15_pt0_75_j5_4.stl,0.252,237008.8,sat
../resources/benchmarks/random/b0_r5_c10_l500_i1000_ps0_15_pt0_75_j5_5.stl,19.582,276628.8,sat
../resources/benchmarks/random/b0_r5_c10_l500_i1000_ps0_15_pt0_95_j10_1.stl,-1,-1,TO
../resources/benchmarks/random/b0_r5_c10_l500_i1000_ps0_15_pt0_95_j10_2.stl,35.564,463115.2,sat
../resources/benchmarks/random/b0_r5_c10_l500_i1000_ps0_15_pt0_95_j10_3.stl,-1,-1,TO
../resources/benchmarks/random/b0_r5_c10_l500_i1000_ps0_15_pt0_95_j10_4.stl,37.364000000000004,431184.8,sat
../resources/benchmarks/random/b0_r5_c10_l500_i1000_ps0_15_pt0_95_j10_5.stl,-1,-1,TO
../resources/benchmarks/random/b0_r5_c10_l500_i1000_ps0_15_pt0_95_j5_1.stl,5.256,267428,sat
../resources/benchmarks/random/b0_r5_c10_l500_i1000_ps0_15_pt0_95_j5_2.stl,0.0,7810.4,unsat
../resources/benchmarks/random/b0_r5_c10_l500_i1000_ps0_15_pt0_95_j5_3.stl,46.54,423512,sat
../resources/benchmarks/random/b0_r5_c10_l500_i1000_ps0_15_pt0_95_j5_4.stl,0.0,7804,unsat
../resources/benchmarks/random/b0_r5_c10_l500_i1000_ps0_15_pt0_95_j5_5.stl,85.678,906094.4,sat
../resources/benchmarks/random/b0_r5_c10_l500_i1000_ps0_1_pt0_33_j10_1.stl,-1,-1,TO
../resources/benchmarks/random/b0_r5_c10_l500_i1000_ps0_1_pt0_33_j10_2.stl,-1,-1,TO
../resources/benchmarks/random/b0_r5_c10_l500_i1000_ps0_1_pt0_33_j10_3.stl,52.452,299984,sat
../resources/benchmarks/random/b0_r5_c10_l500_i1000_ps0_1_pt0_33_j10_4.stl,-1,-1,TO
../resources/benchmarks/random/b0_r5_c10_l500_i1000_ps0_1_pt0_33_j10_5.stl,-1,-1,TO
../resources/benchmarks/random/b0_r5_c10_l500_i1000_ps0_1_pt0_33_j5_1.stl,0.44,274800,sat
../resources/benchmarks/random/b0_r5_c10_l500_i1000_ps0_1_pt0_33_j5_2.stl,24.354,237938.4,sat
../resources/benchmarks/random/b0_r5_c10_l500_i1000_ps0_1_pt0_33_j5_3.stl,18.406,241659.2,sat
../resources/benchmarks/random/b0_r5_c10_l500_i1000_ps0_1_pt0_33_j5_4.stl,-1,-1,TO
../resources/benchmarks/random/b0_r5_c10_l500_i1000_ps0_1_pt0_33_j5_5.stl,-1,-1,TO
../resources/benchmarks/random/b0_r5_c10_l500_i1000_ps0_1_pt0_5_j10_1.stl,-1,-1,TO
../resources/benchmarks/random/b0_r5_c10_l500_i1000_ps0_1_pt0_5_j10_2.stl,0.02,32715.2,unsat
../resources/benchmarks/random/b0_r5_c10_l500_i1000_ps0_1_pt0_5_j10_3.stl,0.02,33020,unsat
../resources/benchmarks/random/b0_r5_c10_l500_i1000_ps0_1_pt0_5_j10_4.stl,-1,-1,TO
../resources/benchmarks/random/b0_r5_c10_l500_i1000_ps0_1_pt0_5_j10_5.stl,-1,-1,TO
../resources/benchmarks/random/b0_r5_c10_l500_i1000_ps0_1_pt0_5_j5_1.stl,-1,-1,TO
../resources/benchmarks/random/b0_r5_c10_l500_i1000_ps0_1_pt0_5_j5_2.stl,0.0,7795.2,unsat
../resources/benchmarks/random/b0_r5_c10_l500_i1000_ps0_1_pt0_5_j5_3.stl,-1,-1,TO
../resources/benchmarks/random/b0_r5_c10_l500_i1000_ps0_1_pt0_5_j5_4.stl,12.788,232412,sat
../resources/benchmarks/random/b0_r5_c10_l500_i1000_ps0_1_pt0_5_j5_5.stl,-1,-1,TO
../resources/benchmarks/random/b0_r5_c10_l500_i1000_ps0_1_pt0_75_j10_1.stl,-1,-1,TO
../resources/benchmarks/random/b0_r5_c10_l500_i1000_ps0_1_pt0_75_j10_2.stl,-1,-1,TO
../resources/benchmarks/random/b0_r5_c10_l500_i1000_ps0_1_pt0_75_j10_3.stl,0.0,7776,unsat
../resources/benchmarks/random/b0_r5_c10_l500_i1000_ps0_1_pt0_75_j10_4.stl,27.864,371880,sat
../resources/benchmarks/random/b0_r5_c10_l500_i1000_ps0_1_pt0_75_j10_5.stl,0.0,7779.2,unsat
../resources/benchmarks/random/b0_r5_c10_l500_i1000_ps0_1_pt0_75_j5_1.stl,6.278,201088.8,sat
../resources/benchmarks/random/b0_r5_c10_l500_i1000_ps0_1_pt0_75_j5_2.stl,0.23,235795.2,sat
../resources/benchmarks/random/b0_r5_c10_l500_i1000_ps0_1_pt0_75_j5_3.stl,0.0,7789.6,unsat
../resources/benchmarks/random/b0_r5_c10_l500_i1000_ps0_1_pt0_75_j5_4.stl,0.27,241624,sat
../resources/benchmarks/random/b0_r5_c10_l500_i1000_ps0_1_pt0_75_j5_5.stl,-1,-1,TO
../resources/benchmarks/random/b0_r5_c10_l500_i1000_ps0_1_pt0_95_j10_1.stl,37.388,527620,sat
../resources/benchmarks/random/b0_r5_c10_l500_i1000_ps0_1_pt0_95_j10_2.stl,78.22,1385653.6,sat
../resources/benchmarks/random/b0_r5_c10_l500_i1000_ps0_1_pt0_95_j10_3.stl,-1,-1,TO
../resources/benchmarks/random/b0_r5_c10_l500_i1000_ps0_1_pt0_95_j10_4.stl,-1,-1,TO
../resources/benchmarks/random/b0_r5_c10_l500_i1000_ps0_1_pt0_95_j10_5.stl,-1,-1,TO
../resources/benchmarks/random/b0_r5_c10_l500_i1000_ps0_1_pt0_95_j5_1.stl,9.6,216740.8,sat
../resources/benchmarks/random/b0_r5_c10_l500_i1000_ps0_1_pt0_95_j5_2.stl,0.244,173718.4,sat
../resources/benchmarks/random/b0_r5_c10_l500_i1000_ps0_1_pt0_95_j5_3.stl,22.48,650811.2,sat
../resources/benchmarks/random/b0_r5_c10_l500_i1000_ps0_1_pt0_95_j5_4.stl,0.28200000000000003,244688.8,sat
../resources/benchmarks/random/b0_r5_c10_l500_i1000_ps0_1_pt0_95_j5_5.stl,-1,-1,TO
../resources/benchmarks/random/b0_r5_c10_l500_i1000_ps0_25_pt0_33_j10_1.stl,0.21,230887.2,sat
../resources/benchmarks/random/b0_r5_c10_l500_i1000_ps0_25_pt0_33_j10_2.stl,0.01,32740.8,unsat
../resources/benchmarks/random/b0_r5_c10_l500_i1000_ps0_25_pt0_33_j10_3.stl,0.0,7777.6,unsat
../resources/benchmarks/random/b0_r5_c10_l500_i1000_ps0_25_pt0_33_j10_4.stl,0.206,230899.2,sat
../resources/benchmarks/random/b0_r5_c10_l500_i1000_ps0_25_pt0_33_j10_5.stl,0.0,7805.6,unsat
../resources/benchmarks/random/b0_r5_c10_l500_i1000_ps0_25_pt0_33_j5_1.stl,0.05,76363.2,sat
../resources/benchmarks/random/b0_r5_c10_l500_i1000_ps0_25_pt0_33_j5_2.stl,0.17,186648,sat
../resources/benchmarks/random/b0_r5_c10_l500_i1000_ps0_25_pt0_33_j5_3.stl,0.286,153143.2,sat
../resources/benchmarks/random/b0_r5_c10_l500_i1000_ps0_25_pt0_33_j5_4.stl,0.0,7794.4,unsat
../resources/benchmarks/random/b0_r5_c10_l500_i1000_ps0_25_pt0_33_j5_5.stl,0.23,230870.4,sat
../resources/benchmarks/random/b0_r5_c10_l500_i1000_ps0_25_pt0_5_j10_1.stl,0.01,32408,unsat
../resources/benchmarks/random/b0_r5_c10_l500_i1000_ps0_25_pt0_5_j10_2.stl,-1,-1,TO
../resources/benchmarks/random/b0_r5_c10_l500_i1000_ps0_25_pt0_5_j10_3.stl,8.042,241934.4,sat
../resources/benchmarks/random/b0_r5_c10_l500_i1000_ps0_25_pt0_5_j10_4.stl,22.534,285265.6,sat
../resources/benchmarks/random/b0_r5_c10_l500_i1000_ps0_25_pt0_5_j10_5.stl,0.034,33328.8,unsat
../resources/benchmarks/random/b0_r5_c10_l500_i1000_ps0_25_pt0_5_j5_1.stl,0.24,237313.6,sat
../resources/benchmarks/random/b0_r5_c10_l500_i1000_ps0_25_pt0_5_j5_2.stl,0.17,206306.4,sat
../resources/benchmarks/random/b0_r5_c10_l500_i1000_ps0_25_pt0_5_j5_3.stl,0.07200000000000001,96003.2,sat
../resources/benchmarks/random/b0_r5_c10_l500_i1000_ps0_25_pt0_5_j5_4.stl,0.18,178336,sat
../resources/benchmarks/random/b0_r5_c10_l500_i1000_ps0_25_pt0_5_j5_5.stl,25.94,270177.6,sat
../resources/benchmarks/random/b0_r5_c10_l500_i1000_ps0_25_pt0_75_j10_1.stl,0.01,33040,unsat
../resources/benchmarks/random/b0_r5_c10_l500_i1000_ps0_25_pt0_75_j10_2.stl,0.248,237312,sat
../resources/benchmarks/random/b0_r5_c10_l500_i1000_ps0_25_pt0_75_j10_3.stl,-1,-1,TO
../resources/benchmarks/random/b0_r5_c10_l500_i1000_ps0_25_pt0_75_j10_4.stl,26.698,434865.6,sat
../resources/benchmarks/random/b0_r5_c10_l500_i1000_ps0_25_pt0_75_j10_5.stl,0.0,7786.4,unsat
../resources/benchmarks/random/b0_r5_c10_l500_i1000_ps0_25_pt0_75_j5_1.stl,0.02,15472.8,sat
../resources/benchmarks/random/b0_r5_c10_l500_i1000_ps0_25_pt0_75_j5_2.stl,0.01,13964,sat
../resources/benchmarks/random/b0_r5_c10_l500_i1000_ps0_25_pt0_75_j5_3.stl,-1,-1,TO
../resources/benchmarks/random/b0_r5_c10_l500_i1000_ps0_25_pt0_75_j5_4.stl,0.0,12423.2,sat
../resources/benchmarks/random/b0_r5_c10_l500_i1000_ps0_25_pt0_75_j5_5.stl,0.0,7796,unsat
../resources/benchmarks/random/b0_r5_c10_l500_i1000_ps0_25_pt0_95_j10_1.stl,0.0,7800,unsat
../resources/benchmarks/random/b0_r5_c10_l500_i1000_ps0_25_pt0_95_j10_2.stl,31.11,267719.2,sat
../resources/benchmarks/random/b0_r5_c10_l500_i1000_ps0_25_pt0_95_j10_3.stl,19.116,271728,sat
../resources/benchmarks/random/b0_r5_c10_l500_i1000_ps0_25_pt0_95_j10_4.stl,-1,-1,TO
../resources/benchmarks/random/b0_r5_c10_l500_i1000_ps0_25_pt0_95_j10_5.stl,13.126,301840.8,sat
../resources/benchmarks/random/b0_r5_c10_l500_i1000_ps0_25_pt0_95_j5_1.stl,0.256,235771.2,sat
../resources/benchmarks/random/b0_r5_c10_l500_i1000_ps0_25_pt0_95_j5_2.stl,13.058,247760,sat
../resources/benchmarks/random/b0_r5_c10_l500_i1000_ps0_25_pt0_95_j5_3.stl,14.491999999999999,247468,sat
../resources/benchmarks/random/b0_r5_c10_l500_i1000_ps0_25_pt0_95_j5_4.stl,0.0,7780.8,unsat
../resources/benchmarks/random/b0_r5_c10_l500_i1000_ps0_25_pt0_95_j5_5.stl,19.654,240088,sat
../resources/benchmarks/random/b0_r5_c10_l500_i1000_ps0_2_pt0_33_j10_1.stl,0.04,32736.8,unsat
../resources/benchmarks/random/b0_r5_c10_l500_i1000_ps0_2_pt0_33_j10_2.stl,18.849999999999998,257276,sat
../resources/benchmarks/random/b0_r5_c10_l500_i1000_ps0_2_pt0_33_j10_3.stl,-1,-1,TO
../resources/benchmarks/random/b0_r5_c10_l500_i1000_ps0_2_pt0_33_j10_4.stl,0.01,33048.8,unsat
../resources/benchmarks/random/b0_r5_c10_l500_i1000_ps0_2_pt0_33_j10_5.stl,0.0,7796.8,unsat
../resources/benchmarks/random/b0_r5_c10_l500_i1000_ps0_2_pt0_33_j5_1.stl,0.28800000000000003,230865.6,sat
../resources/benchmarks/random/b0_r5_c10_l500_i1000_ps0_2_pt0_33_j5_2.stl,0.0,7784,unsat
../resources/benchmarks/random/b0_r5_c10_l500_i1000_ps0_2_pt0_33_j5_3.stl,1.066,15473.6,sat
../resources/benchmarks/random/b0_r5_c10_l500_i1000_ps0_2_pt0_33_j5_4.stl,0.168,202913.6,sat
../resources/benchmarks/random/b0_r5_c10_l500_i1000_ps0_2_pt0_33_j5_5.stl,0.0,7809.6,unsat
../resources/benchmarks/random/b0_r5_c10_l500_i1000_ps0_2_pt0_5_j10_1.stl,0.01,33063.2,unsat
../resources/benchmarks/random/b0_r5_c10_l500_i1000_ps0_2_pt0_5_j10_2.stl,0.014,32413.6,unsat
../resources/benchmarks/random/b0_r5_c10_l500_i1000_ps0_2_pt0_5_j10_3.stl,45.122,319040,sat
../resources/benchmarks/random/b0_r5_c10_l500_i1000_ps0_2_pt0_5_j10_4.stl,-1,-1,TO
../resources/benchmarks/random/b0_r5_c10_l500_i1000_ps0_2_pt0_5_j10_5.stl,-1,-1,TO
../resources/benchmarks/random/b0_r5_c10_l500_i1000_ps0_2_pt0_5_j5_1.stl,1.272,196144,sat
../resources/benchmarks/random/b0_r5_c10_l500_i1000_ps0_2_pt0_5_j5_2.stl,33.41,264343.2,sat
../resources/benchmarks/random/b0_r5_c10_l500_i1000_ps0_2_pt0_5_j5_3.stl,0.28400000000000003,235810.4,sat
../resources/benchmarks/random/b0_r5_c10_l500_i1000_ps0_2_pt0_5_j5_4.stl,0.096,103984,sat
../resources/benchmarks/random/b0_r5_c10_l500_i1000_ps0_2_pt0_5_j5_5.stl,20.126,245648.8,sat
../resources/benchmarks/random/b0_r5_c10_l500_i1000_ps0_2_pt0_75_j10_1.stl,63.662,268672.8,sat
../resources/benchmarks/random/b0_r5_c10_l500_i1000_ps0_2_pt0_75_j10_2.stl,-1,-1,TO
../resources/benchmarks/random/b0_r5_c10_l500_i1000_ps0_2_pt0_75_j10_3.stl,1.402,212133.6,unsat
../resources/benchmarks/random/b0_r5_c10_l500_i1000_ps0_2_pt0_75_j10_4.stl,10.792,256372,sat
../resources/benchmarks/random/b0_r5_c10_l500_i1000_ps0_2_pt0_75_j10_5.stl,-1,-1,TO
../resources/benchmarks/random/b0_r5_c10_l500_i1000_ps0_2_pt0_75_j5_1.stl,4.62,385078.4,sat
../resources/benchmarks/random/b0_r5_c10_l500_i1000_ps0_2_pt0_75_j5_2.stl,-1,-1,TO
../resources/benchmarks/random/b0_r5_c10_l500_i1000_ps0_2_pt0_75_j5_3.stl,-1,-1,TO
../resources/benchmarks/random/b0_r5_c10_l500_i1000_ps0_2_pt0_75_j5_4.stl,0.118,146420.8,sat
../resources/benchmarks/random/b0_r5_c10_l500_i1000_ps0_2_pt0_75_j5_5.stl,0.01,32432.8,unsat
../resources/benchmarks/random/b0_r5_c10_l500_i1000_ps0_2_pt0_95_j10_1.stl,0.448,213060,unsat
../resources/benchmarks/random/b0_r5_c10_l500_i1000_ps0_2_pt0_95_j10_2.stl,44.898,290755.2,sat
../resources/benchmarks/random/b0_r5_c10_l500_i1000_ps0_2_pt0_95_j10_3.stl,42.652,300904,sat
../resources/benchmarks/random/b0_r5_c10_l500_i1000_ps0_2_pt0_95_j10_4.stl,0.322,254540,sat
../resources/benchmarks/random/b0_r5_c10_l500_i1000_ps0_2_pt0_95_j10_5.stl,-1,-1,TO
../resources/benchmarks/random/b0_r5_c10_l500_i1000_ps0_2_pt0_95_j5_1.stl,-1,-1,TO
../resources/benchmarks/random/b0_r5_c10_l500_i1000_ps0_2_pt0_95_j5_2.stl,0.25,238877.6,sat
../resources/benchmarks/random/b0_r5_c10_l500_i1000_ps0_2_pt0_95_j5_3.stl,0.0,7800.8,unsat
../resources/benchmarks/random/b0_r5_c10_l500_i1000_ps0_2_pt0_95_j5_4.stl,0.0,7788,unsat
../resources/benchmarks/random/b0_r5_c10_l500_i1000_ps0_2_pt0_95_j5_5.stl,20.044,241641.6,sat
../resources/benchmarks/random/b0_r5_c10_l500_i50_ps0_05_pt0_33_j10_1.stl,-1,-1,TO
../resources/benchmarks/random/b0_r5_c10_l500_i50_ps0_05_pt0_33_j10_2.stl,40.732,1072594.4,sat
../resources/benchmarks/random/b0_r5_c10_l500_i50_ps0_05_pt0_33_j10_3.stl,-1,-1,TO
../resources/benchmarks/random/b0_r5_c10_l500_i50_ps0_05_pt0_33_j10_4.stl,-1,-1,TO
../resources/benchmarks/random/b0_r5_c10_l500_i50_ps0_05_pt0_33_j10_5.stl,-1,-1,TO
../resources/benchmarks/random/b0_r5_c10_l500_i50_ps0_05_pt0_33_j5_1.stl,-1,-1,TO
../resources/benchmarks/random/b0_r5_c10_l500_i50_ps0_05_pt0_33_j5_2.stl,24.774,140511.2,sat
../resources/benchmarks/random/b0_r5_c10_l500_i50_ps0_05_pt0_33_j5_3.stl,0.06,12095.2,unsat
../resources/benchmarks/random/b0_r5_c10_l500_i50_ps0_05_pt0_33_j5_4.stl,-1,-1,TO
../resources/benchmarks/random/b0_r5_c10_l500_i50_ps0_05_pt0_33_j5_5.stl,8.878,128533.6,sat
../resources/benchmarks/random/b0_r5_c10_l500_i50_ps0_05_pt0_5_j10_1.stl,-1,-1,TO
../resources/benchmarks/random/b0_r5_c10_l500_i50_ps0_05_pt0_5_j10_2.stl,-1,-1,TO
../resources/benchmarks/random/b0_r5_c10_l500_i50_ps0_05_pt0_5_j10_3.stl,-1,-1,TO
../resources/benchmarks/random/b0_r5_c10_l500_i50_ps0_05_pt0_5_j10_4.stl,-1,-1,TO
../resources/benchmarks/random/b0_r5_c10_l500_i50_ps0_05_pt0_5_j10_5.stl,26.564,988109.6,sat
../resources/benchmarks/random/b0_r5_c10_l500_i50_ps0_05_pt0_5_j5_1.stl,-1,-1,TO
../resources/benchmarks/random/b0_r5_c10_l500_i50_ps0_05_pt0_5_j5_2.stl,-1,-1,TO
../resources/benchmarks/random/b0_r5_c10_l500_i50_ps0_05_pt0_5_j5_3.stl,-1,-1,TO
../resources/benchmarks/random/b0_r5_c10_l500_i50_ps0_05_pt0_5_j5_4.stl,67.492,240116.8,sat
../resources/benchmarks/random/b0_r5_c10_l500_i50_ps0_05_pt0_5_j5_5.stl,-1,-1,TO
../resources/benchmarks/random/b0_r5_c10_l500_i50_ps0_05_pt0_75_j10_1.stl,-1,-1,TO
../resources/benchmarks/random/b0_r5_c10_l500_i50_ps0_05_pt0_75_j10_2.stl,-1,-1,TO
../resources/benchmarks/random/b0_r5_c10_l500_i50_ps0_05_pt0_75_j10_3.stl,-1,-1,TO
../resources/benchmarks/random/b0_r5_c10_l500_i50_ps0_05_pt0_75_j10_4.stl,-1,-1,TO
../resources/benchmarks/random/b0_r5_c10_l500_i50_ps0_05_pt0_75_j10_5.stl,-1,-1,TO
../resources/benchmarks/random/b0_r5_c10_l500_i50_ps0_05_pt0_75_j5_1.stl,-1,-1,TO
../resources/benchmarks/random/b0_r5_c10_l500_i50_ps0_05_pt0_75_j5_2.stl,98.264,1537092.8,sat
../resources/benchmarks/random/b0_r5_c10_l500_i50_ps0_05_pt0_75_j5_3.stl,-1,-1,TO
../resources/benchmarks/random/b0_r5_c10_l500_i50_ps0_05_pt0_75_j5_4.stl,31.61,1072895.2,sat
../resources/benchmarks/random/b0_r5_c10_l500_i50_ps0_05_pt0_75_j5_5.stl,67.438,657563.2,sat
../resources/benchmarks/random/b0_r5_c10_l500_i50_ps0_05_pt0_95_j10_1.stl,0.13,17036.8,unsat
../resources/benchmarks/random/b0_r5_c10_l500_i50_ps0_05_pt0_95_j10_2.stl,-1,-1,TO
../resources/benchmarks/random/b0_r5_c10_l500_i50_ps0_05_pt0_95_j10_3.stl,0.182,38562.4,unsat
../resources/benchmarks/random/b0_r5_c10_l500_i50_ps0_05_pt0_95_j10_4.stl,0.184,38578.4,unsat
../resources/benchmarks/random/b0_r5_c10_l500_i50_ps0_05_pt0_95_j10_5.stl,-1,-1,TO
../resources/benchmarks/random/b0_r5_c10_l500_i50_ps0_05_pt0_95_j5_1.stl,-1,-1,TO
../resources/benchmarks/random/b0_r5_c10_l500_i50_ps0_05_pt0_95_j5_2.stl,-1,-1,TO
../resources/benchmarks/random/b0_r5_c10_l500_i50_ps0_05_pt0_95_j5_3.stl,-1,-1,TO
../resources/benchmarks/random/b0_r5_c10_l500_i50_ps0_05_pt0_95_j5_4.stl,-1,-1,TO
../resources/benchmarks/random/b0_r5_c10_l500_i50_ps0_05_pt0_95_j5_5.stl,4.544,1157709.6,sat
../resources/benchmarks/random/b0_r5_c10_l500_i50_ps0_15_pt0_33_j10_1.stl,6.728,242553.6,sat
../resources/benchmarks/random/b0_r5_c10_l500_i50_ps0_15_pt0_33_j10_2.stl,-1,-1,TO
../resources/benchmarks/random/b0_r5_c10_l500_i50_ps0_15_pt0_33_j10_3.stl,0.958,117229.6,sat
../resources/benchmarks/random/b0_r5_c10_l500_i50_ps0_15_pt0_33_j10_4.stl,0.0,7789.6,unsat
../resources/benchmarks/random/b0_r5_c10_l500_i50_ps0_15_pt0_33_j10_5.stl,75.354,79727.2,sat
../resources/benchmarks/random/b0_r5_c10_l500_i50_ps0_15_pt0_33_j5_1.stl,0.042,54857.6,sat
../resources/benchmarks/random/b0_r5_c10_l500_i50_ps0_15_pt0_33_j5_2.stl,0.0,7795.2,unsat
../resources/benchmarks/random/b0_r5_c10_l500_i50_ps0_15_pt0_33_j5_3.stl,0.024,42252.8,sat
../resources/benchmarks/random/b0_r5_c10_l500_i50_ps0_15_pt0_33_j5_4.stl,0.23,233952,sat
../resources/benchmarks/random/b0_r5_c10_l500_i50_ps0_15_pt0_33_j5_5.stl,0.188,65302.4,sat
../resources/benchmarks/random/b0_r5_c10_l500_i50_ps0_15_pt0_5_j10_1.stl,0.0,7828,unsat
../resources/benchmarks/random/b0_r5_c10_l500_i50_ps0_15_pt0_5_j10_2.stl,0.0,7812,unsat
../resources/benchmarks/random/b0_r5_c10_l500_i50_ps0_15_pt0_5_j10_3.stl,0.01,32419.2,unsat
../resources/benchmarks/random/b0_r5_c10_l500_i50_ps0_15_pt0_5_j10_4.stl,29.55,248380.8,sat
../resources/benchmarks/random/b0_r5_c10_l500_i50_ps0_15_pt0_5_j10_5.stl,2.126,115065.6,sat
../resources/benchmarks/random/b0_r5_c10_l500_i50_ps0_15_pt0_5_j5_1.stl,0.306,250836,sat
../resources/benchmarks/random/b0_r5_c10_l500_i50_ps0_15_pt0_5_j5_2.stl,0.304,64659.2,sat
../resources/benchmarks/random/b0_r5_c10_l500_i50_ps0_15_pt0_5_j5_3.stl,0.332,247161.6,sat
../resources/benchmarks/random/b0_r5_c10_l500_i50_ps0_15_pt0_5_j5_4.stl,3.356,265583.2,sat
../resources/benchmarks/random/b0_r5_c10_l500_i50_ps0_15_pt0_5_j5_5.stl,0.122,46859.2,sat
../resources/benchmarks/random/b0_r5_c10_l500_i50_ps0_15_pt0_75_j10_1.stl,105.06,283382.4,sat
../resources/benchmarks/random/b0_r5_c10_l500_i50_ps0_15_pt0_75_j10_2.stl,0.386,264676.8,sat
../resources/benchmarks/random/b0_r5_c10_l500_i50_ps0_15_pt0_75_j10_3.stl,0.01,32745.6,unsat
../resources/benchmarks/random/b0_r5_c10_l500_i50_ps0_15_pt0_75_j10_4.stl,-1,-1,TO
../resources/benchmarks/random/b0_r5_c10_l500_i50_ps0_15_pt0_75_j10_5.stl,-1,-1,TO
../resources/benchmarks/random/b0_r5_c10_l500_i50_ps0_15_pt0_75_j5_1.stl,1.518,68354.4,sat
../resources/benchmarks/random/b0_r5_c10_l500_i50_ps0_15_pt0_75_j5_2.stl,80.828,272030.4,unsat
../resources/benchmarks/random/b0_r5_c10_l500_i50_ps0_15_pt0_75_j5_3.stl,0.03,49330.4,sat
../resources/benchmarks/random/b0_r5_c10_l500_i50_ps0_15_pt0_75_j5_4.stl,5.418,261303.2,sat
../resources/benchmarks/random/b0_r5_c10_l500_i50_ps0_15_pt0_75_j5_5.stl,0.032,50846.4,sat
../resources/benchmarks/random/b0_r5_c10_l500_i50_ps0_15_pt0_95_j10_1.stl,-1,-1,TO
../resources/benchmarks/random/b0_r5_c10_l500_i50_ps0_15_pt0_95_j10_2.stl,-1,-1,TO
../resources/benchmarks/random/b0_r5_c10_l500_i50_ps0_15_pt0_95_j10_3.stl,-1,-1,TO
../resources/benchmarks/random/b0_r5_c10_l500_i50_ps0_15_pt0_95_j10_4.stl,-1,-1,TO
../resources/benchmarks/random/b0_r5_c10_l500_i50_ps0_15_pt0_95_j10_5.stl,-1,-1,TO
../resources/benchmarks/random/b0_r5_c10_l500_i50_ps0_15_pt0_95_j5_1.stl,0.02,45314.4,sat
../resources/benchmarks/random/b0_r5_c10_l500_i50_ps0_15_pt0_95_j5_2.stl,0.112,67143.2,sat
../resources/benchmarks/random/b0_r5_c10_l500_i50_ps0_15_pt0_95_j5_3.stl,0.0,7781.6,unsat
../resources/benchmarks/random/b0_r5_c10_l500_i50_ps0_15_pt0_95_j5_4.stl,19.918,674477.6,sat
../resources/benchmarks/random/b0_r5_c10_l500_i50_ps0_15_pt0_95_j5_5.stl,10.831999999999999,255441.6,sat
../resources/benchmarks/random/b0_r5_c10_l500_i50_ps0_1_pt0_33_j10_1.stl,-1,-1,TO
../resources/benchmarks/random/b0_r5_c10_l500_i50_ps0_1_pt0_33_j10_2.stl,51.39,277252.8,sat
../resources/benchmarks/random/b0_r5_c10_l500_i50_ps0_1_pt0_33_j10_3.stl,61.884,611793.6,sat
../resources/benchmarks/random/b0_r5_c10_l500_i50_ps0_1_pt0_33_j10_4.stl,-1,-1,TO
../resources/benchmarks/random/b0_r5_c10_l500_i50_ps0_1_pt0_33_j10_5.stl,-1,-1,TO
../resources/benchmarks/random/b0_r5_c10_l500_i50_ps0_1_pt0_33_j5_1.stl,0.05,54541.6,sat
../resources/benchmarks/random/b0_r5_c10_l500_i50_ps0_1_pt0_33_j5_2.stl,0.04,55783.2,sat
../resources/benchmarks/random/b0_r5_c10_l500_i50_ps0_1_pt0_33_j5_3.stl,0.192,54215.2,sat
../resources/benchmarks/random/b0_r5_c10_l500_i50_ps0_1_pt0_33_j5_4.stl,4.356,252090.4,sat
../resources/benchmarks/random/b0_r5_c10_l500_i50_ps0_1_pt0_33_j5_5.stl,-1,-1,TO
../resources/benchmarks/random/b0_r5_c10_l500_i50_ps0_1_pt0_5_j10_1.stl,0.874,36097.6,unsat
../resources/benchmarks/random/b0_r5_c10_l500_i50_ps0_1_pt0_5_j10_2.stl,2.674,265899.2,sat
../resources/benchmarks/random/b0_r5_c10_l500_i50_ps0_1_pt0_5_j10_3.stl,3.082,255773.6,sat
../resources/benchmarks/random/b0_r5_c10_l500_i50_ps0_1_pt0_5_j10_4.stl,-1,-1,TO
../resources/benchmarks/random/b0_r5_c10_l500_i50_ps0_1_pt0_5_j10_5.stl,-1,-1,TO
../resources/benchmarks/random/b0_r5_c10_l500_i50_ps0_1_pt0_5_j5_1.stl,13.136,282475.2,sat
../resources/benchmarks/random/b0_r5_c10_l500_i50_ps0_1_pt0_5_j5_2.stl,0.31,68344,sat
../resources/benchmarks/random/b0_r5_c10_l500_i50_ps0_1_pt0_5_j5_3.stl,4.662,238559.2,sat
../resources/benchmarks/random/b0_r5_c10_l500_i50_ps0_1_pt0_5_j5_4.stl,3.082,360204.8,sat
../resources/benchmarks/random/b0_r5_c10_l500_i50_ps0_1_pt0_5_j5_5.stl,43.814,277863.2,sat
../resources/benchmarks/random/b0_r5_c10_l500_i50_ps0_1_pt0_75_j10_1.stl,0.0,7806.4,unsat
../resources/benchmarks/random/b0_r5_c10_l500_i50_ps0_1_pt0_75_j10_2.stl,-1,-1,TO
../resources/benchmarks/random/b0_r5_c10_l500_i50_ps0_1_pt0_75_j10_3.stl,-1,-1,TO
../resources/benchmarks/random/b0_r5_c10_l500_i50_ps0_1_pt0_75_j10_4.stl,-1,-1,TO
../resources/benchmarks/random/b0_r5_c10_l500_i50_ps0_1_pt0_75_j10_5.stl,-1,-1,TO
../resources/benchmarks/random/b0_r5_c10_l500_i50_ps0_1_pt0_75_j5_1.stl,-1,-1,TO
../resources/benchmarks/random/b0_r5_c10_l500_i50_ps0_1_pt0_75_j5_2.stl,1.822,136242.4,sat
../resources/benchmarks/random/b0_r5_c10_l500_i50_ps0_1_pt0_75_j5_3.stl,2.582,230552.8,sat
../resources/benchmarks/random/b0_r5_c10_l500_i50_ps0_1_pt0_75_j5_4.stl,9.86,268061.6,sat
../resources/benchmarks/random/b0_r5_c10_l500_i50_ps0_1_pt0_75_j5_5.stl,0.756,370956,sat
../resources/benchmarks/random/b0_r5_c10_l500_i50_ps0_1_pt0_95_j10_1.stl,-1,-1,TO
../resources/benchmarks/random/b0_r5_c10_l500_i50_ps0_1_pt0_95_j10_2.stl,29.712,270795.2,sat
../resources/benchmarks/random/b0_r5_c10_l500_i50_ps0_1_pt0_95_j10_3.stl,-1,-1,TO
../resources/benchmarks/random/b0_r5_c10_l500_i50_ps0_1_pt0_95_j10_4.stl,-1,-1,TO
../resources/benchmarks/random/b0_r5_c10_l500_i50_ps0_1_pt0_95_j10_5.stl,-1,-1,TO
../resources/benchmarks/random/b0_r5_c10_l500_i50_ps0_1_pt0_95_j5_1.stl,-1,-1,TO
../resources/benchmarks/random/b0_r5_c10_l500_i50_ps0_1_pt0_95_j5_2.stl,-1,-1,TO
../resources/benchmarks/random/b0_r5_c10_l500_i50_ps0_1_pt0_95_j5_3.stl,3.282,258516,sat
../resources/benchmarks/random/b0_r5_c10_l500_i50_ps0_1_pt0_95_j5_4.stl,0.202,84019.2,sat
../resources/benchmarks/random/b0_r5_c10_l500_i50_ps0_1_pt0_95_j5_5.stl,1.926,240092,sat
../resources/benchmarks/random/b0_r5_c10_l500_i50_ps0_25_pt0_33_j10_1.stl,0.0,7846.4,unsat
../resources/benchmarks/random/b0_r5_c10_l500_i50_ps0_25_pt0_33_j10_2.stl,0.26,240383.2,sat
../resources/benchmarks/random/b0_r5_c10_l500_i50_ps0_25_pt0_33_j10_3.stl,0.0,7798.4,unsat
../resources/benchmarks/random/b0_r5_c10_l500_i50_ps0_25_pt0_33_j10_4.stl,0.052000000000000005,52717.6,sat
../resources/benchmarks/random/b0_r5_c10_l500_i50_ps0_25_pt0_33_j10_5.stl,-1,-1,TO
../resources/benchmarks/random/b0_r5_c10_l500_i50_ps0_25_pt0_33_j5_1.stl,0.03,21632.8,sat
../resources/benchmarks/random/b0_r5_c10_l500_i50_ps0_25_pt0_33_j5_2.stl,0.0,7783.2,unsat
../resources/benchmarks/random/b0_r5_c10_l500_i50_ps0_25_pt0_33_j5_3.stl,0.0,7804.8,sat
../resources/benchmarks/random/b0_r5_c10_l500_i50_ps0_25_pt0_33_j5_4.stl,0.0,9027.2,sat
../resources/benchmarks/random/b0_r5_c10_l500_i50_ps0_25_pt0_33_j5_5.stl,0.01,12407.2,sat
../resources/benchmarks/random/b0_r5_c10_l500_i50_ps0_25_pt0_5_j10_1.stl,0.236,234556,sat
../resources/benchmarks/random/b0_r5_c10_l500_i50_ps0_25_pt0_5_j10_2.stl,-1,-1,TO
../resources/benchmarks/random/b0_r5_c10_l500_i50_ps0_25_pt0_5_j10_3.stl,49.504,254222.4,sat
../resources/benchmarks/random/b0_r5_c10_l500_i50_ps0_25_pt0_5_j10_4.stl,0.248,55163.2,sat
../resources/benchmarks/random/b0_r5_c10_l500_i50_ps0_25_pt0_5_j10_5.stl,0.01,32430.4,unsat
../resources/benchmarks/random/b0_r5_c10_l500_i50_ps0_25_pt0_5_j5_1.stl,0.254,237344,sat
../resources/benchmarks/random/b0_r5_c10_l500_i50_ps0_25_pt0_5_j5_2.stl,0.21,231506.4,sat
../resources/benchmarks/random/b0_r5_c10_l500_i50_ps0_25_pt0_5_j5_3.stl,0.24,233939.2,sat
../resources/benchmarks/random/b0_r5_c10_l500_i50_ps0_25_pt0_5_j5_4.stl,0.28,61632.8,sat
../resources/benchmarks/random/b0_r5_c10_l500_i50_ps0_25_pt0_5_j5_5.stl,0.312,65588.8,sat
../resources/benchmarks/random/b0_r5_c10_l500_i50_ps0_25_pt0_75_j10_1.stl,4.564,217669.6,sat
../resources/benchmarks/random/b0_r5_c10_l500_i50_ps0_25_pt0_75_j10_2.stl,-1,-1,TO
../resources/benchmarks/random/b0_r5_c10_l500_i50_ps0_25_pt0_75_j10_3.stl,6.76,255460,sat
../resources/benchmarks/random/b0_r5_c10_l500_i50_ps0_25_pt0_75_j10_4.stl,0.272,238870.4,sat
../resources/benchmarks/random/b0_r5_c10_l500_i50_ps0_25_pt0_75_j10_5.stl,0.23,234267.2,sat
../resources/benchmarks/random/b0_r5_c10_l500_i50_ps0_25_pt0_75_j5_1.stl,6.912,218585.6,sat
../resources/benchmarks/random/b0_r5_c10_l500_i50_ps0_25_pt0_75_j5_2.stl,0.04,61600.8,sat
../resources/benchmarks/random/b0_r5_c10_l500_i50_ps0_25_pt0_75_j5_3.stl,0.05,36415.2,unsat
../resources/benchmarks/random/b0_r5_c10_l500_i50_ps0_25_pt0_75_j5_4.stl,0.0,7802.4,unsat
../resources/benchmarks/random/b0_r5_c10_l500_i50_ps0_25_pt0_75_j5_5.stl,2.81,248384.8,sat
../resources/benchmarks/random/b0_r5_c10_l500_i50_ps0_25_pt0_95_j10_1.stl,-1,-1,TO
../resources/benchmarks/random/b0_r5_c10_l500_i50_ps0_25_pt0_95_j10_2.stl,6.7,248090.4,sat
../resources/benchmarks/random/b0_r5_c10_l500_i50_ps0_25_pt0_95_j10_3.stl,0.0,7782.4,unsat
../resources/benchmarks/random/b0_r5_c10_l500_i50_ps0_25_pt0_95_j10_4.stl,12.134,260967.2,sat
../resources/benchmarks/random/b0_r5_c10_l500_i50_ps0_25_pt0_95_j10_5.stl,-1,-1,TO
../resources/benchmarks/random/b0_r5_c10_l500_i50_ps0_25_pt0_95_j5_1.stl,0.0,7799.2,unsat
../resources/benchmarks/random/b0_r5_c10_l500_i50_ps0_25_pt0_95_j5_2.stl,3.65,247168,sat
../resources/benchmarks/random/b0_r5_c10_l500_i50_ps0_25_pt0_95_j5_3.stl,9.342,244721.6,sat
../resources/benchmarks/random/b0_r5_c10_l500_i50_ps0_25_pt0_95_j5_4.stl,0.04,61897.6,sat
../resources/benchmarks/random/b0_r5_c10_l500_i50_ps0_25_pt0_95_j5_5.stl,0.0,7780,sat
../resources/benchmarks/random/b0_r5_c10_l500_i50_ps0_2_pt0_33_j10_1.stl,0.03,33032.8,unsat
../resources/benchmarks/random/b0_r5_c10_l500_i50_ps0_2_pt0_33_j10_2.stl,0.576,71124.8,sat
../resources/benchmarks/random/b0_r5_c10_l500_i50_ps0_2_pt0_33_j10_3.stl,0.01,33347.2,unsat
../resources/benchmarks/random/b0_r5_c10_l500_i50_ps0_2_pt0_33_j10_4.stl,0.01,32420,unsat
../resources/benchmarks/random/b0_r5_c10_l500_i50_ps0_2_pt0_33_j10_5.stl,6.348,246228.8,sat
../resources/benchmarks/random/b0_r5_c10_l500_i50_ps0_2_pt0_33_j5_1.stl,0.022,45332,sat
../resources/benchmarks/random/b0_r5_c10_l500_i50_ps0_2_pt0_33_j5_2.stl,0.162,52376.8,sat
../resources/benchmarks/random/b0_r5_c10_l500_i50_ps0_2_pt0_33_j5_3.stl,0.03,47150.4,sat
../resources/benchmarks/random/b0_r5_c10_l500_i50_ps0_2_pt0_33_j5_4.stl,2.366,245016,sat
../resources/benchmarks/random/b0_r5_c10_l500_i50_ps0_2_pt0_33_j5_5.stl,0.03,49929.6,sat
../resources/benchmarks/random/b0_r5_c10_l500_i50_ps0_2_pt0_5_j10_1.stl,0.042,54549.6,sat
../resources/benchmarks/random/b0_r5_c10_l500_i50_ps0_2_pt0_5_j10_2.stl,4.018,225955.2,sat
../resources/benchmarks/random/b0_r5_c10_l500_i50_ps0_2_pt0_5_j10_3.stl,0.272,243775.2,sat
../resources/benchmarks/random/b0_r5_c10_l500_i50_ps0_2_pt0_5_j10_4.stl,0.176,61324.8,sat
../resources/benchmarks/random/b0_r5_c10_l500_i50_ps0_2_pt0_5_j10_5.stl,0.0,7786.4,unsat
../resources/benchmarks/random/b0_r5_c10_l500_i50_ps0_2_pt0_5_j5_1.stl,0.03,45638.4,sat
../resources/benchmarks/random/b0_r5_c10_l500_i50_ps0_2_pt0_5_j5_2.stl,0.01,32718.4,unsat
../resources/benchmarks/random/b0_r5_c10_l500_i50_ps0_2_pt0_5_j5_3.stl,0.24,236390.4,sat
../resources/benchmarks/random/b0_r5_c10_l500_i50_ps0_2_pt0_5_j5_4.stl,-1,-1,TO
../resources/benchmarks/random/b0_r5_c10_l500_i50_ps0_2_pt0_5_j5_5.stl,0.248,235488,sat
../resources/benchmarks/random/b0_r5_c10_l500_i50_ps0_2_pt0_75_j10_1.stl,-1,-1,TO
../resources/benchmarks/random/b0_r5_c10_l500_i50_ps0_2_pt0_75_j10_2.stl,-1,-1,TO
../resources/benchmarks/random/b0_r5_c10_l500_i50_ps0_2_pt0_75_j10_3.stl,-1,-1,TO
../resources/benchmarks/random/b0_r5_c10_l500_i50_ps0_2_pt0_75_j10_4.stl,-1,-1,TO
../resources/benchmarks/random/b0_r5_c10_l500_i50_ps0_2_pt0_75_j10_5.stl,6.5,281246.4,sat
../resources/benchmarks/random/b0_r5_c10_l500_i50_ps0_2_pt0_75_j5_1.stl,0.212,59440,sat
../resources/benchmarks/random/b0_r5_c10_l500_i50_ps0_2_pt0_75_j5_2.stl,0.0,7825.6,unsat
../resources/benchmarks/random/b0_r5_c10_l500_i50_ps0_2_pt0_75_j5_3.stl,0.312,61291.2,sat
../resources/benchmarks/random/b0_r5_c10_l500_i50_ps0_2_pt0_75_j5_4.stl,-1,-1,TO
../resources/benchmarks/random/b0_r5_c10_l500_i50_ps0_2_pt0_75_j5_5.stl,0.01,32740.8,unsat
../resources/benchmarks/random/b0_r5_c10_l500_i50_ps0_2_pt0_95_j10_1.stl,0.0,7784.8,unsat
../resources/benchmarks/random/b0_r5_c10_l500_i50_ps0_2_pt0_95_j10_2.stl,0.0,7800,unsat
../resources/benchmarks/random/b0_r5_c10_l500_i50_ps0_2_pt0_95_j10_3.stl,-1,-1,TO
../resources/benchmarks/random/b0_r5_c10_l500_i50_ps0_2_pt0_95_j10_4.stl,0.0,7794.4,unsat
../resources/benchmarks/random/b0_r5_c10_l500_i50_ps0_2_pt0_95_j10_5.stl,59.718,278187.2,sat
../resources/benchmarks/random/b0_r5_c10_l500_i50_ps0_2_pt0_95_j5_1.stl,10.058,230262.4,sat
../resources/benchmarks/random/b0_r5_c10_l500_i50_ps0_2_pt0_95_j5_2.stl,0.04,57600.8,sat
../resources/benchmarks/random/b0_r5_c10_l500_i50_ps0_2_pt0_95_j5_3.stl,10.056,378635.2,sat
../resources/benchmarks/random/b0_r5_c10_l500_i50_ps0_2_pt0_95_j5_4.stl,1.496,36090.4,unsat
../resources/benchmarks/random/b0_r5_c10_l500_i50_ps0_2_pt0_95_j5_5.stl,0.338,255779.2,sat
../resources/benchmarks/random/random.list,-1,-1,Error 101
