Name,Time (s),Total memory (KiB),Result
../resources/benchmarks/random/b0_r5_c10_l10000_i1000_ps0_05_pt0_33_j10_1.stl,-1,-1,TO
../resources/benchmarks/random/b0_r5_c10_l10000_i1000_ps0_05_pt0_33_j10_2.stl,0.12,15488,unsat
../resources/benchmarks/random/b0_r5_c10_l10000_i1000_ps0_05_pt0_33_j10_3.stl,-1,-1,TO
../resources/benchmarks/random/b0_r5_c10_l10000_i1000_ps0_05_pt0_33_j10_4.stl,-1,-1,TO
../resources/benchmarks/random/b0_r5_c10_l10000_i1000_ps0_05_pt0_33_j10_5.stl,-1,-1,OOM
../resources/benchmarks/random/b0_r5_c10_l10000_i1000_ps0_05_pt0_33_j5_1.stl,-1,-1,TO
../resources/benchmarks/random/b0_r5_c10_l10000_i1000_ps0_05_pt0_33_j5_2.stl,-1,-1,TO
../resources/benchmarks/random/b0_r5_c10_l10000_i1000_ps0_05_pt0_33_j5_3.stl,-1,-1,TO
../resources/benchmarks/random/b0_r5_c10_l10000_i1000_ps0_05_pt0_33_j5_4.stl,-1,-1,TO
../resources/benchmarks/random/b0_r5_c10_l10000_i1000_ps0_05_pt0_33_j5_5.stl,-1,-1,TO
../resources/benchmarks/random/b0_r5_c10_l10000_i1000_ps0_05_pt0_5_j10_1.stl,-1,-1,TO
../resources/benchmarks/random/b0_r5_c10_l10000_i1000_ps0_05_pt0_5_j10_2.stl,-1,-1,TO
../resources/benchmarks/random/b0_r5_c10_l10000_i1000_ps0_05_pt0_5_j10_3.stl,-1,-1,TO
../resources/benchmarks/random/b0_r5_c10_l10000_i1000_ps0_05_pt0_5_j10_4.stl,-1,-1,TO
../resources/benchmarks/random/b0_r5_c10_l10000_i1000_ps0_05_pt0_5_j10_5.stl,-1,-1,TO
../resources/benchmarks/random/b0_r5_c10_l10000_i1000_ps0_05_pt0_5_j5_1.stl,29.22,6267357.6,sat
../resources/benchmarks/random/b0_r5_c10_l10000_i1000_ps0_05_pt0_5_j5_2.stl,9.98,87735.2,unsat
../resources/benchmarks/random/b0_r5_c10_l10000_i1000_ps0_05_pt0_5_j5_3.stl,-1,-1,TO
../resources/benchmarks/random/b0_r5_c10_l10000_i1000_ps0_05_pt0_5_j5_4.stl,-1,-1,TO
../resources/benchmarks/random/b0_r5_c10_l10000_i1000_ps0_05_pt0_5_j5_5.stl,-1,-1,TO
../resources/benchmarks/random/b0_r5_c10_l10000_i1000_ps0_05_pt0_75_j10_1.stl,-1,-1,TO
../resources/benchmarks/random/b0_r5_c10_l10000_i1000_ps0_05_pt0_75_j10_2.stl,0.08,13932.8,unsat
../resources/benchmarks/random/b0_r5_c10_l10000_i1000_ps0_05_pt0_75_j10_3.stl,-1,-1,OOM
../resources/benchmarks/random/b0_r5_c10_l10000_i1000_ps0_05_pt0_75_j10_4.stl,-1,-1,TO
../resources/benchmarks/random/b0_r5_c10_l10000_i1000_ps0_05_pt0_75_j10_5.stl,-1,-1,TO
../resources/benchmarks/random/b0_r5_c10_l10000_i1000_ps0_05_pt0_75_j5_1.stl,-1,-1,TO
../resources/benchmarks/random/b0_r5_c10_l10000_i1000_ps0_05_pt0_75_j5_2.stl,-1,-1,TO
../resources/benchmarks/random/b0_r5_c10_l10000_i1000_ps0_05_pt0_75_j5_3.stl,-1,-1,TO
../resources/benchmarks/random/b0_r5_c10_l10000_i1000_ps0_05_pt0_75_j5_4.stl,-1,-1,TO
../resources/benchmarks/random/b0_r5_c10_l10000_i1000_ps0_05_pt0_75_j5_5.stl,-1,-1,TO
../resources/benchmarks/random/b0_r5_c10_l10000_i1000_ps0_05_pt0_95_j10_1.stl,-1,-1,TO
../resources/benchmarks/random/b0_r5_c10_l10000_i1000_ps0_05_pt0_95_j10_2.stl,-1,-1,TO
../resources/benchmarks/random/b0_r5_c10_l10000_i1000_ps0_05_pt0_95_j10_3.stl,-1,-1,TO
../resources/benchmarks/random/b0_r5_c10_l10000_i1000_ps0_05_pt0_95_j10_4.stl,-1,-1,TO
../resources/benchmarks/random/b0_r5_c10_l10000_i1000_ps0_05_pt0_95_j10_5.stl,-1,-1,OOM
../resources/benchmarks/random/b0_r5_c10_l10000_i1000_ps0_05_pt0_95_j5_1.stl,-1,-1,OOM
../resources/benchmarks/random/b0_r5_c10_l10000_i1000_ps0_05_pt0_95_j5_2.stl,-1,-1,TO
../resources/benchmarks/random/b0_r5_c10_l10000_i1000_ps0_05_pt0_95_j5_3.stl,-1,-1,OOM
../resources/benchmarks/random/b0_r5_c10_l10000_i1000_ps0_05_pt0_95_j5_4.stl,-1,-1,TO
../resources/benchmarks/random/b0_r5_c10_l10000_i1000_ps0_05_pt0_95_j5_5.stl,-1,-1,TO
../resources/benchmarks/random/b0_r5_c10_l10000_i1000_ps0_15_pt0_33_j10_1.stl,-1,-1,TO
../resources/benchmarks/random/b0_r5_c10_l10000_i1000_ps0_15_pt0_33_j10_2.stl,-1,-1,TO
../resources/benchmarks/random/b0_r5_c10_l10000_i1000_ps0_15_pt0_33_j10_3.stl,0.05,44094.4,sat
../resources/benchmarks/random/b0_r5_c10_l10000_i1000_ps0_15_pt0_33_j10_4.stl,0.25,56999.2,sat
../resources/benchmarks/random/b0_r5_c10_l10000_i1000_ps0_15_pt0_33_j10_5.stl,0.01,32751.2,unsat
../resources/benchmarks/random/b0_r5_c10_l10000_i1000_ps0_15_pt0_33_j5_1.stl,0.01,32419.2,sat
../resources/benchmarks/random/b0_r5_c10_l10000_i1000_ps0_15_pt0_33_j5_2.stl,5.168,4163046.4,sat
../resources/benchmarks/random/b0_r5_c10_l10000_i1000_ps0_15_pt0_33_j5_3.stl,-1,-1,TO
../resources/benchmarks/random/b0_r5_c10_l10000_i1000_ps0_15_pt0_33_j5_4.stl,-1,-1,TO
../resources/benchmarks/random/b0_r5_c10_l10000_i1000_ps0_15_pt0_33_j5_5.stl,-1,-1,TO
../resources/benchmarks/random/b0_r5_c10_l10000_i1000_ps0_15_pt0_5_j10_1.stl,0.01,32438.4,unsat
../resources/benchmarks/random/b0_r5_c10_l10000_i1000_ps0_15_pt0_5_j10_2.stl,0.01,33032.8,unsat
../resources/benchmarks/random/b0_r5_c10_l10000_i1000_ps0_15_pt0_5_j10_3.stl,-1,-1,TO
../resources/benchmarks/random/b0_r5_c10_l10000_i1000_ps0_15_pt0_5_j10_4.stl,80.722,647438.4,sat
../resources/benchmarks/random/b0_r5_c10_l10000_i1000_ps0_15_pt0_5_j10_5.stl,0.01,33046.4,unsat
../resources/benchmarks/random/b0_r5_c10_l10000_i1000_ps0_15_pt0_5_j5_1.stl,-1,-1,TO
../resources/benchmarks/random/b0_r5_c10_l10000_i1000_ps0_15_pt0_5_j5_2.stl,-1,-1,TO
../resources/benchmarks/random/b0_r5_c10_l10000_i1000_ps0_15_pt0_5_j5_3.stl,0.01,34588,sat
../resources/benchmarks/random/b0_r5_c10_l10000_i1000_ps0_15_pt0_5_j5_4.stl,0.436,230240,sat
../resources/benchmarks/random/b0_r5_c10_l10000_i1000_ps0_15_pt0_5_j5_5.stl,0.134,93895.2,sat
../resources/benchmarks/random/b0_r5_c10_l10000_i1000_ps0_15_pt0_75_j10_1.stl,-1,-1,TO
../resources/benchmarks/random/b0_r5_c10_l10000_i1000_ps0_15_pt0_75_j10_2.stl,-1,-1,TO
../resources/benchmarks/random/b0_r5_c10_l10000_i1000_ps0_15_pt0_75_j10_3.stl,-1,-1,TO
../resources/benchmarks/random/b0_r5_c10_l10000_i1000_ps0_15_pt0_75_j10_4.stl,0.0,7785.6,unsat
../resources/benchmarks/random/b0_r5_c10_l10000_i1000_ps0_15_pt0_75_j10_5.stl,0.0,7835.2,unsat
../resources/benchmarks/random/b0_r5_c10_l10000_i1000_ps0_15_pt0_75_j5_1.stl,-1,-1,TO
../resources/benchmarks/random/b0_r5_c10_l10000_i1000_ps0_15_pt0_75_j5_2.stl,-1,-1,TO
../resources/benchmarks/random/b0_r5_c10_l10000_i1000_ps0_15_pt0_75_j5_3.stl,-1,-1,TO
../resources/benchmarks/random/b0_r5_c10_l10000_i1000_ps0_15_pt0_75_j5_4.stl,0.0,7801.6,unsat
../resources/benchmarks/random/b0_r5_c10_l10000_i1000_ps0_15_pt0_75_j5_5.stl,-1,-1,TO
../resources/benchmarks/random/b0_r5_c10_l10000_i1000_ps0_15_pt0_95_j10_1.stl,21.224,7712137.6,sat
../resources/benchmarks/random/b0_r5_c10_l10000_i1000_ps0_15_pt0_95_j10_2.stl,-1,-1,TO
../resources/benchmarks/random/b0_r5_c10_l10000_i1000_ps0_15_pt0_95_j10_3.stl,-1,-1,TO
../resources/benchmarks/random/b0_r5_c10_l10000_i1000_ps0_15_pt0_95_j10_4.stl,-1,-1,TO
../resources/benchmarks/random/b0_r5_c10_l10000_i1000_ps0_15_pt0_95_j10_5.stl,-1,-1,TO
../resources/benchmarks/random/b0_r5_c10_l10000_i1000_ps0_15_pt0_95_j5_1.stl,19.166,318110.4,sat
../resources/benchmarks/random/b0_r5_c10_l10000_i1000_ps0_15_pt0_95_j5_2.stl,-1,-1,TO
../resources/benchmarks/random/b0_r5_c10_l10000_i1000_ps0_15_pt0_95_j5_3.stl,-1,-1,TO
../resources/benchmarks/random/b0_r5_c10_l10000_i1000_ps0_15_pt0_95_j5_4.stl,-1,-1,TO
../resources/benchmarks/random/b0_r5_c10_l10000_i1000_ps0_15_pt0_95_j5_5.stl,0.594,384788.8,sat
../resources/benchmarks/random/b0_r5_c10_l10000_i1000_ps0_1_pt0_33_j10_1.stl,-1,-1,TO
../resources/benchmarks/random/b0_r5_c10_l10000_i1000_ps0_1_pt0_33_j10_2.stl,-1,-1,TO
../resources/benchmarks/random/b0_r5_c10_l10000_i1000_ps0_1_pt0_33_j10_3.stl,-1,-1,TO
../resources/benchmarks/random/b0_r5_c10_l10000_i1000_ps0_1_pt0_33_j10_4.stl,0.04,38884.8,sat
../resources/benchmarks/random/b0_r5_c10_l10000_i1000_ps0_1_pt0_33_j10_5.stl,-1,-1,TO
../resources/benchmarks/random/b0_r5_c10_l10000_i1000_ps0_1_pt0_33_j5_1.stl,-1,-1,TO
../resources/benchmarks/random/b0_r5_c10_l10000_i1000_ps0_1_pt0_33_j5_2.stl,-1,-1,TO
../resources/benchmarks/random/b0_r5_c10_l10000_i1000_ps0_1_pt0_33_j5_3.stl,-1,-1,TO
../resources/benchmarks/random/b0_r5_c10_l10000_i1000_ps0_1_pt0_33_j5_4.stl,5.248,4167024,sat
../resources/benchmarks/random/b0_r5_c10_l10000_i1000_ps0_1_pt0_33_j5_5.stl,1.574,615516,sat
../resources/benchmarks/random/b0_r5_c10_l10000_i1000_ps0_1_pt0_5_j10_1.stl,-1,-1,TO
../resources/benchmarks/random/b0_r5_c10_l10000_i1000_ps0_1_pt0_5_j10_2.stl,6.394,4442881.6,sat
../resources/benchmarks/random/b0_r5_c10_l10000_i1000_ps0_1_pt0_5_j10_3.stl,-1,-1,TO
../resources/benchmarks/random/b0_r5_c10_l10000_i1000_ps0_1_pt0_5_j10_4.stl,-1,-1,TO
../resources/benchmarks/random/b0_r5_c10_l10000_i1000_ps0_1_pt0_5_j10_5.stl,-1,-1,TO
../resources/benchmarks/random/b0_r5_c10_l10000_i1000_ps0_1_pt0_5_j5_1.stl,-1,-1,TO
../resources/benchmarks/random/b0_r5_c10_l10000_i1000_ps0_1_pt0_5_j5_2.stl,-1,-1,TO
../resources/benchmarks/random/b0_r5_c10_l10000_i1000_ps0_1_pt0_5_j5_3.stl,64.348,1156460.8,sat
../resources/benchmarks/random/b0_r5_c10_l10000_i1000_ps0_1_pt0_5_j5_4.stl,-1,-1,TO
../resources/benchmarks/random/b0_r5_c10_l10000_i1000_ps0_1_pt0_5_j5_5.stl,-1,-1,TO
../resources/benchmarks/random/b0_r5_c10_l10000_i1000_ps0_1_pt0_75_j10_1.stl,-1,-1,TO
../resources/benchmarks/random/b0_r5_c10_l10000_i1000_ps0_1_pt0_75_j10_2.stl,-1,-1,TO
../resources/benchmarks/random/b0_r5_c10_l10000_i1000_ps0_1_pt0_75_j10_3.stl,-1,-1,TO
../resources/benchmarks/random/b0_r5_c10_l10000_i1000_ps0_1_pt0_75_j10_4.stl,-1,-1,TO
../resources/benchmarks/random/b0_r5_c10_l10000_i1000_ps0_1_pt0_75_j10_5.stl,-1,-1,TO
../resources/benchmarks/random/b0_r5_c10_l10000_i1000_ps0_1_pt0_75_j5_1.stl,0.5,304302.4,sat
../resources/benchmarks/random/b0_r5_c10_l10000_i1000_ps0_1_pt0_75_j5_2.stl,-1,-1,TO
../resources/benchmarks/random/b0_r5_c10_l10000_i1000_ps0_1_pt0_75_j5_3.stl,-1,-1,TO
../resources/benchmarks/random/b0_r5_c10_l10000_i1000_ps0_1_pt0_75_j5_4.stl,-1,-1,TO
../resources/benchmarks/random/b0_r5_c10_l10000_i1000_ps0_1_pt0_75_j5_5.stl,-1,-1,TO
../resources/benchmarks/random/b0_r5_c10_l10000_i1000_ps0_1_pt0_95_j10_1.stl,-1,-1,TO
../resources/benchmarks/random/b0_r5_c10_l10000_i1000_ps0_1_pt0_95_j10_2.stl,0.0,7821.6,unsat
../resources/benchmarks/random/b0_r5_c10_l10000_i1000_ps0_1_pt0_95_j10_3.stl,-1,-1,TO
../resources/benchmarks/random/b0_r5_c10_l10000_i1000_ps0_1_pt0_95_j10_4.stl,-1,-1,TO
../resources/benchmarks/random/b0_r5_c10_l10000_i1000_ps0_1_pt0_95_j10_5.stl,-1,-1,TO
../resources/benchmarks/random/b0_r5_c10_l10000_i1000_ps0_1_pt0_95_j5_1.stl,-1,-1,TO
../resources/benchmarks/random/b0_r5_c10_l10000_i1000_ps0_1_pt0_95_j5_2.stl,0.0,7787.2,unsat
../resources/benchmarks/random/b0_r5_c10_l10000_i1000_ps0_1_pt0_95_j5_3.stl,23.304,443420.8,sat
../resources/benchmarks/random/b0_r5_c10_l10000_i1000_ps0_1_pt0_95_j5_4.stl,-1,-1,TO
../resources/benchmarks/random/b0_r5_c10_l10000_i1000_ps0_1_pt0_95_j5_5.stl,-1,-1,TO
../resources/benchmarks/random/b0_r5_c10_l10000_i1000_ps0_25_pt0_33_j10_1.stl,-1,-1,TO
../resources/benchmarks/random/b0_r5_c10_l10000_i1000_ps0_25_pt0_33_j10_2.stl,0.01,33648,unsat
../resources/benchmarks/random/b0_r5_c10_l10000_i1000_ps0_25_pt0_33_j10_3.stl,0.01,32730.4,unsat
../resources/benchmarks/random/b0_r5_c10_l10000_i1000_ps0_25_pt0_33_j10_4.stl,0.0,7813.6,unsat
../resources/benchmarks/random/b0_r5_c10_l10000_i1000_ps0_25_pt0_33_j10_5.stl,0.01,34883.2,sat
../resources/benchmarks/random/b0_r5_c10_l10000_i1000_ps0_25_pt0_33_j5_1.stl,0.24,166966.4,sat
../resources/benchmarks/random/b0_r5_c10_l10000_i1000_ps0_25_pt0_33_j5_2.stl,0.01,33027.2,sat
../resources/benchmarks/random/b0_r5_c10_l10000_i1000_ps0_25_pt0_33_j5_3.stl,0.01,32407.2,sat
../resources/benchmarks/random/b0_r5_c10_l10000_i1000_ps0_25_pt0_33_j5_4.stl,0.612,379869.6,sat
../resources/benchmarks/random/b0_r5_c10_l10000_i1000_ps0_25_pt0_33_j5_5.stl,0.01,32441.6,unsat
../resources/benchmarks/random/b0_r5_c10_l10000_i1000_ps0_25_pt0_5_j10_1.stl,0.01,32402.4,unsat
../resources/benchmarks/random/b0_r5_c10_l10000_i1000_ps0_25_pt0_5_j10_2.stl,20.968,220427.2,sat
../resources/benchmarks/random/b0_r5_c10_l10000_i1000_ps0_25_pt0_5_j10_3.stl,-1,-1,TO
../resources/benchmarks/random/b0_r5_c10_l10000_i1000_ps0_25_pt0_5_j10_4.stl,-1,-1,TO
../resources/benchmarks/random/b0_r5_c10_l10000_i1000_ps0_25_pt0_5_j10_5.stl,-1,-1,TO
../resources/benchmarks/random/b0_r5_c10_l10000_i1000_ps0_25_pt0_5_j5_1.stl,5.056,4055831.2,sat
../resources/benchmarks/random/b0_r5_c10_l10000_i1000_ps0_25_pt0_5_j5_2.stl,6.31,4166392.8,sat
../resources/benchmarks/random/b0_r5_c10_l10000_i1000_ps0_25_pt0_5_j5_3.stl,0.37,307987.2,sat
../resources/benchmarks/random/b0_r5_c10_l10000_i1000_ps0_25_pt0_5_j5_4.stl,0.588,453883.2,sat
../resources/benchmarks/random/b0_r5_c10_l10000_i1000_ps0_25_pt0_5_j5_5.stl,51.848,4061352.8,unsat
../resources/benchmarks/random/b0_r5_c10_l10000_i1000_ps0_25_pt0_75_j10_1.stl,-1,-1,TO
../resources/benchmarks/random/b0_r5_c10_l10000_i1000_ps0_25_pt0_75_j10_2.stl,0.0,7808.8,unsat
../resources/benchmarks/random/b0_r5_c10_l10000_i1000_ps0_25_pt0_75_j10_3.stl,-1,-1,TO
../resources/benchmarks/random/b0_r5_c10_l10000_i1000_ps0_25_pt0_75_j10_4.stl,106.054,417061.6,sat
../resources/benchmarks/random/b0_r5_c10_l10000_i1000_ps0_25_pt0_75_j10_5.stl,0.0,7791.2,unsat
../resources/benchmarks/random/b0_r5_c10_l10000_i1000_ps0_25_pt0_75_j5_1.stl,5.892,4016804.8,sat
../resources/benchmarks/random/b0_r5_c10_l10000_i1000_ps0_25_pt0_75_j5_2.stl,-1,-1,TO
../resources/benchmarks/random/b0_r5_c10_l10000_i1000_ps0_25_pt0_75_j5_3.stl,0.122,99370.4,sat
../resources/benchmarks/random/b0_r5_c10_l10000_i1000_ps0_25_pt0_75_j5_4.stl,27.814,463748,sat
../resources/benchmarks/random/b0_r5_c10_l10000_i1000_ps0_25_pt0_75_j5_5.stl,4.638,3837090.4,sat
../resources/benchmarks/random/b0_r5_c10_l10000_i1000_ps0_25_pt0_95_j10_1.stl,41.564,712256,sat
../resources/benchmarks/random/b0_r5_c10_l10000_i1000_ps0_25_pt0_95_j10_2.stl,-1,-1,TO
../resources/benchmarks/random/b0_r5_c10_l10000_i1000_ps0_25_pt0_95_j10_3.stl,-1,-1,TO
../resources/benchmarks/random/b0_r5_c10_l10000_i1000_ps0_25_pt0_95_j10_4.stl,-1,-1,TO
../resources/benchmarks/random/b0_r5_c10_l10000_i1000_ps0_25_pt0_95_j10_5.stl,-1,-1,TO
../resources/benchmarks/random/b0_r5_c10_l10000_i1000_ps0_25_pt0_95_j5_1.stl,0.72,171600,sat
../resources/benchmarks/random/b0_r5_c10_l10000_i1000_ps0_25_pt0_95_j5_2.stl,0.266,146064,sat
../resources/benchmarks/random/b0_r5_c10_l10000_i1000_ps0_25_pt0_95_j5_3.stl,4.492,3800543.2,sat
../resources/benchmarks/random/b0_r5_c10_l10000_i1000_ps0_25_pt0_95_j5_4.stl,1.202,368821.6,sat
../resources/benchmarks/random/b0_r5_c10_l10000_i1000_ps0_25_pt0_95_j5_5.stl,-1,-1,TO
../resources/benchmarks/random/b0_r5_c10_l10000_i1000_ps0_2_pt0_33_j10_1.stl,5.92,4311716,sat
../resources/benchmarks/random/b0_r5_c10_l10000_i1000_ps0_2_pt0_33_j10_2.stl,55.462,340558.4,sat
../resources/benchmarks/random/b0_r5_c10_l10000_i1000_ps0_2_pt0_33_j10_3.stl,7.21,4222940,sat
../resources/benchmarks/random/b0_r5_c10_l10000_i1000_ps0_2_pt0_33_j10_4.stl,0.0,7827.2,unsat
../resources/benchmarks/random/b0_r5_c10_l10000_i1000_ps0_2_pt0_33_j10_5.stl,-1,-1,TO
../resources/benchmarks/random/b0_r5_c10_l10000_i1000_ps0_2_pt0_33_j5_1.stl,0.01,35175.2,sat
../resources/benchmarks/random/b0_r5_c10_l10000_i1000_ps0_2_pt0_33_j5_2.stl,7.552,190953.6,sat
../resources/benchmarks/random/b0_r5_c10_l10000_i1000_ps0_2_pt0_33_j5_3.stl,88.944,427181.6,sat
../resources/benchmarks/random/b0_r5_c10_l10000_i1000_ps0_2_pt0_33_j5_4.stl,0.01,32435.2,sat
../resources/benchmarks/random/b0_r5_c10_l10000_i1000_ps0_2_pt0_33_j5_5.stl,0.01,33332.8,sat
../resources/benchmarks/random/b0_r5_c10_l10000_i1000_ps0_2_pt0_5_j10_1.stl,118.072,585392.8,sat
../resources/benchmarks/random/b0_r5_c10_l10000_i1000_ps0_2_pt0_5_j10_2.stl,-1,-1,TO
../resources/benchmarks/random/b0_r5_c10_l10000_i1000_ps0_2_pt0_5_j10_3.stl,32.256,70512.8,unsat
../resources/benchmarks/random/b0_r5_c10_l10000_i1000_ps0_2_pt0_5_j10_4.stl,-1,-1,TO
../resources/benchmarks/random/b0_r5_c10_l10000_i1000_ps0_2_pt0_5_j10_5.stl,0.0,7800.8,unsat
../resources/benchmarks/random/b0_r5_c10_l10000_i1000_ps0_2_pt0_5_j5_1.stl,0.01,35167.2,sat
../resources/benchmarks/random/b0_r5_c10_l10000_i1000_ps0_2_pt0_5_j5_2.stl,34.364,259442.4,sat
../resources/benchmarks/random/b0_r5_c10_l10000_i1000_ps0_2_pt0_5_j5_3.stl,0.21,154384.8,sat
../resources/benchmarks/random/b0_r5_c10_l10000_i1000_ps0_2_pt0_5_j5_4.stl,74.458,433627.2,sat
../resources/benchmarks/random/b0_r5_c10_l10000_i1000_ps0_2_pt0_5_j5_5.stl,5.394,437600,sat
../resources/benchmarks/random/b0_r5_c10_l10000_i1000_ps0_2_pt0_75_j10_1.stl,-1,-1,TO
../resources/benchmarks/random/b0_r5_c10_l10000_i1000_ps0_2_pt0_75_j10_2.stl,0.0,7833.6,unsat
../resources/benchmarks/random/b0_r5_c10_l10000_i1000_ps0_2_pt0_75_j10_3.stl,-1,-1,TO
../resources/benchmarks/random/b0_r5_c10_l10000_i1000_ps0_2_pt0_75_j10_4.stl,-1,-1,TO
../resources/benchmarks/random/b0_r5_c10_l10000_i1000_ps0_2_pt0_75_j10_5.stl,-1,-1,TO
../resources/benchmarks/random/b0_r5_c10_l10000_i1000_ps0_2_pt0_75_j5_1.stl,-1,-1,TO
../resources/benchmarks/random/b0_r5_c10_l10000_i1000_ps0_2_pt0_75_j5_2.stl,0.086,66822.4,unsat
../resources/benchmarks/random/b0_r5_c10_l10000_i1000_ps0_2_pt0_75_j5_3.stl,0.328,283714.4,sat
../resources/benchmarks/random/b0_r5_c10_l10000_i1000_ps0_2_pt0_75_j5_4.stl,65.456,607799.2,sat
../resources/benchmarks/random/b0_r5_c10_l10000_i1000_ps0_2_pt0_75_j5_5.stl,94.74,597701.6,sat
../resources/benchmarks/random/b0_r5_c10_l10000_i1000_ps0_2_pt0_95_j10_1.stl,-1,-1,TO
../resources/benchmarks/random/b0_r5_c10_l10000_i1000_ps0_2_pt0_95_j10_2.stl,-1,-1,TO
../resources/benchmarks/random/b0_r5_c10_l10000_i1000_ps0_2_pt0_95_j10_3.stl,-1,-1,TO
../resources/benchmarks/random/b0_r5_c10_l10000_i1000_ps0_2_pt0_95_j10_4.stl,-1,-1,TO
../resources/benchmarks/random/b0_r5_c10_l10000_i1000_ps0_2_pt0_95_j10_5.stl,-1,-1,TO
../resources/benchmarks/random/b0_r5_c10_l10000_i1000_ps0_2_pt0_95_j5_1.stl,-1,-1,TO
../resources/benchmarks/random/b0_r5_c10_l10000_i1000_ps0_2_pt0_95_j5_2.stl,0.17,161144.8,sat
../resources/benchmarks/random/b0_r5_c10_l10000_i1000_ps0_2_pt0_95_j5_3.stl,114.612,737756,sat
../resources/benchmarks/random/b0_r5_c10_l10000_i1000_ps0_2_pt0_95_j5_4.stl,-1,-1,TO
../resources/benchmarks/random/b0_r5_c10_l10000_i1000_ps0_2_pt0_95_j5_5.stl,93.578,425932.8,sat
../resources/benchmarks/random/b0_r5_c10_l10000_i50_ps0_05_pt0_33_j10_1.stl,-1,-1,TO
../resources/benchmarks/random/b0_r5_c10_l10000_i50_ps0_05_pt0_33_j10_2.stl,-1,-1,TO
../resources/benchmarks/random/b0_r5_c10_l10000_i50_ps0_05_pt0_33_j10_3.stl,-1,-1,TO
../resources/benchmarks/random/b0_r5_c10_l10000_i50_ps0_05_pt0_33_j10_4.stl,-1,-1,TO
../resources/benchmarks/random/b0_r5_c10_l10000_i50_ps0_05_pt0_33_j10_5.stl,-1,-1,TO
../resources/benchmarks/random/b0_r5_c10_l10000_i50_ps0_05_pt0_33_j5_1.stl,-1,-1,TO
../resources/benchmarks/random/b0_r5_c10_l10000_i50_ps0_05_pt0_33_j5_2.stl,17.534,1412688,sat
../resources/benchmarks/random/b0_r5_c10_l10000_i50_ps0_05_pt0_33_j5_3.stl,-1,-1,TO
../resources/benchmarks/random/b0_r5_c10_l10000_i50_ps0_05_pt0_33_j5_4.stl,-1,-1,TO
../resources/benchmarks/random/b0_r5_c10_l10000_i50_ps0_05_pt0_33_j5_5.stl,-1,-1,TO
../resources/benchmarks/random/b0_r5_c10_l10000_i50_ps0_05_pt0_5_j10_1.stl,-1,-1,TO
../resources/benchmarks/random/b0_r5_c10_l10000_i50_ps0_05_pt0_5_j10_2.stl,-1,-1,TO
../resources/benchmarks/random/b0_r5_c10_l10000_i50_ps0_05_pt0_5_j10_3.stl,-1,-1,TO
../resources/benchmarks/random/b0_r5_c10_l10000_i50_ps0_05_pt0_5_j10_4.stl,-1,-1,TO
../resources/benchmarks/random/b0_r5_c10_l10000_i50_ps0_05_pt0_5_j10_5.stl,-1,-1,TO
../resources/benchmarks/random/b0_r5_c10_l10000_i50_ps0_05_pt0_5_j5_1.stl,-1,-1,TO
../resources/benchmarks/random/b0_r5_c10_l10000_i50_ps0_05_pt0_5_j5_2.stl,-1,-1,TO
../resources/benchmarks/random/b0_r5_c10_l10000_i50_ps0_05_pt0_5_j5_3.stl,-1,-1,TO
../resources/benchmarks/random/b0_r5_c10_l10000_i50_ps0_05_pt0_5_j5_4.stl,-1,-1,TO
../resources/benchmarks/random/b0_r5_c10_l10000_i50_ps0_05_pt0_5_j5_5.stl,-1,-1,TO
../resources/benchmarks/random/b0_r5_c10_l10000_i50_ps0_05_pt0_75_j10_1.stl,-1,-1,TO
../resources/benchmarks/random/b0_r5_c10_l10000_i50_ps0_05_pt0_75_j10_2.stl,-1,-1,TO
../resources/benchmarks/random/b0_r5_c10_l10000_i50_ps0_05_pt0_75_j10_3.stl,-1,-1,TO
../resources/benchmarks/random/b0_r5_c10_l10000_i50_ps0_05_pt0_75_j10_4.stl,-1,-1,TO
../resources/benchmarks/random/b0_r5_c10_l10000_i50_ps0_05_pt0_75_j10_5.stl,-1,-1,TO
../resources/benchmarks/random/b0_r5_c10_l10000_i50_ps0_05_pt0_75_j5_1.stl,-1,-1,TO
../resources/benchmarks/random/b0_r5_c10_l10000_i50_ps0_05_pt0_75_j5_2.stl,-1,-1,TO
../resources/benchmarks/random/b0_r5_c10_l10000_i50_ps0_05_pt0_75_j5_3.stl,21.224,1953053.6,sat
../resources/benchmarks/random/b0_r5_c10_l10000_i50_ps0_05_pt0_75_j5_4.stl,0.1,35790.4,unsat
../resources/benchmarks/random/b0_r5_c10_l10000_i50_ps0_05_pt0_75_j5_5.stl,-1,-1,TO
../resources/benchmarks/random/b0_r5_c10_l10000_i50_ps0_05_pt0_95_j10_1.stl,-1,-1,TO
../resources/benchmarks/random/b0_r5_c10_l10000_i50_ps0_05_pt0_95_j10_2.stl,-1,-1,TO
../resources/benchmarks/random/b0_r5_c10_l10000_i50_ps0_05_pt0_95_j10_3.stl,-1,-1,TO
../resources/benchmarks/random/b0_r5_c10_l10000_i50_ps0_05_pt0_95_j10_4.stl,-1,-1,TO
../resources/benchmarks/random/b0_r5_c10_l10000_i50_ps0_05_pt0_95_j10_5.stl,0.062,12372.8,unsat
../resources/benchmarks/random/b0_r5_c10_l10000_i50_ps0_05_pt0_95_j5_1.stl,-1,-1,TO
../resources/benchmarks/random/b0_r5_c10_l10000_i50_ps0_05_pt0_95_j5_2.stl,-1,-1,TO
../resources/benchmarks/random/b0_r5_c10_l10000_i50_ps0_05_pt0_95_j5_3.stl,-1,-1,TO
../resources/benchmarks/random/b0_r5_c10_l10000_i50_ps0_05_pt0_95_j5_4.stl,-1,-1,TO
../resources/benchmarks/random/b0_r5_c10_l10000_i50_ps0_05_pt0_95_j5_5.stl,-1,-1,OOM
../resources/benchmarks/random/b0_r5_c10_l10000_i50_ps0_15_pt0_33_j10_1.stl,0.568,16999.2,sat
../resources/benchmarks/random/b0_r5_c10_l10000_i50_ps0_15_pt0_33_j10_2.stl,0.02,10886.4,sat
../resources/benchmarks/random/b0_r5_c10_l10000_i50_ps0_15_pt0_33_j10_3.stl,0.064,10871.2,sat
../resources/benchmarks/random/b0_r5_c10_l10000_i50_ps0_15_pt0_33_j10_4.stl,0.0,7812,unsat
../resources/benchmarks/random/b0_r5_c10_l10000_i50_ps0_15_pt0_33_j10_5.stl,0.032,13936,sat
../resources/benchmarks/random/b0_r5_c10_l10000_i50_ps0_15_pt0_33_j5_1.stl,0.904,76364,sat
../resources/benchmarks/random/b0_r5_c10_l10000_i50_ps0_15_pt0_33_j5_2.stl,0.024,43777.6,sat
../resources/benchmarks/random/b0_r5_c10_l10000_i50_ps0_15_pt0_33_j5_3.stl,0.03,43795.2,sat
../resources/benchmarks/random/b0_r5_c10_l10000_i50_ps0_15_pt0_33_j5_4.stl,0.056,56084.8,sat
../resources/benchmarks/random/b0_r5_c10_l10000_i50_ps0_15_pt0_33_j5_5.stl,0.048,48996.8,sat
../resources/benchmarks/random/b0_r5_c10_l10000_i50_ps0_15_pt0_5_j10_1.stl,0.358,72684,sat
../resources/benchmarks/random/b0_r5_c10_l10000_i50_ps0_15_pt0_5_j10_2.stl,0.01,32752.8,unsat
../resources/benchmarks/random/b0_r5_c10_l10000_i50_ps0_15_pt0_5_j10_3.stl,5.576,4359680,sat
../resources/benchmarks/random/b0_r5_c10_l10000_i50_ps0_15_pt0_5_j10_4.stl,0.122,73909.6,sat
../resources/benchmarks/random/b0_r5_c10_l10000_i50_ps0_15_pt0_5_j10_5.stl,-1,-1,TO
../resources/benchmarks/random/b0_r5_c10_l10000_i50_ps0_15_pt0_5_j5_1.stl,0.07,52996,sat
../resources/benchmarks/random/b0_r5_c10_l10000_i50_ps0_15_pt0_5_j5_2.stl,-1,-1,TO
../resources/benchmarks/random/b0_r5_c10_l10000_i50_ps0_15_pt0_5_j5_3.stl,77.878,4511094.4,sat
../resources/benchmarks/random/b0_r5_c10_l10000_i50_ps0_15_pt0_5_j5_4.stl,0.01,33344.8,unsat
../resources/benchmarks/random/b0_r5_c10_l10000_i50_ps0_15_pt0_5_j5_5.stl,0.11,47788,sat
../resources/benchmarks/random/b0_r5_c10_l10000_i50_ps0_15_pt0_75_j10_1.stl,0.0,7816.8,unsat
../resources/benchmarks/random/b0_r5_c10_l10000_i50_ps0_15_pt0_75_j10_2.stl,0.0,7796.8,unsat
../resources/benchmarks/random/b0_r5_c10_l10000_i50_ps0_15_pt0_75_j10_3.stl,-1,-1,TO
../resources/benchmarks/random/b0_r5_c10_l10000_i50_ps0_15_pt0_75_j10_4.stl,-1,-1,TO
../resources/benchmarks/random/b0_r5_c10_l10000_i50_ps0_15_pt0_75_j10_5.stl,59.762,4850244.8,sat
../resources/benchmarks/random/b0_r5_c10_l10000_i50_ps0_15_pt0_75_j5_1.stl,1.39,105231.2,sat
../resources/benchmarks/random/b0_r5_c10_l10000_i50_ps0_15_pt0_75_j5_2.stl,-1,-1,TO
../resources/benchmarks/random/b0_r5_c10_l10000_i50_ps0_15_pt0_75_j5_3.stl,0.0,7790.4,unsat
../resources/benchmarks/random/b0_r5_c10_l10000_i50_ps0_15_pt0_75_j5_4.stl,-1,-1,TO
../resources/benchmarks/random/b0_r5_c10_l10000_i50_ps0_15_pt0_75_j5_5.stl,0.01,34883.2,sat
../resources/benchmarks/random/b0_r5_c10_l10000_i50_ps0_15_pt0_95_j10_1.stl,41.467999999999996,4339068.8,sat
../resources/benchmarks/random/b0_r5_c10_l10000_i50_ps0_15_pt0_95_j10_2.stl,0.25,49937.6,unsat
../resources/benchmarks/random/b0_r5_c10_l10000_i50_ps0_15_pt0_95_j10_3.stl,-1,-1,TO
../resources/benchmarks/random/b0_r5_c10_l10000_i50_ps0_15_pt0_95_j10_4.stl,0.0,7801.6,unsat
../resources/benchmarks/random/b0_r5_c10_l10000_i50_ps0_15_pt0_95_j10_5.stl,-1,-1,TO
../resources/benchmarks/random/b0_r5_c10_l10000_i50_ps0_15_pt0_95_j5_1.stl,0.01,33639.2,unsat
../resources/benchmarks/random/b0_r5_c10_l10000_i50_ps0_15_pt0_95_j5_2.stl,1.488,75711.2,sat
../resources/benchmarks/random/b0_r5_c10_l10000_i50_ps0_15_pt0_95_j5_3.stl,0.01,32715.2,sat
../resources/benchmarks/random/b0_r5_c10_l10000_i50_ps0_15_pt0_95_j5_4.stl,79.626,4457009.6,sat
../resources/benchmarks/random/b0_r5_c10_l10000_i50_ps0_15_pt0_95_j5_5.stl,87.82600000000001,4406632,sat
../resources/benchmarks/random/b0_r5_c10_l10000_i50_ps0_1_pt0_33_j10_1.stl,0.07200000000000001,20127.2,sat
../resources/benchmarks/random/b0_r5_c10_l10000_i50_ps0_1_pt0_33_j10_2.stl,0.202,21607.2,sat
../resources/benchmarks/random/b0_r5_c10_l10000_i50_ps0_1_pt0_33_j10_3.stl,-1,-1,TO
../resources/benchmarks/random/b0_r5_c10_l10000_i50_ps0_1_pt0_33_j10_4.stl,-1,-1,TO
../resources/benchmarks/random/b0_r5_c10_l10000_i50_ps0_1_pt0_33_j10_5.stl,-1,-1,TO
../resources/benchmarks/random/b0_r5_c10_l10000_i50_ps0_1_pt0_33_j5_1.stl,0.26,70821.6,sat
../resources/benchmarks/random/b0_r5_c10_l10000_i50_ps0_1_pt0_33_j5_2.stl,0.01,32744.8,unsat
../resources/benchmarks/random/b0_r5_c10_l10000_i50_ps0_1_pt0_33_j5_3.stl,0.02,34293.6,sat
../resources/benchmarks/random/b0_r5_c10_l10000_i50_ps0_1_pt0_33_j5_4.stl,0.02,33036,unsat
../resources/benchmarks/random/b0_r5_c10_l10000_i50_ps0_1_pt0_33_j5_5.stl,-1,-1,TO
../resources/benchmarks/random/b0_r5_c10_l10000_i50_ps0_1_pt0_5_j10_1.stl,-1,-1,TO
../resources/benchmarks/random/b0_r5_c10_l10000_i50_ps0_1_pt0_5_j10_2.stl,-1,-1,TO
../resources/benchmarks/random/b0_r5_c10_l10000_i50_ps0_1_pt0_5_j10_3.stl,-1,-1,TO
../resources/benchmarks/random/b0_r5_c10_l10000_i50_ps0_1_pt0_5_j10_4.stl,-1,-1,TO
../resources/benchmarks/random/b0_r5_c10_l10000_i50_ps0_1_pt0_5_j10_5.stl,77.15,4773134.4,sat
../resources/benchmarks/random/b0_r5_c10_l10000_i50_ps0_1_pt0_5_j5_1.stl,0.934,141794.4,sat
../resources/benchmarks/random/b0_r5_c10_l10000_i50_ps0_1_pt0_5_j5_2.stl,0.05,42255.2,sat
../resources/benchmarks/random/b0_r5_c10_l10000_i50_ps0_1_pt0_5_j5_3.stl,114.378,4407862.4,sat
../resources/benchmarks/random/b0_r5_c10_l10000_i50_ps0_1_pt0_5_j5_4.stl,0.128,51193.6,sat
../resources/benchmarks/random/b0_r5_c10_l10000_i50_ps0_1_pt0_5_j5_5.stl,30.512,4423847.2,sat
../resources/benchmarks/random/b0_r5_c10_l10000_i50_ps0_1_pt0_75_j10_1.stl,-1,-1,TO
../resources/benchmarks/random/b0_r5_c10_l10000_i50_ps0_1_pt0_75_j10_2.stl,0.02,32410.4,unsat
../resources/benchmarks/random/b0_r5_c10_l10000_i50_ps0_1_pt0_75_j10_3.stl,3.286,138116.8,sat
../resources/benchmarks/random/b0_r5_c10_l10000_i50_ps0_1_pt0_75_j10_4.stl,-1,-1,TO
../resources/benchmarks/random/b0_r5_c10_l10000_i50_ps0_1_pt0_75_j10_5.stl,0.0,7776.8,unsat
../resources/benchmarks/random/b0_r5_c10_l10000_i50_ps0_1_pt0_75_j5_1.stl,-1,-1,TO
../resources/benchmarks/random/b0_r5_c10_l10000_i50_ps0_1_pt0_75_j5_2.stl,-1,-1,TO
../resources/benchmarks/random/b0_r5_c10_l10000_i50_ps0_1_pt0_75_j5_3.stl,0.0,7782.4,unsat
../resources/benchmarks/random/b0_r5_c10_l10000_i50_ps0_1_pt0_75_j5_4.stl,-1,-1,TO
../resources/benchmarks/random/b0_r5_c10_l10000_i50_ps0_1_pt0_75_j5_5.stl,-1,-1,TO
../resources/benchmarks/random/b0_r5_c10_l10000_i50_ps0_1_pt0_95_j10_1.stl,-1,-1,TO
../resources/benchmarks/random/b0_r5_c10_l10000_i50_ps0_1_pt0_95_j10_2.stl,0.004,7791.2,unsat
../resources/benchmarks/random/b0_r5_c10_l10000_i50_ps0_1_pt0_95_j10_3.stl,-1,-1,TO
../resources/benchmarks/random/b0_r5_c10_l10000_i50_ps0_1_pt0_95_j10_4.stl,3.462,146105.6,sat
../resources/benchmarks/random/b0_r5_c10_l10000_i50_ps0_1_pt0_95_j10_5.stl,0.002,7808.8,unsat
../resources/benchmarks/random/b0_r5_c10_l10000_i50_ps0_1_pt0_95_j5_1.stl,6.688,4487416,sat
../resources/benchmarks/random/b0_r5_c10_l10000_i50_ps0_1_pt0_95_j5_2.stl,0.01,32419.2,unsat
../resources/benchmarks/random/b0_r5_c10_l10000_i50_ps0_1_pt0_95_j5_3.stl,-1,-1,TO
../resources/benchmarks/random/b0_r5_c10_l10000_i50_ps0_1_pt0_95_j5_4.stl,0.086,62520.8,sat
../resources/benchmarks/random/b0_r5_c10_l10000_i50_ps0_1_pt0_95_j5_5.stl,9.386,4871762.4,sat
../resources/benchmarks/random/b0_r5_c10_l10000_i50_ps0_25_pt0_33_j10_1.stl,26.86,4517540,sat
../resources/benchmarks/random/b0_r5_c10_l10000_i50_ps0_25_pt0_33_j10_2.stl,0.0,7800.8,unsat
../resources/benchmarks/random/b0_r5_c10_l10000_i50_ps0_25_pt0_33_j10_3.stl,0.01,32127.2,unsat
../resources/benchmarks/random/b0_r5_c10_l10000_i50_ps0_25_pt0_33_j10_4.stl,0.01,33333.6,unsat
../resources/benchmarks/random/b0_r5_c10_l10000_i50_ps0_25_pt0_33_j10_5.stl,9.076,4330148,sat
../resources/benchmarks/random/b0_r5_c10_l10000_i50_ps0_25_pt0_33_j5_1.stl,0.02,38553.6,sat
../resources/benchmarks/random/b0_r5_c10_l10000_i50_ps0_25_pt0_33_j5_2.stl,0.05,46898.4,sat
../resources/benchmarks/random/b0_r5_c10_l10000_i50_ps0_25_pt0_33_j5_3.stl,4.898,4174107.2,sat
../resources/benchmarks/random/b0_r5_c10_l10000_i50_ps0_25_pt0_33_j5_4.stl,0.01,33992.8,sat
../resources/benchmarks/random/b0_r5_c10_l10000_i50_ps0_25_pt0_33_j5_5.stl,0.0,7788,unsat
../resources/benchmarks/random/b0_r5_c10_l10000_i50_ps0_25_pt0_5_j10_1.stl,-1,-1,TO
../resources/benchmarks/random/b0_r5_c10_l10000_i50_ps0_25_pt0_5_j10_2.stl,-1,-1,TO
../resources/benchmarks/random/b0_r5_c10_l10000_i50_ps0_25_pt0_5_j10_3.stl,0.0,7790.4,unsat
../resources/benchmarks/random/b0_r5_c10_l10000_i50_ps0_25_pt0_5_j10_4.stl,0.0,7799.2,unsat
../resources/benchmarks/random/b0_r5_c10_l10000_i50_ps0_25_pt0_5_j10_5.stl,0.0,7800,unsat
../resources/benchmarks/random/b0_r5_c10_l10000_i50_ps0_25_pt0_5_j5_1.stl,0.01,35165.6,sat
../resources/benchmarks/random/b0_r5_c10_l10000_i50_ps0_25_pt0_5_j5_2.stl,0.01,32746.4,sat
../resources/benchmarks/random/b0_r5_c10_l10000_i50_ps0_25_pt0_5_j5_3.stl,0.01,35184,sat
../resources/benchmarks/random/b0_r5_c10_l10000_i50_ps0_25_pt0_5_j5_4.stl,0.03,47168,sat
../resources/benchmarks/random/b0_r5_c10_l10000_i50_ps0_25_pt0_5_j5_5.stl,0.0,7792.8,sat
../resources/benchmarks/random/b0_r5_c10_l10000_i50_ps0_25_pt0_75_j10_1.stl,-1,-1,TO
../resources/benchmarks/random/b0_r5_c10_l10000_i50_ps0_25_pt0_75_j10_2.stl,0.08,37328,unsat
../resources/benchmarks/random/b0_r5_c10_l10000_i50_ps0_25_pt0_75_j10_3.stl,0.0,7768,unsat
../resources/benchmarks/random/b0_r5_c10_l10000_i50_ps0_25_pt0_75_j10_4.stl,0.0,7792,unsat
../resources/benchmarks/random/b0_r5_c10_l10000_i50_ps0_25_pt0_75_j10_5.stl,-1,-1,TO
../resources/benchmarks/random/b0_r5_c10_l10000_i50_ps0_25_pt0_75_j5_1.stl,0.01,32728.8,unsat
../resources/benchmarks/random/b0_r5_c10_l10000_i50_ps0_25_pt0_75_j5_2.stl,0.01,9339.2,sat
../resources/benchmarks/random/b0_r5_c10_l10000_i50_ps0_25_pt0_75_j5_3.stl,36.682,4316040,sat
../resources/benchmarks/random/b0_r5_c10_l10000_i50_ps0_25_pt0_75_j5_4.stl,0.05,48088.8,sat
../resources/benchmarks/random/b0_r5_c10_l10000_i50_ps0_25_pt0_75_j5_5.stl,0.052000000000000005,42568.8,sat
../resources/benchmarks/random/b0_r5_c10_l10000_i50_ps0_25_pt0_95_j10_1.stl,-1,-1,TO
../resources/benchmarks/random/b0_r5_c10_l10000_i50_ps0_25_pt0_95_j10_2.stl,0.0,7799.2,unsat
../resources/benchmarks/random/b0_r5_c10_l10000_i50_ps0_25_pt0_95_j10_3.stl,0.06,46856,sat
../resources/benchmarks/random/b0_r5_c10_l10000_i50_ps0_25_pt0_95_j10_4.stl,0.01,32727.2,unsat
../resources/benchmarks/random/b0_r5_c10_l10000_i50_ps0_25_pt0_95_j10_5.stl,-1,-1,TO
../resources/benchmarks/random/b0_r5_c10_l10000_i50_ps0_25_pt0_95_j5_1.stl,0.08,46888.8,sat
../resources/benchmarks/random/b0_r5_c10_l10000_i50_ps0_25_pt0_95_j5_2.stl,7.76,4377155.2,sat
../resources/benchmarks/random/b0_r5_c10_l10000_i50_ps0_25_pt0_95_j5_3.stl,0.0,7796.8,unsat
../resources/benchmarks/random/b0_r5_c10_l10000_i50_ps0_25_pt0_95_j5_4.stl,0.03,47183.2,unsat
../resources/benchmarks/random/b0_r5_c10_l10000_i50_ps0_25_pt0_95_j5_5.stl,0.324,9332.8,sat
../resources/benchmarks/random/b0_r5_c10_l10000_i50_ps0_2_pt0_33_j10_1.stl,0.02,33631.2,unsat
../resources/benchmarks/random/b0_r5_c10_l10000_i50_ps0_2_pt0_33_j10_2.stl,0.01,32406.4,unsat
../resources/benchmarks/random/b0_r5_c10_l10000_i50_ps0_2_pt0_33_j10_3.stl,0.01,33035.2,unsat
../resources/benchmarks/random/b0_r5_c10_l10000_i50_ps0_2_pt0_33_j10_4.stl,0.402,57927.2,sat
../resources/benchmarks/random/b0_r5_c10_l10000_i50_ps0_2_pt0_33_j10_5.stl,0.0,7815.2,unsat
../resources/benchmarks/random/b0_r5_c10_l10000_i50_ps0_2_pt0_33_j5_1.stl,0.1,45010.4,sat
../resources/benchmarks/random/b0_r5_c10_l10000_i50_ps0_2_pt0_33_j5_2.stl,4.8,4140312.8,sat
../resources/benchmarks/random/b0_r5_c10_l10000_i50_ps0_2_pt0_33_j5_3.stl,4.578,4108988.8,sat
../resources/benchmarks/random/b0_r5_c10_l10000_i50_ps0_2_pt0_33_j5_4.stl,0.01,34888.8,sat
../resources/benchmarks/random/b0_r5_c10_l10000_i50_ps0_2_pt0_33_j5_5.stl,4.4879999999999995,4084416,sat
../resources/benchmarks/random/b0_r5_c10_l10000_i50_ps0_2_pt0_5_j10_1.stl,93.708,4376266.4,sat
../resources/benchmarks/random/b0_r5_c10_l10000_i50_ps0_2_pt0_5_j10_2.stl,7.66,4366083.2,sat
../resources/benchmarks/random/b0_r5_c10_l10000_i50_ps0_2_pt0_5_j10_3.stl,-1,-1,TO
../resources/benchmarks/random/b0_r5_c10_l10000_i50_ps0_2_pt0_5_j10_4.stl,-1,-1,TO
../resources/benchmarks/random/b0_r5_c10_l10000_i50_ps0_2_pt0_5_j10_5.stl,-1,-1,TO
../resources/benchmarks/random/b0_r5_c10_l10000_i50_ps0_2_pt0_5_j5_1.stl,-1,-1,TO
../resources/benchmarks/random/b0_r5_c10_l10000_i50_ps0_2_pt0_5_j5_2.stl,-1,-1,TO
../resources/benchmarks/random/b0_r5_c10_l10000_i50_ps0_2_pt0_5_j5_3.stl,-1,-1,TO
../resources/benchmarks/random/b0_r5_c10_l10000_i50_ps0_2_pt0_5_j5_4.stl,0.02,41041.6,sat
../resources/benchmarks/random/b0_r5_c10_l10000_i50_ps0_2_pt0_5_j5_5.stl,0.04,56070.4,sat
../resources/benchmarks/random/b0_r5_c10_l10000_i50_ps0_2_pt0_75_j10_1.stl,0.0,7812,unsat
../resources/benchmarks/random/b0_r5_c10_l10000_i50_ps0_2_pt0_75_j10_2.stl,0.474,67456.8,sat
../resources/benchmarks/random/b0_r5_c10_l10000_i50_ps0_2_pt0_75_j10_3.stl,0.16,67140.8,sat
../resources/benchmarks/random/b0_r5_c10_l10000_i50_ps0_2_pt0_75_j10_4.stl,-1,-1,TO
../resources/benchmarks/random/b0_r5_c10_l10000_i50_ps0_2_pt0_75_j10_5.stl,6.428,4478852.8,sat
../resources/benchmarks/random/b0_r5_c10_l10000_i50_ps0_2_pt0_75_j5_1.stl,0.248,82188.8,sat
../resources/benchmarks/random/b0_r5_c10_l10000_i50_ps0_2_pt0_75_j5_2.stl,0.038,50533.6,sat
../resources/benchmarks/random/b0_r5_c10_l10000_i50_ps0_2_pt0_75_j5_3.stl,4.762,4081010.4,sat
../resources/benchmarks/random/b0_r5_c10_l10000_i50_ps0_2_pt0_75_j5_4.stl,0.05,42268,unsat
../resources/benchmarks/random/b0_r5_c10_l10000_i50_ps0_2_pt0_75_j5_5.stl,-1,-1,TO
../resources/benchmarks/random/b0_r5_c10_l10000_i50_ps0_2_pt0_95_j10_1.stl,0.27,58555.2,sat
../resources/benchmarks/random/b0_r5_c10_l10000_i50_ps0_2_pt0_95_j10_2.stl,0.734,75121.6,sat
../resources/benchmarks/random/b0_r5_c10_l10000_i50_ps0_2_pt0_95_j10_3.stl,8.804,4878804.8,sat
../resources/benchmarks/random/b0_r5_c10_l10000_i50_ps0_2_pt0_95_j10_4.stl,5.16,4213130.4,sat
../resources/benchmarks/random/b0_r5_c10_l10000_i50_ps0_2_pt0_95_j10_5.stl,0.14600000000000002,88020.8,sat
../resources/benchmarks/random/b0_r5_c10_l10000_i50_ps0_2_pt0_95_j5_1.stl,1.1239999999999999,460606.4,sat
../resources/benchmarks/random/b0_r5_c10_l10000_i50_ps0_2_pt0_95_j5_2.stl,9.938,4995848.8,sat
../resources/benchmarks/random/b0_r5_c10_l10000_i50_ps0_2_pt0_95_j5_3.stl,0.264,61917.6,sat
../resources/benchmarks/random/b0_r5_c10_l10000_i50_ps0_2_pt0_95_j5_4.stl,-1,-1,TO
../resources/benchmarks/random/b0_r5_c10_l10000_i50_ps0_2_pt0_95_j5_5.stl,4.482,4068418.4,sat
../resources/benchmarks/random/b0_r5_c10_l1000_i1000_ps0_05_pt0_33_j10_1.stl,-1,-1,TO
../resources/benchmarks/random/b0_r5_c10_l1000_i1000_ps0_05_pt0_33_j10_2.stl,-1,-1,TO
../resources/benchmarks/random/b0_r5_c10_l1000_i1000_ps0_05_pt0_33_j10_3.stl,-1,-1,TO
../resources/benchmarks/random/b0_r5_c10_l1000_i1000_ps0_05_pt0_33_j10_4.stl,-1,-1,TO
../resources/benchmarks/random/b0_r5_c10_l1000_i1000_ps0_05_pt0_33_j10_5.stl,-1,-1,TO
../resources/benchmarks/random/b0_r5_c10_l1000_i1000_ps0_05_pt0_33_j5_1.stl,-1,-1,TO
../resources/benchmarks/random/b0_r5_c10_l1000_i1000_ps0_05_pt0_33_j5_2.stl,-1,-1,TO
../resources/benchmarks/random/b0_r5_c10_l1000_i1000_ps0_05_pt0_33_j5_3.stl,-1,-1,TO
../resources/benchmarks/random/b0_r5_c10_l1000_i1000_ps0_05_pt0_33_j5_4.stl,-1,-1,TO
../resources/benchmarks/random/b0_r5_c10_l1000_i1000_ps0_05_pt0_33_j5_5.stl,-1,-1,TO
../resources/benchmarks/random/b0_r5_c10_l1000_i1000_ps0_05_pt0_5_j10_1.stl,-1,-1,TO
../resources/benchmarks/random/b0_r5_c10_l1000_i1000_ps0_05_pt0_5_j10_2.stl,-1,-1,TO
../resources/benchmarks/random/b0_r5_c10_l1000_i1000_ps0_05_pt0_5_j10_3.stl,-1,-1,TO
../resources/benchmarks/random/b0_r5_c10_l1000_i1000_ps0_05_pt0_5_j10_4.stl,-1,-1,TO
../resources/benchmarks/random/b0_r5_c10_l1000_i1000_ps0_05_pt0_5_j10_5.stl,-1,-1,TO
../resources/benchmarks/random/b0_r5_c10_l1000_i1000_ps0_05_pt0_5_j5_1.stl,6.154,1660583.2,sat
../resources/benchmarks/random/b0_r5_c10_l1000_i1000_ps0_05_pt0_5_j5_2.stl,2.44,121824,sat
../resources/benchmarks/random/b0_r5_c10_l1000_i1000_ps0_05_pt0_5_j5_3.stl,17.572,525202.4,sat
../resources/benchmarks/random/b0_r5_c10_l1000_i1000_ps0_05_pt0_5_j5_4.stl,-1,-1,TO
../resources/benchmarks/random/b0_r5_c10_l1000_i1000_ps0_05_pt0_5_j5_5.stl,-1,-1,TO
../resources/benchmarks/random/b0_r5_c10_l1000_i1000_ps0_05_pt0_75_j10_1.stl,-1,-1,TO
../resources/benchmarks/random/b0_r5_c10_l1000_i1000_ps0_05_pt0_75_j10_2.stl,-1,-1,TO
../resources/benchmarks/random/b0_r5_c10_l1000_i1000_ps0_05_pt0_75_j10_3.stl,-1,-1,TO
../resources/benchmarks/random/b0_r5_c10_l1000_i1000_ps0_05_pt0_75_j10_4.stl,-1,-1,TO
../resources/benchmarks/random/b0_r5_c10_l1000_i1000_ps0_05_pt0_75_j10_5.stl,-1,-1,TO
../resources/benchmarks/random/b0_r5_c10_l1000_i1000_ps0_05_pt0_75_j5_1.stl,-1,-1,TO
../resources/benchmarks/random/b0_r5_c10_l1000_i1000_ps0_05_pt0_75_j5_2.stl,-1,-1,TO
../resources/benchmarks/random/b0_r5_c10_l1000_i1000_ps0_05_pt0_75_j5_3.stl,50.188,417682.4,sat
../resources/benchmarks/random/b0_r5_c10_l1000_i1000_ps0_05_pt0_75_j5_4.stl,-1,-1,TO
../resources/benchmarks/random/b0_r5_c10_l1000_i1000_ps0_05_pt0_75_j5_5.stl,-1,-1,TO
../resources/benchmarks/random/b0_r5_c10_l1000_i1000_ps0_05_pt0_95_j10_1.stl,-1,-1,TO
../resources/benchmarks/random/b0_r5_c10_l1000_i1000_ps0_05_pt0_95_j10_2.stl,-1,-1,TO
../resources/benchmarks/random/b0_r5_c10_l1000_i1000_ps0_05_pt0_95_j10_3.stl,-1,-1,TO
../resources/benchmarks/random/b0_r5_c10_l1000_i1000_ps0_05_pt0_95_j10_4.stl,-1,-1,TO
../resources/benchmarks/random/b0_r5_c10_l1000_i1000_ps0_05_pt0_95_j10_5.stl,-1,-1,TO
../resources/benchmarks/random/b0_r5_c10_l1000_i1000_ps0_05_pt0_95_j5_1.stl,3.212,932844,sat
../resources/benchmarks/random/b0_r5_c10_l1000_i1000_ps0_05_pt0_95_j5_2.stl,-1,-1,TO
../resources/benchmarks/random/b0_r5_c10_l1000_i1000_ps0_05_pt0_95_j5_3.stl,-1,-1,TO
../resources/benchmarks/random/b0_r5_c10_l1000_i1000_ps0_05_pt0_95_j5_4.stl,-1,-1,TO
../resources/benchmarks/random/b0_r5_c10_l1000_i1000_ps0_05_pt0_95_j5_5.stl,26.242,628700.8,sat
../resources/benchmarks/random/b0_r5_c10_l1000_i1000_ps0_15_pt0_33_j10_1.stl,-1,-1,TO
../resources/benchmarks/random/b0_r5_c10_l1000_i1000_ps0_15_pt0_33_j10_2.stl,-1,-1,TO
../resources/benchmarks/random/b0_r5_c10_l1000_i1000_ps0_15_pt0_33_j10_3.stl,63.55,699652,sat
../resources/benchmarks/random/b0_r5_c10_l1000_i1000_ps0_15_pt0_33_j10_4.stl,2.49,626248,sat
../resources/benchmarks/random/b0_r5_c10_l1000_i1000_ps0_15_pt0_33_j10_5.stl,0.0,7798.4,unsat
../resources/benchmarks/random/b0_r5_c10_l1000_i1000_ps0_15_pt0_33_j5_1.stl,0.892,364532.8,sat
../resources/benchmarks/random/b0_r5_c10_l1000_i1000_ps0_15_pt0_33_j5_2.stl,0.01,32424,unsat
../resources/benchmarks/random/b0_r5_c10_l1000_i1000_ps0_15_pt0_33_j5_3.stl,1.014,527342.4,sat
../resources/benchmarks/random/b0_r5_c10_l1000_i1000_ps0_15_pt0_33_j5_4.stl,0.014,34889.6,sat
../resources/benchmarks/random/b0_r5_c10_l1000_i1000_ps0_15_pt0_33_j5_5.stl,-1,-1,TO
../resources/benchmarks/random/b0_r5_c10_l1000_i1000_ps0_15_pt0_5_j10_1.stl,39.74,416438.4,sat
../resources/benchmarks/random/b0_r5_c10_l1000_i1000_ps0_15_pt0_5_j10_2.stl,2.048,164808.8,sat
../resources/benchmarks/random/b0_r5_c10_l1000_i1000_ps0_15_pt0_5_j10_3.stl,0.0,7781.6,unsat
../resources/benchmarks/random/b0_r5_c10_l1000_i1000_ps0_15_pt0_5_j10_4.stl,17.042,633310.4,sat
../resources/benchmarks/random/b0_r5_c10_l1000_i1000_ps0_15_pt0_5_j10_5.stl,-1,-1,TO
../resources/benchmarks/random/b0_r5_c10_l1000_i1000_ps0_15_pt0_5_j5_1.stl,25.136,931908.8,sat
../resources/benchmarks/random/b0_r5_c10_l1000_i1000_ps0_15_pt0_5_j5_2.stl,0.01,38262.4,sat
../resources/benchmarks/random/b0_r5_c10_l1000_i1000_ps0_15_pt0_5_j5_3.stl,0.01,34556.8,sat
../resources/benchmarks/random/b0_r5_c10_l1000_i1000_ps0_15_pt0_5_j5_4.stl,-1,-1,TO
../resources/benchmarks/random/b0_r5_c10_l1000_i1000_ps0_15_pt0_5_j5_5.stl,83.008,507050.4,sat
../resources/benchmarks/random/b0_r5_c10_l1000_i1000_ps0_15_pt0_75_j10_1.stl,-1,-1,TO
../resources/benchmarks/random/b0_r5_c10_l1000_i1000_ps0_15_pt0_75_j10_2.stl,-1,-1,TO
../resources/benchmarks/random/b0_r5_c10_l1000_i1000_ps0_15_pt0_75_j10_3.stl,-1,-1,TO
../resources/benchmarks/random/b0_r5_c10_l1000_i1000_ps0_15_pt0_75_j10_4.stl,0.0,7792.8,unsat
../resources/benchmarks/random/b0_r5_c10_l1000_i1000_ps0_15_pt0_75_j10_5.stl,9.142,364496.8,unsat
../resources/benchmarks/random/b0_r5_c10_l1000_i1000_ps0_15_pt0_75_j5_1.stl,0.398,373727.2,sat
../resources/benchmarks/random/b0_r5_c10_l1000_i1000_ps0_15_pt0_75_j5_2.stl,0.604,338399.2,sat
../resources/benchmarks/random/b0_r5_c10_l1000_i1000_ps0_15_pt0_75_j5_3.stl,2.866,320887.2,sat
../resources/benchmarks/random/b0_r5_c10_l1000_i1000_ps0_15_pt0_75_j5_4.stl,15.288,269254.4,sat
../resources/benchmarks/random/b0_r5_c10_l1000_i1000_ps0_15_pt0_75_j5_5.stl,10.676,448683.2,sat
../resources/benchmarks/random/b0_r5_c10_l1000_i1000_ps0_15_pt0_95_j10_1.stl,6.702,270819.2,sat
../resources/benchmarks/random/b0_r5_c10_l1000_i1000_ps0_15_pt0_95_j10_2.stl,-1,-1,TO
../resources/benchmarks/random/b0_r5_c10_l1000_i1000_ps0_15_pt0_95_j10_3.stl,-1,-1,TO
../resources/benchmarks/random/b0_r5_c10_l1000_i1000_ps0_15_pt0_95_j10_4.stl,4.552,676939.2,sat
../resources/benchmarks/random/b0_r5_c10_l1000_i1000_ps0_15_pt0_95_j10_5.stl,0.0,7783.2,unsat
../resources/benchmarks/random/b0_r5_c10_l1000_i1000_ps0_15_pt0_95_j5_1.stl,0.19,191261.6,sat
../resources/benchmarks/random/b0_r5_c10_l1000_i1000_ps0_15_pt0_95_j5_2.stl,-1,-1,TO
../resources/benchmarks/random/b0_r5_c10_l1000_i1000_ps0_15_pt0_95_j5_3.stl,67.324,503985.6,sat
../resources/benchmarks/random/b0_r5_c10_l1000_i1000_ps0_15_pt0_95_j5_4.stl,0.25,120258.4,sat
../resources/benchmarks/random/b0_r5_c10_l1000_i1000_ps0_15_pt0_95_j5_5.stl,94.468,480604.8,sat
../resources/benchmarks/random/b0_r5_c10_l1000_i1000_ps0_1_pt0_33_j10_1.stl,-1,-1,TO
../resources/benchmarks/random/b0_r5_c10_l1000_i1000_ps0_1_pt0_33_j10_2.stl,-1,-1,TO
../resources/benchmarks/random/b0_r5_c10_l1000_i1000_ps0_1_pt0_33_j10_3.stl,80.372,7888709.6,sat
../resources/benchmarks/random/b0_r5_c10_l1000_i1000_ps0_1_pt0_33_j10_4.stl,0.0,7784.8,unsat
../resources/benchmarks/random/b0_r5_c10_l1000_i1000_ps0_1_pt0_33_j10_5.stl,0.02,12424,sat
../resources/benchmarks/random/b0_r5_c10_l1000_i1000_ps0_1_pt0_33_j5_1.stl,0.04,60692.8,sat
../resources/benchmarks/random/b0_r5_c10_l1000_i1000_ps0_1_pt0_33_j5_2.stl,0.016,34579.2,sat
../resources/benchmarks/random/b0_r5_c10_l1000_i1000_ps0_1_pt0_33_j5_3.stl,73.166,729461.6,sat
../resources/benchmarks/random/b0_r5_c10_l1000_i1000_ps0_1_pt0_33_j5_4.stl,-1,-1,TO
../resources/benchmarks/random/b0_r5_c10_l1000_i1000_ps0_1_pt0_33_j5_5.stl,-1,-1,TO
../resources/benchmarks/random/b0_r5_c10_l1000_i1000_ps0_1_pt0_5_j10_1.stl,-1,-1,TO
../resources/benchmarks/random/b0_r5_c10_l1000_i1000_ps0_1_pt0_5_j10_2.stl,66.91799999999999,322970.4,sat
../resources/benchmarks/random/b0_r5_c10_l1000_i1000_ps0_1_pt0_5_j10_3.stl,0.0,7812,unsat
../resources/benchmarks/random/b0_r5_c10_l1000_i1000_ps0_1_pt0_5_j10_4.stl,-1,-1,TO
../resources/benchmarks/random/b0_r5_c10_l1000_i1000_ps0_1_pt0_5_j10_5.stl,-1,-1,TO
../resources/benchmarks/random/b0_r5_c10_l1000_i1000_ps0_1_pt0_5_j5_1.stl,-1,-1,TO
../resources/benchmarks/random/b0_r5_c10_l1000_i1000_ps0_1_pt0_5_j5_2.stl,-1,-1,TO
../resources/benchmarks/random/b0_r5_c10_l1000_i1000_ps0_1_pt0_5_j5_3.stl,0.364,208134.4,sat
../resources/benchmarks/random/b0_r5_c10_l1000_i1000_ps0_1_pt0_5_j5_4.stl,-1,-1,TO
../resources/benchmarks/random/b0_r5_c10_l1000_i1000_ps0_1_pt0_5_j5_5.stl,18.364,254215.2,sat
../resources/benchmarks/random/b0_r5_c10_l1000_i1000_ps0_1_pt0_75_j10_1.stl,0.0,7813.6,unsat
../resources/benchmarks/random/b0_r5_c10_l1000_i1000_ps0_1_pt0_75_j10_2.stl,-1,-1,TO
../resources/benchmarks/random/b0_r5_c10_l1000_i1000_ps0_1_pt0_75_j10_3.stl,-1,-1,TO
../resources/benchmarks/random/b0_r5_c10_l1000_i1000_ps0_1_pt0_75_j10_4.stl,-1,-1,TO
../resources/benchmarks/random/b0_r5_c10_l1000_i1000_ps0_1_pt0_75_j10_5.stl,-1,-1,TO
../resources/benchmarks/random/b0_r5_c10_l1000_i1000_ps0_1_pt0_75_j5_1.stl,0.02,35805.6,sat
../resources/benchmarks/random/b0_r5_c10_l1000_i1000_ps0_1_pt0_75_j5_2.stl,0.0,7796.8,unsat
../resources/benchmarks/random/b0_r5_c10_l1000_i1000_ps0_1_pt0_75_j5_3.stl,-1,-1,TO
../resources/benchmarks/random/b0_r5_c10_l1000_i1000_ps0_1_pt0_75_j5_4.stl,24.564,1072009.6,sat
../resources/benchmarks/random/b0_r5_c10_l1000_i1000_ps0_1_pt0_75_j5_5.stl,117.356,473258.4,sat
../resources/benchmarks/random/b0_r5_c10_l1000_i1000_ps0_1_pt0_95_j10_1.stl,-1,-1,TO
../resources/benchmarks/random/b0_r5_c10_l1000_i1000_ps0_1_pt0_95_j10_2.stl,-1,-1,TO
../resources/benchmarks/random/b0_r5_c10_l1000_i1000_ps0_1_pt0_95_j10_3.stl,0.0,7792.8,unsat
../resources/benchmarks/random/b0_r5_c10_l1000_i1000_ps0_1_pt0_95_j10_4.stl,-1,-1,TO
../resources/benchmarks/random/b0_r5_c10_l1000_i1000_ps0_1_pt0_95_j10_5.stl,-1,-1,TO
../resources/benchmarks/random/b0_r5_c10_l1000_i1000_ps0_1_pt0_95_j5_1.stl,23.358,364809.6,sat
../resources/benchmarks/random/b0_r5_c10_l1000_i1000_ps0_1_pt0_95_j5_2.stl,4.176,1079356.8,sat
../resources/benchmarks/random/b0_r5_c10_l1000_i1000_ps0_1_pt0_95_j5_3.stl,-1,-1,TO
../resources/benchmarks/random/b0_r5_c10_l1000_i1000_ps0_1_pt0_95_j5_4.stl,-1,-1,TO
../resources/benchmarks/random/b0_r5_c10_l1000_i1000_ps0_1_pt0_95_j5_5.stl,1.922,563564,sat
../resources/benchmarks/random/b0_r5_c10_l1000_i1000_ps0_25_pt0_33_j10_1.stl,0.0,7788,unsat
../resources/benchmarks/random/b0_r5_c10_l1000_i1000_ps0_25_pt0_33_j10_2.stl,0.57,455745.6,sat
../resources/benchmarks/random/b0_r5_c10_l1000_i1000_ps0_25_pt0_33_j10_3.stl,0.01,33050.4,unsat
../resources/benchmarks/random/b0_r5_c10_l1000_i1000_ps0_25_pt0_33_j10_4.stl,0.674,463102.4,sat
../resources/benchmarks/random/b0_r5_c10_l1000_i1000_ps0_25_pt0_33_j10_5.stl,47.746,486456.8,sat
../resources/benchmarks/random/b0_r5_c10_l1000_i1000_ps0_25_pt0_33_j5_1.stl,0.22,221330.4,sat
../resources/benchmarks/random/b0_r5_c10_l1000_i1000_ps0_25_pt0_33_j5_2.stl,0.01,33051.2,sat
../resources/benchmarks/random/b0_r5_c10_l1000_i1000_ps0_25_pt0_33_j5_3.stl,0.478,416104,sat
../resources/benchmarks/random/b0_r5_c10_l1000_i1000_ps0_25_pt0_33_j5_4.stl,0.01,34610.4,sat
../resources/benchmarks/random/b0_r5_c10_l1000_i1000_ps0_25_pt0_33_j5_5.stl,0.22,211208.8,sat
../resources/benchmarks/random/b0_r5_c10_l1000_i1000_ps0_25_pt0_5_j10_1.stl,0.194,174059.2,sat
../resources/benchmarks/random/b0_r5_c10_l1000_i1000_ps0_25_pt0_5_j10_2.stl,0.374,339939.2,sat
../resources/benchmarks/random/b0_r5_c10_l1000_i1000_ps0_25_pt0_5_j10_3.stl,-1,-1,TO
../resources/benchmarks/random/b0_r5_c10_l1000_i1000_ps0_25_pt0_5_j10_4.stl,0.0,7777.6,unsat
../resources/benchmarks/random/b0_r5_c10_l1000_i1000_ps0_25_pt0_5_j10_5.stl,0.0,7802.4,unsat
../resources/benchmarks/random/b0_r5_c10_l1000_i1000_ps0_25_pt0_5_j5_1.stl,95.162,411808,sat
../resources/benchmarks/random/b0_r5_c10_l1000_i1000_ps0_25_pt0_5_j5_2.stl,-1,-1,TO
../resources/benchmarks/random/b0_r5_c10_l1000_i1000_ps0_25_pt0_5_j5_3.stl,0.064,77584,sat
../resources/benchmarks/random/b0_r5_c10_l1000_i1000_ps0_25_pt0_5_j5_4.stl,0.01,34556,sat
../resources/benchmarks/random/b0_r5_c10_l1000_i1000_ps0_25_pt0_5_j5_5.stl,0.01,33948.8,sat
../resources/benchmarks/random/b0_r5_c10_l1000_i1000_ps0_25_pt0_75_j10_1.stl,10.99,432092,sat
../resources/benchmarks/random/b0_r5_c10_l1000_i1000_ps0_25_pt0_75_j10_2.stl,0.0,7796.8,unsat
../resources/benchmarks/random/b0_r5_c10_l1000_i1000_ps0_25_pt0_75_j10_3.stl,-1,-1,TO
../resources/benchmarks/random/b0_r5_c10_l1000_i1000_ps0_25_pt0_75_j10_4.stl,1.482,441932,sat
../resources/benchmarks/random/b0_r5_c10_l1000_i1000_ps0_25_pt0_75_j10_5.stl,68.228,464941.6,sat
../resources/benchmarks/random/b0_r5_c10_l1000_i1000_ps0_25_pt0_75_j5_1.stl,0.25,200769.6,sat
../resources/benchmarks/random/b0_r5_c10_l1000_i1000_ps0_25_pt0_75_j5_2.stl,0.01,30892,unsat
../resources/benchmarks/random/b0_r5_c10_l1000_i1000_ps0_25_pt0_75_j5_3.stl,0.624,343006.4,sat
../resources/benchmarks/random/b0_r5_c10_l1000_i1000_ps0_25_pt0_75_j5_4.stl,0.078,53935.2,sat
../resources/benchmarks/random/b0_r5_c10_l1000_i1000_ps0_25_pt0_75_j5_5.stl,-1,-1,TO
../resources/benchmarks/random/b0_r5_c10_l1000_i1000_ps0_25_pt0_95_j10_1.stl,2.302,555256.8,sat
../resources/benchmarks/random/b0_r5_c10_l1000_i1000_ps0_25_pt0_95_j10_2.stl,-1,-1,TO
../resources/benchmarks/random/b0_r5_c10_l1000_i1000_ps0_25_pt0_95_j10_3.stl,-1,-1,TO
../resources/benchmarks/random/b0_r5_c10_l1000_i1000_ps0_25_pt0_95_j10_4.stl,-1,-1,TO
../resources/benchmarks/random/b0_r5_c10_l1000_i1000_ps0_25_pt0_95_j10_5.stl,0.0,7802.4,unsat
../resources/benchmarks/random/b0_r5_c10_l1000_i1000_ps0_25_pt0_95_j5_1.stl,0.736,488639.2,sat
../resources/benchmarks/random/b0_r5_c10_l1000_i1000_ps0_25_pt0_95_j5_2.stl,0.2,158701.6,sat
../resources/benchmarks/random/b0_r5_c10_l1000_i1000_ps0_25_pt0_95_j5_3.stl,28.396,249298.4,sat
../resources/benchmarks/random/b0_r5_c10_l1000_i1000_ps0_25_pt0_95_j5_4.stl,1.044,438235.2,sat
../resources/benchmarks/random/b0_r5_c10_l1000_i1000_ps0_25_pt0_95_j5_5.stl,32.058,289869.6,sat
../resources/benchmarks/random/b0_r5_c10_l1000_i1000_ps0_2_pt0_33_j10_1.stl,86.726,459116.8,sat
../resources/benchmarks/random/b0_r5_c10_l1000_i1000_ps0_2_pt0_33_j10_2.stl,1.614,130415.2,unsat
../resources/benchmarks/random/b0_r5_c10_l1000_i1000_ps0_2_pt0_33_j10_3.stl,11.522,283725.6,sat
../resources/benchmarks/random/b0_r5_c10_l1000_i1000_ps0_2_pt0_33_j10_4.stl,0.0,7821.6,unsat
../resources/benchmarks/random/b0_r5_c10_l1000_i1000_ps0_2_pt0_33_j10_5.stl,80.486,480020.8,sat
../resources/benchmarks/random/b0_r5_c10_l1000_i1000_ps0_2_pt0_33_j5_1.stl,0.07200000000000001,76641.6,sat
../resources/benchmarks/random/b0_r5_c10_l1000_i1000_ps0_2_pt0_33_j5_2.stl,0.01,30912.8,unsat
../resources/benchmarks/random/b0_r5_c10_l1000_i1000_ps0_2_pt0_33_j5_3.stl,0.384,325481.6,sat
../resources/benchmarks/random/b0_r5_c10_l1000_i1000_ps0_2_pt0_33_j5_4.stl,0.01,32713.6,sat
../resources/benchmarks/random/b0_r5_c10_l1000_i1000_ps0_2_pt0_33_j5_5.stl,0.01,34258.4,sat
../resources/benchmarks/random/b0_r5_c10_l1000_i1000_ps0_2_pt0_5_j10_1.stl,-1,-1,TO
../resources/benchmarks/random/b0_r5_c10_l1000_i1000_ps0_2_pt0_5_j10_2.stl,112.892,437289.6,sat
../resources/benchmarks/random/b0_r5_c10_l1000_i1000_ps0_2_pt0_5_j10_3.stl,0.01,32732,unsat
../resources/benchmarks/random/b0_r5_c10_l1000_i1000_ps0_2_pt0_5_j10_4.stl,0.01,32115.2,unsat
../resources/benchmarks/random/b0_r5_c10_l1000_i1000_ps0_2_pt0_5_j10_5.stl,0.1,68682.4,sat
../resources/benchmarks/random/b0_r5_c10_l1000_i1000_ps0_2_pt0_5_j5_1.stl,-1,-1,TO
../resources/benchmarks/random/b0_r5_c10_l1000_i1000_ps0_2_pt0_5_j5_2.stl,8.246,155306.4,sat
../resources/benchmarks/random/b0_r5_c10_l1000_i1000_ps0_2_pt0_5_j5_3.stl,0.0,7807.2,unsat
../resources/benchmarks/random/b0_r5_c10_l1000_i1000_ps0_2_pt0_5_j5_4.stl,0.294,276954.4,sat
../resources/benchmarks/random/b0_r5_c10_l1000_i1000_ps0_2_pt0_5_j5_5.stl,0.0,7798.4,unsat
../resources/benchmarks/random/b0_r5_c10_l1000_i1000_ps0_2_pt0_75_j10_1.stl,-1,-1,TO
../resources/benchmarks/random/b0_r5_c10_l1000_i1000_ps0_2_pt0_75_j10_2.stl,65.33,561435.2,sat
../resources/benchmarks/random/b0_r5_c10_l1000_i1000_ps0_2_pt0_75_j10_3.stl,-1,-1,TO
../resources/benchmarks/random/b0_r5_c10_l1000_i1000_ps0_2_pt0_75_j10_4.stl,-1,-1,TO
../resources/benchmarks/random/b0_r5_c10_l1000_i1000_ps0_2_pt0_75_j10_5.stl,0.01,32419.2,unsat
../resources/benchmarks/random/b0_r5_c10_l1000_i1000_ps0_2_pt0_75_j5_1.stl,0.868,426232.8,sat
../resources/benchmarks/random/b0_r5_c10_l1000_i1000_ps0_2_pt0_75_j5_2.stl,0.456,160203.2,sat
../resources/benchmarks/random/b0_r5_c10_l1000_i1000_ps0_2_pt0_75_j5_3.stl,-1,-1,TO
../resources/benchmarks/random/b0_r5_c10_l1000_i1000_ps0_2_pt0_75_j5_4.stl,0.398,322130.4,sat
../resources/benchmarks/random/b0_r5_c10_l1000_i1000_ps0_2_pt0_75_j5_5.stl,6.358,149462.4,sat
../resources/benchmarks/random/b0_r5_c10_l1000_i1000_ps0_2_pt0_95_j10_1.stl,-1,-1,TO
../resources/benchmarks/random/b0_r5_c10_l1000_i1000_ps0_2_pt0_95_j10_2.stl,11.336,187578.4,sat
../resources/benchmarks/random/b0_r5_c10_l1000_i1000_ps0_2_pt0_95_j10_3.stl,35.026,403220.8,sat
../resources/benchmarks/random/b0_r5_c10_l1000_i1000_ps0_2_pt0_95_j10_4.stl,0.664,468332,sat
../resources/benchmarks/random/b0_r5_c10_l1000_i1000_ps0_2_pt0_95_j10_5.stl,-1,-1,TO
../resources/benchmarks/random/b0_r5_c10_l1000_i1000_ps0_2_pt0_95_j5_1.stl,1.454,523323.2,sat
../resources/benchmarks/random/b0_r5_c10_l1000_i1000_ps0_2_pt0_95_j5_2.stl,0.994,406584,sat
../resources/benchmarks/random/b0_r5_c10_l1000_i1000_ps0_2_pt0_95_j5_3.stl,-1,-1,TO
../resources/benchmarks/random/b0_r5_c10_l1000_i1000_ps0_2_pt0_95_j5_4.stl,0.268,260342.4,sat
../resources/benchmarks/random/b0_r5_c10_l1000_i1000_ps0_2_pt0_95_j5_5.stl,80.694,383548.8,sat
../resources/benchmarks/random/b0_r5_c10_l1000_i50_ps0_05_pt0_33_j10_1.stl,-1,-1,TO
../resources/benchmarks/random/b0_r5_c10_l1000_i50_ps0_05_pt0_33_j10_2.stl,-1,-1,TO
../resources/benchmarks/random/b0_r5_c10_l1000_i50_ps0_05_pt0_33_j10_3.stl,-1,-1,TO
../resources/benchmarks/random/b0_r5_c10_l1000_i50_ps0_05_pt0_33_j10_4.stl,-1,-1,TO
../resources/benchmarks/random/b0_r5_c10_l1000_i50_ps0_05_pt0_33_j10_5.stl,-1,-1,TO
../resources/benchmarks/random/b0_r5_c10_l1000_i50_ps0_05_pt0_33_j5_1.stl,33.066,745741.6,sat
../resources/benchmarks/random/b0_r5_c10_l1000_i50_ps0_05_pt0_33_j5_2.stl,0.48,71416,sat
../resources/benchmarks/random/b0_r5_c10_l1000_i50_ps0_05_pt0_33_j5_3.stl,-1,-1,TO
../resources/benchmarks/random/b0_r5_c10_l1000_i50_ps0_05_pt0_33_j5_4.stl,22.316,602294.4,sat
../resources/benchmarks/random/b0_r5_c10_l1000_i50_ps0_05_pt0_33_j5_5.stl,-1,-1,TO
../resources/benchmarks/random/b0_r5_c10_l1000_i50_ps0_05_pt0_5_j10_1.stl,-1,-1,TO
../resources/benchmarks/random/b0_r5_c10_l1000_i50_ps0_05_pt0_5_j10_2.stl,-1,-1,TO
../resources/benchmarks/random/b0_r5_c10_l1000_i50_ps0_05_pt0_5_j10_3.stl,-1,-1,TO
../resources/benchmarks/random/b0_r5_c10_l1000_i50_ps0_05_pt0_5_j10_4.stl,-1,-1,TO
../resources/benchmarks/random/b0_r5_c10_l1000_i50_ps0_05_pt0_5_j10_5.stl,-1,-1,TO
../resources/benchmarks/random/b0_r5_c10_l1000_i50_ps0_05_pt0_5_j5_1.stl,0.46599999999999997,105519.2,sat
../resources/benchmarks/random/b0_r5_c10_l1000_i50_ps0_05_pt0_5_j5_2.stl,16.314,743905.6,sat
../resources/benchmarks/random/b0_r5_c10_l1000_i50_ps0_05_pt0_5_j5_3.stl,-1,-1,TO
../resources/benchmarks/random/b0_r5_c10_l1000_i50_ps0_05_pt0_5_j5_4.stl,-1,-1,TO
../resources/benchmarks/random/b0_r5_c10_l1000_i50_ps0_05_pt0_5_j5_5.stl,-1,-1,TO
../resources/benchmarks/random/b0_r5_c10_l1000_i50_ps0_05_pt0_75_j10_1.stl,-1,-1,TO
../resources/benchmarks/random/b0_r5_c10_l1000_i50_ps0_05_pt0_75_j10_2.stl,14.138,612400.8,sat
../resources/benchmarks/random/b0_r5_c10_l1000_i50_ps0_05_pt0_75_j10_3.stl,-1,-1,TO
../resources/benchmarks/random/b0_r5_c10_l1000_i50_ps0_05_pt0_75_j10_4.stl,-1,-1,TO
../resources/benchmarks/random/b0_r5_c10_l1000_i50_ps0_05_pt0_75_j10_5.stl,-1,-1,TO
../resources/benchmarks/random/b0_r5_c10_l1000_i50_ps0_05_pt0_75_j5_1.stl,-1,-1,TO
../resources/benchmarks/random/b0_r5_c10_l1000_i50_ps0_05_pt0_75_j5_2.stl,0.16,40714.4,unsat
../resources/benchmarks/random/b0_r5_c10_l1000_i50_ps0_05_pt0_75_j5_3.stl,0.03,9365.6,unsat
../resources/benchmarks/random/b0_r5_c10_l1000_i50_ps0_05_pt0_75_j5_4.stl,0.996,236400.8,sat
../resources/benchmarks/random/b0_r5_c10_l1000_i50_ps0_05_pt0_75_j5_5.stl,-1,-1,TO
../resources/benchmarks/random/b0_r5_c10_l1000_i50_ps0_05_pt0_95_j10_1.stl,0.1,15496.8,unsat
../resources/benchmarks/random/b0_r5_c10_l1000_i50_ps0_05_pt0_95_j10_2.stl,-1,-1,TO
../resources/benchmarks/random/b0_r5_c10_l1000_i50_ps0_05_pt0_95_j10_3.stl,-1,-1,TO
../resources/benchmarks/random/b0_r5_c10_l1000_i50_ps0_05_pt0_95_j10_4.stl,-1,-1,TO
../resources/benchmarks/random/b0_r5_c10_l1000_i50_ps0_05_pt0_95_j10_5.stl,-1,-1,TO
../resources/benchmarks/random/b0_r5_c10_l1000_i50_ps0_05_pt0_95_j5_1.stl,10.096,2350238.4,sat
../resources/benchmarks/random/b0_r5_c10_l1000_i50_ps0_05_pt0_95_j5_2.stl,15.530000000000001,1349409.6,sat
../resources/benchmarks/random/b0_r5_c10_l1000_i50_ps0_05_pt0_95_j5_3.stl,-1,-1,TO
../resources/benchmarks/random/b0_r5_c10_l1000_i50_ps0_05_pt0_95_j5_4.stl,-1,-1,TO
../resources/benchmarks/random/b0_r5_c10_l1000_i50_ps0_05_pt0_95_j5_5.stl,16.852,450214.4,sat
../resources/benchmarks/random/b0_r5_c10_l1000_i50_ps0_15_pt0_33_j10_1.stl,0.09,51172,sat
../resources/benchmarks/random/b0_r5_c10_l1000_i50_ps0_15_pt0_33_j10_2.stl,0.506,447727.2,sat
../resources/benchmarks/random/b0_r5_c10_l1000_i50_ps0_15_pt0_33_j10_3.stl,0.0,7826.4,unsat
../resources/benchmarks/random/b0_r5_c10_l1000_i50_ps0_15_pt0_33_j10_4.stl,-1,-1,TO
../resources/benchmarks/random/b0_r5_c10_l1000_i50_ps0_15_pt0_33_j10_5.stl,0.22,54220.8,sat
../resources/benchmarks/random/b0_r5_c10_l1000_i50_ps0_15_pt0_33_j5_1.stl,0.15,50239.2,sat
../resources/benchmarks/random/b0_r5_c10_l1000_i50_ps0_15_pt0_33_j5_2.stl,0.07200000000000001,55148.8,sat
../resources/benchmarks/random/b0_r5_c10_l1000_i50_ps0_15_pt0_33_j5_3.stl,0.01,33040,sat
../resources/benchmarks/random/b0_r5_c10_l1000_i50_ps0_15_pt0_33_j5_4.stl,0.03,40738.4,sat
../resources/benchmarks/random/b0_r5_c10_l1000_i50_ps0_15_pt0_33_j5_5.stl,0.01,36409.6,sat
../resources/benchmarks/random/b0_r5_c10_l1000_i50_ps0_15_pt0_5_j10_1.stl,1.43,169735.2,sat
../resources/benchmarks/random/b0_r5_c10_l1000_i50_ps0_15_pt0_5_j10_2.stl,-1,-1,TO
../resources/benchmarks/random/b0_r5_c10_l1000_i50_ps0_15_pt0_5_j10_3.stl,0.664,72662.4,sat
../resources/benchmarks/random/b0_r5_c10_l1000_i50_ps0_15_pt0_5_j10_4.stl,15.408,704271.2,sat
../resources/benchmarks/random/b0_r5_c10_l1000_i50_ps0_15_pt0_5_j10_5.stl,-1,-1,TO
../resources/benchmarks/random/b0_r5_c10_l1000_i50_ps0_15_pt0_5_j5_1.stl,2.628,472347.2,sat
../resources/benchmarks/random/b0_r5_c10_l1000_i50_ps0_15_pt0_5_j5_2.stl,0.756,479088.8,sat
../resources/benchmarks/random/b0_r5_c10_l1000_i50_ps0_15_pt0_5_j5_3.stl,6.782,491080.8,sat
../resources/benchmarks/random/b0_r5_c10_l1000_i50_ps0_15_pt0_5_j5_4.stl,0.454,424116.8,sat
../resources/benchmarks/random/b0_r5_c10_l1000_i50_ps0_15_pt0_5_j5_5.stl,0.844,97248,sat
../resources/benchmarks/random/b0_r5_c10_l1000_i50_ps0_15_pt0_75_j10_1.stl,-1,-1,TO
../resources/benchmarks/random/b0_r5_c10_l1000_i50_ps0_15_pt0_75_j10_2.stl,0.122,33333.6,unsat
../resources/benchmarks/random/b0_r5_c10_l1000_i50_ps0_15_pt0_75_j10_3.stl,-1,-1,TO
../resources/benchmarks/random/b0_r5_c10_l1000_i50_ps0_15_pt0_75_j10_4.stl,-1,-1,TO
../resources/benchmarks/random/b0_r5_c10_l1000_i50_ps0_15_pt0_75_j10_5.stl,-1,-1,TO
../resources/benchmarks/random/b0_r5_c10_l1000_i50_ps0_15_pt0_75_j5_1.stl,0.498,60675.2,sat
../resources/benchmarks/random/b0_r5_c10_l1000_i50_ps0_15_pt0_75_j5_2.stl,0.092,53928.8,sat
../resources/benchmarks/random/b0_r5_c10_l1000_i50_ps0_15_pt0_75_j5_3.stl,4.8420000000000005,483373.6,sat
../resources/benchmarks/random/b0_r5_c10_l1000_i50_ps0_15_pt0_75_j5_4.stl,0.484,426243.2,sat
../resources/benchmarks/random/b0_r5_c10_l1000_i50_ps0_15_pt0_75_j5_5.stl,8.764,434846.4,sat
../resources/benchmarks/random/b0_r5_c10_l1000_i50_ps0_15_pt0_95_j10_1.stl,-1,-1,TO
../resources/benchmarks/random/b0_r5_c10_l1000_i50_ps0_15_pt0_95_j10_2.stl,19.996000000000002,536248.8,sat
../resources/benchmarks/random/b0_r5_c10_l1000_i50_ps0_15_pt0_95_j10_3.stl,11.7,509505.6,sat
../resources/benchmarks/random/b0_r5_c10_l1000_i50_ps0_15_pt0_95_j10_4.stl,-1,-1,TO
../resources/benchmarks/random/b0_r5_c10_l1000_i50_ps0_15_pt0_95_j10_5.stl,-1,-1,TO
../resources/benchmarks/random/b0_r5_c10_l1000_i50_ps0_15_pt0_95_j5_1.stl,-1,-1,TO
../resources/benchmarks/random/b0_r5_c10_l1000_i50_ps0_15_pt0_95_j5_2.stl,1.868,62246.4,sat
../resources/benchmarks/random/b0_r5_c10_l1000_i50_ps0_15_pt0_95_j5_3.stl,0.5,60975.2,sat
../resources/benchmarks/random/b0_r5_c10_l1000_i50_ps0_15_pt0_95_j5_4.stl,-1,-1,TO
../resources/benchmarks/random/b0_r5_c10_l1000_i50_ps0_15_pt0_95_j5_5.stl,-1,-1,TO
../resources/benchmarks/random/b0_r5_c10_l1000_i50_ps0_1_pt0_33_j10_1.stl,-1,-1,TO
../resources/benchmarks/random/b0_r5_c10_l1000_i50_ps0_1_pt0_33_j10_2.stl,-1,-1,TO
../resources/benchmarks/random/b0_r5_c10_l1000_i50_ps0_1_pt0_33_j10_3.stl,-1,-1,TO
../resources/benchmarks/random/b0_r5_c10_l1000_i50_ps0_1_pt0_33_j10_4.stl,0.0,7796.8,unsat
../resources/benchmarks/random/b0_r5_c10_l1000_i50_ps0_1_pt0_33_j10_5.stl,0.474,65286.4,sat
../resources/benchmarks/random/b0_r5_c10_l1000_i50_ps0_1_pt0_33_j5_1.stl,0.55,445912,sat
../resources/benchmarks/random/b0_r5_c10_l1000_i50_ps0_1_pt0_33_j5_2.stl,0.0,7784.8,unsat
../resources/benchmarks/random/b0_r5_c10_l1000_i50_ps0_1_pt0_33_j5_3.stl,-1,-1,TO
../resources/benchmarks/random/b0_r5_c10_l1000_i50_ps0_1_pt0_33_j5_4.stl,-1,-1,TO
../resources/benchmarks/random/b0_r5_c10_l1000_i50_ps0_1_pt0_33_j5_5.stl,0.018000000000000002,34565.6,sat
../resources/benchmarks/random/b0_r5_c10_l1000_i50_ps0_1_pt0_5_j10_1.stl,-1,-1,TO
../resources/benchmarks/random/b0_r5_c10_l1000_i50_ps0_1_pt0_5_j10_2.stl,-1,-1,TO
../resources/benchmarks/random/b0_r5_c10_l1000_i50_ps0_1_pt0_5_j10_3.stl,17.25,585407.2,sat
../resources/benchmarks/random/b0_r5_c10_l1000_i50_ps0_1_pt0_5_j10_4.stl,19.28,445275.2,sat
../resources/benchmarks/random/b0_r5_c10_l1000_i50_ps0_1_pt0_5_j10_5.stl,-1,-1,TO
../resources/benchmarks/random/b0_r5_c10_l1000_i50_ps0_1_pt0_5_j5_1.stl,0.13,65274.4,sat
../resources/benchmarks/random/b0_r5_c10_l1000_i50_ps0_1_pt0_5_j5_2.stl,43.974000000000004,712581.6,sat
../resources/benchmarks/random/b0_r5_c10_l1000_i50_ps0_1_pt0_5_j5_3.stl,0.01,33323.2,unsat
../resources/benchmarks/random/b0_r5_c10_l1000_i50_ps0_1_pt0_5_j5_4.stl,18.448,474169.6,sat
../resources/benchmarks/random/b0_r5_c10_l1000_i50_ps0_1_pt0_5_j5_5.stl,0.02,36708,sat
../resources/benchmarks/random/b0_r5_c10_l1000_i50_ps0_1_pt0_75_j10_1.stl,0.24,77272,sat
../resources/benchmarks/random/b0_r5_c10_l1000_i50_ps0_1_pt0_75_j10_2.stl,112.77,874771.2,sat
../resources/benchmarks/random/b0_r5_c10_l1000_i50_ps0_1_pt0_75_j10_3.stl,-1,-1,TO
../resources/benchmarks/random/b0_r5_c10_l1000_i50_ps0_1_pt0_75_j10_4.stl,-1,-1,TO
../resources/benchmarks/random/b0_r5_c10_l1000_i50_ps0_1_pt0_75_j10_5.stl,-1,-1,TO
../resources/benchmarks/random/b0_r5_c10_l1000_i50_ps0_1_pt0_75_j5_1.stl,0.08,56065.6,sat
../resources/benchmarks/random/b0_r5_c10_l1000_i50_ps0_1_pt0_75_j5_2.stl,0.95,464636,sat
../resources/benchmarks/random/b0_r5_c10_l1000_i50_ps0_1_pt0_75_j5_3.stl,0.41,68990.4,sat
../resources/benchmarks/random/b0_r5_c10_l1000_i50_ps0_1_pt0_75_j5_4.stl,17.48,459424.8,sat
../resources/benchmarks/random/b0_r5_c10_l1000_i50_ps0_1_pt0_75_j5_5.stl,2.176,644055.2,sat
../resources/benchmarks/random/b0_r5_c10_l1000_i50_ps0_1_pt0_95_j10_1.stl,-1,-1,TO
../resources/benchmarks/random/b0_r5_c10_l1000_i50_ps0_1_pt0_95_j10_2.stl,69.556,879960.8,sat
../resources/benchmarks/random/b0_r5_c10_l1000_i50_ps0_1_pt0_95_j10_3.stl,-1,-1,TO
../resources/benchmarks/random/b0_r5_c10_l1000_i50_ps0_1_pt0_95_j10_4.stl,8.704,482498.4,sat
../resources/benchmarks/random/b0_r5_c10_l1000_i50_ps0_1_pt0_95_j10_5.stl,-1,-1,TO
../resources/benchmarks/random/b0_r5_c10_l1000_i50_ps0_1_pt0_95_j5_1.stl,22.058,578639.2,sat
../resources/benchmarks/random/b0_r5_c10_l1000_i50_ps0_1_pt0_95_j5_2.stl,-1,-1,TO
../resources/benchmarks/random/b0_r5_c10_l1000_i50_ps0_1_pt0_95_j5_3.stl,59.722,767562.4,sat
../resources/benchmarks/random/b0_r5_c10_l1000_i50_ps0_1_pt0_95_j5_4.stl,0.0,7812,unsat
../resources/benchmarks/random/b0_r5_c10_l1000_i50_ps0_1_pt0_95_j5_5.stl,45.132,674449.6,sat
../resources/benchmarks/random/b0_r5_c10_l1000_i50_ps0_25_pt0_33_j10_1.stl,0.01,33042.4,sat
../resources/benchmarks/random/b0_r5_c10_l1000_i50_ps0_25_pt0_33_j10_2.stl,0.132,45320.8,sat
../resources/benchmarks/random/b0_r5_c10_l1000_i50_ps0_25_pt0_33_j10_3.stl,0.0,7789.6,unsat
../resources/benchmarks/random/b0_r5_c10_l1000_i50_ps0_25_pt0_33_j10_4.stl,0.0,7773.6,unsat
../resources/benchmarks/random/b0_r5_c10_l1000_i50_ps0_25_pt0_33_j10_5.stl,33.34,441615.2,sat
../resources/benchmarks/random/b0_r5_c10_l1000_i50_ps0_25_pt0_33_j5_1.stl,0.01,34243.2,sat
../resources/benchmarks/random/b0_r5_c10_l1000_i50_ps0_25_pt0_33_j5_2.stl,0.01,34264.8,sat
../resources/benchmarks/random/b0_r5_c10_l1000_i50_ps0_25_pt0_33_j5_3.stl,0.01,32419.2,sat
../resources/benchmarks/random/b0_r5_c10_l1000_i50_ps0_25_pt0_33_j5_4.stl,0.01,33639.2,sat
../resources/benchmarks/random/b0_r5_c10_l1000_i50_ps0_25_pt0_33_j5_5.stl,0.026,45332,sat
../resources/benchmarks/random/b0_r5_c10_l1000_i50_ps0_25_pt0_5_j10_1.stl,0.95,419500.8,sat
../resources/benchmarks/random/b0_r5_c10_l1000_i50_ps0_25_pt0_5_j10_2.stl,-1,-1,TO
../resources/benchmarks/random/b0_r5_c10_l1000_i50_ps0_25_pt0_5_j10_3.stl,0.01,32444.8,unsat
../resources/benchmarks/random/b0_r5_c10_l1000_i50_ps0_25_pt0_5_j10_4.stl,0.01,33347.2,unsat
../resources/benchmarks/random/b0_r5_c10_l1000_i50_ps0_25_pt0_5_j10_5.stl,9.592,464637.6,sat
../resources/benchmarks/random/b0_r5_c10_l1000_i50_ps0_25_pt0_5_j5_1.stl,0.01,34254.4,sat
../resources/benchmarks/random/b0_r5_c10_l1000_i50_ps0_25_pt0_5_j5_2.stl,0.372,51468.8,sat
../resources/benchmarks/random/b0_r5_c10_l1000_i50_ps0_25_pt0_5_j5_3.stl,0.458,425939.2,sat
../resources/benchmarks/random/b0_r5_c10_l1000_i50_ps0_25_pt0_5_j5_4.stl,0.02,41952.8,sat
../resources/benchmarks/random/b0_r5_c10_l1000_i50_ps0_25_pt0_5_j5_5.stl,0.03,50239.2,sat
../resources/benchmarks/random/b0_r5_c10_l1000_i50_ps0_25_pt0_75_j10_1.stl,0.0,7766.4,unsat
../resources/benchmarks/random/b0_r5_c10_l1000_i50_ps0_25_pt0_75_j10_2.stl,9.934,493866.4,sat
../resources/benchmarks/random/b0_r5_c10_l1000_i50_ps0_25_pt0_75_j10_3.stl,38.589999999999996,477892,sat
../resources/benchmarks/random/b0_r5_c10_l1000_i50_ps0_25_pt0_75_j10_4.stl,13.0,472346.4,sat
../resources/benchmarks/random/b0_r5_c10_l1000_i50_ps0_25_pt0_75_j10_5.stl,20.564,468956,sat
../resources/benchmarks/random/b0_r5_c10_l1000_i50_ps0_25_pt0_75_j5_1.stl,0.03,48698.4,sat
../resources/benchmarks/random/b0_r5_c10_l1000_i50_ps0_25_pt0_75_j5_2.stl,0.01,33351.2,sat
../resources/benchmarks/random/b0_r5_c10_l1000_i50_ps0_25_pt0_75_j5_3.stl,0.146,68664,unsat
../resources/benchmarks/random/b0_r5_c10_l1000_i50_ps0_25_pt0_75_j5_4.stl,0.464,423471.2,sat
../resources/benchmarks/random/b0_r5_c10_l1000_i50_ps0_25_pt0_75_j5_5.stl,0.04,48089.6,sat
../resources/benchmarks/random/b0_r5_c10_l1000_i50_ps0_25_pt0_95_j10_1.stl,0.01,32412,unsat
../resources/benchmarks/random/b0_r5_c10_l1000_i50_ps0_25_pt0_95_j10_2.stl,0.0,7821.6,unsat
../resources/benchmarks/random/b0_r5_c10_l1000_i50_ps0_25_pt0_95_j10_3.stl,14.036,460650.4,sat
../resources/benchmarks/random/b0_r5_c10_l1000_i50_ps0_25_pt0_95_j10_4.stl,2.782,504269.6,sat
../resources/benchmarks/random/b0_r5_c10_l1000_i50_ps0_25_pt0_95_j10_5.stl,-1,-1,TO
../resources/benchmarks/random/b0_r5_c10_l1000_i50_ps0_25_pt0_95_j5_1.stl,0.44,421965.6,sat
../resources/benchmarks/random/b0_r5_c10_l1000_i50_ps0_25_pt0_95_j5_2.stl,22.976,475711.2,sat
../resources/benchmarks/random/b0_r5_c10_l1000_i50_ps0_25_pt0_95_j5_3.stl,0.082,56083.2,sat
../resources/benchmarks/random/b0_r5_c10_l1000_i50_ps0_25_pt0_95_j5_4.stl,-1,-1,TO
../resources/benchmarks/random/b0_r5_c10_l1000_i50_ps0_25_pt0_95_j5_5.stl,-1,-1,TO
../resources/benchmarks/random/b0_r5_c10_l1000_i50_ps0_2_pt0_33_j10_1.stl,0.02,35817.6,sat
../resources/benchmarks/random/b0_r5_c10_l1000_i50_ps0_2_pt0_33_j10_2.stl,7.054,494779.2,sat
../resources/benchmarks/random/b0_r5_c10_l1000_i50_ps0_2_pt0_33_j10_3.stl,-1,-1,TO
../resources/benchmarks/random/b0_r5_c10_l1000_i50_ps0_2_pt0_33_j10_4.stl,1.62,442825.6,sat
../resources/benchmarks/random/b0_r5_c10_l1000_i50_ps0_2_pt0_33_j10_5.stl,0.164,53011.2,sat
../resources/benchmarks/random/b0_r5_c10_l1000_i50_ps0_2_pt0_33_j5_1.stl,0.03,47173.6,sat
../resources/benchmarks/random/b0_r5_c10_l1000_i50_ps0_2_pt0_33_j5_2.stl,0.01,32749.6,unsat
../resources/benchmarks/random/b0_r5_c10_l1000_i50_ps0_2_pt0_33_j5_3.stl,0.48,436072.8,sat
../resources/benchmarks/random/b0_r5_c10_l1000_i50_ps0_2_pt0_33_j5_4.stl,0.05,54865.6,sat
../resources/benchmarks/random/b0_r5_c10_l1000_i50_ps0_2_pt0_33_j5_5.stl,0.348,73275.2,sat
../resources/benchmarks/random/b0_r5_c10_l1000_i50_ps0_2_pt0_5_j10_1.stl,0.0,7788,unsat
../resources/benchmarks/random/b0_r5_c10_l1000_i50_ps0_2_pt0_5_j10_2.stl,0.042,40737.6,sat
../resources/benchmarks/random/b0_r5_c10_l1000_i50_ps0_2_pt0_5_j10_3.stl,0.69,486175.2,sat
../resources/benchmarks/random/b0_r5_c10_l1000_i50_ps0_2_pt0_5_j10_4.stl,0.258,55436.8,sat
../resources/benchmarks/random/b0_r5_c10_l1000_i50_ps0_2_pt0_5_j10_5.stl,0.40800000000000003,76035.2,sat
../resources/benchmarks/random/b0_r5_c10_l1000_i50_ps0_2_pt0_5_j5_1.stl,3.4,68670.4,sat
../resources/benchmarks/random/b0_r5_c10_l1000_i50_ps0_2_pt0_5_j5_2.stl,0.01,33024.8,sat
../resources/benchmarks/random/b0_r5_c10_l1000_i50_ps0_2_pt0_5_j5_3.stl,0.01,32104.8,unsat
../resources/benchmarks/random/b0_r5_c10_l1000_i50_ps0_2_pt0_5_j5_4.stl,0.026,46843.2,sat
../resources/benchmarks/random/b0_r5_c10_l1000_i50_ps0_2_pt0_5_j5_5.stl,0.45,421645.6,sat
../resources/benchmarks/random/b0_r5_c10_l1000_i50_ps0_2_pt0_75_j10_1.stl,12.212,472649.6,sat
../resources/benchmarks/random/b0_r5_c10_l1000_i50_ps0_2_pt0_75_j10_2.stl,12.858,490763.2,sat
../resources/benchmarks/random/b0_r5_c10_l1000_i50_ps0_2_pt0_75_j10_3.stl,-1,-1,TO
../resources/benchmarks/random/b0_r5_c10_l1000_i50_ps0_2_pt0_75_j10_4.stl,3.2840000000000003,459773.6,sat
../resources/benchmarks/random/b0_r5_c10_l1000_i50_ps0_2_pt0_75_j10_5.stl,0.01,32716.8,unsat
../resources/benchmarks/random/b0_r5_c10_l1000_i50_ps0_2_pt0_75_j5_1.stl,0.14,53282.4,sat
../resources/benchmarks/random/b0_r5_c10_l1000_i50_ps0_2_pt0_75_j5_2.stl,0.04,41942.4,sat
../resources/benchmarks/random/b0_r5_c10_l1000_i50_ps0_2_pt0_75_j5_3.stl,0.05,63466.4,sat
../resources/benchmarks/random/b0_r5_c10_l1000_i50_ps0_2_pt0_75_j5_4.stl,0.01,32753.6,sat
../resources/benchmarks/random/b0_r5_c10_l1000_i50_ps0_2_pt0_75_j5_5.stl,0.03,39478.4,sat
../resources/benchmarks/random/b0_r5_c10_l1000_i50_ps0_2_pt0_95_j10_1.stl,-1,-1,TO
../resources/benchmarks/random/b0_r5_c10_l1000_i50_ps0_2_pt0_95_j10_2.stl,0.06,40711.2,sat
../resources/benchmarks/random/b0_r5_c10_l1000_i50_ps0_2_pt0_95_j10_3.stl,0.0,7796.8,unsat
../resources/benchmarks/random/b0_r5_c10_l1000_i50_ps0_2_pt0_95_j10_4.stl,-1,-1,TO
../resources/benchmarks/random/b0_r5_c10_l1000_i50_ps0_2_pt0_95_j10_5.stl,0.0,7790.4,unsat
../resources/benchmarks/random/b0_r5_c10_l1000_i50_ps0_2_pt0_95_j5_1.stl,0.0,7767.2,unsat
../resources/benchmarks/random/b0_r5_c10_l1000_i50_ps0_2_pt0_95_j5_2.stl,0.0,7813.6,unsat
../resources/benchmarks/random/b0_r5_c10_l1000_i50_ps0_2_pt0_95_j5_3.stl,0.0,7795.2,unsat
../resources/benchmarks/random/b0_r5_c10_l1000_i50_ps0_2_pt0_95_j5_4.stl,12.022,468648,sat
../resources/benchmarks/random/b0_r5_c10_l1000_i50_ps0_2_pt0_95_j5_5.stl,7.398,448677.6,sat
../resources/benchmarks/random/b0_r5_c10_l100_i1000_ps0_05_pt0_33_j10_1.stl,0.164,17034.4,unsat
../resources/benchmarks/random/b0_r5_c10_l100_i1000_ps0_05_pt0_33_j10_2.stl,-1,-1,TO
../resources/benchmarks/random/b0_r5_c10_l100_i1000_ps0_05_pt0_33_j10_3.stl,-1,-1,TO
../resources/benchmarks/random/b0_r5_c10_l100_i1000_ps0_05_pt0_33_j10_4.stl,-1,-1,TO
../resources/benchmarks/random/b0_r5_c10_l100_i1000_ps0_05_pt0_33_j10_5.stl,-1,-1,TO
../resources/benchmarks/random/b0_r5_c10_l100_i1000_ps0_05_pt0_33_j5_1.stl,0.038,10863.2,unsat
../resources/benchmarks/random/b0_r5_c10_l100_i1000_ps0_05_pt0_33_j5_2.stl,-1,-1,TO
../resources/benchmarks/random/b0_r5_c10_l100_i1000_ps0_05_pt0_33_j5_3.stl,-1,-1,TO
../resources/benchmarks/random/b0_r5_c10_l100_i1000_ps0_05_pt0_33_j5_4.stl,-1,-1,TO
../resources/benchmarks/random/b0_r5_c10_l100_i1000_ps0_05_pt0_33_j5_5.stl,1.768,290171.2,sat
../resources/benchmarks/random/b0_r5_c10_l100_i1000_ps0_05_pt0_5_j10_1.stl,-1,-1,TO
../resources/benchmarks/random/b0_r5_c10_l100_i1000_ps0_05_pt0_5_j10_2.stl,-1,-1,TO
../resources/benchmarks/random/b0_r5_c10_l100_i1000_ps0_05_pt0_5_j10_3.stl,23.576,541142.4,sat
../resources/benchmarks/random/b0_r5_c10_l100_i1000_ps0_05_pt0_5_j10_4.stl,-1,-1,TO
../resources/benchmarks/random/b0_r5_c10_l100_i1000_ps0_05_pt0_5_j10_5.stl,-1,-1,TO
../resources/benchmarks/random/b0_r5_c10_l100_i1000_ps0_05_pt0_5_j5_1.stl,-1,-1,TO
../resources/benchmarks/random/b0_r5_c10_l100_i1000_ps0_05_pt0_5_j5_2.stl,23.81,3244940.8,sat
../resources/benchmarks/random/b0_r5_c10_l100_i1000_ps0_05_pt0_5_j5_3.stl,-1,-1,TO
../resources/benchmarks/random/b0_r5_c10_l100_i1000_ps0_05_pt0_5_j5_4.stl,18.694,205672.8,sat
../resources/benchmarks/random/b0_r5_c10_l100_i1000_ps0_05_pt0_5_j5_5.stl,-1,-1,TO
../resources/benchmarks/random/b0_r5_c10_l100_i1000_ps0_05_pt0_75_j10_1.stl,-1,-1,TO
../resources/benchmarks/random/b0_r5_c10_l100_i1000_ps0_05_pt0_75_j10_2.stl,-1,-1,TO
../resources/benchmarks/random/b0_r5_c10_l100_i1000_ps0_05_pt0_75_j10_3.stl,-1,-1,TO
../resources/benchmarks/random/b0_r5_c10_l100_i1000_ps0_05_pt0_75_j10_4.stl,-1,-1,TO
../resources/benchmarks/random/b0_r5_c10_l100_i1000_ps0_05_pt0_75_j10_5.stl,-1,-1,TO
../resources/benchmarks/random/b0_r5_c10_l100_i1000_ps0_05_pt0_75_j5_1.stl,-1,-1,TO
../resources/benchmarks/random/b0_r5_c10_l100_i1000_ps0_05_pt0_75_j5_2.stl,-1,-1,TO
../resources/benchmarks/random/b0_r5_c10_l100_i1000_ps0_05_pt0_75_j5_3.stl,4.718,138368,sat
../resources/benchmarks/random/b0_r5_c10_l100_i1000_ps0_05_pt0_75_j5_4.stl,1.366,334655.2,sat
../resources/benchmarks/random/b0_r5_c10_l100_i1000_ps0_05_pt0_75_j5_5.stl,-1,-1,TO
../resources/benchmarks/random/b0_r5_c10_l100_i1000_ps0_05_pt0_95_j10_1.stl,-1,-1,TO
../resources/benchmarks/random/b0_r5_c10_l100_i1000_ps0_05_pt0_95_j10_2.stl,-1,-1,TO
../resources/benchmarks/random/b0_r5_c10_l100_i1000_ps0_05_pt0_95_j10_3.stl,-1,-1,TO
../resources/benchmarks/random/b0_r5_c10_l100_i1000_ps0_05_pt0_95_j10_4.stl,-1,-1,TO
../resources/benchmarks/random/b0_r5_c10_l100_i1000_ps0_05_pt0_95_j10_5.stl,-1,-1,TO
../resources/benchmarks/random/b0_r5_c10_l100_i1000_ps0_05_pt0_95_j5_1.stl,9.564,241924,sat
../resources/benchmarks/random/b0_r5_c10_l100_i1000_ps0_05_pt0_95_j5_2.stl,95.884,714413.6,sat
../resources/benchmarks/random/b0_r5_c10_l100_i1000_ps0_05_pt0_95_j5_3.stl,-1,-1,TO
../resources/benchmarks/random/b0_r5_c10_l100_i1000_ps0_05_pt0_95_j5_4.stl,-1,-1,TO
../resources/benchmarks/random/b0_r5_c10_l100_i1000_ps0_05_pt0_95_j5_5.stl,-1,-1,TO
../resources/benchmarks/random/b0_r5_c10_l100_i1000_ps0_15_pt0_33_j10_1.stl,0.01,9337.6,sat
../resources/benchmarks/random/b0_r5_c10_l100_i1000_ps0_15_pt0_33_j10_2.stl,0.01,10876.8,sat
../resources/benchmarks/random/b0_r5_c10_l100_i1000_ps0_15_pt0_33_j10_3.stl,0.01,7800.8,unsat
../resources/benchmarks/random/b0_r5_c10_l100_i1000_ps0_15_pt0_33_j10_4.stl,-1,-1,TO
../resources/benchmarks/random/b0_r5_c10_l100_i1000_ps0_15_pt0_33_j10_5.stl,-1,-1,TO
../resources/benchmarks/random/b0_r5_c10_l100_i1000_ps0_15_pt0_33_j5_1.stl,0.02,40410.4,sat
../resources/benchmarks/random/b0_r5_c10_l100_i1000_ps0_15_pt0_33_j5_2.stl,0.062,47179.2,sat
../resources/benchmarks/random/b0_r5_c10_l100_i1000_ps0_15_pt0_33_j5_3.stl,0.664,68341.6,sat
../resources/benchmarks/random/b0_r5_c10_l100_i1000_ps0_15_pt0_33_j5_4.stl,0.018000000000000002,33949.6,sat
../resources/benchmarks/random/b0_r5_c10_l100_i1000_ps0_15_pt0_33_j5_5.stl,0.096,47160,sat
../resources/benchmarks/random/b0_r5_c10_l100_i1000_ps0_15_pt0_5_j10_1.stl,0.358,61617.6,sat
../resources/benchmarks/random/b0_r5_c10_l100_i1000_ps0_15_pt0_5_j10_2.stl,1.158,70208.8,sat
../resources/benchmarks/random/b0_r5_c10_l100_i1000_ps0_15_pt0_5_j10_3.stl,0.8,81874.4,sat
../resources/benchmarks/random/b0_r5_c10_l100_i1000_ps0_15_pt0_5_j10_4.stl,0.128,86178.4,sat
../resources/benchmarks/random/b0_r5_c10_l100_i1000_ps0_15_pt0_5_j10_5.stl,0.10400000000000001,82528,sat
../resources/benchmarks/random/b0_r5_c10_l100_i1000_ps0_15_pt0_5_j5_1.stl,0.512,63129.6,sat
../resources/benchmarks/random/b0_r5_c10_l100_i1000_ps0_15_pt0_5_j5_2.stl,0.02,41324.8,sat
../resources/benchmarks/random/b0_r5_c10_l100_i1000_ps0_15_pt0_5_j5_3.stl,0.112,78491.2,sat
../resources/benchmarks/random/b0_r5_c10_l100_i1000_ps0_15_pt0_5_j5_4.stl,0.03,43455.2,sat
../resources/benchmarks/random/b0_r5_c10_l100_i1000_ps0_15_pt0_5_j5_5.stl,-1,-1,TO
../resources/benchmarks/random/b0_r5_c10_l100_i1000_ps0_15_pt0_75_j10_1.stl,0.0,7808,unsat
../resources/benchmarks/random/b0_r5_c10_l100_i1000_ps0_15_pt0_75_j10_2.stl,-1,-1,TO
../resources/benchmarks/random/b0_r5_c10_l100_i1000_ps0_15_pt0_75_j10_3.stl,0.0,7765.6,unsat
../resources/benchmarks/random/b0_r5_c10_l100_i1000_ps0_15_pt0_75_j10_4.stl,3.394,99377.6,sat
../resources/benchmarks/random/b0_r5_c10_l100_i1000_ps0_15_pt0_75_j10_5.stl,-1,-1,TO
../resources/benchmarks/random/b0_r5_c10_l100_i1000_ps0_15_pt0_75_j5_1.stl,0.0,7796.8,unsat
../resources/benchmarks/random/b0_r5_c10_l100_i1000_ps0_15_pt0_75_j5_2.stl,1.39,68370.4,sat
../resources/benchmarks/random/b0_r5_c10_l100_i1000_ps0_15_pt0_75_j5_3.stl,0.0,7809.6,unsat
../resources/benchmarks/random/b0_r5_c10_l100_i1000_ps0_15_pt0_75_j5_4.stl,0.11,53006.4,sat
../resources/benchmarks/random/b0_r5_c10_l100_i1000_ps0_15_pt0_75_j5_5.stl,0.012,36113.6,sat
../resources/benchmarks/random/b0_r5_c10_l100_i1000_ps0_15_pt0_95_j10_1.stl,1.654,88628,sat
../resources/benchmarks/random/b0_r5_c10_l100_i1000_ps0_15_pt0_95_j10_2.stl,1.718,82486.4,sat
../resources/benchmarks/random/b0_r5_c10_l100_i1000_ps0_15_pt0_95_j10_3.stl,-1,-1,TO
../resources/benchmarks/random/b0_r5_c10_l100_i1000_ps0_15_pt0_95_j10_4.stl,27.13,135937.6,sat
../resources/benchmarks/random/b0_r5_c10_l100_i1000_ps0_15_pt0_95_j10_5.stl,1.25,81255.2,sat
../resources/benchmarks/random/b0_r5_c10_l100_i1000_ps0_15_pt0_95_j5_1.stl,1.634,79101.6,sat
../resources/benchmarks/random/b0_r5_c10_l100_i1000_ps0_15_pt0_95_j5_2.stl,0.09,72996,sat
../resources/benchmarks/random/b0_r5_c10_l100_i1000_ps0_15_pt0_95_j5_3.stl,0.12,69916,sat
../resources/benchmarks/random/b0_r5_c10_l100_i1000_ps0_15_pt0_95_j5_4.stl,0.05,59462.4,sat
../resources/benchmarks/random/b0_r5_c10_l100_i1000_ps0_15_pt0_95_j5_5.stl,2.338,100600,sat
../resources/benchmarks/random/b0_r5_c10_l100_i1000_ps0_1_pt0_33_j10_1.stl,-1,-1,TO
../resources/benchmarks/random/b0_r5_c10_l100_i1000_ps0_1_pt0_33_j10_2.stl,0.012,33640.8,unsat
../resources/benchmarks/random/b0_r5_c10_l100_i1000_ps0_1_pt0_33_j10_3.stl,0.0,7800,unsat
../resources/benchmarks/random/b0_r5_c10_l100_i1000_ps0_1_pt0_33_j10_4.stl,0.176,73883.2,sat
../resources/benchmarks/random/b0_r5_c10_l100_i1000_ps0_1_pt0_33_j10_5.stl,0.33,72356.8,sat
../resources/benchmarks/random/b0_r5_c10_l100_i1000_ps0_1_pt0_33_j5_1.stl,10.488,290156,sat
../resources/benchmarks/random/b0_r5_c10_l100_i1000_ps0_1_pt0_33_j5_2.stl,3.856,106156,sat
../resources/benchmarks/random/b0_r5_c10_l100_i1000_ps0_1_pt0_33_j5_3.stl,0.01,35188,sat
../resources/benchmarks/random/b0_r5_c10_l100_i1000_ps0_1_pt0_33_j5_4.stl,0.112,79108,sat
../resources/benchmarks/random/b0_r5_c10_l100_i1000_ps0_1_pt0_33_j5_5.stl,-1,-1,TO
../resources/benchmarks/random/b0_r5_c10_l100_i1000_ps0_1_pt0_5_j10_1.stl,-1,-1,TO
../resources/benchmarks/random/b0_r5_c10_l100_i1000_ps0_1_pt0_5_j10_2.stl,0.0,7792,unsat
../resources/benchmarks/random/b0_r5_c10_l100_i1000_ps0_1_pt0_5_j10_3.stl,1.14,108278.4,sat
../resources/benchmarks/random/b0_r5_c10_l100_i1000_ps0_1_pt0_5_j10_4.stl,1.446,102768.8,sat
../resources/benchmarks/random/b0_r5_c10_l100_i1000_ps0_1_pt0_5_j10_5.stl,-1,-1,TO
../resources/benchmarks/random/b0_r5_c10_l100_i1000_ps0_1_pt0_5_j5_1.stl,0.03,40737.6,sat
../resources/benchmarks/random/b0_r5_c10_l100_i1000_ps0_1_pt0_5_j5_2.stl,0.84,84046.4,sat
../resources/benchmarks/random/b0_r5_c10_l100_i1000_ps0_1_pt0_5_j5_3.stl,-1,-1,TO
../resources/benchmarks/random/b0_r5_c10_l100_i1000_ps0_1_pt0_5_j5_4.stl,-1,-1,TO
../resources/benchmarks/random/b0_r5_c10_l100_i1000_ps0_1_pt0_5_j5_5.stl,0.23,66827.2,sat
../resources/benchmarks/random/b0_r5_c10_l100_i1000_ps0_1_pt0_75_j10_1.stl,0.742,89565.6,sat
../resources/benchmarks/random/b0_r5_c10_l100_i1000_ps0_1_pt0_75_j10_2.stl,0.44,91404.8,sat
../resources/benchmarks/random/b0_r5_c10_l100_i1000_ps0_1_pt0_75_j10_3.stl,-1,-1,TO
../resources/benchmarks/random/b0_r5_c10_l100_i1000_ps0_1_pt0_75_j10_4.stl,-1,-1,TO
../resources/benchmarks/random/b0_r5_c10_l100_i1000_ps0_1_pt0_75_j10_5.stl,42.044000000000004,208134.4,sat
../resources/benchmarks/random/b0_r5_c10_l100_i1000_ps0_1_pt0_75_j5_1.stl,0.0,7805.6,unsat
../resources/benchmarks/random/b0_r5_c10_l100_i1000_ps0_1_pt0_75_j5_2.stl,0.266,66827.2,sat
../resources/benchmarks/random/b0_r5_c10_l100_i1000_ps0_1_pt0_75_j5_3.stl,4.594,139927.2,sat
../resources/benchmarks/random/b0_r5_c10_l100_i1000_ps0_1_pt0_75_j5_4.stl,11.154,133488.8,sat
../resources/benchmarks/random/b0_r5_c10_l100_i1000_ps0_1_pt0_75_j5_5.stl,0.732,83740,sat
../resources/benchmarks/random/b0_r5_c10_l100_i1000_ps0_1_pt0_95_j10_1.stl,-1,-1,TO
../resources/benchmarks/random/b0_r5_c10_l100_i1000_ps0_1_pt0_95_j10_2.stl,4.424,124890.4,sat
../resources/benchmarks/random/b0_r5_c10_l100_i1000_ps0_1_pt0_95_j10_3.stl,-1,-1,TO
../resources/benchmarks/random/b0_r5_c10_l100_i1000_ps0_1_pt0_95_j10_4.stl,-1,-1,TO
../resources/benchmarks/random/b0_r5_c10_l100_i1000_ps0_1_pt0_95_j10_5.stl,0.01,7814.4,unsat
../resources/benchmarks/random/b0_r5_c10_l100_i1000_ps0_1_pt0_95_j5_1.stl,0.234,107072.8,sat
../resources/benchmarks/random/b0_r5_c10_l100_i1000_ps0_1_pt0_95_j5_2.stl,0.842,50544,unsat
../resources/benchmarks/random/b0_r5_c10_l100_i1000_ps0_1_pt0_95_j5_3.stl,0.432,128888,sat
../resources/benchmarks/random/b0_r5_c10_l100_i1000_ps0_1_pt0_95_j5_4.stl,-1,-1,TO
../resources/benchmarks/random/b0_r5_c10_l100_i1000_ps0_1_pt0_95_j5_5.stl,0.18,85873.6,sat
../resources/benchmarks/random/b0_r5_c10_l100_i1000_ps0_25_pt0_33_j10_1.stl,0.016,34907.2,sat
../resources/benchmarks/random/b0_r5_c10_l100_i1000_ps0_25_pt0_33_j10_2.stl,0.01,32728,unsat
../resources/benchmarks/random/b0_r5_c10_l100_i1000_ps0_25_pt0_33_j10_3.stl,0.01,32412.8,unsat
../resources/benchmarks/random/b0_r5_c10_l100_i1000_ps0_25_pt0_33_j10_4.stl,0.01,34308.8,sat
../resources/benchmarks/random/b0_r5_c10_l100_i1000_ps0_25_pt0_33_j10_5.stl,0.23600000000000002,33052,unsat
../resources/benchmarks/random/b0_r5_c10_l100_i1000_ps0_25_pt0_33_j5_1.stl,0.0,7817.6,unsat
../resources/benchmarks/random/b0_r5_c10_l100_i1000_ps0_25_pt0_33_j5_2.stl,0.01,33036,sat
../resources/benchmarks/random/b0_r5_c10_l100_i1000_ps0_25_pt0_33_j5_3.stl,0.05,61590.4,sat
../resources/benchmarks/random/b0_r5_c10_l100_i1000_ps0_25_pt0_33_j5_4.stl,0.01,36106.4,sat
../resources/benchmarks/random/b0_r5_c10_l100_i1000_ps0_25_pt0_33_j5_5.stl,0.034,54508,sat
../resources/benchmarks/random/b0_r5_c10_l100_i1000_ps0_25_pt0_5_j10_1.stl,-1,-1,TO
../resources/benchmarks/random/b0_r5_c10_l100_i1000_ps0_25_pt0_5_j10_2.stl,-1,-1,TO
../resources/benchmarks/random/b0_r5_c10_l100_i1000_ps0_25_pt0_5_j10_3.stl,0.06,63757.6,sat
../resources/benchmarks/random/b0_r5_c10_l100_i1000_ps0_25_pt0_5_j10_4.stl,0.01,32742.4,unsat
../resources/benchmarks/random/b0_r5_c10_l100_i1000_ps0_25_pt0_5_j10_5.stl,2.57,70200.8,sat
../resources/benchmarks/random/b0_r5_c10_l100_i1000_ps0_25_pt0_5_j5_1.stl,0.04,47167.2,sat
../resources/benchmarks/random/b0_r5_c10_l100_i1000_ps0_25_pt0_5_j5_2.stl,0.01,33048.8,sat
../resources/benchmarks/random/b0_r5_c10_l100_i1000_ps0_25_pt0_5_j5_3.stl,0.01,34864.8,sat
../resources/benchmarks/random/b0_r5_c10_l100_i1000_ps0_25_pt0_5_j5_4.stl,0.07,51787.2,sat
../resources/benchmarks/random/b0_r5_c10_l100_i1000_ps0_25_pt0_5_j5_5.stl,0.02,38549.6,sat
../resources/benchmarks/random/b0_r5_c10_l100_i1000_ps0_25_pt0_75_j10_1.stl,-1,-1,TO
../resources/benchmarks/random/b0_r5_c10_l100_i1000_ps0_25_pt0_75_j10_2.stl,1.05,56392,sat
../resources/benchmarks/random/b0_r5_c10_l100_i1000_ps0_25_pt0_75_j10_3.stl,1.102,80353.6,sat
../resources/benchmarks/random/b0_r5_c10_l100_i1000_ps0_25_pt0_75_j10_4.stl,0.256,76051.2,sat
../resources/benchmarks/random/b0_r5_c10_l100_i1000_ps0_25_pt0_75_j10_5.stl,1.206,84659.2,sat
../resources/benchmarks/random/b0_r5_c10_l100_i1000_ps0_25_pt0_75_j5_1.stl,0.928,74481.6,sat
../resources/benchmarks/random/b0_r5_c10_l100_i1000_ps0_25_pt0_75_j5_2.stl,0.442,65290.4,sat
../resources/benchmarks/random/b0_r5_c10_l100_i1000_ps0_25_pt0_75_j5_3.stl,1.158,75712,sat
../resources/benchmarks/random/b0_r5_c10_l100_i1000_ps0_25_pt0_75_j5_4.stl,-1,-1,TO
../resources/benchmarks/random/b0_r5_c10_l100_i1000_ps0_25_pt0_75_j5_5.stl,0.05,65298.4,sat
../resources/benchmarks/random/b0_r5_c10_l100_i1000_ps0_25_pt0_95_j10_1.stl,-1,-1,TO
../resources/benchmarks/random/b0_r5_c10_l100_i1000_ps0_25_pt0_95_j10_2.stl,-1,-1,TO
../resources/benchmarks/random/b0_r5_c10_l100_i1000_ps0_25_pt0_95_j10_3.stl,1.048,74500,sat
../resources/benchmarks/random/b0_r5_c10_l100_i1000_ps0_25_pt0_95_j10_4.stl,1.322,79114.4,sat
../resources/benchmarks/random/b0_r5_c10_l100_i1000_ps0_25_pt0_95_j10_5.stl,1.334,100637.6,sat
../resources/benchmarks/random/b0_r5_c10_l100_i1000_ps0_25_pt0_95_j5_1.stl,0.32,54861.6,sat
../resources/benchmarks/random/b0_r5_c10_l100_i1000_ps0_25_pt0_95_j5_2.stl,0.03,42251.2,sat
../resources/benchmarks/random/b0_r5_c10_l100_i1000_ps0_25_pt0_95_j5_3.stl,0.02,40120,sat
../resources/benchmarks/random/b0_r5_c10_l100_i1000_ps0_25_pt0_95_j5_4.stl,0.186,70834.4,sat
../resources/benchmarks/random/b0_r5_c10_l100_i1000_ps0_25_pt0_95_j5_5.stl,0.012,34867.2,sat
../resources/benchmarks/random/b0_r5_c10_l100_i1000_ps0_2_pt0_33_j10_1.stl,0.042,12387.2,sat
../resources/benchmarks/random/b0_r5_c10_l100_i1000_ps0_2_pt0_33_j10_2.stl,0.044000000000000004,7784,unsat
../resources/benchmarks/random/b0_r5_c10_l100_i1000_ps0_2_pt0_33_j10_3.stl,0.0,7788.8,unsat
../resources/benchmarks/random/b0_r5_c10_l100_i1000_ps0_2_pt0_33_j10_4.stl,-1,-1,TO
../resources/benchmarks/random/b0_r5_c10_l100_i1000_ps0_2_pt0_33_j10_5.stl,0.11,9340.8,sat
../resources/benchmarks/random/b0_r5_c10_l100_i1000_ps0_2_pt0_33_j5_1.stl,0.0,7814.4,unsat
../resources/benchmarks/random/b0_r5_c10_l100_i1000_ps0_2_pt0_33_j5_2.stl,0.0,7808.8,unsat
../resources/benchmarks/random/b0_r5_c10_l100_i1000_ps0_2_pt0_33_j5_3.stl,0.068,54849.6,sat
../resources/benchmarks/random/b0_r5_c10_l100_i1000_ps0_2_pt0_33_j5_4.stl,0.07,75432.8,sat
../resources/benchmarks/random/b0_r5_c10_l100_i1000_ps0_2_pt0_33_j5_5.stl,0.014,38263.2,sat
../resources/benchmarks/random/b0_r5_c10_l100_i1000_ps0_2_pt0_5_j10_1.stl,-1,-1,TO
../resources/benchmarks/random/b0_r5_c10_l100_i1000_ps0_2_pt0_5_j10_2.stl,0.764,80670.4,sat
../resources/benchmarks/random/b0_r5_c10_l100_i1000_ps0_2_pt0_5_j10_3.stl,0.0,7770.4,unsat
../resources/benchmarks/random/b0_r5_c10_l100_i1000_ps0_2_pt0_5_j10_4.stl,0.04,52376,sat
../resources/benchmarks/random/b0_r5_c10_l100_i1000_ps0_2_pt0_5_j10_5.stl,0.01,33038.4,unsat
../resources/benchmarks/random/b0_r5_c10_l100_i1000_ps0_2_pt0_5_j5_1.stl,0.06,64072.8,sat
../resources/benchmarks/random/b0_r5_c10_l100_i1000_ps0_2_pt0_5_j5_2.stl,0.118,74230.4,sat
../resources/benchmarks/random/b0_r5_c10_l100_i1000_ps0_2_pt0_5_j5_3.stl,0.0,7784.8,sat
../resources/benchmarks/random/b0_r5_c10_l100_i1000_ps0_2_pt0_5_j5_4.stl,0.11,76372.8,sat
../resources/benchmarks/random/b0_r5_c10_l100_i1000_ps0_2_pt0_5_j5_5.stl,0.04,56082.4,sat
../resources/benchmarks/random/b0_r5_c10_l100_i1000_ps0_2_pt0_75_j10_1.stl,0.07200000000000001,70524.8,sat
../resources/benchmarks/random/b0_r5_c10_l100_i1000_ps0_2_pt0_75_j10_2.stl,0.05,63741.6,sat
../resources/benchmarks/random/b0_r5_c10_l100_i1000_ps0_2_pt0_75_j10_3.stl,1.086,89848.8,sat
../resources/benchmarks/random/b0_r5_c10_l100_i1000_ps0_2_pt0_75_j10_4.stl,0.17,65596,sat
../resources/benchmarks/random/b0_r5_c10_l100_i1000_ps0_2_pt0_75_j10_5.stl,0.544,71738.4,sat
../resources/benchmarks/random/b0_r5_c10_l100_i1000_ps0_2_pt0_75_j5_1.stl,0.03,52716.8,sat
../resources/benchmarks/random/b0_r5_c10_l100_i1000_ps0_2_pt0_75_j5_2.stl,0.068,45324,sat
../resources/benchmarks/random/b0_r5_c10_l100_i1000_ps0_2_pt0_75_j5_3.stl,0.03,47178.4,sat
../resources/benchmarks/random/b0_r5_c10_l100_i1000_ps0_2_pt0_75_j5_4.stl,0.0,7788.8,sat
../resources/benchmarks/random/b0_r5_c10_l100_i1000_ps0_2_pt0_75_j5_5.stl,0.01,35834.4,sat
../resources/benchmarks/random/b0_r5_c10_l100_i1000_ps0_2_pt0_95_j10_1.stl,-1,-1,TO
../resources/benchmarks/random/b0_r5_c10_l100_i1000_ps0_2_pt0_95_j10_2.stl,-1,-1,TO
../resources/benchmarks/random/b0_r5_c10_l100_i1000_ps0_2_pt0_95_j10_3.stl,-1,-1,TO
../resources/benchmarks/random/b0_r5_c10_l100_i1000_ps0_2_pt0_95_j10_4.stl,1.044,80617.6,sat
../resources/benchmarks/random/b0_r5_c10_l100_i1000_ps0_2_pt0_95_j10_5.stl,0.09,47760.8,sat
../resources/benchmarks/random/b0_r5_c10_l100_i1000_ps0_2_pt0_95_j5_1.stl,0.734,77550.4,sat
../resources/benchmarks/random/b0_r5_c10_l100_i1000_ps0_2_pt0_95_j5_2.stl,0.07,53308,sat
../resources/benchmarks/random/b0_r5_c10_l100_i1000_ps0_2_pt0_95_j5_3.stl,0.0,7795.2,unsat
../resources/benchmarks/random/b0_r5_c10_l100_i1000_ps0_2_pt0_95_j5_4.stl,0.3,82168,sat
../resources/benchmarks/random/b0_r5_c10_l100_i1000_ps0_2_pt0_95_j5_5.stl,0.02,33335.2,unsat
../resources/benchmarks/random/b0_r5_c10_l100_i50_ps0_05_pt0_33_j10_1.stl,-1,-1,TO
../resources/benchmarks/random/b0_r5_c10_l100_i50_ps0_05_pt0_33_j10_2.stl,-1,-1,TO
../resources/benchmarks/random/b0_r5_c10_l100_i50_ps0_05_pt0_33_j10_3.stl,-1,-1,TO
../resources/benchmarks/random/b0_r5_c10_l100_i50_ps0_05_pt0_33_j10_4.stl,-1,-1,TO
../resources/benchmarks/random/b0_r5_c10_l100_i50_ps0_05_pt0_33_j10_5.stl,-1,-1,TO
../resources/benchmarks/random/b0_r5_c10_l100_i50_ps0_05_pt0_33_j5_1.stl,-1,-1,TO
../resources/benchmarks/random/b0_r5_c10_l100_i50_ps0_05_pt0_33_j5_2.stl,0.082,35489.6,unsat
../resources/benchmarks/random/b0_r5_c10_l100_i50_ps0_05_pt0_33_j5_3.stl,2.114,217652.8,sat
../resources/benchmarks/random/b0_r5_c10_l100_i50_ps0_05_pt0_33_j5_4.stl,-1,-1,TO
../resources/benchmarks/random/b0_r5_c10_l100_i50_ps0_05_pt0_33_j5_5.stl,5.738,357148.8,sat
../resources/benchmarks/random/b0_r5_c10_l100_i50_ps0_05_pt0_5_j10_1.stl,-1,-1,TO
../resources/benchmarks/random/b0_r5_c10_l100_i50_ps0_05_pt0_5_j10_2.stl,-1,-1,TO
../resources/benchmarks/random/b0_r5_c10_l100_i50_ps0_05_pt0_5_j10_3.stl,-1,-1,TO
../resources/benchmarks/random/b0_r5_c10_l100_i50_ps0_05_pt0_5_j10_4.stl,-1,-1,TO
../resources/benchmarks/random/b0_r5_c10_l100_i50_ps0_05_pt0_5_j10_5.stl,-1,-1,TO
../resources/benchmarks/random/b0_r5_c10_l100_i50_ps0_05_pt0_5_j5_1.stl,-1,-1,TO
../resources/benchmarks/random/b0_r5_c10_l100_i50_ps0_05_pt0_5_j5_2.stl,-1,-1,TO
../resources/benchmarks/random/b0_r5_c10_l100_i50_ps0_05_pt0_5_j5_3.stl,10.804,775539.2,sat
../resources/benchmarks/random/b0_r5_c10_l100_i50_ps0_05_pt0_5_j5_4.stl,-1,-1,TO
../resources/benchmarks/random/b0_r5_c10_l100_i50_ps0_05_pt0_5_j5_5.stl,0.484,100277.6,sat
../resources/benchmarks/random/b0_r5_c10_l100_i50_ps0_05_pt0_75_j10_1.stl,-1,-1,TO
../resources/benchmarks/random/b0_r5_c10_l100_i50_ps0_05_pt0_75_j10_2.stl,-1,-1,TO
../resources/benchmarks/random/b0_r5_c10_l100_i50_ps0_05_pt0_75_j10_3.stl,-1,-1,TO
../resources/benchmarks/random/b0_r5_c10_l100_i50_ps0_05_pt0_75_j10_4.stl,-1,-1,TO
../resources/benchmarks/random/b0_r5_c10_l100_i50_ps0_05_pt0_75_j10_5.stl,-1,-1,TO
../resources/benchmarks/random/b0_r5_c10_l100_i50_ps0_05_pt0_75_j5_1.stl,-1,-1,TO
../resources/benchmarks/random/b0_r5_c10_l100_i50_ps0_05_pt0_75_j5_2.stl,-1,-1,TO
../resources/benchmarks/random/b0_r5_c10_l100_i50_ps0_05_pt0_75_j5_3.stl,66.072,7168689.6,sat
../resources/benchmarks/random/b0_r5_c10_l100_i50_ps0_05_pt0_75_j5_4.stl,50.7,301222.4,sat
../resources/benchmarks/random/b0_r5_c10_l100_i50_ps0_05_pt0_75_j5_5.stl,36.478,458200.8,sat
../resources/benchmarks/random/b0_r5_c10_l100_i50_ps0_05_pt0_95_j10_1.stl,-1,-1,TO
../resources/benchmarks/random/b0_r5_c10_l100_i50_ps0_05_pt0_95_j10_2.stl,-1,-1,TO
../resources/benchmarks/random/b0_r5_c10_l100_i50_ps0_05_pt0_95_j10_3.stl,40.594,501841.6,sat
../resources/benchmarks/random/b0_r5_c10_l100_i50_ps0_05_pt0_95_j10_4.stl,-1,-1,TO
../resources/benchmarks/random/b0_r5_c10_l100_i50_ps0_05_pt0_95_j10_5.stl,-1,-1,TO
../resources/benchmarks/random/b0_r5_c10_l100_i50_ps0_05_pt0_95_j5_1.stl,0.744,199815.2,sat
../resources/benchmarks/random/b0_r5_c10_l100_i50_ps0_05_pt0_95_j5_2.stl,-1,-1,TO
../resources/benchmarks/random/b0_r5_c10_l100_i50_ps0_05_pt0_95_j5_3.stl,-1,-1,TO
../resources/benchmarks/random/b0_r5_c10_l100_i50_ps0_05_pt0_95_j5_4.stl,1.182,295378.4,sat
../resources/benchmarks/random/b0_r5_c10_l100_i50_ps0_05_pt0_95_j5_5.stl,-1,-1,TO
../resources/benchmarks/random/b0_r5_c10_l100_i50_ps0_15_pt0_33_j10_1.stl,-1,-1,TO
../resources/benchmarks/random/b0_r5_c10_l100_i50_ps0_15_pt0_33_j10_2.stl,0.12,59450.4,sat
../resources/benchmarks/random/b0_r5_c10_l100_i50_ps0_15_pt0_33_j10_3.stl,0.07,33007.2,unsat
../resources/benchmarks/random/b0_r5_c10_l100_i50_ps0_15_pt0_33_j10_4.stl,0.0,7805.6,unsat
../resources/benchmarks/random/b0_r5_c10_l100_i50_ps0_15_pt0_33_j10_5.stl,0.0,7816.8,unsat
../resources/benchmarks/random/b0_r5_c10_l100_i50_ps0_15_pt0_33_j5_1.stl,0.0,7811.2,sat
../resources/benchmarks/random/b0_r5_c10_l100_i50_ps0_15_pt0_33_j5_2.stl,0.0,7780,unsat
../resources/benchmarks/random/b0_r5_c10_l100_i50_ps0_15_pt0_33_j5_3.stl,0.132,21308.8,sat
../resources/benchmarks/random/b0_r5_c10_l100_i50_ps0_15_pt0_33_j5_4.stl,0.0,9344,sat
../resources/benchmarks/random/b0_r5_c10_l100_i50_ps0_15_pt0_33_j5_5.stl,0.0,7799.2,sat
../resources/benchmarks/random/b0_r5_c10_l100_i50_ps0_15_pt0_5_j10_1.stl,-1,-1,TO
../resources/benchmarks/random/b0_r5_c10_l100_i50_ps0_15_pt0_5_j10_2.stl,-1,-1,TO
../resources/benchmarks/random/b0_r5_c10_l100_i50_ps0_15_pt0_5_j10_3.stl,0.08,74216,sat
../resources/benchmarks/random/b0_r5_c10_l100_i50_ps0_15_pt0_5_j10_4.stl,-1,-1,TO
../resources/benchmarks/random/b0_r5_c10_l100_i50_ps0_15_pt0_5_j10_5.stl,14.028,101556.8,sat
../resources/benchmarks/random/b0_r5_c10_l100_i50_ps0_15_pt0_5_j5_1.stl,0.01,33066.4,unsat
../resources/benchmarks/random/b0_r5_c10_l100_i50_ps0_15_pt0_5_j5_2.stl,0.062,75131.2,sat
../resources/benchmarks/random/b0_r5_c10_l100_i50_ps0_15_pt0_5_j5_3.stl,0.652,82169.6,sat
../resources/benchmarks/random/b0_r5_c10_l100_i50_ps0_15_pt0_5_j5_4.stl,0.012,34252.8,sat
../resources/benchmarks/random/b0_r5_c10_l100_i50_ps0_15_pt0_5_j5_5.stl,0.1,57928,sat
../resources/benchmarks/random/b0_r5_c10_l100_i50_ps0_15_pt0_75_j10_1.stl,0.01,32733.6,unsat
../resources/benchmarks/random/b0_r5_c10_l100_i50_ps0_15_pt0_75_j10_2.stl,-1,-1,TO
../resources/benchmarks/random/b0_r5_c10_l100_i50_ps0_15_pt0_75_j10_3.stl,0.02,33044,unsat
../resources/benchmarks/random/b0_r5_c10_l100_i50_ps0_15_pt0_75_j10_4.stl,2.366,84325.6,sat
../resources/benchmarks/random/b0_r5_c10_l100_i50_ps0_15_pt0_75_j10_5.stl,0.012,32739.2,unsat
../resources/benchmarks/random/b0_r5_c10_l100_i50_ps0_15_pt0_75_j5_1.stl,0.01,34262.4,sat
../resources/benchmarks/random/b0_r5_c10_l100_i50_ps0_15_pt0_75_j5_2.stl,0.05,61004.8,sat
../resources/benchmarks/random/b0_r5_c10_l100_i50_ps0_15_pt0_75_j5_3.stl,0.03,53024,sat
../resources/benchmarks/random/b0_r5_c10_l100_i50_ps0_15_pt0_75_j5_4.stl,0.054,40396.8,sat
../resources/benchmarks/random/b0_r5_c10_l100_i50_ps0_15_pt0_75_j5_5.stl,0.304,60365.6,sat
../resources/benchmarks/random/b0_r5_c10_l100_i50_ps0_15_pt0_95_j10_1.stl,4.386,54265.6,sat
../resources/benchmarks/random/b0_r5_c10_l100_i50_ps0_15_pt0_95_j10_2.stl,-1,-1,TO
../resources/benchmarks/random/b0_r5_c10_l100_i50_ps0_15_pt0_95_j10_3.stl,-1,-1,TO
../resources/benchmarks/random/b0_r5_c10_l100_i50_ps0_15_pt0_95_j10_4.stl,-1,-1,TO
../resources/benchmarks/random/b0_r5_c10_l100_i50_ps0_15_pt0_95_j10_5.stl,-1,-1,TO
../resources/benchmarks/random/b0_r5_c10_l100_i50_ps0_15_pt0_95_j5_1.stl,1.216,76964,sat
../resources/benchmarks/random/b0_r5_c10_l100_i50_ps0_15_pt0_95_j5_2.stl,0.02,37047.2,sat
../resources/benchmarks/random/b0_r5_c10_l100_i50_ps0_15_pt0_95_j5_3.stl,0.25,69608,sat
../resources/benchmarks/random/b0_r5_c10_l100_i50_ps0_15_pt0_95_j5_4.stl,1.148,85284.8,sat
../resources/benchmarks/random/b0_r5_c10_l100_i50_ps0_15_pt0_95_j5_5.stl,0.884,80952.8,sat
../resources/benchmarks/random/b0_r5_c10_l100_i50_ps0_1_pt0_33_j10_1.stl,3.8,86819.2,sat
../resources/benchmarks/random/b0_r5_c10_l100_i50_ps0_1_pt0_33_j10_2.stl,2.166,94172.8,sat
../resources/benchmarks/random/b0_r5_c10_l100_i50_ps0_1_pt0_33_j10_3.stl,21.512,42251.2,unsat
../resources/benchmarks/random/b0_r5_c10_l100_i50_ps0_1_pt0_33_j10_4.stl,3.918,103076,sat
../resources/benchmarks/random/b0_r5_c10_l100_i50_ps0_1_pt0_33_j10_5.stl,-1,-1,TO
../resources/benchmarks/random/b0_r5_c10_l100_i50_ps0_1_pt0_33_j5_1.stl,0.0,7806.4,unsat
../resources/benchmarks/random/b0_r5_c10_l100_i50_ps0_1_pt0_33_j5_2.stl,0.38,53639.2,sat
../resources/benchmarks/random/b0_r5_c10_l100_i50_ps0_1_pt0_33_j5_3.stl,8.438,74846.4,sat
../resources/benchmarks/random/b0_r5_c10_l100_i50_ps0_1_pt0_33_j5_4.stl,0.24,64979.2,sat
../resources/benchmarks/random/b0_r5_c10_l100_i50_ps0_1_pt0_33_j5_5.stl,0.03,45338.4,sat
../resources/benchmarks/random/b0_r5_c10_l100_i50_ps0_1_pt0_5_j10_1.stl,0.0,7767.2,unsat
../resources/benchmarks/random/b0_r5_c10_l100_i50_ps0_1_pt0_5_j10_2.stl,0.0,7784.8,unsat
../resources/benchmarks/random/b0_r5_c10_l100_i50_ps0_1_pt0_5_j10_3.stl,-1,-1,TO
../resources/benchmarks/random/b0_r5_c10_l100_i50_ps0_1_pt0_5_j10_4.stl,49.038,93886.4,sat
../resources/benchmarks/random/b0_r5_c10_l100_i50_ps0_1_pt0_5_j10_5.stl,-1,-1,TO
../resources/benchmarks/random/b0_r5_c10_l100_i50_ps0_1_pt0_5_j5_1.stl,0.07,66818.4,sat
../resources/benchmarks/random/b0_r5_c10_l100_i50_ps0_1_pt0_5_j5_2.stl,-1,-1,TO
../resources/benchmarks/random/b0_r5_c10_l100_i50_ps0_1_pt0_5_j5_3.stl,0.12,74784.8,sat
../resources/benchmarks/random/b0_r5_c10_l100_i50_ps0_1_pt0_5_j5_4.stl,1.1,89866.4,sat
../resources/benchmarks/random/b0_r5_c10_l100_i50_ps0_1_pt0_5_j5_5.stl,0.148,89276,sat
../resources/benchmarks/random/b0_r5_c10_l100_i50_ps0_1_pt0_75_j10_1.stl,0.02,32401.6,unsat
../resources/benchmarks/random/b0_r5_c10_l100_i50_ps0_1_pt0_75_j10_2.stl,4.546,106754.4,sat
../resources/benchmarks/random/b0_r5_c10_l100_i50_ps0_1_pt0_75_j10_3.stl,-1,-1,TO
../resources/benchmarks/random/b0_r5_c10_l100_i50_ps0_1_pt0_75_j10_4.stl,108.142,109860.8,unsat
../resources/benchmarks/random/b0_r5_c10_l100_i50_ps0_1_pt0_75_j10_5.stl,-1,-1,TO
../resources/benchmarks/random/b0_r5_c10_l100_i50_ps0_1_pt0_75_j5_1.stl,-1,-1,TO
../resources/benchmarks/random/b0_r5_c10_l100_i50_ps0_1_pt0_75_j5_2.stl,0.06,45928.8,sat
../resources/benchmarks/random/b0_r5_c10_l100_i50_ps0_1_pt0_75_j5_3.stl,0.08,50254.4,sat
../resources/benchmarks/random/b0_r5_c10_l100_i50_ps0_1_pt0_75_j5_4.stl,0.09,54854.4,sat
../resources/benchmarks/random/b0_r5_c10_l100_i50_ps0_1_pt0_75_j5_5.stl,2.66,151015.2,sat
../resources/benchmarks/random/b0_r5_c10_l100_i50_ps0_1_pt0_95_j10_1.stl,-1,-1,TO
../resources/benchmarks/random/b0_r5_c10_l100_i50_ps0_1_pt0_95_j10_2.stl,0.0,7788,unsat
../resources/benchmarks/random/b0_r5_c10_l100_i50_ps0_1_pt0_95_j10_3.stl,12.704,219822.4,sat
../resources/benchmarks/random/b0_r5_c10_l100_i50_ps0_1_pt0_95_j10_4.stl,6.396,402905.6,sat
../resources/benchmarks/random/b0_r5_c10_l100_i50_ps0_1_pt0_95_j10_5.stl,-1,-1,TO
../resources/benchmarks/random/b0_r5_c10_l100_i50_ps0_1_pt0_95_j5_1.stl,-1,-1,TO
../resources/benchmarks/random/b0_r5_c10_l100_i50_ps0_1_pt0_95_j5_2.stl,1.124,71432.8,sat
../resources/benchmarks/random/b0_r5_c10_l100_i50_ps0_1_pt0_95_j5_3.stl,0.01,34597.6,sat
../resources/benchmarks/random/b0_r5_c10_l100_i50_ps0_1_pt0_95_j5_4.stl,1.824,103696.8,sat
../resources/benchmarks/random/b0_r5_c10_l100_i50_ps0_1_pt0_95_j5_5.stl,2.234,80353.6,sat
../resources/benchmarks/random/b0_r5_c10_l100_i50_ps0_25_pt0_33_j10_1.stl,0.03,41022.4,sat
../resources/benchmarks/random/b0_r5_c10_l100_i50_ps0_25_pt0_33_j10_2.stl,0.696,81268,sat
../resources/benchmarks/random/b0_r5_c10_l100_i50_ps0_25_pt0_33_j10_3.stl,0.014,33972,sat
../resources/benchmarks/random/b0_r5_c10_l100_i50_ps0_25_pt0_33_j10_4.stl,0.01,34885.6,sat
../resources/benchmarks/random/b0_r5_c10_l100_i50_ps0_25_pt0_33_j10_5.stl,0.08,33653.6,unsat
../resources/benchmarks/random/b0_r5_c10_l100_i50_ps0_25_pt0_33_j5_1.stl,0.0,7778.4,unsat
../resources/benchmarks/random/b0_r5_c10_l100_i50_ps0_25_pt0_33_j5_2.stl,0.01,32481.6,sat
../resources/benchmarks/random/b0_r5_c10_l100_i50_ps0_25_pt0_33_j5_3.stl,0.0,7797.6,unsat
../resources/benchmarks/random/b0_r5_c10_l100_i50_ps0_25_pt0_33_j5_4.stl,0.01,34867.2,sat
../resources/benchmarks/random/b0_r5_c10_l100_i50_ps0_25_pt0_33_j5_5.stl,0.01,32741.6,sat
../resources/benchmarks/random/b0_r5_c10_l100_i50_ps0_25_pt0_5_j10_1.stl,-1,-1,TO
../resources/benchmarks/random/b0_r5_c10_l100_i50_ps0_25_pt0_5_j10_2.stl,0.0,7785.6,unsat
../resources/benchmarks/random/b0_r5_c10_l100_i50_ps0_25_pt0_5_j10_3.stl,0.01,32451.2,unsat
../resources/benchmarks/random/b0_r5_c10_l100_i50_ps0_25_pt0_5_j10_4.stl,0.41000000000000003,68388.8,sat
../resources/benchmarks/random/b0_r5_c10_l100_i50_ps0_25_pt0_5_j10_5.stl,-1,-1,TO
../resources/benchmarks/random/b0_r5_c10_l100_i50_ps0_25_pt0_5_j5_1.stl,0.057999999999999996,71720.8,sat
../resources/benchmarks/random/b0_r5_c10_l100_i50_ps0_25_pt0_5_j5_2.stl,0.0,7807.2,unsat
../resources/benchmarks/random/b0_r5_c10_l100_i50_ps0_25_pt0_5_j5_3.stl,0.01,33047.2,sat
../resources/benchmarks/random/b0_r5_c10_l100_i50_ps0_25_pt0_5_j5_4.stl,0.042,58851.2,sat
../resources/benchmarks/random/b0_r5_c10_l100_i50_ps0_25_pt0_5_j5_5.stl,0.3,49936.8,sat
../resources/benchmarks/random/b0_r5_c10_l100_i50_ps0_25_pt0_75_j10_1.stl,0.08,32735.2,unsat
../resources/benchmarks/random/b0_r5_c10_l100_i50_ps0_25_pt0_75_j10_2.stl,0.0,7833.6,unsat
../resources/benchmarks/random/b0_r5_c10_l100_i50_ps0_25_pt0_75_j10_3.stl,0.23,53004,sat
../resources/benchmarks/random/b0_r5_c10_l100_i50_ps0_25_pt0_75_j10_4.stl,0.62,64354.4,sat
../resources/benchmarks/random/b0_r5_c10_l100_i50_ps0_25_pt0_75_j10_5.stl,0.29000000000000004,78208,sat
../resources/benchmarks/random/b0_r5_c10_l100_i50_ps0_25_pt0_75_j5_1.stl,0.472,67144,sat
../resources/benchmarks/random/b0_r5_c10_l100_i50_ps0_25_pt0_75_j5_2.stl,0.12,49016,sat
../resources/benchmarks/random/b0_r5_c10_l100_i50_ps0_25_pt0_75_j5_3.stl,0.012,36711.2,sat
../resources/benchmarks/random/b0_r5_c10_l100_i50_ps0_25_pt0_75_j5_4.stl,0.06,60372.8,sat
../resources/benchmarks/random/b0_r5_c10_l100_i50_ps0_25_pt0_75_j5_5.stl,0.114,48417.6,sat
../resources/benchmarks/random/b0_r5_c10_l100_i50_ps0_25_pt0_95_j10_1.stl,-1,-1,TO
../resources/benchmarks/random/b0_r5_c10_l100_i50_ps0_25_pt0_95_j10_2.stl,0.028,43788.8,sat
../resources/benchmarks/random/b0_r5_c10_l100_i50_ps0_25_pt0_95_j10_3.stl,-1,-1,TO
../resources/benchmarks/random/b0_r5_c10_l100_i50_ps0_25_pt0_95_j10_4.stl,0.198,68673.6,sat
../resources/benchmarks/random/b0_r5_c10_l100_i50_ps0_25_pt0_95_j10_5.stl,0.0,7793.6,unsat
../resources/benchmarks/random/b0_r5_c10_l100_i50_ps0_25_pt0_95_j5_1.stl,-1,-1,TO
../resources/benchmarks/random/b0_r5_c10_l100_i50_ps0_25_pt0_95_j5_2.stl,0.08,48708.8,sat
../resources/benchmarks/random/b0_r5_c10_l100_i50_ps0_25_pt0_95_j5_3.stl,-1,-1,TO
../resources/benchmarks/random/b0_r5_c10_l100_i50_ps0_25_pt0_95_j5_4.stl,0.716,64061.6,sat
../resources/benchmarks/random/b0_r5_c10_l100_i50_ps0_25_pt0_95_j5_5.stl,0.03,51468.8,sat
../resources/benchmarks/random/b0_r5_c10_l100_i50_ps0_2_pt0_33_j10_1.stl,0.28400000000000003,34564.8,sat
../resources/benchmarks/random/b0_r5_c10_l100_i50_ps0_2_pt0_33_j10_2.stl,0.01,32428,unsat
../resources/benchmarks/random/b0_r5_c10_l100_i50_ps0_2_pt0_33_j10_3.stl,0.04,32763.2,unsat
../resources/benchmarks/random/b0_r5_c10_l100_i50_ps0_2_pt0_33_j10_4.stl,-1,-1,TO
../resources/benchmarks/random/b0_r5_c10_l100_i50_ps0_2_pt0_33_j10_5.stl,0.09,77284.8,sat
../resources/benchmarks/random/b0_r5_c10_l100_i50_ps0_2_pt0_33_j5_1.stl,0.02,40408,sat
../resources/benchmarks/random/b0_r5_c10_l100_i50_ps0_2_pt0_33_j5_2.stl,0.068,53614.4,sat
../resources/benchmarks/random/b0_r5_c10_l100_i50_ps0_2_pt0_33_j5_3.stl,0.01,32736.8,sat
../resources/benchmarks/random/b0_r5_c10_l100_i50_ps0_2_pt0_33_j5_4.stl,0.01,32755.2,sat
../resources/benchmarks/random/b0_r5_c10_l100_i50_ps0_2_pt0_33_j5_5.stl,0.0,7796.8,unsat
../resources/benchmarks/random/b0_r5_c10_l100_i50_ps0_2_pt0_5_j10_1.stl,-1,-1,TO
../resources/benchmarks/random/b0_r5_c10_l100_i50_ps0_2_pt0_5_j10_2.stl,0.066,71106.4,sat
../resources/benchmarks/random/b0_r5_c10_l100_i50_ps0_2_pt0_5_j10_3.stl,1.028,79400,sat
../resources/benchmarks/random/b0_r5_c10_l100_i50_ps0_2_pt0_5_j10_4.stl,0.978,86184.8,sat
../resources/benchmarks/random/b0_r5_c10_l100_i50_ps0_2_pt0_5_j10_5.stl,-1,-1,TO
../resources/benchmarks/random/b0_r5_c10_l100_i50_ps0_2_pt0_5_j5_1.stl,0.066,54844,sat
../resources/benchmarks/random/b0_r5_c10_l100_i50_ps0_2_pt0_5_j5_2.stl,0.052000000000000005,62821.6,sat
../resources/benchmarks/random/b0_r5_c10_l100_i50_ps0_2_pt0_5_j5_3.stl,-1,-1,TO
../resources/benchmarks/random/b0_r5_c10_l100_i50_ps0_2_pt0_5_j5_4.stl,0.516,60999.2,sat
../resources/benchmarks/random/b0_r5_c10_l100_i50_ps0_2_pt0_5_j5_5.stl,0.02,38560.8,sat
../resources/benchmarks/random/b0_r5_c10_l100_i50_ps0_2_pt0_75_j10_1.stl,-1,-1,TO
../resources/benchmarks/random/b0_r5_c10_l100_i50_ps0_2_pt0_75_j10_2.stl,0.696,42264.8,unsat
../resources/benchmarks/random/b0_r5_c10_l100_i50_ps0_2_pt0_75_j10_3.stl,0.298,69603.2,sat
../resources/benchmarks/random/b0_r5_c10_l100_i50_ps0_2_pt0_75_j10_4.stl,0.25,69889.6,sat
../resources/benchmarks/random/b0_r5_c10_l100_i50_ps0_2_pt0_75_j10_5.stl,1.072,32728.8,unsat
../resources/benchmarks/random/b0_r5_c10_l100_i50_ps0_2_pt0_75_j5_1.stl,-1,-1,TO
../resources/benchmarks/random/b0_r5_c10_l100_i50_ps0_2_pt0_75_j5_2.stl,0.22,60695.2,sat
../resources/benchmarks/random/b0_r5_c10_l100_i50_ps0_2_pt0_75_j5_3.stl,0.07200000000000001,76343.2,sat
../resources/benchmarks/random/b0_r5_c10_l100_i50_ps0_2_pt0_75_j5_4.stl,0.01,34558.4,sat
../resources/benchmarks/random/b0_r5_c10_l100_i50_ps0_2_pt0_75_j5_5.stl,0.998,79433.6,sat
../resources/benchmarks/random/b0_r5_c10_l100_i50_ps0_2_pt0_95_j10_1.stl,0.0,7812.8,unsat
../resources/benchmarks/random/b0_r5_c10_l100_i50_ps0_2_pt0_95_j10_2.stl,0.03,38869.6,sat
../resources/benchmarks/random/b0_r5_c10_l100_i50_ps0_2_pt0_95_j10_3.stl,0.834,77549.6,sat
../resources/benchmarks/random/b0_r5_c10_l100_i50_ps0_2_pt0_95_j10_4.stl,-1,-1,TO
../resources/benchmarks/random/b0_r5_c10_l100_i50_ps0_2_pt0_95_j10_5.stl,-1,-1,TO
../resources/benchmarks/random/b0_r5_c10_l100_i50_ps0_2_pt0_95_j5_1.stl,0.332,67146.4,sat
../resources/benchmarks/random/b0_r5_c10_l100_i50_ps0_2_pt0_95_j5_2.stl,0.05,62208.8,sat
../resources/benchmarks/random/b0_r5_c10_l100_i50_ps0_2_pt0_95_j5_3.stl,0.09,59151.2,sat
../resources/benchmarks/random/b0_r5_c10_l100_i50_ps0_2_pt0_95_j5_4.stl,0.06,50240.8,sat
../resources/benchmarks/random/b0_r5_c10_l100_i50_ps0_2_pt0_95_j5_5.stl,0.002,9353.6,sat
../resources/benchmarks/random/b0_r5_c10_l5000_i1000_ps0_05_pt0_33_j10_1.stl,-1,-1,TO
../resources/benchmarks/random/b0_r5_c10_l5000_i1000_ps0_05_pt0_33_j10_2.stl,-1,-1,TO
../resources/benchmarks/random/b0_r5_c10_l5000_i1000_ps0_05_pt0_33_j10_3.stl,-1,-1,TO
../resources/benchmarks/random/b0_r5_c10_l5000_i1000_ps0_05_pt0_33_j10_4.stl,-1,-1,TO
../resources/benchmarks/random/b0_r5_c10_l5000_i1000_ps0_05_pt0_33_j10_5.stl,-1,-1,TO
../resources/benchmarks/random/b0_r5_c10_l5000_i1000_ps0_05_pt0_33_j5_1.stl,-1,-1,TO
../resources/benchmarks/random/b0_r5_c10_l5000_i1000_ps0_05_pt0_33_j5_2.stl,-1,-1,TO
../resources/benchmarks/random/b0_r5_c10_l5000_i1000_ps0_05_pt0_33_j5_3.stl,0.054,10888,unsat
../resources/benchmarks/random/b0_r5_c10_l5000_i1000_ps0_05_pt0_33_j5_4.stl,0.052000000000000005,10849.6,unsat
../resources/benchmarks/random/b0_r5_c10_l5000_i1000_ps0_05_pt0_33_j5_5.stl,-1,-1,TO
../resources/benchmarks/random/b0_r5_c10_l5000_i1000_ps0_05_pt0_5_j10_1.stl,-1,-1,TO
../resources/benchmarks/random/b0_r5_c10_l5000_i1000_ps0_05_pt0_5_j10_2.stl,-1,-1,TO
../resources/benchmarks/random/b0_r5_c10_l5000_i1000_ps0_05_pt0_5_j10_3.stl,-1,-1,TO
../resources/benchmarks/random/b0_r5_c10_l5000_i1000_ps0_05_pt0_5_j10_4.stl,-1,-1,TO
../resources/benchmarks/random/b0_r5_c10_l5000_i1000_ps0_05_pt0_5_j10_5.stl,0.162,17050.4,unsat
../resources/benchmarks/random/b0_r5_c10_l5000_i1000_ps0_05_pt0_5_j5_1.stl,-1,-1,TO
../resources/benchmarks/random/b0_r5_c10_l5000_i1000_ps0_05_pt0_5_j5_2.stl,-1,-1,TO
../resources/benchmarks/random/b0_r5_c10_l5000_i1000_ps0_05_pt0_5_j5_3.stl,-1,-1,TO
../resources/benchmarks/random/b0_r5_c10_l5000_i1000_ps0_05_pt0_5_j5_4.stl,-1,-1,TO
../resources/benchmarks/random/b0_r5_c10_l5000_i1000_ps0_05_pt0_5_j5_5.stl,-1,-1,TO
../resources/benchmarks/random/b0_r5_c10_l5000_i1000_ps0_05_pt0_75_j10_1.stl,-1,-1,TO
../resources/benchmarks/random/b0_r5_c10_l5000_i1000_ps0_05_pt0_75_j10_2.stl,-1,-1,TO
../resources/benchmarks/random/b0_r5_c10_l5000_i1000_ps0_05_pt0_75_j10_3.stl,-1,-1,TO
../resources/benchmarks/random/b0_r5_c10_l5000_i1000_ps0_05_pt0_75_j10_4.stl,-1,-1,TO
../resources/benchmarks/random/b0_r5_c10_l5000_i1000_ps0_05_pt0_75_j10_5.stl,-1,-1,TO
../resources/benchmarks/random/b0_r5_c10_l5000_i1000_ps0_05_pt0_75_j5_1.stl,3.258,784139.2,sat
../resources/benchmarks/random/b0_r5_c10_l5000_i1000_ps0_05_pt0_75_j5_2.stl,-1,-1,TO
../resources/benchmarks/random/b0_r5_c10_l5000_i1000_ps0_05_pt0_75_j5_3.stl,-1,-1,TO
../resources/benchmarks/random/b0_r5_c10_l5000_i1000_ps0_05_pt0_75_j5_4.stl,-1,-1,TO
../resources/benchmarks/random/b0_r5_c10_l5000_i1000_ps0_05_pt0_75_j5_5.stl,-1,-1,TO
../resources/benchmarks/random/b0_r5_c10_l5000_i1000_ps0_05_pt0_95_j10_1.stl,-1,-1,OOM
../resources/benchmarks/random/b0_r5_c10_l5000_i1000_ps0_05_pt0_95_j10_2.stl,-1,-1,TO
../resources/benchmarks/random/b0_r5_c10_l5000_i1000_ps0_05_pt0_95_j10_3.stl,-1,-1,TO
../resources/benchmarks/random/b0_r5_c10_l5000_i1000_ps0_05_pt0_95_j10_4.stl,-1,-1,TO
../resources/benchmarks/random/b0_r5_c10_l5000_i1000_ps0_05_pt0_95_j10_5.stl,-1,-1,TO
../resources/benchmarks/random/b0_r5_c10_l5000_i1000_ps0_05_pt0_95_j5_1.stl,-1,-1,TO
../resources/benchmarks/random/b0_r5_c10_l5000_i1000_ps0_05_pt0_95_j5_2.stl,-1,-1,TO
../resources/benchmarks/random/b0_r5_c10_l5000_i1000_ps0_05_pt0_95_j5_3.stl,0.02,9350.4,unsat
../resources/benchmarks/random/b0_r5_c10_l5000_i1000_ps0_05_pt0_95_j5_4.stl,-1,-1,TO
../resources/benchmarks/random/b0_r5_c10_l5000_i1000_ps0_05_pt0_95_j5_5.stl,-1,-1,TO
../resources/benchmarks/random/b0_r5_c10_l5000_i1000_ps0_15_pt0_33_j10_1.stl,-1,-1,TO
../resources/benchmarks/random/b0_r5_c10_l5000_i1000_ps0_15_pt0_33_j10_2.stl,-1,-1,TO
../resources/benchmarks/random/b0_r5_c10_l5000_i1000_ps0_15_pt0_33_j10_3.stl,28.842,260675.2,sat
../resources/benchmarks/random/b0_r5_c10_l5000_i1000_ps0_15_pt0_33_j10_4.stl,-1,-1,TO
../resources/benchmarks/random/b0_r5_c10_l5000_i1000_ps0_15_pt0_33_j10_5.stl,0.0,7808,unsat
../resources/benchmarks/random/b0_r5_c10_l5000_i1000_ps0_15_pt0_33_j5_1.stl,33.94,476952.8,sat
../resources/benchmarks/random/b0_r5_c10_l5000_i1000_ps0_15_pt0_33_j5_2.stl,0.496,426267.2,sat
../resources/benchmarks/random/b0_r5_c10_l5000_i1000_ps0_15_pt0_33_j5_3.stl,0.07200000000000001,60707.2,sat
../resources/benchmarks/random/b0_r5_c10_l5000_i1000_ps0_15_pt0_33_j5_4.stl,0.01,32443.2,unsat
../resources/benchmarks/random/b0_r5_c10_l5000_i1000_ps0_15_pt0_33_j5_5.stl,-1,-1,TO
../resources/benchmarks/random/b0_r5_c10_l5000_i1000_ps0_15_pt0_5_j10_1.stl,-1,-1,TO
../resources/benchmarks/random/b0_r5_c10_l5000_i1000_ps0_15_pt0_5_j10_2.stl,2.05,1729083.2,sat
../resources/benchmarks/random/b0_r5_c10_l5000_i1000_ps0_15_pt0_5_j10_3.stl,0.01,33060,unsat
../resources/benchmarks/random/b0_r5_c10_l5000_i1000_ps0_15_pt0_5_j10_4.stl,0.016,33031.2,unsat
../resources/benchmarks/random/b0_r5_c10_l5000_i1000_ps0_15_pt0_5_j10_5.stl,-1,-1,TO
../resources/benchmarks/random/b0_r5_c10_l5000_i1000_ps0_15_pt0_5_j5_1.stl,43.775999999999996,440693.6,sat
../resources/benchmarks/random/b0_r5_c10_l5000_i1000_ps0_15_pt0_5_j5_2.stl,-1,-1,TO
../resources/benchmarks/random/b0_r5_c10_l5000_i1000_ps0_15_pt0_5_j5_3.stl,-1,-1,TO
../resources/benchmarks/random/b0_r5_c10_l5000_i1000_ps0_15_pt0_5_j5_4.stl,0.01,33075.2,sat
../resources/benchmarks/random/b0_r5_c10_l5000_i1000_ps0_15_pt0_5_j5_5.stl,-1,-1,TO
../resources/benchmarks/random/b0_r5_c10_l5000_i1000_ps0_15_pt0_75_j10_1.stl,0.0,7808,unsat
../resources/benchmarks/random/b0_r5_c10_l5000_i1000_ps0_15_pt0_75_j10_2.stl,0.0,7860,unsat
../resources/benchmarks/random/b0_r5_c10_l5000_i1000_ps0_15_pt0_75_j10_3.stl,-1,-1,TO
../resources/benchmarks/random/b0_r5_c10_l5000_i1000_ps0_15_pt0_75_j10_4.stl,0.0,7793.6,unsat
../resources/benchmarks/random/b0_r5_c10_l5000_i1000_ps0_15_pt0_75_j10_5.stl,-1,-1,TO
../resources/benchmarks/random/b0_r5_c10_l5000_i1000_ps0_15_pt0_75_j5_1.stl,-1,-1,TO
../resources/benchmarks/random/b0_r5_c10_l5000_i1000_ps0_15_pt0_75_j5_2.stl,-1,-1,TO
../resources/benchmarks/random/b0_r5_c10_l5000_i1000_ps0_15_pt0_75_j5_3.stl,-1,-1,TO
../resources/benchmarks/random/b0_r5_c10_l5000_i1000_ps0_15_pt0_75_j5_4.stl,-1,-1,TO
../resources/benchmarks/random/b0_r5_c10_l5000_i1000_ps0_15_pt0_75_j5_5.stl,-1,-1,TO
../resources/benchmarks/random/b0_r5_c10_l5000_i1000_ps0_15_pt0_95_j10_1.stl,-1,-1,TO
../resources/benchmarks/random/b0_r5_c10_l5000_i1000_ps0_15_pt0_95_j10_2.stl,0.0,7792,unsat
../resources/benchmarks/random/b0_r5_c10_l5000_i1000_ps0_15_pt0_95_j10_3.stl,-1,-1,TO
../resources/benchmarks/random/b0_r5_c10_l5000_i1000_ps0_15_pt0_95_j10_4.stl,-1,-1,TO
../resources/benchmarks/random/b0_r5_c10_l5000_i1000_ps0_15_pt0_95_j10_5.stl,-1,-1,TO
../resources/benchmarks/random/b0_r5_c10_l5000_i1000_ps0_15_pt0_95_j5_1.stl,-1,-1,TO
../resources/benchmarks/random/b0_r5_c10_l5000_i1000_ps0_15_pt0_95_j5_2.stl,83.62,1973004.8,sat
../resources/benchmarks/random/b0_r5_c10_l5000_i1000_ps0_15_pt0_95_j5_3.stl,0.0,7838.4,unsat
../resources/benchmarks/random/b0_r5_c10_l5000_i1000_ps0_15_pt0_95_j5_4.stl,0.0,7787.2,unsat
../resources/benchmarks/random/b0_r5_c10_l5000_i1000_ps0_15_pt0_95_j5_5.stl,1.732,688920.8,sat
../resources/benchmarks/random/b0_r5_c10_l5000_i1000_ps0_1_pt0_33_j10_1.stl,0.0,7805.6,unsat
../resources/benchmarks/random/b0_r5_c10_l5000_i1000_ps0_1_pt0_33_j10_2.stl,-1,-1,TO
../resources/benchmarks/random/b0_r5_c10_l5000_i1000_ps0_1_pt0_33_j10_3.stl,0.0,7811.2,unsat
../resources/benchmarks/random/b0_r5_c10_l5000_i1000_ps0_1_pt0_33_j10_4.stl,-1,-1,TO
../resources/benchmarks/random/b0_r5_c10_l5000_i1000_ps0_1_pt0_33_j10_5.stl,-1,-1,TO
../resources/benchmarks/random/b0_r5_c10_l5000_i1000_ps0_1_pt0_33_j5_1.stl,-1,-1,TO
../resources/benchmarks/random/b0_r5_c10_l5000_i1000_ps0_1_pt0_33_j5_2.stl,-1,-1,TO
../resources/benchmarks/random/b0_r5_c10_l5000_i1000_ps0_1_pt0_33_j5_3.stl,0.034,44100,sat
../resources/benchmarks/random/b0_r5_c10_l5000_i1000_ps0_1_pt0_33_j5_4.stl,-1,-1,TO
../resources/benchmarks/random/b0_r5_c10_l5000_i1000_ps0_1_pt0_33_j5_5.stl,76.43,20378269.6,sat
../resources/benchmarks/random/b0_r5_c10_l5000_i1000_ps0_1_pt0_5_j10_1.stl,0.0,7786.4,unsat
../resources/benchmarks/random/b0_r5_c10_l5000_i1000_ps0_1_pt0_5_j10_2.stl,-1,-1,TO
../resources/benchmarks/random/b0_r5_c10_l5000_i1000_ps0_1_pt0_5_j10_3.stl,-1,-1,TO
../resources/benchmarks/random/b0_r5_c10_l5000_i1000_ps0_1_pt0_5_j10_4.stl,-1,-1,TO
../resources/benchmarks/random/b0_r5_c10_l5000_i1000_ps0_1_pt0_5_j10_5.stl,-1,-1,TO
../resources/benchmarks/random/b0_r5_c10_l5000_i1000_ps0_1_pt0_5_j5_1.stl,-1,-1,TO
../resources/benchmarks/random/b0_r5_c10_l5000_i1000_ps0_1_pt0_5_j5_2.stl,0.03,37945.6,sat
../resources/benchmarks/random/b0_r5_c10_l5000_i1000_ps0_1_pt0_5_j5_3.stl,-1,-1,TO
../resources/benchmarks/random/b0_r5_c10_l5000_i1000_ps0_1_pt0_5_j5_4.stl,-1,-1,TO
../resources/benchmarks/random/b0_r5_c10_l5000_i1000_ps0_1_pt0_5_j5_5.stl,-1,-1,TO
../resources/benchmarks/random/b0_r5_c10_l5000_i1000_ps0_1_pt0_75_j10_1.stl,-1,-1,TO
../resources/benchmarks/random/b0_r5_c10_l5000_i1000_ps0_1_pt0_75_j10_2.stl,-1,-1,TO
../resources/benchmarks/random/b0_r5_c10_l5000_i1000_ps0_1_pt0_75_j10_3.stl,0.02,33330.4,unsat
../resources/benchmarks/random/b0_r5_c10_l5000_i1000_ps0_1_pt0_75_j10_4.stl,-1,-1,TO
../resources/benchmarks/random/b0_r5_c10_l5000_i1000_ps0_1_pt0_75_j10_5.stl,-1,-1,TO
../resources/benchmarks/random/b0_r5_c10_l5000_i1000_ps0_1_pt0_75_j5_1.stl,-1,-1,TO
../resources/benchmarks/random/b0_r5_c10_l5000_i1000_ps0_1_pt0_75_j5_2.stl,0.91,289241.6,sat
../resources/benchmarks/random/b0_r5_c10_l5000_i1000_ps0_1_pt0_75_j5_3.stl,-1,-1,TO
../resources/benchmarks/random/b0_r5_c10_l5000_i1000_ps0_1_pt0_75_j5_4.stl,3.48,799188.8,sat
../resources/benchmarks/random/b0_r5_c10_l5000_i1000_ps0_1_pt0_75_j5_5.stl,0.864,398608.8,sat
../resources/benchmarks/random/b0_r5_c10_l5000_i1000_ps0_1_pt0_95_j10_1.stl,-1,-1,TO
../resources/benchmarks/random/b0_r5_c10_l5000_i1000_ps0_1_pt0_95_j10_2.stl,-1,-1,TO
../resources/benchmarks/random/b0_r5_c10_l5000_i1000_ps0_1_pt0_95_j10_3.stl,-1,-1,TO
../resources/benchmarks/random/b0_r5_c10_l5000_i1000_ps0_1_pt0_95_j10_4.stl,-1,-1,TO
../resources/benchmarks/random/b0_r5_c10_l5000_i1000_ps0_1_pt0_95_j10_5.stl,-1,-1,TO
../resources/benchmarks/random/b0_r5_c10_l5000_i1000_ps0_1_pt0_95_j5_1.stl,-1,-1,TO
../resources/benchmarks/random/b0_r5_c10_l5000_i1000_ps0_1_pt0_95_j5_2.stl,-1,-1,TO
../resources/benchmarks/random/b0_r5_c10_l5000_i1000_ps0_1_pt0_95_j5_3.stl,-1,-1,TO
../resources/benchmarks/random/b0_r5_c10_l5000_i1000_ps0_1_pt0_95_j5_4.stl,0.688,563268.8,sat
../resources/benchmarks/random/b0_r5_c10_l5000_i1000_ps0_1_pt0_95_j5_5.stl,-1,-1,TO
../resources/benchmarks/random/b0_r5_c10_l5000_i1000_ps0_25_pt0_33_j10_1.stl,-1,-1,TO
../resources/benchmarks/random/b0_r5_c10_l5000_i1000_ps0_25_pt0_33_j10_2.stl,-1,-1,TO
../resources/benchmarks/random/b0_r5_c10_l5000_i1000_ps0_25_pt0_33_j10_3.stl,0.01,32720,unsat
../resources/benchmarks/random/b0_r5_c10_l5000_i1000_ps0_25_pt0_33_j10_4.stl,0.0,7799.2,unsat
../resources/benchmarks/random/b0_r5_c10_l5000_i1000_ps0_25_pt0_33_j10_5.stl,-1,-1,TO
../resources/benchmarks/random/b0_r5_c10_l5000_i1000_ps0_25_pt0_33_j5_1.stl,0.02,36411.2,sat
../resources/benchmarks/random/b0_r5_c10_l5000_i1000_ps0_25_pt0_33_j5_2.stl,0.01,34268.8,sat
../resources/benchmarks/random/b0_r5_c10_l5000_i1000_ps0_25_pt0_33_j5_3.stl,0.01,33020.8,sat
../resources/benchmarks/random/b0_r5_c10_l5000_i1000_ps0_25_pt0_33_j5_4.stl,0.392,334714.4,unsat
../resources/benchmarks/random/b0_r5_c10_l5000_i1000_ps0_25_pt0_33_j5_5.stl,-1,-1,TO
../resources/benchmarks/random/b0_r5_c10_l5000_i1000_ps0_25_pt0_5_j10_1.stl,0.0,7790.4,unsat
../resources/benchmarks/random/b0_r5_c10_l5000_i1000_ps0_25_pt0_5_j10_2.stl,0.0,7788.8,unsat
../resources/benchmarks/random/b0_r5_c10_l5000_i1000_ps0_25_pt0_5_j10_3.stl,-1,-1,TO
../resources/benchmarks/random/b0_r5_c10_l5000_i1000_ps0_25_pt0_5_j10_4.stl,0.0,7795.2,unsat
../resources/benchmarks/random/b0_r5_c10_l5000_i1000_ps0_25_pt0_5_j10_5.stl,1.104,283692.8,unsat
../resources/benchmarks/random/b0_r5_c10_l5000_i1000_ps0_25_pt0_5_j5_1.stl,0.388,320575.2,sat
../resources/benchmarks/random/b0_r5_c10_l5000_i1000_ps0_25_pt0_5_j5_2.stl,0.08,86507.2,sat
../resources/benchmarks/random/b0_r5_c10_l5000_i1000_ps0_25_pt0_5_j5_3.stl,0.01,33338.4,sat
../resources/benchmarks/random/b0_r5_c10_l5000_i1000_ps0_25_pt0_5_j5_4.stl,0.926,446223.2,sat
../resources/benchmarks/random/b0_r5_c10_l5000_i1000_ps0_25_pt0_5_j5_5.stl,0.0,7780,unsat
../resources/benchmarks/random/b0_r5_c10_l5000_i1000_ps0_25_pt0_75_j10_1.stl,-1,-1,TO
../resources/benchmarks/random/b0_r5_c10_l5000_i1000_ps0_25_pt0_75_j10_2.stl,0.01,32720,unsat
../resources/benchmarks/random/b0_r5_c10_l5000_i1000_ps0_25_pt0_75_j10_3.stl,-1,-1,TO
../resources/benchmarks/random/b0_r5_c10_l5000_i1000_ps0_25_pt0_75_j10_4.stl,-1,-1,TO
../resources/benchmarks/random/b0_r5_c10_l5000_i1000_ps0_25_pt0_75_j10_5.stl,-1,-1,TO
../resources/benchmarks/random/b0_r5_c10_l5000_i1000_ps0_25_pt0_75_j5_1.stl,-1,-1,TO
../resources/benchmarks/random/b0_r5_c10_l5000_i1000_ps0_25_pt0_75_j5_2.stl,0.01,32738.4,sat
../resources/benchmarks/random/b0_r5_c10_l5000_i1000_ps0_25_pt0_75_j5_3.stl,0.0,7816,unsat
../resources/benchmarks/random/b0_r5_c10_l5000_i1000_ps0_25_pt0_75_j5_4.stl,2.116,1710042.4,sat
../resources/benchmarks/random/b0_r5_c10_l5000_i1000_ps0_25_pt0_75_j5_5.stl,0.02,44090.4,sat
../resources/benchmarks/random/b0_r5_c10_l5000_i1000_ps0_25_pt0_95_j10_1.stl,-1,-1,TO
../resources/benchmarks/random/b0_r5_c10_l5000_i1000_ps0_25_pt0_95_j10_2.stl,-1,-1,TO
../resources/benchmarks/random/b0_r5_c10_l5000_i1000_ps0_25_pt0_95_j10_3.stl,0.0,7799.2,unsat
../resources/benchmarks/random/b0_r5_c10_l5000_i1000_ps0_25_pt0_95_j10_4.stl,-1,-1,TO
../resources/benchmarks/random/b0_r5_c10_l5000_i1000_ps0_25_pt0_95_j10_5.stl,-1,-1,TO
../resources/benchmarks/random/b0_r5_c10_l5000_i1000_ps0_25_pt0_95_j5_1.stl,90.804,649260,sat
../resources/benchmarks/random/b0_r5_c10_l5000_i1000_ps0_25_pt0_95_j5_2.stl,0.56,269572.8,sat
../resources/benchmarks/random/b0_r5_c10_l5000_i1000_ps0_25_pt0_95_j5_3.stl,2.742,2113072,sat
../resources/benchmarks/random/b0_r5_c10_l5000_i1000_ps0_25_pt0_95_j5_4.stl,1.86,1554881.6,sat
../resources/benchmarks/random/b0_r5_c10_l5000_i1000_ps0_25_pt0_95_j5_5.stl,-1,-1,TO
../resources/benchmarks/random/b0_r5_c10_l5000_i1000_ps0_2_pt0_33_j10_1.stl,12.908,202320,sat
../resources/benchmarks/random/b0_r5_c10_l5000_i1000_ps0_2_pt0_33_j10_2.stl,-1,-1,TO
../resources/benchmarks/random/b0_r5_c10_l5000_i1000_ps0_2_pt0_33_j10_3.stl,0.012,33648,unsat
../resources/benchmarks/random/b0_r5_c10_l5000_i1000_ps0_2_pt0_33_j10_4.stl,0.01,33056.8,unsat
../resources/benchmarks/random/b0_r5_c10_l5000_i1000_ps0_2_pt0_33_j10_5.stl,0.146,111063.2,sat
../resources/benchmarks/random/b0_r5_c10_l5000_i1000_ps0_2_pt0_33_j5_1.stl,0.158,137168.8,sat
../resources/benchmarks/random/b0_r5_c10_l5000_i1000_ps0_2_pt0_33_j5_2.stl,0.06,72060.8,sat
../resources/benchmarks/random/b0_r5_c10_l5000_i1000_ps0_2_pt0_33_j5_3.stl,0.01,33040,sat
../resources/benchmarks/random/b0_r5_c10_l5000_i1000_ps0_2_pt0_33_j5_4.stl,0.23,140240,sat
../resources/benchmarks/random/b0_r5_c10_l5000_i1000_ps0_2_pt0_33_j5_5.stl,0.714,476342.4,sat
../resources/benchmarks/random/b0_r5_c10_l5000_i1000_ps0_2_pt0_5_j10_1.stl,24.144,748807.2,sat
../resources/benchmarks/random/b0_r5_c10_l5000_i1000_ps0_2_pt0_5_j10_2.stl,-1,-1,TO
../resources/benchmarks/random/b0_r5_c10_l5000_i1000_ps0_2_pt0_5_j10_3.stl,-1,-1,TO
../resources/benchmarks/random/b0_r5_c10_l5000_i1000_ps0_2_pt0_5_j10_4.stl,-1,-1,TO
../resources/benchmarks/random/b0_r5_c10_l5000_i1000_ps0_2_pt0_5_j10_5.stl,1.93,1618791.2,sat
../resources/benchmarks/random/b0_r5_c10_l5000_i1000_ps0_2_pt0_5_j5_1.stl,0.154,156229.6,sat
../resources/benchmarks/random/b0_r5_c10_l5000_i1000_ps0_2_pt0_5_j5_2.stl,2.186,1816340.8,sat
../resources/benchmarks/random/b0_r5_c10_l5000_i1000_ps0_2_pt0_5_j5_3.stl,0.01,32722.4,sat
../resources/benchmarks/random/b0_r5_c10_l5000_i1000_ps0_2_pt0_5_j5_4.stl,0.424,327943.2,sat
../resources/benchmarks/random/b0_r5_c10_l5000_i1000_ps0_2_pt0_5_j5_5.stl,0.01,32744,sat
../resources/benchmarks/random/b0_r5_c10_l5000_i1000_ps0_2_pt0_75_j10_1.stl,-1,-1,TO
../resources/benchmarks/random/b0_r5_c10_l5000_i1000_ps0_2_pt0_75_j10_2.stl,-1,-1,TO
../resources/benchmarks/random/b0_r5_c10_l5000_i1000_ps0_2_pt0_75_j10_3.stl,-1,-1,TO
../resources/benchmarks/random/b0_r5_c10_l5000_i1000_ps0_2_pt0_75_j10_4.stl,-1,-1,TO
../resources/benchmarks/random/b0_r5_c10_l5000_i1000_ps0_2_pt0_75_j10_5.stl,0.0,7812,unsat
../resources/benchmarks/random/b0_r5_c10_l5000_i1000_ps0_2_pt0_75_j5_1.stl,-1,-1,TO
../resources/benchmarks/random/b0_r5_c10_l5000_i1000_ps0_2_pt0_75_j5_2.stl,-1,-1,TO
../resources/benchmarks/random/b0_r5_c10_l5000_i1000_ps0_2_pt0_75_j5_3.stl,0.01,32736.8,sat
../resources/benchmarks/random/b0_r5_c10_l5000_i1000_ps0_2_pt0_75_j5_4.stl,1.318,473848,sat
../resources/benchmarks/random/b0_r5_c10_l5000_i1000_ps0_2_pt0_75_j5_5.stl,-1,-1,TO
../resources/benchmarks/random/b0_r5_c10_l5000_i1000_ps0_2_pt0_95_j10_1.stl,-1,-1,TO
../resources/benchmarks/random/b0_r5_c10_l5000_i1000_ps0_2_pt0_95_j10_2.stl,6.804,195226.4,sat
../resources/benchmarks/random/b0_r5_c10_l5000_i1000_ps0_2_pt0_95_j10_3.stl,-1,-1,TO
../resources/benchmarks/random/b0_r5_c10_l5000_i1000_ps0_2_pt0_95_j10_4.stl,1.316,413372,sat
../resources/benchmarks/random/b0_r5_c10_l5000_i1000_ps0_2_pt0_95_j10_5.stl,-1,-1,TO
../resources/benchmarks/random/b0_r5_c10_l5000_i1000_ps0_2_pt0_95_j5_1.stl,0.0,7826.4,unsat
../resources/benchmarks/random/b0_r5_c10_l5000_i1000_ps0_2_pt0_95_j5_2.stl,0.478,413959.2,sat
../resources/benchmarks/random/b0_r5_c10_l5000_i1000_ps0_2_pt0_95_j5_3.stl,5.008,262820,sat
../resources/benchmarks/random/b0_r5_c10_l5000_i1000_ps0_2_pt0_95_j5_4.stl,-1,-1,TO
../resources/benchmarks/random/b0_r5_c10_l5000_i1000_ps0_2_pt0_95_j5_5.stl,-1,-1,TO
../resources/benchmarks/random/b0_r5_c10_l5000_i50_ps0_05_pt0_33_j10_1.stl,-1,-1,TO
../resources/benchmarks/random/b0_r5_c10_l5000_i50_ps0_05_pt0_33_j10_2.stl,-1,-1,TO
../resources/benchmarks/random/b0_r5_c10_l5000_i50_ps0_05_pt0_33_j10_3.stl,-1,-1,TO
../resources/benchmarks/random/b0_r5_c10_l5000_i50_ps0_05_pt0_33_j10_4.stl,-1,-1,TO
../resources/benchmarks/random/b0_r5_c10_l5000_i50_ps0_05_pt0_33_j10_5.stl,-1,-1,TO
../resources/benchmarks/random/b0_r5_c10_l5000_i50_ps0_05_pt0_33_j5_1.stl,-1,-1,TO
../resources/benchmarks/random/b0_r5_c10_l5000_i50_ps0_05_pt0_33_j5_2.stl,-1,-1,TO
../resources/benchmarks/random/b0_r5_c10_l5000_i50_ps0_05_pt0_33_j5_3.stl,-1,-1,TO
../resources/benchmarks/random/b0_r5_c10_l5000_i50_ps0_05_pt0_33_j5_4.stl,2.052,87126.4,sat
../resources/benchmarks/random/b0_r5_c10_l5000_i50_ps0_05_pt0_33_j5_5.stl,3.368,2249803.2,sat
../resources/benchmarks/random/b0_r5_c10_l5000_i50_ps0_05_pt0_5_j10_1.stl,-1,-1,TO
../resources/benchmarks/random/b0_r5_c10_l5000_i50_ps0_05_pt0_5_j10_2.stl,-1,-1,TO
../resources/benchmarks/random/b0_r5_c10_l5000_i50_ps0_05_pt0_5_j10_3.stl,-1,-1,TO
../resources/benchmarks/random/b0_r5_c10_l5000_i50_ps0_05_pt0_5_j10_4.stl,-1,-1,TO
../resources/benchmarks/random/b0_r5_c10_l5000_i50_ps0_05_pt0_5_j10_5.stl,-1,-1,TO
../resources/benchmarks/random/b0_r5_c10_l5000_i50_ps0_05_pt0_5_j5_1.stl,-1,-1,TO
../resources/benchmarks/random/b0_r5_c10_l5000_i50_ps0_05_pt0_5_j5_2.stl,-1,-1,TO
../resources/benchmarks/random/b0_r5_c10_l5000_i50_ps0_05_pt0_5_j5_3.stl,-1,-1,TO
../resources/benchmarks/random/b0_r5_c10_l5000_i50_ps0_05_pt0_5_j5_4.stl,-1,-1,TO
../resources/benchmarks/random/b0_r5_c10_l5000_i50_ps0_05_pt0_5_j5_5.stl,-1,-1,TO
../resources/benchmarks/random/b0_r5_c10_l5000_i50_ps0_05_pt0_75_j10_1.stl,-1,-1,TO
../resources/benchmarks/random/b0_r5_c10_l5000_i50_ps0_05_pt0_75_j10_2.stl,-1,-1,TO
../resources/benchmarks/random/b0_r5_c10_l5000_i50_ps0_05_pt0_75_j10_3.stl,-1,-1,TO
../resources/benchmarks/random/b0_r5_c10_l5000_i50_ps0_05_pt0_75_j10_4.stl,-1,-1,TO
../resources/benchmarks/random/b0_r5_c10_l5000_i50_ps0_05_pt0_75_j10_5.stl,-1,-1,TO
../resources/benchmarks/random/b0_r5_c10_l5000_i50_ps0_05_pt0_75_j5_1.stl,-1,-1,TO
../resources/benchmarks/random/b0_r5_c10_l5000_i50_ps0_05_pt0_75_j5_2.stl,-1,-1,TO
../resources/benchmarks/random/b0_r5_c10_l5000_i50_ps0_05_pt0_75_j5_3.stl,-1,-1,TO
../resources/benchmarks/random/b0_r5_c10_l5000_i50_ps0_05_pt0_75_j5_4.stl,-1,-1,TO
../resources/benchmarks/random/b0_r5_c10_l5000_i50_ps0_05_pt0_75_j5_5.stl,-1,-1,TO
../resources/benchmarks/random/b0_r5_c10_l5000_i50_ps0_05_pt0_95_j10_1.stl,-1,-1,TO
../resources/benchmarks/random/b0_r5_c10_l5000_i50_ps0_05_pt0_95_j10_2.stl,-1,-1,TO
../resources/benchmarks/random/b0_r5_c10_l5000_i50_ps0_05_pt0_95_j10_3.stl,-1,-1,TO
../resources/benchmarks/random/b0_r5_c10_l5000_i50_ps0_05_pt0_95_j10_4.stl,-1,-1,TO
../resources/benchmarks/random/b0_r5_c10_l5000_i50_ps0_05_pt0_95_j10_5.stl,111.402,10757979.2,sat
../resources/benchmarks/random/b0_r5_c10_l5000_i50_ps0_05_pt0_95_j5_1.stl,0.09,42552.8,sat
../resources/benchmarks/random/b0_r5_c10_l5000_i50_ps0_05_pt0_95_j5_2.stl,-1,-1,TO
../resources/benchmarks/random/b0_r5_c10_l5000_i50_ps0_05_pt0_95_j5_3.stl,-1,-1,OOM
../resources/benchmarks/random/b0_r5_c10_l5000_i50_ps0_05_pt0_95_j5_4.stl,-1,-1,TO
../resources/benchmarks/random/b0_r5_c10_l5000_i50_ps0_05_pt0_95_j5_5.stl,0.01,9334.4,unsat
../resources/benchmarks/random/b0_r5_c10_l5000_i50_ps0_15_pt0_33_j10_1.stl,0.0,7792,unsat
../resources/benchmarks/random/b0_r5_c10_l5000_i50_ps0_15_pt0_33_j10_2.stl,70.882,2260849.6,sat
../resources/benchmarks/random/b0_r5_c10_l5000_i50_ps0_15_pt0_33_j10_3.stl,0.02,33646.4,unsat
../resources/benchmarks/random/b0_r5_c10_l5000_i50_ps0_15_pt0_33_j10_4.stl,-1,-1,TO
../resources/benchmarks/random/b0_r5_c10_l5000_i50_ps0_15_pt0_33_j10_5.stl,0.01,33029.6,unsat
../resources/benchmarks/random/b0_r5_c10_l5000_i50_ps0_15_pt0_33_j5_1.stl,0.604,76658.4,sat
../resources/benchmarks/random/b0_r5_c10_l5000_i50_ps0_15_pt0_33_j5_2.stl,70.52799999999999,2462996,sat
../resources/benchmarks/random/b0_r5_c10_l5000_i50_ps0_15_pt0_33_j5_3.stl,0.03,39168.8,sat
../resources/benchmarks/random/b0_r5_c10_l5000_i50_ps0_15_pt0_33_j5_4.stl,4.2299999999999995,2186504.8,sat
../resources/benchmarks/random/b0_r5_c10_l5000_i50_ps0_15_pt0_33_j5_5.stl,2.596,2059029.6,sat
../resources/benchmarks/random/b0_r5_c10_l5000_i50_ps0_15_pt0_5_j10_1.stl,80.97,2472520,sat
../resources/benchmarks/random/b0_r5_c10_l5000_i50_ps0_15_pt0_5_j10_2.stl,0.422,59758.4,sat
../resources/benchmarks/random/b0_r5_c10_l5000_i50_ps0_15_pt0_5_j10_3.stl,-1,-1,TO
../resources/benchmarks/random/b0_r5_c10_l5000_i50_ps0_15_pt0_5_j10_4.stl,12.996,45020,unsat
../resources/benchmarks/random/b0_r5_c10_l5000_i50_ps0_15_pt0_5_j10_5.stl,35.912,2295241.6,sat
../resources/benchmarks/random/b0_r5_c10_l5000_i50_ps0_15_pt0_5_j5_1.stl,-1,-1,TO
../resources/benchmarks/random/b0_r5_c10_l5000_i50_ps0_15_pt0_5_j5_2.stl,0.01,33652,sat
../resources/benchmarks/random/b0_r5_c10_l5000_i50_ps0_15_pt0_5_j5_3.stl,0.04,53305.6,sat
../resources/benchmarks/random/b0_r5_c10_l5000_i50_ps0_15_pt0_5_j5_4.stl,-1,-1,TO
../resources/benchmarks/random/b0_r5_c10_l5000_i50_ps0_15_pt0_5_j5_5.stl,0.198,59150.4,sat
../resources/benchmarks/random/b0_r5_c10_l5000_i50_ps0_15_pt0_75_j10_1.stl,-1,-1,TO
../resources/benchmarks/random/b0_r5_c10_l5000_i50_ps0_15_pt0_75_j10_2.stl,23.445999999999998,2291258.4,sat
../resources/benchmarks/random/b0_r5_c10_l5000_i50_ps0_15_pt0_75_j10_3.stl,-1,-1,TO
../resources/benchmarks/random/b0_r5_c10_l5000_i50_ps0_15_pt0_75_j10_4.stl,-1,-1,TO
../resources/benchmarks/random/b0_r5_c10_l5000_i50_ps0_15_pt0_75_j10_5.stl,-1,-1,TO
../resources/benchmarks/random/b0_r5_c10_l5000_i50_ps0_15_pt0_75_j5_1.stl,23.294,2194164,sat
../resources/benchmarks/random/b0_r5_c10_l5000_i50_ps0_15_pt0_75_j5_2.stl,0.0,7790.4,unsat
../resources/benchmarks/random/b0_r5_c10_l5000_i50_ps0_15_pt0_75_j5_3.stl,75.558,2303556,sat
../resources/benchmarks/random/b0_r5_c10_l5000_i50_ps0_15_pt0_75_j5_4.stl,0.022,44100.8,sat
../resources/benchmarks/random/b0_r5_c10_l5000_i50_ps0_15_pt0_75_j5_5.stl,-1,-1,TO
../resources/benchmarks/random/b0_r5_c10_l5000_i50_ps0_15_pt0_95_j10_1.stl,-1,-1,TO
../resources/benchmarks/random/b0_r5_c10_l5000_i50_ps0_15_pt0_95_j10_2.stl,63.056,2192044.8,sat
../resources/benchmarks/random/b0_r5_c10_l5000_i50_ps0_15_pt0_95_j10_3.stl,49.928000000000004,2235957.6,sat
../resources/benchmarks/random/b0_r5_c10_l5000_i50_ps0_15_pt0_95_j10_4.stl,0.632,71752.8,sat
../resources/benchmarks/random/b0_r5_c10_l5000_i50_ps0_15_pt0_95_j10_5.stl,-1,-1,TO
../resources/benchmarks/random/b0_r5_c10_l5000_i50_ps0_15_pt0_95_j5_1.stl,0.266,57308,sat
../resources/benchmarks/random/b0_r5_c10_l5000_i50_ps0_15_pt0_95_j5_2.stl,0.0,7773.6,unsat
../resources/benchmarks/random/b0_r5_c10_l5000_i50_ps0_15_pt0_95_j5_3.stl,0.448,71432.8,sat
../resources/benchmarks/random/b0_r5_c10_l5000_i50_ps0_15_pt0_95_j5_4.stl,0.396,108909.6,sat
../resources/benchmarks/random/b0_r5_c10_l5000_i50_ps0_15_pt0_95_j5_5.stl,0.01,33994.4,sat
../resources/benchmarks/random/b0_r5_c10_l5000_i50_ps0_1_pt0_33_j10_1.stl,-1,-1,TO
../resources/benchmarks/random/b0_r5_c10_l5000_i50_ps0_1_pt0_33_j10_2.stl,-1,-1,TO
../resources/benchmarks/random/b0_r5_c10_l5000_i50_ps0_1_pt0_33_j10_3.stl,-1,-1,TO
../resources/benchmarks/random/b0_r5_c10_l5000_i50_ps0_1_pt0_33_j10_4.stl,0.17,52712.8,sat
../resources/benchmarks/random/b0_r5_c10_l5000_i50_ps0_1_pt0_33_j10_5.stl,2.326,113217.6,sat
../resources/benchmarks/random/b0_r5_c10_l5000_i50_ps0_1_pt0_33_j5_1.stl,0.016,34253.6,sat
../resources/benchmarks/random/b0_r5_c10_l5000_i50_ps0_1_pt0_33_j5_2.stl,0.0,7793.6,unsat
../resources/benchmarks/random/b0_r5_c10_l5000_i50_ps0_1_pt0_33_j5_3.stl,-1,-1,TO
../resources/benchmarks/random/b0_r5_c10_l5000_i50_ps0_1_pt0_33_j5_4.stl,2.202,2045816.8,sat
../resources/benchmarks/random/b0_r5_c10_l5000_i50_ps0_1_pt0_33_j5_5.stl,2.664,2145058.4,sat
../resources/benchmarks/random/b0_r5_c10_l5000_i50_ps0_1_pt0_5_j10_1.stl,-1,-1,TO
../resources/benchmarks/random/b0_r5_c10_l5000_i50_ps0_1_pt0_5_j10_2.stl,-1,-1,TO
../resources/benchmarks/random/b0_r5_c10_l5000_i50_ps0_1_pt0_5_j10_3.stl,-1,-1,TO
../resources/benchmarks/random/b0_r5_c10_l5000_i50_ps0_1_pt0_5_j10_4.stl,-1,-1,TO
../resources/benchmarks/random/b0_r5_c10_l5000_i50_ps0_1_pt0_5_j10_5.stl,-1,-1,TO
../resources/benchmarks/random/b0_r5_c10_l5000_i50_ps0_1_pt0_5_j5_1.stl,2.486,2082381.6,sat
../resources/benchmarks/random/b0_r5_c10_l5000_i50_ps0_1_pt0_5_j5_2.stl,101.662,2423352.8,sat
../resources/benchmarks/random/b0_r5_c10_l5000_i50_ps0_1_pt0_5_j5_3.stl,0.1,51463.2,sat
../resources/benchmarks/random/b0_r5_c10_l5000_i50_ps0_1_pt0_5_j5_4.stl,113.742,2330286.4,sat
../resources/benchmarks/random/b0_r5_c10_l5000_i50_ps0_1_pt0_5_j5_5.stl,0.02,34578.4,sat
../resources/benchmarks/random/b0_r5_c10_l5000_i50_ps0_1_pt0_75_j10_1.stl,91.194,2223981.6,sat
../resources/benchmarks/random/b0_r5_c10_l5000_i50_ps0_1_pt0_75_j10_2.stl,-1,-1,TO
../resources/benchmarks/random/b0_r5_c10_l5000_i50_ps0_1_pt0_75_j10_3.stl,3.012,2190178.4,sat
../resources/benchmarks/random/b0_r5_c10_l5000_i50_ps0_1_pt0_75_j10_4.stl,40.684,2187734.4,sat
../resources/benchmarks/random/b0_r5_c10_l5000_i50_ps0_1_pt0_75_j10_5.stl,57.48,2225823.2,sat
../resources/benchmarks/random/b0_r5_c10_l5000_i50_ps0_1_pt0_75_j5_1.stl,2.86,2166267.2,sat
../resources/benchmarks/random/b0_r5_c10_l5000_i50_ps0_1_pt0_75_j5_2.stl,0.096,65916.8,sat
../resources/benchmarks/random/b0_r5_c10_l5000_i50_ps0_1_pt0_75_j5_3.stl,-1,-1,TO
../resources/benchmarks/random/b0_r5_c10_l5000_i50_ps0_1_pt0_75_j5_4.stl,56.738,2231664,sat
../resources/benchmarks/random/b0_r5_c10_l5000_i50_ps0_1_pt0_75_j5_5.stl,-1,-1,TO
../resources/benchmarks/random/b0_r5_c10_l5000_i50_ps0_1_pt0_95_j10_1.stl,3.656,86506.4,sat
../resources/benchmarks/random/b0_r5_c10_l5000_i50_ps0_1_pt0_95_j10_2.stl,-1,-1,TO
../resources/benchmarks/random/b0_r5_c10_l5000_i50_ps0_1_pt0_95_j10_3.stl,-1,-1,TO
../resources/benchmarks/random/b0_r5_c10_l5000_i50_ps0_1_pt0_95_j10_4.stl,-1,-1,TO
../resources/benchmarks/random/b0_r5_c10_l5000_i50_ps0_1_pt0_95_j10_5.stl,-1,-1,TO
../resources/benchmarks/random/b0_r5_c10_l5000_i50_ps0_1_pt0_95_j5_1.stl,0.244,54228,sat
../resources/benchmarks/random/b0_r5_c10_l5000_i50_ps0_1_pt0_95_j5_2.stl,19.42,203835.2,sat
../resources/benchmarks/random/b0_r5_c10_l5000_i50_ps0_1_pt0_95_j5_3.stl,0.726,187548.8,sat
../resources/benchmarks/random/b0_r5_c10_l5000_i50_ps0_1_pt0_95_j5_4.stl,0.08,59775.2,sat
../resources/benchmarks/random/b0_r5_c10_l5000_i50_ps0_1_pt0_95_j5_5.stl,-1,-1,TO
../resources/benchmarks/random/b0_r5_c10_l5000_i50_ps0_25_pt0_33_j10_1.stl,0.01,31512.8,unsat
../resources/benchmarks/random/b0_r5_c10_l5000_i50_ps0_25_pt0_33_j10_2.stl,2.72,2059639.2,sat
../resources/benchmarks/random/b0_r5_c10_l5000_i50_ps0_25_pt0_33_j10_3.stl,0.01,32726.4,unsat
../resources/benchmarks/random/b0_r5_c10_l5000_i50_ps0_25_pt0_33_j10_4.stl,0.0,7808,unsat
../resources/benchmarks/random/b0_r5_c10_l5000_i50_ps0_25_pt0_33_j10_5.stl,0.0,7806.4,unsat
../resources/benchmarks/random/b0_r5_c10_l5000_i50_ps0_25_pt0_33_j5_1.stl,0.01,32718.4,sat
../resources/benchmarks/random/b0_r5_c10_l5000_i50_ps0_25_pt0_33_j5_2.stl,0.12,51463.2,sat
../resources/benchmarks/random/b0_r5_c10_l5000_i50_ps0_25_pt0_33_j5_3.stl,0.02,33051.2,unsat
../resources/benchmarks/random/b0_r5_c10_l5000_i50_ps0_25_pt0_33_j5_4.stl,0.09,51460.8,sat
../resources/benchmarks/random/b0_r5_c10_l5000_i50_ps0_25_pt0_33_j5_5.stl,0.01,32762.4,sat
../resources/benchmarks/random/b0_r5_c10_l5000_i50_ps0_25_pt0_5_j10_1.stl,0.04,52066.4,sat
../resources/benchmarks/random/b0_r5_c10_l5000_i50_ps0_25_pt0_5_j10_2.stl,0.20400000000000001,65609.6,sat
../resources/benchmarks/random/b0_r5_c10_l5000_i50_ps0_25_pt0_5_j10_3.stl,0.0,7792.8,unsat
../resources/benchmarks/random/b0_r5_c10_l5000_i50_ps0_25_pt0_5_j10_4.stl,0.336,55488.8,sat
../resources/benchmarks/random/b0_r5_c10_l5000_i50_ps0_25_pt0_5_j10_5.stl,0.04,45321.6,sat
../resources/benchmarks/random/b0_r5_c10_l5000_i50_ps0_25_pt0_5_j5_1.stl,0.0,7790.4,sat
../resources/benchmarks/random/b0_r5_c10_l5000_i50_ps0_25_pt0_5_j5_2.stl,0.0,7795.2,unsat
../resources/benchmarks/random/b0_r5_c10_l5000_i50_ps0_25_pt0_5_j5_3.stl,0.0,7787.2,unsat
../resources/benchmarks/random/b0_r5_c10_l5000_i50_ps0_25_pt0_5_j5_4.stl,0.0,7808.8,sat
../resources/benchmarks/random/b0_r5_c10_l5000_i50_ps0_25_pt0_5_j5_5.stl,0.0,7798.4,sat
../resources/benchmarks/random/b0_r5_c10_l5000_i50_ps0_25_pt0_75_j10_1.stl,0.06,44707.2,sat
../resources/benchmarks/random/b0_r5_c10_l5000_i50_ps0_25_pt0_75_j10_2.stl,72.282,2202785.6,sat
../resources/benchmarks/random/b0_r5_c10_l5000_i50_ps0_25_pt0_75_j10_3.stl,0.06,56088.8,sat
../resources/benchmarks/random/b0_r5_c10_l5000_i50_ps0_25_pt0_75_j10_4.stl,37.524,2487252,sat
../resources/benchmarks/random/b0_r5_c10_l5000_i50_ps0_25_pt0_75_j10_5.stl,34.808,2223652,sat
../resources/benchmarks/random/b0_r5_c10_l5000_i50_ps0_25_pt0_75_j5_1.stl,0.02,41024,sat
../resources/benchmarks/random/b0_r5_c10_l5000_i50_ps0_25_pt0_75_j5_2.stl,0.01,34270.4,sat
../resources/benchmarks/random/b0_r5_c10_l5000_i50_ps0_25_pt0_75_j5_3.stl,0.15,52704,sat
../resources/benchmarks/random/b0_r5_c10_l5000_i50_ps0_25_pt0_75_j5_4.stl,0.01,34905.6,sat
../resources/benchmarks/random/b0_r5_c10_l5000_i50_ps0_25_pt0_75_j5_5.stl,0.01,34542.4,sat
../resources/benchmarks/random/b0_r5_c10_l5000_i50_ps0_25_pt0_95_j10_1.stl,0.1,48388,sat
../resources/benchmarks/random/b0_r5_c10_l5000_i50_ps0_25_pt0_95_j10_2.stl,2.844,39504.8,unsat
../resources/benchmarks/random/b0_r5_c10_l5000_i50_ps0_25_pt0_95_j10_3.stl,0.01,32396.8,unsat
../resources/benchmarks/random/b0_r5_c10_l5000_i50_ps0_25_pt0_95_j10_4.stl,0.01,33055.2,unsat
../resources/benchmarks/random/b0_r5_c10_l5000_i50_ps0_25_pt0_95_j10_5.stl,0.01,32433.6,unsat
../resources/benchmarks/random/b0_r5_c10_l5000_i50_ps0_25_pt0_95_j5_1.stl,-1,-1,TO
../resources/benchmarks/random/b0_r5_c10_l5000_i50_ps0_25_pt0_95_j5_2.stl,39.705999999999996,47785.6,unsat
../resources/benchmarks/random/b0_r5_c10_l5000_i50_ps0_25_pt0_95_j5_3.stl,3.164,2175751.2,sat
../resources/benchmarks/random/b0_r5_c10_l5000_i50_ps0_25_pt0_95_j5_4.stl,0.0,7780,unsat
../resources/benchmarks/random/b0_r5_c10_l5000_i50_ps0_25_pt0_95_j5_5.stl,2.452,2094367.2,sat
../resources/benchmarks/random/b0_r5_c10_l5000_i50_ps0_2_pt0_33_j10_1.stl,100.078,2253807.2,sat
../resources/benchmarks/random/b0_r5_c10_l5000_i50_ps0_2_pt0_33_j10_2.stl,-1,-1,TO
../resources/benchmarks/random/b0_r5_c10_l5000_i50_ps0_2_pt0_33_j10_3.stl,-1,-1,TO
../resources/benchmarks/random/b0_r5_c10_l5000_i50_ps0_2_pt0_33_j10_4.stl,0.23,57912.8,sat
../resources/benchmarks/random/b0_r5_c10_l5000_i50_ps0_2_pt0_33_j10_5.stl,0.02,33350.4,sat
../resources/benchmarks/random/b0_r5_c10_l5000_i50_ps0_2_pt0_33_j5_1.stl,2.416,2043374.4,sat
../resources/benchmarks/random/b0_r5_c10_l5000_i50_ps0_2_pt0_33_j5_2.stl,0.01,33051.2,sat
../resources/benchmarks/random/b0_r5_c10_l5000_i50_ps0_2_pt0_33_j5_3.stl,0.012,34578.4,sat
../resources/benchmarks/random/b0_r5_c10_l5000_i50_ps0_2_pt0_33_j5_4.stl,0.01,32450.4,sat
../resources/benchmarks/random/b0_r5_c10_l5000_i50_ps0_2_pt0_33_j5_5.stl,0.02,37931.2,sat
../resources/benchmarks/random/b0_r5_c10_l5000_i50_ps0_2_pt0_5_j10_1.stl,0.01,33051.2,unsat
../resources/benchmarks/random/b0_r5_c10_l5000_i50_ps0_2_pt0_5_j10_2.stl,95.01,7086301.4,sat
../resources/benchmarks/random/b0_r5_c10_l5000_i50_ps0_2_pt0_5_j10_3.stl,-1,-1,TO
../resources/benchmarks/random/b0_r5_c10_l5000_i50_ps0_2_pt0_5_j10_4.stl,-1,-1,TO
../resources/benchmarks/random/b0_r5_c10_l5000_i50_ps0_2_pt0_5_j10_5.stl,61.176,2176976.8,sat
../resources/benchmarks/random/b0_r5_c10_l5000_i50_ps0_2_pt0_5_j5_1.stl,0.584,72359.2,sat
../resources/benchmarks/random/b0_r5_c10_l5000_i50_ps0_2_pt0_5_j5_2.stl,0.01,33349.6,unsat
../resources/benchmarks/random/b0_r5_c10_l5000_i50_ps0_2_pt0_5_j5_3.stl,9.232,339921.6,sat
../resources/benchmarks/random/b0_r5_c10_l5000_i50_ps0_2_pt0_5_j5_4.stl,18.044,2304476,sat
../resources/benchmarks/random/b0_r5_c10_l5000_i50_ps0_2_pt0_5_j5_5.stl,0.042,47804.8,sat
../resources/benchmarks/random/b0_r5_c10_l5000_i50_ps0_2_pt0_75_j10_1.stl,102.482,2415061.6,sat
../resources/benchmarks/random/b0_r5_c10_l5000_i50_ps0_2_pt0_75_j10_2.stl,0.0,7789.6,unsat
../resources/benchmarks/random/b0_r5_c10_l5000_i50_ps0_2_pt0_75_j10_3.stl,0.07,55452,sat
../resources/benchmarks/random/b0_r5_c10_l5000_i50_ps0_2_pt0_75_j10_4.stl,0.01,32720.8,unsat
../resources/benchmarks/random/b0_r5_c10_l5000_i50_ps0_2_pt0_75_j10_5.stl,92.334,2180360.8,sat
../resources/benchmarks/random/b0_r5_c10_l5000_i50_ps0_2_pt0_75_j5_1.stl,0.016,34885.6,sat
../resources/benchmarks/random/b0_r5_c10_l5000_i50_ps0_2_pt0_75_j5_2.stl,-1,-1,TO
../resources/benchmarks/random/b0_r5_c10_l5000_i50_ps0_2_pt0_75_j5_3.stl,0.34,35180.8,unsat
../resources/benchmarks/random/b0_r5_c10_l5000_i50_ps0_2_pt0_75_j5_4.stl,2.7640000000000002,2102967.2,sat
../resources/benchmarks/random/b0_r5_c10_l5000_i50_ps0_2_pt0_75_j5_5.stl,36.806,2270377.6,sat
../resources/benchmarks/random/b0_r5_c10_l5000_i50_ps0_2_pt0_95_j10_1.stl,3.39,2155213.6,sat
../resources/benchmarks/random/b0_r5_c10_l5000_i50_ps0_2_pt0_95_j10_2.stl,0.076,49620,sat
../resources/benchmarks/random/b0_r5_c10_l5000_i50_ps0_2_pt0_95_j10_3.stl,102.92399999999999,2368382.4,sat
../resources/benchmarks/random/b0_r5_c10_l5000_i50_ps0_2_pt0_95_j10_4.stl,-1,-1,TO
../resources/benchmarks/random/b0_r5_c10_l5000_i50_ps0_2_pt0_95_j10_5.stl,0.166,84017.6,sat
../resources/benchmarks/random/b0_r5_c10_l5000_i50_ps0_2_pt0_95_j5_1.stl,2.494,2071594.4,sat
../resources/benchmarks/random/b0_r5_c10_l5000_i50_ps0_2_pt0_95_j5_2.stl,0.02,37041.6,sat
../resources/benchmarks/random/b0_r5_c10_l5000_i50_ps0_2_pt0_95_j5_3.stl,0.04,49305.6,sat
../resources/benchmarks/random/b0_r5_c10_l5000_i50_ps0_2_pt0_95_j5_4.stl,0.244,58573.6,sat
../resources/benchmarks/random/b0_r5_c10_l5000_i50_ps0_2_pt0_95_j5_5.stl,0.0,7832.8,unsat
../resources/benchmarks/random/b0_r5_c10_l500_i1000_ps0_05_pt0_33_j10_1.stl,-1,-1,TO
../resources/benchmarks/random/b0_r5_c10_l500_i1000_ps0_05_pt0_33_j10_2.stl,0.15,39164.8,unsat
../resources/benchmarks/random/b0_r5_c10_l500_i1000_ps0_05_pt0_33_j10_3.stl,-1,-1,TO
../resources/benchmarks/random/b0_r5_c10_l500_i1000_ps0_05_pt0_33_j10_4.stl,0.15,18234.4,unsat
../resources/benchmarks/random/b0_r5_c10_l500_i1000_ps0_05_pt0_33_j10_5.stl,-1,-1,TO
../resources/benchmarks/random/b0_r5_c10_l500_i1000_ps0_05_pt0_33_j5_1.stl,-1,-1,TO
../resources/benchmarks/random/b0_r5_c10_l500_i1000_ps0_05_pt0_33_j5_2.stl,-1,-1,TO
../resources/benchmarks/random/b0_r5_c10_l500_i1000_ps0_05_pt0_33_j5_3.stl,-1,-1,TO
../resources/benchmarks/random/b0_r5_c10_l500_i1000_ps0_05_pt0_33_j5_4.stl,-1,-1,TO
../resources/benchmarks/random/b0_r5_c10_l500_i1000_ps0_05_pt0_33_j5_5.stl,-1,-1,TO
../resources/benchmarks/random/b0_r5_c10_l500_i1000_ps0_05_pt0_5_j10_1.stl,-1,-1,TO
../resources/benchmarks/random/b0_r5_c10_l500_i1000_ps0_05_pt0_5_j10_2.stl,-1,-1,TO
../resources/benchmarks/random/b0_r5_c10_l500_i1000_ps0_05_pt0_5_j10_3.stl,-1,-1,TO
../resources/benchmarks/random/b0_r5_c10_l500_i1000_ps0_05_pt0_5_j10_4.stl,-1,-1,TO
../resources/benchmarks/random/b0_r5_c10_l500_i1000_ps0_05_pt0_5_j10_5.stl,-1,-1,TO
../resources/benchmarks/random/b0_r5_c10_l500_i1000_ps0_05_pt0_5_j5_1.stl,-1,-1,TO
../resources/benchmarks/random/b0_r5_c10_l500_i1000_ps0_05_pt0_5_j5_2.stl,-1,-1,TO
../resources/benchmarks/random/b0_r5_c10_l500_i1000_ps0_05_pt0_5_j5_3.stl,-1,-1,TO
../resources/benchmarks/random/b0_r5_c10_l500_i1000_ps0_05_pt0_5_j5_4.stl,-1,-1,TO
../resources/benchmarks/random/b0_r5_c10_l500_i1000_ps0_05_pt0_5_j5_5.stl,-1,-1,TO
../resources/benchmarks/random/b0_r5_c10_l500_i1000_ps0_05_pt0_75_j10_1.stl,-1,-1,TO
../resources/benchmarks/random/b0_r5_c10_l500_i1000_ps0_05_pt0_75_j10_2.stl,-1,-1,TO
../resources/benchmarks/random/b0_r5_c10_l500_i1000_ps0_05_pt0_75_j10_3.stl,-1,-1,TO
../resources/benchmarks/random/b0_r5_c10_l500_i1000_ps0_05_pt0_75_j10_4.stl,0.17,20096,unsat
../resources/benchmarks/random/b0_r5_c10_l500_i1000_ps0_05_pt0_75_j10_5.stl,-1,-1,TO
../resources/benchmarks/random/b0_r5_c10_l500_i1000_ps0_05_pt0_75_j5_1.stl,-1,-1,TO
../resources/benchmarks/random/b0_r5_c10_l500_i1000_ps0_05_pt0_75_j5_2.stl,-1,-1,TO
../resources/benchmarks/random/b0_r5_c10_l500_i1000_ps0_05_pt0_75_j5_3.stl,-1,-1,TO
../resources/benchmarks/random/b0_r5_c10_l500_i1000_ps0_05_pt0_75_j5_4.stl,34.84,4014956,sat
../resources/benchmarks/random/b0_r5_c10_l500_i1000_ps0_05_pt0_75_j5_5.stl,-1,-1,TO
../resources/benchmarks/random/b0_r5_c10_l500_i1000_ps0_05_pt0_95_j10_1.stl,-1,-1,TO
../resources/benchmarks/random/b0_r5_c10_l500_i1000_ps0_05_pt0_95_j10_2.stl,-1,-1,TO
../resources/benchmarks/random/b0_r5_c10_l500_i1000_ps0_05_pt0_95_j10_3.stl,-1,-1,TO
../resources/benchmarks/random/b0_r5_c10_l500_i1000_ps0_05_pt0_95_j10_4.stl,14.742,2055424.8,sat
../resources/benchmarks/random/b0_r5_c10_l500_i1000_ps0_05_pt0_95_j10_5.stl,0.09,15491.2,unsat
../resources/benchmarks/random/b0_r5_c10_l500_i1000_ps0_05_pt0_95_j5_1.stl,55.704,6057520,sat
../resources/benchmarks/random/b0_r5_c10_l500_i1000_ps0_05_pt0_95_j5_2.stl,0.05,12428.8,unsat
../resources/benchmarks/random/b0_r5_c10_l500_i1000_ps0_05_pt0_95_j5_3.stl,-1,-1,TO
../resources/benchmarks/random/b0_r5_c10_l500_i1000_ps0_05_pt0_95_j5_4.stl,-1,-1,TO
../resources/benchmarks/random/b0_r5_c10_l500_i1000_ps0_05_pt0_95_j5_5.stl,-1,-1,TO
../resources/benchmarks/random/b0_r5_c10_l500_i1000_ps0_15_pt0_33_j10_1.stl,-1,-1,TO
../resources/benchmarks/random/b0_r5_c10_l500_i1000_ps0_15_pt0_33_j10_2.stl,-1,-1,TO
../resources/benchmarks/random/b0_r5_c10_l500_i1000_ps0_15_pt0_33_j10_3.stl,0.126,104920,sat
../resources/benchmarks/random/b0_r5_c10_l500_i1000_ps0_15_pt0_33_j10_4.stl,4.91,139326.4,sat
../resources/benchmarks/random/b0_r5_c10_l500_i1000_ps0_15_pt0_33_j10_5.stl,0.552,292615.2,sat
../resources/benchmarks/random/b0_r5_c10_l500_i1000_ps0_15_pt0_33_j5_1.stl,0.0,7794.4,sat
../resources/benchmarks/random/b0_r5_c10_l500_i1000_ps0_15_pt0_33_j5_2.stl,1.844,41611.2,sat
../resources/benchmarks/random/b0_r5_c10_l500_i1000_ps0_15_pt0_33_j5_3.stl,1.79,41279.2,sat
../resources/benchmarks/random/b0_r5_c10_l500_i1000_ps0_15_pt0_33_j5_4.stl,0.02,15496,sat
../resources/benchmarks/random/b0_r5_c10_l500_i1000_ps0_15_pt0_33_j5_5.stl,0.03,17000,sat
../resources/benchmarks/random/b0_r5_c10_l500_i1000_ps0_15_pt0_5_j10_1.stl,-1,-1,TO
../resources/benchmarks/random/b0_r5_c10_l500_i1000_ps0_15_pt0_5_j10_2.stl,-1,-1,TO
../resources/benchmarks/random/b0_r5_c10_l500_i1000_ps0_15_pt0_5_j10_3.stl,3.41,278512.8,sat
../resources/benchmarks/random/b0_r5_c10_l500_i1000_ps0_15_pt0_5_j10_4.stl,0.01,33640,unsat
../resources/benchmarks/random/b0_r5_c10_l500_i1000_ps0_15_pt0_5_j10_5.stl,5.868,154689.6,sat
../resources/benchmarks/random/b0_r5_c10_l500_i1000_ps0_15_pt0_5_j5_1.stl,3.54,177408.8,sat
../resources/benchmarks/random/b0_r5_c10_l500_i1000_ps0_15_pt0_5_j5_2.stl,4.31,310743.2,sat
../resources/benchmarks/random/b0_r5_c10_l500_i1000_ps0_15_pt0_5_j5_3.stl,-1,-1,TO
../resources/benchmarks/random/b0_r5_c10_l500_i1000_ps0_15_pt0_5_j5_4.stl,2.812,157756.8,sat
../resources/benchmarks/random/b0_r5_c10_l500_i1000_ps0_15_pt0_5_j5_5.stl,0.01,32722.4,unsat
../resources/benchmarks/random/b0_r5_c10_l500_i1000_ps0_15_pt0_75_j10_1.stl,-1,-1,TO
../resources/benchmarks/random/b0_r5_c10_l500_i1000_ps0_15_pt0_75_j10_2.stl,0.0,7787.2,unsat
../resources/benchmarks/random/b0_r5_c10_l500_i1000_ps0_15_pt0_75_j10_3.stl,-1,-1,TO
../resources/benchmarks/random/b0_r5_c10_l500_i1000_ps0_15_pt0_75_j10_4.stl,2.772,140236.8,sat
../resources/benchmarks/random/b0_r5_c10_l500_i1000_ps0_15_pt0_75_j10_5.stl,0.0,7772.8,unsat
../resources/benchmarks/random/b0_r5_c10_l500_i1000_ps0_15_pt0_75_j5_1.stl,-1,-1,TO
../resources/benchmarks/random/b0_r5_c10_l500_i1000_ps0_15_pt0_75_j5_2.stl,0.154,142400,sat
../resources/benchmarks/random/b0_r5_c10_l500_i1000_ps0_15_pt0_75_j5_3.stl,3.252,682464.8,sat
../resources/benchmarks/random/b0_r5_c10_l500_i1000_ps0_15_pt0_75_j5_4.stl,0.17,157145.6,sat
../resources/benchmarks/random/b0_r5_c10_l500_i1000_ps0_15_pt0_75_j5_5.stl,18.186,213667.2,sat
../resources/benchmarks/random/b0_r5_c10_l500_i1000_ps0_15_pt0_95_j10_1.stl,70.962,259440,sat
../resources/benchmarks/random/b0_r5_c10_l500_i1000_ps0_15_pt0_95_j10_2.stl,40.186,462474.4,sat
../resources/benchmarks/random/b0_r5_c10_l500_i1000_ps0_15_pt0_95_j10_3.stl,-1,-1,TO
../resources/benchmarks/random/b0_r5_c10_l500_i1000_ps0_15_pt0_95_j10_4.stl,36.732,432399.2,sat
../resources/benchmarks/random/b0_r5_c10_l500_i1000_ps0_15_pt0_95_j10_5.stl,-1,-1,TO
../resources/benchmarks/random/b0_r5_c10_l500_i1000_ps0_15_pt0_95_j5_1.stl,0.444,227812,sat
../resources/benchmarks/random/b0_r5_c10_l500_i1000_ps0_15_pt0_95_j5_2.stl,0.0,7809.6,unsat
../resources/benchmarks/random/b0_r5_c10_l500_i1000_ps0_15_pt0_95_j5_3.stl,49.54,417948.8,sat
../resources/benchmarks/random/b0_r5_c10_l500_i1000_ps0_15_pt0_95_j5_4.stl,0.0,7793.6,unsat
../resources/benchmarks/random/b0_r5_c10_l500_i1000_ps0_15_pt0_95_j5_5.stl,91.64,904591.2,sat
../resources/benchmarks/random/b0_r5_c10_l500_i1000_ps0_1_pt0_33_j10_1.stl,58.252,286775.2,sat
../resources/benchmarks/random/b0_r5_c10_l500_i1000_ps0_1_pt0_33_j10_2.stl,-1,-1,TO
../resources/benchmarks/random/b0_r5_c10_l500_i1000_ps0_1_pt0_33_j10_3.stl,44.652,266189.6,sat
../resources/benchmarks/random/b0_r5_c10_l500_i1000_ps0_1_pt0_33_j10_4.stl,-1,-1,TO
../resources/benchmarks/random/b0_r5_c10_l500_i1000_ps0_1_pt0_33_j10_5.stl,-1,-1,TO
../resources/benchmarks/random/b0_r5_c10_l500_i1000_ps0_1_pt0_33_j5_1.stl,0.46599999999999997,274488.8,sat
../resources/benchmarks/random/b0_r5_c10_l500_i1000_ps0_1_pt0_33_j5_2.stl,11.748,231806.4,sat
../resources/benchmarks/random/b0_r5_c10_l500_i1000_ps0_1_pt0_33_j5_3.stl,0.34,70216,sat
../resources/benchmarks/random/b0_r5_c10_l500_i1000_ps0_1_pt0_33_j5_4.stl,-1,-1,TO
../resources/benchmarks/random/b0_r5_c10_l500_i1000_ps0_1_pt0_33_j5_5.stl,-1,-1,TO
../resources/benchmarks/random/b0_r5_c10_l500_i1000_ps0_1_pt0_5_j10_1.stl,-1,-1,TO
../resources/benchmarks/random/b0_r5_c10_l500_i1000_ps0_1_pt0_5_j10_2.stl,0.02,33037.6,unsat
../resources/benchmarks/random/b0_r5_c10_l500_i1000_ps0_1_pt0_5_j10_3.stl,0.02,33058.4,unsat
../resources/benchmarks/random/b0_r5_c10_l500_i1000_ps0_1_pt0_5_j10_4.stl,-1,-1,TO
../resources/benchmarks/random/b0_r5_c10_l500_i1000_ps0_1_pt0_5_j10_5.stl,-1,-1,TO
../resources/benchmarks/random/b0_r5_c10_l500_i1000_ps0_1_pt0_5_j5_1.stl,-1,-1,TO
../resources/benchmarks/random/b0_r5_c10_l500_i1000_ps0_1_pt0_5_j5_2.stl,0.0,7803.2,unsat
../resources/benchmarks/random/b0_r5_c10_l500_i1000_ps0_1_pt0_5_j5_3.stl,-1,-1,TO
../resources/benchmarks/random/b0_r5_c10_l500_i1000_ps0_1_pt0_5_j5_4.stl,0.08,81252,sat
../resources/benchmarks/random/b0_r5_c10_l500_i1000_ps0_1_pt0_5_j5_5.stl,-1,-1,TO
../resources/benchmarks/random/b0_r5_c10_l500_i1000_ps0_1_pt0_75_j10_1.stl,-1,-1,TO
../resources/benchmarks/random/b0_r5_c10_l500_i1000_ps0_1_pt0_75_j10_2.stl,-1,-1,TO
../resources/benchmarks/random/b0_r5_c10_l500_i1000_ps0_1_pt0_75_j10_3.stl,0.0,7791.2,unsat
../resources/benchmarks/random/b0_r5_c10_l500_i1000_ps0_1_pt0_75_j10_4.stl,29.59,370685.6,sat
../resources/benchmarks/random/b0_r5_c10_l500_i1000_ps0_1_pt0_75_j10_5.stl,0.0,7808,unsat
../resources/benchmarks/random/b0_r5_c10_l500_i1000_ps0_1_pt0_75_j5_1.stl,1.39,141486.4,sat
../resources/benchmarks/random/b0_r5_c10_l500_i1000_ps0_1_pt0_75_j5_2.stl,0.138,130099.2,sat
../resources/benchmarks/random/b0_r5_c10_l500_i1000_ps0_1_pt0_75_j5_3.stl,0.0,7824.8,unsat
../resources/benchmarks/random/b0_r5_c10_l500_i1000_ps0_1_pt0_75_j5_4.stl,0.05,53297.6,sat
../resources/benchmarks/random/b0_r5_c10_l500_i1000_ps0_1_pt0_75_j5_5.stl,-1,-1,TO
../resources/benchmarks/random/b0_r5_c10_l500_i1000_ps0_1_pt0_95_j10_1.stl,33.833999999999996,526718.4,sat
../resources/benchmarks/random/b0_r5_c10_l500_i1000_ps0_1_pt0_95_j10_2.stl,72.98,1382282.4,sat
../resources/benchmarks/random/b0_r5_c10_l500_i1000_ps0_1_pt0_95_j10_3.stl,-1,-1,TO
../resources/benchmarks/random/b0_r5_c10_l500_i1000_ps0_1_pt0_95_j10_4.stl,-1,-1,TO
../resources/benchmarks/random/b0_r5_c10_l500_i1000_ps0_1_pt0_95_j10_5.stl,-1,-1,TO
../resources/benchmarks/random/b0_r5_c10_l500_i1000_ps0_1_pt0_95_j5_1.stl,6.762,205688.8,sat
../resources/benchmarks/random/b0_r5_c10_l500_i1000_ps0_1_pt0_95_j5_2.stl,0.16,95711.2,sat
../resources/benchmarks/random/b0_r5_c10_l500_i1000_ps0_1_pt0_95_j5_3.stl,19.432,652041.6,sat
../resources/benchmarks/random/b0_r5_c10_l500_i1000_ps0_1_pt0_95_j5_4.stl,0.24,207869.6,sat
../resources/benchmarks/random/b0_r5_c10_l500_i1000_ps0_1_pt0_95_j5_5.stl,-1,-1,TO
../resources/benchmarks/random/b0_r5_c10_l500_i1000_ps0_25_pt0_33_j10_1.stl,0.044000000000000004,61655.2,sat
../resources/benchmarks/random/b0_r5_c10_l500_i1000_ps0_25_pt0_33_j10_2.stl,0.01,32728.8,unsat
../resources/benchmarks/random/b0_r5_c10_l500_i1000_ps0_25_pt0_33_j10_3.stl,0.0,7828,unsat
../resources/benchmarks/random/b0_r5_c10_l500_i1000_ps0_25_pt0_33_j10_4.stl,0.01,34557.6,sat
../resources/benchmarks/random/b0_r5_c10_l500_i1000_ps0_25_pt0_33_j10_5.stl,0.0,7816,unsat
../resources/benchmarks/random/b0_r5_c10_l500_i1000_ps0_25_pt0_33_j5_1.stl,0.01,33952,sat
../resources/benchmarks/random/b0_r5_c10_l500_i1000_ps0_25_pt0_33_j5_2.stl,0.178,186645.6,sat
../resources/benchmarks/random/b0_r5_c10_l500_i1000_ps0_25_pt0_33_j5_3.stl,0.184,48080,sat
../resources/benchmarks/random/b0_r5_c10_l500_i1000_ps0_25_pt0_33_j5_4.stl,0.0,7794.4,unsat
../resources/benchmarks/random/b0_r5_c10_l500_i1000_ps0_25_pt0_33_j5_5.stl,0.112,110453.6,sat
../resources/benchmarks/random/b0_r5_c10_l500_i1000_ps0_25_pt0_5_j10_1.stl,0.01,32720,unsat
../resources/benchmarks/random/b0_r5_c10_l500_i1000_ps0_25_pt0_5_j10_2.stl,-1,-1,TO
../resources/benchmarks/random/b0_r5_c10_l500_i1000_ps0_25_pt0_5_j10_3.stl,2.654,137164,sat
../resources/benchmarks/random/b0_r5_c10_l500_i1000_ps0_25_pt0_5_j10_4.stl,22.608,273252,sat
../resources/benchmarks/random/b0_r5_c10_l500_i1000_ps0_25_pt0_5_j10_5.stl,0.034,32451.2,unsat
../resources/benchmarks/random/b0_r5_c10_l500_i1000_ps0_25_pt0_5_j5_1.stl,0.24,237621.6,sat
../resources/benchmarks/random/b0_r5_c10_l500_i1000_ps0_25_pt0_5_j5_2.stl,0.01,33049.6,sat
../resources/benchmarks/random/b0_r5_c10_l500_i1000_ps0_25_pt0_5_j5_3.stl,0.01,33041.6,sat
../resources/benchmarks/random/b0_r5_c10_l500_i1000_ps0_25_pt0_5_j5_4.stl,0.182,178935.2,sat
../resources/benchmarks/random/b0_r5_c10_l500_i1000_ps0_25_pt0_5_j5_5.stl,14.736,215494.4,sat
../resources/benchmarks/random/b0_r5_c10_l500_i1000_ps0_25_pt0_75_j10_1.stl,0.01,32740,unsat
../resources/benchmarks/random/b0_r5_c10_l500_i1000_ps0_25_pt0_75_j10_2.stl,0.214,202002.4,sat
../resources/benchmarks/random/b0_r5_c10_l500_i1000_ps0_25_pt0_75_j10_3.stl,-1,-1,TO
../resources/benchmarks/random/b0_r5_c10_l500_i1000_ps0_25_pt0_75_j10_4.stl,5.086,340552,sat
../resources/benchmarks/random/b0_r5_c10_l500_i1000_ps0_25_pt0_75_j10_5.stl,0.0,7813.6,unsat
../resources/benchmarks/random/b0_r5_c10_l500_i1000_ps0_25_pt0_75_j5_1.stl,0.022,15487.2,sat
../resources/benchmarks/random/b0_r5_c10_l500_i1000_ps0_25_pt0_75_j5_2.stl,0.006,10879.2,sat
../resources/benchmarks/random/b0_r5_c10_l500_i1000_ps0_25_pt0_75_j5_3.stl,-1,-1,TO
../resources/benchmarks/random/b0_r5_c10_l500_i1000_ps0_25_pt0_75_j5_4.stl,0.0,7787.2,sat
../resources/benchmarks/random/b0_r5_c10_l500_i1000_ps0_25_pt0_75_j5_5.stl,0.0,7777.6,unsat
../resources/benchmarks/random/b0_r5_c10_l500_i1000_ps0_25_pt0_95_j10_1.stl,0.0,7798.4,unsat
../resources/benchmarks/random/b0_r5_c10_l500_i1000_ps0_25_pt0_95_j10_2.stl,24.078,261901.6,sat
../resources/benchmarks/random/b0_r5_c10_l500_i1000_ps0_25_pt0_95_j10_3.stl,0.918,168492.8,sat
../resources/benchmarks/random/b0_r5_c10_l500_i1000_ps0_25_pt0_95_j10_4.stl,-1,-1,TO
../resources/benchmarks/random/b0_r5_c10_l500_i1000_ps0_25_pt0_95_j10_5.stl,3.792,301827.2,sat
../resources/benchmarks/random/b0_r5_c10_l500_i1000_ps0_25_pt0_95_j5_1.stl,0.23600000000000002,213644,sat
../resources/benchmarks/random/b0_r5_c10_l500_i1000_ps0_25_pt0_95_j5_2.stl,0.01,34263.2,sat
../resources/benchmarks/random/b0_r5_c10_l500_i1000_ps0_25_pt0_95_j5_3.stl,0.378,112898.4,sat
../resources/benchmarks/random/b0_r5_c10_l500_i1000_ps0_25_pt0_95_j5_4.stl,0.0,7812,unsat
../resources/benchmarks/random/b0_r5_c10_l500_i1000_ps0_25_pt0_95_j5_5.stl,0.04,45340.8,sat
../resources/benchmarks/random/b0_r5_c10_l500_i1000_ps0_2_pt0_33_j10_1.stl,0.04,33339.2,unsat
../resources/benchmarks/random/b0_r5_c10_l500_i1000_ps0_2_pt0_33_j10_2.stl,7.736,204147.2,sat
../resources/benchmarks/random/b0_r5_c10_l500_i1000_ps0_2_pt0_33_j10_3.stl,-1,-1,TO
../resources/benchmarks/random/b0_r5_c10_l500_i1000_ps0_2_pt0_33_j10_4.stl,0.01,33344.8,unsat
../resources/benchmarks/random/b0_r5_c10_l500_i1000_ps0_2_pt0_33_j10_5.stl,0.0,7799.2,unsat
../resources/benchmarks/random/b0_r5_c10_l500_i1000_ps0_2_pt0_33_j5_1.stl,0.24,180477.6,sat
../resources/benchmarks/random/b0_r5_c10_l500_i1000_ps0_2_pt0_33_j5_2.stl,0.0,7794.4,unsat
../resources/benchmarks/random/b0_r5_c10_l500_i1000_ps0_2_pt0_33_j5_3.stl,0.02,9324.8,sat
../resources/benchmarks/random/b0_r5_c10_l500_i1000_ps0_2_pt0_33_j5_4.stl,0.01,32397.6,sat
../resources/benchmarks/random/b0_r5_c10_l500_i1000_ps0_2_pt0_33_j5_5.stl,0.0,7820,unsat
../resources/benchmarks/random/b0_r5_c10_l500_i1000_ps0_2_pt0_5_j10_1.stl,0.01,33058.4,unsat
../resources/benchmarks/random/b0_r5_c10_l500_i1000_ps0_2_pt0_5_j10_2.stl,0.014,33032.8,unsat
../resources/benchmarks/random/b0_r5_c10_l500_i1000_ps0_2_pt0_5_j10_3.stl,42.662,317838.4,sat
../resources/benchmarks/random/b0_r5_c10_l500_i1000_ps0_2_pt0_5_j10_4.stl,-1,-1,TO
../resources/benchmarks/random/b0_r5_c10_l500_i1000_ps0_2_pt0_5_j10_5.stl,-1,-1,TO
../resources/benchmarks/random/b0_r5_c10_l500_i1000_ps0_2_pt0_5_j5_1.stl,0.03,41025.6,sat
../resources/benchmarks/random/b0_r5_c10_l500_i1000_ps0_2_pt0_5_j5_2.stl,34.924,263128,sat
../resources/benchmarks/random/b0_r5_c10_l500_i1000_ps0_2_pt0_5_j5_3.stl,0.28,221663.2,sat
../resources/benchmarks/random/b0_r5_c10_l500_i1000_ps0_2_pt0_5_j5_4.stl,0.1,104320,sat
../resources/benchmarks/random/b0_r5_c10_l500_i1000_ps0_2_pt0_5_j5_5.stl,0.15,79101.6,sat
../resources/benchmarks/random/b0_r5_c10_l500_i1000_ps0_2_pt0_75_j10_1.stl,25.732,217063.2,sat
../resources/benchmarks/random/b0_r5_c10_l500_i1000_ps0_2_pt0_75_j10_2.stl,-1,-1,TO
../resources/benchmarks/random/b0_r5_c10_l500_i1000_ps0_2_pt0_75_j10_3.stl,1.48,163276,unsat
../resources/benchmarks/random/b0_r5_c10_l500_i1000_ps0_2_pt0_75_j10_4.stl,2.236,240112,sat
../resources/benchmarks/random/b0_r5_c10_l500_i1000_ps0_2_pt0_75_j10_5.stl,-1,-1,TO
../resources/benchmarks/random/b0_r5_c10_l500_i1000_ps0_2_pt0_75_j5_1.stl,1.074,331026.4,sat
../resources/benchmarks/random/b0_r5_c10_l500_i1000_ps0_2_pt0_75_j5_2.stl,-1,-1,TO
../resources/benchmarks/random/b0_r5_c10_l500_i1000_ps0_2_pt0_75_j5_3.stl,-1,-1,TO
../resources/benchmarks/random/b0_r5_c10_l500_i1000_ps0_2_pt0_75_j5_4.stl,0.01,35190.4,sat
../resources/benchmarks/random/b0_r5_c10_l500_i1000_ps0_2_pt0_75_j5_5.stl,0.01,32749.6,unsat
../resources/benchmarks/random/b0_r5_c10_l500_i1000_ps0_2_pt0_95_j10_1.stl,0.39,135028,unsat
../resources/benchmarks/random/b0_r5_c10_l500_i1000_ps0_2_pt0_95_j10_2.stl,36.85,260383.2,sat
../resources/benchmarks/random/b0_r5_c10_l500_i1000_ps0_2_pt0_95_j10_3.stl,31.734,226272,sat
../resources/benchmarks/random/b0_r5_c10_l500_i1000_ps0_2_pt0_95_j10_4.stl,0.346,254214.4,sat
../resources/benchmarks/random/b0_r5_c10_l500_i1000_ps0_2_pt0_95_j10_5.stl,-1,-1,TO
../resources/benchmarks/random/b0_r5_c10_l500_i1000_ps0_2_pt0_95_j5_1.stl,-1,-1,TO
../resources/benchmarks/random/b0_r5_c10_l500_i1000_ps0_2_pt0_95_j5_2.stl,0.248,229624.8,sat
../resources/benchmarks/random/b0_r5_c10_l500_i1000_ps0_2_pt0_95_j5_3.stl,0.0,7793.6,unsat
../resources/benchmarks/random/b0_r5_c10_l500_i1000_ps0_2_pt0_95_j5_4.stl,0.0,7792,unsat
../resources/benchmarks/random/b0_r5_c10_l500_i1000_ps0_2_pt0_95_j5_5.stl,23.400000000000002,242252.8,sat
../resources/benchmarks/random/b0_r5_c10_l500_i50_ps0_05_pt0_33_j10_1.stl,-1,-1,TO
../resources/benchmarks/random/b0_r5_c10_l500_i50_ps0_05_pt0_33_j10_2.stl,41.566,1072282.4,sat
../resources/benchmarks/random/b0_r5_c10_l500_i50_ps0_05_pt0_33_j10_3.stl,-1,-1,TO
../resources/benchmarks/random/b0_r5_c10_l500_i50_ps0_05_pt0_33_j10_4.stl,-1,-1,TO
../resources/benchmarks/random/b0_r5_c10_l500_i50_ps0_05_pt0_33_j10_5.stl,-1,-1,TO
../resources/benchmarks/random/b0_r5_c10_l500_i50_ps0_05_pt0_33_j5_1.stl,-1,-1,TO
../resources/benchmarks/random/b0_r5_c10_l500_i50_ps0_05_pt0_33_j5_2.stl,28.898,140516.8,sat
../resources/benchmarks/random/b0_r5_c10_l500_i50_ps0_05_pt0_33_j5_3.stl,0.06,12407.2,unsat
../resources/benchmarks/random/b0_r5_c10_l500_i50_ps0_05_pt0_33_j5_4.stl,-1,-1,TO
../resources/benchmarks/random/b0_r5_c10_l500_i50_ps0_05_pt0_33_j5_5.stl,8.776,128215.2,sat
../resources/benchmarks/random/b0_r5_c10_l500_i50_ps0_05_pt0_5_j10_1.stl,-1,-1,TO
../resources/benchmarks/random/b0_r5_c10_l500_i50_ps0_05_pt0_5_j10_2.stl,-1,-1,TO
../resources/benchmarks/random/b0_r5_c10_l500_i50_ps0_05_pt0_5_j10_3.stl,-1,-1,TO
../resources/benchmarks/random/b0_r5_c10_l500_i50_ps0_05_pt0_5_j10_4.stl,-1,-1,TO
../resources/benchmarks/random/b0_r5_c10_l500_i50_ps0_05_pt0_5_j10_5.stl,26.382,961376.8,sat
../resources/benchmarks/random/b0_r5_c10_l500_i50_ps0_05_pt0_5_j5_1.stl,-1,-1,TO
../resources/benchmarks/random/b0_r5_c10_l500_i50_ps0_05_pt0_5_j5_2.stl,-1,-1,TO
../resources/benchmarks/random/b0_r5_c10_l500_i50_ps0_05_pt0_5_j5_3.stl,-1,-1,TO
../resources/benchmarks/random/b0_r5_c10_l500_i50_ps0_05_pt0_5_j5_4.stl,60.896,237028.8,sat
../resources/benchmarks/random/b0_r5_c10_l500_i50_ps0_05_pt0_5_j5_5.stl,-1,-1,TO
../resources/benchmarks/random/b0_r5_c10_l500_i50_ps0_05_pt0_75_j10_1.stl,-1,-1,TO
../resources/benchmarks/random/b0_r5_c10_l500_i50_ps0_05_pt0_75_j10_2.stl,-1,-1,TO
../resources/benchmarks/random/b0_r5_c10_l500_i50_ps0_05_pt0_75_j10_3.stl,-1,-1,TO
../resources/benchmarks/random/b0_r5_c10_l500_i50_ps0_05_pt0_75_j10_4.stl,-1,-1,TO
../resources/benchmarks/random/b0_r5_c10_l500_i50_ps0_05_pt0_75_j10_5.stl,-1,-1,TO
../resources/benchmarks/random/b0_r5_c10_l500_i50_ps0_05_pt0_75_j5_1.stl,-1,-1,TO
../resources/benchmarks/random/b0_r5_c10_l500_i50_ps0_05_pt0_75_j5_2.stl,101.882,1537391.2,sat
../resources/benchmarks/random/b0_r5_c10_l500_i50_ps0_05_pt0_75_j5_3.stl,-1,-1,TO
../resources/benchmarks/random/b0_r5_c10_l500_i50_ps0_05_pt0_75_j5_4.stl,31.578,1071366.4,sat
../resources/benchmarks/random/b0_r5_c10_l500_i50_ps0_05_pt0_75_j5_5.stl,65.41,474181.6,sat
../resources/benchmarks/random/b0_r5_c10_l500_i50_ps0_05_pt0_95_j10_1.stl,0.13,17019.2,unsat
../resources/benchmarks/random/b0_r5_c10_l500_i50_ps0_05_pt0_95_j10_2.stl,-1,-1,TO
../resources/benchmarks/random/b0_r5_c10_l500_i50_ps0_05_pt0_95_j10_3.stl,0.182,38577.6,unsat
../resources/benchmarks/random/b0_r5_c10_l500_i50_ps0_05_pt0_95_j10_4.stl,0.186,39158.4,unsat
../resources/benchmarks/random/b0_r5_c10_l500_i50_ps0_05_pt0_95_j10_5.stl,-1,-1,TO
../resources/benchmarks/random/b0_r5_c10_l500_i50_ps0_05_pt0_95_j5_1.stl,-1,-1,TO
../resources/benchmarks/random/b0_r5_c10_l500_i50_ps0_05_pt0_95_j5_2.stl,-1,-1,TO
../resources/benchmarks/random/b0_r5_c10_l500_i50_ps0_05_pt0_95_j5_3.stl,-1,-1,TO
../resources/benchmarks/random/b0_r5_c10_l500_i50_ps0_05_pt0_95_j5_4.stl,-1,-1,TO
../resources/benchmarks/random/b0_r5_c10_l500_i50_ps0_05_pt0_95_j5_5.stl,4.498,1134647.2,sat
../resources/benchmarks/random/b0_r5_c10_l500_i50_ps0_15_pt0_33_j10_1.stl,6.824,239156.8,sat
../resources/benchmarks/random/b0_r5_c10_l500_i50_ps0_15_pt0_33_j10_2.stl,-1,-1,TO
../resources/benchmarks/random/b0_r5_c10_l500_i50_ps0_15_pt0_33_j10_3.stl,1.008,117844,sat
../resources/benchmarks/random/b0_r5_c10_l500_i50_ps0_15_pt0_33_j10_4.stl,0.0,7810.4,unsat
../resources/benchmarks/random/b0_r5_c10_l500_i50_ps0_15_pt0_33_j10_5.stl,43.598,79720.8,sat
../resources/benchmarks/random/b0_r5_c10_l500_i50_ps0_15_pt0_33_j5_1.stl,0.04,47483.2,sat
../resources/benchmarks/random/b0_r5_c10_l500_i50_ps0_15_pt0_33_j5_2.stl,0.0,7807.2,unsat
../resources/benchmarks/random/b0_r5_c10_l500_i50_ps0_15_pt0_33_j5_3.stl,0.02,38558.4,sat
../resources/benchmarks/random/b0_r5_c10_l500_i50_ps0_15_pt0_33_j5_4.stl,0.01,34891.2,sat
../resources/benchmarks/random/b0_r5_c10_l500_i50_ps0_15_pt0_33_j5_5.stl,0.04,42847.2,sat
../resources/benchmarks/random/b0_r5_c10_l500_i50_ps0_15_pt0_5_j10_1.stl,0.0,7794.4,unsat
../resources/benchmarks/random/b0_r5_c10_l500_i50_ps0_15_pt0_5_j10_2.stl,0.0,7811.2,unsat
../resources/benchmarks/random/b0_r5_c10_l500_i50_ps0_15_pt0_5_j10_3.stl,0.01,32132,unsat
../resources/benchmarks/random/b0_r5_c10_l500_i50_ps0_15_pt0_5_j10_4.stl,30.112,244402.4,sat
../resources/benchmarks/random/b0_r5_c10_l500_i50_ps0_15_pt0_5_j10_5.stl,2.02,95704,sat
../resources/benchmarks/random/b0_r5_c10_l500_i50_ps0_15_pt0_5_j5_1.stl,0.314,251117.6,sat
../resources/benchmarks/random/b0_r5_c10_l500_i50_ps0_15_pt0_5_j5_2.stl,0.24,58209.6,sat
../resources/benchmarks/random/b0_r5_c10_l500_i50_ps0_15_pt0_5_j5_3.stl,0.02,36132.8,sat
../resources/benchmarks/random/b0_r5_c10_l500_i50_ps0_15_pt0_5_j5_4.stl,1.692,261920.8,sat
../resources/benchmarks/random/b0_r5_c10_l500_i50_ps0_15_pt0_5_j5_5.stl,0.07,40081.6,sat
../resources/benchmarks/random/b0_r5_c10_l500_i50_ps0_15_pt0_75_j10_1.stl,107.898,284338.4,sat
../resources/benchmarks/random/b0_r5_c10_l500_i50_ps0_15_pt0_75_j10_2.stl,0.39,263754.4,sat
../resources/benchmarks/random/b0_r5_c10_l500_i50_ps0_15_pt0_75_j10_3.stl,0.01,32722.4,unsat
../resources/benchmarks/random/b0_r5_c10_l500_i50_ps0_15_pt0_75_j10_4.stl,-1,-1,TO
../resources/benchmarks/random/b0_r5_c10_l500_i50_ps0_15_pt0_75_j10_5.stl,-1,-1,TO
../resources/benchmarks/random/b0_r5_c10_l500_i50_ps0_15_pt0_75_j5_1.stl,1.544,68035.2,sat
../resources/benchmarks/random/b0_r5_c10_l500_i50_ps0_15_pt0_75_j5_2.stl,85.918,272023.2,unsat
../resources/benchmarks/random/b0_r5_c10_l500_i50_ps0_15_pt0_75_j5_3.stl,0.01,34571.2,sat
../resources/benchmarks/random/b0_r5_c10_l500_i50_ps0_15_pt0_75_j5_4.stl,5.57,258225.6,sat
../resources/benchmarks/random/b0_r5_c10_l500_i50_ps0_15_pt0_75_j5_5.stl,0.01,34896.8,sat
../resources/benchmarks/random/b0_r5_c10_l500_i50_ps0_15_pt0_95_j10_1.stl,-1,-1,TO
../resources/benchmarks/random/b0_r5_c10_l500_i50_ps0_15_pt0_95_j10_2.stl,-1,-1,TO
../resources/benchmarks/random/b0_r5_c10_l500_i50_ps0_15_pt0_95_j10_3.stl,-1,-1,TO
../resources/benchmarks/random/b0_r5_c10_l500_i50_ps0_15_pt0_95_j10_4.stl,-1,-1,TO
../resources/benchmarks/random/b0_r5_c10_l500_i50_ps0_15_pt0_95_j10_5.stl,-1,-1,TO
../resources/benchmarks/random/b0_r5_c10_l500_i50_ps0_15_pt0_95_j5_1.stl,0.01,34878.4,sat
../resources/benchmarks/random/b0_r5_c10_l500_i50_ps0_15_pt0_95_j5_2.stl,0.03,41023.2,sat
../resources/benchmarks/random/b0_r5_c10_l500_i50_ps0_15_pt0_95_j5_3.stl,0.0,7834.4,unsat
../resources/benchmarks/random/b0_r5_c10_l500_i50_ps0_15_pt0_95_j5_4.stl,20.318,672918.4,sat
../resources/benchmarks/random/b0_r5_c10_l500_i50_ps0_15_pt0_95_j5_5.stl,11.208,253913.6,sat
../resources/benchmarks/random/b0_r5_c10_l500_i50_ps0_1_pt0_33_j10_1.stl,-1,-1,TO
../resources/benchmarks/random/b0_r5_c10_l500_i50_ps0_1_pt0_33_j10_2.stl,51.478,274551.2,sat
../resources/benchmarks/random/b0_r5_c10_l500_i50_ps0_1_pt0_33_j10_3.stl,62.366,611169.6,sat
../resources/benchmarks/random/b0_r5_c10_l500_i50_ps0_1_pt0_33_j10_4.stl,-1,-1,TO
../resources/benchmarks/random/b0_r5_c10_l500_i50_ps0_1_pt0_33_j10_5.stl,-1,-1,TO
../resources/benchmarks/random/b0_r5_c10_l500_i50_ps0_1_pt0_33_j5_1.stl,0.05,54536.8,sat
../resources/benchmarks/random/b0_r5_c10_l500_i50_ps0_1_pt0_33_j5_2.stl,0.02,33982.4,sat
../resources/benchmarks/random/b0_r5_c10_l500_i50_ps0_1_pt0_33_j5_3.stl,0.066,49634.4,sat
../resources/benchmarks/random/b0_r5_c10_l500_i50_ps0_1_pt0_33_j5_4.stl,4.334,244989.6,sat
../resources/benchmarks/random/b0_r5_c10_l500_i50_ps0_1_pt0_33_j5_5.stl,-1,-1,TO
../resources/benchmarks/random/b0_r5_c10_l500_i50_ps0_1_pt0_5_j10_1.stl,0.894,36100,unsat
../resources/benchmarks/random/b0_r5_c10_l500_i50_ps0_1_pt0_5_j10_2.stl,1.378,105236,sat
../resources/benchmarks/random/b0_r5_c10_l500_i50_ps0_1_pt0_5_j10_3.stl,2.842,227500.8,sat
../resources/benchmarks/random/b0_r5_c10_l500_i50_ps0_1_pt0_5_j10_4.stl,-1,-1,TO
../resources/benchmarks/random/b0_r5_c10_l500_i50_ps0_1_pt0_5_j10_5.stl,-1,-1,TO
../resources/benchmarks/random/b0_r5_c10_l500_i50_ps0_1_pt0_5_j5_1.stl,13.674,274502.4,sat
../resources/benchmarks/random/b0_r5_c10_l500_i50_ps0_1_pt0_5_j5_2.stl,0.15,67126.4,sat
../resources/benchmarks/random/b0_r5_c10_l500_i50_ps0_1_pt0_5_j5_3.stl,0.384,73283.2,sat
../resources/benchmarks/random/b0_r5_c10_l500_i50_ps0_1_pt0_5_j5_4.stl,3.12,351609.6,sat
../resources/benchmarks/random/b0_r5_c10_l500_i50_ps0_1_pt0_5_j5_5.stl,48.71,275431.2,sat
../resources/benchmarks/random/b0_r5_c10_l500_i50_ps0_1_pt0_75_j10_1.stl,0.0,7792.8,unsat
../resources/benchmarks/random/b0_r5_c10_l500_i50_ps0_1_pt0_75_j10_2.stl,-1,-1,TO
../resources/benchmarks/random/b0_r5_c10_l500_i50_ps0_1_pt0_75_j10_3.stl,37.302,278811.2,sat
../resources/benchmarks/random/b0_r5_c10_l500_i50_ps0_1_pt0_75_j10_4.stl,-1,-1,TO
../resources/benchmarks/random/b0_r5_c10_l500_i50_ps0_1_pt0_75_j10_5.stl,-1,-1,TO
../resources/benchmarks/random/b0_r5_c10_l500_i50_ps0_1_pt0_75_j5_1.stl,-1,-1,TO
../resources/benchmarks/random/b0_r5_c10_l500_i50_ps0_1_pt0_75_j5_2.stl,1.76,135616.8,sat
../resources/benchmarks/random/b0_r5_c10_l500_i50_ps0_1_pt0_75_j5_3.stl,0.294,56988.8,sat
../resources/benchmarks/random/b0_r5_c10_l500_i50_ps0_1_pt0_75_j5_4.stl,9.042,262843.2,sat
../resources/benchmarks/random/b0_r5_c10_l500_i50_ps0_1_pt0_75_j5_5.stl,0.806,364504,sat
../resources/benchmarks/random/b0_r5_c10_l500_i50_ps0_1_pt0_95_j10_1.stl,-1,-1,TO
../resources/benchmarks/random/b0_r5_c10_l500_i50_ps0_1_pt0_95_j10_2.stl,0.918,134415.2,sat
../resources/benchmarks/random/b0_r5_c10_l500_i50_ps0_1_pt0_95_j10_3.stl,-1,-1,TO
../resources/benchmarks/random/b0_r5_c10_l500_i50_ps0_1_pt0_95_j10_4.stl,-1,-1,TO
../resources/benchmarks/random/b0_r5_c10_l500_i50_ps0_1_pt0_95_j10_5.stl,-1,-1,TO
../resources/benchmarks/random/b0_r5_c10_l500_i50_ps0_1_pt0_95_j5_1.stl,-1,-1,TO
../resources/benchmarks/random/b0_r5_c10_l500_i50_ps0_1_pt0_95_j5_2.stl,-1,-1,TO
../resources/benchmarks/random/b0_r5_c10_l500_i50_ps0_1_pt0_95_j5_3.stl,0.1,62825.6,sat
../resources/benchmarks/random/b0_r5_c10_l500_i50_ps0_1_pt0_95_j5_4.stl,0.07,66538.4,sat
../resources/benchmarks/random/b0_r5_c10_l500_i50_ps0_1_pt0_95_j5_5.stl,0.546,58560.8,sat
../resources/benchmarks/random/b0_r5_c10_l500_i50_ps0_25_pt0_33_j10_1.stl,0.0,7820,unsat
../resources/benchmarks/random/b0_r5_c10_l500_i50_ps0_25_pt0_33_j10_2.stl,0.27,240391.2,sat
../resources/benchmarks/random/b0_r5_c10_l500_i50_ps0_25_pt0_33_j10_3.stl,0.0,7816,unsat
../resources/benchmarks/random/b0_r5_c10_l500_i50_ps0_25_pt0_33_j10_4.stl,0.052000000000000005,52999.2,sat
../resources/benchmarks/random/b0_r5_c10_l500_i50_ps0_25_pt0_33_j10_5.stl,-1,-1,TO
../resources/benchmarks/random/b0_r5_c10_l500_i50_ps0_25_pt0_33_j5_1.stl,0.03,21320.8,sat
../resources/benchmarks/random/b0_r5_c10_l500_i50_ps0_25_pt0_33_j5_2.stl,0.0,7800,unsat
../resources/benchmarks/random/b0_r5_c10_l500_i50_ps0_25_pt0_33_j5_3.stl,0.0,7786.4,sat
../resources/benchmarks/random/b0_r5_c10_l500_i50_ps0_25_pt0_33_j5_4.stl,0.0,9356.8,sat
../resources/benchmarks/random/b0_r5_c10_l500_i50_ps0_25_pt0_33_j5_5.stl,0.0,7816,sat
../resources/benchmarks/random/b0_r5_c10_l500_i50_ps0_25_pt0_5_j10_1.stl,0.228,224424.8,sat
../resources/benchmarks/random/b0_r5_c10_l500_i50_ps0_25_pt0_5_j10_2.stl,-1,-1,TO
../resources/benchmarks/random/b0_r5_c10_l500_i50_ps0_25_pt0_5_j10_3.stl,51.132,255117.6,sat
../resources/benchmarks/random/b0_r5_c10_l500_i50_ps0_25_pt0_5_j10_4.stl,0.108,48689.6,sat
../resources/benchmarks/random/b0_r5_c10_l500_i50_ps0_25_pt0_5_j10_5.stl,0.01,32781.6,unsat
../resources/benchmarks/random/b0_r5_c10_l500_i50_ps0_25_pt0_5_j5_1.stl,0.254,237663.2,sat
../resources/benchmarks/random/b0_r5_c10_l500_i50_ps0_25_pt0_5_j5_2.stl,0.01,34589.6,sat
../resources/benchmarks/random/b0_r5_c10_l500_i50_ps0_25_pt0_5_j5_3.stl,0.23,221958.4,sat
../resources/benchmarks/random/b0_r5_c10_l500_i50_ps0_25_pt0_5_j5_4.stl,0.14,50532.8,sat
../resources/benchmarks/random/b0_r5_c10_l500_i50_ps0_25_pt0_5_j5_5.stl,0.024,37630.4,sat
../resources/benchmarks/random/b0_r5_c10_l500_i50_ps0_25_pt0_75_j10_1.stl,0.05,44708,sat
../resources/benchmarks/random/b0_r5_c10_l500_i50_ps0_25_pt0_75_j10_2.stl,-1,-1,TO
../resources/benchmarks/random/b0_r5_c10_l500_i50_ps0_25_pt0_75_j10_3.stl,6.922,256374.4,sat
../resources/benchmarks/random/b0_r5_c10_l500_i50_ps0_25_pt0_75_j10_4.stl,0.254,220724,sat
../resources/benchmarks/random/b0_r5_c10_l500_i50_ps0_25_pt0_75_j10_5.stl,0.23,226569.6,sat
../resources/benchmarks/random/b0_r5_c10_l500_i50_ps0_25_pt0_75_j5_1.stl,0.194,54227.2,sat
../resources/benchmarks/random/b0_r5_c10_l500_i50_ps0_25_pt0_75_j5_2.stl,0.022,41931.2,sat
../resources/benchmarks/random/b0_r5_c10_l500_i50_ps0_25_pt0_75_j5_3.stl,0.05,36406.4,unsat
../resources/benchmarks/random/b0_r5_c10_l500_i50_ps0_25_pt0_75_j5_4.stl,0.0,7772.8,unsat
../resources/benchmarks/random/b0_r5_c10_l500_i50_ps0_25_pt0_75_j5_5.stl,2.682,233026.4,sat
../resources/benchmarks/random/b0_r5_c10_l500_i50_ps0_25_pt0_95_j10_1.stl,-1,-1,TO
../resources/benchmarks/random/b0_r5_c10_l500_i50_ps0_25_pt0_95_j10_2.stl,4.332,237323.2,sat
../resources/benchmarks/random/b0_r5_c10_l500_i50_ps0_25_pt0_95_j10_3.stl,0.0,7773.6,unsat
../resources/benchmarks/random/b0_r5_c10_l500_i50_ps0_25_pt0_95_j10_4.stl,12.278,261911.2,sat
../resources/benchmarks/random/b0_r5_c10_l500_i50_ps0_25_pt0_95_j10_5.stl,-1,-1,TO
../resources/benchmarks/random/b0_r5_c10_l500_i50_ps0_25_pt0_95_j5_1.stl,0.004,7804,unsat
../resources/benchmarks/random/b0_r5_c10_l500_i50_ps0_25_pt0_95_j5_2.stl,0.13,53969.6,sat
../resources/benchmarks/random/b0_r5_c10_l500_i50_ps0_25_pt0_95_j5_3.stl,6.358,232116.8,sat
../resources/benchmarks/random/b0_r5_c10_l500_i50_ps0_25_pt0_95_j5_4.stl,0.02,42254.4,sat
../resources/benchmarks/random/b0_r5_c10_l500_i50_ps0_25_pt0_95_j5_5.stl,0.0,7816,sat
../resources/benchmarks/random/b0_r5_c10_l500_i50_ps0_2_pt0_33_j10_1.stl,0.03,32408,unsat
../resources/benchmarks/random/b0_r5_c10_l500_i50_ps0_2_pt0_33_j10_2.stl,0.59,71125.6,sat
../resources/benchmarks/random/b0_r5_c10_l500_i50_ps0_2_pt0_33_j10_3.stl,0.01,33042.4,unsat
../resources/benchmarks/random/b0_r5_c10_l500_i50_ps0_2_pt0_33_j10_4.stl,0.01,32416.8,unsat
../resources/benchmarks/random/b0_r5_c10_l500_i50_ps0_2_pt0_33_j10_5.stl,0.08,46572,sat
../resources/benchmarks/random/b0_r5_c10_l500_i50_ps0_2_pt0_33_j5_1.stl,0.01,32724.8,sat
../resources/benchmarks/random/b0_r5_c10_l500_i50_ps0_2_pt0_33_j5_2.stl,0.03,43784,sat
../resources/benchmarks/random/b0_r5_c10_l500_i50_ps0_2_pt0_33_j5_3.stl,0.03,46556.8,sat
../resources/benchmarks/random/b0_r5_c10_l500_i50_ps0_2_pt0_33_j5_4.stl,0.02,34548.8,sat
../resources/benchmarks/random/b0_r5_c10_l500_i50_ps0_2_pt0_33_j5_5.stl,0.01,34579.2,sat
../resources/benchmarks/random/b0_r5_c10_l500_i50_ps0_2_pt0_5_j10_1.stl,0.04,51475.2,sat
../resources/benchmarks/random/b0_r5_c10_l500_i50_ps0_2_pt0_5_j10_2.stl,0.28200000000000003,63478.4,sat
../resources/benchmarks/random/b0_r5_c10_l500_i50_ps0_2_pt0_5_j10_3.stl,0.272,241646.4,sat
../resources/benchmarks/random/b0_r5_c10_l500_i50_ps0_2_pt0_5_j10_4.stl,0.17,59126.4,sat
../resources/benchmarks/random/b0_r5_c10_l500_i50_ps0_2_pt0_5_j10_5.stl,0.0,7799.2,unsat
../resources/benchmarks/random/b0_r5_c10_l500_i50_ps0_2_pt0_5_j5_1.stl,0.03,45348.8,sat
../resources/benchmarks/random/b0_r5_c10_l500_i50_ps0_2_pt0_5_j5_2.stl,0.01,33024.8,unsat
../resources/benchmarks/random/b0_r5_c10_l500_i50_ps0_2_pt0_5_j5_3.stl,0.04,54515.2,sat
../resources/benchmarks/random/b0_r5_c10_l500_i50_ps0_2_pt0_5_j5_4.stl,-1,-1,TO
../resources/benchmarks/random/b0_r5_c10_l500_i50_ps0_2_pt0_5_j5_5.stl,0.21,204779.2,sat
../resources/benchmarks/random/b0_r5_c10_l500_i50_ps0_2_pt0_75_j10_1.stl,-1,-1,TO
../resources/benchmarks/random/b0_r5_c10_l500_i50_ps0_2_pt0_75_j10_2.stl,-1,-1,TO
../resources/benchmarks/random/b0_r5_c10_l500_i50_ps0_2_pt0_75_j10_3.stl,-1,-1,TO
../resources/benchmarks/random/b0_r5_c10_l500_i50_ps0_2_pt0_75_j10_4.stl,-1,-1,TO
../resources/benchmarks/random/b0_r5_c10_l500_i50_ps0_2_pt0_75_j10_5.stl,6.658,281552,sat
../resources/benchmarks/random/b0_r5_c10_l500_i50_ps0_2_pt0_75_j5_1.stl,0.10200000000000001,53925.6,sat
../resources/benchmarks/random/b0_r5_c10_l500_i50_ps0_2_pt0_75_j5_2.stl,0.0,7804.8,unsat
../resources/benchmarks/random/b0_r5_c10_l500_i50_ps0_2_pt0_75_j5_3.stl,0.28400000000000003,60378.4,sat
../resources/benchmarks/random/b0_r5_c10_l500_i50_ps0_2_pt0_75_j5_4.stl,-1,-1,TO
../resources/benchmarks/random/b0_r5_c10_l500_i50_ps0_2_pt0_75_j5_5.stl,0.01,33351.2,unsat
../resources/benchmarks/random/b0_r5_c10_l500_i50_ps0_2_pt0_95_j10_1.stl,0.0,7788.8,unsat
../resources/benchmarks/random/b0_r5_c10_l500_i50_ps0_2_pt0_95_j10_2.stl,0.0,7782.4,unsat
../resources/benchmarks/random/b0_r5_c10_l500_i50_ps0_2_pt0_95_j10_3.stl,-1,-1,TO
../resources/benchmarks/random/b0_r5_c10_l500_i50_ps0_2_pt0_95_j10_4.stl,0.0,7787.2,unsat
../resources/benchmarks/random/b0_r5_c10_l500_i50_ps0_2_pt0_95_j10_5.stl,59.346,265608.8,sat
../resources/benchmarks/random/b0_r5_c10_l500_i50_ps0_2_pt0_95_j5_1.stl,9.934000000000001,54860,sat
../resources/benchmarks/random/b0_r5_c10_l500_i50_ps0_2_pt0_95_j5_2.stl,0.03,45021.6,sat
../resources/benchmarks/random/b0_r5_c10_l500_i50_ps0_2_pt0_95_j5_3.stl,2.704,220134.4,sat
../resources/benchmarks/random/b0_r5_c10_l500_i50_ps0_2_pt0_95_j5_4.stl,1.442,36108.8,unsat
../resources/benchmarks/random/b0_r5_c10_l500_i50_ps0_2_pt0_95_j5_5.stl,0.34800000000000003,254844,sat
../resources/benchmarks/random/random.list,-1,-1,Error 101
