Name,Time (s),Total memory (KiB),Result
../resources/benchmarks/random/b0_r5_c10_l10000_i1000_ps0_05_pt0_33_j10_1.stl,-1,-1,TO
../resources/benchmarks/random/b0_r5_c10_l10000_i1000_ps0_05_pt0_33_j10_2.stl,0.404,54568.8,unsat
../resources/benchmarks/random/b0_r5_c10_l10000_i1000_ps0_05_pt0_33_j10_3.stl,6.13,1548752,unsat
../resources/benchmarks/random/b0_r5_c10_l10000_i1000_ps0_05_pt0_33_j10_4.stl,-1,-1,TO
../resources/benchmarks/random/b0_r5_c10_l10000_i1000_ps0_05_pt0_33_j10_5.stl,-1,-1,TO
../resources/benchmarks/random/b0_r5_c10_l10000_i1000_ps0_05_pt0_33_j5_1.stl,0.474,125030.4,sat
../resources/benchmarks/random/b0_r5_c10_l10000_i1000_ps0_05_pt0_33_j5_2.stl,0.466,111428,sat
../resources/benchmarks/random/b0_r5_c10_l10000_i1000_ps0_05_pt0_33_j5_3.stl,0.736,123219.2,sat
../resources/benchmarks/random/b0_r5_c10_l10000_i1000_ps0_05_pt0_33_j5_4.stl,0.428,89914.4,sat
../resources/benchmarks/random/b0_r5_c10_l10000_i1000_ps0_05_pt0_33_j5_5.stl,0.902,281837.6,sat
../resources/benchmarks/random/b0_r5_c10_l10000_i1000_ps0_05_pt0_5_j10_1.stl,-1,-1,TO
../resources/benchmarks/random/b0_r5_c10_l10000_i1000_ps0_05_pt0_5_j10_2.stl,0.426,72252.8,unsat
../resources/benchmarks/random/b0_r5_c10_l10000_i1000_ps0_05_pt0_5_j10_3.stl,-1,-1,TO
../resources/benchmarks/random/b0_r5_c10_l10000_i1000_ps0_05_pt0_5_j10_4.stl,-1,-1,TO
../resources/benchmarks/random/b0_r5_c10_l10000_i1000_ps0_05_pt0_5_j10_5.stl,0.394,72182.4,unsat
../resources/benchmarks/random/b0_r5_c10_l10000_i1000_ps0_05_pt0_5_j5_1.stl,0.42,123263.2,sat
../resources/benchmarks/random/b0_r5_c10_l10000_i1000_ps0_05_pt0_5_j5_2.stl,0.352,49911.2,unsat
../resources/benchmarks/random/b0_r5_c10_l10000_i1000_ps0_05_pt0_5_j5_3.stl,-1,-1,TO
../resources/benchmarks/random/b0_r5_c10_l10000_i1000_ps0_05_pt0_5_j5_4.stl,-1,-1,TO
../resources/benchmarks/random/b0_r5_c10_l10000_i1000_ps0_05_pt0_5_j5_5.stl,-1,-1,TO
../resources/benchmarks/random/b0_r5_c10_l10000_i1000_ps0_05_pt0_75_j10_1.stl,-1,-1,TO
../resources/benchmarks/random/b0_r5_c10_l10000_i1000_ps0_05_pt0_75_j10_2.stl,0.432,71924,unsat
../resources/benchmarks/random/b0_r5_c10_l10000_i1000_ps0_05_pt0_75_j10_3.stl,-1,-1,TO
../resources/benchmarks/random/b0_r5_c10_l10000_i1000_ps0_05_pt0_75_j10_4.stl,-1,-1,TO
../resources/benchmarks/random/b0_r5_c10_l10000_i1000_ps0_05_pt0_75_j10_5.stl,-1,-1,TO
../resources/benchmarks/random/b0_r5_c10_l10000_i1000_ps0_05_pt0_75_j5_1.stl,-1,-1,TO
../resources/benchmarks/random/b0_r5_c10_l10000_i1000_ps0_05_pt0_75_j5_2.stl,21.934,1388183.2,sat
../resources/benchmarks/random/b0_r5_c10_l10000_i1000_ps0_05_pt0_75_j5_3.stl,-1,-1,TO
../resources/benchmarks/random/b0_r5_c10_l10000_i1000_ps0_05_pt0_75_j5_4.stl,-1,-1,TO
../resources/benchmarks/random/b0_r5_c10_l10000_i1000_ps0_05_pt0_75_j5_5.stl,0.408,70138.4,sat
../resources/benchmarks/random/b0_r5_c10_l10000_i1000_ps0_05_pt0_95_j10_1.stl,0.486,124943.2,unsat
../resources/benchmarks/random/b0_r5_c10_l10000_i1000_ps0_05_pt0_95_j10_2.stl,-1,-1,TO
../resources/benchmarks/random/b0_r5_c10_l10000_i1000_ps0_05_pt0_95_j10_3.stl,-1,-1,TO
../resources/benchmarks/random/b0_r5_c10_l10000_i1000_ps0_05_pt0_95_j10_4.stl,-1,-1,TO
../resources/benchmarks/random/b0_r5_c10_l10000_i1000_ps0_05_pt0_95_j10_5.stl,-1,-1,TO
../resources/benchmarks/random/b0_r5_c10_l10000_i1000_ps0_05_pt0_95_j5_1.stl,-1,-1,TO
../resources/benchmarks/random/b0_r5_c10_l10000_i1000_ps0_05_pt0_95_j5_2.stl,-1,-1,TO
../resources/benchmarks/random/b0_r5_c10_l10000_i1000_ps0_05_pt0_95_j5_3.stl,0.378,43452.8,sat
../resources/benchmarks/random/b0_r5_c10_l10000_i1000_ps0_05_pt0_95_j5_4.stl,-1,-1,TO
../resources/benchmarks/random/b0_r5_c10_l10000_i1000_ps0_05_pt0_95_j5_5.stl,3.206,937738.4,unsat
../resources/benchmarks/random/b0_r5_c10_l10000_i1000_ps0_15_pt0_33_j10_1.stl,30.504,4354392.8,sat
../resources/benchmarks/random/b0_r5_c10_l10000_i1000_ps0_15_pt0_33_j10_2.stl,0.364,36141.6,unsat
../resources/benchmarks/random/b0_r5_c10_l10000_i1000_ps0_15_pt0_33_j10_3.stl,0.394,70869.6,sat
../resources/benchmarks/random/b0_r5_c10_l10000_i1000_ps0_15_pt0_33_j10_4.stl,0.364,44983.2,sat
../resources/benchmarks/random/b0_r5_c10_l10000_i1000_ps0_15_pt0_33_j10_5.stl,0.354,33054.4,unsat
../resources/benchmarks/random/b0_r5_c10_l10000_i1000_ps0_15_pt0_33_j5_1.stl,0.348,34592,sat
../resources/benchmarks/random/b0_r5_c10_l10000_i1000_ps0_15_pt0_33_j5_2.stl,0.35,38577.6,sat
../resources/benchmarks/random/b0_r5_c10_l10000_i1000_ps0_15_pt0_33_j5_3.stl,0.372,58840.8,sat
../resources/benchmarks/random/b0_r5_c10_l10000_i1000_ps0_15_pt0_33_j5_4.stl,0.35,38872,sat
../resources/benchmarks/random/b0_r5_c10_l10000_i1000_ps0_15_pt0_33_j5_5.stl,-1,-1,TO
../resources/benchmarks/random/b0_r5_c10_l10000_i1000_ps0_15_pt0_5_j10_1.stl,0.352,33075.2,unsat
../resources/benchmarks/random/b0_r5_c10_l10000_i1000_ps0_15_pt0_5_j10_2.stl,0.35,34933.6,unsat
../resources/benchmarks/random/b0_r5_c10_l10000_i1000_ps0_15_pt0_5_j10_3.stl,0.458,124053.6,sat
../resources/benchmarks/random/b0_r5_c10_l10000_i1000_ps0_15_pt0_5_j10_4.stl,79.61,646828,sat
../resources/benchmarks/random/b0_r5_c10_l10000_i1000_ps0_15_pt0_5_j10_5.stl,0.35,33678.4,unsat
../resources/benchmarks/random/b0_r5_c10_l10000_i1000_ps0_15_pt0_5_j5_1.stl,0.412,78498.4,sat
../resources/benchmarks/random/b0_r5_c10_l10000_i1000_ps0_15_pt0_5_j5_2.stl,0.416,86068.8,sat
../resources/benchmarks/random/b0_r5_c10_l10000_i1000_ps0_15_pt0_5_j5_3.stl,0.34400000000000003,35857.6,sat
../resources/benchmarks/random/b0_r5_c10_l10000_i1000_ps0_15_pt0_5_j5_4.stl,0.39,95894.4,sat
../resources/benchmarks/random/b0_r5_c10_l10000_i1000_ps0_15_pt0_5_j5_5.stl,0.35000000000000003,38878.4,sat
../resources/benchmarks/random/b0_r5_c10_l10000_i1000_ps0_15_pt0_75_j10_1.stl,-1,-1,TO
../resources/benchmarks/random/b0_r5_c10_l10000_i1000_ps0_15_pt0_75_j10_2.stl,-1,-1,TO
../resources/benchmarks/random/b0_r5_c10_l10000_i1000_ps0_15_pt0_75_j10_3.stl,-1,-1,TO
../resources/benchmarks/random/b0_r5_c10_l10000_i1000_ps0_15_pt0_75_j10_4.stl,0.34600000000000003,17011.2,unsat
../resources/benchmarks/random/b0_r5_c10_l10000_i1000_ps0_15_pt0_75_j10_5.stl,0.334,17024,unsat
../resources/benchmarks/random/b0_r5_c10_l10000_i1000_ps0_15_pt0_75_j5_1.stl,0.386,67680.8,sat
../resources/benchmarks/random/b0_r5_c10_l10000_i1000_ps0_15_pt0_75_j5_2.stl,0.46399999999999997,112916.8,sat
../resources/benchmarks/random/b0_r5_c10_l10000_i1000_ps0_15_pt0_75_j5_3.stl,0.46799999999999997,123868,sat
../resources/benchmarks/random/b0_r5_c10_l10000_i1000_ps0_15_pt0_75_j5_4.stl,0.326,17028,unsat
../resources/benchmarks/random/b0_r5_c10_l10000_i1000_ps0_15_pt0_75_j5_5.stl,-1,-1,TO
../resources/benchmarks/random/b0_r5_c10_l10000_i1000_ps0_15_pt0_95_j10_1.stl,0.452,122310.4,sat
../resources/benchmarks/random/b0_r5_c10_l10000_i1000_ps0_15_pt0_95_j10_2.stl,0.348,40656.8,unsat
../resources/benchmarks/random/b0_r5_c10_l10000_i1000_ps0_15_pt0_95_j10_3.stl,-1,-1,TO
../resources/benchmarks/random/b0_r5_c10_l10000_i1000_ps0_15_pt0_95_j10_4.stl,-1,-1,TO
../resources/benchmarks/random/b0_r5_c10_l10000_i1000_ps0_15_pt0_95_j10_5.stl,-1,-1,TO
../resources/benchmarks/random/b0_r5_c10_l10000_i1000_ps0_15_pt0_95_j5_1.stl,0.37,50858.4,sat
../resources/benchmarks/random/b0_r5_c10_l10000_i1000_ps0_15_pt0_95_j5_2.stl,0.398,70856.8,sat
../resources/benchmarks/random/b0_r5_c10_l10000_i1000_ps0_15_pt0_95_j5_3.stl,-1,-1,TO
../resources/benchmarks/random/b0_r5_c10_l10000_i1000_ps0_15_pt0_95_j5_4.stl,0.40800000000000003,80341.6,sat
../resources/benchmarks/random/b0_r5_c10_l10000_i1000_ps0_15_pt0_95_j5_5.stl,0.402,70611.2,sat
../resources/benchmarks/random/b0_r5_c10_l10000_i1000_ps0_1_pt0_33_j10_1.stl,-1,-1,TO
../resources/benchmarks/random/b0_r5_c10_l10000_i1000_ps0_1_pt0_33_j10_2.stl,0.376,38897.6,sat
../resources/benchmarks/random/b0_r5_c10_l10000_i1000_ps0_1_pt0_33_j10_3.stl,0.45,122692,sat
../resources/benchmarks/random/b0_r5_c10_l10000_i1000_ps0_1_pt0_33_j10_4.stl,0.352,43760,sat
../resources/benchmarks/random/b0_r5_c10_l10000_i1000_ps0_1_pt0_33_j10_5.stl,-1,-1,TO
../resources/benchmarks/random/b0_r5_c10_l10000_i1000_ps0_1_pt0_33_j5_1.stl,-1,-1,TO
../resources/benchmarks/random/b0_r5_c10_l10000_i1000_ps0_1_pt0_33_j5_2.stl,-1,-1,TO
../resources/benchmarks/random/b0_r5_c10_l10000_i1000_ps0_1_pt0_33_j5_3.stl,0.378,44363.2,unsat
../resources/benchmarks/random/b0_r5_c10_l10000_i1000_ps0_1_pt0_33_j5_4.stl,0.37,38592,sat
../resources/benchmarks/random/b0_r5_c10_l10000_i1000_ps0_1_pt0_33_j5_5.stl,0.37,42520.8,sat
../resources/benchmarks/random/b0_r5_c10_l10000_i1000_ps0_1_pt0_5_j10_1.stl,13.414,587810.4,sat
../resources/benchmarks/random/b0_r5_c10_l10000_i1000_ps0_1_pt0_5_j10_2.stl,6.78,4442581.6,sat
../resources/benchmarks/random/b0_r5_c10_l10000_i1000_ps0_1_pt0_5_j10_3.stl,39.028,980452,sat
../resources/benchmarks/random/b0_r5_c10_l10000_i1000_ps0_1_pt0_5_j10_4.stl,1.46,531300,sat
../resources/benchmarks/random/b0_r5_c10_l10000_i1000_ps0_1_pt0_5_j10_5.stl,-1,-1,TO
../resources/benchmarks/random/b0_r5_c10_l10000_i1000_ps0_1_pt0_5_j5_1.stl,0.336,35544,unsat
../resources/benchmarks/random/b0_r5_c10_l10000_i1000_ps0_1_pt0_5_j5_2.stl,-1,-1,TO
../resources/benchmarks/random/b0_r5_c10_l10000_i1000_ps0_1_pt0_5_j5_3.stl,63.858000000000004,1156162.4,sat
../resources/benchmarks/random/b0_r5_c10_l10000_i1000_ps0_1_pt0_5_j5_4.stl,0.546,122906.4,sat
../resources/benchmarks/random/b0_r5_c10_l10000_i1000_ps0_1_pt0_5_j5_5.stl,1.192,720230.4,sat
../resources/benchmarks/random/b0_r5_c10_l10000_i1000_ps0_1_pt0_75_j10_1.stl,-1,-1,TO
../resources/benchmarks/random/b0_r5_c10_l10000_i1000_ps0_1_pt0_75_j10_2.stl,0.832,131301.6,unsat
../resources/benchmarks/random/b0_r5_c10_l10000_i1000_ps0_1_pt0_75_j10_3.stl,1.55,371512.8,unsat
../resources/benchmarks/random/b0_r5_c10_l10000_i1000_ps0_1_pt0_75_j10_4.stl,-1,-1,TO
../resources/benchmarks/random/b0_r5_c10_l10000_i1000_ps0_1_pt0_75_j10_5.stl,-1,-1,TO
../resources/benchmarks/random/b0_r5_c10_l10000_i1000_ps0_1_pt0_75_j5_1.stl,0.432,121768,sat
../resources/benchmarks/random/b0_r5_c10_l10000_i1000_ps0_1_pt0_75_j5_2.stl,-1,-1,TO
../resources/benchmarks/random/b0_r5_c10_l10000_i1000_ps0_1_pt0_75_j5_3.stl,-1,-1,TO
../resources/benchmarks/random/b0_r5_c10_l10000_i1000_ps0_1_pt0_75_j5_4.stl,-1,-1,TO
../resources/benchmarks/random/b0_r5_c10_l10000_i1000_ps0_1_pt0_75_j5_5.stl,0.568,217679.2,sat
../resources/benchmarks/random/b0_r5_c10_l10000_i1000_ps0_1_pt0_95_j10_1.stl,-1,-1,TO
../resources/benchmarks/random/b0_r5_c10_l10000_i1000_ps0_1_pt0_95_j10_2.stl,0.348,17004.8,unsat
../resources/benchmarks/random/b0_r5_c10_l10000_i1000_ps0_1_pt0_95_j10_3.stl,-1,-1,TO
../resources/benchmarks/random/b0_r5_c10_l10000_i1000_ps0_1_pt0_95_j10_4.stl,-1,-1,TO
../resources/benchmarks/random/b0_r5_c10_l10000_i1000_ps0_1_pt0_95_j10_5.stl,-1,-1,TO
../resources/benchmarks/random/b0_r5_c10_l10000_i1000_ps0_1_pt0_95_j5_1.stl,1.216,282426.4,sat
../resources/benchmarks/random/b0_r5_c10_l10000_i1000_ps0_1_pt0_95_j5_2.stl,0.332,17019.2,unsat
../resources/benchmarks/random/b0_r5_c10_l10000_i1000_ps0_1_pt0_95_j5_3.stl,0.358,46471.2,sat
../resources/benchmarks/random/b0_r5_c10_l10000_i1000_ps0_1_pt0_95_j5_4.stl,-1,-1,TO
../resources/benchmarks/random/b0_r5_c10_l10000_i1000_ps0_1_pt0_95_j5_5.stl,-1,-1,TO
../resources/benchmarks/random/b0_r5_c10_l10000_i1000_ps0_25_pt0_33_j10_1.stl,-1,-1,TO
../resources/benchmarks/random/b0_r5_c10_l10000_i1000_ps0_25_pt0_33_j10_2.stl,0.354,33649.6,unsat
../resources/benchmarks/random/b0_r5_c10_l10000_i1000_ps0_25_pt0_33_j10_3.stl,0.34600000000000003,33672.8,unsat
../resources/benchmarks/random/b0_r5_c10_l10000_i1000_ps0_25_pt0_33_j10_4.stl,0.324,17905.6,unsat
../resources/benchmarks/random/b0_r5_c10_l10000_i1000_ps0_25_pt0_33_j10_5.stl,0.352,36172,sat
../resources/benchmarks/random/b0_r5_c10_l10000_i1000_ps0_25_pt0_33_j5_1.stl,0.354,40112.8,sat
../resources/benchmarks/random/b0_r5_c10_l10000_i1000_ps0_25_pt0_33_j5_2.stl,0.34,33356,sat
../resources/benchmarks/random/b0_r5_c10_l10000_i1000_ps0_25_pt0_33_j5_3.stl,0.342,34308,sat
../resources/benchmarks/random/b0_r5_c10_l10000_i1000_ps0_25_pt0_33_j5_4.stl,0.34400000000000003,37939.2,sat
../resources/benchmarks/random/b0_r5_c10_l10000_i1000_ps0_25_pt0_33_j5_5.stl,0.332,31503.2,unsat
../resources/benchmarks/random/b0_r5_c10_l10000_i1000_ps0_25_pt0_5_j10_1.stl,0.318,32436.8,unsat
../resources/benchmarks/random/b0_r5_c10_l10000_i1000_ps0_25_pt0_5_j10_2.stl,2.572,191232,sat
../resources/benchmarks/random/b0_r5_c10_l10000_i1000_ps0_25_pt0_5_j10_3.stl,0.458,123742.4,sat
../resources/benchmarks/random/b0_r5_c10_l10000_i1000_ps0_25_pt0_5_j10_4.stl,0.39,71164.8,sat
../resources/benchmarks/random/b0_r5_c10_l10000_i1000_ps0_25_pt0_5_j10_5.stl,-1,-1,TO
../resources/benchmarks/random/b0_r5_c10_l10000_i1000_ps0_25_pt0_5_j5_1.stl,0.364,41017.6,sat
../resources/benchmarks/random/b0_r5_c10_l10000_i1000_ps0_25_pt0_5_j5_2.stl,0.348,37418.4,sat
../resources/benchmarks/random/b0_r5_c10_l10000_i1000_ps0_25_pt0_5_j5_3.stl,0.37,50236.8,sat
../resources/benchmarks/random/b0_r5_c10_l10000_i1000_ps0_25_pt0_5_j5_4.stl,0.364,45031.2,sat
../resources/benchmarks/random/b0_r5_c10_l10000_i1000_ps0_25_pt0_5_j5_5.stl,51.854,4060148.8,unsat
../resources/benchmarks/random/b0_r5_c10_l10000_i1000_ps0_25_pt0_75_j10_1.stl,0.382,69976.8,sat
../resources/benchmarks/random/b0_r5_c10_l10000_i1000_ps0_25_pt0_75_j10_2.stl,0.328,17279.2,unsat
../resources/benchmarks/random/b0_r5_c10_l10000_i1000_ps0_25_pt0_75_j10_3.stl,-1,-1,TO
../resources/benchmarks/random/b0_r5_c10_l10000_i1000_ps0_25_pt0_75_j10_4.stl,105.732,679123.2,sat
../resources/benchmarks/random/b0_r5_c10_l10000_i1000_ps0_25_pt0_75_j10_5.stl,0.33,17628.8,unsat
../resources/benchmarks/random/b0_r5_c10_l10000_i1000_ps0_25_pt0_75_j5_1.stl,0.378,70864.8,sat
../resources/benchmarks/random/b0_r5_c10_l10000_i1000_ps0_25_pt0_75_j5_2.stl,-1,-1,TO
../resources/benchmarks/random/b0_r5_c10_l10000_i1000_ps0_25_pt0_75_j5_3.stl,0.38,70255.2,sat
../resources/benchmarks/random/b0_r5_c10_l10000_i1000_ps0_25_pt0_75_j5_4.stl,0.40599999999999997,93826.4,sat
../resources/benchmarks/random/b0_r5_c10_l10000_i1000_ps0_25_pt0_75_j5_5.stl,0.364,54761.6,sat
../resources/benchmarks/random/b0_r5_c10_l10000_i1000_ps0_25_pt0_95_j10_1.stl,40.870000000000005,711959.2,sat
../resources/benchmarks/random/b0_r5_c10_l10000_i1000_ps0_25_pt0_95_j10_2.stl,-1,-1,TO
../resources/benchmarks/random/b0_r5_c10_l10000_i1000_ps0_25_pt0_95_j10_3.stl,-1,-1,TO
../resources/benchmarks/random/b0_r5_c10_l10000_i1000_ps0_25_pt0_95_j10_4.stl,-1,-1,TO
../resources/benchmarks/random/b0_r5_c10_l10000_i1000_ps0_25_pt0_95_j10_5.stl,-1,-1,TO
../resources/benchmarks/random/b0_r5_c10_l10000_i1000_ps0_25_pt0_95_j5_1.stl,1.04,170968,sat
../resources/benchmarks/random/b0_r5_c10_l10000_i1000_ps0_25_pt0_95_j5_2.stl,0.362,42785.6,sat
../resources/benchmarks/random/b0_r5_c10_l10000_i1000_ps0_25_pt0_95_j5_3.stl,0.362,44726.4,sat
../resources/benchmarks/random/b0_r5_c10_l10000_i1000_ps0_25_pt0_95_j5_4.stl,0.408,70584.8,sat
../resources/benchmarks/random/b0_r5_c10_l10000_i1000_ps0_25_pt0_95_j5_5.stl,0.368,42558.4,sat
../resources/benchmarks/random/b0_r5_c10_l10000_i1000_ps0_2_pt0_33_j10_1.stl,0.376,61712.8,sat
../resources/benchmarks/random/b0_r5_c10_l10000_i1000_ps0_2_pt0_33_j10_2.stl,0.382,66937.6,sat
../resources/benchmarks/random/b0_r5_c10_l10000_i1000_ps0_2_pt0_33_j10_3.stl,7.444,4220492,sat
../resources/benchmarks/random/b0_r5_c10_l10000_i1000_ps0_2_pt0_33_j10_4.stl,0.386,38340,unsat
../resources/benchmarks/random/b0_r5_c10_l10000_i1000_ps0_2_pt0_33_j10_5.stl,0.352,37973.6,unsat
../resources/benchmarks/random/b0_r5_c10_l10000_i1000_ps0_2_pt0_33_j5_1.stl,0.346,35588,sat
../resources/benchmarks/random/b0_r5_c10_l10000_i1000_ps0_2_pt0_33_j5_2.stl,0.36,44048.8,sat
../resources/benchmarks/random/b0_r5_c10_l10000_i1000_ps0_2_pt0_33_j5_3.stl,87.186,947553.6,sat
../resources/benchmarks/random/b0_r5_c10_l10000_i1000_ps0_2_pt0_33_j5_4.stl,0.348,33972.8,sat
../resources/benchmarks/random/b0_r5_c10_l10000_i1000_ps0_2_pt0_33_j5_5.stl,0.34400000000000003,34909.6,sat
../resources/benchmarks/random/b0_r5_c10_l10000_i1000_ps0_2_pt0_5_j10_1.stl,0.382,72918.4,sat
../resources/benchmarks/random/b0_r5_c10_l10000_i1000_ps0_2_pt0_5_j10_2.stl,-1,-1,TO
../resources/benchmarks/random/b0_r5_c10_l10000_i1000_ps0_2_pt0_5_j10_3.stl,0.38,70312,unsat
../resources/benchmarks/random/b0_r5_c10_l10000_i1000_ps0_2_pt0_5_j10_4.stl,1.408,951548.8,sat
../resources/benchmarks/random/b0_r5_c10_l10000_i1000_ps0_2_pt0_5_j10_5.stl,0.328,17323.2,unsat
../resources/benchmarks/random/b0_r5_c10_l10000_i1000_ps0_2_pt0_5_j5_1.stl,0.34,35880.8,sat
../resources/benchmarks/random/b0_r5_c10_l10000_i1000_ps0_2_pt0_5_j5_2.stl,0.354,40416,sat
../resources/benchmarks/random/b0_r5_c10_l10000_i1000_ps0_2_pt0_5_j5_3.stl,0.362,45147.2,sat
../resources/benchmarks/random/b0_r5_c10_l10000_i1000_ps0_2_pt0_5_j5_4.stl,0.374,71044.8,sat
../resources/benchmarks/random/b0_r5_c10_l10000_i1000_ps0_2_pt0_5_j5_5.stl,0.544,73300,sat
../resources/benchmarks/random/b0_r5_c10_l10000_i1000_ps0_2_pt0_75_j10_1.stl,0.342,38252,unsat
../resources/benchmarks/random/b0_r5_c10_l10000_i1000_ps0_2_pt0_75_j10_2.stl,0.374,28041.6,unsat
../resources/benchmarks/random/b0_r5_c10_l10000_i1000_ps0_2_pt0_75_j10_3.stl,0.342,46325.6,unsat
../resources/benchmarks/random/b0_r5_c10_l10000_i1000_ps0_2_pt0_75_j10_4.stl,11.556,4794333.6,sat
../resources/benchmarks/random/b0_r5_c10_l10000_i1000_ps0_2_pt0_75_j10_5.stl,-1,-1,TO
../resources/benchmarks/random/b0_r5_c10_l10000_i1000_ps0_2_pt0_75_j5_1.stl,0.35,37959.2,unsat
../resources/benchmarks/random/b0_r5_c10_l10000_i1000_ps0_2_pt0_75_j5_2.stl,0.354,37367.2,unsat
../resources/benchmarks/random/b0_r5_c10_l10000_i1000_ps0_2_pt0_75_j5_3.stl,0.68,283392,sat
../resources/benchmarks/random/b0_r5_c10_l10000_i1000_ps0_2_pt0_75_j5_4.stl,64.092,1965512.8,sat
../resources/benchmarks/random/b0_r5_c10_l10000_i1000_ps0_2_pt0_75_j5_5.stl,8.064,254172.8,sat
../resources/benchmarks/random/b0_r5_c10_l10000_i1000_ps0_2_pt0_95_j10_1.stl,0.37,40428,unsat
../resources/benchmarks/random/b0_r5_c10_l10000_i1000_ps0_2_pt0_95_j10_2.stl,-1,-1,TO
../resources/benchmarks/random/b0_r5_c10_l10000_i1000_ps0_2_pt0_95_j10_3.stl,2.554,485834.4,unsat
../resources/benchmarks/random/b0_r5_c10_l10000_i1000_ps0_2_pt0_95_j10_4.stl,-1,-1,TO
../resources/benchmarks/random/b0_r5_c10_l10000_i1000_ps0_2_pt0_95_j10_5.stl,-1,-1,TO
../resources/benchmarks/random/b0_r5_c10_l10000_i1000_ps0_2_pt0_95_j5_1.stl,-1,-1,TO
../resources/benchmarks/random/b0_r5_c10_l10000_i1000_ps0_2_pt0_95_j5_2.stl,0.508,160522.4,sat
../resources/benchmarks/random/b0_r5_c10_l10000_i1000_ps0_2_pt0_95_j5_3.stl,112.466,735306.4,sat
../resources/benchmarks/random/b0_r5_c10_l10000_i1000_ps0_2_pt0_95_j5_4.stl,-1,-1,TO
../resources/benchmarks/random/b0_r5_c10_l10000_i1000_ps0_2_pt0_95_j5_5.stl,92.276,427480,sat
../resources/benchmarks/random/b0_r5_c10_l10000_i50_ps0_05_pt0_33_j10_1.stl,-1,-1,TO
../resources/benchmarks/random/b0_r5_c10_l10000_i50_ps0_05_pt0_33_j10_2.stl,-1,-1,TO
../resources/benchmarks/random/b0_r5_c10_l10000_i50_ps0_05_pt0_33_j10_3.stl,-1,-1,TO
../resources/benchmarks/random/b0_r5_c10_l10000_i50_ps0_05_pt0_33_j10_4.stl,3.372,419196.8,unsat
../resources/benchmarks/random/b0_r5_c10_l10000_i50_ps0_05_pt0_33_j10_5.stl,-1,-1,TO
../resources/benchmarks/random/b0_r5_c10_l10000_i50_ps0_05_pt0_33_j5_1.stl,-1,-1,TO
../resources/benchmarks/random/b0_r5_c10_l10000_i50_ps0_05_pt0_33_j5_2.stl,0.568,123068.8,sat
../resources/benchmarks/random/b0_r5_c10_l10000_i50_ps0_05_pt0_33_j5_3.stl,-1,-1,TO
../resources/benchmarks/random/b0_r5_c10_l10000_i50_ps0_05_pt0_33_j5_4.stl,-1,-1,TO
../resources/benchmarks/random/b0_r5_c10_l10000_i50_ps0_05_pt0_33_j5_5.stl,0.47,123777.6,sat
../resources/benchmarks/random/b0_r5_c10_l10000_i50_ps0_05_pt0_5_j10_1.stl,-1,-1,TO
../resources/benchmarks/random/b0_r5_c10_l10000_i50_ps0_05_pt0_5_j10_2.stl,-1,-1,TO
../resources/benchmarks/random/b0_r5_c10_l10000_i50_ps0_05_pt0_5_j10_3.stl,-1,-1,TO
../resources/benchmarks/random/b0_r5_c10_l10000_i50_ps0_05_pt0_5_j10_4.stl,0.4,53811.2,unsat
../resources/benchmarks/random/b0_r5_c10_l10000_i50_ps0_05_pt0_5_j10_5.stl,-1,-1,TO
../resources/benchmarks/random/b0_r5_c10_l10000_i50_ps0_05_pt0_5_j5_1.stl,-1,-1,TO
../resources/benchmarks/random/b0_r5_c10_l10000_i50_ps0_05_pt0_5_j5_2.stl,13.564,339621.6,unsat
../resources/benchmarks/random/b0_r5_c10_l10000_i50_ps0_05_pt0_5_j5_3.stl,1.256,135036,sat
../resources/benchmarks/random/b0_r5_c10_l10000_i50_ps0_05_pt0_5_j5_4.stl,0.372,47328.8,unsat
../resources/benchmarks/random/b0_r5_c10_l10000_i50_ps0_05_pt0_5_j5_5.stl,-1,-1,TO
../resources/benchmarks/random/b0_r5_c10_l10000_i50_ps0_05_pt0_75_j10_1.stl,-1,-1,TO
../resources/benchmarks/random/b0_r5_c10_l10000_i50_ps0_05_pt0_75_j10_2.stl,-1,-1,TO
../resources/benchmarks/random/b0_r5_c10_l10000_i50_ps0_05_pt0_75_j10_3.stl,-1,-1,TO
../resources/benchmarks/random/b0_r5_c10_l10000_i50_ps0_05_pt0_75_j10_4.stl,-1,-1,TO
../resources/benchmarks/random/b0_r5_c10_l10000_i50_ps0_05_pt0_75_j10_5.stl,-1,-1,TO
../resources/benchmarks/random/b0_r5_c10_l10000_i50_ps0_05_pt0_75_j5_1.stl,0.52,122915.2,unsat
../resources/benchmarks/random/b0_r5_c10_l10000_i50_ps0_05_pt0_75_j5_2.stl,-1,-1,TO
../resources/benchmarks/random/b0_r5_c10_l10000_i50_ps0_05_pt0_75_j5_3.stl,21.366,1952748,sat
../resources/benchmarks/random/b0_r5_c10_l10000_i50_ps0_05_pt0_75_j5_4.stl,0.414,71720.8,unsat
../resources/benchmarks/random/b0_r5_c10_l10000_i50_ps0_05_pt0_75_j5_5.stl,-1,-1,TO
../resources/benchmarks/random/b0_r5_c10_l10000_i50_ps0_05_pt0_95_j10_1.stl,0.388,46498.4,unsat
../resources/benchmarks/random/b0_r5_c10_l10000_i50_ps0_05_pt0_95_j10_2.stl,0.438,91858.4,unsat
../resources/benchmarks/random/b0_r5_c10_l10000_i50_ps0_05_pt0_95_j10_3.stl,0.434,91484.8,unsat
../resources/benchmarks/random/b0_r5_c10_l10000_i50_ps0_05_pt0_95_j10_4.stl,-1,-1,TO
../resources/benchmarks/random/b0_r5_c10_l10000_i50_ps0_05_pt0_95_j10_5.stl,0.408,71475.2,unsat
../resources/benchmarks/random/b0_r5_c10_l10000_i50_ps0_05_pt0_95_j5_1.stl,-1,-1,TO
../resources/benchmarks/random/b0_r5_c10_l10000_i50_ps0_05_pt0_95_j5_2.stl,-1,-1,TO
../resources/benchmarks/random/b0_r5_c10_l10000_i50_ps0_05_pt0_95_j5_3.stl,0.726,136880.8,sat
../resources/benchmarks/random/b0_r5_c10_l10000_i50_ps0_05_pt0_95_j5_4.stl,4.636,1051394.4,sat
../resources/benchmarks/random/b0_r5_c10_l10000_i50_ps0_05_pt0_95_j5_5.stl,0.39999999999999997,71419.2,unsat
../resources/benchmarks/random/b0_r5_c10_l10000_i50_ps0_15_pt0_33_j10_1.stl,0.918,137824,sat
../resources/benchmarks/random/b0_r5_c10_l10000_i50_ps0_15_pt0_33_j10_2.stl,0.354,38292.8,sat
../resources/benchmarks/random/b0_r5_c10_l10000_i50_ps0_15_pt0_33_j10_3.stl,0.414,93847.2,sat
../resources/benchmarks/random/b0_r5_c10_l10000_i50_ps0_15_pt0_33_j10_4.stl,0.336,17620,unsat
../resources/benchmarks/random/b0_r5_c10_l10000_i50_ps0_15_pt0_33_j10_5.stl,0.376,45176,sat
../resources/benchmarks/random/b0_r5_c10_l10000_i50_ps0_15_pt0_33_j5_1.stl,0.36,41924,sat
../resources/benchmarks/random/b0_r5_c10_l10000_i50_ps0_15_pt0_33_j5_2.stl,0.342,42560.8,sat
../resources/benchmarks/random/b0_r5_c10_l10000_i50_ps0_15_pt0_33_j5_3.stl,0.346,46728.8,sat
../resources/benchmarks/random/b0_r5_c10_l10000_i50_ps0_15_pt0_33_j5_4.stl,0.334,37110.4,sat
../resources/benchmarks/random/b0_r5_c10_l10000_i50_ps0_15_pt0_33_j5_5.stl,0.338,35826.4,sat
../resources/benchmarks/random/b0_r5_c10_l10000_i50_ps0_15_pt0_5_j10_1.stl,0.714,73261.6,sat
../resources/benchmarks/random/b0_r5_c10_l10000_i50_ps0_15_pt0_5_j10_2.stl,0.356,33709.6,unsat
../resources/benchmarks/random/b0_r5_c10_l10000_i50_ps0_15_pt0_5_j10_3.stl,0.364,44667.2,sat
../resources/benchmarks/random/b0_r5_c10_l10000_i50_ps0_15_pt0_5_j10_4.stl,0.484,124328.8,sat
../resources/benchmarks/random/b0_r5_c10_l10000_i50_ps0_15_pt0_5_j10_5.stl,2.194,131994.4,unsat
../resources/benchmarks/random/b0_r5_c10_l10000_i50_ps0_15_pt0_5_j5_1.stl,0.378,44975.2,sat
../resources/benchmarks/random/b0_r5_c10_l10000_i50_ps0_15_pt0_5_j5_2.stl,5.816,3796253.6,sat
../resources/benchmarks/random/b0_r5_c10_l10000_i50_ps0_15_pt0_5_j5_3.stl,0.756,369717.6,sat
../resources/benchmarks/random/b0_r5_c10_l10000_i50_ps0_15_pt0_5_j5_4.stl,0.346,33384.8,unsat
../resources/benchmarks/random/b0_r5_c10_l10000_i50_ps0_15_pt0_5_j5_5.stl,0.364,45277.6,sat
../resources/benchmarks/random/b0_r5_c10_l10000_i50_ps0_15_pt0_75_j10_1.stl,0.336,17019.2,unsat
../resources/benchmarks/random/b0_r5_c10_l10000_i50_ps0_15_pt0_75_j10_2.stl,0.31,17630.4,unsat
../resources/benchmarks/random/b0_r5_c10_l10000_i50_ps0_15_pt0_75_j10_3.stl,-1,-1,TO
../resources/benchmarks/random/b0_r5_c10_l10000_i50_ps0_15_pt0_75_j10_4.stl,-1,-1,TO
../resources/benchmarks/random/b0_r5_c10_l10000_i50_ps0_15_pt0_75_j10_5.stl,0.76,308279.2,sat
../resources/benchmarks/random/b0_r5_c10_l10000_i50_ps0_15_pt0_75_j5_1.stl,1.712,124352,sat
../resources/benchmarks/random/b0_r5_c10_l10000_i50_ps0_15_pt0_75_j5_2.stl,-1,-1,TO
../resources/benchmarks/random/b0_r5_c10_l10000_i50_ps0_15_pt0_75_j5_3.stl,0.34,17026.4,unsat
../resources/benchmarks/random/b0_r5_c10_l10000_i50_ps0_15_pt0_75_j5_4.stl,-1,-1,TO
../resources/benchmarks/random/b0_r5_c10_l10000_i50_ps0_15_pt0_75_j5_5.stl,0.354,35221.6,sat
../resources/benchmarks/random/b0_r5_c10_l10000_i50_ps0_15_pt0_95_j10_1.stl,41.74,4338729.6,sat
../resources/benchmarks/random/b0_r5_c10_l10000_i50_ps0_15_pt0_95_j10_2.stl,0.37,38891.2,unsat
../resources/benchmarks/random/b0_r5_c10_l10000_i50_ps0_15_pt0_95_j10_3.stl,-1,-1,TO
../resources/benchmarks/random/b0_r5_c10_l10000_i50_ps0_15_pt0_95_j10_4.stl,0.35,17012.8,unsat
../resources/benchmarks/random/b0_r5_c10_l10000_i50_ps0_15_pt0_95_j10_5.stl,-1,-1,TO
../resources/benchmarks/random/b0_r5_c10_l10000_i50_ps0_15_pt0_95_j5_1.stl,0.356,34287.2,unsat
../resources/benchmarks/random/b0_r5_c10_l10000_i50_ps0_15_pt0_95_j5_2.stl,1.324,122063.2,sat
../resources/benchmarks/random/b0_r5_c10_l10000_i50_ps0_15_pt0_95_j5_3.stl,0.342,35570.4,sat
../resources/benchmarks/random/b0_r5_c10_l10000_i50_ps0_15_pt0_95_j5_4.stl,0.358,48688.8,sat
../resources/benchmarks/random/b0_r5_c10_l10000_i50_ps0_15_pt0_95_j5_5.stl,86.89,4406954.4,sat
../resources/benchmarks/random/b0_r5_c10_l10000_i50_ps0_1_pt0_33_j10_1.stl,0.388,77380.8,sat
../resources/benchmarks/random/b0_r5_c10_l10000_i50_ps0_1_pt0_33_j10_2.stl,0.358,44960,sat
../resources/benchmarks/random/b0_r5_c10_l10000_i50_ps0_1_pt0_33_j10_3.stl,1.284,307327.2,sat
../resources/benchmarks/random/b0_r5_c10_l10000_i50_ps0_1_pt0_33_j10_4.stl,-1,-1,TO
../resources/benchmarks/random/b0_r5_c10_l10000_i50_ps0_1_pt0_33_j10_5.stl,0.40599999999999997,70408.8,unsat
../resources/benchmarks/random/b0_r5_c10_l10000_i50_ps0_1_pt0_33_j5_1.stl,0.364,42243.2,sat
../resources/benchmarks/random/b0_r5_c10_l10000_i50_ps0_1_pt0_33_j5_2.stl,0.352,33395.2,unsat
../resources/benchmarks/random/b0_r5_c10_l10000_i50_ps0_1_pt0_33_j5_3.stl,0.34800000000000003,37353.6,sat
../resources/benchmarks/random/b0_r5_c10_l10000_i50_ps0_1_pt0_33_j5_4.stl,0.36,35583.2,unsat
../resources/benchmarks/random/b0_r5_c10_l10000_i50_ps0_1_pt0_33_j5_5.stl,1.432,964787.2,sat
../resources/benchmarks/random/b0_r5_c10_l10000_i50_ps0_1_pt0_5_j10_1.stl,7.6160000000000005,2291270.4,sat
../resources/benchmarks/random/b0_r5_c10_l10000_i50_ps0_1_pt0_5_j10_2.stl,7.022,4403881.6,sat
../resources/benchmarks/random/b0_r5_c10_l10000_i50_ps0_1_pt0_5_j10_3.stl,0.432,124321.6,sat
../resources/benchmarks/random/b0_r5_c10_l10000_i50_ps0_1_pt0_5_j10_4.stl,-1,-1,TO
../resources/benchmarks/random/b0_r5_c10_l10000_i50_ps0_1_pt0_5_j10_5.stl,76.692,4773744.8,sat
../resources/benchmarks/random/b0_r5_c10_l10000_i50_ps0_1_pt0_5_j5_1.stl,1.284,142404,sat
../resources/benchmarks/random/b0_r5_c10_l10000_i50_ps0_1_pt0_5_j5_2.stl,0.376,70745.6,sat
../resources/benchmarks/random/b0_r5_c10_l10000_i50_ps0_1_pt0_5_j5_3.stl,113.982,4448609.6,sat
../resources/benchmarks/random/b0_r5_c10_l10000_i50_ps0_1_pt0_5_j5_4.stl,0.398,61646.4,sat
../resources/benchmarks/random/b0_r5_c10_l10000_i50_ps0_1_pt0_5_j5_5.stl,0.88,528538.4,sat
../resources/benchmarks/random/b0_r5_c10_l10000_i50_ps0_1_pt0_75_j10_1.stl,-1,-1,TO
../resources/benchmarks/random/b0_r5_c10_l10000_i50_ps0_1_pt0_75_j10_2.stl,0.362,34622.4,unsat
../resources/benchmarks/random/b0_r5_c10_l10000_i50_ps0_1_pt0_75_j10_3.stl,3.554,138704,sat
../resources/benchmarks/random/b0_r5_c10_l10000_i50_ps0_1_pt0_75_j10_4.stl,0.34800000000000003,37341.6,unsat
../resources/benchmarks/random/b0_r5_c10_l10000_i50_ps0_1_pt0_75_j10_5.stl,0.332,19170.4,unsat
../resources/benchmarks/random/b0_r5_c10_l10000_i50_ps0_1_pt0_75_j5_1.stl,3.544,1872559.2,sat
../resources/benchmarks/random/b0_r5_c10_l10000_i50_ps0_1_pt0_75_j5_2.stl,-1,-1,TO
../resources/benchmarks/random/b0_r5_c10_l10000_i50_ps0_1_pt0_75_j5_3.stl,0.33,16998.4,unsat
../resources/benchmarks/random/b0_r5_c10_l10000_i50_ps0_1_pt0_75_j5_4.stl,-1,-1,TO
../resources/benchmarks/random/b0_r5_c10_l10000_i50_ps0_1_pt0_75_j5_5.stl,-1,-1,TO
../resources/benchmarks/random/b0_r5_c10_l10000_i50_ps0_1_pt0_95_j10_1.stl,-1,-1,TO
../resources/benchmarks/random/b0_r5_c10_l10000_i50_ps0_1_pt0_95_j10_2.stl,0.356,17002.4,unsat
../resources/benchmarks/random/b0_r5_c10_l10000_i50_ps0_1_pt0_95_j10_3.stl,-1,-1,TO
../resources/benchmarks/random/b0_r5_c10_l10000_i50_ps0_1_pt0_95_j10_4.stl,3.774,240228.8,sat
../resources/benchmarks/random/b0_r5_c10_l10000_i50_ps0_1_pt0_95_j10_5.stl,0.322,17607.2,unsat
../resources/benchmarks/random/b0_r5_c10_l10000_i50_ps0_1_pt0_95_j5_1.stl,0.442,122701.6,sat
../resources/benchmarks/random/b0_r5_c10_l10000_i50_ps0_1_pt0_95_j5_2.stl,0.33,34007.2,unsat
../resources/benchmarks/random/b0_r5_c10_l10000_i50_ps0_1_pt0_95_j5_3.stl,2.24,1841211.2,sat
../resources/benchmarks/random/b0_r5_c10_l10000_i50_ps0_1_pt0_95_j5_4.stl,0.446,116862.4,sat
../resources/benchmarks/random/b0_r5_c10_l10000_i50_ps0_1_pt0_95_j5_5.stl,9.88,4872051.2,sat
../resources/benchmarks/random/b0_r5_c10_l10000_i50_ps0_25_pt0_33_j10_1.stl,0.462,122293.6,sat
../resources/benchmarks/random/b0_r5_c10_l10000_i50_ps0_25_pt0_33_j10_2.stl,0.334,17012.8,unsat
../resources/benchmarks/random/b0_r5_c10_l10000_i50_ps0_25_pt0_33_j10_3.stl,0.326,33357.6,unsat
../resources/benchmarks/random/b0_r5_c10_l10000_i50_ps0_25_pt0_33_j10_4.stl,0.336,32752,unsat
../resources/benchmarks/random/b0_r5_c10_l10000_i50_ps0_25_pt0_33_j10_5.stl,9.288,4330164.8,sat
../resources/benchmarks/random/b0_r5_c10_l10000_i50_ps0_25_pt0_33_j5_1.stl,0.35,39213.6,sat
../resources/benchmarks/random/b0_r5_c10_l10000_i50_ps0_25_pt0_33_j5_2.stl,0.372,59065.6,sat
../resources/benchmarks/random/b0_r5_c10_l10000_i50_ps0_25_pt0_33_j5_3.stl,0.356,39476,sat
../resources/benchmarks/random/b0_r5_c10_l10000_i50_ps0_25_pt0_33_j5_4.stl,0.346,35238.4,sat
../resources/benchmarks/random/b0_r5_c10_l10000_i50_ps0_25_pt0_33_j5_5.stl,0.322,17308,unsat
../resources/benchmarks/random/b0_r5_c10_l10000_i50_ps0_25_pt0_5_j10_1.stl,0.462,70565.6,sat
../resources/benchmarks/random/b0_r5_c10_l10000_i50_ps0_25_pt0_5_j10_2.stl,0.352,35572.8,unsat
../resources/benchmarks/random/b0_r5_c10_l10000_i50_ps0_25_pt0_5_j10_3.stl,0.33,17024,unsat
../resources/benchmarks/random/b0_r5_c10_l10000_i50_ps0_25_pt0_5_j10_4.stl,0.348,17020.8,unsat
../resources/benchmarks/random/b0_r5_c10_l10000_i50_ps0_25_pt0_5_j10_5.stl,0.338,16991.2,unsat
../resources/benchmarks/random/b0_r5_c10_l10000_i50_ps0_25_pt0_5_j5_1.stl,0.364,35544.8,sat
../resources/benchmarks/random/b0_r5_c10_l10000_i50_ps0_25_pt0_5_j5_2.stl,0.356,34905.6,sat
../resources/benchmarks/random/b0_r5_c10_l10000_i50_ps0_25_pt0_5_j5_3.stl,0.35,35568.8,sat
../resources/benchmarks/random/b0_r5_c10_l10000_i50_ps0_25_pt0_5_j5_4.stl,0.358,44728,sat
../resources/benchmarks/random/b0_r5_c10_l10000_i50_ps0_25_pt0_5_j5_5.stl,0.326,17928,sat
../resources/benchmarks/random/b0_r5_c10_l10000_i50_ps0_25_pt0_75_j10_1.stl,-1,-1,TO
../resources/benchmarks/random/b0_r5_c10_l10000_i50_ps0_25_pt0_75_j10_2.stl,0.352,35858.4,unsat
../resources/benchmarks/random/b0_r5_c10_l10000_i50_ps0_25_pt0_75_j10_3.stl,0.324,17623.2,unsat
../resources/benchmarks/random/b0_r5_c10_l10000_i50_ps0_25_pt0_75_j10_4.stl,0.352,16984.8,unsat
../resources/benchmarks/random/b0_r5_c10_l10000_i50_ps0_25_pt0_75_j10_5.stl,0.372,37931.2,unsat
../resources/benchmarks/random/b0_r5_c10_l10000_i50_ps0_25_pt0_75_j5_1.stl,0.342,32438.4,unsat
../resources/benchmarks/random/b0_r5_c10_l10000_i50_ps0_25_pt0_75_j5_2.stl,0.334,34281.6,sat
../resources/benchmarks/random/b0_r5_c10_l10000_i50_ps0_25_pt0_75_j5_3.stl,0.44,125495.2,sat
../resources/benchmarks/random/b0_r5_c10_l10000_i50_ps0_25_pt0_75_j5_4.stl,0.40599999999999997,71024,sat
../resources/benchmarks/random/b0_r5_c10_l10000_i50_ps0_25_pt0_75_j5_5.stl,0.392,70805.6,sat
../resources/benchmarks/random/b0_r5_c10_l10000_i50_ps0_25_pt0_95_j10_1.stl,-1,-1,TO
../resources/benchmarks/random/b0_r5_c10_l10000_i50_ps0_25_pt0_95_j10_2.stl,0.358,17029.6,unsat
../resources/benchmarks/random/b0_r5_c10_l10000_i50_ps0_25_pt0_95_j10_3.stl,0.414,70597.6,sat
../resources/benchmarks/random/b0_r5_c10_l10000_i50_ps0_25_pt0_95_j10_4.stl,0.34800000000000003,33982.4,unsat
../resources/benchmarks/random/b0_r5_c10_l10000_i50_ps0_25_pt0_95_j10_5.stl,-1,-1,TO
../resources/benchmarks/random/b0_r5_c10_l10000_i50_ps0_25_pt0_95_j5_1.stl,0.376,45240.8,sat
../resources/benchmarks/random/b0_r5_c10_l10000_i50_ps0_25_pt0_95_j5_2.stl,0.362,50540.8,sat
../resources/benchmarks/random/b0_r5_c10_l10000_i50_ps0_25_pt0_95_j5_3.stl,0.33,17628,unsat
../resources/benchmarks/random/b0_r5_c10_l10000_i50_ps0_25_pt0_95_j5_4.stl,0.368,37635.2,unsat
../resources/benchmarks/random/b0_r5_c10_l10000_i50_ps0_25_pt0_95_j5_5.stl,0.452,70886.4,sat
../resources/benchmarks/random/b0_r5_c10_l10000_i50_ps0_2_pt0_33_j10_1.stl,0.356,35564.8,unsat
../resources/benchmarks/random/b0_r5_c10_l10000_i50_ps0_2_pt0_33_j10_2.stl,0.366,32752,unsat
../resources/benchmarks/random/b0_r5_c10_l10000_i50_ps0_2_pt0_33_j10_3.stl,0.356,32733.6,unsat
../resources/benchmarks/random/b0_r5_c10_l10000_i50_ps0_2_pt0_33_j10_4.stl,0.376,47762.4,sat
../resources/benchmarks/random/b0_r5_c10_l10000_i50_ps0_2_pt0_33_j10_5.stl,0.344,17026.4,unsat
../resources/benchmarks/random/b0_r5_c10_l10000_i50_ps0_2_pt0_33_j5_1.stl,0.358,40131.2,sat
../resources/benchmarks/random/b0_r5_c10_l10000_i50_ps0_2_pt0_33_j5_2.stl,0.35,38576.8,sat
../resources/benchmarks/random/b0_r5_c10_l10000_i50_ps0_2_pt0_33_j5_3.stl,0.368,47180,sat
../resources/benchmarks/random/b0_r5_c10_l10000_i50_ps0_2_pt0_33_j5_4.stl,0.368,35230.4,sat
../resources/benchmarks/random/b0_r5_c10_l10000_i50_ps0_2_pt0_33_j5_5.stl,0.354,47764.8,sat
../resources/benchmarks/random/b0_r5_c10_l10000_i50_ps0_2_pt0_5_j10_1.stl,94.554,4376230.4,sat
../resources/benchmarks/random/b0_r5_c10_l10000_i50_ps0_2_pt0_5_j10_2.stl,8.016,4364892.8,sat
../resources/benchmarks/random/b0_r5_c10_l10000_i50_ps0_2_pt0_5_j10_3.stl,0.364,35551.2,unsat
../resources/benchmarks/random/b0_r5_c10_l10000_i50_ps0_2_pt0_5_j10_4.stl,0.35,39525.6,unsat
../resources/benchmarks/random/b0_r5_c10_l10000_i50_ps0_2_pt0_5_j10_5.stl,0.356,45251.2,unsat
../resources/benchmarks/random/b0_r5_c10_l10000_i50_ps0_2_pt0_5_j5_1.stl,0.34400000000000003,35572.8,unsat
../resources/benchmarks/random/b0_r5_c10_l10000_i50_ps0_2_pt0_5_j5_2.stl,0.382,70568,sat
../resources/benchmarks/random/b0_r5_c10_l10000_i50_ps0_2_pt0_5_j5_3.stl,0.356,47398.4,sat
../resources/benchmarks/random/b0_r5_c10_l10000_i50_ps0_2_pt0_5_j5_4.stl,0.342,40721.6,sat
../resources/benchmarks/random/b0_r5_c10_l10000_i50_ps0_2_pt0_5_j5_5.stl,0.338,39478.4,sat
../resources/benchmarks/random/b0_r5_c10_l10000_i50_ps0_2_pt0_75_j10_1.stl,0.386,27722.4,unsat
../resources/benchmarks/random/b0_r5_c10_l10000_i50_ps0_2_pt0_75_j10_2.stl,0.828,127127.2,sat
../resources/benchmarks/random/b0_r5_c10_l10000_i50_ps0_2_pt0_75_j10_3.stl,0.49,122404,sat
../resources/benchmarks/random/b0_r5_c10_l10000_i50_ps0_2_pt0_75_j10_4.stl,0.374,71067.2,unsat
../resources/benchmarks/random/b0_r5_c10_l10000_i50_ps0_2_pt0_75_j10_5.stl,0.362,69410.4,sat
../resources/benchmarks/random/b0_r5_c10_l10000_i50_ps0_2_pt0_75_j5_1.stl,0.586,124113.6,sat
../resources/benchmarks/random/b0_r5_c10_l10000_i50_ps0_2_pt0_75_j5_2.stl,0.338,43172,sat
../resources/benchmarks/random/b0_r5_c10_l10000_i50_ps0_2_pt0_75_j5_3.stl,0.40599999999999997,82786.4,sat
../resources/benchmarks/random/b0_r5_c10_l10000_i50_ps0_2_pt0_75_j5_4.stl,0.366,37630.4,unsat
../resources/benchmarks/random/b0_r5_c10_l10000_i50_ps0_2_pt0_75_j5_5.stl,4.516,3469970.4,sat
../resources/benchmarks/random/b0_r5_c10_l10000_i50_ps0_2_pt0_95_j10_1.stl,0.636,124198.4,sat
../resources/benchmarks/random/b0_r5_c10_l10000_i50_ps0_2_pt0_95_j10_2.stl,1.1219999999999999,128748.8,sat
../resources/benchmarks/random/b0_r5_c10_l10000_i50_ps0_2_pt0_95_j10_3.stl,9.426,4878490.4,sat
../resources/benchmarks/random/b0_r5_c10_l10000_i50_ps0_2_pt0_95_j10_4.stl,5.636,4213387.2,sat
../resources/benchmarks/random/b0_r5_c10_l10000_i50_ps0_2_pt0_95_j10_5.stl,0.488,88022.4,sat
../resources/benchmarks/random/b0_r5_c10_l10000_i50_ps0_2_pt0_95_j5_1.stl,0.364,40060,sat
../resources/benchmarks/random/b0_r5_c10_l10000_i50_ps0_2_pt0_95_j5_2.stl,0.362,49185.6,sat
../resources/benchmarks/random/b0_r5_c10_l10000_i50_ps0_2_pt0_95_j5_3.stl,0.602,122123.2,sat
../resources/benchmarks/random/b0_r5_c10_l10000_i50_ps0_2_pt0_95_j5_4.stl,1.6,1022224.8,sat
../resources/benchmarks/random/b0_r5_c10_l10000_i50_ps0_2_pt0_95_j5_5.stl,4.91,4068430.4,sat
../resources/benchmarks/random/b0_r5_c10_l1000_i1000_ps0_05_pt0_33_j10_1.stl,0.582,53619.2,unsat
../resources/benchmarks/random/b0_r5_c10_l1000_i1000_ps0_05_pt0_33_j10_2.stl,1.6239999999999999,154400,sat
../resources/benchmarks/random/b0_r5_c10_l1000_i1000_ps0_05_pt0_33_j10_3.stl,-1,-1,TO
../resources/benchmarks/random/b0_r5_c10_l1000_i1000_ps0_05_pt0_33_j10_4.stl,-1,-1,TO
../resources/benchmarks/random/b0_r5_c10_l1000_i1000_ps0_05_pt0_33_j10_5.stl,0.422,38614.4,unsat
../resources/benchmarks/random/b0_r5_c10_l1000_i1000_ps0_05_pt0_33_j5_1.stl,0.388,39554.4,sat
../resources/benchmarks/random/b0_r5_c10_l1000_i1000_ps0_05_pt0_33_j5_2.stl,-1,-1,TO
../resources/benchmarks/random/b0_r5_c10_l1000_i1000_ps0_05_pt0_33_j5_3.stl,0.442,41090.4,sat
../resources/benchmarks/random/b0_r5_c10_l1000_i1000_ps0_05_pt0_33_j5_4.stl,-1,-1,TO
../resources/benchmarks/random/b0_r5_c10_l1000_i1000_ps0_05_pt0_33_j5_5.stl,5.496,543616.8,sat
../resources/benchmarks/random/b0_r5_c10_l1000_i1000_ps0_05_pt0_5_j10_1.stl,-1,-1,TO
../resources/benchmarks/random/b0_r5_c10_l1000_i1000_ps0_05_pt0_5_j10_2.stl,0.394,37073.6,unsat
../resources/benchmarks/random/b0_r5_c10_l1000_i1000_ps0_05_pt0_5_j10_3.stl,0.384,37079.2,unsat
../resources/benchmarks/random/b0_r5_c10_l1000_i1000_ps0_05_pt0_5_j10_4.stl,-1,-1,TO
../resources/benchmarks/random/b0_r5_c10_l1000_i1000_ps0_05_pt0_5_j10_5.stl,0.41,37082.4,unsat
../resources/benchmarks/random/b0_r5_c10_l1000_i1000_ps0_05_pt0_5_j5_1.stl,0.858,129790.4,sat
../resources/benchmarks/random/b0_r5_c10_l1000_i1000_ps0_05_pt0_5_j5_2.stl,0.412,39563.2,sat
../resources/benchmarks/random/b0_r5_c10_l1000_i1000_ps0_05_pt0_5_j5_3.stl,17.948,570389.6,sat
../resources/benchmarks/random/b0_r5_c10_l1000_i1000_ps0_05_pt0_5_j5_4.stl,-1,-1,TO
../resources/benchmarks/random/b0_r5_c10_l1000_i1000_ps0_05_pt0_5_j5_5.stl,1.516,102286.4,sat
../resources/benchmarks/random/b0_r5_c10_l1000_i1000_ps0_05_pt0_75_j10_1.stl,-1,-1,TO
../resources/benchmarks/random/b0_r5_c10_l1000_i1000_ps0_05_pt0_75_j10_2.stl,0.912,128565.6,unsat
../resources/benchmarks/random/b0_r5_c10_l1000_i1000_ps0_05_pt0_75_j10_3.stl,-1,-1,TO
../resources/benchmarks/random/b0_r5_c10_l1000_i1000_ps0_05_pt0_75_j10_4.stl,0.398,36786.4,unsat
../resources/benchmarks/random/b0_r5_c10_l1000_i1000_ps0_05_pt0_75_j10_5.stl,0.39,37084.8,unsat
../resources/benchmarks/random/b0_r5_c10_l1000_i1000_ps0_05_pt0_75_j5_1.stl,-1,-1,TO
../resources/benchmarks/random/b0_r5_c10_l1000_i1000_ps0_05_pt0_75_j5_2.stl,-1,-1,TO
../resources/benchmarks/random/b0_r5_c10_l1000_i1000_ps0_05_pt0_75_j5_3.stl,50.066,416744.8,sat
../resources/benchmarks/random/b0_r5_c10_l1000_i1000_ps0_05_pt0_75_j5_4.stl,-1,-1,TO
../resources/benchmarks/random/b0_r5_c10_l1000_i1000_ps0_05_pt0_75_j5_5.stl,-1,-1,TO
../resources/benchmarks/random/b0_r5_c10_l1000_i1000_ps0_05_pt0_95_j10_1.stl,-1,-1,TO
../resources/benchmarks/random/b0_r5_c10_l1000_i1000_ps0_05_pt0_95_j10_2.stl,-1,-1,TO
../resources/benchmarks/random/b0_r5_c10_l1000_i1000_ps0_05_pt0_95_j10_3.stl,-1,-1,TO
../resources/benchmarks/random/b0_r5_c10_l1000_i1000_ps0_05_pt0_95_j10_4.stl,0.4,39569.6,unsat
../resources/benchmarks/random/b0_r5_c10_l1000_i1000_ps0_05_pt0_95_j10_5.stl,-1,-1,TO
../resources/benchmarks/random/b0_r5_c10_l1000_i1000_ps0_05_pt0_95_j5_1.stl,3.444,932506.4,sat
../resources/benchmarks/random/b0_r5_c10_l1000_i1000_ps0_05_pt0_95_j5_2.stl,-1,-1,TO
../resources/benchmarks/random/b0_r5_c10_l1000_i1000_ps0_05_pt0_95_j5_3.stl,-1,-1,TO
../resources/benchmarks/random/b0_r5_c10_l1000_i1000_ps0_05_pt0_95_j5_4.stl,-1,-1,TO
../resources/benchmarks/random/b0_r5_c10_l1000_i1000_ps0_05_pt0_95_j5_5.stl,26.412,628368,sat
../resources/benchmarks/random/b0_r5_c10_l1000_i1000_ps0_15_pt0_33_j10_1.stl,0.38,40728.8,sat
../resources/benchmarks/random/b0_r5_c10_l1000_i1000_ps0_15_pt0_33_j10_2.stl,0.386,49632.8,sat
../resources/benchmarks/random/b0_r5_c10_l1000_i1000_ps0_15_pt0_33_j10_3.stl,62.684,858839.2,sat
../resources/benchmarks/random/b0_r5_c10_l1000_i1000_ps0_15_pt0_33_j10_4.stl,0.456,80359.2,sat
../resources/benchmarks/random/b0_r5_c10_l1000_i1000_ps0_15_pt0_33_j10_5.stl,0.336,17003.2,unsat
../resources/benchmarks/random/b0_r5_c10_l1000_i1000_ps0_15_pt0_33_j5_1.stl,1.268,365124.8,sat
../resources/benchmarks/random/b0_r5_c10_l1000_i1000_ps0_15_pt0_33_j5_2.stl,0.346,35539.2,unsat
../resources/benchmarks/random/b0_r5_c10_l1000_i1000_ps0_15_pt0_33_j5_3.stl,0.34,41358.4,sat
../resources/benchmarks/random/b0_r5_c10_l1000_i1000_ps0_15_pt0_33_j5_4.stl,0.352,36480.8,sat
../resources/benchmarks/random/b0_r5_c10_l1000_i1000_ps0_15_pt0_33_j5_5.stl,0.634,88357.6,sat
../resources/benchmarks/random/b0_r5_c10_l1000_i1000_ps0_15_pt0_5_j10_1.stl,39.462,569788,sat
../resources/benchmarks/random/b0_r5_c10_l1000_i1000_ps0_15_pt0_5_j10_2.stl,0.40399999999999997,79727.2,sat
../resources/benchmarks/random/b0_r5_c10_l1000_i1000_ps0_15_pt0_5_j10_3.stl,0.336,17016.8,unsat
../resources/benchmarks/random/b0_r5_c10_l1000_i1000_ps0_15_pt0_5_j10_4.stl,17.55,3091299.2,sat
../resources/benchmarks/random/b0_r5_c10_l1000_i1000_ps0_15_pt0_5_j10_5.stl,-1,-1,TO
../resources/benchmarks/random/b0_r5_c10_l1000_i1000_ps0_15_pt0_5_j5_1.stl,25.4,931628,sat
../resources/benchmarks/random/b0_r5_c10_l1000_i1000_ps0_15_pt0_5_j5_2.stl,0.36,37991.2,sat
../resources/benchmarks/random/b0_r5_c10_l1000_i1000_ps0_15_pt0_5_j5_3.stl,0.358,35555.2,sat
../resources/benchmarks/random/b0_r5_c10_l1000_i1000_ps0_15_pt0_5_j5_4.stl,0.508,86501.6,sat
../resources/benchmarks/random/b0_r5_c10_l1000_i1000_ps0_15_pt0_5_j5_5.stl,81.94,507060,sat
../resources/benchmarks/random/b0_r5_c10_l1000_i1000_ps0_15_pt0_75_j10_1.stl,-1,-1,TO
../resources/benchmarks/random/b0_r5_c10_l1000_i1000_ps0_15_pt0_75_j10_2.stl,1.212,441308.8,sat
../resources/benchmarks/random/b0_r5_c10_l1000_i1000_ps0_15_pt0_75_j10_3.stl,0.48,84032,unsat
../resources/benchmarks/random/b0_r5_c10_l1000_i1000_ps0_15_pt0_75_j10_4.stl,0.35,17005.6,unsat
../resources/benchmarks/random/b0_r5_c10_l1000_i1000_ps0_15_pt0_75_j10_5.stl,0.832,206593.6,unsat
../resources/benchmarks/random/b0_r5_c10_l1000_i1000_ps0_15_pt0_75_j5_1.stl,0.756,373752.8,sat
../resources/benchmarks/random/b0_r5_c10_l1000_i1000_ps0_15_pt0_75_j5_2.stl,0.952,338375.2,sat
../resources/benchmarks/random/b0_r5_c10_l1000_i1000_ps0_15_pt0_75_j5_3.stl,3.136,320892,sat
../resources/benchmarks/random/b0_r5_c10_l1000_i1000_ps0_15_pt0_75_j5_4.stl,15.398,268976.8,sat
../resources/benchmarks/random/b0_r5_c10_l1000_i1000_ps0_15_pt0_75_j5_5.stl,10.688,448358.4,sat
../resources/benchmarks/random/b0_r5_c10_l1000_i1000_ps0_15_pt0_95_j10_1.stl,7.048,271408,sat
../resources/benchmarks/random/b0_r5_c10_l1000_i1000_ps0_15_pt0_95_j10_2.stl,-1,-1,TO
../resources/benchmarks/random/b0_r5_c10_l1000_i1000_ps0_15_pt0_95_j10_3.stl,0.356,35568,unsat
../resources/benchmarks/random/b0_r5_c10_l1000_i1000_ps0_15_pt0_95_j10_4.stl,4.82,675692,sat
../resources/benchmarks/random/b0_r5_c10_l1000_i1000_ps0_15_pt0_95_j10_5.stl,0.33,17927.2,unsat
../resources/benchmarks/random/b0_r5_c10_l1000_i1000_ps0_15_pt0_95_j5_1.stl,0.36,59478.4,sat
../resources/benchmarks/random/b0_r5_c10_l1000_i1000_ps0_15_pt0_95_j5_2.stl,-1,-1,TO
../resources/benchmarks/random/b0_r5_c10_l1000_i1000_ps0_15_pt0_95_j5_3.stl,0.356,37961.6,sat
../resources/benchmarks/random/b0_r5_c10_l1000_i1000_ps0_15_pt0_95_j5_4.stl,0.592,120580.8,sat
../resources/benchmarks/random/b0_r5_c10_l1000_i1000_ps0_15_pt0_95_j5_5.stl,93.714,479061.6,sat
../resources/benchmarks/random/b0_r5_c10_l1000_i1000_ps0_1_pt0_33_j10_1.stl,5.598,133431.2,sat
../resources/benchmarks/random/b0_r5_c10_l1000_i1000_ps0_1_pt0_33_j10_2.stl,1.25,219132.8,sat
../resources/benchmarks/random/b0_r5_c10_l1000_i1000_ps0_1_pt0_33_j10_3.stl,80.872,7888096,sat
../resources/benchmarks/random/b0_r5_c10_l1000_i1000_ps0_1_pt0_33_j10_4.stl,0.326,17943.2,unsat
../resources/benchmarks/random/b0_r5_c10_l1000_i1000_ps0_1_pt0_33_j10_5.stl,0.34800000000000003,34630.4,sat
../resources/benchmarks/random/b0_r5_c10_l1000_i1000_ps0_1_pt0_33_j5_1.stl,0.362,39840,sat
../resources/benchmarks/random/b0_r5_c10_l1000_i1000_ps0_1_pt0_33_j5_2.stl,0.364,36192.8,sat
../resources/benchmarks/random/b0_r5_c10_l1000_i1000_ps0_1_pt0_33_j5_3.stl,72.77,728228.8,sat
../resources/benchmarks/random/b0_r5_c10_l1000_i1000_ps0_1_pt0_33_j5_4.stl,-1,-1,TO
../resources/benchmarks/random/b0_r5_c10_l1000_i1000_ps0_1_pt0_33_j5_5.stl,-1,-1,TO
../resources/benchmarks/random/b0_r5_c10_l1000_i1000_ps0_1_pt0_5_j10_1.stl,1.714,415742.4,unsat
../resources/benchmarks/random/b0_r5_c10_l1000_i1000_ps0_1_pt0_5_j10_2.stl,64.11,1101477.6,sat
../resources/benchmarks/random/b0_r5_c10_l1000_i1000_ps0_1_pt0_5_j10_3.stl,0.352,17016,unsat
../resources/benchmarks/random/b0_r5_c10_l1000_i1000_ps0_1_pt0_5_j10_4.stl,58.188,381333.6,sat
../resources/benchmarks/random/b0_r5_c10_l1000_i1000_ps0_1_pt0_5_j10_5.stl,-1,-1,TO
../resources/benchmarks/random/b0_r5_c10_l1000_i1000_ps0_1_pt0_5_j5_1.stl,2.664,149455.2,sat
../resources/benchmarks/random/b0_r5_c10_l1000_i1000_ps0_1_pt0_5_j5_2.stl,-1,-1,TO
../resources/benchmarks/random/b0_r5_c10_l1000_i1000_ps0_1_pt0_5_j5_3.stl,0.404,65582.4,sat
../resources/benchmarks/random/b0_r5_c10_l1000_i1000_ps0_1_pt0_5_j5_4.stl,-1,-1,TO
../resources/benchmarks/random/b0_r5_c10_l1000_i1000_ps0_1_pt0_5_j5_5.stl,2.452,136548.8,sat
../resources/benchmarks/random/b0_r5_c10_l1000_i1000_ps0_1_pt0_75_j10_1.stl,0.34,17008.8,unsat
../resources/benchmarks/random/b0_r5_c10_l1000_i1000_ps0_1_pt0_75_j10_2.stl,-1,-1,TO
../resources/benchmarks/random/b0_r5_c10_l1000_i1000_ps0_1_pt0_75_j10_3.stl,0.372,39840.8,unsat
../resources/benchmarks/random/b0_r5_c10_l1000_i1000_ps0_1_pt0_75_j10_4.stl,-1,-1,TO
../resources/benchmarks/random/b0_r5_c10_l1000_i1000_ps0_1_pt0_75_j10_5.stl,-1,-1,TO
../resources/benchmarks/random/b0_r5_c10_l1000_i1000_ps0_1_pt0_75_j5_1.stl,0.35,37100,sat
../resources/benchmarks/random/b0_r5_c10_l1000_i1000_ps0_1_pt0_75_j5_2.stl,0.322,17620,unsat
../resources/benchmarks/random/b0_r5_c10_l1000_i1000_ps0_1_pt0_75_j5_3.stl,-1,-1,TO
../resources/benchmarks/random/b0_r5_c10_l1000_i1000_ps0_1_pt0_75_j5_4.stl,24.26,1072276,sat
../resources/benchmarks/random/b0_r5_c10_l1000_i1000_ps0_1_pt0_75_j5_5.stl,115.348,472324.8,sat
../resources/benchmarks/random/b0_r5_c10_l1000_i1000_ps0_1_pt0_95_j10_1.stl,2.388,467084.8,sat
../resources/benchmarks/random/b0_r5_c10_l1000_i1000_ps0_1_pt0_95_j10_2.stl,-1,-1,TO
../resources/benchmarks/random/b0_r5_c10_l1000_i1000_ps0_1_pt0_95_j10_3.stl,0.344,18246.4,unsat
../resources/benchmarks/random/b0_r5_c10_l1000_i1000_ps0_1_pt0_95_j10_4.stl,-1,-1,TO
../resources/benchmarks/random/b0_r5_c10_l1000_i1000_ps0_1_pt0_95_j10_5.stl,-1,-1,TO
../resources/benchmarks/random/b0_r5_c10_l1000_i1000_ps0_1_pt0_95_j5_1.stl,23.586,2371575.2,sat
../resources/benchmarks/random/b0_r5_c10_l1000_i1000_ps0_1_pt0_95_j5_2.stl,4.616,1232442.4,sat
../resources/benchmarks/random/b0_r5_c10_l1000_i1000_ps0_1_pt0_95_j5_3.stl,-1,-1,TO
../resources/benchmarks/random/b0_r5_c10_l1000_i1000_ps0_1_pt0_95_j5_4.stl,0.358,43165.6,sat
../resources/benchmarks/random/b0_r5_c10_l1000_i1000_ps0_1_pt0_95_j5_5.stl,2.288,668911.2,sat
../resources/benchmarks/random/b0_r5_c10_l1000_i1000_ps0_25_pt0_33_j10_1.stl,0.372,19812,unsat
../resources/benchmarks/random/b0_r5_c10_l1000_i1000_ps0_25_pt0_33_j10_2.stl,0.454,115343.2,sat
../resources/benchmarks/random/b0_r5_c10_l1000_i1000_ps0_25_pt0_33_j10_3.stl,0.346,33353.6,unsat
../resources/benchmarks/random/b0_r5_c10_l1000_i1000_ps0_25_pt0_33_j10_4.stl,0.358,37710.4,sat
../resources/benchmarks/random/b0_r5_c10_l1000_i1000_ps0_25_pt0_33_j10_5.stl,0.448,106135.2,sat
../resources/benchmarks/random/b0_r5_c10_l1000_i1000_ps0_25_pt0_33_j5_1.stl,0.362,40759.2,sat
../resources/benchmarks/random/b0_r5_c10_l1000_i1000_ps0_25_pt0_33_j5_2.stl,0.354,34925.6,sat
../resources/benchmarks/random/b0_r5_c10_l1000_i1000_ps0_25_pt0_33_j5_3.stl,0.336,40095.2,sat
../resources/benchmarks/random/b0_r5_c10_l1000_i1000_ps0_25_pt0_33_j5_4.stl,0.33,35573.6,sat
../resources/benchmarks/random/b0_r5_c10_l1000_i1000_ps0_25_pt0_33_j5_5.stl,0.372,70563.2,sat
../resources/benchmarks/random/b0_r5_c10_l1000_i1000_ps0_25_pt0_5_j10_1.stl,0.35,52383.2,sat
../resources/benchmarks/random/b0_r5_c10_l1000_i1000_ps0_25_pt0_5_j10_2.stl,0.424,116614.4,sat
../resources/benchmarks/random/b0_r5_c10_l1000_i1000_ps0_25_pt0_5_j10_3.stl,-1,-1,TO
../resources/benchmarks/random/b0_r5_c10_l1000_i1000_ps0_25_pt0_5_j10_4.stl,0.36,17032.8,unsat
../resources/benchmarks/random/b0_r5_c10_l1000_i1000_ps0_25_pt0_5_j10_5.stl,0.34,16984,unsat
../resources/benchmarks/random/b0_r5_c10_l1000_i1000_ps0_25_pt0_5_j5_1.stl,0.384,55494.4,sat
../resources/benchmarks/random/b0_r5_c10_l1000_i1000_ps0_25_pt0_5_j5_2.stl,0.342,38240,unsat
../resources/benchmarks/random/b0_r5_c10_l1000_i1000_ps0_25_pt0_5_j5_3.stl,0.35,43162.4,sat
../resources/benchmarks/random/b0_r5_c10_l1000_i1000_ps0_25_pt0_5_j5_4.stl,0.338,35250.4,sat
../resources/benchmarks/random/b0_r5_c10_l1000_i1000_ps0_25_pt0_5_j5_5.stl,0.332,34948,sat
../resources/benchmarks/random/b0_r5_c10_l1000_i1000_ps0_25_pt0_75_j10_1.stl,11.338000000000001,2640373.6,sat
../resources/benchmarks/random/b0_r5_c10_l1000_i1000_ps0_25_pt0_75_j10_2.stl,0.336,17024,unsat
../resources/benchmarks/random/b0_r5_c10_l1000_i1000_ps0_25_pt0_75_j10_3.stl,4.156,548820.8,sat
../resources/benchmarks/random/b0_r5_c10_l1000_i1000_ps0_25_pt0_75_j10_4.stl,1.806,441949.6,sat
../resources/benchmarks/random/b0_r5_c10_l1000_i1000_ps0_25_pt0_75_j10_5.stl,59.83,1846521.6,sat
../resources/benchmarks/random/b0_r5_c10_l1000_i1000_ps0_25_pt0_75_j5_1.stl,0.35000000000000003,41016.8,sat
../resources/benchmarks/random/b0_r5_c10_l1000_i1000_ps0_25_pt0_75_j5_2.stl,0.328,32430.4,unsat
../resources/benchmarks/random/b0_r5_c10_l1000_i1000_ps0_25_pt0_75_j5_3.stl,0.93,343602.4,sat
../resources/benchmarks/random/b0_r5_c10_l1000_i1000_ps0_25_pt0_75_j5_4.stl,0.404,54545.6,sat
../resources/benchmarks/random/b0_r5_c10_l1000_i1000_ps0_25_pt0_75_j5_5.stl,-1,-1,TO
../resources/benchmarks/random/b0_r5_c10_l1000_i1000_ps0_25_pt0_95_j10_1.stl,2.652,554944.8,sat
../resources/benchmarks/random/b0_r5_c10_l1000_i1000_ps0_25_pt0_95_j10_2.stl,0.374,39231.2,unsat
../resources/benchmarks/random/b0_r5_c10_l1000_i1000_ps0_25_pt0_95_j10_3.stl,85.368,1129995.2,unsat
../resources/benchmarks/random/b0_r5_c10_l1000_i1000_ps0_25_pt0_95_j10_4.stl,-1,-1,TO
../resources/benchmarks/random/b0_r5_c10_l1000_i1000_ps0_25_pt0_95_j10_5.stl,0.336,17007.2,unsat
../resources/benchmarks/random/b0_r5_c10_l1000_i1000_ps0_25_pt0_95_j5_1.stl,1.076,488941.6,sat
../resources/benchmarks/random/b0_r5_c10_l1000_i1000_ps0_25_pt0_95_j5_2.stl,0.36,40092.8,sat
../resources/benchmarks/random/b0_r5_c10_l1000_i1000_ps0_25_pt0_95_j5_3.stl,0.36,42270.4,sat
../resources/benchmarks/random/b0_r5_c10_l1000_i1000_ps0_25_pt0_95_j5_4.stl,1.39,438227.2,sat
../resources/benchmarks/random/b0_r5_c10_l1000_i1000_ps0_25_pt0_95_j5_5.stl,31.726,289848,sat
../resources/benchmarks/random/b0_r5_c10_l1000_i1000_ps0_2_pt0_33_j10_1.stl,0.34600000000000003,44713.6,sat
../resources/benchmarks/random/b0_r5_c10_l1000_i1000_ps0_2_pt0_33_j10_2.stl,0.352,36144,unsat
../resources/benchmarks/random/b0_r5_c10_l1000_i1000_ps0_2_pt0_33_j10_3.stl,0.37,51172.8,sat
../resources/benchmarks/random/b0_r5_c10_l1000_i1000_ps0_2_pt0_33_j10_4.stl,0.326,17917.6,unsat
../resources/benchmarks/random/b0_r5_c10_l1000_i1000_ps0_2_pt0_33_j10_5.stl,39.084,666540.8,sat
../resources/benchmarks/random/b0_r5_c10_l1000_i1000_ps0_2_pt0_33_j5_1.stl,0.354,38006.4,sat
../resources/benchmarks/random/b0_r5_c10_l1000_i1000_ps0_2_pt0_33_j5_2.stl,0.344,34004.8,unsat
../resources/benchmarks/random/b0_r5_c10_l1000_i1000_ps0_2_pt0_33_j5_3.stl,0.34800000000000003,38571.2,sat
../resources/benchmarks/random/b0_r5_c10_l1000_i1000_ps0_2_pt0_33_j5_4.stl,0.34,35559.2,sat
../resources/benchmarks/random/b0_r5_c10_l1000_i1000_ps0_2_pt0_33_j5_5.stl,0.338,35246.4,sat
../resources/benchmarks/random/b0_r5_c10_l1000_i1000_ps0_2_pt0_5_j10_1.stl,0.352,40740,unsat
../resources/benchmarks/random/b0_r5_c10_l1000_i1000_ps0_2_pt0_5_j10_2.stl,58.036,2198825.6,sat
../resources/benchmarks/random/b0_r5_c10_l1000_i1000_ps0_2_pt0_5_j10_3.stl,0.34,34263.2,unsat
../resources/benchmarks/random/b0_r5_c10_l1000_i1000_ps0_2_pt0_5_j10_4.stl,0.34,34623.2,unsat
../resources/benchmarks/random/b0_r5_c10_l1000_i1000_ps0_2_pt0_5_j10_5.stl,0.428,68054.4,sat
../resources/benchmarks/random/b0_r5_c10_l1000_i1000_ps0_2_pt0_5_j5_1.stl,0.338,40747.2,sat
../resources/benchmarks/random/b0_r5_c10_l1000_i1000_ps0_2_pt0_5_j5_2.stl,8.486,154696,sat
../resources/benchmarks/random/b0_r5_c10_l1000_i1000_ps0_2_pt0_5_j5_3.stl,0.342,17032,unsat
../resources/benchmarks/random/b0_r5_c10_l1000_i1000_ps0_2_pt0_5_j5_4.stl,0.364,39176,sat
../resources/benchmarks/random/b0_r5_c10_l1000_i1000_ps0_2_pt0_5_j5_5.stl,0.328,17017.6,unsat
../resources/benchmarks/random/b0_r5_c10_l1000_i1000_ps0_2_pt0_75_j10_1.stl,3.122,486172.8,sat
../resources/benchmarks/random/b0_r5_c10_l1000_i1000_ps0_2_pt0_75_j10_2.stl,15.382,552831.2,sat
../resources/benchmarks/random/b0_r5_c10_l1000_i1000_ps0_2_pt0_75_j10_3.stl,-1,-1,TO
../resources/benchmarks/random/b0_r5_c10_l1000_i1000_ps0_2_pt0_75_j10_4.stl,-1,-1,TO
../resources/benchmarks/random/b0_r5_c10_l1000_i1000_ps0_2_pt0_75_j10_5.stl,0.352,33344,unsat
../resources/benchmarks/random/b0_r5_c10_l1000_i1000_ps0_2_pt0_75_j5_1.stl,1.202,426560,sat
../resources/benchmarks/random/b0_r5_c10_l1000_i1000_ps0_2_pt0_75_j5_2.stl,0.784,160500.8,sat
../resources/benchmarks/random/b0_r5_c10_l1000_i1000_ps0_2_pt0_75_j5_3.stl,0.344,44716,sat
../resources/benchmarks/random/b0_r5_c10_l1000_i1000_ps0_2_pt0_75_j5_4.stl,0.34600000000000003,38268.8,sat
../resources/benchmarks/random/b0_r5_c10_l1000_i1000_ps0_2_pt0_75_j5_5.stl,0.736,123976,sat
../resources/benchmarks/random/b0_r5_c10_l1000_i1000_ps0_2_pt0_95_j10_1.stl,1.396,543291.2,unsat
../resources/benchmarks/random/b0_r5_c10_l1000_i1000_ps0_2_pt0_95_j10_2.stl,0.384,68683.2,sat
../resources/benchmarks/random/b0_r5_c10_l1000_i1000_ps0_2_pt0_95_j10_3.stl,34.648,403528,sat
../resources/benchmarks/random/b0_r5_c10_l1000_i1000_ps0_2_pt0_95_j10_4.stl,0.566,188468.8,sat
../resources/benchmarks/random/b0_r5_c10_l1000_i1000_ps0_2_pt0_95_j10_5.stl,-1,-1,TO
../resources/benchmarks/random/b0_r5_c10_l1000_i1000_ps0_2_pt0_95_j5_1.stl,0.642,140859.2,sat
../resources/benchmarks/random/b0_r5_c10_l1000_i1000_ps0_2_pt0_95_j5_2.stl,1.332,406264.8,sat
../resources/benchmarks/random/b0_r5_c10_l1000_i1000_ps0_2_pt0_95_j5_3.stl,-1,-1,TO
../resources/benchmarks/random/b0_r5_c10_l1000_i1000_ps0_2_pt0_95_j5_4.stl,0.64,260699.2,sat
../resources/benchmarks/random/b0_r5_c10_l1000_i1000_ps0_2_pt0_95_j5_5.stl,0.372,43779.2,sat
../resources/benchmarks/random/b0_r5_c10_l1000_i50_ps0_05_pt0_33_j10_1.stl,38.64,589085.6,sat
../resources/benchmarks/random/b0_r5_c10_l1000_i50_ps0_05_pt0_33_j10_2.stl,4.204,325812.8,sat
../resources/benchmarks/random/b0_r5_c10_l1000_i50_ps0_05_pt0_33_j10_3.stl,0.458,44203.2,unsat
../resources/benchmarks/random/b0_r5_c10_l1000_i50_ps0_05_pt0_33_j10_4.stl,-1,-1,TO
../resources/benchmarks/random/b0_r5_c10_l1000_i50_ps0_05_pt0_33_j10_5.stl,1.218,218585.6,unsat
../resources/benchmarks/random/b0_r5_c10_l1000_i50_ps0_05_pt0_33_j5_1.stl,2.576,620398.4,sat
../resources/benchmarks/random/b0_r5_c10_l1000_i50_ps0_05_pt0_33_j5_2.stl,0.534,61898.4,sat
../resources/benchmarks/random/b0_r5_c10_l1000_i50_ps0_05_pt0_33_j5_3.stl,-1,-1,TO
../resources/benchmarks/random/b0_r5_c10_l1000_i50_ps0_05_pt0_33_j5_4.stl,1.95,574323.2,sat
../resources/benchmarks/random/b0_r5_c10_l1000_i50_ps0_05_pt0_33_j5_5.stl,0.476,67790.4,sat
../resources/benchmarks/random/b0_r5_c10_l1000_i50_ps0_05_pt0_5_j10_1.stl,-1,-1,TO
../resources/benchmarks/random/b0_r5_c10_l1000_i50_ps0_05_pt0_5_j10_2.stl,-1,-1,TO
../resources/benchmarks/random/b0_r5_c10_l1000_i50_ps0_05_pt0_5_j10_3.stl,0.934,90178.4,sat
../resources/benchmarks/random/b0_r5_c10_l1000_i50_ps0_05_pt0_5_j10_4.stl,-1,-1,TO
../resources/benchmarks/random/b0_r5_c10_l1000_i50_ps0_05_pt0_5_j10_5.stl,8.408,1018416,unsat
../resources/benchmarks/random/b0_r5_c10_l1000_i50_ps0_05_pt0_5_j5_1.stl,0.354,38298.4,sat
../resources/benchmarks/random/b0_r5_c10_l1000_i50_ps0_05_pt0_5_j5_2.stl,0.40599999999999997,40470.4,sat
../resources/benchmarks/random/b0_r5_c10_l1000_i50_ps0_05_pt0_5_j5_3.stl,-1,-1,TO
../resources/benchmarks/random/b0_r5_c10_l1000_i50_ps0_05_pt0_5_j5_4.stl,-1,-1,TO
../resources/benchmarks/random/b0_r5_c10_l1000_i50_ps0_05_pt0_5_j5_5.stl,3.986,671099.2,sat
../resources/benchmarks/random/b0_r5_c10_l1000_i50_ps0_05_pt0_75_j10_1.stl,-1,-1,TO
../resources/benchmarks/random/b0_r5_c10_l1000_i50_ps0_05_pt0_75_j10_2.stl,14.436,610900.8,sat
../resources/benchmarks/random/b0_r5_c10_l1000_i50_ps0_05_pt0_75_j10_3.stl,-1,-1,TO
../resources/benchmarks/random/b0_r5_c10_l1000_i50_ps0_05_pt0_75_j10_4.stl,-1,-1,TO
../resources/benchmarks/random/b0_r5_c10_l1000_i50_ps0_05_pt0_75_j10_5.stl,-1,-1,TO
../resources/benchmarks/random/b0_r5_c10_l1000_i50_ps0_05_pt0_75_j5_1.stl,8.092,1706351.2,sat
../resources/benchmarks/random/b0_r5_c10_l1000_i50_ps0_05_pt0_75_j5_2.stl,0.488,41106.4,unsat
../resources/benchmarks/random/b0_r5_c10_l1000_i50_ps0_05_pt0_75_j5_3.stl,0.366,35560.8,unsat
../resources/benchmarks/random/b0_r5_c10_l1000_i50_ps0_05_pt0_75_j5_4.stl,0.394,39544.8,sat
../resources/benchmarks/random/b0_r5_c10_l1000_i50_ps0_05_pt0_75_j5_5.stl,-1,-1,TO
../resources/benchmarks/random/b0_r5_c10_l1000_i50_ps0_05_pt0_95_j10_1.stl,0.454,40459.2,unsat
../resources/benchmarks/random/b0_r5_c10_l1000_i50_ps0_05_pt0_95_j10_2.stl,0.384,35552,unsat
../resources/benchmarks/random/b0_r5_c10_l1000_i50_ps0_05_pt0_95_j10_3.stl,0.544,43256.8,unsat
../resources/benchmarks/random/b0_r5_c10_l1000_i50_ps0_05_pt0_95_j10_4.stl,-1,-1,TO
../resources/benchmarks/random/b0_r5_c10_l1000_i50_ps0_05_pt0_95_j10_5.stl,18.866,614268.8,unsat
../resources/benchmarks/random/b0_r5_c10_l1000_i50_ps0_05_pt0_95_j5_1.stl,10.51,2349922.4,sat
../resources/benchmarks/random/b0_r5_c10_l1000_i50_ps0_05_pt0_95_j5_2.stl,15.91,1349076.8,sat
../resources/benchmarks/random/b0_r5_c10_l1000_i50_ps0_05_pt0_95_j5_3.stl,-1,-1,TO
../resources/benchmarks/random/b0_r5_c10_l1000_i50_ps0_05_pt0_95_j5_4.stl,-1,-1,TO
../resources/benchmarks/random/b0_r5_c10_l1000_i50_ps0_05_pt0_95_j5_5.stl,17.288,450836,sat
../resources/benchmarks/random/b0_r5_c10_l1000_i50_ps0_15_pt0_33_j10_1.stl,0.436,50541.6,sat
../resources/benchmarks/random/b0_r5_c10_l1000_i50_ps0_15_pt0_33_j10_2.stl,0.376,43465.6,sat
../resources/benchmarks/random/b0_r5_c10_l1000_i50_ps0_15_pt0_33_j10_3.stl,0.336,16990.4,unsat
../resources/benchmarks/random/b0_r5_c10_l1000_i50_ps0_15_pt0_33_j10_4.stl,-1,-1,TO
../resources/benchmarks/random/b0_r5_c10_l1000_i50_ps0_15_pt0_33_j10_5.stl,0.576,54865.6,sat
../resources/benchmarks/random/b0_r5_c10_l1000_i50_ps0_15_pt0_33_j5_1.stl,0.354,38869.6,sat
../resources/benchmarks/random/b0_r5_c10_l1000_i50_ps0_15_pt0_33_j5_2.stl,0.374,46560.8,sat
../resources/benchmarks/random/b0_r5_c10_l1000_i50_ps0_15_pt0_33_j5_3.stl,0.326,33665.6,sat
../resources/benchmarks/random/b0_r5_c10_l1000_i50_ps0_15_pt0_33_j5_4.stl,0.348,40721.6,sat
../resources/benchmarks/random/b0_r5_c10_l1000_i50_ps0_15_pt0_33_j5_5.stl,0.334,35872.8,sat
../resources/benchmarks/random/b0_r5_c10_l1000_i50_ps0_15_pt0_5_j10_1.stl,1.744,169732.8,sat
../resources/benchmarks/random/b0_r5_c10_l1000_i50_ps0_15_pt0_5_j10_2.stl,-1,-1,TO
../resources/benchmarks/random/b0_r5_c10_l1000_i50_ps0_15_pt0_5_j10_3.stl,1.01,73284,sat
../resources/benchmarks/random/b0_r5_c10_l1000_i50_ps0_15_pt0_5_j10_4.stl,15.682,704249.6,sat
../resources/benchmarks/random/b0_r5_c10_l1000_i50_ps0_15_pt0_5_j10_5.stl,0.37,39197.6,unsat
../resources/benchmarks/random/b0_r5_c10_l1000_i50_ps0_15_pt0_5_j5_1.stl,2.93,474471.2,sat
../resources/benchmarks/random/b0_r5_c10_l1000_i50_ps0_15_pt0_5_j5_2.stl,0.364,39183.2,sat
../resources/benchmarks/random/b0_r5_c10_l1000_i50_ps0_15_pt0_5_j5_3.stl,0.39,58223.2,sat
../resources/benchmarks/random/b0_r5_c10_l1000_i50_ps0_15_pt0_5_j5_4.stl,0.374,52680,sat
../resources/benchmarks/random/b0_r5_c10_l1000_i50_ps0_15_pt0_5_j5_5.stl,1.204,216720,sat
../resources/benchmarks/random/b0_r5_c10_l1000_i50_ps0_15_pt0_75_j10_1.stl,-1,-1,TO
../resources/benchmarks/random/b0_r5_c10_l1000_i50_ps0_15_pt0_75_j10_2.stl,0.352,35556,unsat
../resources/benchmarks/random/b0_r5_c10_l1000_i50_ps0_15_pt0_75_j10_3.stl,-1,-1,TO
../resources/benchmarks/random/b0_r5_c10_l1000_i50_ps0_15_pt0_75_j10_4.stl,-1,-1,TO
../resources/benchmarks/random/b0_r5_c10_l1000_i50_ps0_15_pt0_75_j10_5.stl,-1,-1,TO
../resources/benchmarks/random/b0_r5_c10_l1000_i50_ps0_15_pt0_75_j5_1.stl,0.834,60344,sat
../resources/benchmarks/random/b0_r5_c10_l1000_i50_ps0_15_pt0_75_j5_2.stl,0.442,54556,sat
../resources/benchmarks/random/b0_r5_c10_l1000_i50_ps0_15_pt0_75_j5_3.stl,4.232,481528,sat
../resources/benchmarks/random/b0_r5_c10_l1000_i50_ps0_15_pt0_75_j5_4.stl,0.384,54232.8,sat
../resources/benchmarks/random/b0_r5_c10_l1000_i50_ps0_15_pt0_75_j5_5.stl,1.906,433637.6,sat
../resources/benchmarks/random/b0_r5_c10_l1000_i50_ps0_15_pt0_95_j10_1.stl,-1,-1,TO
../resources/benchmarks/random/b0_r5_c10_l1000_i50_ps0_15_pt0_95_j10_2.stl,20.15,580739.2,sat
../resources/benchmarks/random/b0_r5_c10_l1000_i50_ps0_15_pt0_95_j10_3.stl,11.994,509804.8,sat
../resources/benchmarks/random/b0_r5_c10_l1000_i50_ps0_15_pt0_95_j10_4.stl,-1,-1,TO
../resources/benchmarks/random/b0_r5_c10_l1000_i50_ps0_15_pt0_95_j10_5.stl,0.502,59163.2,unsat
../resources/benchmarks/random/b0_r5_c10_l1000_i50_ps0_15_pt0_95_j5_1.stl,-1,-1,TO
../resources/benchmarks/random/b0_r5_c10_l1000_i50_ps0_15_pt0_95_j5_2.stl,2.2520000000000002,70596,sat
../resources/benchmarks/random/b0_r5_c10_l1000_i50_ps0_15_pt0_95_j5_3.stl,0.35,37665.6,sat
../resources/benchmarks/random/b0_r5_c10_l1000_i50_ps0_15_pt0_95_j5_4.stl,-1,-1,TO
../resources/benchmarks/random/b0_r5_c10_l1000_i50_ps0_15_pt0_95_j5_5.stl,0.53,210897.6,unsat
../resources/benchmarks/random/b0_r5_c10_l1000_i50_ps0_1_pt0_33_j10_1.stl,0.376,38903.2,unsat
../resources/benchmarks/random/b0_r5_c10_l1000_i50_ps0_1_pt0_33_j10_2.stl,0.394,38592,unsat
../resources/benchmarks/random/b0_r5_c10_l1000_i50_ps0_1_pt0_33_j10_3.stl,-1,-1,TO
../resources/benchmarks/random/b0_r5_c10_l1000_i50_ps0_1_pt0_33_j10_4.stl,0.348,17312.8,unsat
../resources/benchmarks/random/b0_r5_c10_l1000_i50_ps0_1_pt0_33_j10_5.stl,0.432,59148.8,sat
../resources/benchmarks/random/b0_r5_c10_l1000_i50_ps0_1_pt0_33_j5_1.stl,0.374,47490.4,sat
../resources/benchmarks/random/b0_r5_c10_l1000_i50_ps0_1_pt0_33_j5_2.stl,0.332,17008,unsat
../resources/benchmarks/random/b0_r5_c10_l1000_i50_ps0_1_pt0_33_j5_3.stl,0.352,35548.8,unsat
../resources/benchmarks/random/b0_r5_c10_l1000_i50_ps0_1_pt0_33_j5_4.stl,0.638,45386.4,sat
../resources/benchmarks/random/b0_r5_c10_l1000_i50_ps0_1_pt0_33_j5_5.stl,0.364,37077.6,sat
../resources/benchmarks/random/b0_r5_c10_l1000_i50_ps0_1_pt0_5_j10_1.stl,0.408,41996,sat
../resources/benchmarks/random/b0_r5_c10_l1000_i50_ps0_1_pt0_5_j10_2.stl,-1,-1,TO
../resources/benchmarks/random/b0_r5_c10_l1000_i50_ps0_1_pt0_5_j10_3.stl,0.5,102458.4,sat
../resources/benchmarks/random/b0_r5_c10_l1000_i50_ps0_1_pt0_5_j10_4.stl,19.872,445925.6,sat
../resources/benchmarks/random/b0_r5_c10_l1000_i50_ps0_1_pt0_5_j10_5.stl,30.592,205060,sat
../resources/benchmarks/random/b0_r5_c10_l1000_i50_ps0_1_pt0_5_j5_1.stl,0.482,65612.8,sat
../resources/benchmarks/random/b0_r5_c10_l1000_i50_ps0_1_pt0_5_j5_2.stl,45.03,4146409.6,sat
../resources/benchmarks/random/b0_r5_c10_l1000_i50_ps0_1_pt0_5_j5_3.stl,0.34,33048.8,unsat
../resources/benchmarks/random/b0_r5_c10_l1000_i50_ps0_1_pt0_5_j5_4.stl,0.504,181415.2,sat
../resources/benchmarks/random/b0_r5_c10_l1000_i50_ps0_1_pt0_5_j5_5.stl,0.356,36449.6,sat
../resources/benchmarks/random/b0_r5_c10_l1000_i50_ps0_1_pt0_75_j10_1.stl,0.5700000000000001,77598.4,sat
../resources/benchmarks/random/b0_r5_c10_l1000_i50_ps0_1_pt0_75_j10_2.stl,113.144,875378.4,sat
../resources/benchmarks/random/b0_r5_c10_l1000_i50_ps0_1_pt0_75_j10_3.stl,-1,-1,TO
../resources/benchmarks/random/b0_r5_c10_l1000_i50_ps0_1_pt0_75_j10_4.stl,-1,-1,TO
../resources/benchmarks/random/b0_r5_c10_l1000_i50_ps0_1_pt0_75_j10_5.stl,-1,-1,TO
../resources/benchmarks/random/b0_r5_c10_l1000_i50_ps0_1_pt0_75_j5_1.stl,0.432,55788,sat
../resources/benchmarks/random/b0_r5_c10_l1000_i50_ps0_1_pt0_75_j5_2.stl,0.438,104926.4,sat
../resources/benchmarks/random/b0_r5_c10_l1000_i50_ps0_1_pt0_75_j5_3.stl,0.734,68059.2,sat
../resources/benchmarks/random/b0_r5_c10_l1000_i50_ps0_1_pt0_75_j5_4.stl,17.826,852453.6,sat
../resources/benchmarks/random/b0_r5_c10_l1000_i50_ps0_1_pt0_75_j5_5.stl,2.586,644044.8,sat
../resources/benchmarks/random/b0_r5_c10_l1000_i50_ps0_1_pt0_95_j10_1.stl,0.35,35242.4,unsat
../resources/benchmarks/random/b0_r5_c10_l1000_i50_ps0_1_pt0_95_j10_2.stl,69.80799999999999,878742.4,sat
../resources/benchmarks/random/b0_r5_c10_l1000_i50_ps0_1_pt0_95_j10_3.stl,0.362,38359.2,unsat
../resources/benchmarks/random/b0_r5_c10_l1000_i50_ps0_1_pt0_95_j10_4.stl,9.0,483100.8,sat
../resources/benchmarks/random/b0_r5_c10_l1000_i50_ps0_1_pt0_95_j10_5.stl,0.348,35519.2,unsat
../resources/benchmarks/random/b0_r5_c10_l1000_i50_ps0_1_pt0_95_j5_1.stl,16.33,554356.8,sat
../resources/benchmarks/random/b0_r5_c10_l1000_i50_ps0_1_pt0_95_j5_2.stl,-1,-1,TO
../resources/benchmarks/random/b0_r5_c10_l1000_i50_ps0_1_pt0_95_j5_3.stl,60.24,3003772.8,sat
../resources/benchmarks/random/b0_r5_c10_l1000_i50_ps0_1_pt0_95_j5_4.stl,0.338,17000.8,unsat
../resources/benchmarks/random/b0_r5_c10_l1000_i50_ps0_1_pt0_95_j5_5.stl,0.504,100904,sat
../resources/benchmarks/random/b0_r5_c10_l1000_i50_ps0_25_pt0_33_j10_1.stl,0.358,34299.2,sat
../resources/benchmarks/random/b0_r5_c10_l1000_i50_ps0_25_pt0_33_j10_2.stl,0.482,46004,sat
../resources/benchmarks/random/b0_r5_c10_l1000_i50_ps0_25_pt0_33_j10_3.stl,0.342,17008.8,unsat
../resources/benchmarks/random/b0_r5_c10_l1000_i50_ps0_25_pt0_33_j10_4.stl,0.34,16993.6,unsat
../resources/benchmarks/random/b0_r5_c10_l1000_i50_ps0_25_pt0_33_j10_5.stl,0.368,44716.8,sat
../resources/benchmarks/random/b0_r5_c10_l1000_i50_ps0_25_pt0_33_j5_1.stl,0.356,34964,sat
../resources/benchmarks/random/b0_r5_c10_l1000_i50_ps0_25_pt0_33_j5_2.stl,0.354,35565.6,sat
../resources/benchmarks/random/b0_r5_c10_l1000_i50_ps0_25_pt0_33_j5_3.stl,0.358,34288,sat
../resources/benchmarks/random/b0_r5_c10_l1000_i50_ps0_25_pt0_33_j5_4.stl,0.362,34315.2,sat
../resources/benchmarks/random/b0_r5_c10_l1000_i50_ps0_25_pt0_33_j5_5.stl,0.38,41937.6,sat
../resources/benchmarks/random/b0_r5_c10_l1000_i50_ps0_25_pt0_5_j10_1.stl,0.386,41640,sat
../resources/benchmarks/random/b0_r5_c10_l1000_i50_ps0_25_pt0_5_j10_2.stl,0.364,38024,unsat
../resources/benchmarks/random/b0_r5_c10_l1000_i50_ps0_25_pt0_5_j10_3.stl,0.352,33348.8,unsat
../resources/benchmarks/random/b0_r5_c10_l1000_i50_ps0_25_pt0_5_j10_4.stl,0.348,34323.2,unsat
../resources/benchmarks/random/b0_r5_c10_l1000_i50_ps0_25_pt0_5_j10_5.stl,1.058,449903.2,sat
../resources/benchmarks/random/b0_r5_c10_l1000_i50_ps0_25_pt0_5_j5_1.stl,0.34400000000000003,35233.6,sat
../resources/benchmarks/random/b0_r5_c10_l1000_i50_ps0_25_pt0_5_j5_2.stl,0.34600000000000003,41033.6,sat
../resources/benchmarks/random/b0_r5_c10_l1000_i50_ps0_25_pt0_5_j5_3.stl,0.362,46264,sat
../resources/benchmarks/random/b0_r5_c10_l1000_i50_ps0_25_pt0_5_j5_4.stl,0.358,38259.2,sat
../resources/benchmarks/random/b0_r5_c10_l1000_i50_ps0_25_pt0_5_j5_5.stl,0.366,42259.2,sat
../resources/benchmarks/random/b0_r5_c10_l1000_i50_ps0_25_pt0_75_j10_1.stl,0.332,17021.6,unsat
../resources/benchmarks/random/b0_r5_c10_l1000_i50_ps0_25_pt0_75_j10_2.stl,10.241999999999999,493850.4,sat
../resources/benchmarks/random/b0_r5_c10_l1000_i50_ps0_25_pt0_75_j10_3.stl,3.7,462502.4,sat
../resources/benchmarks/random/b0_r5_c10_l1000_i50_ps0_25_pt0_75_j10_4.stl,0.718,403496.8,sat
../resources/benchmarks/random/b0_r5_c10_l1000_i50_ps0_25_pt0_75_j10_5.stl,0.62,307652,sat
../resources/benchmarks/random/b0_r5_c10_l1000_i50_ps0_25_pt0_75_j5_1.stl,0.368,48374.4,sat
../resources/benchmarks/random/b0_r5_c10_l1000_i50_ps0_25_pt0_75_j5_2.stl,0.324,34352,sat
../resources/benchmarks/random/b0_r5_c10_l1000_i50_ps0_25_pt0_75_j5_3.stl,0.34600000000000003,37976.8,unsat
../resources/benchmarks/random/b0_r5_c10_l1000_i50_ps0_25_pt0_75_j5_4.stl,0.362,50249.6,sat
../resources/benchmarks/random/b0_r5_c10_l1000_i50_ps0_25_pt0_75_j5_5.stl,0.374,48123.2,sat
../resources/benchmarks/random/b0_r5_c10_l1000_i50_ps0_25_pt0_95_j10_1.stl,0.338,32435.2,unsat
../resources/benchmarks/random/b0_r5_c10_l1000_i50_ps0_25_pt0_95_j10_2.stl,0.328,17328,unsat
../resources/benchmarks/random/b0_r5_c10_l1000_i50_ps0_25_pt0_95_j10_3.stl,14.536,2266627.2,sat
../resources/benchmarks/random/b0_r5_c10_l1000_i50_ps0_25_pt0_95_j10_4.stl,3.09,504900.8,sat
../resources/benchmarks/random/b0_r5_c10_l1000_i50_ps0_25_pt0_95_j10_5.stl,0.426,39878.4,unsat
../resources/benchmarks/random/b0_r5_c10_l1000_i50_ps0_25_pt0_95_j5_1.stl,0.358,40744.8,sat
../resources/benchmarks/random/b0_r5_c10_l1000_i50_ps0_25_pt0_95_j5_2.stl,0.774,430552,sat
../resources/benchmarks/random/b0_r5_c10_l1000_i50_ps0_25_pt0_95_j5_3.stl,0.416,55763.2,sat
../resources/benchmarks/random/b0_r5_c10_l1000_i50_ps0_25_pt0_95_j5_4.stl,0.368,37403.2,unsat
../resources/benchmarks/random/b0_r5_c10_l1000_i50_ps0_25_pt0_95_j5_5.stl,3.818,90470.4,sat
../resources/benchmarks/random/b0_r5_c10_l1000_i50_ps0_2_pt0_33_j10_1.stl,0.35000000000000003,35833.6,sat
../resources/benchmarks/random/b0_r5_c10_l1000_i50_ps0_2_pt0_33_j10_2.stl,0.36,43785.6,sat
../resources/benchmarks/random/b0_r5_c10_l1000_i50_ps0_2_pt0_33_j10_3.stl,0.352,37064.8,unsat
../resources/benchmarks/random/b0_r5_c10_l1000_i50_ps0_2_pt0_33_j10_4.stl,0.356,36175.2,sat
../resources/benchmarks/random/b0_r5_c10_l1000_i50_ps0_2_pt0_33_j10_5.stl,0.5,52374.4,sat
../resources/benchmarks/random/b0_r5_c10_l1000_i50_ps0_2_pt0_33_j5_1.stl,0.366,41362.4,sat
../resources/benchmarks/random/b0_r5_c10_l1000_i50_ps0_2_pt0_33_j5_2.stl,0.35,34596,unsat
../resources/benchmarks/random/b0_r5_c10_l1000_i50_ps0_2_pt0_33_j5_3.stl,0.356,43192.8,sat
../resources/benchmarks/random/b0_r5_c10_l1000_i50_ps0_2_pt0_33_j5_4.stl,0.36,38033.6,sat
../resources/benchmarks/random/b0_r5_c10_l1000_i50_ps0_2_pt0_33_j5_5.stl,0.366,37647.2,sat
../resources/benchmarks/random/b0_r5_c10_l1000_i50_ps0_2_pt0_5_j10_1.stl,0.34,16992,unsat
../resources/benchmarks/random/b0_r5_c10_l1000_i50_ps0_2_pt0_5_j10_2.stl,0.392,40457.6,sat
../resources/benchmarks/random/b0_r5_c10_l1000_i50_ps0_2_pt0_5_j10_3.stl,0.388,57620,sat
../resources/benchmarks/random/b0_r5_c10_l1000_i50_ps0_2_pt0_5_j10_4.stl,0.6,56382.4,sat
../resources/benchmarks/random/b0_r5_c10_l1000_i50_ps0_2_pt0_5_j10_5.stl,0.38,49628,sat
../resources/benchmarks/random/b0_r5_c10_l1000_i50_ps0_2_pt0_5_j5_1.stl,0.38,65609.6,sat
../resources/benchmarks/random/b0_r5_c10_l1000_i50_ps0_2_pt0_5_j5_2.stl,0.34400000000000003,34295.2,sat
../resources/benchmarks/random/b0_r5_c10_l1000_i50_ps0_2_pt0_5_j5_3.stl,0.356,33663.2,unsat
../resources/benchmarks/random/b0_r5_c10_l1000_i50_ps0_2_pt0_5_j5_4.stl,0.374,46240,sat
../resources/benchmarks/random/b0_r5_c10_l1000_i50_ps0_2_pt0_5_j5_5.stl,0.364,45921.6,sat
../resources/benchmarks/random/b0_r5_c10_l1000_i50_ps0_2_pt0_75_j10_1.stl,12.92,3050681.6,sat
../resources/benchmarks/random/b0_r5_c10_l1000_i50_ps0_2_pt0_75_j10_2.stl,7.578,490785.6,sat
../resources/benchmarks/random/b0_r5_c10_l1000_i50_ps0_2_pt0_75_j10_3.stl,1.022,456947.2,sat
../resources/benchmarks/random/b0_r5_c10_l1000_i50_ps0_2_pt0_75_j10_4.stl,3.558,459736.8,sat
../resources/benchmarks/random/b0_r5_c10_l1000_i50_ps0_2_pt0_75_j10_5.stl,0.338,33675.2,unsat
../resources/benchmarks/random/b0_r5_c10_l1000_i50_ps0_2_pt0_75_j5_1.stl,0.484,53292,sat
../resources/benchmarks/random/b0_r5_c10_l1000_i50_ps0_2_pt0_75_j5_2.stl,0.374,40119.2,sat
../resources/benchmarks/random/b0_r5_c10_l1000_i50_ps0_2_pt0_75_j5_3.stl,0.348,38896,sat
../resources/benchmarks/random/b0_r5_c10_l1000_i50_ps0_2_pt0_75_j5_4.stl,0.352,35240,sat
../resources/benchmarks/random/b0_r5_c10_l1000_i50_ps0_2_pt0_75_j5_5.stl,0.36,38949.6,sat
../resources/benchmarks/random/b0_r5_c10_l1000_i50_ps0_2_pt0_95_j10_1.stl,0.366,41000,unsat
../resources/benchmarks/random/b0_r5_c10_l1000_i50_ps0_2_pt0_95_j10_2.stl,0.402,40739.2,sat
../resources/benchmarks/random/b0_r5_c10_l1000_i50_ps0_2_pt0_95_j10_3.stl,0.336,17010.4,unsat
../resources/benchmarks/random/b0_r5_c10_l1000_i50_ps0_2_pt0_95_j10_4.stl,0.426,66546.4,sat
../resources/benchmarks/random/b0_r5_c10_l1000_i50_ps0_2_pt0_95_j10_5.stl,0.356,17008,unsat
../resources/benchmarks/random/b0_r5_c10_l1000_i50_ps0_2_pt0_95_j5_1.stl,0.342,17016,unsat
../resources/benchmarks/random/b0_r5_c10_l1000_i50_ps0_2_pt0_95_j5_2.stl,0.338,17018.4,unsat
../resources/benchmarks/random/b0_r5_c10_l1000_i50_ps0_2_pt0_95_j5_3.stl,0.364,17033.6,unsat
../resources/benchmarks/random/b0_r5_c10_l1000_i50_ps0_2_pt0_95_j5_4.stl,12.492,468636,sat
../resources/benchmarks/random/b0_r5_c10_l1000_i50_ps0_2_pt0_95_j5_5.stl,0.866,424704,sat
../resources/benchmarks/random/b0_r5_c10_l100_i1000_ps0_05_pt0_33_j10_1.stl,0.538,52418.4,unsat
../resources/benchmarks/random/b0_r5_c10_l100_i1000_ps0_05_pt0_33_j10_2.stl,-1,-1,TO
../resources/benchmarks/random/b0_r5_c10_l100_i1000_ps0_05_pt0_33_j10_3.stl,-1,-1,TO
../resources/benchmarks/random/b0_r5_c10_l100_i1000_ps0_05_pt0_33_j10_4.stl,-1,-1,TO
../resources/benchmarks/random/b0_r5_c10_l100_i1000_ps0_05_pt0_33_j10_5.stl,33.134,3536590.4,sat
../resources/benchmarks/random/b0_r5_c10_l100_i1000_ps0_05_pt0_33_j5_1.stl,0.392,32413.6,unsat
../resources/benchmarks/random/b0_r5_c10_l100_i1000_ps0_05_pt0_33_j5_2.stl,44.558,314840,sat
../resources/benchmarks/random/b0_r5_c10_l100_i1000_ps0_05_pt0_33_j5_3.stl,-1,-1,TO
../resources/benchmarks/random/b0_r5_c10_l100_i1000_ps0_05_pt0_33_j5_4.stl,0.65,88041.6,sat
../resources/benchmarks/random/b0_r5_c10_l100_i1000_ps0_05_pt0_33_j5_5.stl,2.132,469218.4,sat
../resources/benchmarks/random/b0_r5_c10_l100_i1000_ps0_05_pt0_5_j10_1.stl,-1,-1,TO
../resources/benchmarks/random/b0_r5_c10_l100_i1000_ps0_05_pt0_5_j10_2.stl,22.378,313425.6,sat
../resources/benchmarks/random/b0_r5_c10_l100_i1000_ps0_05_pt0_5_j10_3.stl,8.012,253295.2,sat
../resources/benchmarks/random/b0_r5_c10_l100_i1000_ps0_05_pt0_5_j10_4.stl,-1,-1,TO
../resources/benchmarks/random/b0_r5_c10_l100_i1000_ps0_05_pt0_5_j10_5.stl,-1,-1,TO
../resources/benchmarks/random/b0_r5_c10_l100_i1000_ps0_05_pt0_5_j5_1.stl,44.45,2080571.2,sat
../resources/benchmarks/random/b0_r5_c10_l100_i1000_ps0_05_pt0_5_j5_2.stl,24.14,3245737.6,sat
../resources/benchmarks/random/b0_r5_c10_l100_i1000_ps0_05_pt0_5_j5_3.stl,64.606,599545.6,sat
../resources/benchmarks/random/b0_r5_c10_l100_i1000_ps0_05_pt0_5_j5_4.stl,0.396,38917.6,sat
../resources/benchmarks/random/b0_r5_c10_l100_i1000_ps0_05_pt0_5_j5_5.stl,-1,-1,TO
../resources/benchmarks/random/b0_r5_c10_l100_i1000_ps0_05_pt0_75_j10_1.stl,-1,-1,TO
../resources/benchmarks/random/b0_r5_c10_l100_i1000_ps0_05_pt0_75_j10_2.stl,-1,-1,TO
../resources/benchmarks/random/b0_r5_c10_l100_i1000_ps0_05_pt0_75_j10_3.stl,-1,-1,TO
../resources/benchmarks/random/b0_r5_c10_l100_i1000_ps0_05_pt0_75_j10_4.stl,15.74,917694.4,sat
../resources/benchmarks/random/b0_r5_c10_l100_i1000_ps0_05_pt0_75_j10_5.stl,-1,-1,TO
../resources/benchmarks/random/b0_r5_c10_l100_i1000_ps0_05_pt0_75_j5_1.stl,0.366,38346.4,unsat
../resources/benchmarks/random/b0_r5_c10_l100_i1000_ps0_05_pt0_75_j5_2.stl,-1,-1,TO
../resources/benchmarks/random/b0_r5_c10_l100_i1000_ps0_05_pt0_75_j5_3.stl,0.572,67080,sat
../resources/benchmarks/random/b0_r5_c10_l100_i1000_ps0_05_pt0_75_j5_4.stl,0.798,110407.2,sat
../resources/benchmarks/random/b0_r5_c10_l100_i1000_ps0_05_pt0_75_j5_5.stl,7.832,198262.4,sat
../resources/benchmarks/random/b0_r5_c10_l100_i1000_ps0_05_pt0_95_j10_1.stl,19.21,992452,sat
../resources/benchmarks/random/b0_r5_c10_l100_i1000_ps0_05_pt0_95_j10_2.stl,0.426,37079.2,unsat
../resources/benchmarks/random/b0_r5_c10_l100_i1000_ps0_05_pt0_95_j10_3.stl,-1,-1,TO
../resources/benchmarks/random/b0_r5_c10_l100_i1000_ps0_05_pt0_95_j10_4.stl,-1,-1,TO
../resources/benchmarks/random/b0_r5_c10_l100_i1000_ps0_05_pt0_95_j10_5.stl,10.336,868614.4,sat
../resources/benchmarks/random/b0_r5_c10_l100_i1000_ps0_05_pt0_95_j5_1.stl,2.716,220408.8,sat
../resources/benchmarks/random/b0_r5_c10_l100_i1000_ps0_05_pt0_95_j5_2.stl,1.008,200780,sat
../resources/benchmarks/random/b0_r5_c10_l100_i1000_ps0_05_pt0_95_j5_3.stl,71.052,918321.2,sat
../resources/benchmarks/random/b0_r5_c10_l100_i1000_ps0_05_pt0_95_j5_4.stl,0.594,73285.6,sat
../resources/benchmarks/random/b0_r5_c10_l100_i1000_ps0_05_pt0_95_j5_5.stl,0.8160000000000001,141164,sat
../resources/benchmarks/random/b0_r5_c10_l100_i1000_ps0_15_pt0_33_j10_1.stl,0.356,25912,sat
../resources/benchmarks/random/b0_r5_c10_l100_i1000_ps0_15_pt0_33_j10_2.stl,0.354,24399.2,sat
../resources/benchmarks/random/b0_r5_c10_l100_i1000_ps0_15_pt0_33_j10_3.stl,0.358,25924,unsat
../resources/benchmarks/random/b0_r5_c10_l100_i1000_ps0_15_pt0_33_j10_4.stl,0.442,42604.8,sat
../resources/benchmarks/random/b0_r5_c10_l100_i1000_ps0_15_pt0_33_j10_5.stl,0.37,38021.6,sat
../resources/benchmarks/random/b0_r5_c10_l100_i1000_ps0_15_pt0_33_j5_1.stl,0.36,38244.8,sat
../resources/benchmarks/random/b0_r5_c10_l100_i1000_ps0_15_pt0_33_j5_2.stl,0.39,45324,sat
../resources/benchmarks/random/b0_r5_c10_l100_i1000_ps0_15_pt0_33_j5_3.stl,0.36,40101.6,sat
../resources/benchmarks/random/b0_r5_c10_l100_i1000_ps0_15_pt0_33_j5_4.stl,0.362,36457.6,sat
../resources/benchmarks/random/b0_r5_c10_l100_i1000_ps0_15_pt0_33_j5_5.stl,0.376,40712,sat
../resources/benchmarks/random/b0_r5_c10_l100_i1000_ps0_15_pt0_5_j10_1.stl,0.388,45964.8,sat
../resources/benchmarks/random/b0_r5_c10_l100_i1000_ps0_15_pt0_5_j10_2.stl,0.63,67132.8,sat
../resources/benchmarks/random/b0_r5_c10_l100_i1000_ps0_15_pt0_5_j10_3.stl,1.164,319397.6,sat
../resources/benchmarks/random/b0_r5_c10_l100_i1000_ps0_15_pt0_5_j10_4.stl,0.452,84964.8,sat
../resources/benchmarks/random/b0_r5_c10_l100_i1000_ps0_15_pt0_5_j10_5.stl,0.368,44095.2,sat
../resources/benchmarks/random/b0_r5_c10_l100_i1000_ps0_15_pt0_5_j5_1.stl,0.398,61591.2,sat
../resources/benchmarks/random/b0_r5_c10_l100_i1000_ps0_15_pt0_5_j5_2.stl,0.358,40710.4,sat
../resources/benchmarks/random/b0_r5_c10_l100_i1000_ps0_15_pt0_5_j5_3.stl,0.352,37677.6,sat
../resources/benchmarks/random/b0_r5_c10_l100_i1000_ps0_15_pt0_5_j5_4.stl,0.358,39207.2,sat
../resources/benchmarks/random/b0_r5_c10_l100_i1000_ps0_15_pt0_5_j5_5.stl,1.424,121894.4,sat
../resources/benchmarks/random/b0_r5_c10_l100_i1000_ps0_15_pt0_75_j10_1.stl,0.366,20397.6,unsat
../resources/benchmarks/random/b0_r5_c10_l100_i1000_ps0_15_pt0_75_j10_2.stl,1.466,58014.4,sat
../resources/benchmarks/random/b0_r5_c10_l100_i1000_ps0_15_pt0_75_j10_3.stl,0.332,17336.8,unsat
../resources/benchmarks/random/b0_r5_c10_l100_i1000_ps0_15_pt0_75_j10_4.stl,3.8000000000000003,883184.8,sat
../resources/benchmarks/random/b0_r5_c10_l100_i1000_ps0_15_pt0_75_j10_5.stl,0.484,49022.4,unsat
../resources/benchmarks/random/b0_r5_c10_l100_i1000_ps0_15_pt0_75_j5_1.stl,0.33,17008,unsat
../resources/benchmarks/random/b0_r5_c10_l100_i1000_ps0_15_pt0_75_j5_2.stl,0.492,64671.2,sat
../resources/benchmarks/random/b0_r5_c10_l100_i1000_ps0_15_pt0_75_j5_3.stl,0.338,17001.6,unsat
../resources/benchmarks/random/b0_r5_c10_l100_i1000_ps0_15_pt0_75_j5_4.stl,0.452,52708,sat
../resources/benchmarks/random/b0_r5_c10_l100_i1000_ps0_15_pt0_75_j5_5.stl,0.352,36433.6,sat
../resources/benchmarks/random/b0_r5_c10_l100_i1000_ps0_15_pt0_95_j10_1.stl,0.76,75744,sat
../resources/benchmarks/random/b0_r5_c10_l100_i1000_ps0_15_pt0_95_j10_2.stl,0.58,77265.6,sat
../resources/benchmarks/random/b0_r5_c10_l100_i1000_ps0_15_pt0_95_j10_3.stl,26.772,2724253.6,sat
../resources/benchmarks/random/b0_r5_c10_l100_i1000_ps0_15_pt0_95_j10_4.stl,17.486,120301.6,sat
../resources/benchmarks/random/b0_r5_c10_l100_i1000_ps0_15_pt0_95_j10_5.stl,1.61,81266.4,sat
../resources/benchmarks/random/b0_r5_c10_l100_i1000_ps0_15_pt0_95_j5_1.stl,0.492,71747.2,sat
../resources/benchmarks/random/b0_r5_c10_l100_i1000_ps0_15_pt0_95_j5_2.stl,0.436,72376.8,sat
../resources/benchmarks/random/b0_r5_c10_l100_i1000_ps0_15_pt0_95_j5_3.stl,0.47,69597.6,sat
../resources/benchmarks/random/b0_r5_c10_l100_i1000_ps0_15_pt0_95_j5_4.stl,0.386,59755.2,sat
../resources/benchmarks/random/b0_r5_c10_l100_i1000_ps0_15_pt0_95_j5_5.stl,2.608,101234.4,sat
../resources/benchmarks/random/b0_r5_c10_l100_i1000_ps0_1_pt0_33_j10_1.stl,0.858,51189.6,sat
../resources/benchmarks/random/b0_r5_c10_l100_i1000_ps0_1_pt0_33_j10_2.stl,0.346,34583.2,unsat
../resources/benchmarks/random/b0_r5_c10_l100_i1000_ps0_1_pt0_33_j10_3.stl,0.322,17636.8,unsat
../resources/benchmarks/random/b0_r5_c10_l100_i1000_ps0_1_pt0_33_j10_4.stl,0.498,72953.6,sat
../resources/benchmarks/random/b0_r5_c10_l100_i1000_ps0_1_pt0_33_j10_5.stl,0.384,45336.8,sat
../resources/benchmarks/random/b0_r5_c10_l100_i1000_ps0_1_pt0_33_j5_1.stl,0.388,45364.8,sat
../resources/benchmarks/random/b0_r5_c10_l100_i1000_ps0_1_pt0_33_j5_2.stl,0.376,39808.8,sat
../resources/benchmarks/random/b0_r5_c10_l100_i1000_ps0_1_pt0_33_j5_3.stl,0.368,35511.2,sat
../resources/benchmarks/random/b0_r5_c10_l100_i1000_ps0_1_pt0_33_j5_4.stl,0.46399999999999997,79134.4,sat
../resources/benchmarks/random/b0_r5_c10_l100_i1000_ps0_1_pt0_33_j5_5.stl,0.722,68352.8,sat
../resources/benchmarks/random/b0_r5_c10_l100_i1000_ps0_1_pt0_5_j10_1.stl,0.454,47784.8,unsat
../resources/benchmarks/random/b0_r5_c10_l100_i1000_ps0_1_pt0_5_j10_2.stl,0.344,17026.4,unsat
../resources/benchmarks/random/b0_r5_c10_l100_i1000_ps0_1_pt0_5_j10_3.stl,1.46,107668.8,sat
../resources/benchmarks/random/b0_r5_c10_l100_i1000_ps0_1_pt0_5_j10_4.stl,1.82,102151.2,sat
../resources/benchmarks/random/b0_r5_c10_l100_i1000_ps0_1_pt0_5_j10_5.stl,7.562,928717.6,sat
../resources/benchmarks/random/b0_r5_c10_l100_i1000_ps0_1_pt0_5_j5_1.stl,0.376,40118.4,sat
../resources/benchmarks/random/b0_r5_c10_l100_i1000_ps0_1_pt0_5_j5_2.stl,1.18,99568,sat
../resources/benchmarks/random/b0_r5_c10_l100_i1000_ps0_1_pt0_5_j5_3.stl,0.396,60054.4,sat
../resources/benchmarks/random/b0_r5_c10_l100_i1000_ps0_1_pt0_5_j5_4.stl,0.774,69595.2,sat
../resources/benchmarks/random/b0_r5_c10_l100_i1000_ps0_1_pt0_5_j5_5.stl,0.56,67136.8,sat
../resources/benchmarks/random/b0_r5_c10_l100_i1000_ps0_1_pt0_75_j10_1.stl,0.804,179912.8,sat
../resources/benchmarks/random/b0_r5_c10_l100_i1000_ps0_1_pt0_75_j10_2.stl,0.794,91076.8,sat
../resources/benchmarks/random/b0_r5_c10_l100_i1000_ps0_1_pt0_75_j10_3.stl,18.312,2722313.6,sat
../resources/benchmarks/random/b0_r5_c10_l100_i1000_ps0_1_pt0_75_j10_4.stl,17.644,206312.8,sat
../resources/benchmarks/random/b0_r5_c10_l100_i1000_ps0_1_pt0_75_j10_5.stl,6.7059999999999995,106439.2,sat
../resources/benchmarks/random/b0_r5_c10_l100_i1000_ps0_1_pt0_75_j5_1.stl,0.336,17312.8,unsat
../resources/benchmarks/random/b0_r5_c10_l100_i1000_ps0_1_pt0_75_j5_2.stl,0.572,65006.4,sat
../resources/benchmarks/random/b0_r5_c10_l100_i1000_ps0_1_pt0_75_j5_3.stl,0.696,93868.8,sat
../resources/benchmarks/random/b0_r5_c10_l100_i1000_ps0_1_pt0_75_j5_4.stl,0.446,50565.6,sat
../resources/benchmarks/random/b0_r5_c10_l100_i1000_ps0_1_pt0_75_j5_5.stl,0.392,52684,sat
../resources/benchmarks/random/b0_r5_c10_l100_i1000_ps0_1_pt0_95_j10_1.stl,20.52,131899.2,sat
../resources/benchmarks/random/b0_r5_c10_l100_i1000_ps0_1_pt0_95_j10_2.stl,3.77,109841.6,sat
../resources/benchmarks/random/b0_r5_c10_l100_i1000_ps0_1_pt0_95_j10_3.stl,4.812,1202658.4,sat
../resources/benchmarks/random/b0_r5_c10_l100_i1000_ps0_1_pt0_95_j10_4.stl,35.862,186166.4,sat
../resources/benchmarks/random/b0_r5_c10_l100_i1000_ps0_1_pt0_95_j10_5.stl,0.35,18235.2,unsat
../resources/benchmarks/random/b0_r5_c10_l100_i1000_ps0_1_pt0_95_j5_1.stl,0.34,37129.6,sat
../resources/benchmarks/random/b0_r5_c10_l100_i1000_ps0_1_pt0_95_j5_2.stl,0.358,39211.2,unsat
../resources/benchmarks/random/b0_r5_c10_l100_i1000_ps0_1_pt0_95_j5_3.stl,0.46,56373.6,sat
../resources/benchmarks/random/b0_r5_c10_l100_i1000_ps0_1_pt0_95_j5_4.stl,3.464,151306.4,unsat
../resources/benchmarks/random/b0_r5_c10_l100_i1000_ps0_1_pt0_95_j5_5.stl,0.534,84960,sat
../resources/benchmarks/random/b0_r5_c10_l100_i1000_ps0_25_pt0_33_j10_1.stl,0.362,35852,sat
../resources/benchmarks/random/b0_r5_c10_l100_i1000_ps0_25_pt0_33_j10_2.stl,0.356,32748,unsat
../resources/benchmarks/random/b0_r5_c10_l100_i1000_ps0_25_pt0_33_j10_3.stl,0.358,33359.2,unsat
../resources/benchmarks/random/b0_r5_c10_l100_i1000_ps0_25_pt0_33_j10_4.stl,0.356,35566.4,sat
../resources/benchmarks/random/b0_r5_c10_l100_i1000_ps0_25_pt0_33_j10_5.stl,0.368,35566.4,unsat
../resources/benchmarks/random/b0_r5_c10_l100_i1000_ps0_25_pt0_33_j5_1.stl,0.34600000000000003,17018.4,unsat
../resources/benchmarks/random/b0_r5_c10_l100_i1000_ps0_25_pt0_33_j5_2.stl,0.36,34970.4,sat
../resources/benchmarks/random/b0_r5_c10_l100_i1000_ps0_25_pt0_33_j5_3.stl,0.358,38271.2,sat
../resources/benchmarks/random/b0_r5_c10_l100_i1000_ps0_25_pt0_33_j5_4.stl,0.356,36777.6,sat
../resources/benchmarks/random/b0_r5_c10_l100_i1000_ps0_25_pt0_33_j5_5.stl,0.368,39493.6,sat
../resources/benchmarks/random/b0_r5_c10_l100_i1000_ps0_25_pt0_5_j10_1.stl,0.88,50270.4,unsat
../resources/benchmarks/random/b0_r5_c10_l100_i1000_ps0_25_pt0_5_j10_2.stl,0.368,37663.2,unsat
../resources/benchmarks/random/b0_r5_c10_l100_i1000_ps0_25_pt0_5_j10_3.stl,0.358,41042.4,sat
../resources/benchmarks/random/b0_r5_c10_l100_i1000_ps0_25_pt0_5_j10_4.stl,0.356,34292.8,unsat
../resources/benchmarks/random/b0_r5_c10_l100_i1000_ps0_25_pt0_5_j10_5.stl,2.916,105012.8,sat
../resources/benchmarks/random/b0_r5_c10_l100_i1000_ps0_25_pt0_5_j5_1.stl,0.39,46884.8,sat
../resources/benchmarks/random/b0_r5_c10_l100_i1000_ps0_25_pt0_5_j5_2.stl,0.354,33984,sat
../resources/benchmarks/random/b0_r5_c10_l100_i1000_ps0_25_pt0_5_j5_3.stl,0.36,36168,sat
../resources/benchmarks/random/b0_r5_c10_l100_i1000_ps0_25_pt0_5_j5_4.stl,0.374,45006.4,sat
../resources/benchmarks/random/b0_r5_c10_l100_i1000_ps0_25_pt0_5_j5_5.stl,0.368,38891.2,sat
../resources/benchmarks/random/b0_r5_c10_l100_i1000_ps0_25_pt0_75_j10_1.stl,0.474,53916.8,unsat
../resources/benchmarks/random/b0_r5_c10_l100_i1000_ps0_25_pt0_75_j10_2.stl,0.93,52388,sat
../resources/benchmarks/random/b0_r5_c10_l100_i1000_ps0_25_pt0_75_j10_3.stl,1.038,69885.6,sat
../resources/benchmarks/random/b0_r5_c10_l100_i1000_ps0_25_pt0_75_j10_4.stl,0.6,76347.2,sat
../resources/benchmarks/random/b0_r5_c10_l100_i1000_ps0_25_pt0_75_j10_5.stl,1.536,85261.6,sat
../resources/benchmarks/random/b0_r5_c10_l100_i1000_ps0_25_pt0_75_j5_1.stl,0.37,38879.2,sat
../resources/benchmarks/random/b0_r5_c10_l100_i1000_ps0_25_pt0_75_j5_2.stl,0.41200000000000003,56679.2,sat
../resources/benchmarks/random/b0_r5_c10_l100_i1000_ps0_25_pt0_75_j5_3.stl,0.376,45637.6,sat
../resources/benchmarks/random/b0_r5_c10_l100_i1000_ps0_25_pt0_75_j5_4.stl,0.522,47538.4,sat
../resources/benchmarks/random/b0_r5_c10_l100_i1000_ps0_25_pt0_75_j5_5.stl,0.368,42866.4,sat
../resources/benchmarks/random/b0_r5_c10_l100_i1000_ps0_25_pt0_95_j10_1.stl,0.536,43835.2,unsat
../resources/benchmarks/random/b0_r5_c10_l100_i1000_ps0_25_pt0_95_j10_2.stl,0.366,35541.6,unsat
../resources/benchmarks/random/b0_r5_c10_l100_i1000_ps0_25_pt0_95_j10_3.stl,1.344,74512.8,sat
../resources/benchmarks/random/b0_r5_c10_l100_i1000_ps0_25_pt0_95_j10_4.stl,1.12,78824,sat
../resources/benchmarks/random/b0_r5_c10_l100_i1000_ps0_25_pt0_95_j10_5.stl,1.69,100609.6,sat
../resources/benchmarks/random/b0_r5_c10_l100_i1000_ps0_25_pt0_95_j5_1.stl,0.676,55163.2,sat
../resources/benchmarks/random/b0_r5_c10_l100_i1000_ps0_25_pt0_95_j5_2.stl,0.378,42256,sat
../resources/benchmarks/random/b0_r5_c10_l100_i1000_ps0_25_pt0_95_j5_3.stl,0.372,41037.6,sat
../resources/benchmarks/random/b0_r5_c10_l100_i1000_ps0_25_pt0_95_j5_4.stl,0.53,71764,sat
../resources/benchmarks/random/b0_r5_c10_l100_i1000_ps0_25_pt0_95_j5_5.stl,0.364,36168,sat
../resources/benchmarks/random/b0_r5_c10_l100_i1000_ps0_2_pt0_33_j10_1.stl,0.39,39591.2,sat
../resources/benchmarks/random/b0_r5_c10_l100_i1000_ps0_2_pt0_33_j10_2.stl,0.362,35565.6,unsat
../resources/benchmarks/random/b0_r5_c10_l100_i1000_ps0_2_pt0_33_j10_3.stl,0.346,16980.8,unsat
../resources/benchmarks/random/b0_r5_c10_l100_i1000_ps0_2_pt0_33_j10_4.stl,0.37,38363.2,sat
../resources/benchmarks/random/b0_r5_c10_l100_i1000_ps0_2_pt0_33_j10_5.stl,0.374,37093.6,sat
../resources/benchmarks/random/b0_r5_c10_l100_i1000_ps0_2_pt0_33_j5_1.stl,0.34400000000000003,17325.6,unsat
../resources/benchmarks/random/b0_r5_c10_l100_i1000_ps0_2_pt0_33_j5_2.stl,0.34400000000000003,16701.6,unsat
../resources/benchmarks/random/b0_r5_c10_l100_i1000_ps0_2_pt0_33_j5_3.stl,0.414,54525.6,sat
../resources/benchmarks/random/b0_r5_c10_l100_i1000_ps0_2_pt0_33_j5_4.stl,0.364,40401.6,sat
../resources/benchmarks/random/b0_r5_c10_l100_i1000_ps0_2_pt0_33_j5_5.stl,0.366,37053.6,sat
../resources/benchmarks/random/b0_r5_c10_l100_i1000_ps0_2_pt0_5_j10_1.stl,0.402,39516.8,unsat
../resources/benchmarks/random/b0_r5_c10_l100_i1000_ps0_2_pt0_5_j10_2.stl,1.13,80642.4,sat
../resources/benchmarks/random/b0_r5_c10_l100_i1000_ps0_2_pt0_5_j10_3.stl,0.348,17332.8,unsat
../resources/benchmarks/random/b0_r5_c10_l100_i1000_ps0_2_pt0_5_j10_4.stl,0.386,52687.2,sat
../resources/benchmarks/random/b0_r5_c10_l100_i1000_ps0_2_pt0_5_j10_5.stl,0.362,34975.2,unsat
../resources/benchmarks/random/b0_r5_c10_l100_i1000_ps0_2_pt0_5_j5_1.stl,0.372,39517.6,sat
../resources/benchmarks/random/b0_r5_c10_l100_i1000_ps0_2_pt0_5_j5_2.stl,0.37,38901.6,sat
../resources/benchmarks/random/b0_r5_c10_l100_i1000_ps0_2_pt0_5_j5_3.stl,0.348,16997.6,sat
../resources/benchmarks/random/b0_r5_c10_l100_i1000_ps0_2_pt0_5_j5_4.stl,0.38,37995.2,sat
../resources/benchmarks/random/b0_r5_c10_l100_i1000_ps0_2_pt0_5_j5_5.stl,0.374,40412,sat
../resources/benchmarks/random/b0_r5_c10_l100_i1000_ps0_2_pt0_75_j10_1.stl,0.388,51779.2,sat
../resources/benchmarks/random/b0_r5_c10_l100_i1000_ps0_2_pt0_75_j10_2.stl,0.406,62214.4,sat
../resources/benchmarks/random/b0_r5_c10_l100_i1000_ps0_2_pt0_75_j10_3.stl,1.082,81891.2,sat
../resources/benchmarks/random/b0_r5_c10_l100_i1000_ps0_2_pt0_75_j10_4.stl,0.522,65610.4,sat
../resources/benchmarks/random/b0_r5_c10_l100_i1000_ps0_2_pt0_75_j10_5.stl,0.896,71463.2,sat
../resources/benchmarks/random/b0_r5_c10_l100_i1000_ps0_2_pt0_75_j5_1.stl,0.37,44104.8,sat
../resources/benchmarks/random/b0_r5_c10_l100_i1000_ps0_2_pt0_75_j5_2.stl,0.388,41929.6,sat
../resources/benchmarks/random/b0_r5_c10_l100_i1000_ps0_2_pt0_75_j5_3.stl,0.362,39179.2,sat
../resources/benchmarks/random/b0_r5_c10_l100_i1000_ps0_2_pt0_75_j5_4.stl,0.348,16996,sat
../resources/benchmarks/random/b0_r5_c10_l100_i1000_ps0_2_pt0_75_j5_5.stl,0.364,35533.6,sat
../resources/benchmarks/random/b0_r5_c10_l100_i1000_ps0_2_pt0_95_j10_1.stl,76.366,322700,unsat
../resources/benchmarks/random/b0_r5_c10_l100_i1000_ps0_2_pt0_95_j10_2.stl,1.878,92644,sat
../resources/benchmarks/random/b0_r5_c10_l100_i1000_ps0_2_pt0_95_j10_3.stl,1.422,50289.6,sat
../resources/benchmarks/random/b0_r5_c10_l100_i1000_ps0_2_pt0_95_j10_4.stl,0.544,69591.2,sat
../resources/benchmarks/random/b0_r5_c10_l100_i1000_ps0_2_pt0_95_j10_5.stl,0.434,48703.2,sat
../resources/benchmarks/random/b0_r5_c10_l100_i1000_ps0_2_pt0_95_j5_1.stl,0.368,58821.6,sat
../resources/benchmarks/random/b0_r5_c10_l100_i1000_ps0_2_pt0_95_j5_2.stl,0.40800000000000003,52680,sat
../resources/benchmarks/random/b0_r5_c10_l100_i1000_ps0_2_pt0_95_j5_3.stl,0.338,17000.8,unsat
../resources/benchmarks/random/b0_r5_c10_l100_i1000_ps0_2_pt0_95_j5_4.stl,0.648,81918.4,sat
../resources/benchmarks/random/b0_r5_c10_l100_i1000_ps0_2_pt0_95_j5_5.stl,0.354,37403.2,unsat
../resources/benchmarks/random/b0_r5_c10_l100_i50_ps0_05_pt0_33_j10_1.stl,106.556,1557650.4,sat
../resources/benchmarks/random/b0_r5_c10_l100_i50_ps0_05_pt0_33_j10_2.stl,-1,-1,TO
../resources/benchmarks/random/b0_r5_c10_l100_i50_ps0_05_pt0_33_j10_3.stl,114.96000000000001,1571436.8,sat
../resources/benchmarks/random/b0_r5_c10_l100_i50_ps0_05_pt0_33_j10_4.stl,0.6,52781.6,sat
../resources/benchmarks/random/b0_r5_c10_l100_i50_ps0_05_pt0_33_j10_5.stl,47.716,1167755.2,sat
../resources/benchmarks/random/b0_r5_c10_l100_i50_ps0_05_pt0_33_j5_1.stl,75.866,175572,sat
../resources/benchmarks/random/b0_r5_c10_l100_i50_ps0_05_pt0_33_j5_2.stl,0.38,36764.8,unsat
../resources/benchmarks/random/b0_r5_c10_l100_i50_ps0_05_pt0_33_j5_3.stl,2.462,258500.8,sat
../resources/benchmarks/random/b0_r5_c10_l100_i50_ps0_05_pt0_33_j5_4.stl,58.268,625978.4,sat
../resources/benchmarks/random/b0_r5_c10_l100_i50_ps0_05_pt0_33_j5_5.stl,2.838,212444.8,sat
../resources/benchmarks/random/b0_r5_c10_l100_i50_ps0_05_pt0_5_j10_1.stl,-1,-1,TO
../resources/benchmarks/random/b0_r5_c10_l100_i50_ps0_05_pt0_5_j10_2.stl,-1,-1,TO
../resources/benchmarks/random/b0_r5_c10_l100_i50_ps0_05_pt0_5_j10_3.stl,-1,-1,TO
../resources/benchmarks/random/b0_r5_c10_l100_i50_ps0_05_pt0_5_j10_4.stl,-1,-1,TO
../resources/benchmarks/random/b0_r5_c10_l100_i50_ps0_05_pt0_5_j10_5.stl,1.628,189663.2,sat
../resources/benchmarks/random/b0_r5_c10_l100_i50_ps0_05_pt0_5_j5_1.stl,1.658,186363.2,sat
../resources/benchmarks/random/b0_r5_c10_l100_i50_ps0_05_pt0_5_j5_2.stl,0.424,41092.8,sat
../resources/benchmarks/random/b0_r5_c10_l100_i50_ps0_05_pt0_5_j5_3.stl,3.054,350371.2,sat
../resources/benchmarks/random/b0_r5_c10_l100_i50_ps0_05_pt0_5_j5_4.stl,54.142,783522.4,sat
../resources/benchmarks/random/b0_r5_c10_l100_i50_ps0_05_pt0_5_j5_5.stl,0.878,117431.2,sat
../resources/benchmarks/random/b0_r5_c10_l100_i50_ps0_05_pt0_75_j10_1.stl,-1,-1,TO
../resources/benchmarks/random/b0_r5_c10_l100_i50_ps0_05_pt0_75_j10_2.stl,-1,-1,TO
../resources/benchmarks/random/b0_r5_c10_l100_i50_ps0_05_pt0_75_j10_3.stl,-1,-1,TO
../resources/benchmarks/random/b0_r5_c10_l100_i50_ps0_05_pt0_75_j10_4.stl,0.476,40188.8,unsat
../resources/benchmarks/random/b0_r5_c10_l100_i50_ps0_05_pt0_75_j10_5.stl,-1,-1,TO
../resources/benchmarks/random/b0_r5_c10_l100_i50_ps0_05_pt0_75_j5_1.stl,33.589999999999996,554373.6,sat
../resources/benchmarks/random/b0_r5_c10_l100_i50_ps0_05_pt0_75_j5_2.stl,-1,-1,TO
../resources/benchmarks/random/b0_r5_c10_l100_i50_ps0_05_pt0_75_j5_3.stl,66.788,7172108.8,sat
../resources/benchmarks/random/b0_r5_c10_l100_i50_ps0_05_pt0_75_j5_4.stl,51.244,330162.4,sat
../resources/benchmarks/random/b0_r5_c10_l100_i50_ps0_05_pt0_75_j5_5.stl,0.402,37402.4,sat
../resources/benchmarks/random/b0_r5_c10_l100_i50_ps0_05_pt0_95_j10_1.stl,-1,-1,TO
../resources/benchmarks/random/b0_r5_c10_l100_i50_ps0_05_pt0_95_j10_2.stl,-1,-1,TO
../resources/benchmarks/random/b0_r5_c10_l100_i50_ps0_05_pt0_95_j10_3.stl,41.660000000000004,4143297.6,sat
../resources/benchmarks/random/b0_r5_c10_l100_i50_ps0_05_pt0_95_j10_4.stl,-1,-1,TO
../resources/benchmarks/random/b0_r5_c10_l100_i50_ps0_05_pt0_95_j10_5.stl,-1,-1,TO
../resources/benchmarks/random/b0_r5_c10_l100_i50_ps0_05_pt0_95_j5_1.stl,1.104,199539.2,sat
../resources/benchmarks/random/b0_r5_c10_l100_i50_ps0_05_pt0_95_j5_2.stl,-1,-1,TO
../resources/benchmarks/random/b0_r5_c10_l100_i50_ps0_05_pt0_95_j5_3.stl,-1,-1,TO
../resources/benchmarks/random/b0_r5_c10_l100_i50_ps0_05_pt0_95_j5_4.stl,0.366,37687.2,sat
../resources/benchmarks/random/b0_r5_c10_l100_i50_ps0_05_pt0_95_j5_5.stl,0.904,64366.4,unsat
../resources/benchmarks/random/b0_r5_c10_l100_i50_ps0_15_pt0_33_j10_1.stl,6.774,87531.2,unsat
../resources/benchmarks/random/b0_r5_c10_l100_i50_ps0_15_pt0_33_j10_2.stl,0.46,59138.4,sat
../resources/benchmarks/random/b0_r5_c10_l100_i50_ps0_15_pt0_33_j10_3.stl,0.366,37446.4,unsat
../resources/benchmarks/random/b0_r5_c10_l100_i50_ps0_15_pt0_33_j10_4.stl,0.342,17012,unsat
../resources/benchmarks/random/b0_r5_c10_l100_i50_ps0_15_pt0_33_j10_5.stl,0.34,16992.8,unsat
../resources/benchmarks/random/b0_r5_c10_l100_i50_ps0_15_pt0_33_j5_1.stl,0.34,16990.4,sat
../resources/benchmarks/random/b0_r5_c10_l100_i50_ps0_15_pt0_33_j5_2.stl,0.334,17012.8,unsat
../resources/benchmarks/random/b0_r5_c10_l100_i50_ps0_15_pt0_33_j5_3.stl,0.426,39569.6,sat
../resources/benchmarks/random/b0_r5_c10_l100_i50_ps0_15_pt0_33_j5_4.stl,0.348,16702.4,sat
../resources/benchmarks/random/b0_r5_c10_l100_i50_ps0_15_pt0_33_j5_5.stl,0.346,17004,sat
../resources/benchmarks/random/b0_r5_c10_l100_i50_ps0_15_pt0_5_j10_1.stl,3.352,110452.8,sat
../resources/benchmarks/random/b0_r5_c10_l100_i50_ps0_15_pt0_5_j10_2.stl,0.474,83432.8,sat
../resources/benchmarks/random/b0_r5_c10_l100_i50_ps0_15_pt0_5_j10_3.stl,0.398,74511.2,sat
../resources/benchmarks/random/b0_r5_c10_l100_i50_ps0_15_pt0_5_j10_4.stl,0.338,36164.8,unsat
../resources/benchmarks/random/b0_r5_c10_l100_i50_ps0_15_pt0_5_j10_5.stl,14.222,101245.6,sat
../resources/benchmarks/random/b0_r5_c10_l100_i50_ps0_15_pt0_5_j5_1.stl,0.332,33056,unsat
../resources/benchmarks/random/b0_r5_c10_l100_i50_ps0_15_pt0_5_j5_2.stl,0.334,40110.4,sat
../resources/benchmarks/random/b0_r5_c10_l100_i50_ps0_15_pt0_5_j5_3.stl,1.0,260940,sat
../resources/benchmarks/random/b0_r5_c10_l100_i50_ps0_15_pt0_5_j5_4.stl,0.346,36482.4,sat
../resources/benchmarks/random/b0_r5_c10_l100_i50_ps0_15_pt0_5_j5_5.stl,0.42,57594.4,sat
../resources/benchmarks/random/b0_r5_c10_l100_i50_ps0_15_pt0_75_j10_1.stl,0.332,32756,unsat
../resources/benchmarks/random/b0_r5_c10_l100_i50_ps0_15_pt0_75_j10_2.stl,0.348,35576.8,unsat
../resources/benchmarks/random/b0_r5_c10_l100_i50_ps0_15_pt0_75_j10_3.stl,0.354,35553.6,unsat
../resources/benchmarks/random/b0_r5_c10_l100_i50_ps0_15_pt0_75_j10_4.stl,2.734,83432.8,sat
../resources/benchmarks/random/b0_r5_c10_l100_i50_ps0_15_pt0_75_j10_5.stl,0.364,35215.2,unsat
../resources/benchmarks/random/b0_r5_c10_l100_i50_ps0_15_pt0_75_j5_1.stl,0.366,35576,sat
../resources/benchmarks/random/b0_r5_c10_l100_i50_ps0_15_pt0_75_j5_2.stl,0.368,43504,sat
../resources/benchmarks/random/b0_r5_c10_l100_i50_ps0_15_pt0_75_j5_3.stl,0.38,52980.8,sat
../resources/benchmarks/random/b0_r5_c10_l100_i50_ps0_15_pt0_75_j5_4.stl,0.348,38883.2,sat
../resources/benchmarks/random/b0_r5_c10_l100_i50_ps0_15_pt0_75_j5_5.stl,0.648,94252,sat
../resources/benchmarks/random/b0_r5_c10_l100_i50_ps0_15_pt0_95_j10_1.stl,0.91,53936,sat
../resources/benchmarks/random/b0_r5_c10_l100_i50_ps0_15_pt0_95_j10_2.stl,0.356,36728.8,unsat
../resources/benchmarks/random/b0_r5_c10_l100_i50_ps0_15_pt0_95_j10_3.stl,70.182,112269.6,unsat
../resources/benchmarks/random/b0_r5_c10_l100_i50_ps0_15_pt0_95_j10_4.stl,0.346,35873.6,unsat
../resources/benchmarks/random/b0_r5_c10_l100_i50_ps0_15_pt0_95_j10_5.stl,0.534,43491.2,unsat
../resources/benchmarks/random/b0_r5_c10_l100_i50_ps0_15_pt0_95_j5_1.stl,1.58,76344.8,sat
../resources/benchmarks/random/b0_r5_c10_l100_i50_ps0_15_pt0_95_j5_2.stl,0.34600000000000003,37416.8,sat
../resources/benchmarks/random/b0_r5_c10_l100_i50_ps0_15_pt0_95_j5_3.stl,0.514,69272.8,sat
../resources/benchmarks/random/b0_r5_c10_l100_i50_ps0_15_pt0_95_j5_4.stl,0.43,52677.6,sat
../resources/benchmarks/random/b0_r5_c10_l100_i50_ps0_15_pt0_95_j5_5.stl,0.47000000000000003,71135.2,sat
../resources/benchmarks/random/b0_r5_c10_l100_i50_ps0_1_pt0_33_j10_1.stl,4.186,588410.4,sat
../resources/benchmarks/random/b0_r5_c10_l100_i50_ps0_1_pt0_33_j10_2.stl,1.538,107698.4,sat
../resources/benchmarks/random/b0_r5_c10_l100_i50_ps0_1_pt0_33_j10_3.stl,0.366,35868,unsat
../resources/benchmarks/random/b0_r5_c10_l100_i50_ps0_1_pt0_33_j10_4.stl,0.37,39551.2,sat
../resources/benchmarks/random/b0_r5_c10_l100_i50_ps0_1_pt0_33_j10_5.stl,0.728,125500,sat
../resources/benchmarks/random/b0_r5_c10_l100_i50_ps0_1_pt0_33_j5_1.stl,0.332,17010.4,unsat
../resources/benchmarks/random/b0_r5_c10_l100_i50_ps0_1_pt0_33_j5_2.stl,0.368,38938.4,sat
../resources/benchmarks/random/b0_r5_c10_l100_i50_ps0_1_pt0_33_j5_3.stl,2.342,74204,sat
../resources/benchmarks/random/b0_r5_c10_l100_i50_ps0_1_pt0_33_j5_4.stl,0.588,64688,sat
../resources/benchmarks/random/b0_r5_c10_l100_i50_ps0_1_pt0_33_j5_5.stl,0.376,45619.2,sat
../resources/benchmarks/random/b0_r5_c10_l100_i50_ps0_1_pt0_5_j10_1.stl,0.35,17009.6,unsat
../resources/benchmarks/random/b0_r5_c10_l100_i50_ps0_1_pt0_5_j10_2.stl,0.34600000000000003,16993.6,unsat
../resources/benchmarks/random/b0_r5_c10_l100_i50_ps0_1_pt0_5_j10_3.stl,10.924,329141.6,sat
../resources/benchmarks/random/b0_r5_c10_l100_i50_ps0_1_pt0_5_j10_4.stl,31.844,146913.6,sat
../resources/benchmarks/random/b0_r5_c10_l100_i50_ps0_1_pt0_5_j10_5.stl,5.086,109472,unsat
../resources/benchmarks/random/b0_r5_c10_l100_i50_ps0_1_pt0_5_j5_1.stl,0.374,39815.2,sat
../resources/benchmarks/random/b0_r5_c10_l100_i50_ps0_1_pt0_5_j5_2.stl,3.948,113739.2,sat
../resources/benchmarks/random/b0_r5_c10_l100_i50_ps0_1_pt0_5_j5_3.stl,0.45,75739.2,sat
../resources/benchmarks/random/b0_r5_c10_l100_i50_ps0_1_pt0_5_j5_4.stl,1.388,89856.8,sat
../resources/benchmarks/random/b0_r5_c10_l100_i50_ps0_1_pt0_5_j5_5.stl,0.366,39216.8,sat
../resources/benchmarks/random/b0_r5_c10_l100_i50_ps0_1_pt0_75_j10_1.stl,0.356,34950.4,unsat
../resources/benchmarks/random/b0_r5_c10_l100_i50_ps0_1_pt0_75_j10_2.stl,4.864,107064,sat
../resources/benchmarks/random/b0_r5_c10_l100_i50_ps0_1_pt0_75_j10_3.stl,-1,-1,TO
../resources/benchmarks/random/b0_r5_c10_l100_i50_ps0_1_pt0_75_j10_4.stl,0.5,62506.4,unsat
../resources/benchmarks/random/b0_r5_c10_l100_i50_ps0_1_pt0_75_j10_5.stl,31.958,1662262.4,sat
../resources/benchmarks/random/b0_r5_c10_l100_i50_ps0_1_pt0_75_j5_1.stl,4.436,898668.8,sat
../resources/benchmarks/random/b0_r5_c10_l100_i50_ps0_1_pt0_75_j5_2.stl,0.408,45324.8,sat
../resources/benchmarks/random/b0_r5_c10_l100_i50_ps0_1_pt0_75_j5_3.stl,0.436,49016.8,sat
../resources/benchmarks/random/b0_r5_c10_l100_i50_ps0_1_pt0_75_j5_4.stl,0.446,54252.8,sat
../resources/benchmarks/random/b0_r5_c10_l100_i50_ps0_1_pt0_75_j5_5.stl,0.378,37992,sat
../resources/benchmarks/random/b0_r5_c10_l100_i50_ps0_1_pt0_95_j10_1.stl,26.785999999999998,513762.4,unsat
../resources/benchmarks/random/b0_r5_c10_l100_i50_ps0_1_pt0_95_j10_2.stl,0.352,17004,unsat
../resources/benchmarks/random/b0_r5_c10_l100_i50_ps0_1_pt0_95_j10_3.stl,13.158,219843.2,sat
../resources/benchmarks/random/b0_r5_c10_l100_i50_ps0_1_pt0_95_j10_4.stl,6.706,402596.8,sat
../resources/benchmarks/random/b0_r5_c10_l100_i50_ps0_1_pt0_95_j10_5.stl,-1,-1,TO
../resources/benchmarks/random/b0_r5_c10_l100_i50_ps0_1_pt0_95_j5_1.stl,0.364,35529.6,unsat
../resources/benchmarks/random/b0_r5_c10_l100_i50_ps0_1_pt0_95_j5_2.stl,1.464,71712,sat
../resources/benchmarks/random/b0_r5_c10_l100_i50_ps0_1_pt0_95_j5_3.stl,0.368,36160.8,sat
../resources/benchmarks/random/b0_r5_c10_l100_i50_ps0_1_pt0_95_j5_4.stl,2.168,103996,sat
../resources/benchmarks/random/b0_r5_c10_l100_i50_ps0_1_pt0_95_j5_5.stl,2.55,103902.4,sat
../resources/benchmarks/random/b0_r5_c10_l100_i50_ps0_25_pt0_33_j10_1.stl,0.37,40716,sat
../resources/benchmarks/random/b0_r5_c10_l100_i50_ps0_25_pt0_33_j10_2.stl,0.36,39506.4,sat
../resources/benchmarks/random/b0_r5_c10_l100_i50_ps0_25_pt0_33_j10_3.stl,0.338,36478.4,sat
../resources/benchmarks/random/b0_r5_c10_l100_i50_ps0_25_pt0_33_j10_4.stl,0.362,36169.6,sat
../resources/benchmarks/random/b0_r5_c10_l100_i50_ps0_25_pt0_33_j10_5.stl,0.354,35534.4,unsat
../resources/benchmarks/random/b0_r5_c10_l100_i50_ps0_25_pt0_33_j5_1.stl,0.34,16683.2,unsat
../resources/benchmarks/random/b0_r5_c10_l100_i50_ps0_25_pt0_33_j5_2.stl,0.346,33970.4,sat
../resources/benchmarks/random/b0_r5_c10_l100_i50_ps0_25_pt0_33_j5_3.stl,0.336,17613.6,unsat
../resources/benchmarks/random/b0_r5_c10_l100_i50_ps0_25_pt0_33_j5_4.stl,0.358,35551.2,sat
../resources/benchmarks/random/b0_r5_c10_l100_i50_ps0_25_pt0_33_j5_5.stl,0.34600000000000003,34608,sat
../resources/benchmarks/random/b0_r5_c10_l100_i50_ps0_25_pt0_5_j10_1.stl,0.476,49688.8,sat
../resources/benchmarks/random/b0_r5_c10_l100_i50_ps0_25_pt0_5_j10_2.stl,0.35,17034.4,unsat
../resources/benchmarks/random/b0_r5_c10_l100_i50_ps0_25_pt0_5_j10_3.stl,0.34800000000000003,32126.4,unsat
../resources/benchmarks/random/b0_r5_c10_l100_i50_ps0_25_pt0_5_j10_4.stl,0.488,44995.2,sat
../resources/benchmarks/random/b0_r5_c10_l100_i50_ps0_25_pt0_5_j10_5.stl,0.462,46608.8,sat
../resources/benchmarks/random/b0_r5_c10_l100_i50_ps0_25_pt0_5_j5_1.stl,0.396,72053.6,sat
../resources/benchmarks/random/b0_r5_c10_l100_i50_ps0_25_pt0_5_j5_2.stl,0.342,17008,unsat
../resources/benchmarks/random/b0_r5_c10_l100_i50_ps0_25_pt0_5_j5_3.stl,0.358,33391.2,sat
../resources/benchmarks/random/b0_r5_c10_l100_i50_ps0_25_pt0_5_j5_4.stl,0.36,41034.4,sat
../resources/benchmarks/random/b0_r5_c10_l100_i50_ps0_25_pt0_5_j5_5.stl,0.504,49333.6,sat
../resources/benchmarks/random/b0_r5_c10_l100_i50_ps0_25_pt0_75_j10_1.stl,0.41,38939.2,unsat
../resources/benchmarks/random/b0_r5_c10_l100_i50_ps0_25_pt0_75_j10_2.stl,0.342,17324.8,unsat
../resources/benchmarks/random/b0_r5_c10_l100_i50_ps0_25_pt0_75_j10_3.stl,0.586,53323.2,sat
../resources/benchmarks/random/b0_r5_c10_l100_i50_ps0_25_pt0_75_j10_4.stl,0.65,61930.4,sat
../resources/benchmarks/random/b0_r5_c10_l100_i50_ps0_25_pt0_75_j10_5.stl,0.644,78176,sat
../resources/benchmarks/random/b0_r5_c10_l100_i50_ps0_25_pt0_75_j5_1.stl,0.828,67127.2,sat
../resources/benchmarks/random/b0_r5_c10_l100_i50_ps0_25_pt0_75_j5_2.stl,0.46799999999999997,47813.6,sat
../resources/benchmarks/random/b0_r5_c10_l100_i50_ps0_25_pt0_75_j5_3.stl,0.372,37092,sat
../resources/benchmarks/random/b0_r5_c10_l100_i50_ps0_25_pt0_75_j5_4.stl,0.416,60375.2,sat
../resources/benchmarks/random/b0_r5_c10_l100_i50_ps0_25_pt0_75_j5_5.stl,0.438,46268.8,sat
../resources/benchmarks/random/b0_r5_c10_l100_i50_ps0_25_pt0_95_j10_1.stl,0.574,82487.2,sat
../resources/benchmarks/random/b0_r5_c10_l100_i50_ps0_25_pt0_95_j10_2.stl,0.38,43771.2,sat
../resources/benchmarks/random/b0_r5_c10_l100_i50_ps0_25_pt0_95_j10_3.stl,0.378,41627.2,unsat
../resources/benchmarks/random/b0_r5_c10_l100_i50_ps0_25_pt0_95_j10_4.stl,0.546,68072,sat
../resources/benchmarks/random/b0_r5_c10_l100_i50_ps0_25_pt0_95_j10_5.stl,0.342,16997.6,unsat
../resources/benchmarks/random/b0_r5_c10_l100_i50_ps0_25_pt0_95_j5_1.stl,0.37,41932,sat
../resources/benchmarks/random/b0_r5_c10_l100_i50_ps0_25_pt0_95_j5_2.stl,0.432,48710.4,sat
../resources/benchmarks/random/b0_r5_c10_l100_i50_ps0_25_pt0_95_j5_3.stl,-1,-1,TO
../resources/benchmarks/random/b0_r5_c10_l100_i50_ps0_25_pt0_95_j5_4.stl,0.456,63152,sat
../resources/benchmarks/random/b0_r5_c10_l100_i50_ps0_25_pt0_95_j5_5.stl,0.372,49012,sat
../resources/benchmarks/random/b0_r5_c10_l100_i50_ps0_2_pt0_33_j10_1.stl,0.626,45100,sat
../resources/benchmarks/random/b0_r5_c10_l100_i50_ps0_2_pt0_33_j10_2.stl,0.354,32132.8,unsat
../resources/benchmarks/random/b0_r5_c10_l100_i50_ps0_2_pt0_33_j10_3.stl,0.352,35578.4,unsat
../resources/benchmarks/random/b0_r5_c10_l100_i50_ps0_2_pt0_33_j10_4.stl,0.802,92325.6,sat
../resources/benchmarks/random/b0_r5_c10_l100_i50_ps0_2_pt0_33_j10_5.stl,0.432,77589.6,sat
../resources/benchmarks/random/b0_r5_c10_l100_i50_ps0_2_pt0_33_j5_1.stl,0.376,40733.6,sat
../resources/benchmarks/random/b0_r5_c10_l100_i50_ps0_2_pt0_33_j5_2.stl,0.368,36787.2,sat
../resources/benchmarks/random/b0_r5_c10_l100_i50_ps0_2_pt0_33_j5_3.stl,0.364,35236.8,sat
../resources/benchmarks/random/b0_r5_c10_l100_i50_ps0_2_pt0_33_j5_4.stl,0.368,35860.8,sat
../resources/benchmarks/random/b0_r5_c10_l100_i50_ps0_2_pt0_33_j5_5.stl,0.348,17010.4,unsat
../resources/benchmarks/random/b0_r5_c10_l100_i50_ps0_2_pt0_5_j10_1.stl,0.644,57273.6,sat
../resources/benchmarks/random/b0_r5_c10_l100_i50_ps0_2_pt0_5_j10_2.stl,0.386,49308,sat
../resources/benchmarks/random/b0_r5_c10_l100_i50_ps0_2_pt0_5_j10_3.stl,0.412,74178.4,sat
../resources/benchmarks/random/b0_r5_c10_l100_i50_ps0_2_pt0_5_j10_4.stl,1.01,84972.8,sat
../resources/benchmarks/random/b0_r5_c10_l100_i50_ps0_2_pt0_5_j10_5.stl,0.374,36155.2,unsat
../resources/benchmarks/random/b0_r5_c10_l100_i50_ps0_2_pt0_5_j5_1.stl,0.36,37041.6,sat
../resources/benchmarks/random/b0_r5_c10_l100_i50_ps0_2_pt0_5_j5_2.stl,0.364,38897.6,sat
../resources/benchmarks/random/b0_r5_c10_l100_i50_ps0_2_pt0_5_j5_3.stl,-1,-1,TO
../resources/benchmarks/random/b0_r5_c10_l100_i50_ps0_2_pt0_5_j5_4.stl,0.846,60056,sat
../resources/benchmarks/random/b0_r5_c10_l100_i50_ps0_2_pt0_5_j5_5.stl,0.358,39796.8,sat
../resources/benchmarks/random/b0_r5_c10_l100_i50_ps0_2_pt0_75_j10_1.stl,0.362,35539.2,unsat
../resources/benchmarks/random/b0_r5_c10_l100_i50_ps0_2_pt0_75_j10_2.stl,0.584,46017.6,unsat
../resources/benchmarks/random/b0_r5_c10_l100_i50_ps0_2_pt0_75_j10_3.stl,0.63,69922.4,sat
../resources/benchmarks/random/b0_r5_c10_l100_i50_ps0_2_pt0_75_j10_4.stl,0.61,69894.4,sat
../resources/benchmarks/random/b0_r5_c10_l100_i50_ps0_2_pt0_75_j10_5.stl,0.362,35533.6,unsat
../resources/benchmarks/random/b0_r5_c10_l100_i50_ps0_2_pt0_75_j5_1.stl,4.608,109927.2,sat
../resources/benchmarks/random/b0_r5_c10_l100_i50_ps0_2_pt0_75_j5_2.stl,0.566,60974.4,sat
../resources/benchmarks/random/b0_r5_c10_l100_i50_ps0_2_pt0_75_j5_3.stl,0.418,76019.2,sat
../resources/benchmarks/random/b0_r5_c10_l100_i50_ps0_2_pt0_75_j5_4.stl,0.354,35574.4,sat
../resources/benchmarks/random/b0_r5_c10_l100_i50_ps0_2_pt0_75_j5_5.stl,0.428,75106.4,sat
../resources/benchmarks/random/b0_r5_c10_l100_i50_ps0_2_pt0_95_j10_1.stl,0.336,17020,unsat
../resources/benchmarks/random/b0_r5_c10_l100_i50_ps0_2_pt0_95_j10_2.stl,0.378,38886.4,sat
../resources/benchmarks/random/b0_r5_c10_l100_i50_ps0_2_pt0_95_j10_3.stl,0.482,76659.2,sat
../resources/benchmarks/random/b0_r5_c10_l100_i50_ps0_2_pt0_95_j10_4.stl,0.382,58843.2,unsat
../resources/benchmarks/random/b0_r5_c10_l100_i50_ps0_2_pt0_95_j10_5.stl,0.43,45036,unsat
../resources/benchmarks/random/b0_r5_c10_l100_i50_ps0_2_pt0_95_j5_1.stl,0.388,40401.6,sat
../resources/benchmarks/random/b0_r5_c10_l100_i50_ps0_2_pt0_95_j5_2.stl,0.402,61917.6,sat
../resources/benchmarks/random/b0_r5_c10_l100_i50_ps0_2_pt0_95_j5_3.stl,0.434,58849.6,sat
../resources/benchmarks/random/b0_r5_c10_l100_i50_ps0_2_pt0_95_j5_4.stl,0.366,37989.6,sat
../resources/benchmarks/random/b0_r5_c10_l100_i50_ps0_2_pt0_95_j5_5.stl,0.35,17952,sat
../resources/benchmarks/random/b0_r5_c10_l5000_i1000_ps0_05_pt0_33_j10_1.stl,-1,-1,TO
../resources/benchmarks/random/b0_r5_c10_l5000_i1000_ps0_05_pt0_33_j10_2.stl,-1,-1,TO
../resources/benchmarks/random/b0_r5_c10_l5000_i1000_ps0_05_pt0_33_j10_3.stl,-1,-1,TO
../resources/benchmarks/random/b0_r5_c10_l5000_i1000_ps0_05_pt0_33_j10_4.stl,0.436,72780.8,unsat
../resources/benchmarks/random/b0_r5_c10_l5000_i1000_ps0_05_pt0_33_j10_5.stl,-1,-1,TO
../resources/benchmarks/random/b0_r5_c10_l5000_i1000_ps0_05_pt0_33_j5_1.stl,-1,-1,TO
../resources/benchmarks/random/b0_r5_c10_l5000_i1000_ps0_05_pt0_33_j5_2.stl,0.648,101553.6,sat
../resources/benchmarks/random/b0_r5_c10_l5000_i1000_ps0_05_pt0_33_j5_3.stl,0.382,46669.6,unsat
../resources/benchmarks/random/b0_r5_c10_l5000_i1000_ps0_05_pt0_33_j5_4.stl,0.382,50342.4,unsat
../resources/benchmarks/random/b0_r5_c10_l5000_i1000_ps0_05_pt0_33_j5_5.stl,-1,-1,TO
../resources/benchmarks/random/b0_r5_c10_l5000_i1000_ps0_05_pt0_5_j10_1.stl,-1,-1,TO
../resources/benchmarks/random/b0_r5_c10_l5000_i1000_ps0_05_pt0_5_j10_2.stl,-1,-1,TO
../resources/benchmarks/random/b0_r5_c10_l5000_i1000_ps0_05_pt0_5_j10_3.stl,-1,-1,TO
../resources/benchmarks/random/b0_r5_c10_l5000_i1000_ps0_05_pt0_5_j10_4.stl,-1,-1,TO
../resources/benchmarks/random/b0_r5_c10_l5000_i1000_ps0_05_pt0_5_j10_5.stl,0.496,72537.6,unsat
../resources/benchmarks/random/b0_r5_c10_l5000_i1000_ps0_05_pt0_5_j5_1.stl,-1,-1,TO
../resources/benchmarks/random/b0_r5_c10_l5000_i1000_ps0_05_pt0_5_j5_2.stl,0.426,71820,sat
../resources/benchmarks/random/b0_r5_c10_l5000_i1000_ps0_05_pt0_5_j5_3.stl,-1,-1,TO
../resources/benchmarks/random/b0_r5_c10_l5000_i1000_ps0_05_pt0_5_j5_4.stl,0.534,72041.6,sat
../resources/benchmarks/random/b0_r5_c10_l5000_i1000_ps0_05_pt0_5_j5_5.stl,0.454,71423.2,sat
../resources/benchmarks/random/b0_r5_c10_l5000_i1000_ps0_05_pt0_75_j10_1.stl,0.668,72692,unsat
../resources/benchmarks/random/b0_r5_c10_l5000_i1000_ps0_05_pt0_75_j10_2.stl,-1,-1,TO
../resources/benchmarks/random/b0_r5_c10_l5000_i1000_ps0_05_pt0_75_j10_3.stl,-1,-1,TO
../resources/benchmarks/random/b0_r5_c10_l5000_i1000_ps0_05_pt0_75_j10_4.stl,0.426,54614.4,unsat
../resources/benchmarks/random/b0_r5_c10_l5000_i1000_ps0_05_pt0_75_j10_5.stl,-1,-1,TO
../resources/benchmarks/random/b0_r5_c10_l5000_i1000_ps0_05_pt0_75_j5_1.stl,0.408,72017.6,sat
../resources/benchmarks/random/b0_r5_c10_l5000_i1000_ps0_05_pt0_75_j5_2.stl,-1,-1,TO
../resources/benchmarks/random/b0_r5_c10_l5000_i1000_ps0_05_pt0_75_j5_3.stl,-1,-1,TO
../resources/benchmarks/random/b0_r5_c10_l5000_i1000_ps0_05_pt0_75_j5_4.stl,-1,-1,TO
../resources/benchmarks/random/b0_r5_c10_l5000_i1000_ps0_05_pt0_75_j5_5.stl,-1,-1,TO
../resources/benchmarks/random/b0_r5_c10_l5000_i1000_ps0_05_pt0_95_j10_1.stl,-1,-1,TO
../resources/benchmarks/random/b0_r5_c10_l5000_i1000_ps0_05_pt0_95_j10_2.stl,0.40399999999999997,45569.6,unsat
../resources/benchmarks/random/b0_r5_c10_l5000_i1000_ps0_05_pt0_95_j10_3.stl,-1,-1,TO
../resources/benchmarks/random/b0_r5_c10_l5000_i1000_ps0_05_pt0_95_j10_4.stl,-1,-1,TO
../resources/benchmarks/random/b0_r5_c10_l5000_i1000_ps0_05_pt0_95_j10_5.stl,-1,-1,TO
../resources/benchmarks/random/b0_r5_c10_l5000_i1000_ps0_05_pt0_95_j5_1.stl,-1,-1,TO
../resources/benchmarks/random/b0_r5_c10_l5000_i1000_ps0_05_pt0_95_j5_2.stl,-1,-1,TO
../resources/benchmarks/random/b0_r5_c10_l5000_i1000_ps0_05_pt0_95_j5_3.stl,0.336,33660.8,unsat
../resources/benchmarks/random/b0_r5_c10_l5000_i1000_ps0_05_pt0_95_j5_4.stl,-1,-1,TO
../resources/benchmarks/random/b0_r5_c10_l5000_i1000_ps0_05_pt0_95_j5_5.stl,-1,-1,TO
../resources/benchmarks/random/b0_r5_c10_l5000_i1000_ps0_15_pt0_33_j10_1.stl,0.392,49308.8,sat
../resources/benchmarks/random/b0_r5_c10_l5000_i1000_ps0_15_pt0_33_j10_2.stl,-1,-1,TO
../resources/benchmarks/random/b0_r5_c10_l5000_i1000_ps0_15_pt0_33_j10_3.stl,29.024,562997.6,sat
../resources/benchmarks/random/b0_r5_c10_l5000_i1000_ps0_15_pt0_33_j10_4.stl,0.62,191553.6,unsat
../resources/benchmarks/random/b0_r5_c10_l5000_i1000_ps0_15_pt0_33_j10_5.stl,0.344,17004,unsat
../resources/benchmarks/random/b0_r5_c10_l5000_i1000_ps0_15_pt0_33_j5_1.stl,0.372,44680,sat
../resources/benchmarks/random/b0_r5_c10_l5000_i1000_ps0_15_pt0_33_j5_2.stl,0.352,37376.8,sat
../resources/benchmarks/random/b0_r5_c10_l5000_i1000_ps0_15_pt0_33_j5_3.stl,0.362,44660.8,sat
../resources/benchmarks/random/b0_r5_c10_l5000_i1000_ps0_15_pt0_33_j5_4.stl,0.358,34299.2,unsat
../resources/benchmarks/random/b0_r5_c10_l5000_i1000_ps0_15_pt0_33_j5_5.stl,0.498,122131.2,sat
../resources/benchmarks/random/b0_r5_c10_l5000_i1000_ps0_15_pt0_5_j10_1.stl,-1,-1,TO
../resources/benchmarks/random/b0_r5_c10_l5000_i1000_ps0_15_pt0_5_j10_2.stl,0.354,46248,sat
../resources/benchmarks/random/b0_r5_c10_l5000_i1000_ps0_15_pt0_5_j10_3.stl,0.346,33352,unsat
../resources/benchmarks/random/b0_r5_c10_l5000_i1000_ps0_15_pt0_5_j10_4.stl,0.348,35569.6,unsat
../resources/benchmarks/random/b0_r5_c10_l5000_i1000_ps0_15_pt0_5_j10_5.stl,-1,-1,TO
../resources/benchmarks/random/b0_r5_c10_l5000_i1000_ps0_15_pt0_5_j5_1.stl,0.4,68999.2,sat
../resources/benchmarks/random/b0_r5_c10_l5000_i1000_ps0_15_pt0_5_j5_2.stl,0.372,46867.2,sat
../resources/benchmarks/random/b0_r5_c10_l5000_i1000_ps0_15_pt0_5_j5_3.stl,0.362,39468,sat
../resources/benchmarks/random/b0_r5_c10_l5000_i1000_ps0_15_pt0_5_j5_4.stl,0.35,35543.2,sat
../resources/benchmarks/random/b0_r5_c10_l5000_i1000_ps0_15_pt0_5_j5_5.stl,0.37,43136.8,sat
../resources/benchmarks/random/b0_r5_c10_l5000_i1000_ps0_15_pt0_75_j10_1.stl,0.386,22536,unsat
../resources/benchmarks/random/b0_r5_c10_l5000_i1000_ps0_15_pt0_75_j10_2.stl,0.316,18226.4,unsat
../resources/benchmarks/random/b0_r5_c10_l5000_i1000_ps0_15_pt0_75_j10_3.stl,-1,-1,TO
../resources/benchmarks/random/b0_r5_c10_l5000_i1000_ps0_15_pt0_75_j10_4.stl,0.332,17011.2,unsat
../resources/benchmarks/random/b0_r5_c10_l5000_i1000_ps0_15_pt0_75_j10_5.stl,-1,-1,TO
../resources/benchmarks/random/b0_r5_c10_l5000_i1000_ps0_15_pt0_75_j5_1.stl,0.668,261262.4,sat
../resources/benchmarks/random/b0_r5_c10_l5000_i1000_ps0_15_pt0_75_j5_2.stl,-1,-1,TO
../resources/benchmarks/random/b0_r5_c10_l5000_i1000_ps0_15_pt0_75_j5_3.stl,0.368,40132.8,sat
../resources/benchmarks/random/b0_r5_c10_l5000_i1000_ps0_15_pt0_75_j5_4.stl,1.104,723615.2,sat
../resources/benchmarks/random/b0_r5_c10_l5000_i1000_ps0_15_pt0_75_j5_5.stl,-1,-1,TO
../resources/benchmarks/random/b0_r5_c10_l5000_i1000_ps0_15_pt0_95_j10_1.stl,-1,-1,TO
../resources/benchmarks/random/b0_r5_c10_l5000_i1000_ps0_15_pt0_95_j10_2.stl,0.348,17015.2,unsat
../resources/benchmarks/random/b0_r5_c10_l5000_i1000_ps0_15_pt0_95_j10_3.stl,0.366,44648,unsat
../resources/benchmarks/random/b0_r5_c10_l5000_i1000_ps0_15_pt0_95_j10_4.stl,1.332,377392.8,sat
../resources/benchmarks/random/b0_r5_c10_l5000_i1000_ps0_15_pt0_95_j10_5.stl,-1,-1,TO
../resources/benchmarks/random/b0_r5_c10_l5000_i1000_ps0_15_pt0_95_j5_1.stl,-1,-1,TO
../resources/benchmarks/random/b0_r5_c10_l5000_i1000_ps0_15_pt0_95_j5_2.stl,82.956,1973316.8,sat
../resources/benchmarks/random/b0_r5_c10_l5000_i1000_ps0_15_pt0_95_j5_3.stl,0.332,17623.2,unsat
../resources/benchmarks/random/b0_r5_c10_l5000_i1000_ps0_15_pt0_95_j5_4.stl,0.334,17321.6,unsat
../resources/benchmarks/random/b0_r5_c10_l5000_i1000_ps0_15_pt0_95_j5_5.stl,0.636,108607.2,sat
../resources/benchmarks/random/b0_r5_c10_l5000_i1000_ps0_1_pt0_33_j10_1.stl,0.35,17006.4,unsat
../resources/benchmarks/random/b0_r5_c10_l5000_i1000_ps0_1_pt0_33_j10_2.stl,-1,-1,TO
../resources/benchmarks/random/b0_r5_c10_l5000_i1000_ps0_1_pt0_33_j10_3.stl,0.332,17951.2,unsat
../resources/benchmarks/random/b0_r5_c10_l5000_i1000_ps0_1_pt0_33_j10_4.stl,1.05,370948.8,sat
../resources/benchmarks/random/b0_r5_c10_l5000_i1000_ps0_1_pt0_33_j10_5.stl,48.578,2325984.8,sat
../resources/benchmarks/random/b0_r5_c10_l5000_i1000_ps0_1_pt0_33_j5_1.stl,0.374,39498.4,sat
../resources/benchmarks/random/b0_r5_c10_l5000_i1000_ps0_1_pt0_33_j5_2.stl,1.862,388453.6,sat
../resources/benchmarks/random/b0_r5_c10_l5000_i1000_ps0_1_pt0_33_j5_3.stl,0.376,40436.8,sat
../resources/benchmarks/random/b0_r5_c10_l5000_i1000_ps0_1_pt0_33_j5_4.stl,0.398,66217.6,sat
../resources/benchmarks/random/b0_r5_c10_l5000_i1000_ps0_1_pt0_33_j5_5.stl,77.092,20380128,sat
../resources/benchmarks/random/b0_r5_c10_l5000_i1000_ps0_1_pt0_5_j10_1.stl,0.348,17010.4,unsat
../resources/benchmarks/random/b0_r5_c10_l5000_i1000_ps0_1_pt0_5_j10_2.stl,0.456,76069.6,unsat
../resources/benchmarks/random/b0_r5_c10_l5000_i1000_ps0_1_pt0_5_j10_3.stl,-1,-1,TO
../resources/benchmarks/random/b0_r5_c10_l5000_i1000_ps0_1_pt0_5_j10_4.stl,-1,-1,TO
../resources/benchmarks/random/b0_r5_c10_l5000_i1000_ps0_1_pt0_5_j10_5.stl,-1,-1,TO
../resources/benchmarks/random/b0_r5_c10_l5000_i1000_ps0_1_pt0_5_j5_1.stl,0.432,79115.2,sat
../resources/benchmarks/random/b0_r5_c10_l5000_i1000_ps0_1_pt0_5_j5_2.stl,0.364,44988.8,sat
../resources/benchmarks/random/b0_r5_c10_l5000_i1000_ps0_1_pt0_5_j5_3.stl,0.77,178336.8,sat
../resources/benchmarks/random/b0_r5_c10_l5000_i1000_ps0_1_pt0_5_j5_4.stl,-1,-1,TO
../resources/benchmarks/random/b0_r5_c10_l5000_i1000_ps0_1_pt0_5_j5_5.stl,0.376,67233.6,sat
../resources/benchmarks/random/b0_r5_c10_l5000_i1000_ps0_1_pt0_75_j10_1.stl,18.19,2127560.8,sat
../resources/benchmarks/random/b0_r5_c10_l5000_i1000_ps0_1_pt0_75_j10_2.stl,-1,-1,TO
../resources/benchmarks/random/b0_r5_c10_l5000_i1000_ps0_1_pt0_75_j10_3.stl,0.36,35545.6,unsat
../resources/benchmarks/random/b0_r5_c10_l5000_i1000_ps0_1_pt0_75_j10_4.stl,-1,-1,TO
../resources/benchmarks/random/b0_r5_c10_l5000_i1000_ps0_1_pt0_75_j10_5.stl,-1,-1,TO
../resources/benchmarks/random/b0_r5_c10_l5000_i1000_ps0_1_pt0_75_j5_1.stl,58.28,2473421.6,sat
../resources/benchmarks/random/b0_r5_c10_l5000_i1000_ps0_1_pt0_75_j5_2.stl,1.256,289858.4,sat
../resources/benchmarks/random/b0_r5_c10_l5000_i1000_ps0_1_pt0_75_j5_3.stl,-1,-1,TO
../resources/benchmarks/random/b0_r5_c10_l5000_i1000_ps0_1_pt0_75_j5_4.stl,3.69,799496,sat
../resources/benchmarks/random/b0_r5_c10_l5000_i1000_ps0_1_pt0_75_j5_5.stl,1.222,398577.6,sat
../resources/benchmarks/random/b0_r5_c10_l5000_i1000_ps0_1_pt0_95_j10_1.stl,-1,-1,TO
../resources/benchmarks/random/b0_r5_c10_l5000_i1000_ps0_1_pt0_95_j10_2.stl,-1,-1,TO
../resources/benchmarks/random/b0_r5_c10_l5000_i1000_ps0_1_pt0_95_j10_3.stl,-1,-1,TO
../resources/benchmarks/random/b0_r5_c10_l5000_i1000_ps0_1_pt0_95_j10_4.stl,-1,-1,TO
../resources/benchmarks/random/b0_r5_c10_l5000_i1000_ps0_1_pt0_95_j10_5.stl,0.368,46722.4,unsat
../resources/benchmarks/random/b0_r5_c10_l5000_i1000_ps0_1_pt0_95_j5_1.stl,-1,-1,TO
../resources/benchmarks/random/b0_r5_c10_l5000_i1000_ps0_1_pt0_95_j5_2.stl,0.408,70847.2,sat
../resources/benchmarks/random/b0_r5_c10_l5000_i1000_ps0_1_pt0_95_j5_3.stl,-1,-1,TO
../resources/benchmarks/random/b0_r5_c10_l5000_i1000_ps0_1_pt0_95_j5_4.stl,1.048,562652,sat
../resources/benchmarks/random/b0_r5_c10_l5000_i1000_ps0_1_pt0_95_j5_5.stl,-1,-1,TO
../resources/benchmarks/random/b0_r5_c10_l5000_i1000_ps0_25_pt0_33_j10_1.stl,68.628,2336120.8,sat
../resources/benchmarks/random/b0_r5_c10_l5000_i1000_ps0_25_pt0_33_j10_2.stl,0.752,312008,sat
../resources/benchmarks/random/b0_r5_c10_l5000_i1000_ps0_25_pt0_33_j10_3.stl,0.346,33056,unsat
../resources/benchmarks/random/b0_r5_c10_l5000_i1000_ps0_25_pt0_33_j10_4.stl,0.374,22527.2,unsat
../resources/benchmarks/random/b0_r5_c10_l5000_i1000_ps0_25_pt0_33_j10_5.stl,0.364,55020.8,sat
../resources/benchmarks/random/b0_r5_c10_l5000_i1000_ps0_25_pt0_33_j5_1.stl,0.348,35836.8,sat
../resources/benchmarks/random/b0_r5_c10_l5000_i1000_ps0_25_pt0_33_j5_2.stl,0.334,35560.8,sat
../resources/benchmarks/random/b0_r5_c10_l5000_i1000_ps0_25_pt0_33_j5_3.stl,0.332,34028.8,sat
../resources/benchmarks/random/b0_r5_c10_l5000_i1000_ps0_25_pt0_33_j5_4.stl,0.348,38880.8,unsat
../resources/benchmarks/random/b0_r5_c10_l5000_i1000_ps0_25_pt0_33_j5_5.stl,-1,-1,TO
../resources/benchmarks/random/b0_r5_c10_l5000_i1000_ps0_25_pt0_5_j10_1.stl,0.334,17620,unsat
../resources/benchmarks/random/b0_r5_c10_l5000_i1000_ps0_25_pt0_5_j10_2.stl,0.39,28315.2,unsat
../resources/benchmarks/random/b0_r5_c10_l5000_i1000_ps0_25_pt0_5_j10_3.stl,0.698,357448,sat
../resources/benchmarks/random/b0_r5_c10_l5000_i1000_ps0_25_pt0_5_j10_4.stl,0.328,17324.8,unsat
../resources/benchmarks/random/b0_r5_c10_l5000_i1000_ps0_25_pt0_5_j10_5.stl,0.34400000000000003,43480.8,unsat
../resources/benchmarks/random/b0_r5_c10_l5000_i1000_ps0_25_pt0_5_j5_1.stl,0.716,319376,sat
../resources/benchmarks/random/b0_r5_c10_l5000_i1000_ps0_25_pt0_5_j5_2.stl,0.398,86185.6,sat
../resources/benchmarks/random/b0_r5_c10_l5000_i1000_ps0_25_pt0_5_j5_3.stl,0.336,35215.2,sat
../resources/benchmarks/random/b0_r5_c10_l5000_i1000_ps0_25_pt0_5_j5_4.stl,0.356,44637.6,sat
../resources/benchmarks/random/b0_r5_c10_l5000_i1000_ps0_25_pt0_5_j5_5.stl,0.32,17304.8,unsat
../resources/benchmarks/random/b0_r5_c10_l5000_i1000_ps0_25_pt0_75_j10_1.stl,12.074,1824604.8,sat
../resources/benchmarks/random/b0_r5_c10_l5000_i1000_ps0_25_pt0_75_j10_2.stl,0.352,35265.6,unsat
../resources/benchmarks/random/b0_r5_c10_l5000_i1000_ps0_25_pt0_75_j10_3.stl,0.34400000000000003,44068.8,unsat
../resources/benchmarks/random/b0_r5_c10_l5000_i1000_ps0_25_pt0_75_j10_4.stl,-1,-1,TO
../resources/benchmarks/random/b0_r5_c10_l5000_i1000_ps0_25_pt0_75_j10_5.stl,0.9380000000000001,125501.6,unsat
../resources/benchmarks/random/b0_r5_c10_l5000_i1000_ps0_25_pt0_75_j5_1.stl,0.346,49916.8,sat
../resources/benchmarks/random/b0_r5_c10_l5000_i1000_ps0_25_pt0_75_j5_2.stl,0.326,33036.8,sat
../resources/benchmarks/random/b0_r5_c10_l5000_i1000_ps0_25_pt0_75_j5_3.stl,0.318,17308.8,unsat
../resources/benchmarks/random/b0_r5_c10_l5000_i1000_ps0_25_pt0_75_j5_4.stl,0.394,76032.8,sat
../resources/benchmarks/random/b0_r5_c10_l5000_i1000_ps0_25_pt0_75_j5_5.stl,0.366,44426.4,sat
../resources/benchmarks/random/b0_r5_c10_l5000_i1000_ps0_25_pt0_95_j10_1.stl,0.364,37056.8,unsat
../resources/benchmarks/random/b0_r5_c10_l5000_i1000_ps0_25_pt0_95_j10_2.stl,-1,-1,TO
../resources/benchmarks/random/b0_r5_c10_l5000_i1000_ps0_25_pt0_95_j10_3.stl,0.334,17605.6,unsat
../resources/benchmarks/random/b0_r5_c10_l5000_i1000_ps0_25_pt0_95_j10_4.stl,0.54,145759.2,sat
../resources/benchmarks/random/b0_r5_c10_l5000_i1000_ps0_25_pt0_95_j10_5.stl,9.932,1848580,sat
../resources/benchmarks/random/b0_r5_c10_l5000_i1000_ps0_25_pt0_95_j5_1.stl,0.46599999999999997,126135.2,sat
../resources/benchmarks/random/b0_r5_c10_l5000_i1000_ps0_25_pt0_95_j5_2.stl,0.926,269572,sat
../resources/benchmarks/random/b0_r5_c10_l5000_i1000_ps0_25_pt0_95_j5_3.stl,0.488,143648.8,sat
../resources/benchmarks/random/b0_r5_c10_l5000_i1000_ps0_25_pt0_95_j5_4.stl,2.254,1554300,sat
../resources/benchmarks/random/b0_r5_c10_l5000_i1000_ps0_25_pt0_95_j5_5.stl,-1,-1,TO
../resources/benchmarks/random/b0_r5_c10_l5000_i1000_ps0_2_pt0_33_j10_1.stl,0.408,88329.6,sat
../resources/benchmarks/random/b0_r5_c10_l5000_i1000_ps0_2_pt0_33_j10_2.stl,-1,-1,TO
../resources/benchmarks/random/b0_r5_c10_l5000_i1000_ps0_2_pt0_33_j10_3.stl,0.34,33345.6,unsat
../resources/benchmarks/random/b0_r5_c10_l5000_i1000_ps0_2_pt0_33_j10_4.stl,0.342,34011.2,unsat
../resources/benchmarks/random/b0_r5_c10_l5000_i1000_ps0_2_pt0_33_j10_5.stl,0.368,53017.6,sat
../resources/benchmarks/random/b0_r5_c10_l5000_i1000_ps0_2_pt0_33_j5_1.stl,0.35,42832.8,sat
../resources/benchmarks/random/b0_r5_c10_l5000_i1000_ps0_2_pt0_33_j5_2.stl,0.36,48745.6,sat
../resources/benchmarks/random/b0_r5_c10_l5000_i1000_ps0_2_pt0_33_j5_3.stl,0.346,35552.8,sat
../resources/benchmarks/random/b0_r5_c10_l5000_i1000_ps0_2_pt0_33_j5_4.stl,0.48,100639.2,sat
../resources/benchmarks/random/b0_r5_c10_l5000_i1000_ps0_2_pt0_33_j5_5.stl,0.338,37382.4,sat
../resources/benchmarks/random/b0_r5_c10_l5000_i1000_ps0_2_pt0_5_j10_1.stl,23.912,2717794.4,sat
../resources/benchmarks/random/b0_r5_c10_l5000_i1000_ps0_2_pt0_5_j10_2.stl,-1,-1,TO
../resources/benchmarks/random/b0_r5_c10_l5000_i1000_ps0_2_pt0_5_j10_3.stl,88.184,2374532,sat
../resources/benchmarks/random/b0_r5_c10_l5000_i1000_ps0_2_pt0_5_j10_4.stl,0.35000000000000003,37036.8,unsat
../resources/benchmarks/random/b0_r5_c10_l5000_i1000_ps0_2_pt0_5_j10_5.stl,0.622,239479.2,sat
../resources/benchmarks/random/b0_r5_c10_l5000_i1000_ps0_2_pt0_5_j5_1.stl,0.35,40740,sat
../resources/benchmarks/random/b0_r5_c10_l5000_i1000_ps0_2_pt0_5_j5_2.stl,0.34400000000000003,41943.2,sat
../resources/benchmarks/random/b0_r5_c10_l5000_i1000_ps0_2_pt0_5_j5_3.stl,0.342,35869.6,sat
../resources/benchmarks/random/b0_r5_c10_l5000_i1000_ps0_2_pt0_5_j5_4.stl,0.342,43140,sat
../resources/benchmarks/random/b0_r5_c10_l5000_i1000_ps0_2_pt0_5_j5_5.stl,0.35,35598.4,sat
../resources/benchmarks/random/b0_r5_c10_l5000_i1000_ps0_2_pt0_75_j10_1.stl,-1,-1,TO
../resources/benchmarks/random/b0_r5_c10_l5000_i1000_ps0_2_pt0_75_j10_2.stl,0.422,91094.4,unsat
../resources/benchmarks/random/b0_r5_c10_l5000_i1000_ps0_2_pt0_75_j10_3.stl,0.358,36410.4,unsat
../resources/benchmarks/random/b0_r5_c10_l5000_i1000_ps0_2_pt0_75_j10_4.stl,-1,-1,TO
../resources/benchmarks/random/b0_r5_c10_l5000_i1000_ps0_2_pt0_75_j10_5.stl,0.346,17002.4,unsat
../resources/benchmarks/random/b0_r5_c10_l5000_i1000_ps0_2_pt0_75_j5_1.stl,-1,-1,TO
../resources/benchmarks/random/b0_r5_c10_l5000_i1000_ps0_2_pt0_75_j5_2.stl,-1,-1,TO
../resources/benchmarks/random/b0_r5_c10_l5000_i1000_ps0_2_pt0_75_j5_3.stl,0.348,34615.2,sat
../resources/benchmarks/random/b0_r5_c10_l5000_i1000_ps0_2_pt0_75_j5_4.stl,1.678,473596,sat
../resources/benchmarks/random/b0_r5_c10_l5000_i1000_ps0_2_pt0_75_j5_5.stl,0.354,39186.4,unsat
../resources/benchmarks/random/b0_r5_c10_l5000_i1000_ps0_2_pt0_95_j10_1.stl,0.348,43500.8,unsat
../resources/benchmarks/random/b0_r5_c10_l5000_i1000_ps0_2_pt0_95_j10_2.stl,6.872,195860,sat
../resources/benchmarks/random/b0_r5_c10_l5000_i1000_ps0_2_pt0_95_j10_3.stl,-1,-1,TO
../resources/benchmarks/random/b0_r5_c10_l5000_i1000_ps0_2_pt0_95_j10_4.stl,1.634,413972,sat
../resources/benchmarks/random/b0_r5_c10_l5000_i1000_ps0_2_pt0_95_j10_5.stl,-1,-1,TO
../resources/benchmarks/random/b0_r5_c10_l5000_i1000_ps0_2_pt0_95_j5_1.stl,0.382,22540.8,unsat
../resources/benchmarks/random/b0_r5_c10_l5000_i1000_ps0_2_pt0_95_j5_2.stl,0.366,38582.4,sat
../resources/benchmarks/random/b0_r5_c10_l5000_i1000_ps0_2_pt0_95_j5_3.stl,0.454,119662.4,sat
../resources/benchmarks/random/b0_r5_c10_l5000_i1000_ps0_2_pt0_95_j5_4.stl,0.372,63936.8,sat
../resources/benchmarks/random/b0_r5_c10_l5000_i1000_ps0_2_pt0_95_j5_5.stl,-1,-1,TO
../resources/benchmarks/random/b0_r5_c10_l5000_i50_ps0_05_pt0_33_j10_1.stl,-1,-1,TO
../resources/benchmarks/random/b0_r5_c10_l5000_i50_ps0_05_pt0_33_j10_2.stl,-1,-1,TO
../resources/benchmarks/random/b0_r5_c10_l5000_i50_ps0_05_pt0_33_j10_3.stl,-1,-1,TO
../resources/benchmarks/random/b0_r5_c10_l5000_i50_ps0_05_pt0_33_j10_4.stl,-1,-1,TO
../resources/benchmarks/random/b0_r5_c10_l5000_i50_ps0_05_pt0_33_j10_5.stl,-1,-1,TO
../resources/benchmarks/random/b0_r5_c10_l5000_i50_ps0_05_pt0_33_j5_1.stl,-1,-1,TO
../resources/benchmarks/random/b0_r5_c10_l5000_i50_ps0_05_pt0_33_j5_2.stl,13.12,313600,sat
../resources/benchmarks/random/b0_r5_c10_l5000_i50_ps0_05_pt0_33_j5_3.stl,-1,-1,TO
../resources/benchmarks/random/b0_r5_c10_l5000_i50_ps0_05_pt0_33_j5_4.stl,0.398,71508,sat
../resources/benchmarks/random/b0_r5_c10_l5000_i50_ps0_05_pt0_33_j5_5.stl,0.416,71456.8,sat
../resources/benchmarks/random/b0_r5_c10_l5000_i50_ps0_05_pt0_5_j10_1.stl,-1,-1,TO
../resources/benchmarks/random/b0_r5_c10_l5000_i50_ps0_05_pt0_5_j10_2.stl,-1,-1,TO
../resources/benchmarks/random/b0_r5_c10_l5000_i50_ps0_05_pt0_5_j10_3.stl,-1,-1,TO
../resources/benchmarks/random/b0_r5_c10_l5000_i50_ps0_05_pt0_5_j10_4.stl,-1,-1,TO
../resources/benchmarks/random/b0_r5_c10_l5000_i50_ps0_05_pt0_5_j10_5.stl,-1,-1,TO
../resources/benchmarks/random/b0_r5_c10_l5000_i50_ps0_05_pt0_5_j5_1.stl,-1,-1,TO
../resources/benchmarks/random/b0_r5_c10_l5000_i50_ps0_05_pt0_5_j5_2.stl,0.408,59688.8,sat
../resources/benchmarks/random/b0_r5_c10_l5000_i50_ps0_05_pt0_5_j5_3.stl,-1,-1,TO
../resources/benchmarks/random/b0_r5_c10_l5000_i50_ps0_05_pt0_5_j5_4.stl,0.386,46379.2,sat
../resources/benchmarks/random/b0_r5_c10_l5000_i50_ps0_05_pt0_5_j5_5.stl,-1,-1,TO
../resources/benchmarks/random/b0_r5_c10_l5000_i50_ps0_05_pt0_75_j10_1.stl,-1,-1,TO
../resources/benchmarks/random/b0_r5_c10_l5000_i50_ps0_05_pt0_75_j10_2.stl,-1,-1,TO
../resources/benchmarks/random/b0_r5_c10_l5000_i50_ps0_05_pt0_75_j10_3.stl,-1,-1,TO
../resources/benchmarks/random/b0_r5_c10_l5000_i50_ps0_05_pt0_75_j10_4.stl,-1,-1,TO
../resources/benchmarks/random/b0_r5_c10_l5000_i50_ps0_05_pt0_75_j10_5.stl,-1,-1,TO
../resources/benchmarks/random/b0_r5_c10_l5000_i50_ps0_05_pt0_75_j5_1.stl,-1,-1,TO
../resources/benchmarks/random/b0_r5_c10_l5000_i50_ps0_05_pt0_75_j5_2.stl,-1,-1,TO
../resources/benchmarks/random/b0_r5_c10_l5000_i50_ps0_05_pt0_75_j5_3.stl,0.736,144258.4,sat
../resources/benchmarks/random/b0_r5_c10_l5000_i50_ps0_05_pt0_75_j5_4.stl,4.35,1121744,sat
../resources/benchmarks/random/b0_r5_c10_l5000_i50_ps0_05_pt0_75_j5_5.stl,-1,-1,TO
../resources/benchmarks/random/b0_r5_c10_l5000_i50_ps0_05_pt0_95_j10_1.stl,-1,-1,TO
../resources/benchmarks/random/b0_r5_c10_l5000_i50_ps0_05_pt0_95_j10_2.stl,-1,-1,TO
../resources/benchmarks/random/b0_r5_c10_l5000_i50_ps0_05_pt0_95_j10_3.stl,0.39,46228.8,unsat
../resources/benchmarks/random/b0_r5_c10_l5000_i50_ps0_05_pt0_95_j10_4.stl,0.406,49704.8,unsat
../resources/benchmarks/random/b0_r5_c10_l5000_i50_ps0_05_pt0_95_j10_5.stl,112.27,10757668,sat
../resources/benchmarks/random/b0_r5_c10_l5000_i50_ps0_05_pt0_95_j5_1.stl,0.362,38007.2,sat
../resources/benchmarks/random/b0_r5_c10_l5000_i50_ps0_05_pt0_95_j5_2.stl,0.404,69850.4,sat
../resources/benchmarks/random/b0_r5_c10_l5000_i50_ps0_05_pt0_95_j5_3.stl,-1,-1,TO
../resources/benchmarks/random/b0_r5_c10_l5000_i50_ps0_05_pt0_95_j5_4.stl,-1,-1,TO
../resources/benchmarks/random/b0_r5_c10_l5000_i50_ps0_05_pt0_95_j5_5.stl,0.358,20996,unsat
../resources/benchmarks/random/b0_r5_c10_l5000_i50_ps0_15_pt0_33_j10_1.stl,0.34,17014.4,unsat
../resources/benchmarks/random/b0_r5_c10_l5000_i50_ps0_15_pt0_33_j10_2.stl,72.228,3773792,sat
../resources/benchmarks/random/b0_r5_c10_l5000_i50_ps0_15_pt0_33_j10_3.stl,0.34,35542.4,unsat
../resources/benchmarks/random/b0_r5_c10_l5000_i50_ps0_15_pt0_33_j10_4.stl,42.464,2723352.8,sat
../resources/benchmarks/random/b0_r5_c10_l5000_i50_ps0_15_pt0_33_j10_5.stl,0.34400000000000003,34652,unsat
../resources/benchmarks/random/b0_r5_c10_l5000_i50_ps0_15_pt0_33_j5_1.stl,0.342,38598.4,sat
../resources/benchmarks/random/b0_r5_c10_l5000_i50_ps0_15_pt0_33_j5_2.stl,0.694,273584,sat
../resources/benchmarks/random/b0_r5_c10_l5000_i50_ps0_15_pt0_33_j5_3.stl,0.372,49878.4,sat
../resources/benchmarks/random/b0_r5_c10_l5000_i50_ps0_15_pt0_33_j5_4.stl,4.702,2186788,sat
../resources/benchmarks/random/b0_r5_c10_l5000_i50_ps0_15_pt0_33_j5_5.stl,2.926,2059325.6,sat
../resources/benchmarks/random/b0_r5_c10_l5000_i50_ps0_15_pt0_5_j10_1.stl,81.10000000000001,3185300.8,sat
../resources/benchmarks/random/b0_r5_c10_l5000_i50_ps0_15_pt0_5_j10_2.stl,0.748,70908,sat
../resources/benchmarks/random/b0_r5_c10_l5000_i50_ps0_15_pt0_5_j10_3.stl,0.342,38212,unsat
../resources/benchmarks/random/b0_r5_c10_l5000_i50_ps0_15_pt0_5_j10_4.stl,0.378,44089.6,unsat
../resources/benchmarks/random/b0_r5_c10_l5000_i50_ps0_15_pt0_5_j10_5.stl,0.38,45307.2,sat
../resources/benchmarks/random/b0_r5_c10_l5000_i50_ps0_15_pt0_5_j5_1.stl,0.38,58852.8,sat
../resources/benchmarks/random/b0_r5_c10_l5000_i50_ps0_15_pt0_5_j5_2.stl,0.352,35232.8,sat
../resources/benchmarks/random/b0_r5_c10_l5000_i50_ps0_15_pt0_5_j5_3.stl,0.376,50825.6,sat
../resources/benchmarks/random/b0_r5_c10_l5000_i50_ps0_15_pt0_5_j5_4.stl,3.646,2062402.4,sat
../resources/benchmarks/random/b0_r5_c10_l5000_i50_ps0_15_pt0_5_j5_5.stl,0.526,70814.4,sat
../resources/benchmarks/random/b0_r5_c10_l5000_i50_ps0_15_pt0_75_j10_1.stl,2.24,105440,sat
../resources/benchmarks/random/b0_r5_c10_l5000_i50_ps0_15_pt0_75_j10_2.stl,23.998,4088444.8,sat
../resources/benchmarks/random/b0_r5_c10_l5000_i50_ps0_15_pt0_75_j10_3.stl,-1,-1,TO
../resources/benchmarks/random/b0_r5_c10_l5000_i50_ps0_15_pt0_75_j10_4.stl,-1,-1,TO
../resources/benchmarks/random/b0_r5_c10_l5000_i50_ps0_15_pt0_75_j10_5.stl,0.522,166678.4,unsat
../resources/benchmarks/random/b0_r5_c10_l5000_i50_ps0_15_pt0_75_j5_1.stl,23.422,2193854.4,sat
../resources/benchmarks/random/b0_r5_c10_l5000_i50_ps0_15_pt0_75_j5_2.stl,0.324,17636,unsat
../resources/benchmarks/random/b0_r5_c10_l5000_i50_ps0_15_pt0_75_j5_3.stl,75.968,2305071.2,sat
../resources/benchmarks/random/b0_r5_c10_l5000_i50_ps0_15_pt0_75_j5_4.stl,0.348,45603.2,sat
../resources/benchmarks/random/b0_r5_c10_l5000_i50_ps0_15_pt0_75_j5_5.stl,0.346,35552,unsat
../resources/benchmarks/random/b0_r5_c10_l5000_i50_ps0_15_pt0_95_j10_1.stl,-1,-1,TO
../resources/benchmarks/random/b0_r5_c10_l5000_i50_ps0_15_pt0_95_j10_2.stl,62.722,2193868,sat
../resources/benchmarks/random/b0_r5_c10_l5000_i50_ps0_15_pt0_95_j10_3.stl,49.7,2235377.6,sat
../resources/benchmarks/random/b0_r5_c10_l5000_i50_ps0_15_pt0_95_j10_4.stl,0.99,72512.8,sat
../resources/benchmarks/random/b0_r5_c10_l5000_i50_ps0_15_pt0_95_j10_5.stl,-1,-1,TO
../resources/benchmarks/random/b0_r5_c10_l5000_i50_ps0_15_pt0_95_j5_1.stl,0.628,165152,sat
../resources/benchmarks/random/b0_r5_c10_l5000_i50_ps0_15_pt0_95_j5_2.stl,0.338,17022.4,unsat
../resources/benchmarks/random/b0_r5_c10_l5000_i50_ps0_15_pt0_95_j5_3.stl,0.788,72915.2,sat
../resources/benchmarks/random/b0_r5_c10_l5000_i50_ps0_15_pt0_95_j5_4.stl,0.732,107690.4,sat
../resources/benchmarks/random/b0_r5_c10_l5000_i50_ps0_15_pt0_95_j5_5.stl,0.34199999999999997,34618.4,sat
../resources/benchmarks/random/b0_r5_c10_l5000_i50_ps0_1_pt0_33_j10_1.stl,-1,-1,TO
../resources/benchmarks/random/b0_r5_c10_l5000_i50_ps0_1_pt0_33_j10_2.stl,-1,-1,TO
../resources/benchmarks/random/b0_r5_c10_l5000_i50_ps0_1_pt0_33_j10_3.stl,0.36,43761.6,unsat
../resources/benchmarks/random/b0_r5_c10_l5000_i50_ps0_1_pt0_33_j10_4.stl,0.374,51818.4,sat
../resources/benchmarks/random/b0_r5_c10_l5000_i50_ps0_1_pt0_33_j10_5.stl,2.686,112579.2,sat
../resources/benchmarks/random/b0_r5_c10_l5000_i50_ps0_1_pt0_33_j5_1.stl,0.352,37391.2,sat
../resources/benchmarks/random/b0_r5_c10_l5000_i50_ps0_1_pt0_33_j5_2.stl,0.332,17307.2,unsat
../resources/benchmarks/random/b0_r5_c10_l5000_i50_ps0_1_pt0_33_j5_3.stl,0.34,39194.4,sat
../resources/benchmarks/random/b0_r5_c10_l5000_i50_ps0_1_pt0_33_j5_4.stl,0.44,128273.6,sat
../resources/benchmarks/random/b0_r5_c10_l5000_i50_ps0_1_pt0_33_j5_5.stl,0.35,44672.8,sat
../resources/benchmarks/random/b0_r5_c10_l5000_i50_ps0_1_pt0_5_j10_1.stl,-1,-1,TO
../resources/benchmarks/random/b0_r5_c10_l5000_i50_ps0_1_pt0_5_j10_2.stl,-1,-1,TO
../resources/benchmarks/random/b0_r5_c10_l5000_i50_ps0_1_pt0_5_j10_3.stl,-1,-1,TO
../resources/benchmarks/random/b0_r5_c10_l5000_i50_ps0_1_pt0_5_j10_4.stl,-1,-1,TO
../resources/benchmarks/random/b0_r5_c10_l5000_i50_ps0_1_pt0_5_j10_5.stl,-1,-1,TO
../resources/benchmarks/random/b0_r5_c10_l5000_i50_ps0_1_pt0_5_j5_1.stl,0.412,72984,sat
../resources/benchmarks/random/b0_r5_c10_l5000_i50_ps0_1_pt0_5_j5_2.stl,101.452,2420906.4,sat
../resources/benchmarks/random/b0_r5_c10_l5000_i50_ps0_1_pt0_5_j5_3.stl,0.362,37058.4,sat
../resources/benchmarks/random/b0_r5_c10_l5000_i50_ps0_1_pt0_5_j5_4.stl,0.386,70509.6,sat
../resources/benchmarks/random/b0_r5_c10_l5000_i50_ps0_1_pt0_5_j5_5.stl,0.334,36440,sat
../resources/benchmarks/random/b0_r5_c10_l5000_i50_ps0_1_pt0_75_j10_1.stl,90.308,2226122.4,sat
../resources/benchmarks/random/b0_r5_c10_l5000_i50_ps0_1_pt0_75_j10_2.stl,0.488,80050.4,sat
../resources/benchmarks/random/b0_r5_c10_l5000_i50_ps0_1_pt0_75_j10_3.stl,0.522,183272.8,sat
../resources/benchmarks/random/b0_r5_c10_l5000_i50_ps0_1_pt0_75_j10_4.stl,5.158,2182828,sat
../resources/benchmarks/random/b0_r5_c10_l5000_i50_ps0_1_pt0_75_j10_5.stl,0.928,613673.6,sat
../resources/benchmarks/random/b0_r5_c10_l5000_i50_ps0_1_pt0_75_j5_1.stl,0.512,169429.6,sat
../resources/benchmarks/random/b0_r5_c10_l5000_i50_ps0_1_pt0_75_j5_2.stl,0.44,70614.4,sat
../resources/benchmarks/random/b0_r5_c10_l5000_i50_ps0_1_pt0_75_j5_3.stl,0.386,58847.2,unsat
../resources/benchmarks/random/b0_r5_c10_l5000_i50_ps0_1_pt0_75_j5_4.stl,5.934,2226131.2,sat
../resources/benchmarks/random/b0_r5_c10_l5000_i50_ps0_1_pt0_75_j5_5.stl,0.402,70934.4,sat
../resources/benchmarks/random/b0_r5_c10_l5000_i50_ps0_1_pt0_95_j10_1.stl,3.862,87408.8,sat
../resources/benchmarks/random/b0_r5_c10_l5000_i50_ps0_1_pt0_95_j10_2.stl,0.396,44667.2,unsat
../resources/benchmarks/random/b0_r5_c10_l5000_i50_ps0_1_pt0_95_j10_3.stl,-1,-1,TO
../resources/benchmarks/random/b0_r5_c10_l5000_i50_ps0_1_pt0_95_j10_4.stl,-1,-1,TO
../resources/benchmarks/random/b0_r5_c10_l5000_i50_ps0_1_pt0_95_j10_5.stl,-1,-1,TO
../resources/benchmarks/random/b0_r5_c10_l5000_i50_ps0_1_pt0_95_j5_1.stl,0.584,71171.2,sat
../resources/benchmarks/random/b0_r5_c10_l5000_i50_ps0_1_pt0_95_j5_2.stl,19.742,3970973.6,sat
../resources/benchmarks/random/b0_r5_c10_l5000_i50_ps0_1_pt0_95_j5_3.stl,0.39,70764,sat
../resources/benchmarks/random/b0_r5_c10_l5000_i50_ps0_1_pt0_95_j5_4.stl,0.424,70844.8,sat
../resources/benchmarks/random/b0_r5_c10_l5000_i50_ps0_1_pt0_95_j5_5.stl,-1,-1,TO
../resources/benchmarks/random/b0_r5_c10_l5000_i50_ps0_25_pt0_33_j10_1.stl,0.356,32433.6,unsat
../resources/benchmarks/random/b0_r5_c10_l5000_i50_ps0_25_pt0_33_j10_2.stl,0.366,41332,sat
../resources/benchmarks/random/b0_r5_c10_l5000_i50_ps0_25_pt0_33_j10_3.stl,0.36,32441.6,unsat
../resources/benchmarks/random/b0_r5_c10_l5000_i50_ps0_25_pt0_33_j10_4.stl,0.338,17016,unsat
../resources/benchmarks/random/b0_r5_c10_l5000_i50_ps0_25_pt0_33_j10_5.stl,0.334,17618.4,unsat
../resources/benchmarks/random/b0_r5_c10_l5000_i50_ps0_25_pt0_33_j5_1.stl,0.34600000000000003,34008.8,sat
../resources/benchmarks/random/b0_r5_c10_l5000_i50_ps0_25_pt0_33_j5_2.stl,0.376,64145.6,sat
../resources/benchmarks/random/b0_r5_c10_l5000_i50_ps0_25_pt0_33_j5_3.stl,0.348,35872,unsat
../resources/benchmarks/random/b0_r5_c10_l5000_i50_ps0_25_pt0_33_j5_4.stl,0.444,70791.2,sat
../resources/benchmarks/random/b0_r5_c10_l5000_i50_ps0_25_pt0_33_j5_5.stl,0.342,33649.6,sat
../resources/benchmarks/random/b0_r5_c10_l5000_i50_ps0_25_pt0_5_j10_1.stl,0.36,63693.6,sat
../resources/benchmarks/random/b0_r5_c10_l5000_i50_ps0_25_pt0_5_j10_2.stl,0.51,70429.6,sat
../resources/benchmarks/random/b0_r5_c10_l5000_i50_ps0_25_pt0_5_j10_3.stl,0.356,28020.8,unsat
../resources/benchmarks/random/b0_r5_c10_l5000_i50_ps0_25_pt0_5_j10_4.stl,0.426,70608,sat
../resources/benchmarks/random/b0_r5_c10_l5000_i50_ps0_25_pt0_5_j10_5.stl,0.364,56459.2,sat
../resources/benchmarks/random/b0_r5_c10_l5000_i50_ps0_25_pt0_5_j5_1.stl,0.33,17009.6,sat
../resources/benchmarks/random/b0_r5_c10_l5000_i50_ps0_25_pt0_5_j5_2.stl,0.314,18235.2,unsat
../resources/benchmarks/random/b0_r5_c10_l5000_i50_ps0_25_pt0_5_j5_3.stl,0.336,17314.4,unsat
../resources/benchmarks/random/b0_r5_c10_l5000_i50_ps0_25_pt0_5_j5_4.stl,0.332,17001.6,sat
../resources/benchmarks/random/b0_r5_c10_l5000_i50_ps0_25_pt0_5_j5_5.stl,0.33,17312,sat
../resources/benchmarks/random/b0_r5_c10_l5000_i50_ps0_25_pt0_75_j10_1.stl,0.39,70553.6,sat
../resources/benchmarks/random/b0_r5_c10_l5000_i50_ps0_25_pt0_75_j10_2.stl,72.364,2203101.6,sat
../resources/benchmarks/random/b0_r5_c10_l5000_i50_ps0_25_pt0_75_j10_3.stl,0.392,70913.6,sat
../resources/benchmarks/random/b0_r5_c10_l5000_i50_ps0_25_pt0_75_j10_4.stl,37.422,2486645.6,sat
../resources/benchmarks/random/b0_r5_c10_l5000_i50_ps0_25_pt0_75_j10_5.stl,35.54,4281869.6,sat
../resources/benchmarks/random/b0_r5_c10_l5000_i50_ps0_25_pt0_75_j5_1.stl,0.37,39827.2,sat
../resources/benchmarks/random/b0_r5_c10_l5000_i50_ps0_25_pt0_75_j5_2.stl,0.358,35238.4,sat
../resources/benchmarks/random/b0_r5_c10_l5000_i50_ps0_25_pt0_75_j5_3.stl,0.40599999999999997,70871.2,sat
../resources/benchmarks/random/b0_r5_c10_l5000_i50_ps0_25_pt0_75_j5_4.stl,0.356,35609.6,sat
../resources/benchmarks/random/b0_r5_c10_l5000_i50_ps0_25_pt0_75_j5_5.stl,0.346,35592.8,sat
../resources/benchmarks/random/b0_r5_c10_l5000_i50_ps0_25_pt0_95_j10_1.stl,0.442,72456,sat
../resources/benchmarks/random/b0_r5_c10_l5000_i50_ps0_25_pt0_95_j10_2.stl,0.434,44682.4,unsat
../resources/benchmarks/random/b0_r5_c10_l5000_i50_ps0_25_pt0_95_j10_3.stl,0.35,32406.4,unsat
../resources/benchmarks/random/b0_r5_c10_l5000_i50_ps0_25_pt0_95_j10_4.stl,0.352,32424,unsat
../resources/benchmarks/random/b0_r5_c10_l5000_i50_ps0_25_pt0_95_j10_5.stl,0.34600000000000003,32431.2,unsat
../resources/benchmarks/random/b0_r5_c10_l5000_i50_ps0_25_pt0_95_j5_1.stl,1.084,73015.2,sat
../resources/benchmarks/random/b0_r5_c10_l5000_i50_ps0_25_pt0_95_j5_2.stl,0.366,44673.6,unsat
../resources/benchmarks/random/b0_r5_c10_l5000_i50_ps0_25_pt0_95_j5_3.stl,0.362,41352,sat
../resources/benchmarks/random/b0_r5_c10_l5000_i50_ps0_25_pt0_95_j5_4.stl,0.33,17008,unsat
../resources/benchmarks/random/b0_r5_c10_l5000_i50_ps0_25_pt0_95_j5_5.stl,0.358,39191.2,sat
../resources/benchmarks/random/b0_r5_c10_l5000_i50_ps0_2_pt0_33_j10_1.stl,2.504,1850146.4,sat
../resources/benchmarks/random/b0_r5_c10_l5000_i50_ps0_2_pt0_33_j10_2.stl,0.342,36750.4,unsat
../resources/benchmarks/random/b0_r5_c10_l5000_i50_ps0_2_pt0_33_j10_3.stl,0.356,37684.8,unsat
../resources/benchmarks/random/b0_r5_c10_l5000_i50_ps0_2_pt0_33_j10_4.stl,0.56,71031.2,sat
../resources/benchmarks/random/b0_r5_c10_l5000_i50_ps0_2_pt0_33_j10_5.stl,0.342,36799.2,sat
../resources/benchmarks/random/b0_r5_c10_l5000_i50_ps0_2_pt0_33_j5_1.stl,0.34600000000000003,38562.4,sat
../resources/benchmarks/random/b0_r5_c10_l5000_i50_ps0_2_pt0_33_j5_2.stl,0.354,33692.8,sat
../resources/benchmarks/random/b0_r5_c10_l5000_i50_ps0_2_pt0_33_j5_3.stl,0.346,35560.8,sat
../resources/benchmarks/random/b0_r5_c10_l5000_i50_ps0_2_pt0_33_j5_4.stl,0.372,35239.2,sat
../resources/benchmarks/random/b0_r5_c10_l5000_i50_ps0_2_pt0_33_j5_5.stl,0.36,38260,sat
../resources/benchmarks/random/b0_r5_c10_l5000_i50_ps0_2_pt0_5_j10_1.stl,0.35,33044.8,unsat
../resources/benchmarks/random/b0_r5_c10_l5000_i50_ps0_2_pt0_5_j10_2.stl,0.394,70528,sat
../resources/benchmarks/random/b0_r5_c10_l5000_i50_ps0_2_pt0_5_j10_3.stl,0.372,44719.2,unsat
../resources/benchmarks/random/b0_r5_c10_l5000_i50_ps0_2_pt0_5_j10_4.stl,-1,-1,TO
../resources/benchmarks/random/b0_r5_c10_l5000_i50_ps0_2_pt0_5_j10_5.stl,61.426,2176093.6,sat
../resources/benchmarks/random/b0_r5_c10_l5000_i50_ps0_2_pt0_5_j5_1.stl,0.388,47436,sat
../resources/benchmarks/random/b0_r5_c10_l5000_i50_ps0_2_pt0_5_j5_2.stl,0.372,33066.4,unsat
../resources/benchmarks/random/b0_r5_c10_l5000_i50_ps0_2_pt0_5_j5_3.stl,9.614,339954.4,sat
../resources/benchmarks/random/b0_r5_c10_l5000_i50_ps0_2_pt0_5_j5_4.stl,0.432,91094.4,sat
../resources/benchmarks/random/b0_r5_c10_l5000_i50_ps0_2_pt0_5_j5_5.stl,0.392,67923.2,sat
../resources/benchmarks/random/b0_r5_c10_l5000_i50_ps0_2_pt0_75_j10_1.stl,102.788,2413508,sat
../resources/benchmarks/random/b0_r5_c10_l5000_i50_ps0_2_pt0_75_j10_2.stl,0.342,17008,unsat
../resources/benchmarks/random/b0_r5_c10_l5000_i50_ps0_2_pt0_75_j10_3.stl,0.418,70782.4,sat
../resources/benchmarks/random/b0_r5_c10_l5000_i50_ps0_2_pt0_75_j10_4.stl,0.354,34332,unsat
../resources/benchmarks/random/b0_r5_c10_l5000_i50_ps0_2_pt0_75_j10_5.stl,92.626,2181267.2,sat
../resources/benchmarks/random/b0_r5_c10_l5000_i50_ps0_2_pt0_75_j5_1.stl,0.348,36224.8,sat
../resources/benchmarks/random/b0_r5_c10_l5000_i50_ps0_2_pt0_75_j5_2.stl,0.34400000000000003,39175.2,sat
../resources/benchmarks/random/b0_r5_c10_l5000_i50_ps0_2_pt0_75_j5_3.stl,0.35,34934.4,unsat
../resources/benchmarks/random/b0_r5_c10_l5000_i50_ps0_2_pt0_75_j5_4.stl,0.382,58784,sat
../resources/benchmarks/random/b0_r5_c10_l5000_i50_ps0_2_pt0_75_j5_5.stl,16.286,2265452,sat
../resources/benchmarks/random/b0_r5_c10_l5000_i50_ps0_2_pt0_95_j10_1.stl,1.908,1531543.2,sat
../resources/benchmarks/random/b0_r5_c10_l5000_i50_ps0_2_pt0_95_j10_2.stl,0.426,70668.8,sat
../resources/benchmarks/random/b0_r5_c10_l5000_i50_ps0_2_pt0_95_j10_3.stl,103.08200000000001,4413448,sat
../resources/benchmarks/random/b0_r5_c10_l5000_i50_ps0_2_pt0_95_j10_4.stl,0.408,76352.8,unsat
../resources/benchmarks/random/b0_r5_c10_l5000_i50_ps0_2_pt0_95_j10_5.stl,0.51,84028,sat
../resources/benchmarks/random/b0_r5_c10_l5000_i50_ps0_2_pt0_95_j5_1.stl,0.368,58521.6,sat
../resources/benchmarks/random/b0_r5_c10_l5000_i50_ps0_2_pt0_95_j5_2.stl,0.348,39771.2,sat
../resources/benchmarks/random/b0_r5_c10_l5000_i50_ps0_2_pt0_95_j5_3.stl,0.366,49950.4,sat
../resources/benchmarks/random/b0_r5_c10_l5000_i50_ps0_2_pt0_95_j5_4.stl,0.362,49028,sat
../resources/benchmarks/random/b0_r5_c10_l5000_i50_ps0_2_pt0_95_j5_5.stl,0.336,17621.6,unsat
../resources/benchmarks/random/b0_r5_c10_l500_i1000_ps0_05_pt0_33_j10_1.stl,-1,-1,TO
../resources/benchmarks/random/b0_r5_c10_l500_i1000_ps0_05_pt0_33_j10_2.stl,0.396,37120,unsat
../resources/benchmarks/random/b0_r5_c10_l500_i1000_ps0_05_pt0_33_j10_3.stl,0.442,40777.6,unsat
../resources/benchmarks/random/b0_r5_c10_l500_i1000_ps0_05_pt0_33_j10_4.stl,0.444,39236,unsat
../resources/benchmarks/random/b0_r5_c10_l500_i1000_ps0_05_pt0_33_j10_5.stl,-1,-1,TO
../resources/benchmarks/random/b0_r5_c10_l500_i1000_ps0_05_pt0_33_j5_1.stl,-1,-1,TO
../resources/benchmarks/random/b0_r5_c10_l500_i1000_ps0_05_pt0_33_j5_2.stl,0.392,36779.2,sat
../resources/benchmarks/random/b0_r5_c10_l500_i1000_ps0_05_pt0_33_j5_3.stl,-1,-1,TO
../resources/benchmarks/random/b0_r5_c10_l500_i1000_ps0_05_pt0_33_j5_4.stl,-1,-1,TO
../resources/benchmarks/random/b0_r5_c10_l500_i1000_ps0_05_pt0_33_j5_5.stl,0.368,37105.6,unsat
../resources/benchmarks/random/b0_r5_c10_l500_i1000_ps0_05_pt0_5_j10_1.stl,-1,-1,TO
../resources/benchmarks/random/b0_r5_c10_l500_i1000_ps0_05_pt0_5_j10_2.stl,-1,-1,TO
../resources/benchmarks/random/b0_r5_c10_l500_i1000_ps0_05_pt0_5_j10_3.stl,-1,-1,TO
../resources/benchmarks/random/b0_r5_c10_l500_i1000_ps0_05_pt0_5_j10_4.stl,5.162,1291957.6,sat
../resources/benchmarks/random/b0_r5_c10_l500_i1000_ps0_05_pt0_5_j10_5.stl,-1,-1,TO
../resources/benchmarks/random/b0_r5_c10_l500_i1000_ps0_05_pt0_5_j5_1.stl,-1,-1,TO
../resources/benchmarks/random/b0_r5_c10_l500_i1000_ps0_05_pt0_5_j5_2.stl,0.994,113228.8,sat
../resources/benchmarks/random/b0_r5_c10_l500_i1000_ps0_05_pt0_5_j5_3.stl,0.38,38316.8,sat
../resources/benchmarks/random/b0_r5_c10_l500_i1000_ps0_05_pt0_5_j5_4.stl,-1,-1,TO
../resources/benchmarks/random/b0_r5_c10_l500_i1000_ps0_05_pt0_5_j5_5.stl,-1,-1,TO
../resources/benchmarks/random/b0_r5_c10_l500_i1000_ps0_05_pt0_75_j10_1.stl,-1,-1,TO
../resources/benchmarks/random/b0_r5_c10_l500_i1000_ps0_05_pt0_75_j10_2.stl,-1,-1,TO
../resources/benchmarks/random/b0_r5_c10_l500_i1000_ps0_05_pt0_75_j10_3.stl,-1,-1,TO
../resources/benchmarks/random/b0_r5_c10_l500_i1000_ps0_05_pt0_75_j10_4.stl,0.412,39543.2,unsat
../resources/benchmarks/random/b0_r5_c10_l500_i1000_ps0_05_pt0_75_j10_5.stl,-1,-1,TO
../resources/benchmarks/random/b0_r5_c10_l500_i1000_ps0_05_pt0_75_j5_1.stl,0.576,62860,unsat
../resources/benchmarks/random/b0_r5_c10_l500_i1000_ps0_05_pt0_75_j5_2.stl,-1,-1,TO
../resources/benchmarks/random/b0_r5_c10_l500_i1000_ps0_05_pt0_75_j5_3.stl,-1,-1,TO
../resources/benchmarks/random/b0_r5_c10_l500_i1000_ps0_05_pt0_75_j5_4.stl,0.372,37748.8,sat
../resources/benchmarks/random/b0_r5_c10_l500_i1000_ps0_05_pt0_75_j5_5.stl,-1,-1,TO
../resources/benchmarks/random/b0_r5_c10_l500_i1000_ps0_05_pt0_95_j10_1.stl,-1,-1,TO
../resources/benchmarks/random/b0_r5_c10_l500_i1000_ps0_05_pt0_95_j10_2.stl,-1,-1,TO
../resources/benchmarks/random/b0_r5_c10_l500_i1000_ps0_05_pt0_95_j10_3.stl,-1,-1,TO
../resources/benchmarks/random/b0_r5_c10_l500_i1000_ps0_05_pt0_95_j10_4.stl,0.45,41397.6,sat
../resources/benchmarks/random/b0_r5_c10_l500_i1000_ps0_05_pt0_95_j10_5.stl,0.398,37708,unsat
../resources/benchmarks/random/b0_r5_c10_l500_i1000_ps0_05_pt0_95_j5_1.stl,55.827999999999996,6056291.2,sat
../resources/benchmarks/random/b0_r5_c10_l500_i1000_ps0_05_pt0_95_j5_2.stl,0.37,35562.4,unsat
../resources/benchmarks/random/b0_r5_c10_l500_i1000_ps0_05_pt0_95_j5_3.stl,-1,-1,TO
../resources/benchmarks/random/b0_r5_c10_l500_i1000_ps0_05_pt0_95_j5_4.stl,1.81,70194.4,sat
../resources/benchmarks/random/b0_r5_c10_l500_i1000_ps0_05_pt0_95_j5_5.stl,-1,-1,TO
../resources/benchmarks/random/b0_r5_c10_l500_i1000_ps0_15_pt0_33_j10_1.stl,0.376,60389.6,sat
../resources/benchmarks/random/b0_r5_c10_l500_i1000_ps0_15_pt0_33_j10_2.stl,-1,-1,TO
../resources/benchmarks/random/b0_r5_c10_l500_i1000_ps0_15_pt0_33_j10_3.stl,0.432,83122.4,sat
../resources/benchmarks/random/b0_r5_c10_l500_i1000_ps0_15_pt0_33_j10_4.stl,0.392,64983.2,sat
../resources/benchmarks/random/b0_r5_c10_l500_i1000_ps0_15_pt0_33_j10_5.stl,0.522,124877.6,sat
../resources/benchmarks/random/b0_r5_c10_l500_i1000_ps0_15_pt0_33_j5_1.stl,0.332,17040,sat
../resources/benchmarks/random/b0_r5_c10_l500_i1000_ps0_15_pt0_33_j5_2.stl,0.37,38649.6,sat
../resources/benchmarks/random/b0_r5_c10_l500_i1000_ps0_15_pt0_33_j5_3.stl,0.336,36200.8,sat
../resources/benchmarks/random/b0_r5_c10_l500_i1000_ps0_15_pt0_33_j5_4.stl,0.336,37745.6,sat
../resources/benchmarks/random/b0_r5_c10_l500_i1000_ps0_15_pt0_33_j5_5.stl,0.356,36820.8,sat
../resources/benchmarks/random/b0_r5_c10_l500_i1000_ps0_15_pt0_5_j10_1.stl,-1,-1,TO
../resources/benchmarks/random/b0_r5_c10_l500_i1000_ps0_15_pt0_5_j10_2.stl,12.741999999999999,584548.8,sat
../resources/benchmarks/random/b0_r5_c10_l500_i1000_ps0_15_pt0_5_j10_3.stl,0.834,72959.2,sat
../resources/benchmarks/random/b0_r5_c10_l500_i1000_ps0_15_pt0_5_j10_4.stl,0.346,33022.4,unsat
../resources/benchmarks/random/b0_r5_c10_l500_i1000_ps0_15_pt0_5_j10_5.stl,1.098,115037.6,sat
../resources/benchmarks/random/b0_r5_c10_l500_i1000_ps0_15_pt0_5_j5_1.stl,3.736,177118.4,sat
../resources/benchmarks/random/b0_r5_c10_l500_i1000_ps0_15_pt0_5_j5_2.stl,0.37,38590.4,sat
../resources/benchmarks/random/b0_r5_c10_l500_i1000_ps0_15_pt0_5_j5_3.stl,7.328,129014.4,sat
../resources/benchmarks/random/b0_r5_c10_l500_i1000_ps0_15_pt0_5_j5_4.stl,0.41,77277.6,sat
../resources/benchmarks/random/b0_r5_c10_l500_i1000_ps0_15_pt0_5_j5_5.stl,0.358,33044.8,unsat
../resources/benchmarks/random/b0_r5_c10_l500_i1000_ps0_15_pt0_75_j10_1.stl,0.566,151359.2,unsat
../resources/benchmarks/random/b0_r5_c10_l500_i1000_ps0_15_pt0_75_j10_2.stl,0.342,17327.2,unsat
../resources/benchmarks/random/b0_r5_c10_l500_i1000_ps0_15_pt0_75_j10_3.stl,5.418,247761.6,sat
../resources/benchmarks/random/b0_r5_c10_l500_i1000_ps0_15_pt0_75_j10_4.stl,2.118,135348.8,sat
../resources/benchmarks/random/b0_r5_c10_l500_i1000_ps0_15_pt0_75_j10_5.stl,0.322,17625.6,unsat
../resources/benchmarks/random/b0_r5_c10_l500_i1000_ps0_15_pt0_75_j5_1.stl,0.362,40127.2,unsat
../resources/benchmarks/random/b0_r5_c10_l500_i1000_ps0_15_pt0_75_j5_2.stl,0.434,93262.4,sat
../resources/benchmarks/random/b0_r5_c10_l500_i1000_ps0_15_pt0_75_j5_3.stl,0.384,41324.8,sat
../resources/benchmarks/random/b0_r5_c10_l500_i1000_ps0_15_pt0_75_j5_4.stl,0.372,48100,sat
../resources/benchmarks/random/b0_r5_c10_l500_i1000_ps0_15_pt0_75_j5_5.stl,0.382,54846.4,sat
../resources/benchmarks/random/b0_r5_c10_l500_i1000_ps0_15_pt0_95_j10_1.stl,15.566,363344,sat
../resources/benchmarks/random/b0_r5_c10_l500_i1000_ps0_15_pt0_95_j10_2.stl,40.3,462493.6,sat
../resources/benchmarks/random/b0_r5_c10_l500_i1000_ps0_15_pt0_95_j10_3.stl,-1,-1,TO
../resources/benchmarks/random/b0_r5_c10_l500_i1000_ps0_15_pt0_95_j10_4.stl,36.962,429932,sat
../resources/benchmarks/random/b0_r5_c10_l500_i1000_ps0_15_pt0_95_j10_5.stl,34.82,158020,sat
../resources/benchmarks/random/b0_r5_c10_l500_i1000_ps0_15_pt0_95_j5_1.stl,0.82,228733.6,sat
../resources/benchmarks/random/b0_r5_c10_l500_i1000_ps0_15_pt0_95_j5_2.stl,0.33999999999999997,17308,unsat
../resources/benchmarks/random/b0_r5_c10_l500_i1000_ps0_15_pt0_95_j5_3.stl,48.97,418577.6,sat
../resources/benchmarks/random/b0_r5_c10_l500_i1000_ps0_15_pt0_95_j5_4.stl,0.34400000000000003,17005.6,unsat
../resources/benchmarks/random/b0_r5_c10_l500_i1000_ps0_15_pt0_95_j5_5.stl,90.892,903603.2,sat
../resources/benchmarks/random/b0_r5_c10_l500_i1000_ps0_1_pt0_33_j10_1.stl,0.35,37724.8,sat
../resources/benchmarks/random/b0_r5_c10_l500_i1000_ps0_1_pt0_33_j10_2.stl,0.35,38322.4,unsat
../resources/benchmarks/random/b0_r5_c10_l500_i1000_ps0_1_pt0_33_j10_3.stl,44.536,422333.6,sat
../resources/benchmarks/random/b0_r5_c10_l500_i1000_ps0_1_pt0_33_j10_4.stl,-1,-1,TO
../resources/benchmarks/random/b0_r5_c10_l500_i1000_ps0_1_pt0_33_j10_5.stl,-1,-1,TO
../resources/benchmarks/random/b0_r5_c10_l500_i1000_ps0_1_pt0_33_j5_1.stl,0.416,59143.2,sat
../resources/benchmarks/random/b0_r5_c10_l500_i1000_ps0_1_pt0_33_j5_2.stl,6.802,182012.8,sat
../resources/benchmarks/random/b0_r5_c10_l500_i1000_ps0_1_pt0_33_j5_3.stl,0.386,39800.8,sat
../resources/benchmarks/random/b0_r5_c10_l500_i1000_ps0_1_pt0_33_j5_4.stl,0.528,111669.6,sat
../resources/benchmarks/random/b0_r5_c10_l500_i1000_ps0_1_pt0_33_j5_5.stl,0.418,40754.4,sat
../resources/benchmarks/random/b0_r5_c10_l500_i1000_ps0_1_pt0_5_j10_1.stl,0.362,35577.6,unsat
../resources/benchmarks/random/b0_r5_c10_l500_i1000_ps0_1_pt0_5_j10_2.stl,0.364,34900,unsat
../resources/benchmarks/random/b0_r5_c10_l500_i1000_ps0_1_pt0_5_j10_3.stl,0.364,34911.2,unsat
../resources/benchmarks/random/b0_r5_c10_l500_i1000_ps0_1_pt0_5_j10_4.stl,-1,-1,TO
../resources/benchmarks/random/b0_r5_c10_l500_i1000_ps0_1_pt0_5_j10_5.stl,0.994,123356,unsat
../resources/benchmarks/random/b0_r5_c10_l500_i1000_ps0_1_pt0_5_j5_1.stl,0.404,40432,sat
../resources/benchmarks/random/b0_r5_c10_l500_i1000_ps0_1_pt0_5_j5_2.stl,0.34400000000000003,17024.8,unsat
../resources/benchmarks/random/b0_r5_c10_l500_i1000_ps0_1_pt0_5_j5_3.stl,0.362,37668,unsat
../resources/benchmarks/random/b0_r5_c10_l500_i1000_ps0_1_pt0_5_j5_4.stl,0.34400000000000003,37941.6,sat
../resources/benchmarks/random/b0_r5_c10_l500_i1000_ps0_1_pt0_5_j5_5.stl,-1,-1,TO
../resources/benchmarks/random/b0_r5_c10_l500_i1000_ps0_1_pt0_75_j10_1.stl,-1,-1,TO
../resources/benchmarks/random/b0_r5_c10_l500_i1000_ps0_1_pt0_75_j10_2.stl,-1,-1,TO
../resources/benchmarks/random/b0_r5_c10_l500_i1000_ps0_1_pt0_75_j10_3.stl,0.35,17019.2,unsat
../resources/benchmarks/random/b0_r5_c10_l500_i1000_ps0_1_pt0_75_j10_4.stl,29.774,372768,sat
../resources/benchmarks/random/b0_r5_c10_l500_i1000_ps0_1_pt0_75_j10_5.stl,0.326,17914.4,unsat
../resources/benchmarks/random/b0_r5_c10_l500_i1000_ps0_1_pt0_75_j5_1.stl,1.714,141499.2,sat
../resources/benchmarks/random/b0_r5_c10_l500_i1000_ps0_1_pt0_75_j5_2.stl,0.376,47776.8,sat
../resources/benchmarks/random/b0_r5_c10_l500_i1000_ps0_1_pt0_75_j5_3.stl,0.348,17020.8,unsat
../resources/benchmarks/random/b0_r5_c10_l500_i1000_ps0_1_pt0_75_j5_4.stl,0.372,42584,sat
../resources/benchmarks/random/b0_r5_c10_l500_i1000_ps0_1_pt0_75_j5_5.stl,-1,-1,TO
../resources/benchmarks/random/b0_r5_c10_l500_i1000_ps0_1_pt0_95_j10_1.stl,33.788,527333.6,sat
../resources/benchmarks/random/b0_r5_c10_l500_i1000_ps0_1_pt0_95_j10_2.stl,73.354,1382871.2,sat
../resources/benchmarks/random/b0_r5_c10_l500_i1000_ps0_1_pt0_95_j10_3.stl,0.402,51160,unsat
../resources/benchmarks/random/b0_r5_c10_l500_i1000_ps0_1_pt0_95_j10_4.stl,10.05,366354.4,sat
../resources/benchmarks/random/b0_r5_c10_l500_i1000_ps0_1_pt0_95_j10_5.stl,0.382,38295.2,unsat
../resources/benchmarks/random/b0_r5_c10_l500_i1000_ps0_1_pt0_95_j5_1.stl,7.014,206603.2,sat
../resources/benchmarks/random/b0_r5_c10_l500_i1000_ps0_1_pt0_95_j5_2.stl,0.506,95700.8,sat
../resources/benchmarks/random/b0_r5_c10_l500_i1000_ps0_1_pt0_95_j5_3.stl,19.592,650183.2,sat
../resources/benchmarks/random/b0_r5_c10_l500_i1000_ps0_1_pt0_95_j5_4.stl,0.592,208443.2,sat
../resources/benchmarks/random/b0_r5_c10_l500_i1000_ps0_1_pt0_95_j5_5.stl,0.428,59160.8,unsat
../resources/benchmarks/random/b0_r5_c10_l500_i1000_ps0_25_pt0_33_j10_1.stl,0.372,50523.2,sat
../resources/benchmarks/random/b0_r5_c10_l500_i1000_ps0_25_pt0_33_j10_2.stl,0.358,33326.4,unsat
../resources/benchmarks/random/b0_r5_c10_l500_i1000_ps0_25_pt0_33_j10_3.stl,0.34,17008.8,unsat
../resources/benchmarks/random/b0_r5_c10_l500_i1000_ps0_25_pt0_33_j10_4.stl,0.358,35861.6,sat
../resources/benchmarks/random/b0_r5_c10_l500_i1000_ps0_25_pt0_33_j10_5.stl,0.34,17015.2,unsat
../resources/benchmarks/random/b0_r5_c10_l500_i1000_ps0_25_pt0_33_j5_1.stl,0.35,33972,sat
../resources/benchmarks/random/b0_r5_c10_l500_i1000_ps0_25_pt0_33_j5_2.stl,0.356,39196,sat
../resources/benchmarks/random/b0_r5_c10_l500_i1000_ps0_25_pt0_33_j5_3.stl,0.356,38276,sat
../resources/benchmarks/random/b0_r5_c10_l500_i1000_ps0_25_pt0_33_j5_4.stl,0.338,17635.2,unsat
../resources/benchmarks/random/b0_r5_c10_l500_i1000_ps0_25_pt0_33_j5_5.stl,0.364,41921.6,sat
../resources/benchmarks/random/b0_r5_c10_l500_i1000_ps0_25_pt0_5_j10_1.stl,0.354,32736,unsat
../resources/benchmarks/random/b0_r5_c10_l500_i1000_ps0_25_pt0_5_j10_2.stl,0.426,78506.4,unsat
../resources/benchmarks/random/b0_r5_c10_l500_i1000_ps0_25_pt0_5_j10_3.stl,2.94,182045.6,sat
../resources/benchmarks/random/b0_r5_c10_l500_i1000_ps0_25_pt0_5_j10_4.stl,14.84,493832.8,sat
../resources/benchmarks/random/b0_r5_c10_l500_i1000_ps0_25_pt0_5_j10_5.stl,0.368,35549.6,unsat
../resources/benchmarks/random/b0_r5_c10_l500_i1000_ps0_25_pt0_5_j5_1.stl,0.36,46888,sat
../resources/benchmarks/random/b0_r5_c10_l500_i1000_ps0_25_pt0_5_j5_2.stl,0.33,33972,sat
../resources/benchmarks/random/b0_r5_c10_l500_i1000_ps0_25_pt0_5_j5_3.stl,0.348,34593.6,sat
../resources/benchmarks/random/b0_r5_c10_l500_i1000_ps0_25_pt0_5_j5_4.stl,0.366,47170.4,sat
../resources/benchmarks/random/b0_r5_c10_l500_i1000_ps0_25_pt0_5_j5_5.stl,2.806,174336.8,sat
../resources/benchmarks/random/b0_r5_c10_l500_i1000_ps0_25_pt0_75_j10_1.stl,0.366,34020.8,unsat
../resources/benchmarks/random/b0_r5_c10_l500_i1000_ps0_25_pt0_75_j10_2.stl,0.42,86791.2,sat
../resources/benchmarks/random/b0_r5_c10_l500_i1000_ps0_25_pt0_75_j10_3.stl,-1,-1,TO
../resources/benchmarks/random/b0_r5_c10_l500_i1000_ps0_25_pt0_75_j10_4.stl,5.444,340872.8,sat
../resources/benchmarks/random/b0_r5_c10_l500_i1000_ps0_25_pt0_75_j10_5.stl,0.376,19460.8,unsat
../resources/benchmarks/random/b0_r5_c10_l500_i1000_ps0_25_pt0_75_j5_1.stl,0.358,37097.6,sat
../resources/benchmarks/random/b0_r5_c10_l500_i1000_ps0_25_pt0_75_j5_2.stl,0.348,17326.4,sat
../resources/benchmarks/random/b0_r5_c10_l500_i1000_ps0_25_pt0_75_j5_3.stl,1.216,77476,sat
../resources/benchmarks/random/b0_r5_c10_l500_i1000_ps0_25_pt0_75_j5_4.stl,0.326,17633.6,sat
../resources/benchmarks/random/b0_r5_c10_l500_i1000_ps0_25_pt0_75_j5_5.stl,0.33,17331.2,unsat
../resources/benchmarks/random/b0_r5_c10_l500_i1000_ps0_25_pt0_95_j10_1.stl,0.334,16999.2,unsat
../resources/benchmarks/random/b0_r5_c10_l500_i1000_ps0_25_pt0_95_j10_2.stl,24.436,1138439.2,sat
../resources/benchmarks/random/b0_r5_c10_l500_i1000_ps0_25_pt0_95_j10_3.stl,1.268,167909.6,sat
../resources/benchmarks/random/b0_r5_c10_l500_i1000_ps0_25_pt0_95_j10_4.stl,0.832,62524.8,unsat
../resources/benchmarks/random/b0_r5_c10_l500_i1000_ps0_25_pt0_95_j10_5.stl,4.098,301534.4,sat
../resources/benchmarks/random/b0_r5_c10_l500_i1000_ps0_25_pt0_95_j5_1.stl,0.342,41635.2,sat
../resources/benchmarks/random/b0_r5_c10_l500_i1000_ps0_25_pt0_95_j5_2.stl,0.362,36780.8,sat
../resources/benchmarks/random/b0_r5_c10_l500_i1000_ps0_25_pt0_95_j5_3.stl,0.72,112889.6,sat
../resources/benchmarks/random/b0_r5_c10_l500_i1000_ps0_25_pt0_95_j5_4.stl,0.334,17017.6,unsat
../resources/benchmarks/random/b0_r5_c10_l500_i1000_ps0_25_pt0_95_j5_5.stl,0.376,42264,sat
../resources/benchmarks/random/b0_r5_c10_l500_i1000_ps0_2_pt0_33_j10_1.stl,0.348,35537.6,unsat
../resources/benchmarks/random/b0_r5_c10_l500_i1000_ps0_2_pt0_33_j10_2.stl,8.024000000000001,1982222.4,sat
../resources/benchmarks/random/b0_r5_c10_l500_i1000_ps0_2_pt0_33_j10_3.stl,0.354,43476.8,sat
../resources/benchmarks/random/b0_r5_c10_l500_i1000_ps0_2_pt0_33_j10_4.stl,0.354,33696,unsat
../resources/benchmarks/random/b0_r5_c10_l500_i1000_ps0_2_pt0_33_j10_5.stl,0.32,18256,unsat
../resources/benchmarks/random/b0_r5_c10_l500_i1000_ps0_2_pt0_33_j5_1.stl,0.362,38910.4,sat
../resources/benchmarks/random/b0_r5_c10_l500_i1000_ps0_2_pt0_33_j5_2.stl,0.348,17319.2,unsat
../resources/benchmarks/random/b0_r5_c10_l500_i1000_ps0_2_pt0_33_j5_3.stl,0.362,35564,sat
../resources/benchmarks/random/b0_r5_c10_l500_i1000_ps0_2_pt0_33_j5_4.stl,0.34600000000000003,34924,sat
../resources/benchmarks/random/b0_r5_c10_l500_i1000_ps0_2_pt0_33_j5_5.stl,0.334,16982.4,unsat
../resources/benchmarks/random/b0_r5_c10_l500_i1000_ps0_2_pt0_5_j10_1.stl,0.344,33040.8,unsat
../resources/benchmarks/random/b0_r5_c10_l500_i1000_ps0_2_pt0_5_j10_2.stl,0.362,35237.6,unsat
../resources/benchmarks/random/b0_r5_c10_l500_i1000_ps0_2_pt0_5_j10_3.stl,42.95,319044.8,sat
../resources/benchmarks/random/b0_r5_c10_l500_i1000_ps0_2_pt0_5_j10_4.stl,0.554,81899.2,sat
../resources/benchmarks/random/b0_r5_c10_l500_i1000_ps0_2_pt0_5_j10_5.stl,0.388,56703.2,unsat
../resources/benchmarks/random/b0_r5_c10_l500_i1000_ps0_2_pt0_5_j5_1.stl,0.358,37096,sat
../resources/benchmarks/random/b0_r5_c10_l500_i1000_ps0_2_pt0_5_j5_2.stl,5.828,258323.2,sat
../resources/benchmarks/random/b0_r5_c10_l500_i1000_ps0_2_pt0_5_j5_3.stl,0.37,42238.4,sat
../resources/benchmarks/random/b0_r5_c10_l500_i1000_ps0_2_pt0_5_j5_4.stl,0.452,103674.4,sat
../resources/benchmarks/random/b0_r5_c10_l500_i1000_ps0_2_pt0_5_j5_5.stl,0.494,78510.4,sat
../resources/benchmarks/random/b0_r5_c10_l500_i1000_ps0_2_pt0_75_j10_1.stl,0.966,98447.2,sat
../resources/benchmarks/random/b0_r5_c10_l500_i1000_ps0_2_pt0_75_j10_2.stl,5.69,224832.8,sat
../resources/benchmarks/random/b0_r5_c10_l500_i1000_ps0_2_pt0_75_j10_3.stl,0.348,47456,unsat
../resources/benchmarks/random/b0_r5_c10_l500_i1000_ps0_2_pt0_75_j10_4.stl,2.588,240108,sat
../resources/benchmarks/random/b0_r5_c10_l500_i1000_ps0_2_pt0_75_j10_5.stl,-1,-1,TO
../resources/benchmarks/random/b0_r5_c10_l500_i1000_ps0_2_pt0_75_j5_1.stl,0.414,50552,sat
../resources/benchmarks/random/b0_r5_c10_l500_i1000_ps0_2_pt0_75_j5_2.stl,-1,-1,TO
../resources/benchmarks/random/b0_r5_c10_l500_i1000_ps0_2_pt0_75_j5_3.stl,0.434,94164,unsat
../resources/benchmarks/random/b0_r5_c10_l500_i1000_ps0_2_pt0_75_j5_4.stl,0.352,35575.2,sat
../resources/benchmarks/random/b0_r5_c10_l500_i1000_ps0_2_pt0_75_j5_5.stl,0.338,33343.2,unsat
../resources/benchmarks/random/b0_r5_c10_l500_i1000_ps0_2_pt0_95_j10_1.stl,0.356,39488,unsat
../resources/benchmarks/random/b0_r5_c10_l500_i1000_ps0_2_pt0_95_j10_2.stl,37.129999999999995,3718123.2,sat
../resources/benchmarks/random/b0_r5_c10_l500_i1000_ps0_2_pt0_95_j10_3.stl,31.818,225920.8,sat
../resources/benchmarks/random/b0_r5_c10_l500_i1000_ps0_2_pt0_95_j10_4.stl,0.456,84667.2,sat
../resources/benchmarks/random/b0_r5_c10_l500_i1000_ps0_2_pt0_95_j10_5.stl,0.426,63160,unsat
../resources/benchmarks/random/b0_r5_c10_l500_i1000_ps0_2_pt0_95_j5_1.stl,2.026,166980.8,sat
../resources/benchmarks/random/b0_r5_c10_l500_i1000_ps0_2_pt0_95_j5_2.stl,0.554,201401.6,sat
../resources/benchmarks/random/b0_r5_c10_l500_i1000_ps0_2_pt0_95_j5_3.stl,0.34,17018.4,unsat
../resources/benchmarks/random/b0_r5_c10_l500_i1000_ps0_2_pt0_95_j5_4.stl,0.35,17330.4,unsat
../resources/benchmarks/random/b0_r5_c10_l500_i1000_ps0_2_pt0_95_j5_5.stl,23.318,462622.4,sat
../resources/benchmarks/random/b0_r5_c10_l500_i50_ps0_05_pt0_33_j10_1.stl,0.464,43531.2,unsat
../resources/benchmarks/random/b0_r5_c10_l500_i50_ps0_05_pt0_33_j10_2.stl,42.292,1071363.2,sat
../resources/benchmarks/random/b0_r5_c10_l500_i50_ps0_05_pt0_33_j10_3.stl,-1,-1,TO
../resources/benchmarks/random/b0_r5_c10_l500_i50_ps0_05_pt0_33_j10_4.stl,-1,-1,TO
../resources/benchmarks/random/b0_r5_c10_l500_i50_ps0_05_pt0_33_j10_5.stl,-1,-1,TO
../resources/benchmarks/random/b0_r5_c10_l500_i50_ps0_05_pt0_33_j5_1.stl,0.59,49715.2,sat
../resources/benchmarks/random/b0_r5_c10_l500_i50_ps0_05_pt0_33_j5_2.stl,27.798000000000002,192115.2,sat
../resources/benchmarks/random/b0_r5_c10_l500_i50_ps0_05_pt0_33_j5_3.stl,0.402,38938.4,unsat
../resources/benchmarks/random/b0_r5_c10_l500_i50_ps0_05_pt0_33_j5_4.stl,-1,-1,TO
../resources/benchmarks/random/b0_r5_c10_l500_i50_ps0_05_pt0_33_j5_5.stl,8.834,185238.4,sat
../resources/benchmarks/random/b0_r5_c10_l500_i50_ps0_05_pt0_5_j10_1.stl,-1,-1,TO
../resources/benchmarks/random/b0_r5_c10_l500_i50_ps0_05_pt0_5_j10_2.stl,-1,-1,TO
../resources/benchmarks/random/b0_r5_c10_l500_i50_ps0_05_pt0_5_j10_3.stl,-1,-1,TO
../resources/benchmarks/random/b0_r5_c10_l500_i50_ps0_05_pt0_5_j10_4.stl,-1,-1,TO
../resources/benchmarks/random/b0_r5_c10_l500_i50_ps0_05_pt0_5_j10_5.stl,1.662,356545.6,sat
../resources/benchmarks/random/b0_r5_c10_l500_i50_ps0_05_pt0_5_j5_1.stl,0.372,36484.8,unsat
../resources/benchmarks/random/b0_r5_c10_l500_i50_ps0_05_pt0_5_j5_2.stl,0.448,41433.6,sat
../resources/benchmarks/random/b0_r5_c10_l500_i50_ps0_05_pt0_5_j5_3.stl,0.39,37734.4,sat
../resources/benchmarks/random/b0_r5_c10_l500_i50_ps0_05_pt0_5_j5_4.stl,60.708,236713.6,sat
../resources/benchmarks/random/b0_r5_c10_l500_i50_ps0_05_pt0_5_j5_5.stl,-1,-1,TO
../resources/benchmarks/random/b0_r5_c10_l500_i50_ps0_05_pt0_75_j10_1.stl,-1,-1,TO
../resources/benchmarks/random/b0_r5_c10_l500_i50_ps0_05_pt0_75_j10_2.stl,-1,-1,TO
../resources/benchmarks/random/b0_r5_c10_l500_i50_ps0_05_pt0_75_j10_3.stl,-1,-1,TO
../resources/benchmarks/random/b0_r5_c10_l500_i50_ps0_05_pt0_75_j10_4.stl,-1,-1,TO
../resources/benchmarks/random/b0_r5_c10_l500_i50_ps0_05_pt0_75_j10_5.stl,-1,-1,TO
../resources/benchmarks/random/b0_r5_c10_l500_i50_ps0_05_pt0_75_j5_1.stl,0.374,38011.2,unsat
../resources/benchmarks/random/b0_r5_c10_l500_i50_ps0_05_pt0_75_j5_2.stl,102.23,1537407.2,sat
../resources/benchmarks/random/b0_r5_c10_l500_i50_ps0_05_pt0_75_j5_3.stl,0.43,38327.2,sat
../resources/benchmarks/random/b0_r5_c10_l500_i50_ps0_05_pt0_75_j5_4.stl,31.63,1072616.8,sat
../resources/benchmarks/random/b0_r5_c10_l500_i50_ps0_05_pt0_75_j5_5.stl,0.39,37119.2,sat
../resources/benchmarks/random/b0_r5_c10_l500_i50_ps0_05_pt0_95_j10_1.stl,0.412,39869.6,unsat
../resources/benchmarks/random/b0_r5_c10_l500_i50_ps0_05_pt0_95_j10_2.stl,-1,-1,TO
../resources/benchmarks/random/b0_r5_c10_l500_i50_ps0_05_pt0_95_j10_3.stl,0.532,41705.6,unsat
../resources/benchmarks/random/b0_r5_c10_l500_i50_ps0_05_pt0_95_j10_4.stl,0.536,44780,unsat
../resources/benchmarks/random/b0_r5_c10_l500_i50_ps0_05_pt0_95_j10_5.stl,-1,-1,TO
../resources/benchmarks/random/b0_r5_c10_l500_i50_ps0_05_pt0_95_j5_1.stl,-1,-1,TO
../resources/benchmarks/random/b0_r5_c10_l500_i50_ps0_05_pt0_95_j5_2.stl,-1,-1,TO
../resources/benchmarks/random/b0_r5_c10_l500_i50_ps0_05_pt0_95_j5_3.stl,0.576,56695.2,sat
../resources/benchmarks/random/b0_r5_c10_l500_i50_ps0_05_pt0_95_j5_4.stl,-1,-1,TO
../resources/benchmarks/random/b0_r5_c10_l500_i50_ps0_05_pt0_95_j5_5.stl,0.392,39569.6,sat
../resources/benchmarks/random/b0_r5_c10_l500_i50_ps0_15_pt0_33_j10_1.stl,0.378,38988,sat
../resources/benchmarks/random/b0_r5_c10_l500_i50_ps0_15_pt0_33_j10_2.stl,1.286,69613.6,sat
../resources/benchmarks/random/b0_r5_c10_l500_i50_ps0_15_pt0_33_j10_3.stl,1.378,213599.2,sat
../resources/benchmarks/random/b0_r5_c10_l500_i50_ps0_15_pt0_33_j10_4.stl,0.336,17002.4,unsat
../resources/benchmarks/random/b0_r5_c10_l500_i50_ps0_15_pt0_33_j10_5.stl,0.456,48093.6,sat
../resources/benchmarks/random/b0_r5_c10_l500_i50_ps0_15_pt0_33_j5_1.stl,0.35,37356,sat
../resources/benchmarks/random/b0_r5_c10_l500_i50_ps0_15_pt0_33_j5_2.stl,0.33,17016.8,unsat
../resources/benchmarks/random/b0_r5_c10_l500_i50_ps0_15_pt0_33_j5_3.stl,0.35,38555.2,sat
../resources/benchmarks/random/b0_r5_c10_l500_i50_ps0_15_pt0_33_j5_4.stl,0.336,35848,sat
../resources/benchmarks/random/b0_r5_c10_l500_i50_ps0_15_pt0_33_j5_5.stl,0.372,41924.8,sat
../resources/benchmarks/random/b0_r5_c10_l500_i50_ps0_15_pt0_5_j10_1.stl,0.31,18214.4,unsat
../resources/benchmarks/random/b0_r5_c10_l500_i50_ps0_15_pt0_5_j10_2.stl,0.328,17005.6,unsat
../resources/benchmarks/random/b0_r5_c10_l500_i50_ps0_15_pt0_5_j10_3.stl,0.34400000000000003,33660,unsat
../resources/benchmarks/random/b0_r5_c10_l500_i50_ps0_15_pt0_5_j10_4.stl,5.128,235518.4,sat
../resources/benchmarks/random/b0_r5_c10_l500_i50_ps0_15_pt0_5_j10_5.stl,2.364,303031.2,sat
../resources/benchmarks/random/b0_r5_c10_l500_i50_ps0_15_pt0_5_j5_1.stl,0.636,251449.6,sat
../resources/benchmarks/random/b0_r5_c10_l500_i50_ps0_15_pt0_5_j5_2.stl,0.594,57633.6,sat
../resources/benchmarks/random/b0_r5_c10_l500_i50_ps0_15_pt0_5_j5_3.stl,0.366,38047.2,sat
../resources/benchmarks/random/b0_r5_c10_l500_i50_ps0_15_pt0_5_j5_4.stl,0.358,41928,sat
../resources/benchmarks/random/b0_r5_c10_l500_i50_ps0_15_pt0_5_j5_5.stl,0.342,40428,sat
../resources/benchmarks/random/b0_r5_c10_l500_i50_ps0_15_pt0_75_j10_1.stl,107.006,428356,sat
../resources/benchmarks/random/b0_r5_c10_l500_i50_ps0_15_pt0_75_j10_2.stl,0.738,263745.6,sat
../resources/benchmarks/random/b0_r5_c10_l500_i50_ps0_15_pt0_75_j10_3.stl,0.348,32730.4,unsat
../resources/benchmarks/random/b0_r5_c10_l500_i50_ps0_15_pt0_75_j10_4.stl,-1,-1,TO
../resources/benchmarks/random/b0_r5_c10_l500_i50_ps0_15_pt0_75_j10_5.stl,-1,-1,TO
../resources/benchmarks/random/b0_r5_c10_l500_i50_ps0_15_pt0_75_j5_1.stl,1.89,113774.4,sat
../resources/benchmarks/random/b0_r5_c10_l500_i50_ps0_15_pt0_75_j5_2.stl,86.44200000000001,272032.8,unsat
../resources/benchmarks/random/b0_r5_c10_l500_i50_ps0_15_pt0_75_j5_3.stl,0.36,34956,sat
../resources/benchmarks/random/b0_r5_c10_l500_i50_ps0_15_pt0_75_j5_4.stl,5.852,258832,sat
../resources/benchmarks/random/b0_r5_c10_l500_i50_ps0_15_pt0_75_j5_5.stl,0.372,35549.6,sat
../resources/benchmarks/random/b0_r5_c10_l500_i50_ps0_15_pt0_95_j10_1.stl,0.444,59132.8,unsat
../resources/benchmarks/random/b0_r5_c10_l500_i50_ps0_15_pt0_95_j10_2.stl,0.378,38324.8,unsat
../resources/benchmarks/random/b0_r5_c10_l500_i50_ps0_15_pt0_95_j10_3.stl,-1,-1,TO
../resources/benchmarks/random/b0_r5_c10_l500_i50_ps0_15_pt0_95_j10_4.stl,0.37,41332.8,unsat
../resources/benchmarks/random/b0_r5_c10_l500_i50_ps0_15_pt0_95_j10_5.stl,51.834,4465505.6,sat
../resources/benchmarks/random/b0_r5_c10_l500_i50_ps0_15_pt0_95_j5_1.stl,0.36,34903.2,sat
../resources/benchmarks/random/b0_r5_c10_l500_i50_ps0_15_pt0_95_j5_2.stl,0.352,40722.4,sat
../resources/benchmarks/random/b0_r5_c10_l500_i50_ps0_15_pt0_95_j5_3.stl,0.324,17316,unsat
../resources/benchmarks/random/b0_r5_c10_l500_i50_ps0_15_pt0_95_j5_4.stl,20.638,673249.6,sat
../resources/benchmarks/random/b0_r5_c10_l500_i50_ps0_15_pt0_95_j5_5.stl,0.37,52067.2,sat
../resources/benchmarks/random/b0_r5_c10_l500_i50_ps0_1_pt0_33_j10_1.stl,11.416,118360.8,sat
../resources/benchmarks/random/b0_r5_c10_l500_i50_ps0_1_pt0_33_j10_2.stl,0.448,47812.8,sat
../resources/benchmarks/random/b0_r5_c10_l500_i50_ps0_1_pt0_33_j10_3.stl,49.458,1673280,sat
../resources/benchmarks/random/b0_r5_c10_l500_i50_ps0_1_pt0_33_j10_4.stl,-1,-1,TO
../resources/benchmarks/random/b0_r5_c10_l500_i50_ps0_1_pt0_33_j10_5.stl,0.34,35536,unsat
../resources/benchmarks/random/b0_r5_c10_l500_i50_ps0_1_pt0_33_j5_1.stl,0.342,41025.6,sat
../resources/benchmarks/random/b0_r5_c10_l500_i50_ps0_1_pt0_33_j5_2.stl,0.34600000000000003,36461.6,sat
../resources/benchmarks/random/b0_r5_c10_l500_i50_ps0_1_pt0_33_j5_3.stl,0.37,43488.8,sat
../resources/benchmarks/random/b0_r5_c10_l500_i50_ps0_1_pt0_33_j5_4.stl,0.514,45722.4,sat
../resources/benchmarks/random/b0_r5_c10_l500_i50_ps0_1_pt0_33_j5_5.stl,1.636,103525.6,sat
../resources/benchmarks/random/b0_r5_c10_l500_i50_ps0_1_pt0_5_j10_1.stl,1.228,49404,unsat
../resources/benchmarks/random/b0_r5_c10_l500_i50_ps0_1_pt0_5_j10_2.stl,1.688,105214.4,sat
../resources/benchmarks/random/b0_r5_c10_l500_i50_ps0_1_pt0_5_j10_3.stl,3.116,226288.8,sat
../resources/benchmarks/random/b0_r5_c10_l500_i50_ps0_1_pt0_5_j10_4.stl,5.242,331324.8,sat
../resources/benchmarks/random/b0_r5_c10_l500_i50_ps0_1_pt0_5_j10_5.stl,-1,-1,TO
../resources/benchmarks/random/b0_r5_c10_l500_i50_ps0_1_pt0_5_j5_1.stl,0.948,267108.8,sat
../resources/benchmarks/random/b0_r5_c10_l500_i50_ps0_1_pt0_5_j5_2.stl,0.398,42895.2,sat
../resources/benchmarks/random/b0_r5_c10_l500_i50_ps0_1_pt0_5_j5_3.stl,0.698,72964.8,sat
../resources/benchmarks/random/b0_r5_c10_l500_i50_ps0_1_pt0_5_j5_4.stl,0.342,38879.2,sat
../resources/benchmarks/random/b0_r5_c10_l500_i50_ps0_1_pt0_5_j5_5.stl,48.08,3031271.2,sat
../resources/benchmarks/random/b0_r5_c10_l500_i50_ps0_1_pt0_75_j10_1.stl,0.35,16998.4,unsat
../resources/benchmarks/random/b0_r5_c10_l500_i50_ps0_1_pt0_75_j10_2.stl,-1,-1,TO
../resources/benchmarks/random/b0_r5_c10_l500_i50_ps0_1_pt0_75_j10_3.stl,36.888,343840.8,sat
../resources/benchmarks/random/b0_r5_c10_l500_i50_ps0_1_pt0_75_j10_4.stl,1.272,252693.6,unsat
../resources/benchmarks/random/b0_r5_c10_l500_i50_ps0_1_pt0_75_j10_5.stl,0.362,36168.8,unsat
../resources/benchmarks/random/b0_r5_c10_l500_i50_ps0_1_pt0_75_j5_1.stl,2.092,278780.8,sat
../resources/benchmarks/random/b0_r5_c10_l500_i50_ps0_1_pt0_75_j5_2.stl,2.104,135351.2,sat
../resources/benchmarks/random/b0_r5_c10_l500_i50_ps0_1_pt0_75_j5_3.stl,0.614,57621.6,sat
../resources/benchmarks/random/b0_r5_c10_l500_i50_ps0_1_pt0_75_j5_4.stl,0.352,46899.2,sat
../resources/benchmarks/random/b0_r5_c10_l500_i50_ps0_1_pt0_75_j5_5.stl,0.342,38567.2,sat
../resources/benchmarks/random/b0_r5_c10_l500_i50_ps0_1_pt0_95_j10_1.stl,0.398,60684,unsat
../resources/benchmarks/random/b0_r5_c10_l500_i50_ps0_1_pt0_95_j10_2.stl,1.236,134147.2,sat
../resources/benchmarks/random/b0_r5_c10_l500_i50_ps0_1_pt0_95_j10_3.stl,-1,-1,TO
../resources/benchmarks/random/b0_r5_c10_l500_i50_ps0_1_pt0_95_j10_4.stl,-1,-1,TO
../resources/benchmarks/random/b0_r5_c10_l500_i50_ps0_1_pt0_95_j10_5.stl,-1,-1,TO
../resources/benchmarks/random/b0_r5_c10_l500_i50_ps0_1_pt0_95_j5_1.stl,-1,-1,TO
../resources/benchmarks/random/b0_r5_c10_l500_i50_ps0_1_pt0_95_j5_2.stl,-1,-1,TO
../resources/benchmarks/random/b0_r5_c10_l500_i50_ps0_1_pt0_95_j5_3.stl,0.452,62840,sat
../resources/benchmarks/random/b0_r5_c10_l500_i50_ps0_1_pt0_95_j5_4.stl,0.40800000000000003,66812.8,sat
../resources/benchmarks/random/b0_r5_c10_l500_i50_ps0_1_pt0_95_j5_5.stl,0.872,59429.6,sat
../resources/benchmarks/random/b0_r5_c10_l500_i50_ps0_25_pt0_33_j10_1.stl,0.328,17615.2,unsat
../resources/benchmarks/random/b0_r5_c10_l500_i50_ps0_25_pt0_33_j10_2.stl,0.398,69256.8,sat
../resources/benchmarks/random/b0_r5_c10_l500_i50_ps0_25_pt0_33_j10_3.stl,0.34,17324,unsat
../resources/benchmarks/random/b0_r5_c10_l500_i50_ps0_25_pt0_33_j10_4.stl,0.388,53012.8,sat
../resources/benchmarks/random/b0_r5_c10_l500_i50_ps0_25_pt0_33_j10_5.stl,0.34600000000000003,35883.2,unsat
../resources/benchmarks/random/b0_r5_c10_l500_i50_ps0_25_pt0_33_j5_1.stl,0.358,35885.6,sat
../resources/benchmarks/random/b0_r5_c10_l500_i50_ps0_25_pt0_33_j5_2.stl,0.34,17018.4,unsat
../resources/benchmarks/random/b0_r5_c10_l500_i50_ps0_25_pt0_33_j5_3.stl,0.334,17026.4,sat
../resources/benchmarks/random/b0_r5_c10_l500_i50_ps0_25_pt0_33_j5_4.stl,0.34400000000000003,18839.2,sat
../resources/benchmarks/random/b0_r5_c10_l500_i50_ps0_25_pt0_33_j5_5.stl,0.34600000000000003,17033.6,sat
../resources/benchmarks/random/b0_r5_c10_l500_i50_ps0_25_pt0_5_j10_1.stl,0.36,40716,sat
../resources/benchmarks/random/b0_r5_c10_l500_i50_ps0_25_pt0_5_j10_2.stl,0.956,252987.2,sat
../resources/benchmarks/random/b0_r5_c10_l500_i50_ps0_25_pt0_5_j10_3.stl,0.392,60976.8,sat
../resources/benchmarks/random/b0_r5_c10_l500_i50_ps0_25_pt0_5_j10_4.stl,0.436,48706.4,sat
../resources/benchmarks/random/b0_r5_c10_l500_i50_ps0_25_pt0_5_j10_5.stl,0.346,33046.4,unsat
../resources/benchmarks/random/b0_r5_c10_l500_i50_ps0_25_pt0_5_j5_1.stl,0.358,38569.6,sat
../resources/benchmarks/random/b0_r5_c10_l500_i50_ps0_25_pt0_5_j5_2.stl,0.362,34602.4,sat
../resources/benchmarks/random/b0_r5_c10_l500_i50_ps0_25_pt0_5_j5_3.stl,0.34400000000000003,43798.4,sat
../resources/benchmarks/random/b0_r5_c10_l500_i50_ps0_25_pt0_5_j5_4.stl,0.342,39184.8,sat
../resources/benchmarks/random/b0_r5_c10_l500_i50_ps0_25_pt0_5_j5_5.stl,0.34,37361.6,sat
../resources/benchmarks/random/b0_r5_c10_l500_i50_ps0_25_pt0_75_j10_1.stl,0.368,45341.6,sat
../resources/benchmarks/random/b0_r5_c10_l500_i50_ps0_25_pt0_75_j10_2.stl,0.494,52687.2,sat
../resources/benchmarks/random/b0_r5_c10_l500_i50_ps0_25_pt0_75_j10_3.stl,7.228,255169.6,sat
../resources/benchmarks/random/b0_r5_c10_l500_i50_ps0_25_pt0_75_j10_4.stl,0.608,219801.6,sat
../resources/benchmarks/random/b0_r5_c10_l500_i50_ps0_25_pt0_75_j10_5.stl,0.422,100292,sat
../resources/benchmarks/random/b0_r5_c10_l500_i50_ps0_25_pt0_75_j5_1.stl,0.538,54840.8,sat
../resources/benchmarks/random/b0_r5_c10_l500_i50_ps0_25_pt0_75_j5_2.stl,0.37,42569.6,sat
../resources/benchmarks/random/b0_r5_c10_l500_i50_ps0_25_pt0_75_j5_3.stl,0.36,35879.2,unsat
../resources/benchmarks/random/b0_r5_c10_l500_i50_ps0_25_pt0_75_j5_4.stl,0.334,16993.6,unsat
../resources/benchmarks/random/b0_r5_c10_l500_i50_ps0_25_pt0_75_j5_5.stl,0.366,50529.6,sat
../resources/benchmarks/random/b0_r5_c10_l500_i50_ps0_25_pt0_95_j10_1.stl,-1,-1,TO
../resources/benchmarks/random/b0_r5_c10_l500_i50_ps0_25_pt0_95_j10_2.stl,0.408,78780,sat
../resources/benchmarks/random/b0_r5_c10_l500_i50_ps0_25_pt0_95_j10_3.stl,0.33,17317.6,unsat
../resources/benchmarks/random/b0_r5_c10_l500_i50_ps0_25_pt0_95_j10_4.stl,12.496,261900.8,sat
../resources/benchmarks/random/b0_r5_c10_l500_i50_ps0_25_pt0_95_j10_5.stl,0.352,37058.4,unsat
../resources/benchmarks/random/b0_r5_c10_l500_i50_ps0_25_pt0_95_j5_1.stl,0.328,17619.2,unsat
../resources/benchmarks/random/b0_r5_c10_l500_i50_ps0_25_pt0_95_j5_2.stl,0.46799999999999997,54228.8,sat
../resources/benchmarks/random/b0_r5_c10_l500_i50_ps0_25_pt0_95_j5_3.stl,0.368,44396.8,sat
../resources/benchmarks/random/b0_r5_c10_l500_i50_ps0_25_pt0_95_j5_4.stl,0.362,41644,sat
../resources/benchmarks/random/b0_r5_c10_l500_i50_ps0_25_pt0_95_j5_5.stl,0.346,16988,sat
../resources/benchmarks/random/b0_r5_c10_l500_i50_ps0_2_pt0_33_j10_1.stl,0.344,32760.8,unsat
../resources/benchmarks/random/b0_r5_c10_l500_i50_ps0_2_pt0_33_j10_2.stl,0.928,71469.6,sat
../resources/benchmarks/random/b0_r5_c10_l500_i50_ps0_2_pt0_33_j10_3.stl,0.35,33348.8,unsat
../resources/benchmarks/random/b0_r5_c10_l500_i50_ps0_2_pt0_33_j10_4.stl,0.352,32448.8,unsat
../resources/benchmarks/random/b0_r5_c10_l500_i50_ps0_2_pt0_33_j10_5.stl,0.416,46265.6,sat
../resources/benchmarks/random/b0_r5_c10_l500_i50_ps0_2_pt0_33_j5_1.stl,0.354,35221.6,sat
../resources/benchmarks/random/b0_r5_c10_l500_i50_ps0_2_pt0_33_j5_2.stl,0.34400000000000003,36767.2,sat
../resources/benchmarks/random/b0_r5_c10_l500_i50_ps0_2_pt0_33_j5_3.stl,0.34400000000000003,40093.6,sat
../resources/benchmarks/random/b0_r5_c10_l500_i50_ps0_2_pt0_33_j5_4.stl,0.346,36123.2,sat
../resources/benchmarks/random/b0_r5_c10_l500_i50_ps0_2_pt0_33_j5_5.stl,0.34,35548.8,sat
../resources/benchmarks/random/b0_r5_c10_l500_i50_ps0_2_pt0_5_j10_1.stl,0.364,45334.4,sat
../resources/benchmarks/random/b0_r5_c10_l500_i50_ps0_2_pt0_5_j10_2.stl,0.632,63752,sat
../resources/benchmarks/random/b0_r5_c10_l500_i50_ps0_2_pt0_5_j10_3.stl,0.62,241627.2,sat
../resources/benchmarks/random/b0_r5_c10_l500_i50_ps0_2_pt0_5_j10_4.stl,0.516,59142.4,sat
../resources/benchmarks/random/b0_r5_c10_l500_i50_ps0_2_pt0_5_j10_5.stl,0.376,20105.6,unsat
../resources/benchmarks/random/b0_r5_c10_l500_i50_ps0_2_pt0_5_j5_1.stl,0.34600000000000003,45002.4,sat
../resources/benchmarks/random/b0_r5_c10_l500_i50_ps0_2_pt0_5_j5_2.stl,0.338,35568,unsat
../resources/benchmarks/random/b0_r5_c10_l500_i50_ps0_2_pt0_5_j5_3.stl,0.354,39209.6,sat
../resources/benchmarks/random/b0_r5_c10_l500_i50_ps0_2_pt0_5_j5_4.stl,0.356,36183.2,unsat
../resources/benchmarks/random/b0_r5_c10_l500_i50_ps0_2_pt0_5_j5_5.stl,0.354,44739.2,sat
../resources/benchmarks/random/b0_r5_c10_l500_i50_ps0_2_pt0_75_j10_1.stl,0.488,57314.4,sat
../resources/benchmarks/random/b0_r5_c10_l500_i50_ps0_2_pt0_75_j10_2.stl,13.21,238864.8,sat
../resources/benchmarks/random/b0_r5_c10_l500_i50_ps0_2_pt0_75_j10_3.stl,0.382,58847.2,sat
../resources/benchmarks/random/b0_r5_c10_l500_i50_ps0_2_pt0_75_j10_4.stl,-1,-1,TO
../resources/benchmarks/random/b0_r5_c10_l500_i50_ps0_2_pt0_75_j10_5.stl,7.064,777481.6,sat
../resources/benchmarks/random/b0_r5_c10_l500_i50_ps0_2_pt0_75_j5_1.stl,0.412,54560,sat
../resources/benchmarks/random/b0_r5_c10_l500_i50_ps0_2_pt0_75_j5_2.stl,0.312,17925.6,unsat
../resources/benchmarks/random/b0_r5_c10_l500_i50_ps0_2_pt0_75_j5_3.stl,0.34,37675.2,sat
../resources/benchmarks/random/b0_r5_c10_l500_i50_ps0_2_pt0_75_j5_4.stl,0.41,56676,unsat
../resources/benchmarks/random/b0_r5_c10_l500_i50_ps0_2_pt0_75_j5_5.stl,0.348,34288,unsat
../resources/benchmarks/random/b0_r5_c10_l500_i50_ps0_2_pt0_95_j10_1.stl,0.328,17008.8,unsat
../resources/benchmarks/random/b0_r5_c10_l500_i50_ps0_2_pt0_95_j10_2.stl,0.34,17616.8,unsat
../resources/benchmarks/random/b0_r5_c10_l500_i50_ps0_2_pt0_95_j10_3.stl,0.352,35582.4,unsat
../resources/benchmarks/random/b0_r5_c10_l500_i50_ps0_2_pt0_95_j10_4.stl,0.39199999999999996,19452.8,unsat
../resources/benchmarks/random/b0_r5_c10_l500_i50_ps0_2_pt0_95_j10_5.stl,59.528,265557.6,sat
../resources/benchmarks/random/b0_r5_c10_l500_i50_ps0_2_pt0_95_j5_1.stl,0.38,38339.2,sat
../resources/benchmarks/random/b0_r5_c10_l500_i50_ps0_2_pt0_95_j5_2.stl,0.374,45345.6,sat
../resources/benchmarks/random/b0_r5_c10_l500_i50_ps0_2_pt0_95_j5_3.stl,3.03,220110.4,sat
../resources/benchmarks/random/b0_r5_c10_l500_i50_ps0_2_pt0_95_j5_4.stl,0.338,35536,unsat
../resources/benchmarks/random/b0_r5_c10_l500_i50_ps0_2_pt0_95_j5_5.stl,0.364,53934.4,sat
../resources/benchmarks/random/random.list,-1,-1,Error 3
