Name,Time (s),Total memory (KiB),Result
/home/michele/mltlsat/Benchmarks/random0/P0.333333333333333N1L100M100T100-10.mltl,0.0,7808,sat
/home/michele/mltlsat/Benchmarks/random0/P0.333333333333333N1L100M100T100-1.mltl,0.0,7819.2,sat
/home/michele/mltlsat/Benchmarks/random0/P0.333333333333333N1L100M100T100-2.mltl,0.0,7792.8,sat
/home/michele/mltlsat/Benchmarks/random0/P0.333333333333333N1L100M100T100-3.mltl,-1,-1,TO
/home/michele/mltlsat/Benchmarks/random0/P0.333333333333333N1L100M100T100-4.mltl,0.0,7792.8,sat
/home/michele/mltlsat/Benchmarks/random0/P0.333333333333333N1L100M100T100-5.mltl,0.01,12106.4,sat
/home/michele/mltlsat/Benchmarks/random0/P0.333333333333333N1L100M100T100-6.mltl,0.01,10877.6,sat
/home/michele/mltlsat/Benchmarks/random0/P0.333333333333333N1L100M100T100-7.mltl,0.0,7798.4,sat
/home/michele/mltlsat/Benchmarks/random0/P0.333333333333333N1L100M100T100-8.mltl,0.0,7797.6,sat
/home/michele/mltlsat/Benchmarks/random0/P0.333333333333333N1L100M100T100-9.mltl,0.0,9320,sat
/home/michele/mltlsat/Benchmarks/random0/P0.333333333333333N1L10M100T100-10.mltl,0.0,7798.4,sat
/home/michele/mltlsat/Benchmarks/random0/P0.333333333333333N1L10M100T100-1.mltl,0.0,7792.8,unsat
/home/michele/mltlsat/Benchmarks/random0/P0.333333333333333N1L10M100T100-2.mltl,0.0,7815.2,sat
/home/michele/mltlsat/Benchmarks/random0/P0.333333333333333N1L10M100T100-3.mltl,0.0,7844,sat
/home/michele/mltlsat/Benchmarks/random0/P0.333333333333333N1L10M100T100-4.mltl,0.0,7808,sat
/home/michele/mltlsat/Benchmarks/random0/P0.333333333333333N1L10M100T100-5.mltl,0.0,7797.6,sat
/home/michele/mltlsat/Benchmarks/random0/P0.333333333333333N1L10M100T100-6.mltl,0.0,9344.8,sat
/home/michele/mltlsat/Benchmarks/random0/P0.333333333333333N1L10M100T100-7.mltl,0.0,7479.2,sat
/home/michele/mltlsat/Benchmarks/random0/P0.333333333333333N1L10M100T100-8.mltl,0.0,7820.8,sat
/home/michele/mltlsat/Benchmarks/random0/P0.333333333333333N1L10M100T100-9.mltl,0.0,7810.4,unsat
/home/michele/mltlsat/Benchmarks/random0/P0.333333333333333N1L15M100T100-10.mltl,0.0,7788,sat
/home/michele/mltlsat/Benchmarks/random0/P0.333333333333333N1L15M100T100-1.mltl,0.0,7802.4,sat
/home/michele/mltlsat/Benchmarks/random0/P0.333333333333333N1L15M100T100-2.mltl,0.0,7809.6,sat
/home/michele/mltlsat/Benchmarks/random0/P0.333333333333333N1L15M100T100-3.mltl,0.0,7800,sat
/home/michele/mltlsat/Benchmarks/random0/P0.333333333333333N1L15M100T100-4.mltl,0.0,7803.2,unsat
/home/michele/mltlsat/Benchmarks/random0/P0.333333333333333N1L15M100T100-5.mltl,0.0,7804,sat
/home/michele/mltlsat/Benchmarks/random0/P0.333333333333333N1L15M100T100-6.mltl,0.0,7797.6,sat
/home/michele/mltlsat/Benchmarks/random0/P0.333333333333333N1L15M100T100-7.mltl,0.0,7824,unsat
/home/michele/mltlsat/Benchmarks/random0/P0.333333333333333N1L15M100T100-8.mltl,0.0,7789.6,sat
/home/michele/mltlsat/Benchmarks/random0/P0.333333333333333N1L15M100T100-9.mltl,0.0,7839.2,sat
/home/michele/mltlsat/Benchmarks/random0/P0.333333333333333N1L20M100T100-10.mltl,0.0,7785.6,sat
/home/michele/mltlsat/Benchmarks/random0/P0.333333333333333N1L20M100T100-1.mltl,0.0,7789.6,sat
/home/michele/mltlsat/Benchmarks/random0/P0.333333333333333N1L20M100T100-2.mltl,0.0,7792.8,unsat
/home/michele/mltlsat/Benchmarks/random0/P0.333333333333333N1L20M100T100-3.mltl,0.0,7771.2,sat
/home/michele/mltlsat/Benchmarks/random0/P0.333333333333333N1L20M100T100-4.mltl,0.0,7778.4,sat
/home/michele/mltlsat/Benchmarks/random0/P0.333333333333333N1L20M100T100-5.mltl,0.0,7504,unsat
/home/michele/mltlsat/Benchmarks/random0/P0.333333333333333N1L20M100T100-6.mltl,0.0,7791.2,sat
/home/michele/mltlsat/Benchmarks/random0/P0.333333333333333N1L20M100T100-7.mltl,0.0,7796.8,sat
/home/michele/mltlsat/Benchmarks/random0/P0.333333333333333N1L20M100T100-8.mltl,0.0,7800.8,unsat
/home/michele/mltlsat/Benchmarks/random0/P0.333333333333333N1L20M100T100-9.mltl,0.0,7826.4,sat
/home/michele/mltlsat/Benchmarks/random0/P0.333333333333333N1L25M100T100-10.mltl,0.0,7812.8,sat
/home/michele/mltlsat/Benchmarks/random0/P0.333333333333333N1L25M100T100-1.mltl,0.0,7782.4,sat
/home/michele/mltlsat/Benchmarks/random0/P0.333333333333333N1L25M100T100-2.mltl,0.0,7795.2,unsat
/home/michele/mltlsat/Benchmarks/random0/P0.333333333333333N1L25M100T100-3.mltl,0.0,7808.8,sat
/home/michele/mltlsat/Benchmarks/random0/P0.333333333333333N1L25M100T100-4.mltl,0.0,7487.2,sat
/home/michele/mltlsat/Benchmarks/random0/P0.333333333333333N1L25M100T100-5.mltl,0.0,7788,sat
/home/michele/mltlsat/Benchmarks/random0/P0.333333333333333N1L25M100T100-6.mltl,0.0,7802.4,sat
/home/michele/mltlsat/Benchmarks/random0/P0.333333333333333N1L25M100T100-7.mltl,0.0,9332.8,sat
/home/michele/mltlsat/Benchmarks/random0/P0.333333333333333N1L25M100T100-8.mltl,0.0,7814.4,sat
/home/michele/mltlsat/Benchmarks/random0/P0.333333333333333N1L25M100T100-9.mltl,0.0,7811.2,sat
/home/michele/mltlsat/Benchmarks/random0/P0.333333333333333N1L30M100T100-10.mltl,0.0,7478.4,sat
/home/michele/mltlsat/Benchmarks/random0/P0.333333333333333N1L30M100T100-1.mltl,0.0,7801.6,sat
/home/michele/mltlsat/Benchmarks/random0/P0.333333333333333N1L30M100T100-2.mltl,0.0,7834.4,sat
/home/michele/mltlsat/Benchmarks/random0/P0.333333333333333N1L30M100T100-3.mltl,0.0,7801.6,sat
/home/michele/mltlsat/Benchmarks/random0/P0.333333333333333N1L30M100T100-4.mltl,0.0,7781.6,sat
/home/michele/mltlsat/Benchmarks/random0/P0.333333333333333N1L30M100T100-5.mltl,0.0,7788.8,sat
/home/michele/mltlsat/Benchmarks/random0/P0.333333333333333N1L30M100T100-6.mltl,0.0,7800.8,unsat
/home/michele/mltlsat/Benchmarks/random0/P0.333333333333333N1L30M100T100-7.mltl,0.0,7775.2,sat
/home/michele/mltlsat/Benchmarks/random0/P0.333333333333333N1L30M100T100-8.mltl,0.0,7804,sat
/home/michele/mltlsat/Benchmarks/random0/P0.333333333333333N1L30M100T100-9.mltl,0.0,7778.4,sat
/home/michele/mltlsat/Benchmarks/random0/P0.333333333333333N1L35M100T100-10.mltl,0.0,7831.2,sat
/home/michele/mltlsat/Benchmarks/random0/P0.333333333333333N1L35M100T100-1.mltl,0.0,7813.6,sat
/home/michele/mltlsat/Benchmarks/random0/P0.333333333333333N1L35M100T100-2.mltl,0.0,7789.6,unsat
/home/michele/mltlsat/Benchmarks/random0/P0.333333333333333N1L35M100T100-3.mltl,0.0,7807.2,unsat
/home/michele/mltlsat/Benchmarks/random0/P0.333333333333333N1L35M100T100-4.mltl,0.0,7810.4,sat
/home/michele/mltlsat/Benchmarks/random0/P0.333333333333333N1L35M100T100-5.mltl,0.0,7815.2,sat
/home/michele/mltlsat/Benchmarks/random0/P0.333333333333333N1L35M100T100-6.mltl,0.0,7780.8,sat
/home/michele/mltlsat/Benchmarks/random0/P0.333333333333333N1L35M100T100-7.mltl,0.0,7792,sat
/home/michele/mltlsat/Benchmarks/random0/P0.333333333333333N1L35M100T100-8.mltl,0.0,7781.6,sat
/home/michele/mltlsat/Benchmarks/random0/P0.333333333333333N1L35M100T100-9.mltl,0.0,7834.4,sat
/home/michele/mltlsat/Benchmarks/random0/P0.333333333333333N1L40M100T100-10.mltl,0.0,7818.4,sat
/home/michele/mltlsat/Benchmarks/random0/P0.333333333333333N1L40M100T100-1.mltl,0.0,7477.6,sat
/home/michele/mltlsat/Benchmarks/random0/P0.333333333333333N1L40M100T100-2.mltl,0.0,7788,sat
/home/michele/mltlsat/Benchmarks/random0/P0.333333333333333N1L40M100T100-3.mltl,0.0,7789.6,sat
/home/michele/mltlsat/Benchmarks/random0/P0.333333333333333N1L40M100T100-4.mltl,0.0,8723.2,sat
/home/michele/mltlsat/Benchmarks/random0/P0.333333333333333N1L40M100T100-5.mltl,0.0,7792.8,sat
/home/michele/mltlsat/Benchmarks/random0/P0.333333333333333N1L40M100T100-6.mltl,0.0,7792,sat
/home/michele/mltlsat/Benchmarks/random0/P0.333333333333333N1L40M100T100-7.mltl,0.0,7800.8,sat
/home/michele/mltlsat/Benchmarks/random0/P0.333333333333333N1L40M100T100-8.mltl,0.0,7798.4,sat
/home/michele/mltlsat/Benchmarks/random0/P0.333333333333333N1L40M100T100-9.mltl,0.0,7477.6,sat
/home/michele/mltlsat/Benchmarks/random0/P0.333333333333333N1L45M100T100-10.mltl,0.0,7828,sat
/home/michele/mltlsat/Benchmarks/random0/P0.333333333333333N1L45M100T100-1.mltl,0.0,7475.2,unsat
/home/michele/mltlsat/Benchmarks/random0/P0.333333333333333N1L45M100T100-2.mltl,0.0,7788.8,sat
/home/michele/mltlsat/Benchmarks/random0/P0.333333333333333N1L45M100T100-3.mltl,0.0,7817.6,sat
/home/michele/mltlsat/Benchmarks/random0/P0.333333333333333N1L45M100T100-4.mltl,0.0,7809.6,sat
/home/michele/mltlsat/Benchmarks/random0/P0.333333333333333N1L45M100T100-5.mltl,0.0,7824,sat
/home/michele/mltlsat/Benchmarks/random0/P0.333333333333333N1L45M100T100-6.mltl,0.0,7812.8,sat
/home/michele/mltlsat/Benchmarks/random0/P0.333333333333333N1L45M100T100-7.mltl,0.0,7791.2,sat
/home/michele/mltlsat/Benchmarks/random0/P0.333333333333333N1L45M100T100-8.mltl,0.0,7804,sat
/home/michele/mltlsat/Benchmarks/random0/P0.333333333333333N1L45M100T100-9.mltl,0.0,7806.4,sat
/home/michele/mltlsat/Benchmarks/random0/P0.333333333333333N1L50M100T100-10.mltl,0.0,7794.4,sat
/home/michele/mltlsat/Benchmarks/random0/P0.333333333333333N1L50M100T100-1.mltl,0.0,7488,sat
/home/michele/mltlsat/Benchmarks/random0/P0.333333333333333N1L50M100T100-2.mltl,0.0,7819.2,sat
/home/michele/mltlsat/Benchmarks/random0/P0.333333333333333N1L50M100T100-3.mltl,0.0,7801.6,sat
/home/michele/mltlsat/Benchmarks/random0/P0.333333333333333N1L50M100T100-4.mltl,0.0,7788.8,sat
/home/michele/mltlsat/Benchmarks/random0/P0.333333333333333N1L50M100T100-5.mltl,0.0,7793.6,sat
/home/michele/mltlsat/Benchmarks/random0/P0.333333333333333N1L50M100T100-6.mltl,0.0,7800.8,sat
/home/michele/mltlsat/Benchmarks/random0/P0.333333333333333N1L50M100T100-7.mltl,0.0,7808,sat
/home/michele/mltlsat/Benchmarks/random0/P0.333333333333333N1L50M100T100-8.mltl,0.0,7808,unsat
/home/michele/mltlsat/Benchmarks/random0/P0.333333333333333N1L50M100T100-9.mltl,0.0,7805.6,sat
/home/michele/mltlsat/Benchmarks/random0/P0.333333333333333N1L55M100T100-10.mltl,0.0,7821.6,sat
/home/michele/mltlsat/Benchmarks/random0/P0.333333333333333N1L55M100T100-1.mltl,0.0,7784,sat
/home/michele/mltlsat/Benchmarks/random0/P0.333333333333333N1L55M100T100-2.mltl,0.0,7793.6,sat
/home/michele/mltlsat/Benchmarks/random0/P0.333333333333333N1L55M100T100-3.mltl,0.0,7780,sat
/home/michele/mltlsat/Benchmarks/random0/P0.333333333333333N1L55M100T100-4.mltl,0.0,7813.6,sat
/home/michele/mltlsat/Benchmarks/random0/P0.333333333333333N1L55M100T100-5.mltl,0.0,7811.2,unsat
/home/michele/mltlsat/Benchmarks/random0/P0.333333333333333N1L55M100T100-6.mltl,0.0,7780,unsat
/home/michele/mltlsat/Benchmarks/random0/P0.333333333333333N1L55M100T100-7.mltl,0.0,7483.2,sat
/home/michele/mltlsat/Benchmarks/random0/P0.333333333333333N1L55M100T100-8.mltl,0.004,10881.6,sat
/home/michele/mltlsat/Benchmarks/random0/P0.333333333333333N1L55M100T100-9.mltl,0.0,7815.2,sat
/home/michele/mltlsat/Benchmarks/random0/P0.333333333333333N1L5M100T100-10.mltl,0.0,7819.2,sat
/home/michele/mltlsat/Benchmarks/random0/P0.333333333333333N1L5M100T100-1.mltl,0.0,7808,sat
/home/michele/mltlsat/Benchmarks/random0/P0.333333333333333N1L5M100T100-2.mltl,0.0,7508,unsat
/home/michele/mltlsat/Benchmarks/random0/P0.333333333333333N1L5M100T100-3.mltl,0.0,7785.6,sat
/home/michele/mltlsat/Benchmarks/random0/P0.333333333333333N1L5M100T100-4.mltl,0.0,7530.4,sat
/home/michele/mltlsat/Benchmarks/random0/P0.333333333333333N1L5M100T100-5.mltl,0.0,7828,sat
/home/michele/mltlsat/Benchmarks/random0/P0.333333333333333N1L5M100T100-6.mltl,0.0,7793.6,sat
/home/michele/mltlsat/Benchmarks/random0/P0.333333333333333N1L5M100T100-7.mltl,0.0,7784,sat
/home/michele/mltlsat/Benchmarks/random0/P0.333333333333333N1L5M100T100-8.mltl,0.0,7766.4,sat
/home/michele/mltlsat/Benchmarks/random0/P0.333333333333333N1L5M100T100-9.mltl,0.0,7813.6,sat
/home/michele/mltlsat/Benchmarks/random0/P0.333333333333333N1L60M100T100-10.mltl,0.0,7809.6,sat
/home/michele/mltlsat/Benchmarks/random0/P0.333333333333333N1L60M100T100-1.mltl,0.0,7812.8,sat
/home/michele/mltlsat/Benchmarks/random0/P0.333333333333333N1L60M100T100-2.mltl,0.0,7830.4,sat
/home/michele/mltlsat/Benchmarks/random0/P0.333333333333333N1L60M100T100-3.mltl,0.0,7816,unsat
/home/michele/mltlsat/Benchmarks/random0/P0.333333333333333N1L60M100T100-4.mltl,0.0,7804.8,sat
/home/michele/mltlsat/Benchmarks/random0/P0.333333333333333N1L60M100T100-5.mltl,0.0,7817.6,unsat
/home/michele/mltlsat/Benchmarks/random0/P0.333333333333333N1L60M100T100-6.mltl,0.0,7807.2,unsat
/home/michele/mltlsat/Benchmarks/random0/P0.333333333333333N1L60M100T100-7.mltl,0.0,7819.2,sat
/home/michele/mltlsat/Benchmarks/random0/P0.333333333333333N1L60M100T100-8.mltl,0.0,9372,sat
/home/michele/mltlsat/Benchmarks/random0/P0.333333333333333N1L60M100T100-9.mltl,0.0,7798.4,sat
/home/michele/mltlsat/Benchmarks/random0/P0.333333333333333N1L65M100T100-10.mltl,0.0,7783.2,sat
/home/michele/mltlsat/Benchmarks/random0/P0.333333333333333N1L65M100T100-1.mltl,0.0,7819.2,sat
/home/michele/mltlsat/Benchmarks/random0/P0.333333333333333N1L65M100T100-2.mltl,0.0,7822.4,unsat
/home/michele/mltlsat/Benchmarks/random0/P0.333333333333333N1L65M100T100-3.mltl,0.0,7828,unsat
/home/michele/mltlsat/Benchmarks/random0/P0.333333333333333N1L65M100T100-4.mltl,0.0,7827.2,unsat
/home/michele/mltlsat/Benchmarks/random0/P0.333333333333333N1L65M100T100-5.mltl,0.0,9357.6,sat
/home/michele/mltlsat/Benchmarks/random0/P0.333333333333333N1L65M100T100-6.mltl,0.0,7796,unsat
/home/michele/mltlsat/Benchmarks/random0/P0.333333333333333N1L65M100T100-7.mltl,0.0,7840.8,sat
/home/michele/mltlsat/Benchmarks/random0/P0.333333333333333N1L65M100T100-8.mltl,0.0,7829.6,sat
/home/michele/mltlsat/Benchmarks/random0/P0.333333333333333N1L65M100T100-9.mltl,0.0,7486.4,sat
/home/michele/mltlsat/Benchmarks/random0/P0.333333333333333N1L70M100T100-10.mltl,0.0,7803.2,sat
/home/michele/mltlsat/Benchmarks/random0/P0.333333333333333N1L70M100T100-1.mltl,0.0,7792,sat
/home/michele/mltlsat/Benchmarks/random0/P0.333333333333333N1L70M100T100-2.mltl,0.0,7790.4,sat
/home/michele/mltlsat/Benchmarks/random0/P0.333333333333333N1L70M100T100-3.mltl,0.0,7809.6,sat
/home/michele/mltlsat/Benchmarks/random0/P0.333333333333333N1L70M100T100-4.mltl,0.002,10869.6,sat
/home/michele/mltlsat/Benchmarks/random0/P0.333333333333333N1L70M100T100-5.mltl,0.01,7796,unsat
/home/michele/mltlsat/Benchmarks/random0/P0.333333333333333N1L70M100T100-6.mltl,0.0,7796.8,sat
/home/michele/mltlsat/Benchmarks/random0/P0.333333333333333N1L70M100T100-7.mltl,0.0,7499.2,unsat
/home/michele/mltlsat/Benchmarks/random0/P0.333333333333333N1L70M100T100-8.mltl,0.0,7810.4,sat
/home/michele/mltlsat/Benchmarks/random0/P0.333333333333333N1L70M100T100-9.mltl,0.02,9325.6,unsat
/home/michele/mltlsat/Benchmarks/random0/P0.333333333333333N1L75M100T100-10.mltl,0.0,7830.4,sat
/home/michele/mltlsat/Benchmarks/random0/P0.333333333333333N1L75M100T100-1.mltl,0.0,7803.2,sat
/home/michele/mltlsat/Benchmarks/random0/P0.333333333333333N1L75M100T100-2.mltl,0.0,7796.8,sat
/home/michele/mltlsat/Benchmarks/random0/P0.333333333333333N1L75M100T100-3.mltl,0.0,7811.2,unsat
/home/michele/mltlsat/Benchmarks/random0/P0.333333333333333N1L75M100T100-4.mltl,0.0,7825.6,sat
/home/michele/mltlsat/Benchmarks/random0/P0.333333333333333N1L75M100T100-5.mltl,0.0,7797.6,sat
/home/michele/mltlsat/Benchmarks/random0/P0.333333333333333N1L75M100T100-6.mltl,0.0,7815.2,unsat
/home/michele/mltlsat/Benchmarks/random0/P0.333333333333333N1L75M100T100-7.mltl,0.0,7503.2,sat
/home/michele/mltlsat/Benchmarks/random0/P0.333333333333333N1L75M100T100-8.mltl,0.0,7809.6,sat
/home/michele/mltlsat/Benchmarks/random0/P0.333333333333333N1L75M100T100-9.mltl,0.01,9042.4,unsat
/home/michele/mltlsat/Benchmarks/random0/P0.333333333333333N1L80M100T100-10.mltl,0.0,7471.2,sat
/home/michele/mltlsat/Benchmarks/random0/P0.333333333333333N1L80M100T100-1.mltl,0.0,7805.6,sat
/home/michele/mltlsat/Benchmarks/random0/P0.333333333333333N1L80M100T100-2.mltl,-1,-1,TO
/home/michele/mltlsat/Benchmarks/random0/P0.333333333333333N1L80M100T100-3.mltl,0.0,7778.4,sat
/home/michele/mltlsat/Benchmarks/random0/P0.333333333333333N1L80M100T100-4.mltl,0.0,7802.4,sat
/home/michele/mltlsat/Benchmarks/random0/P0.333333333333333N1L80M100T100-5.mltl,0.0,7807.2,unsat
/home/michele/mltlsat/Benchmarks/random0/P0.333333333333333N1L80M100T100-6.mltl,0.0,9048.8,sat
/home/michele/mltlsat/Benchmarks/random0/P0.333333333333333N1L80M100T100-7.mltl,0.016,9039.2,unsat
/home/michele/mltlsat/Benchmarks/random0/P0.333333333333333N1L80M100T100-8.mltl,0.0,7796,sat
/home/michele/mltlsat/Benchmarks/random0/P0.333333333333333N1L80M100T100-9.mltl,0.0,7824.8,sat
/home/michele/mltlsat/Benchmarks/random0/P0.333333333333333N1L85M100T100-10.mltl,0.0,9337.6,sat
/home/michele/mltlsat/Benchmarks/random0/P0.333333333333333N1L85M100T100-1.mltl,0.0,7807.2,sat
/home/michele/mltlsat/Benchmarks/random0/P0.333333333333333N1L85M100T100-2.mltl,0.0,7804,sat
/home/michele/mltlsat/Benchmarks/random0/P0.333333333333333N1L85M100T100-3.mltl,0.0,7799.2,unsat
/home/michele/mltlsat/Benchmarks/random0/P0.333333333333333N1L85M100T100-4.mltl,0.0,7784.8,sat
/home/michele/mltlsat/Benchmarks/random0/P0.333333333333333N1L85M100T100-5.mltl,0.0,7795.2,sat
/home/michele/mltlsat/Benchmarks/random0/P0.333333333333333N1L85M100T100-6.mltl,0.0,7814.4,sat
/home/michele/mltlsat/Benchmarks/random0/P0.333333333333333N1L85M100T100-7.mltl,0.0,7500,sat
/home/michele/mltlsat/Benchmarks/random0/P0.333333333333333N1L85M100T100-8.mltl,0.0,7807.2,sat
/home/michele/mltlsat/Benchmarks/random0/P0.333333333333333N1L85M100T100-9.mltl,0.0,7783.2,sat
/home/michele/mltlsat/Benchmarks/random0/P0.333333333333333N1L90M100T100-10.mltl,0.0,7785.6,sat
/home/michele/mltlsat/Benchmarks/random0/P0.333333333333333N1L90M100T100-1.mltl,0.0,7820.8,sat
/home/michele/mltlsat/Benchmarks/random0/P0.333333333333333N1L90M100T100-2.mltl,0.01,9025.6,sat
/home/michele/mltlsat/Benchmarks/random0/P0.333333333333333N1L90M100T100-3.mltl,0.0,7496,unsat
/home/michele/mltlsat/Benchmarks/random0/P0.333333333333333N1L90M100T100-4.mltl,0.0,7800,sat
/home/michele/mltlsat/Benchmarks/random0/P0.333333333333333N1L90M100T100-5.mltl,0.002,9352.8,unsat
/home/michele/mltlsat/Benchmarks/random0/P0.333333333333333N1L90M100T100-6.mltl,0.0,7816,unsat
/home/michele/mltlsat/Benchmarks/random0/P0.333333333333333N1L90M100T100-7.mltl,0.0,7492,unsat
/home/michele/mltlsat/Benchmarks/random0/P0.333333333333333N1L90M100T100-8.mltl,0.0,7804,sat
/home/michele/mltlsat/Benchmarks/random0/P0.333333333333333N1L90M100T100-9.mltl,0.0,7827.2,sat
/home/michele/mltlsat/Benchmarks/random0/P0.333333333333333N1L95M100T100-10.mltl,0.0,7776,sat
/home/michele/mltlsat/Benchmarks/random0/P0.333333333333333N1L95M100T100-1.mltl,0.0,7537.6,unsat
/home/michele/mltlsat/Benchmarks/random0/P0.333333333333333N1L95M100T100-2.mltl,0.0,9322.4,sat
/home/michele/mltlsat/Benchmarks/random0/P0.333333333333333N1L95M100T100-3.mltl,0.0,7502.4,unsat
/home/michele/mltlsat/Benchmarks/random0/P0.333333333333333N1L95M100T100-4.mltl,0.01,13954.4,sat
/home/michele/mltlsat/Benchmarks/random0/P0.333333333333333N1L95M100T100-5.mltl,0.0,7812,sat
/home/michele/mltlsat/Benchmarks/random0/P0.333333333333333N1L95M100T100-6.mltl,0.0,7797.6,sat
/home/michele/mltlsat/Benchmarks/random0/P0.333333333333333N1L95M100T100-7.mltl,0.0,9350.4,sat
/home/michele/mltlsat/Benchmarks/random0/P0.333333333333333N1L95M100T100-8.mltl,0.0,7850.4,sat
/home/michele/mltlsat/Benchmarks/random0/P0.333333333333333N1L95M100T100-9.mltl,0.0,7788,unsat
/home/michele/mltlsat/Benchmarks/random0/P0.333333333333333N2L100M100T100-10.mltl,0.0,7812,sat
/home/michele/mltlsat/Benchmarks/random0/P0.333333333333333N2L100M100T100-1.mltl,0.0,7785.6,sat
/home/michele/mltlsat/Benchmarks/random0/P0.333333333333333N2L100M100T100-2.mltl,0.0,7782.4,sat
/home/michele/mltlsat/Benchmarks/random0/P0.333333333333333N2L100M100T100-3.mltl,0.0,7793.6,sat
/home/michele/mltlsat/Benchmarks/random0/P0.333333333333333N2L100M100T100-4.mltl,0.0,7789.6,sat
/home/michele/mltlsat/Benchmarks/random0/P0.333333333333333N2L100M100T100-5.mltl,0.0,7816,unsat
/home/michele/mltlsat/Benchmarks/random0/P0.333333333333333N2L100M100T100-6.mltl,0.0,7764.8,unsat
/home/michele/mltlsat/Benchmarks/random0/P0.333333333333333N2L100M100T100-7.mltl,0.0,7818.4,sat
/home/michele/mltlsat/Benchmarks/random0/P0.333333333333333N2L100M100T100-8.mltl,0.0,7808.8,sat
/home/michele/mltlsat/Benchmarks/random0/P0.333333333333333N2L100M100T100-9.mltl,0.0,7795.2,sat
/home/michele/mltlsat/Benchmarks/random0/P0.333333333333333N2L10M100T100-10.mltl,0.0,7835.2,sat
/home/michele/mltlsat/Benchmarks/random0/P0.333333333333333N2L10M100T100-1.mltl,0.0,7811.2,sat
/home/michele/mltlsat/Benchmarks/random0/P0.333333333333333N2L10M100T100-2.mltl,0.0,7805.6,sat
/home/michele/mltlsat/Benchmarks/random0/P0.333333333333333N2L10M100T100-3.mltl,0.0,7806.4,sat
/home/michele/mltlsat/Benchmarks/random0/P0.333333333333333N2L10M100T100-4.mltl,0.0,7769.6,sat
/home/michele/mltlsat/Benchmarks/random0/P0.333333333333333N2L10M100T100-5.mltl,0.0,7809.6,sat
/home/michele/mltlsat/Benchmarks/random0/P0.333333333333333N2L10M100T100-6.mltl,0.0,7824.8,sat
/home/michele/mltlsat/Benchmarks/random0/P0.333333333333333N2L10M100T100-7.mltl,0.0,7780,sat
/home/michele/mltlsat/Benchmarks/random0/P0.333333333333333N2L10M100T100-8.mltl,0.0,7768,unsat
/home/michele/mltlsat/Benchmarks/random0/P0.333333333333333N2L10M100T100-9.mltl,0.0,7808,sat
/home/michele/mltlsat/Benchmarks/random0/P0.333333333333333N2L15M100T100-10.mltl,0.0,7796,sat
/home/michele/mltlsat/Benchmarks/random0/P0.333333333333333N2L15M100T100-1.mltl,0.0,7812.8,sat
/home/michele/mltlsat/Benchmarks/random0/P0.333333333333333N2L15M100T100-2.mltl,0.0,7772.8,sat
/home/michele/mltlsat/Benchmarks/random0/P0.333333333333333N2L15M100T100-3.mltl,0.0,7799.2,unsat
/home/michele/mltlsat/Benchmarks/random0/P0.333333333333333N2L15M100T100-4.mltl,0.0,7795.2,sat
/home/michele/mltlsat/Benchmarks/random0/P0.333333333333333N2L15M100T100-5.mltl,0.0,7798.4,sat
/home/michele/mltlsat/Benchmarks/random0/P0.333333333333333N2L15M100T100-6.mltl,0.0,7780,sat
/home/michele/mltlsat/Benchmarks/random0/P0.333333333333333N2L15M100T100-7.mltl,0.0,7809.6,sat
/home/michele/mltlsat/Benchmarks/random0/P0.333333333333333N2L15M100T100-8.mltl,0.0,7798.4,sat
/home/michele/mltlsat/Benchmarks/random0/P0.333333333333333N2L15M100T100-9.mltl,0.0,7790.4,sat
/home/michele/mltlsat/Benchmarks/random0/P0.333333333333333N2L20M100T100-10.mltl,0.0,7801.6,sat
/home/michele/mltlsat/Benchmarks/random0/P0.333333333333333N2L20M100T100-1.mltl,0.0,7805.6,sat
/home/michele/mltlsat/Benchmarks/random0/P0.333333333333333N2L20M100T100-2.mltl,0.0,7812,sat
/home/michele/mltlsat/Benchmarks/random0/P0.333333333333333N2L20M100T100-3.mltl,0.0,7804.8,sat
/home/michele/mltlsat/Benchmarks/random0/P0.333333333333333N2L20M100T100-4.mltl,0.0,7807.2,unsat
/home/michele/mltlsat/Benchmarks/random0/P0.333333333333333N2L20M100T100-5.mltl,0.0,7814.4,unsat
/home/michele/mltlsat/Benchmarks/random0/P0.333333333333333N2L20M100T100-6.mltl,0.0,7812.8,sat
/home/michele/mltlsat/Benchmarks/random0/P0.333333333333333N2L20M100T100-7.mltl,0.0,7476.8,sat
/home/michele/mltlsat/Benchmarks/random0/P0.333333333333333N2L20M100T100-8.mltl,0.0,7805.6,unsat
/home/michele/mltlsat/Benchmarks/random0/P0.333333333333333N2L20M100T100-9.mltl,0.0,9345.6,sat
/home/michele/mltlsat/Benchmarks/random0/P0.333333333333333N2L25M100T100-10.mltl,0.0,7793.6,unsat
/home/michele/mltlsat/Benchmarks/random0/P0.333333333333333N2L25M100T100-1.mltl,0.0,7797.6,sat
/home/michele/mltlsat/Benchmarks/random0/P0.333333333333333N2L25M100T100-2.mltl,0.0,7795.2,sat
/home/michele/mltlsat/Benchmarks/random0/P0.333333333333333N2L25M100T100-3.mltl,0.0,7802.4,sat
/home/michele/mltlsat/Benchmarks/random0/P0.333333333333333N2L25M100T100-4.mltl,0.0,7810.4,sat
/home/michele/mltlsat/Benchmarks/random0/P0.333333333333333N2L25M100T100-5.mltl,0.0,7800,sat
/home/michele/mltlsat/Benchmarks/random0/P0.333333333333333N2L25M100T100-6.mltl,0.0,7788,sat
/home/michele/mltlsat/Benchmarks/random0/P0.333333333333333N2L25M100T100-7.mltl,0.0,7805.6,unsat
/home/michele/mltlsat/Benchmarks/random0/P0.333333333333333N2L25M100T100-8.mltl,0.0,7823.2,unsat
/home/michele/mltlsat/Benchmarks/random0/P0.333333333333333N2L25M100T100-9.mltl,0.0,7782.4,sat
/home/michele/mltlsat/Benchmarks/random0/P0.333333333333333N2L30M100T100-10.mltl,0.0,7816,sat
/home/michele/mltlsat/Benchmarks/random0/P0.333333333333333N2L30M100T100-1.mltl,0.0,7810.4,sat
/home/michele/mltlsat/Benchmarks/random0/P0.333333333333333N2L30M100T100-2.mltl,0.0,7832.8,sat
/home/michele/mltlsat/Benchmarks/random0/P0.333333333333333N2L30M100T100-3.mltl,0.0,7818.4,sat
/home/michele/mltlsat/Benchmarks/random0/P0.333333333333333N2L30M100T100-4.mltl,0.0,7783.2,sat
/home/michele/mltlsat/Benchmarks/random0/P0.333333333333333N2L30M100T100-5.mltl,0.0,9306.4,sat
/home/michele/mltlsat/Benchmarks/random0/P0.333333333333333N2L30M100T100-6.mltl,0.0,7808,sat
/home/michele/mltlsat/Benchmarks/random0/P0.333333333333333N2L30M100T100-7.mltl,0.0,7815.2,sat
/home/michele/mltlsat/Benchmarks/random0/P0.333333333333333N2L30M100T100-8.mltl,0.0,7822.4,unsat
/home/michele/mltlsat/Benchmarks/random0/P0.333333333333333N2L30M100T100-9.mltl,0.0,7816,unsat
/home/michele/mltlsat/Benchmarks/random0/P0.333333333333333N2L35M100T100-10.mltl,0.0,7809.6,sat
/home/michele/mltlsat/Benchmarks/random0/P0.333333333333333N2L35M100T100-1.mltl,0.0,7823.2,sat
/home/michele/mltlsat/Benchmarks/random0/P0.333333333333333N2L35M100T100-2.mltl,0.004,10876,sat
/home/michele/mltlsat/Benchmarks/random0/P0.333333333333333N2L35M100T100-3.mltl,0.0,7812,sat
/home/michele/mltlsat/Benchmarks/random0/P0.333333333333333N2L35M100T100-4.mltl,0.0,7497.6,sat
/home/michele/mltlsat/Benchmarks/random0/P0.333333333333333N2L35M100T100-5.mltl,0.0,7790.4,sat
/home/michele/mltlsat/Benchmarks/random0/P0.333333333333333N2L35M100T100-6.mltl,0.0,7804,sat
/home/michele/mltlsat/Benchmarks/random0/P0.333333333333333N2L35M100T100-7.mltl,30.01,368446.4,sat
/home/michele/mltlsat/Benchmarks/random0/P0.333333333333333N2L35M100T100-8.mltl,0.002,9350.4,sat
/home/michele/mltlsat/Benchmarks/random0/P0.333333333333333N2L35M100T100-9.mltl,0.0,7790.4,sat
/home/michele/mltlsat/Benchmarks/random0/P0.333333333333333N2L40M100T100-10.mltl,0.0,7797.6,unsat
/home/michele/mltlsat/Benchmarks/random0/P0.333333333333333N2L40M100T100-1.mltl,0.0,7794.4,sat
/home/michele/mltlsat/Benchmarks/random0/P0.333333333333333N2L40M100T100-2.mltl,0.0,7804,sat
/home/michele/mltlsat/Benchmarks/random0/P0.333333333333333N2L40M100T100-3.mltl,0.0,7817.6,unsat
/home/michele/mltlsat/Benchmarks/random0/P0.333333333333333N2L40M100T100-4.mltl,0.0,7789.6,sat
/home/michele/mltlsat/Benchmarks/random0/P0.333333333333333N2L40M100T100-5.mltl,0.0,7781.6,sat
/home/michele/mltlsat/Benchmarks/random0/P0.333333333333333N2L40M100T100-6.mltl,0.0,7826.4,unsat
/home/michele/mltlsat/Benchmarks/random0/P0.333333333333333N2L40M100T100-7.mltl,0.0,7794.4,sat
/home/michele/mltlsat/Benchmarks/random0/P0.333333333333333N2L40M100T100-8.mltl,0.0,7850.4,sat
/home/michele/mltlsat/Benchmarks/random0/P0.333333333333333N2L40M100T100-9.mltl,0.0,7785.6,sat
/home/michele/mltlsat/Benchmarks/random0/P0.333333333333333N2L45M100T100-10.mltl,0.0,7802.4,sat
/home/michele/mltlsat/Benchmarks/random0/P0.333333333333333N2L45M100T100-1.mltl,0.0,7825.6,sat
/home/michele/mltlsat/Benchmarks/random0/P0.333333333333333N2L45M100T100-2.mltl,0.0,7789.6,sat
/home/michele/mltlsat/Benchmarks/random0/P0.333333333333333N2L45M100T100-3.mltl,0.0,7811.2,sat
/home/michele/mltlsat/Benchmarks/random0/P0.333333333333333N2L45M100T100-4.mltl,0.0,7781.6,sat
/home/michele/mltlsat/Benchmarks/random0/P0.333333333333333N2L45M100T100-5.mltl,0.0,7808,sat
/home/michele/mltlsat/Benchmarks/random0/P0.333333333333333N2L45M100T100-6.mltl,0.0,7808,unsat
/home/michele/mltlsat/Benchmarks/random0/P0.333333333333333N2L45M100T100-7.mltl,0.0,7810.4,sat
/home/michele/mltlsat/Benchmarks/random0/P0.333333333333333N2L45M100T100-8.mltl,0.0,7805.6,sat
/home/michele/mltlsat/Benchmarks/random0/P0.333333333333333N2L45M100T100-9.mltl,0.0,9013.6,sat
/home/michele/mltlsat/Benchmarks/random0/P0.333333333333333N2L50M100T100-10.mltl,0.0,7800,sat
/home/michele/mltlsat/Benchmarks/random0/P0.333333333333333N2L50M100T100-1.mltl,0.0,7812.8,sat
/home/michele/mltlsat/Benchmarks/random0/P0.333333333333333N2L50M100T100-2.mltl,0.0,10868,sat
/home/michele/mltlsat/Benchmarks/random0/P0.333333333333333N2L50M100T100-3.mltl,0.0,7789.6,sat
/home/michele/mltlsat/Benchmarks/random0/P0.333333333333333N2L50M100T100-4.mltl,0.0,7800,sat
/home/michele/mltlsat/Benchmarks/random0/P0.333333333333333N2L50M100T100-5.mltl,0.0,7770.4,sat
/home/michele/mltlsat/Benchmarks/random0/P0.333333333333333N2L50M100T100-6.mltl,0.0,7789.6,sat
/home/michele/mltlsat/Benchmarks/random0/P0.333333333333333N2L50M100T100-7.mltl,0.01,12092.8,sat
/home/michele/mltlsat/Benchmarks/random0/P0.333333333333333N2L50M100T100-8.mltl,0.0,7815.2,sat
/home/michele/mltlsat/Benchmarks/random0/P0.333333333333333N2L50M100T100-9.mltl,0.01,7828,sat
/home/michele/mltlsat/Benchmarks/random0/P0.333333333333333N2L55M100T100-10.mltl,0.01,7806.4,sat
/home/michele/mltlsat/Benchmarks/random0/P0.333333333333333N2L55M100T100-1.mltl,0.0,7807.2,sat
/home/michele/mltlsat/Benchmarks/random0/P0.333333333333333N2L55M100T100-2.mltl,0.0,7789.6,sat
/home/michele/mltlsat/Benchmarks/random0/P0.333333333333333N2L55M100T100-3.mltl,0.0,7813.6,sat
/home/michele/mltlsat/Benchmarks/random0/P0.333333333333333N2L55M100T100-4.mltl,0.0,7808,sat
/home/michele/mltlsat/Benchmarks/random0/P0.333333333333333N2L55M100T100-5.mltl,-1,-1,TO
/home/michele/mltlsat/Benchmarks/random0/P0.333333333333333N2L55M100T100-6.mltl,0.0,7797.6,sat
/home/michele/mltlsat/Benchmarks/random0/P0.333333333333333N2L55M100T100-7.mltl,0.0,7827.2,sat
/home/michele/mltlsat/Benchmarks/random0/P0.333333333333333N2L55M100T100-8.mltl,-1,-1,TO
/home/michele/mltlsat/Benchmarks/random0/P0.333333333333333N2L55M100T100-9.mltl,0.0,7807.2,sat
/home/michele/mltlsat/Benchmarks/random0/P0.333333333333333N2L5M100T100-10.mltl,0.0,7795.2,sat
/home/michele/mltlsat/Benchmarks/random0/P0.333333333333333N2L5M100T100-1.mltl,0.0,7775.2,sat
/home/michele/mltlsat/Benchmarks/random0/P0.333333333333333N2L5M100T100-2.mltl,0.0,7828.8,sat
/home/michele/mltlsat/Benchmarks/random0/P0.333333333333333N2L5M100T100-3.mltl,0.0,7791.2,sat
/home/michele/mltlsat/Benchmarks/random0/P0.333333333333333N2L5M100T100-4.mltl,0.0,7795.2,sat
/home/michele/mltlsat/Benchmarks/random0/P0.333333333333333N2L5M100T100-5.mltl,0.0,7820,sat
/home/michele/mltlsat/Benchmarks/random0/P0.333333333333333N2L5M100T100-6.mltl,0.0,7809.6,sat
/home/michele/mltlsat/Benchmarks/random0/P0.333333333333333N2L5M100T100-7.mltl,0.0,7816.8,sat
/home/michele/mltlsat/Benchmarks/random0/P0.333333333333333N2L5M100T100-8.mltl,0.0,7827.2,sat
/home/michele/mltlsat/Benchmarks/random0/P0.333333333333333N2L5M100T100-9.mltl,0.0,7788,sat
/home/michele/mltlsat/Benchmarks/random0/P0.333333333333333N2L60M100T100-10.mltl,0.0,7792,sat
/home/michele/mltlsat/Benchmarks/random0/P0.333333333333333N2L60M100T100-1.mltl,0.004,9349.6,sat
/home/michele/mltlsat/Benchmarks/random0/P0.333333333333333N2L60M100T100-2.mltl,0.0,7804,sat
/home/michele/mltlsat/Benchmarks/random0/P0.333333333333333N2L60M100T100-3.mltl,0.0,7808,sat
/home/michele/mltlsat/Benchmarks/random0/P0.333333333333333N2L60M100T100-4.mltl,0.0,7510.4,sat
/home/michele/mltlsat/Benchmarks/random0/P0.333333333333333N2L60M100T100-5.mltl,0.0,7821.6,unsat
/home/michele/mltlsat/Benchmarks/random0/P0.333333333333333N2L60M100T100-6.mltl,0.0,7780.8,sat
/home/michele/mltlsat/Benchmarks/random0/P0.333333333333333N2L60M100T100-7.mltl,0.0,9328,sat
/home/michele/mltlsat/Benchmarks/random0/P0.333333333333333N2L60M100T100-8.mltl,0.0,7790.4,sat
/home/michele/mltlsat/Benchmarks/random0/P0.333333333333333N2L60M100T100-9.mltl,0.0,7815.2,sat
/home/michele/mltlsat/Benchmarks/random0/P0.333333333333333N2L65M100T100-10.mltl,0.0,9339.2,sat
/home/michele/mltlsat/Benchmarks/random0/P0.333333333333333N2L65M100T100-1.mltl,0.0,7776,unsat
/home/michele/mltlsat/Benchmarks/random0/P0.333333333333333N2L65M100T100-2.mltl,0.0,7810.4,sat
/home/michele/mltlsat/Benchmarks/random0/P0.333333333333333N2L65M100T100-3.mltl,0.0,7805.6,sat
/home/michele/mltlsat/Benchmarks/random0/P0.333333333333333N2L65M100T100-4.mltl,0.0,7815.2,sat
/home/michele/mltlsat/Benchmarks/random0/P0.333333333333333N2L65M100T100-5.mltl,0.0,7794.4,unsat
/home/michele/mltlsat/Benchmarks/random0/P0.333333333333333N2L65M100T100-6.mltl,0.0,7816.8,sat
/home/michele/mltlsat/Benchmarks/random0/P0.333333333333333N2L65M100T100-7.mltl,0.0,7831.2,sat
/home/michele/mltlsat/Benchmarks/random0/P0.333333333333333N2L65M100T100-8.mltl,0.0,7811.2,sat
/home/michele/mltlsat/Benchmarks/random0/P0.333333333333333N2L65M100T100-9.mltl,0.0,9316.8,sat
/home/michele/mltlsat/Benchmarks/random0/P0.333333333333333N2L70M100T100-10.mltl,0.0,7820.8,sat
/home/michele/mltlsat/Benchmarks/random0/P0.333333333333333N2L70M100T100-1.mltl,0.022,17044,sat
/home/michele/mltlsat/Benchmarks/random0/P0.333333333333333N2L70M100T100-2.mltl,0.0,7488,sat
/home/michele/mltlsat/Benchmarks/random0/P0.333333333333333N2L70M100T100-3.mltl,0.0,8415.2,sat
/home/michele/mltlsat/Benchmarks/random0/P0.333333333333333N2L70M100T100-4.mltl,0.0,7805.6,sat
/home/michele/mltlsat/Benchmarks/random0/P0.333333333333333N2L70M100T100-5.mltl,0.0,7817.6,sat
/home/michele/mltlsat/Benchmarks/random0/P0.333333333333333N2L70M100T100-6.mltl,0.0,7812,sat
/home/michele/mltlsat/Benchmarks/random0/P0.333333333333333N2L70M100T100-7.mltl,0.0,7806.4,sat
/home/michele/mltlsat/Benchmarks/random0/P0.333333333333333N2L70M100T100-8.mltl,0.0,7496.8,unsat
/home/michele/mltlsat/Benchmarks/random0/P0.333333333333333N2L70M100T100-9.mltl,0.0,9009.6,sat
/home/michele/mltlsat/Benchmarks/random0/P0.333333333333333N2L75M100T100-10.mltl,0.038,13949.6,sat
/home/michele/mltlsat/Benchmarks/random0/P0.333333333333333N2L75M100T100-1.mltl,0.0,7779.2,sat
/home/michele/mltlsat/Benchmarks/random0/P0.333333333333333N2L75M100T100-2.mltl,0.0,7808,sat
/home/michele/mltlsat/Benchmarks/random0/P0.333333333333333N2L75M100T100-3.mltl,0.0,7822.4,sat
/home/michele/mltlsat/Benchmarks/random0/P0.333333333333333N2L75M100T100-4.mltl,0.0,7789.6,sat
/home/michele/mltlsat/Benchmarks/random0/P0.333333333333333N2L75M100T100-5.mltl,0.0,7505.6,sat
/home/michele/mltlsat/Benchmarks/random0/P0.333333333333333N2L75M100T100-6.mltl,0.0,7809.6,sat
/home/michele/mltlsat/Benchmarks/random0/P0.333333333333333N2L75M100T100-7.mltl,0.0,7793.6,sat
/home/michele/mltlsat/Benchmarks/random0/P0.333333333333333N2L75M100T100-8.mltl,0.0,7781.6,sat
/home/michele/mltlsat/Benchmarks/random0/P0.333333333333333N2L75M100T100-9.mltl,0.0,7490.4,sat
/home/michele/mltlsat/Benchmarks/random0/P0.333333333333333N2L80M100T100-10.mltl,0.01,9353.6,sat
/home/michele/mltlsat/Benchmarks/random0/P0.333333333333333N2L80M100T100-1.mltl,0.0,7465.6,sat
/home/michele/mltlsat/Benchmarks/random0/P0.333333333333333N2L80M100T100-2.mltl,0.0,7802.4,sat
/home/michele/mltlsat/Benchmarks/random0/P0.333333333333333N2L80M100T100-3.mltl,0.0,7796.8,sat
/home/michele/mltlsat/Benchmarks/random0/P0.333333333333333N2L80M100T100-4.mltl,0.01,9328,unsat
/home/michele/mltlsat/Benchmarks/random0/P0.333333333333333N2L80M100T100-5.mltl,0.0,7810.4,sat
/home/michele/mltlsat/Benchmarks/random0/P0.333333333333333N2L80M100T100-6.mltl,0.002,9335.2,sat
/home/michele/mltlsat/Benchmarks/random0/P0.333333333333333N2L80M100T100-7.mltl,0.0,9001.6,sat
/home/michele/mltlsat/Benchmarks/random0/P0.333333333333333N2L80M100T100-8.mltl,0.0,9343.2,sat
/home/michele/mltlsat/Benchmarks/random0/P0.333333333333333N2L80M100T100-9.mltl,0.0,7816.8,sat
/home/michele/mltlsat/Benchmarks/random0/P0.333333333333333N2L85M100T100-10.mltl,0.0,7812,sat
/home/michele/mltlsat/Benchmarks/random0/P0.333333333333333N2L85M100T100-1.mltl,0.0,7484,sat
/home/michele/mltlsat/Benchmarks/random0/P0.333333333333333N2L85M100T100-2.mltl,0.0,7797.6,sat
/home/michele/mltlsat/Benchmarks/random0/P0.333333333333333N2L85M100T100-3.mltl,0.0,7794.4,unsat
/home/michele/mltlsat/Benchmarks/random0/P0.333333333333333N2L85M100T100-4.mltl,0.0,7804,sat
/home/michele/mltlsat/Benchmarks/random0/P0.333333333333333N2L85M100T100-5.mltl,0.0,7828.8,sat
/home/michele/mltlsat/Benchmarks/random0/P0.333333333333333N2L85M100T100-6.mltl,0.0,7854.4,sat
/home/michele/mltlsat/Benchmarks/random0/P0.333333333333333N2L85M100T100-7.mltl,0.0,7776,sat
/home/michele/mltlsat/Benchmarks/random0/P0.333333333333333N2L85M100T100-8.mltl,0.0,7800.8,unsat
/home/michele/mltlsat/Benchmarks/random0/P0.333333333333333N2L85M100T100-9.mltl,0.0,7806.4,unsat
/home/michele/mltlsat/Benchmarks/random0/P0.333333333333333N2L90M100T100-10.mltl,0.0,7816.8,sat
/home/michele/mltlsat/Benchmarks/random0/P0.333333333333333N2L90M100T100-1.mltl,0.0,10860.8,sat
/home/michele/mltlsat/Benchmarks/random0/P0.333333333333333N2L90M100T100-2.mltl,0.0,7823.2,sat
/home/michele/mltlsat/Benchmarks/random0/P0.333333333333333N2L90M100T100-3.mltl,0.0,7797.6,sat
/home/michele/mltlsat/Benchmarks/random0/P0.333333333333333N2L90M100T100-4.mltl,0.0,7814.4,sat
/home/michele/mltlsat/Benchmarks/random0/P0.333333333333333N2L90M100T100-5.mltl,0.0,7492.8,sat
/home/michele/mltlsat/Benchmarks/random0/P0.333333333333333N2L90M100T100-6.mltl,0.0,7453.6,sat
/home/michele/mltlsat/Benchmarks/random0/P0.333333333333333N2L90M100T100-7.mltl,0.0,7788,sat
/home/michele/mltlsat/Benchmarks/random0/P0.333333333333333N2L90M100T100-8.mltl,0.0,7808,sat
/home/michele/mltlsat/Benchmarks/random0/P0.333333333333333N2L90M100T100-9.mltl,0.0,7820,sat
/home/michele/mltlsat/Benchmarks/random0/P0.333333333333333N2L95M100T100-10.mltl,0.01,10876,sat
/home/michele/mltlsat/Benchmarks/random0/P0.333333333333333N2L95M100T100-1.mltl,0.0,9368,sat
/home/michele/mltlsat/Benchmarks/random0/P0.333333333333333N2L95M100T100-2.mltl,0.04,15476.8,sat
/home/michele/mltlsat/Benchmarks/random0/P0.333333333333333N2L95M100T100-3.mltl,-1,-1,TO
/home/michele/mltlsat/Benchmarks/random0/P0.333333333333333N2L95M100T100-4.mltl,-1,-1,TO
/home/michele/mltlsat/Benchmarks/random0/P0.333333333333333N2L95M100T100-5.mltl,0.0,7819.2,sat
/home/michele/mltlsat/Benchmarks/random0/P0.333333333333333N2L95M100T100-6.mltl,0.0,7808,sat
/home/michele/mltlsat/Benchmarks/random0/P0.333333333333333N2L95M100T100-7.mltl,0.0,9349.6,sat
/home/michele/mltlsat/Benchmarks/random0/P0.333333333333333N2L95M100T100-8.mltl,0.0,7775.2,sat
/home/michele/mltlsat/Benchmarks/random0/P0.333333333333333N2L95M100T100-9.mltl,0.0,7796.8,unsat
/home/michele/mltlsat/Benchmarks/random0/P0.333333333333333N3L100M100T100-10.mltl,0.0,7803.2,sat
/home/michele/mltlsat/Benchmarks/random0/P0.333333333333333N3L100M100T100-1.mltl,0.0,7484.8,sat
/home/michele/mltlsat/Benchmarks/random0/P0.333333333333333N3L100M100T100-2.mltl,0.0,7787.2,sat
/home/michele/mltlsat/Benchmarks/random0/P0.333333333333333N3L100M100T100-3.mltl,0.0,9329.6,sat
/home/michele/mltlsat/Benchmarks/random0/P0.333333333333333N3L100M100T100-4.mltl,0.0,7800,sat
/home/michele/mltlsat/Benchmarks/random0/P0.333333333333333N3L100M100T100-5.mltl,0.0,7788,sat
/home/michele/mltlsat/Benchmarks/random0/P0.333333333333333N3L100M100T100-6.mltl,0.0,7824.8,sat
/home/michele/mltlsat/Benchmarks/random0/P0.333333333333333N3L100M100T100-7.mltl,0.0,7799.2,unsat
/home/michele/mltlsat/Benchmarks/random0/P0.333333333333333N3L100M100T100-8.mltl,0.01,13946.4,sat
/home/michele/mltlsat/Benchmarks/random0/P0.333333333333333N3L100M100T100-9.mltl,0.0,7797.6,unsat
/home/michele/mltlsat/Benchmarks/random0/P0.333333333333333N3L10M100T100-10.mltl,0.0,7796.8,unsat
/home/michele/mltlsat/Benchmarks/random0/P0.333333333333333N3L10M100T100-1.mltl,0.0,7803.2,sat
/home/michele/mltlsat/Benchmarks/random0/P0.333333333333333N3L10M100T100-2.mltl,0.0,7787.2,sat
/home/michele/mltlsat/Benchmarks/random0/P0.333333333333333N3L10M100T100-3.mltl,0.0,7818.4,sat
/home/michele/mltlsat/Benchmarks/random0/P0.333333333333333N3L10M100T100-4.mltl,0.0,7806.4,sat
/home/michele/mltlsat/Benchmarks/random0/P0.333333333333333N3L10M100T100-5.mltl,0.0,7808,sat
/home/michele/mltlsat/Benchmarks/random0/P0.333333333333333N3L10M100T100-6.mltl,0.0,7793.6,sat
/home/michele/mltlsat/Benchmarks/random0/P0.333333333333333N3L10M100T100-7.mltl,0.0,7827.2,sat
/home/michele/mltlsat/Benchmarks/random0/P0.333333333333333N3L10M100T100-8.mltl,0.0,7830.4,sat
/home/michele/mltlsat/Benchmarks/random0/P0.333333333333333N3L10M100T100-9.mltl,0.0,7786.4,sat
/home/michele/mltlsat/Benchmarks/random0/P0.333333333333333N3L15M100T100-10.mltl,0.0,7790.4,sat
/home/michele/mltlsat/Benchmarks/random0/P0.333333333333333N3L15M100T100-1.mltl,0.0,7820,sat
/home/michele/mltlsat/Benchmarks/random0/P0.333333333333333N3L15M100T100-2.mltl,0.0,7811.2,sat
/home/michele/mltlsat/Benchmarks/random0/P0.333333333333333N3L15M100T100-3.mltl,0.01,12447.2,sat
/home/michele/mltlsat/Benchmarks/random0/P0.333333333333333N3L15M100T100-4.mltl,0.0,7800,sat
/home/michele/mltlsat/Benchmarks/random0/P0.333333333333333N3L15M100T100-5.mltl,0.0,7795.2,sat
/home/michele/mltlsat/Benchmarks/random0/P0.333333333333333N3L15M100T100-6.mltl,0.0,7787.2,sat
/home/michele/mltlsat/Benchmarks/random0/P0.333333333333333N3L15M100T100-7.mltl,0.0,7803.2,sat
/home/michele/mltlsat/Benchmarks/random0/P0.333333333333333N3L15M100T100-8.mltl,0.0,7811.2,sat
/home/michele/mltlsat/Benchmarks/random0/P0.333333333333333N3L15M100T100-9.mltl,0.0,7796.8,sat
/home/michele/mltlsat/Benchmarks/random0/P0.333333333333333N3L20M100T100-10.mltl,0.0,7807.2,sat
/home/michele/mltlsat/Benchmarks/random0/P0.333333333333333N3L20M100T100-1.mltl,0.0,7795.2,sat
/home/michele/mltlsat/Benchmarks/random0/P0.333333333333333N3L20M100T100-2.mltl,0.0,8397.6,sat
/home/michele/mltlsat/Benchmarks/random0/P0.333333333333333N3L20M100T100-3.mltl,0.0,7796.8,sat
/home/michele/mltlsat/Benchmarks/random0/P0.333333333333333N3L20M100T100-4.mltl,0.0,7791.2,sat
/home/michele/mltlsat/Benchmarks/random0/P0.333333333333333N3L20M100T100-5.mltl,0.0,7812,sat
/home/michele/mltlsat/Benchmarks/random0/P0.333333333333333N3L20M100T100-6.mltl,0.0,7824.8,sat
/home/michele/mltlsat/Benchmarks/random0/P0.333333333333333N3L20M100T100-7.mltl,0.0,7789.6,sat
/home/michele/mltlsat/Benchmarks/random0/P0.333333333333333N3L20M100T100-8.mltl,0.0,7797.6,sat
/home/michele/mltlsat/Benchmarks/random0/P0.333333333333333N3L20M100T100-9.mltl,0.0,7812,sat
/home/michele/mltlsat/Benchmarks/random0/P0.333333333333333N3L25M100T100-10.mltl,0.0,7812.8,sat
/home/michele/mltlsat/Benchmarks/random0/P0.333333333333333N3L25M100T100-1.mltl,0.0,7784,sat
/home/michele/mltlsat/Benchmarks/random0/P0.333333333333333N3L25M100T100-2.mltl,0.0,7814.4,sat
/home/michele/mltlsat/Benchmarks/random0/P0.333333333333333N3L25M100T100-3.mltl,0.0,7793.6,sat
/home/michele/mltlsat/Benchmarks/random0/P0.333333333333333N3L25M100T100-4.mltl,0.0,7799.2,sat
/home/michele/mltlsat/Benchmarks/random0/P0.333333333333333N3L25M100T100-5.mltl,0.0,7793.6,sat
/home/michele/mltlsat/Benchmarks/random0/P0.333333333333333N3L25M100T100-6.mltl,0.0,7799.2,sat
/home/michele/mltlsat/Benchmarks/random0/P0.333333333333333N3L25M100T100-7.mltl,0.0,7806.4,unsat
/home/michele/mltlsat/Benchmarks/random0/P0.333333333333333N3L25M100T100-8.mltl,0.0,7784,sat
/home/michele/mltlsat/Benchmarks/random0/P0.333333333333333N3L25M100T100-9.mltl,0.0,7776,unsat
/home/michele/mltlsat/Benchmarks/random0/P0.333333333333333N3L30M100T100-10.mltl,0.0,7829.6,sat
/home/michele/mltlsat/Benchmarks/random0/P0.333333333333333N3L30M100T100-1.mltl,0.0,7814.4,sat
/home/michele/mltlsat/Benchmarks/random0/P0.333333333333333N3L30M100T100-2.mltl,0.0,7798.4,sat
/home/michele/mltlsat/Benchmarks/random0/P0.333333333333333N3L30M100T100-3.mltl,0.0,7797.6,sat
/home/michele/mltlsat/Benchmarks/random0/P0.333333333333333N3L30M100T100-4.mltl,0.0,7832.8,sat
/home/michele/mltlsat/Benchmarks/random0/P0.333333333333333N3L30M100T100-5.mltl,0.0,7510.4,sat
/home/michele/mltlsat/Benchmarks/random0/P0.333333333333333N3L30M100T100-6.mltl,0.0,7826.4,sat
/home/michele/mltlsat/Benchmarks/random0/P0.333333333333333N3L30M100T100-7.mltl,0.0,7836.8,sat
/home/michele/mltlsat/Benchmarks/random0/P0.333333333333333N3L30M100T100-8.mltl,0.0,7804,sat
/home/michele/mltlsat/Benchmarks/random0/P0.333333333333333N3L30M100T100-9.mltl,0.0,7478.4,sat
/home/michele/mltlsat/Benchmarks/random0/P0.333333333333333N3L35M100T100-10.mltl,0.0,7819.2,sat
/home/michele/mltlsat/Benchmarks/random0/P0.333333333333333N3L35M100T100-1.mltl,0.0,7836,sat
/home/michele/mltlsat/Benchmarks/random0/P0.333333333333333N3L35M100T100-2.mltl,0.0,7794.4,sat
/home/michele/mltlsat/Benchmarks/random0/P0.333333333333333N3L35M100T100-3.mltl,0.004,10568,sat
/home/michele/mltlsat/Benchmarks/random0/P0.333333333333333N3L35M100T100-4.mltl,1.014,42542.4,sat
/home/michele/mltlsat/Benchmarks/random0/P0.333333333333333N3L35M100T100-5.mltl,0.0,7845.6,sat
/home/michele/mltlsat/Benchmarks/random0/P0.333333333333333N3L35M100T100-6.mltl,0.0,7469.6,sat
/home/michele/mltlsat/Benchmarks/random0/P0.333333333333333N3L35M100T100-7.mltl,0.0,7797.6,sat
/home/michele/mltlsat/Benchmarks/random0/P0.333333333333333N3L35M100T100-8.mltl,0.002,10873.6,sat
/home/michele/mltlsat/Benchmarks/random0/P0.333333333333333N3L35M100T100-9.mltl,0.2,27773.6,sat
/home/michele/mltlsat/Benchmarks/random0/P0.333333333333333N3L40M100T100-10.mltl,0.0,7785.6,unsat
/home/michele/mltlsat/Benchmarks/random0/P0.333333333333333N3L40M100T100-1.mltl,0.0,7790.4,sat
/home/michele/mltlsat/Benchmarks/random0/P0.333333333333333N3L40M100T100-2.mltl,0.0,7792.8,sat
/home/michele/mltlsat/Benchmarks/random0/P0.333333333333333N3L40M100T100-3.mltl,0.0,7815.2,sat
/home/michele/mltlsat/Benchmarks/random0/P0.333333333333333N3L40M100T100-4.mltl,0.0,7838.4,sat
/home/michele/mltlsat/Benchmarks/random0/P0.333333333333333N3L40M100T100-5.mltl,0.0,7817.6,sat
/home/michele/mltlsat/Benchmarks/random0/P0.333333333333333N3L40M100T100-6.mltl,0.0,7792,sat
/home/michele/mltlsat/Benchmarks/random0/P0.333333333333333N3L40M100T100-7.mltl,0.0,9337.6,sat
/home/michele/mltlsat/Benchmarks/random0/P0.333333333333333N3L40M100T100-8.mltl,0.0,7814.4,sat
/home/michele/mltlsat/Benchmarks/random0/P0.333333333333333N3L40M100T100-9.mltl,0.0,7784.8,sat
/home/michele/mltlsat/Benchmarks/random0/P0.333333333333333N3L45M100T100-10.mltl,0.0,7810.4,sat
/home/michele/mltlsat/Benchmarks/random0/P0.333333333333333N3L45M100T100-1.mltl,0.0,9336.8,sat
/home/michele/mltlsat/Benchmarks/random0/P0.333333333333333N3L45M100T100-2.mltl,0.0,7824.8,sat
/home/michele/mltlsat/Benchmarks/random0/P0.333333333333333N3L45M100T100-3.mltl,0.0,7812.8,sat
/home/michele/mltlsat/Benchmarks/random0/P0.333333333333333N3L45M100T100-4.mltl,0.0,7803.2,unsat
/home/michele/mltlsat/Benchmarks/random0/P0.333333333333333N3L45M100T100-5.mltl,0.0,7794.4,sat
/home/michele/mltlsat/Benchmarks/random0/P0.333333333333333N3L45M100T100-6.mltl,0.0,7806.4,sat
/home/michele/mltlsat/Benchmarks/random0/P0.333333333333333N3L45M100T100-7.mltl,0.0,7494.4,sat
/home/michele/mltlsat/Benchmarks/random0/P0.333333333333333N3L45M100T100-8.mltl,0.0,7829.6,sat
/home/michele/mltlsat/Benchmarks/random0/P0.333333333333333N3L45M100T100-9.mltl,0.0,7810.4,sat
/home/michele/mltlsat/Benchmarks/random0/P0.333333333333333N3L50M100T100-10.mltl,0.0,7790.4,sat
/home/michele/mltlsat/Benchmarks/random0/P0.333333333333333N3L50M100T100-1.mltl,0.002,9031.2,sat
/home/michele/mltlsat/Benchmarks/random0/P0.333333333333333N3L50M100T100-2.mltl,0.0,7810.4,unsat
/home/michele/mltlsat/Benchmarks/random0/P0.333333333333333N3L50M100T100-3.mltl,0.01,10876,sat
/home/michele/mltlsat/Benchmarks/random0/P0.333333333333333N3L50M100T100-4.mltl,0.0,7792.8,sat
/home/michele/mltlsat/Benchmarks/random0/P0.333333333333333N3L50M100T100-5.mltl,0.0,7811.2,sat
/home/michele/mltlsat/Benchmarks/random0/P0.333333333333333N3L50M100T100-6.mltl,0.0,7796.8,sat
/home/michele/mltlsat/Benchmarks/random0/P0.333333333333333N3L50M100T100-7.mltl,0.0,7794.4,sat
/home/michele/mltlsat/Benchmarks/random0/P0.333333333333333N3L50M100T100-8.mltl,0.0,7799.2,unsat
/home/michele/mltlsat/Benchmarks/random0/P0.333333333333333N3L50M100T100-9.mltl,0.0,7823.2,sat
/home/michele/mltlsat/Benchmarks/random0/P0.333333333333333N3L55M100T100-10.mltl,0.0,7790.4,sat
/home/michele/mltlsat/Benchmarks/random0/P0.333333333333333N3L55M100T100-1.mltl,0.0,7825.6,sat
/home/michele/mltlsat/Benchmarks/random0/P0.333333333333333N3L55M100T100-2.mltl,0.0,7810.4,sat
/home/michele/mltlsat/Benchmarks/random0/P0.333333333333333N3L55M100T100-3.mltl,0.0,7810.4,sat
/home/michele/mltlsat/Benchmarks/random0/P0.333333333333333N3L55M100T100-4.mltl,0.0,7789.6,unsat
/home/michele/mltlsat/Benchmarks/random0/P0.333333333333333N3L55M100T100-5.mltl,0.0,7833.6,sat
/home/michele/mltlsat/Benchmarks/random0/P0.333333333333333N3L55M100T100-6.mltl,0.0,7800.8,sat
/home/michele/mltlsat/Benchmarks/random0/P0.333333333333333N3L55M100T100-7.mltl,0.0,7825.6,sat
/home/michele/mltlsat/Benchmarks/random0/P0.333333333333333N3L55M100T100-8.mltl,0.0,7790.4,sat
/home/michele/mltlsat/Benchmarks/random0/P0.333333333333333N3L55M100T100-9.mltl,0.0,7780.8,sat
/home/michele/mltlsat/Benchmarks/random0/P0.333333333333333N3L5M100T100-10.mltl,0.0,7809.6,sat
/home/michele/mltlsat/Benchmarks/random0/P0.333333333333333N3L5M100T100-1.mltl,0.0,7824.8,sat
/home/michele/mltlsat/Benchmarks/random0/P0.333333333333333N3L5M100T100-2.mltl,0.0,7788.8,sat
/home/michele/mltlsat/Benchmarks/random0/P0.333333333333333N3L5M100T100-3.mltl,0.0,7786.4,sat
/home/michele/mltlsat/Benchmarks/random0/P0.333333333333333N3L5M100T100-4.mltl,0.0,7812.8,sat
/home/michele/mltlsat/Benchmarks/random0/P0.333333333333333N3L5M100T100-5.mltl,0.0,7791.2,sat
/home/michele/mltlsat/Benchmarks/random0/P0.333333333333333N3L5M100T100-6.mltl,0.0,7809.6,sat
/home/michele/mltlsat/Benchmarks/random0/P0.333333333333333N3L5M100T100-7.mltl,0.0,7780.8,sat
/home/michele/mltlsat/Benchmarks/random0/P0.333333333333333N3L5M100T100-8.mltl,0.0,7789.6,sat
/home/michele/mltlsat/Benchmarks/random0/P0.333333333333333N3L5M100T100-9.mltl,0.0,7824.8,sat
/home/michele/mltlsat/Benchmarks/random0/P0.333333333333333N3L60M100T100-10.mltl,0.0,7791.2,sat
/home/michele/mltlsat/Benchmarks/random0/P0.333333333333333N3L60M100T100-1.mltl,0.0,7823.2,sat
/home/michele/mltlsat/Benchmarks/random0/P0.333333333333333N3L60M100T100-2.mltl,0.0,7849.6,unsat
/home/michele/mltlsat/Benchmarks/random0/P0.333333333333333N3L60M100T100-3.mltl,0.0,7807.2,sat
/home/michele/mltlsat/Benchmarks/random0/P0.333333333333333N3L60M100T100-4.mltl,0.0,7781.6,sat
/home/michele/mltlsat/Benchmarks/random0/P0.333333333333333N3L60M100T100-5.mltl,0.132,9355.2,sat
/home/michele/mltlsat/Benchmarks/random0/P0.333333333333333N3L60M100T100-6.mltl,0.0,7816.8,sat
/home/michele/mltlsat/Benchmarks/random0/P0.333333333333333N3L60M100T100-7.mltl,0.0,7812.8,unsat
/home/michele/mltlsat/Benchmarks/random0/P0.333333333333333N3L60M100T100-8.mltl,0.0,8424.8,sat
/home/michele/mltlsat/Benchmarks/random0/P0.333333333333333N3L60M100T100-9.mltl,0.006,10865.6,sat
/home/michele/mltlsat/Benchmarks/random0/P0.333333333333333N3L65M100T100-10.mltl,0.0,7795.2,sat
/home/michele/mltlsat/Benchmarks/random0/P0.333333333333333N3L65M100T100-1.mltl,0.0,7820,unsat
/home/michele/mltlsat/Benchmarks/random0/P0.333333333333333N3L65M100T100-2.mltl,0.0,7777.6,sat
/home/michele/mltlsat/Benchmarks/random0/P0.333333333333333N3L65M100T100-3.mltl,0.0,7801.6,unsat
/home/michele/mltlsat/Benchmarks/random0/P0.333333333333333N3L65M100T100-4.mltl,0.0,7801.6,sat
/home/michele/mltlsat/Benchmarks/random0/P0.333333333333333N3L65M100T100-5.mltl,0.0,7796.8,sat
/home/michele/mltlsat/Benchmarks/random0/P0.333333333333333N3L65M100T100-6.mltl,0.0,7789.6,sat
/home/michele/mltlsat/Benchmarks/random0/P0.333333333333333N3L65M100T100-7.mltl,0.0,7792,sat
/home/michele/mltlsat/Benchmarks/random0/P0.333333333333333N3L65M100T100-8.mltl,0.0,7833.6,sat
/home/michele/mltlsat/Benchmarks/random0/P0.333333333333333N3L65M100T100-9.mltl,0.0,7814.4,sat
/home/michele/mltlsat/Benchmarks/random0/P0.333333333333333N3L70M100T100-10.mltl,0.0,7813.6,sat
/home/michele/mltlsat/Benchmarks/random0/P0.333333333333333N3L70M100T100-1.mltl,0.004,7840.8,unsat
/home/michele/mltlsat/Benchmarks/random0/P0.333333333333333N3L70M100T100-2.mltl,0.0,7788,sat
/home/michele/mltlsat/Benchmarks/random0/P0.333333333333333N3L70M100T100-3.mltl,0.0,7788.8,sat
/home/michele/mltlsat/Benchmarks/random0/P0.333333333333333N3L70M100T100-4.mltl,0.0,7796.8,sat
/home/michele/mltlsat/Benchmarks/random0/P0.333333333333333N3L70M100T100-5.mltl,0.0,7808,sat
/home/michele/mltlsat/Benchmarks/random0/P0.333333333333333N3L70M100T100-6.mltl,0.0,7796.8,sat
/home/michele/mltlsat/Benchmarks/random0/P0.333333333333333N3L70M100T100-7.mltl,0.05,20090.4,sat
/home/michele/mltlsat/Benchmarks/random0/P0.333333333333333N3L70M100T100-8.mltl,0.01,12378.4,sat
/home/michele/mltlsat/Benchmarks/random0/P0.333333333333333N3L70M100T100-9.mltl,0.0,7802.4,sat
/home/michele/mltlsat/Benchmarks/random0/P0.333333333333333N3L75M100T100-10.mltl,0.0,7806.4,sat
/home/michele/mltlsat/Benchmarks/random0/P0.333333333333333N3L75M100T100-1.mltl,0.0,7813.6,sat
/home/michele/mltlsat/Benchmarks/random0/P0.333333333333333N3L75M100T100-2.mltl,0.0,7794.4,sat
/home/michele/mltlsat/Benchmarks/random0/P0.333333333333333N3L75M100T100-3.mltl,0.0,7785.6,unsat
/home/michele/mltlsat/Benchmarks/random0/P0.333333333333333N3L75M100T100-4.mltl,0.0,7804.8,sat
/home/michele/mltlsat/Benchmarks/random0/P0.333333333333333N3L75M100T100-5.mltl,0.0,7516.8,unsat
/home/michele/mltlsat/Benchmarks/random0/P0.333333333333333N3L75M100T100-6.mltl,0.0,7803.2,sat
/home/michele/mltlsat/Benchmarks/random0/P0.333333333333333N3L75M100T100-7.mltl,0.0,7793.6,sat
/home/michele/mltlsat/Benchmarks/random0/P0.333333333333333N3L75M100T100-8.mltl,0.044000000000000004,21304,sat
/home/michele/mltlsat/Benchmarks/random0/P0.333333333333333N3L75M100T100-9.mltl,0.1,24696.8,sat
/home/michele/mltlsat/Benchmarks/random0/P0.333333333333333N3L80M100T100-10.mltl,0.0,7782.4,sat
/home/michele/mltlsat/Benchmarks/random0/P0.333333333333333N3L80M100T100-1.mltl,0.212,69257.6,sat
/home/michele/mltlsat/Benchmarks/random0/P0.333333333333333N3L80M100T100-2.mltl,0.0,7796,sat
/home/michele/mltlsat/Benchmarks/random0/P0.333333333333333N3L80M100T100-3.mltl,0.0,7799.2,sat
/home/michele/mltlsat/Benchmarks/random0/P0.333333333333333N3L80M100T100-4.mltl,0.012,13940,sat
/home/michele/mltlsat/Benchmarks/random0/P0.333333333333333N3L80M100T100-5.mltl,0.0,7826.4,sat
/home/michele/mltlsat/Benchmarks/random0/P0.333333333333333N3L80M100T100-6.mltl,0.0,7794.4,sat
/home/michele/mltlsat/Benchmarks/random0/P0.333333333333333N3L80M100T100-7.mltl,0.0,7764,unsat
/home/michele/mltlsat/Benchmarks/random0/P0.333333333333333N3L80M100T100-8.mltl,0.0,7795.2,sat
/home/michele/mltlsat/Benchmarks/random0/P0.333333333333333N3L80M100T100-9.mltl,0.0,7792.8,sat
/home/michele/mltlsat/Benchmarks/random0/P0.333333333333333N3L85M100T100-10.mltl,0.0,7768,sat
/home/michele/mltlsat/Benchmarks/random0/P0.333333333333333N3L85M100T100-1.mltl,0.01,7797.6,unsat
/home/michele/mltlsat/Benchmarks/random0/P0.333333333333333N3L85M100T100-2.mltl,0.0,7796.8,sat
/home/michele/mltlsat/Benchmarks/random0/P0.333333333333333N3L85M100T100-3.mltl,0.0,7812,sat
/home/michele/mltlsat/Benchmarks/random0/P0.333333333333333N3L85M100T100-4.mltl,-1,-1,TO
/home/michele/mltlsat/Benchmarks/random0/P0.333333333333333N3L85M100T100-5.mltl,0.0,7824.8,unsat
/home/michele/mltlsat/Benchmarks/random0/P0.333333333333333N3L85M100T100-6.mltl,0.0,7468,sat
/home/michele/mltlsat/Benchmarks/random0/P0.333333333333333N3L85M100T100-7.mltl,0.0,10883.2,sat
/home/michele/mltlsat/Benchmarks/random0/P0.333333333333333N3L85M100T100-8.mltl,0.002,10544,sat
/home/michele/mltlsat/Benchmarks/random0/P0.333333333333333N3L85M100T100-9.mltl,0.0,7798.4,sat
/home/michele/mltlsat/Benchmarks/random0/P0.333333333333333N3L90M100T100-10.mltl,0.0,7808,sat
/home/michele/mltlsat/Benchmarks/random0/P0.333333333333333N3L90M100T100-1.mltl,0.0,7807.2,sat
/home/michele/mltlsat/Benchmarks/random0/P0.333333333333333N3L90M100T100-2.mltl,0.0,7808,sat
/home/michele/mltlsat/Benchmarks/random0/P0.333333333333333N3L90M100T100-3.mltl,0.0,7775.2,sat
/home/michele/mltlsat/Benchmarks/random0/P0.333333333333333N3L90M100T100-4.mltl,0.0,7796,sat
/home/michele/mltlsat/Benchmarks/random0/P0.333333333333333N3L90M100T100-5.mltl,0.0,7821.6,sat
/home/michele/mltlsat/Benchmarks/random0/P0.333333333333333N3L90M100T100-6.mltl,0.0,7444,sat
/home/michele/mltlsat/Benchmarks/random0/P0.333333333333333N3L90M100T100-7.mltl,0.0,9328,sat
/home/michele/mltlsat/Benchmarks/random0/P0.333333333333333N3L90M100T100-8.mltl,0.0,7799.2,sat
/home/michele/mltlsat/Benchmarks/random0/P0.333333333333333N3L90M100T100-9.mltl,0.0,7474.4,unsat
/home/michele/mltlsat/Benchmarks/random0/P0.333333333333333N3L95M100T100-10.mltl,0.0,7816.8,sat
/home/michele/mltlsat/Benchmarks/random0/P0.333333333333333N3L95M100T100-1.mltl,0.0,7808,sat
/home/michele/mltlsat/Benchmarks/random0/P0.333333333333333N3L95M100T100-2.mltl,0.0,7796.8,sat
/home/michele/mltlsat/Benchmarks/random0/P0.333333333333333N3L95M100T100-3.mltl,0.0,7817.6,sat
/home/michele/mltlsat/Benchmarks/random0/P0.333333333333333N3L95M100T100-4.mltl,0.0,7783.2,sat
/home/michele/mltlsat/Benchmarks/random0/P0.333333333333333N3L95M100T100-5.mltl,0.01,10864.8,sat
/home/michele/mltlsat/Benchmarks/random0/P0.333333333333333N3L95M100T100-6.mltl,0.0,7508.8,sat
/home/michele/mltlsat/Benchmarks/random0/P0.333333333333333N3L95M100T100-7.mltl,0.0,7806.4,unsat
/home/michele/mltlsat/Benchmarks/random0/P0.333333333333333N3L95M100T100-8.mltl,0.0,7813.6,sat
/home/michele/mltlsat/Benchmarks/random0/P0.333333333333333N3L95M100T100-9.mltl,0.0,9350.4,sat
/home/michele/mltlsat/Benchmarks/random0/P0.333333333333333N4L100M100T100-10.mltl,0.0,7811.2,sat
/home/michele/mltlsat/Benchmarks/random0/P0.333333333333333N4L100M100T100-1.mltl,0.0,7800.8,sat
/home/michele/mltlsat/Benchmarks/random0/P0.333333333333333N4L100M100T100-2.mltl,0.0,7832,sat
/home/michele/mltlsat/Benchmarks/random0/P0.333333333333333N4L100M100T100-3.mltl,0.0,7793.6,sat
/home/michele/mltlsat/Benchmarks/random0/P0.333333333333333N4L100M100T100-4.mltl,0.0,7800.8,sat
/home/michele/mltlsat/Benchmarks/random0/P0.333333333333333N4L100M100T100-5.mltl,0.01,10884,sat
/home/michele/mltlsat/Benchmarks/random0/P0.333333333333333N4L100M100T100-6.mltl,0.0,7824,sat
/home/michele/mltlsat/Benchmarks/random0/P0.333333333333333N4L100M100T100-7.mltl,0.0,7784,sat
/home/michele/mltlsat/Benchmarks/random0/P0.333333333333333N4L100M100T100-8.mltl,0.012,10870.4,sat
/home/michele/mltlsat/Benchmarks/random0/P0.333333333333333N4L100M100T100-9.mltl,0.0,7784,sat
/home/michele/mltlsat/Benchmarks/random0/P0.333333333333333N4L10M100T100-10.mltl,0.0,7806.4,sat
/home/michele/mltlsat/Benchmarks/random0/P0.333333333333333N4L10M100T100-1.mltl,0.0,7792.8,sat
/home/michele/mltlsat/Benchmarks/random0/P0.333333333333333N4L10M100T100-2.mltl,0.0,7520,sat
/home/michele/mltlsat/Benchmarks/random0/P0.333333333333333N4L10M100T100-3.mltl,0.0,7819.2,sat
/home/michele/mltlsat/Benchmarks/random0/P0.333333333333333N4L10M100T100-4.mltl,0.0,7824.8,sat
/home/michele/mltlsat/Benchmarks/random0/P0.333333333333333N4L10M100T100-5.mltl,0.0,7482.4,unsat
/home/michele/mltlsat/Benchmarks/random0/P0.333333333333333N4L10M100T100-6.mltl,0.0,7808.8,sat
/home/michele/mltlsat/Benchmarks/random0/P0.333333333333333N4L10M100T100-7.mltl,0.0,7828,sat
/home/michele/mltlsat/Benchmarks/random0/P0.333333333333333N4L10M100T100-8.mltl,0.0,7812,sat
/home/michele/mltlsat/Benchmarks/random0/P0.333333333333333N4L10M100T100-9.mltl,0.0,7799.2,sat
/home/michele/mltlsat/Benchmarks/random0/P0.333333333333333N4L15M100T100-10.mltl,0.0,7799.2,sat
/home/michele/mltlsat/Benchmarks/random0/P0.333333333333333N4L15M100T100-1.mltl,0.0,7808.8,sat
/home/michele/mltlsat/Benchmarks/random0/P0.333333333333333N4L15M100T100-2.mltl,0.0,7827.2,sat
/home/michele/mltlsat/Benchmarks/random0/P0.333333333333333N4L15M100T100-3.mltl,0.0,7802.4,sat
/home/michele/mltlsat/Benchmarks/random0/P0.333333333333333N4L15M100T100-4.mltl,0.0,7820,unsat
/home/michele/mltlsat/Benchmarks/random0/P0.333333333333333N4L15M100T100-5.mltl,0.0,7800.8,sat
/home/michele/mltlsat/Benchmarks/random0/P0.333333333333333N4L15M100T100-6.mltl,0.0,7801.6,sat
/home/michele/mltlsat/Benchmarks/random0/P0.333333333333333N4L15M100T100-7.mltl,0.0,7791.2,sat
/home/michele/mltlsat/Benchmarks/random0/P0.333333333333333N4L15M100T100-8.mltl,0.0,7822.4,sat
/home/michele/mltlsat/Benchmarks/random0/P0.333333333333333N4L15M100T100-9.mltl,0.0,7800,sat
/home/michele/mltlsat/Benchmarks/random0/P0.333333333333333N4L20M100T100-10.mltl,0.0,7816,sat
/home/michele/mltlsat/Benchmarks/random0/P0.333333333333333N4L20M100T100-1.mltl,0.0,7796,sat
/home/michele/mltlsat/Benchmarks/random0/P0.333333333333333N4L20M100T100-2.mltl,0.0,7810.4,sat
/home/michele/mltlsat/Benchmarks/random0/P0.333333333333333N4L20M100T100-3.mltl,0.0,7816,sat
/home/michele/mltlsat/Benchmarks/random0/P0.333333333333333N4L20M100T100-4.mltl,0.0,7141.6,sat
/home/michele/mltlsat/Benchmarks/random0/P0.333333333333333N4L20M100T100-5.mltl,0.0,7793.6,sat
/home/michele/mltlsat/Benchmarks/random0/P0.333333333333333N4L20M100T100-6.mltl,0.0,7799.2,sat
/home/michele/mltlsat/Benchmarks/random0/P0.333333333333333N4L20M100T100-7.mltl,0.0,7796,sat
/home/michele/mltlsat/Benchmarks/random0/P0.333333333333333N4L20M100T100-8.mltl,0.0,7801.6,sat
/home/michele/mltlsat/Benchmarks/random0/P0.333333333333333N4L20M100T100-9.mltl,0.0,7481.6,sat
/home/michele/mltlsat/Benchmarks/random0/P0.333333333333333N4L25M100T100-10.mltl,0.0,7794.4,sat
/home/michele/mltlsat/Benchmarks/random0/P0.333333333333333N4L25M100T100-1.mltl,0.0,7800.8,sat
/home/michele/mltlsat/Benchmarks/random0/P0.333333333333333N4L25M100T100-2.mltl,0.0,7790.4,unsat
/home/michele/mltlsat/Benchmarks/random0/P0.333333333333333N4L25M100T100-3.mltl,0.0,7494.4,sat
/home/michele/mltlsat/Benchmarks/random0/P0.333333333333333N4L25M100T100-4.mltl,0.0,7796.8,sat
/home/michele/mltlsat/Benchmarks/random0/P0.333333333333333N4L25M100T100-5.mltl,0.0,7816.8,sat
/home/michele/mltlsat/Benchmarks/random0/P0.333333333333333N4L25M100T100-6.mltl,0.0,7760,sat
/home/michele/mltlsat/Benchmarks/random0/P0.333333333333333N4L25M100T100-7.mltl,0.0,7814.4,sat
/home/michele/mltlsat/Benchmarks/random0/P0.333333333333333N4L25M100T100-8.mltl,0.0,7825.6,sat
/home/michele/mltlsat/Benchmarks/random0/P0.333333333333333N4L25M100T100-9.mltl,0.0,7808.8,sat
/home/michele/mltlsat/Benchmarks/random0/P0.333333333333333N4L30M100T100-10.mltl,0.0,9348.8,sat
/home/michele/mltlsat/Benchmarks/random0/P0.333333333333333N4L30M100T100-1.mltl,0.0,7832,sat
/home/michele/mltlsat/Benchmarks/random0/P0.333333333333333N4L30M100T100-2.mltl,0.0,7778.4,sat
/home/michele/mltlsat/Benchmarks/random0/P0.333333333333333N4L30M100T100-3.mltl,0.0,7802.4,sat
/home/michele/mltlsat/Benchmarks/random0/P0.333333333333333N4L30M100T100-4.mltl,0.0,7812,sat
/home/michele/mltlsat/Benchmarks/random0/P0.333333333333333N4L30M100T100-5.mltl,1.604,59719.2,sat
/home/michele/mltlsat/Benchmarks/random0/P0.333333333333333N4L30M100T100-6.mltl,0.0,7774.4,sat
/home/michele/mltlsat/Benchmarks/random0/P0.333333333333333N4L30M100T100-7.mltl,0.0,7777.6,sat
/home/michele/mltlsat/Benchmarks/random0/P0.333333333333333N4L30M100T100-8.mltl,0.0,7812,sat
/home/michele/mltlsat/Benchmarks/random0/P0.333333333333333N4L30M100T100-9.mltl,0.0,7807.2,sat
/home/michele/mltlsat/Benchmarks/random0/P0.333333333333333N4L35M100T100-10.mltl,0.0,7780,sat
/home/michele/mltlsat/Benchmarks/random0/P0.333333333333333N4L35M100T100-1.mltl,0.0,7812.8,sat
/home/michele/mltlsat/Benchmarks/random0/P0.333333333333333N4L35M100T100-2.mltl,0.0,7782.4,sat
/home/michele/mltlsat/Benchmarks/random0/P0.333333333333333N4L35M100T100-3.mltl,0.0,7478.4,sat
/home/michele/mltlsat/Benchmarks/random0/P0.333333333333333N4L35M100T100-4.mltl,0.0,7824,sat
/home/michele/mltlsat/Benchmarks/random0/P0.333333333333333N4L35M100T100-5.mltl,0.0,7792.8,sat
/home/michele/mltlsat/Benchmarks/random0/P0.333333333333333N4L35M100T100-6.mltl,0.0,7806.4,sat
/home/michele/mltlsat/Benchmarks/random0/P0.333333333333333N4L35M100T100-7.mltl,0.0,7778.4,sat
/home/michele/mltlsat/Benchmarks/random0/P0.333333333333333N4L35M100T100-8.mltl,0.0,7781.6,sat
/home/michele/mltlsat/Benchmarks/random0/P0.333333333333333N4L35M100T100-9.mltl,0.002,9378.4,sat
/home/michele/mltlsat/Benchmarks/random0/P0.333333333333333N4L40M100T100-10.mltl,0.0,7836.8,unsat
/home/michele/mltlsat/Benchmarks/random0/P0.333333333333333N4L40M100T100-1.mltl,0.0,7819.2,unsat
/home/michele/mltlsat/Benchmarks/random0/P0.333333333333333N4L40M100T100-2.mltl,0.0,7799.2,sat
/home/michele/mltlsat/Benchmarks/random0/P0.333333333333333N4L40M100T100-3.mltl,0.0,7804.8,sat
/home/michele/mltlsat/Benchmarks/random0/P0.333333333333333N4L40M100T100-4.mltl,0.0,7812.8,sat
/home/michele/mltlsat/Benchmarks/random0/P0.333333333333333N4L40M100T100-5.mltl,2.964,71084,sat
/home/michele/mltlsat/Benchmarks/random0/P0.333333333333333N4L40M100T100-6.mltl,0.0,7816,sat
/home/michele/mltlsat/Benchmarks/random0/P0.333333333333333N4L40M100T100-7.mltl,0.0,7784,sat
/home/michele/mltlsat/Benchmarks/random0/P0.333333333333333N4L40M100T100-8.mltl,0.0,7814.4,sat
/home/michele/mltlsat/Benchmarks/random0/P0.333333333333333N4L40M100T100-9.mltl,0.0,7821.6,unsat
/home/michele/mltlsat/Benchmarks/random0/P0.333333333333333N4L45M100T100-10.mltl,0.004,10604,sat
/home/michele/mltlsat/Benchmarks/random0/P0.333333333333333N4L45M100T100-1.mltl,0.0,7787.2,sat
/home/michele/mltlsat/Benchmarks/random0/P0.333333333333333N4L45M100T100-2.mltl,0.0,7776,sat
/home/michele/mltlsat/Benchmarks/random0/P0.333333333333333N4L45M100T100-3.mltl,0.0,9333.6,sat
/home/michele/mltlsat/Benchmarks/random0/P0.333333333333333N4L45M100T100-4.mltl,0.0,7808,sat
/home/michele/mltlsat/Benchmarks/random0/P0.333333333333333N4L45M100T100-5.mltl,0.0,7812,sat
/home/michele/mltlsat/Benchmarks/random0/P0.333333333333333N4L45M100T100-6.mltl,0.0,7801.6,sat
/home/michele/mltlsat/Benchmarks/random0/P0.333333333333333N4L45M100T100-7.mltl,0.0,7786.4,unsat
/home/michele/mltlsat/Benchmarks/random0/P0.333333333333333N4L45M100T100-8.mltl,0.0,7510.4,sat
/home/michele/mltlsat/Benchmarks/random0/P0.333333333333333N4L45M100T100-9.mltl,0.0,7774.4,sat
/home/michele/mltlsat/Benchmarks/random0/P0.333333333333333N4L50M100T100-10.mltl,0.0,7805.6,sat
/home/michele/mltlsat/Benchmarks/random0/P0.333333333333333N4L50M100T100-1.mltl,0.0,9046.4,sat
/home/michele/mltlsat/Benchmarks/random0/P0.333333333333333N4L50M100T100-2.mltl,0.0,7795.2,sat
/home/michele/mltlsat/Benchmarks/random0/P0.333333333333333N4L50M100T100-3.mltl,0.0,10884,sat
/home/michele/mltlsat/Benchmarks/random0/P0.333333333333333N4L50M100T100-4.mltl,0.0,7780.8,unsat
/home/michele/mltlsat/Benchmarks/random0/P0.333333333333333N4L50M100T100-5.mltl,0.0,7454.4,sat
/home/michele/mltlsat/Benchmarks/random0/P0.333333333333333N4L50M100T100-6.mltl,0.0,7796.8,sat
/home/michele/mltlsat/Benchmarks/random0/P0.333333333333333N4L50M100T100-7.mltl,0.0,7508.8,sat
/home/michele/mltlsat/Benchmarks/random0/P0.333333333333333N4L50M100T100-8.mltl,0.0,7792.8,sat
/home/michele/mltlsat/Benchmarks/random0/P0.333333333333333N4L50M100T100-9.mltl,0.01,13951.2,sat
/home/michele/mltlsat/Benchmarks/random0/P0.333333333333333N4L55M100T100-10.mltl,0.0,7801.6,sat
/home/michele/mltlsat/Benchmarks/random0/P0.333333333333333N4L55M100T100-1.mltl,0.0,7846.4,sat
/home/michele/mltlsat/Benchmarks/random0/P0.333333333333333N4L55M100T100-2.mltl,0.03,13629.6,sat
/home/michele/mltlsat/Benchmarks/random0/P0.333333333333333N4L55M100T100-3.mltl,0.0,7464,sat
/home/michele/mltlsat/Benchmarks/random0/P0.333333333333333N4L55M100T100-4.mltl,0.0,7780.8,sat
/home/michele/mltlsat/Benchmarks/random0/P0.333333333333333N4L55M100T100-5.mltl,0.0,9350.4,sat
/home/michele/mltlsat/Benchmarks/random0/P0.333333333333333N4L55M100T100-6.mltl,0.0,7824.8,sat
/home/michele/mltlsat/Benchmarks/random0/P0.333333333333333N4L55M100T100-7.mltl,0.01,11797.6,sat
/home/michele/mltlsat/Benchmarks/random0/P0.333333333333333N4L55M100T100-8.mltl,0.0,7776,sat
/home/michele/mltlsat/Benchmarks/random0/P0.333333333333333N4L55M100T100-9.mltl,0.0,7512.8,sat
/home/michele/mltlsat/Benchmarks/random0/P0.333333333333333N4L5M100T100-10.mltl,0.0,7815.2,sat
/home/michele/mltlsat/Benchmarks/random0/P0.333333333333333N4L5M100T100-1.mltl,0.0,7801.6,sat
/home/michele/mltlsat/Benchmarks/random0/P0.333333333333333N4L5M100T100-2.mltl,0.0,7796,sat
/home/michele/mltlsat/Benchmarks/random0/P0.333333333333333N4L5M100T100-3.mltl,0.0,7794.4,unsat
/home/michele/mltlsat/Benchmarks/random0/P0.333333333333333N4L5M100T100-4.mltl,0.0,7830.4,sat
/home/michele/mltlsat/Benchmarks/random0/P0.333333333333333N4L5M100T100-5.mltl,0.0,7816,sat
/home/michele/mltlsat/Benchmarks/random0/P0.333333333333333N4L5M100T100-6.mltl,0.0,7776.8,sat
/home/michele/mltlsat/Benchmarks/random0/P0.333333333333333N4L5M100T100-7.mltl,0.0,7810.4,sat
/home/michele/mltlsat/Benchmarks/random0/P0.333333333333333N4L5M100T100-8.mltl,0.0,7796,sat
/home/michele/mltlsat/Benchmarks/random0/P0.333333333333333N4L5M100T100-9.mltl,0.0,7774.4,sat
/home/michele/mltlsat/Benchmarks/random0/P0.333333333333333N4L60M100T100-10.mltl,0.0,7824,sat
/home/michele/mltlsat/Benchmarks/random0/P0.333333333333333N4L60M100T100-1.mltl,0.0,7804.8,sat
/home/michele/mltlsat/Benchmarks/random0/P0.333333333333333N4L60M100T100-2.mltl,0.0,7808.8,sat
/home/michele/mltlsat/Benchmarks/random0/P0.333333333333333N4L60M100T100-3.mltl,0.0,7817.6,sat
/home/michele/mltlsat/Benchmarks/random0/P0.333333333333333N4L60M100T100-4.mltl,0.0,7476.8,sat
/home/michele/mltlsat/Benchmarks/random0/P0.333333333333333N4L60M100T100-5.mltl,0.0,7846.4,sat
/home/michele/mltlsat/Benchmarks/random0/P0.333333333333333N4L60M100T100-6.mltl,0.0,7852.8,sat
/home/michele/mltlsat/Benchmarks/random0/P0.333333333333333N4L60M100T100-7.mltl,0.0,7808.8,sat
/home/michele/mltlsat/Benchmarks/random0/P0.333333333333333N4L60M100T100-8.mltl,0.0,7785.6,sat
/home/michele/mltlsat/Benchmarks/random0/P0.333333333333333N4L60M100T100-9.mltl,0.0,7804,sat
/home/michele/mltlsat/Benchmarks/random0/P0.333333333333333N4L65M100T100-10.mltl,0.0,7510.4,sat
/home/michele/mltlsat/Benchmarks/random0/P0.333333333333333N4L65M100T100-1.mltl,0.0,10894.4,sat
/home/michele/mltlsat/Benchmarks/random0/P0.333333333333333N4L65M100T100-2.mltl,0.0,7808,sat
/home/michele/mltlsat/Benchmarks/random0/P0.333333333333333N4L65M100T100-3.mltl,0.002,10306.4,sat
/home/michele/mltlsat/Benchmarks/random0/P0.333333333333333N4L65M100T100-4.mltl,0.0,9346.4,sat
/home/michele/mltlsat/Benchmarks/random0/P0.333333333333333N4L65M100T100-5.mltl,0.07400000000000001,21636.8,sat
/home/michele/mltlsat/Benchmarks/random0/P0.333333333333333N4L65M100T100-6.mltl,0.0,7805.6,sat
/home/michele/mltlsat/Benchmarks/random0/P0.333333333333333N4L65M100T100-7.mltl,0.0,7792.8,unsat
/home/michele/mltlsat/Benchmarks/random0/P0.333333333333333N4L65M100T100-8.mltl,0.0,7772.8,sat
/home/michele/mltlsat/Benchmarks/random0/P0.333333333333333N4L65M100T100-9.mltl,0.0,7511.2,sat
/home/michele/mltlsat/Benchmarks/random0/P0.333333333333333N4L70M100T100-10.mltl,-1,-1,TO
/home/michele/mltlsat/Benchmarks/random0/P0.333333333333333N4L70M100T100-1.mltl,0.0,7806.4,sat
/home/michele/mltlsat/Benchmarks/random0/P0.333333333333333N4L70M100T100-2.mltl,0.0,7807.2,sat
/home/michele/mltlsat/Benchmarks/random0/P0.333333333333333N4L70M100T100-3.mltl,0.05,24725.6,sat
/home/michele/mltlsat/Benchmarks/random0/P0.333333333333333N4L70M100T100-4.mltl,0.01,9348,sat
/home/michele/mltlsat/Benchmarks/random0/P0.333333333333333N4L70M100T100-5.mltl,0.0,7798.4,sat
/home/michele/mltlsat/Benchmarks/random0/P0.333333333333333N4L70M100T100-6.mltl,0.0,7813.6,unsat
/home/michele/mltlsat/Benchmarks/random0/P0.333333333333333N4L70M100T100-7.mltl,0.0,7784.8,sat
/home/michele/mltlsat/Benchmarks/random0/P0.333333333333333N4L70M100T100-8.mltl,0.0,7785.6,unsat
/home/michele/mltlsat/Benchmarks/random0/P0.333333333333333N4L70M100T100-9.mltl,0.034,21628.8,sat
/home/michele/mltlsat/Benchmarks/random0/P0.333333333333333N4L75M100T100-10.mltl,0.0,7816.8,sat
/home/michele/mltlsat/Benchmarks/random0/P0.333333333333333N4L75M100T100-1.mltl,0.0,7788.8,sat
/home/michele/mltlsat/Benchmarks/random0/P0.333333333333333N4L75M100T100-2.mltl,0.0,7807.2,unsat
/home/michele/mltlsat/Benchmarks/random0/P0.333333333333333N4L75M100T100-3.mltl,0.0,7824,unsat
/home/michele/mltlsat/Benchmarks/random0/P0.333333333333333N4L75M100T100-4.mltl,0.0,7820.8,sat
/home/michele/mltlsat/Benchmarks/random0/P0.333333333333333N4L75M100T100-5.mltl,0.0,7804.8,sat
/home/michele/mltlsat/Benchmarks/random0/P0.333333333333333N4L75M100T100-6.mltl,0.0,7794.4,sat
/home/michele/mltlsat/Benchmarks/random0/P0.333333333333333N4L75M100T100-7.mltl,9.666,2063577.6,sat
/home/michele/mltlsat/Benchmarks/random0/P0.333333333333333N4L75M100T100-8.mltl,0.0,7814.4,sat
/home/michele/mltlsat/Benchmarks/random0/P0.333333333333333N4L75M100T100-9.mltl,0.0,7806.4,sat
/home/michele/mltlsat/Benchmarks/random0/P0.333333333333333N4L80M100T100-10.mltl,0.0,7792.8,sat
/home/michele/mltlsat/Benchmarks/random0/P0.333333333333333N4L80M100T100-1.mltl,0.0,7789.6,sat
/home/michele/mltlsat/Benchmarks/random0/P0.333333333333333N4L80M100T100-2.mltl,0.0,7782.4,sat
/home/michele/mltlsat/Benchmarks/random0/P0.333333333333333N4L80M100T100-3.mltl,0.0,7815.2,sat
/home/michele/mltlsat/Benchmarks/random0/P0.333333333333333N4L80M100T100-4.mltl,0.0,7797.6,sat
/home/michele/mltlsat/Benchmarks/random0/P0.333333333333333N4L80M100T100-5.mltl,0.0,7819.2,sat
/home/michele/mltlsat/Benchmarks/random0/P0.333333333333333N4L80M100T100-6.mltl,0.0,7810.4,sat
/home/michele/mltlsat/Benchmarks/random0/P0.333333333333333N4L80M100T100-7.mltl,0.0,9340,sat
/home/michele/mltlsat/Benchmarks/random0/P0.333333333333333N4L80M100T100-8.mltl,0.0,7806.4,sat
/home/michele/mltlsat/Benchmarks/random0/P0.333333333333333N4L80M100T100-9.mltl,0.01,10852.8,sat
/home/michele/mltlsat/Benchmarks/random0/P0.333333333333333N4L85M100T100-10.mltl,0.0,7820.8,sat
/home/michele/mltlsat/Benchmarks/random0/P0.333333333333333N4L85M100T100-1.mltl,0.02,15502.4,sat
/home/michele/mltlsat/Benchmarks/random0/P0.333333333333333N4L85M100T100-2.mltl,0.0,7809.6,sat
/home/michele/mltlsat/Benchmarks/random0/P0.333333333333333N4L85M100T100-3.mltl,0.0,7816.8,sat
/home/michele/mltlsat/Benchmarks/random0/P0.333333333333333N4L85M100T100-4.mltl,0.0,9333.6,sat
/home/michele/mltlsat/Benchmarks/random0/P0.333333333333333N4L85M100T100-5.mltl,0.0,7485.6,sat
/home/michele/mltlsat/Benchmarks/random0/P0.333333333333333N4L85M100T100-6.mltl,0.06,9341.6,unsat
/home/michele/mltlsat/Benchmarks/random0/P0.333333333333333N4L85M100T100-7.mltl,0.0,7790.4,sat
/home/michele/mltlsat/Benchmarks/random0/P0.333333333333333N4L85M100T100-8.mltl,0.0,7809.6,sat
/home/michele/mltlsat/Benchmarks/random0/P0.333333333333333N4L85M100T100-9.mltl,0.0,7791.2,sat
/home/michele/mltlsat/Benchmarks/random0/P0.333333333333333N4L90M100T100-10.mltl,0.0,9308.8,sat
/home/michele/mltlsat/Benchmarks/random0/P0.333333333333333N4L90M100T100-1.mltl,0.0,7823.2,sat
/home/michele/mltlsat/Benchmarks/random0/P0.333333333333333N4L90M100T100-2.mltl,0.0,7814.4,sat
/home/michele/mltlsat/Benchmarks/random0/P0.333333333333333N4L90M100T100-3.mltl,0.0,7784,sat
/home/michele/mltlsat/Benchmarks/random0/P0.333333333333333N4L90M100T100-4.mltl,0.0,7774.4,sat
/home/michele/mltlsat/Benchmarks/random0/P0.333333333333333N4L90M100T100-5.mltl,0.0,7774.4,sat
/home/michele/mltlsat/Benchmarks/random0/P0.333333333333333N4L90M100T100-6.mltl,0.0,9332.8,sat
/home/michele/mltlsat/Benchmarks/random0/P0.333333333333333N4L90M100T100-7.mltl,0.0,9361.6,sat
/home/michele/mltlsat/Benchmarks/random0/P0.333333333333333N4L90M100T100-8.mltl,0.022,18234.4,sat
/home/michele/mltlsat/Benchmarks/random0/P0.333333333333333N4L90M100T100-9.mltl,0.0,7796,sat
/home/michele/mltlsat/Benchmarks/random0/P0.333333333333333N4L95M100T100-10.mltl,0.15,61246.4,sat
/home/michele/mltlsat/Benchmarks/random0/P0.333333333333333N4L95M100T100-1.mltl,0.57,68606.4,sat
/home/michele/mltlsat/Benchmarks/random0/P0.333333333333333N4L95M100T100-2.mltl,0.0,7811.2,sat
/home/michele/mltlsat/Benchmarks/random0/P0.333333333333333N4L95M100T100-3.mltl,0.0,9354.4,sat
/home/michele/mltlsat/Benchmarks/random0/P0.333333333333333N4L95M100T100-4.mltl,0.0,7793.6,sat
/home/michele/mltlsat/Benchmarks/random0/P0.333333333333333N4L95M100T100-5.mltl,0.0,7787.2,sat
/home/michele/mltlsat/Benchmarks/random0/P0.333333333333333N4L95M100T100-6.mltl,0.0,7808,sat
/home/michele/mltlsat/Benchmarks/random0/P0.333333333333333N4L95M100T100-7.mltl,0.0,7808.8,sat
/home/michele/mltlsat/Benchmarks/random0/P0.333333333333333N4L95M100T100-8.mltl,0.0,7799.2,sat
/home/michele/mltlsat/Benchmarks/random0/P0.333333333333333N4L95M100T100-9.mltl,0.0,7801.6,unsat
/home/michele/mltlsat/Benchmarks/random0/P0.333333333333333N5L100M100T100-10.mltl,0.0,7815.2,sat
/home/michele/mltlsat/Benchmarks/random0/P0.333333333333333N5L100M100T100-1.mltl,0.0,7816,sat
/home/michele/mltlsat/Benchmarks/random0/P0.333333333333333N5L100M100T100-2.mltl,0.0,7820,sat
/home/michele/mltlsat/Benchmarks/random0/P0.333333333333333N5L100M100T100-3.mltl,0.01,10880,sat
/home/michele/mltlsat/Benchmarks/random0/P0.333333333333333N5L100M100T100-4.mltl,0.0,7791.2,sat
/home/michele/mltlsat/Benchmarks/random0/P0.333333333333333N5L100M100T100-5.mltl,0.0,7816,sat
/home/michele/mltlsat/Benchmarks/random0/P0.333333333333333N5L100M100T100-6.mltl,0.0,7806.4,sat
/home/michele/mltlsat/Benchmarks/random0/P0.333333333333333N5L100M100T100-7.mltl,0.0,7817.6,sat
/home/michele/mltlsat/Benchmarks/random0/P0.333333333333333N5L100M100T100-8.mltl,0.0,7816.8,sat
/home/michele/mltlsat/Benchmarks/random0/P0.333333333333333N5L100M100T100-9.mltl,0.0,7796,sat
/home/michele/mltlsat/Benchmarks/random0/P0.333333333333333N5L10M100T100-10.mltl,0.0,7777.6,sat
/home/michele/mltlsat/Benchmarks/random0/P0.333333333333333N5L10M100T100-1.mltl,0.0,7775.2,sat
/home/michele/mltlsat/Benchmarks/random0/P0.333333333333333N5L10M100T100-2.mltl,0.0,9334.4,sat
/home/michele/mltlsat/Benchmarks/random0/P0.333333333333333N5L10M100T100-3.mltl,0.0,7810.4,sat
/home/michele/mltlsat/Benchmarks/random0/P0.333333333333333N5L10M100T100-4.mltl,0.0,7838.4,sat
/home/michele/mltlsat/Benchmarks/random0/P0.333333333333333N5L10M100T100-5.mltl,0.0,7779.2,sat
/home/michele/mltlsat/Benchmarks/random0/P0.333333333333333N5L10M100T100-6.mltl,0.0,7793.6,sat
/home/michele/mltlsat/Benchmarks/random0/P0.333333333333333N5L10M100T100-7.mltl,0.0,7808.8,sat
/home/michele/mltlsat/Benchmarks/random0/P0.333333333333333N5L10M100T100-8.mltl,0.0,7780.8,sat
/home/michele/mltlsat/Benchmarks/random0/P0.333333333333333N5L10M100T100-9.mltl,0.0,7779.2,sat
/home/michele/mltlsat/Benchmarks/random0/P0.333333333333333N5L15M100T100-10.mltl,0.0,7822.4,sat
/home/michele/mltlsat/Benchmarks/random0/P0.333333333333333N5L15M100T100-1.mltl,0.0,7805.6,sat
/home/michele/mltlsat/Benchmarks/random0/P0.333333333333333N5L15M100T100-2.mltl,0.0,7833.6,sat
/home/michele/mltlsat/Benchmarks/random0/P0.333333333333333N5L15M100T100-3.mltl,0.0,7801.6,sat
/home/michele/mltlsat/Benchmarks/random0/P0.333333333333333N5L15M100T100-4.mltl,0.0,7778.4,sat
/home/michele/mltlsat/Benchmarks/random0/P0.333333333333333N5L15M100T100-5.mltl,0.0,9367.2,sat
/home/michele/mltlsat/Benchmarks/random0/P0.333333333333333N5L15M100T100-6.mltl,0.0,7804,sat
/home/michele/mltlsat/Benchmarks/random0/P0.333333333333333N5L15M100T100-7.mltl,0.0,7797.6,sat
/home/michele/mltlsat/Benchmarks/random0/P0.333333333333333N5L15M100T100-8.mltl,0.0,7787.2,sat
/home/michele/mltlsat/Benchmarks/random0/P0.333333333333333N5L15M100T100-9.mltl,0.0,7769.6,sat
/home/michele/mltlsat/Benchmarks/random0/P0.333333333333333N5L20M100T100-10.mltl,0.0,7798.4,sat
/home/michele/mltlsat/Benchmarks/random0/P0.333333333333333N5L20M100T100-1.mltl,0.0,7810.4,sat
/home/michele/mltlsat/Benchmarks/random0/P0.333333333333333N5L20M100T100-2.mltl,0.0,7823.2,sat
/home/michele/mltlsat/Benchmarks/random0/P0.333333333333333N5L20M100T100-3.mltl,0.0,7804.8,sat
/home/michele/mltlsat/Benchmarks/random0/P0.333333333333333N5L20M100T100-4.mltl,0.0,7782.4,sat
/home/michele/mltlsat/Benchmarks/random0/P0.333333333333333N5L20M100T100-5.mltl,0.0,7805.6,sat
/home/michele/mltlsat/Benchmarks/random0/P0.333333333333333N5L20M100T100-6.mltl,0.0,7819.2,sat
/home/michele/mltlsat/Benchmarks/random0/P0.333333333333333N5L20M100T100-7.mltl,0.0,7789.6,sat
/home/michele/mltlsat/Benchmarks/random0/P0.333333333333333N5L20M100T100-8.mltl,0.0,7830.4,sat
/home/michele/mltlsat/Benchmarks/random0/P0.333333333333333N5L20M100T100-9.mltl,0.0,7805.6,sat
/home/michele/mltlsat/Benchmarks/random0/P0.333333333333333N5L25M100T100-10.mltl,0.0,7804.8,sat
/home/michele/mltlsat/Benchmarks/random0/P0.333333333333333N5L25M100T100-1.mltl,0.0,7807.2,sat
/home/michele/mltlsat/Benchmarks/random0/P0.333333333333333N5L25M100T100-2.mltl,0.0,7814.4,sat
/home/michele/mltlsat/Benchmarks/random0/P0.333333333333333N5L25M100T100-3.mltl,0.0,7805.6,sat
/home/michele/mltlsat/Benchmarks/random0/P0.333333333333333N5L25M100T100-4.mltl,0.0,7789.6,sat
/home/michele/mltlsat/Benchmarks/random0/P0.333333333333333N5L25M100T100-5.mltl,0.0,7768.8,sat
/home/michele/mltlsat/Benchmarks/random0/P0.333333333333333N5L25M100T100-6.mltl,0.0,7794.4,sat
/home/michele/mltlsat/Benchmarks/random0/P0.333333333333333N5L25M100T100-7.mltl,0.0,7805.6,sat
/home/michele/mltlsat/Benchmarks/random0/P0.333333333333333N5L25M100T100-8.mltl,0.0,7823.2,sat
/home/michele/mltlsat/Benchmarks/random0/P0.333333333333333N5L25M100T100-9.mltl,0.0,7812.8,sat
/home/michele/mltlsat/Benchmarks/random0/P0.333333333333333N5L30M100T100-10.mltl,0.0,7823.2,unsat
/home/michele/mltlsat/Benchmarks/random0/P0.333333333333333N5L30M100T100-1.mltl,0.0,7804,sat
/home/michele/mltlsat/Benchmarks/random0/P0.333333333333333N5L30M100T100-2.mltl,0.0,7483.2,sat
/home/michele/mltlsat/Benchmarks/random0/P0.333333333333333N5L30M100T100-3.mltl,0.0,7821.6,sat
/home/michele/mltlsat/Benchmarks/random0/P0.333333333333333N5L30M100T100-4.mltl,0.0,7808.8,sat
/home/michele/mltlsat/Benchmarks/random0/P0.333333333333333N5L30M100T100-5.mltl,0.0,7760,sat
/home/michele/mltlsat/Benchmarks/random0/P0.333333333333333N5L30M100T100-6.mltl,0.0,7806.4,sat
/home/michele/mltlsat/Benchmarks/random0/P0.333333333333333N5L30M100T100-7.mltl,0.0,7826.4,sat
/home/michele/mltlsat/Benchmarks/random0/P0.333333333333333N5L30M100T100-8.mltl,0.0,9332,sat
/home/michele/mltlsat/Benchmarks/random0/P0.333333333333333N5L30M100T100-9.mltl,0.0,7814.4,sat
/home/michele/mltlsat/Benchmarks/random0/P0.333333333333333N5L35M100T100-10.mltl,0.0,7778.4,sat
/home/michele/mltlsat/Benchmarks/random0/P0.333333333333333N5L35M100T100-1.mltl,0.0,7817.6,sat
/home/michele/mltlsat/Benchmarks/random0/P0.333333333333333N5L35M100T100-2.mltl,0.0,7802.4,sat
/home/michele/mltlsat/Benchmarks/random0/P0.333333333333333N5L35M100T100-3.mltl,0.0,7817.6,sat
/home/michele/mltlsat/Benchmarks/random0/P0.333333333333333N5L35M100T100-4.mltl,0.0,7824,sat
/home/michele/mltlsat/Benchmarks/random0/P0.333333333333333N5L35M100T100-5.mltl,0.0,7813.6,sat
/home/michele/mltlsat/Benchmarks/random0/P0.333333333333333N5L35M100T100-6.mltl,0.0,7808.8,sat
/home/michele/mltlsat/Benchmarks/random0/P0.333333333333333N5L35M100T100-7.mltl,0.0,7814.4,sat
/home/michele/mltlsat/Benchmarks/random0/P0.333333333333333N5L35M100T100-8.mltl,0.0,7813.6,sat
/home/michele/mltlsat/Benchmarks/random0/P0.333333333333333N5L35M100T100-9.mltl,0.0,7802.4,sat
/home/michele/mltlsat/Benchmarks/random0/P0.333333333333333N5L40M100T100-10.mltl,0.04,7770.4,unsat
/home/michele/mltlsat/Benchmarks/random0/P0.333333333333333N5L40M100T100-1.mltl,0.01,12404.8,sat
/home/michele/mltlsat/Benchmarks/random0/P0.333333333333333N5L40M100T100-2.mltl,0.0,7791.2,sat
/home/michele/mltlsat/Benchmarks/random0/P0.333333333333333N5L40M100T100-3.mltl,0.0,7788,sat
/home/michele/mltlsat/Benchmarks/random0/P0.333333333333333N5L40M100T100-4.mltl,0.0,7806.4,sat
/home/michele/mltlsat/Benchmarks/random0/P0.333333333333333N5L40M100T100-5.mltl,0.0,7788,sat
/home/michele/mltlsat/Benchmarks/random0/P0.333333333333333N5L40M100T100-6.mltl,0.0,7816.8,sat
/home/michele/mltlsat/Benchmarks/random0/P0.333333333333333N5L40M100T100-7.mltl,0.0,7796.8,sat
/home/michele/mltlsat/Benchmarks/random0/P0.333333333333333N5L40M100T100-8.mltl,0.0,7803.2,sat
/home/michele/mltlsat/Benchmarks/random0/P0.333333333333333N5L40M100T100-9.mltl,0.0,9353.6,sat
/home/michele/mltlsat/Benchmarks/random0/P0.333333333333333N5L45M100T100-10.mltl,0.0,7817.6,sat
/home/michele/mltlsat/Benchmarks/random0/P0.333333333333333N5L45M100T100-1.mltl,0.0,7812,sat
/home/michele/mltlsat/Benchmarks/random0/P0.333333333333333N5L45M100T100-2.mltl,0.0,7800,sat
/home/michele/mltlsat/Benchmarks/random0/P0.333333333333333N5L45M100T100-3.mltl,0.0,7795.2,sat
/home/michele/mltlsat/Benchmarks/random0/P0.333333333333333N5L45M100T100-4.mltl,0.0,7808,sat
/home/michele/mltlsat/Benchmarks/random0/P0.333333333333333N5L45M100T100-5.mltl,0.0,7807.2,sat
/home/michele/mltlsat/Benchmarks/random0/P0.333333333333333N5L45M100T100-6.mltl,0.0,7777.6,sat
/home/michele/mltlsat/Benchmarks/random0/P0.333333333333333N5L45M100T100-7.mltl,0.0,7789.6,sat
/home/michele/mltlsat/Benchmarks/random0/P0.333333333333333N5L45M100T100-8.mltl,0.0,7795.2,sat
/home/michele/mltlsat/Benchmarks/random0/P0.333333333333333N5L45M100T100-9.mltl,0.0,7809.6,sat
/home/michele/mltlsat/Benchmarks/random0/P0.333333333333333N5L50M100T100-10.mltl,0.0,7794.4,sat
/home/michele/mltlsat/Benchmarks/random0/P0.333333333333333N5L50M100T100-1.mltl,0.0,7798.4,sat
/home/michele/mltlsat/Benchmarks/random0/P0.333333333333333N5L50M100T100-2.mltl,0.06,10844.8,sat
/home/michele/mltlsat/Benchmarks/random0/P0.333333333333333N5L50M100T100-3.mltl,0.0,7814.4,sat
/home/michele/mltlsat/Benchmarks/random0/P0.333333333333333N5L50M100T100-4.mltl,0.0,7791.2,sat
/home/michele/mltlsat/Benchmarks/random0/P0.333333333333333N5L50M100T100-5.mltl,0.02,17011.2,sat
/home/michele/mltlsat/Benchmarks/random0/P0.333333333333333N5L50M100T100-6.mltl,0.0,7792.8,sat
/home/michele/mltlsat/Benchmarks/random0/P0.333333333333333N5L50M100T100-7.mltl,0.0,7777.6,sat
/home/michele/mltlsat/Benchmarks/random0/P0.333333333333333N5L50M100T100-8.mltl,0.0,7806.4,sat
/home/michele/mltlsat/Benchmarks/random0/P0.333333333333333N5L50M100T100-9.mltl,0.0,7792,sat
/home/michele/mltlsat/Benchmarks/random0/P0.333333333333333N5L55M100T100-10.mltl,0.0,7804.8,sat
/home/michele/mltlsat/Benchmarks/random0/P0.333333333333333N5L55M100T100-1.mltl,0.0,7814.4,sat
/home/michele/mltlsat/Benchmarks/random0/P0.333333333333333N5L55M100T100-2.mltl,0.0,7780.8,sat
/home/michele/mltlsat/Benchmarks/random0/P0.333333333333333N5L55M100T100-3.mltl,0.0,7812,sat
/home/michele/mltlsat/Benchmarks/random0/P0.333333333333333N5L55M100T100-4.mltl,0.0,7777.6,sat
/home/michele/mltlsat/Benchmarks/random0/P0.333333333333333N5L55M100T100-5.mltl,0.0,7784.8,sat
/home/michele/mltlsat/Benchmarks/random0/P0.333333333333333N5L55M100T100-6.mltl,0.0,7781.6,sat
/home/michele/mltlsat/Benchmarks/random0/P0.333333333333333N5L55M100T100-7.mltl,0.0,7819.2,sat
/home/michele/mltlsat/Benchmarks/random0/P0.333333333333333N5L55M100T100-8.mltl,0.0,7785.6,sat
/home/michele/mltlsat/Benchmarks/random0/P0.333333333333333N5L55M100T100-9.mltl,0.0,7804.8,sat
/home/michele/mltlsat/Benchmarks/random0/P0.333333333333333N5L5M100T100-10.mltl,0.0,7810.4,sat
/home/michele/mltlsat/Benchmarks/random0/P0.333333333333333N5L5M100T100-1.mltl,0.0,7806.4,sat
/home/michele/mltlsat/Benchmarks/random0/P0.333333333333333N5L5M100T100-2.mltl,0.0,7808.8,sat
/home/michele/mltlsat/Benchmarks/random0/P0.333333333333333N5L5M100T100-3.mltl,0.0,7810.4,sat
/home/michele/mltlsat/Benchmarks/random0/P0.333333333333333N5L5M100T100-4.mltl,0.0,7805.6,sat
/home/michele/mltlsat/Benchmarks/random0/P0.333333333333333N5L5M100T100-5.mltl,0.0,7793.6,sat
/home/michele/mltlsat/Benchmarks/random0/P0.333333333333333N5L5M100T100-6.mltl,0.0,7796.8,sat
/home/michele/mltlsat/Benchmarks/random0/P0.333333333333333N5L5M100T100-7.mltl,0.0,7805.6,sat
/home/michele/mltlsat/Benchmarks/random0/P0.333333333333333N5L5M100T100-8.mltl,0.0,7779.2,sat
/home/michele/mltlsat/Benchmarks/random0/P0.333333333333333N5L5M100T100-9.mltl,0.0,7796,sat
/home/michele/mltlsat/Benchmarks/random0/P0.333333333333333N5L60M100T100-10.mltl,0.0,9328.8,sat
/home/michele/mltlsat/Benchmarks/random0/P0.333333333333333N5L60M100T100-1.mltl,0.0,9352.8,sat
/home/michele/mltlsat/Benchmarks/random0/P0.333333333333333N5L60M100T100-2.mltl,0.0,7797.6,unsat
/home/michele/mltlsat/Benchmarks/random0/P0.333333333333333N5L60M100T100-3.mltl,0.014,15509.6,sat
/home/michele/mltlsat/Benchmarks/random0/P0.333333333333333N5L60M100T100-4.mltl,0.554,213596.8,sat
/home/michele/mltlsat/Benchmarks/random0/P0.333333333333333N5L60M100T100-5.mltl,0.0,7791.2,sat
/home/michele/mltlsat/Benchmarks/random0/P0.333333333333333N5L60M100T100-6.mltl,0.0,7785.6,unsat
/home/michele/mltlsat/Benchmarks/random0/P0.333333333333333N5L60M100T100-7.mltl,0.0,7808,sat
/home/michele/mltlsat/Benchmarks/random0/P0.333333333333333N5L60M100T100-8.mltl,0.0,7829.6,sat
/home/michele/mltlsat/Benchmarks/random0/P0.333333333333333N5L60M100T100-9.mltl,0.0,7800,sat
/home/michele/mltlsat/Benchmarks/random0/P0.333333333333333N5L65M100T100-10.mltl,0.0,7806.4,sat
/home/michele/mltlsat/Benchmarks/random0/P0.333333333333333N5L65M100T100-1.mltl,0.0,7820,sat
/home/michele/mltlsat/Benchmarks/random0/P0.333333333333333N5L65M100T100-2.mltl,0.002,9328.8,unsat
/home/michele/mltlsat/Benchmarks/random0/P0.333333333333333N5L65M100T100-3.mltl,0.0,7795.2,sat
/home/michele/mltlsat/Benchmarks/random0/P0.333333333333333N5L65M100T100-4.mltl,0.0,7794.4,sat
/home/michele/mltlsat/Benchmarks/random0/P0.333333333333333N5L65M100T100-5.mltl,0.0,7804.8,unsat
/home/michele/mltlsat/Benchmarks/random0/P0.333333333333333N5L65M100T100-6.mltl,0.0,9369.6,sat
/home/michele/mltlsat/Benchmarks/random0/P0.333333333333333N5L65M100T100-7.mltl,0.0,7492.8,sat
/home/michele/mltlsat/Benchmarks/random0/P0.333333333333333N5L65M100T100-8.mltl,0.03,20087.2,sat
/home/michele/mltlsat/Benchmarks/random0/P0.333333333333333N5L65M100T100-9.mltl,0.01,10576.8,sat
/home/michele/mltlsat/Benchmarks/random0/P0.333333333333333N5L70M100T100-10.mltl,-1,-1,TO
/home/michele/mltlsat/Benchmarks/random0/P0.333333333333333N5L70M100T100-1.mltl,0.0,7785.6,sat
/home/michele/mltlsat/Benchmarks/random0/P0.333333333333333N5L70M100T100-2.mltl,0.0,7808,unsat
/home/michele/mltlsat/Benchmarks/random0/P0.333333333333333N5L70M100T100-3.mltl,0.0,7796.8,unsat
/home/michele/mltlsat/Benchmarks/random0/P0.333333333333333N5L70M100T100-4.mltl,0.0,7802.4,sat
/home/michele/mltlsat/Benchmarks/random0/P0.333333333333333N5L70M100T100-5.mltl,0.0,7795.2,sat
/home/michele/mltlsat/Benchmarks/random0/P0.333333333333333N5L70M100T100-6.mltl,0.0,7810.4,sat
/home/michele/mltlsat/Benchmarks/random0/P0.333333333333333N5L70M100T100-7.mltl,0.0,7805.6,sat
/home/michele/mltlsat/Benchmarks/random0/P0.333333333333333N5L70M100T100-8.mltl,0.0,7780.8,sat
/home/michele/mltlsat/Benchmarks/random0/P0.333333333333333N5L70M100T100-9.mltl,0.0,7819.2,sat
/home/michele/mltlsat/Benchmarks/random0/P0.333333333333333N5L75M100T100-10.mltl,0.0,7800.8,sat
/home/michele/mltlsat/Benchmarks/random0/P0.333333333333333N5L75M100T100-1.mltl,0.0,7782.4,sat
/home/michele/mltlsat/Benchmarks/random0/P0.333333333333333N5L75M100T100-2.mltl,0.0,7777.6,sat
/home/michele/mltlsat/Benchmarks/random0/P0.333333333333333N5L75M100T100-3.mltl,0.162,29293.6,sat
/home/michele/mltlsat/Benchmarks/random0/P0.333333333333333N5L75M100T100-4.mltl,-1,-1,TO
/home/michele/mltlsat/Benchmarks/random0/P0.333333333333333N5L75M100T100-5.mltl,0.0,7806.4,sat
/home/michele/mltlsat/Benchmarks/random0/P0.333333333333333N5L75M100T100-6.mltl,0.0,9324,sat
/home/michele/mltlsat/Benchmarks/random0/P0.333333333333333N5L75M100T100-7.mltl,0.0,7819.2,sat
/home/michele/mltlsat/Benchmarks/random0/P0.333333333333333N5L75M100T100-8.mltl,0.02,15487.2,sat
/home/michele/mltlsat/Benchmarks/random0/P0.333333333333333N5L75M100T100-9.mltl,0.0,7827.2,sat
/home/michele/mltlsat/Benchmarks/random0/P0.333333333333333N5L80M100T100-10.mltl,0.0,7839.2,sat
/home/michele/mltlsat/Benchmarks/random0/P0.333333333333333N5L80M100T100-1.mltl,0.0,7827.2,sat
/home/michele/mltlsat/Benchmarks/random0/P0.333333333333333N5L80M100T100-2.mltl,0.0,7776.8,sat
/home/michele/mltlsat/Benchmarks/random0/P0.333333333333333N5L80M100T100-3.mltl,0.0,7811.2,sat
/home/michele/mltlsat/Benchmarks/random0/P0.333333333333333N5L80M100T100-4.mltl,0.0,7799.2,sat
/home/michele/mltlsat/Benchmarks/random0/P0.333333333333333N5L80M100T100-5.mltl,0.046,23168,sat
/home/michele/mltlsat/Benchmarks/random0/P0.333333333333333N5L80M100T100-6.mltl,0.002,9344,unsat
/home/michele/mltlsat/Benchmarks/random0/P0.333333333333333N5L80M100T100-7.mltl,0.012,10878.4,sat
/home/michele/mltlsat/Benchmarks/random0/P0.333333333333333N5L80M100T100-8.mltl,0.002,9324,sat
/home/michele/mltlsat/Benchmarks/random0/P0.333333333333333N5L80M100T100-9.mltl,0.0,7809.6,sat
/home/michele/mltlsat/Benchmarks/random0/P0.333333333333333N5L85M100T100-10.mltl,0.0,7819.2,sat
/home/michele/mltlsat/Benchmarks/random0/P0.333333333333333N5L85M100T100-1.mltl,0.0,10859.2,sat
/home/michele/mltlsat/Benchmarks/random0/P0.333333333333333N5L85M100T100-2.mltl,0.0,7796,sat
/home/michele/mltlsat/Benchmarks/random0/P0.333333333333333N5L85M100T100-3.mltl,-1,-1,OOM
/home/michele/mltlsat/Benchmarks/random0/P0.333333333333333N5L85M100T100-4.mltl,0.0,7791.2,sat
/home/michele/mltlsat/Benchmarks/random0/P0.333333333333333N5L85M100T100-5.mltl,0.0,7498.4,sat
/home/michele/mltlsat/Benchmarks/random0/P0.333333333333333N5L85M100T100-6.mltl,0.014,9359.2,sat
/home/michele/mltlsat/Benchmarks/random0/P0.333333333333333N5L85M100T100-7.mltl,0.0,9337.6,sat
/home/michele/mltlsat/Benchmarks/random0/P0.333333333333333N5L85M100T100-8.mltl,0.0,9320.8,sat
/home/michele/mltlsat/Benchmarks/random0/P0.333333333333333N5L85M100T100-9.mltl,0.0,7799.2,sat
/home/michele/mltlsat/Benchmarks/random0/P0.333333333333333N5L90M100T100-10.mltl,0.0,7804,sat
/home/michele/mltlsat/Benchmarks/random0/P0.333333333333333N5L90M100T100-1.mltl,0.0,7757.6,sat
/home/michele/mltlsat/Benchmarks/random0/P0.333333333333333N5L90M100T100-2.mltl,0.0,7791.2,sat
/home/michele/mltlsat/Benchmarks/random0/P0.333333333333333N5L90M100T100-3.mltl,0.0,9341.6,sat
/home/michele/mltlsat/Benchmarks/random0/P0.333333333333333N5L90M100T100-4.mltl,0.72,44704,sat
/home/michele/mltlsat/Benchmarks/random0/P0.333333333333333N5L90M100T100-5.mltl,0.376,10884.8,sat
/home/michele/mltlsat/Benchmarks/random0/P0.333333333333333N5L90M100T100-6.mltl,0.04,21644.8,sat
/home/michele/mltlsat/Benchmarks/random0/P0.333333333333333N5L90M100T100-7.mltl,0.002,9316,sat
/home/michele/mltlsat/Benchmarks/random0/P0.333333333333333N5L90M100T100-8.mltl,0.04,22844,sat
/home/michele/mltlsat/Benchmarks/random0/P0.333333333333333N5L90M100T100-9.mltl,0.0,7804.8,sat
/home/michele/mltlsat/Benchmarks/random0/P0.333333333333333N5L95M100T100-10.mltl,0.0,9338.4,sat
/home/michele/mltlsat/Benchmarks/random0/P0.333333333333333N5L95M100T100-1.mltl,0.01,13961.6,sat
/home/michele/mltlsat/Benchmarks/random0/P0.333333333333333N5L95M100T100-2.mltl,0.0,7813.6,sat
/home/michele/mltlsat/Benchmarks/random0/P0.333333333333333N5L95M100T100-3.mltl,0.06,15484,sat
/home/michele/mltlsat/Benchmarks/random0/P0.333333333333333N5L95M100T100-4.mltl,0.006,9343.2,unsat
/home/michele/mltlsat/Benchmarks/random0/P0.333333333333333N5L95M100T100-5.mltl,0.0,7829.6,sat
/home/michele/mltlsat/Benchmarks/random0/P0.333333333333333N5L95M100T100-6.mltl,0.0,7767.2,sat
/home/michele/mltlsat/Benchmarks/random0/P0.333333333333333N5L95M100T100-7.mltl,0.0,7798.4,sat
/home/michele/mltlsat/Benchmarks/random0/P0.333333333333333N5L95M100T100-8.mltl,0.02,18558.4,sat
/home/michele/mltlsat/Benchmarks/random0/P0.333333333333333N5L95M100T100-9.mltl,0.01,10905.6,sat
/home/michele/mltlsat/Benchmarks/random0/P0.5N1L100M100T100-10.mltl,0.0,7784.8,sat
/home/michele/mltlsat/Benchmarks/random0/P0.5N1L100M100T100-1.mltl,0.0,7800,unsat
/home/michele/mltlsat/Benchmarks/random0/P0.5N1L100M100T100-2.mltl,0.0,7484.8,sat
/home/michele/mltlsat/Benchmarks/random0/P0.5N1L100M100T100-3.mltl,0.02,15175.2,sat
/home/michele/mltlsat/Benchmarks/random0/P0.5N1L100M100T100-4.mltl,0.004,9324,sat
/home/michele/mltlsat/Benchmarks/random0/P0.5N1L100M100T100-5.mltl,66.834,19465.6,sat
/home/michele/mltlsat/Benchmarks/random0/P0.5N1L100M100T100-6.mltl,0.0,9328,sat
/home/michele/mltlsat/Benchmarks/random0/P0.5N1L100M100T100-7.mltl,0.0,7785.6,sat
/home/michele/mltlsat/Benchmarks/random0/P0.5N1L100M100T100-8.mltl,0.0,7808.8,sat
/home/michele/mltlsat/Benchmarks/random0/P0.5N1L100M100T100-9.mltl,0.0,7524.8,sat
/home/michele/mltlsat/Benchmarks/random0/P0.5N1L10M100T100-10.mltl,0.0,7796,unsat
/home/michele/mltlsat/Benchmarks/random0/P0.5N1L10M100T100-1.mltl,0.0,7816,sat
/home/michele/mltlsat/Benchmarks/random0/P0.5N1L10M100T100-2.mltl,0.0,7813.6,sat
/home/michele/mltlsat/Benchmarks/random0/P0.5N1L10M100T100-3.mltl,0.0,7802.4,sat
/home/michele/mltlsat/Benchmarks/random0/P0.5N1L10M100T100-4.mltl,0.0,7788.8,unsat
/home/michele/mltlsat/Benchmarks/random0/P0.5N1L10M100T100-5.mltl,0.0,7786.4,sat
/home/michele/mltlsat/Benchmarks/random0/P0.5N1L10M100T100-6.mltl,0.0,7812.8,sat
/home/michele/mltlsat/Benchmarks/random0/P0.5N1L10M100T100-7.mltl,0.0,7792.8,sat
/home/michele/mltlsat/Benchmarks/random0/P0.5N1L10M100T100-8.mltl,0.0,7804,sat
/home/michele/mltlsat/Benchmarks/random0/P0.5N1L10M100T100-9.mltl,0.0,7813.6,sat
/home/michele/mltlsat/Benchmarks/random0/P0.5N1L15M100T100-10.mltl,0.0,7795.2,sat
/home/michele/mltlsat/Benchmarks/random0/P0.5N1L15M100T100-1.mltl,0.002,7790.4,sat
/home/michele/mltlsat/Benchmarks/random0/P0.5N1L15M100T100-2.mltl,0.0,7783.2,sat
/home/michele/mltlsat/Benchmarks/random0/P0.5N1L15M100T100-3.mltl,0.0,7795.2,sat
/home/michele/mltlsat/Benchmarks/random0/P0.5N1L15M100T100-4.mltl,0.0,7793.6,sat
/home/michele/mltlsat/Benchmarks/random0/P0.5N1L15M100T100-5.mltl,0.0,7815.2,sat
/home/michele/mltlsat/Benchmarks/random0/P0.5N1L15M100T100-6.mltl,0.002,9324.8,unsat
/home/michele/mltlsat/Benchmarks/random0/P0.5N1L15M100T100-7.mltl,0.0,7782.4,unsat
/home/michele/mltlsat/Benchmarks/random0/P0.5N1L15M100T100-8.mltl,0.0,7819.2,sat
/home/michele/mltlsat/Benchmarks/random0/P0.5N1L15M100T100-9.mltl,0.0,9365.6,sat
/home/michele/mltlsat/Benchmarks/random0/P0.5N1L20M100T100-10.mltl,0.0,7816,sat
/home/michele/mltlsat/Benchmarks/random0/P0.5N1L20M100T100-1.mltl,-1,-1,TO
/home/michele/mltlsat/Benchmarks/random0/P0.5N1L20M100T100-2.mltl,0.0,7800,sat
/home/michele/mltlsat/Benchmarks/random0/P0.5N1L20M100T100-3.mltl,0.0,7788,unsat
/home/michele/mltlsat/Benchmarks/random0/P0.5N1L20M100T100-4.mltl,0.0,7496,sat
/home/michele/mltlsat/Benchmarks/random0/P0.5N1L20M100T100-5.mltl,0.0,7779.2,sat
/home/michele/mltlsat/Benchmarks/random0/P0.5N1L20M100T100-6.mltl,0.0,7799.2,sat
/home/michele/mltlsat/Benchmarks/random0/P0.5N1L20M100T100-7.mltl,0.0,7824.8,sat
/home/michele/mltlsat/Benchmarks/random0/P0.5N1L20M100T100-8.mltl,0.0,7831.2,unsat
/home/michele/mltlsat/Benchmarks/random0/P0.5N1L20M100T100-9.mltl,0.0,7818.4,unsat
/home/michele/mltlsat/Benchmarks/random0/P0.5N1L25M100T100-10.mltl,0.0,7800.8,sat
/home/michele/mltlsat/Benchmarks/random0/P0.5N1L25M100T100-1.mltl,0.0,7801.6,sat
/home/michele/mltlsat/Benchmarks/random0/P0.5N1L25M100T100-2.mltl,0.0,7798.4,sat
/home/michele/mltlsat/Benchmarks/random0/P0.5N1L25M100T100-3.mltl,0.0,7779.2,sat
/home/michele/mltlsat/Benchmarks/random0/P0.5N1L25M100T100-4.mltl,0.0,7816.8,sat
/home/michele/mltlsat/Benchmarks/random0/P0.5N1L25M100T100-5.mltl,0.0,7831.2,sat
/home/michele/mltlsat/Benchmarks/random0/P0.5N1L25M100T100-6.mltl,0.0,7788.8,sat
/home/michele/mltlsat/Benchmarks/random0/P0.5N1L25M100T100-7.mltl,0.0,7824.8,sat
/home/michele/mltlsat/Benchmarks/random0/P0.5N1L25M100T100-8.mltl,0.0,7793.6,sat
/home/michele/mltlsat/Benchmarks/random0/P0.5N1L25M100T100-9.mltl,0.0,7492.8,sat
/home/michele/mltlsat/Benchmarks/random0/P0.5N1L30M100T100-10.mltl,0.0,9352.8,sat
/home/michele/mltlsat/Benchmarks/random0/P0.5N1L30M100T100-1.mltl,0.0,7832.8,sat
/home/michele/mltlsat/Benchmarks/random0/P0.5N1L30M100T100-2.mltl,0.0,7817.6,sat
/home/michele/mltlsat/Benchmarks/random0/P0.5N1L30M100T100-3.mltl,0.0,7821.6,sat
/home/michele/mltlsat/Benchmarks/random0/P0.5N1L30M100T100-4.mltl,0.0,7789.6,sat
/home/michele/mltlsat/Benchmarks/random0/P0.5N1L30M100T100-5.mltl,0.0,7805.6,unsat
/home/michele/mltlsat/Benchmarks/random0/P0.5N1L30M100T100-6.mltl,0.0,7806.4,sat
/home/michele/mltlsat/Benchmarks/random0/P0.5N1L30M100T100-7.mltl,0.0,7791.2,sat
/home/michele/mltlsat/Benchmarks/random0/P0.5N1L30M100T100-8.mltl,-1,-1,OOM
/home/michele/mltlsat/Benchmarks/random0/P0.5N1L30M100T100-9.mltl,0.0,7784,unsat
/home/michele/mltlsat/Benchmarks/random0/P0.5N1L35M100T100-10.mltl,0.0,7781.6,sat
/home/michele/mltlsat/Benchmarks/random0/P0.5N1L35M100T100-1.mltl,0.0,7797.6,sat
/home/michele/mltlsat/Benchmarks/random0/P0.5N1L35M100T100-2.mltl,0.0,7789.6,sat
/home/michele/mltlsat/Benchmarks/random0/P0.5N1L35M100T100-3.mltl,0.0,7802.4,sat
/home/michele/mltlsat/Benchmarks/random0/P0.5N1L35M100T100-4.mltl,0.0,7817.6,sat
/home/michele/mltlsat/Benchmarks/random0/P0.5N1L35M100T100-5.mltl,0.0,7814.4,sat
/home/michele/mltlsat/Benchmarks/random0/P0.5N1L35M100T100-6.mltl,0.0,7796.8,sat
/home/michele/mltlsat/Benchmarks/random0/P0.5N1L35M100T100-7.mltl,0.0,7789.6,sat
/home/michele/mltlsat/Benchmarks/random0/P0.5N1L35M100T100-8.mltl,0.02,13959.2,sat
/home/michele/mltlsat/Benchmarks/random0/P0.5N1L35M100T100-9.mltl,0.0,7817.6,sat
/home/michele/mltlsat/Benchmarks/random0/P0.5N1L40M100T100-10.mltl,0.0,7821.6,unsat
/home/michele/mltlsat/Benchmarks/random0/P0.5N1L40M100T100-1.mltl,0.0,7816.8,sat
/home/michele/mltlsat/Benchmarks/random0/P0.5N1L40M100T100-2.mltl,0.0,7781.6,sat
/home/michele/mltlsat/Benchmarks/random0/P0.5N1L40M100T100-3.mltl,0.0,9349.6,sat
/home/michele/mltlsat/Benchmarks/random0/P0.5N1L40M100T100-4.mltl,0.0,9320,sat
/home/michele/mltlsat/Benchmarks/random0/P0.5N1L40M100T100-5.mltl,0.0,7772,sat
/home/michele/mltlsat/Benchmarks/random0/P0.5N1L40M100T100-6.mltl,0.0,7790.4,sat
/home/michele/mltlsat/Benchmarks/random0/P0.5N1L40M100T100-7.mltl,0.0,7840,sat
/home/michele/mltlsat/Benchmarks/random0/P0.5N1L40M100T100-8.mltl,0.0,7808,sat
/home/michele/mltlsat/Benchmarks/random0/P0.5N1L40M100T100-9.mltl,0.0,7783.2,sat
/home/michele/mltlsat/Benchmarks/random0/P0.5N1L45M100T100-10.mltl,0.06,10880,sat
/home/michele/mltlsat/Benchmarks/random0/P0.5N1L45M100T100-1.mltl,0.0,9322.4,sat
/home/michele/mltlsat/Benchmarks/random0/P0.5N1L45M100T100-2.mltl,0.0,7812,sat
/home/michele/mltlsat/Benchmarks/random0/P0.5N1L45M100T100-3.mltl,0.0,7806.4,sat
/home/michele/mltlsat/Benchmarks/random0/P0.5N1L45M100T100-4.mltl,0.0,7777.6,sat
/home/michele/mltlsat/Benchmarks/random0/P0.5N1L45M100T100-5.mltl,0.0,7480.8,sat
/home/michele/mltlsat/Benchmarks/random0/P0.5N1L45M100T100-6.mltl,0.004,10872,sat
/home/michele/mltlsat/Benchmarks/random0/P0.5N1L45M100T100-7.mltl,0.0,7817.6,sat
/home/michele/mltlsat/Benchmarks/random0/P0.5N1L45M100T100-8.mltl,0.0,7798.4,sat
/home/michele/mltlsat/Benchmarks/random0/P0.5N1L45M100T100-9.mltl,0.0,7801.6,sat
/home/michele/mltlsat/Benchmarks/random0/P0.5N1L50M100T100-10.mltl,0.0,7813.6,unsat
/home/michele/mltlsat/Benchmarks/random0/P0.5N1L50M100T100-1.mltl,0.02,17049.6,sat
/home/michele/mltlsat/Benchmarks/random0/P0.5N1L50M100T100-2.mltl,0.0,7787.2,sat
/home/michele/mltlsat/Benchmarks/random0/P0.5N1L50M100T100-3.mltl,0.0,7802.4,unsat
/home/michele/mltlsat/Benchmarks/random0/P0.5N1L50M100T100-4.mltl,1.166,10872,sat
/home/michele/mltlsat/Benchmarks/random0/P0.5N1L50M100T100-5.mltl,0.0,7794.4,unsat
/home/michele/mltlsat/Benchmarks/random0/P0.5N1L50M100T100-6.mltl,0.0,7798.4,sat
/home/michele/mltlsat/Benchmarks/random0/P0.5N1L50M100T100-7.mltl,0.0,7778.4,sat
/home/michele/mltlsat/Benchmarks/random0/P0.5N1L50M100T100-8.mltl,0.0,7804.8,sat
/home/michele/mltlsat/Benchmarks/random0/P0.5N1L50M100T100-9.mltl,0.0,9332,sat
/home/michele/mltlsat/Benchmarks/random0/P0.5N1L55M100T100-10.mltl,0.0,7816,unsat
/home/michele/mltlsat/Benchmarks/random0/P0.5N1L55M100T100-1.mltl,0.0,7782.4,sat
/home/michele/mltlsat/Benchmarks/random0/P0.5N1L55M100T100-2.mltl,0.0,7778.4,sat
/home/michele/mltlsat/Benchmarks/random0/P0.5N1L55M100T100-3.mltl,0.02,10554.4,sat
/home/michele/mltlsat/Benchmarks/random0/P0.5N1L55M100T100-4.mltl,0.0,7804.8,sat
/home/michele/mltlsat/Benchmarks/random0/P0.5N1L55M100T100-5.mltl,0.0,7766.4,sat
/home/michele/mltlsat/Benchmarks/random0/P0.5N1L55M100T100-6.mltl,0.0,7788,sat
/home/michele/mltlsat/Benchmarks/random0/P0.5N1L55M100T100-7.mltl,0.0,9342.4,sat
/home/michele/mltlsat/Benchmarks/random0/P0.5N1L55M100T100-8.mltl,0.0,7456,sat
/home/michele/mltlsat/Benchmarks/random0/P0.5N1L55M100T100-9.mltl,0.0,9336.8,sat
/home/michele/mltlsat/Benchmarks/random0/P0.5N1L5M100T100-10.mltl,0.0,7794.4,sat
/home/michele/mltlsat/Benchmarks/random0/P0.5N1L5M100T100-1.mltl,0.0,7819.2,unsat
/home/michele/mltlsat/Benchmarks/random0/P0.5N1L5M100T100-2.mltl,0.0,7800,sat
/home/michele/mltlsat/Benchmarks/random0/P0.5N1L5M100T100-3.mltl,0.0,7804,sat
/home/michele/mltlsat/Benchmarks/random0/P0.5N1L5M100T100-4.mltl,0.0,7807.2,sat
/home/michele/mltlsat/Benchmarks/random0/P0.5N1L5M100T100-5.mltl,0.0,7810.4,sat
/home/michele/mltlsat/Benchmarks/random0/P0.5N1L5M100T100-6.mltl,0.0,7766.4,sat
/home/michele/mltlsat/Benchmarks/random0/P0.5N1L5M100T100-7.mltl,0.0,7840,sat
/home/michele/mltlsat/Benchmarks/random0/P0.5N1L5M100T100-8.mltl,0.0,7822.4,sat
/home/michele/mltlsat/Benchmarks/random0/P0.5N1L5M100T100-9.mltl,0.0,7812,sat
/home/michele/mltlsat/Benchmarks/random0/P0.5N1L60M100T100-10.mltl,0.0,7794.4,sat
/home/michele/mltlsat/Benchmarks/random0/P0.5N1L60M100T100-1.mltl,0.0,7826.4,unsat
/home/michele/mltlsat/Benchmarks/random0/P0.5N1L60M100T100-2.mltl,0.0,7801.6,sat
/home/michele/mltlsat/Benchmarks/random0/P0.5N1L60M100T100-3.mltl,0.0,7778.4,sat
/home/michele/mltlsat/Benchmarks/random0/P0.5N1L60M100T100-4.mltl,0.0,9362.4,sat
/home/michele/mltlsat/Benchmarks/random0/P0.5N1L60M100T100-5.mltl,0.0,7811.2,unsat
/home/michele/mltlsat/Benchmarks/random0/P0.5N1L60M100T100-6.mltl,0.0,7806.4,sat
/home/michele/mltlsat/Benchmarks/random0/P0.5N1L60M100T100-7.mltl,0.002,9339.2,sat
/home/michele/mltlsat/Benchmarks/random0/P0.5N1L60M100T100-8.mltl,0.0,7811.2,sat
/home/michele/mltlsat/Benchmarks/random0/P0.5N1L60M100T100-9.mltl,0.0,7781.6,sat
/home/michele/mltlsat/Benchmarks/random0/P0.5N1L65M100T100-10.mltl,0.0,7790.4,sat
/home/michele/mltlsat/Benchmarks/random0/P0.5N1L65M100T100-1.mltl,0.012,12407.2,sat
/home/michele/mltlsat/Benchmarks/random0/P0.5N1L65M100T100-2.mltl,0.0,7801.6,sat
/home/michele/mltlsat/Benchmarks/random0/P0.5N1L65M100T100-3.mltl,0.04,24716,sat
/home/michele/mltlsat/Benchmarks/random0/P0.5N1L65M100T100-4.mltl,2.164,35446.4,sat
/home/michele/mltlsat/Benchmarks/random0/P0.5N1L65M100T100-5.mltl,0.0,7795.2,sat
/home/michele/mltlsat/Benchmarks/random0/P0.5N1L65M100T100-6.mltl,0.0,7805.6,sat
/home/michele/mltlsat/Benchmarks/random0/P0.5N1L65M100T100-7.mltl,0.0,7826.4,sat
/home/michele/mltlsat/Benchmarks/random0/P0.5N1L65M100T100-8.mltl,0.0,7814.4,sat
/home/michele/mltlsat/Benchmarks/random0/P0.5N1L65M100T100-9.mltl,0.0,7787.2,sat
/home/michele/mltlsat/Benchmarks/random0/P0.5N1L70M100T100-10.mltl,0.0,7803.2,sat
/home/michele/mltlsat/Benchmarks/random0/P0.5N1L70M100T100-1.mltl,0.0,7800,sat
/home/michele/mltlsat/Benchmarks/random0/P0.5N1L70M100T100-2.mltl,0.04,10880.8,sat
/home/michele/mltlsat/Benchmarks/random0/P0.5N1L70M100T100-3.mltl,-1,-1,TO
/home/michele/mltlsat/Benchmarks/random0/P0.5N1L70M100T100-4.mltl,0.0,7782.4,sat
/home/michele/mltlsat/Benchmarks/random0/P0.5N1L70M100T100-5.mltl,0.0,7790.4,sat
/home/michele/mltlsat/Benchmarks/random0/P0.5N1L70M100T100-6.mltl,0.0,7811.2,unsat
/home/michele/mltlsat/Benchmarks/random0/P0.5N1L70M100T100-7.mltl,0.024,9348,sat
/home/michele/mltlsat/Benchmarks/random0/P0.5N1L70M100T100-8.mltl,0.01,9327.2,sat
/home/michele/mltlsat/Benchmarks/random0/P0.5N1L70M100T100-9.mltl,0.0,7784.8,sat
/home/michele/mltlsat/Benchmarks/random0/P0.5N1L75M100T100-10.mltl,0.082,36966.4,sat
/home/michele/mltlsat/Benchmarks/random0/P0.5N1L75M100T100-1.mltl,0.0,7784.8,sat
/home/michele/mltlsat/Benchmarks/random0/P0.5N1L75M100T100-2.mltl,0.0,7780.8,sat
/home/michele/mltlsat/Benchmarks/random0/P0.5N1L75M100T100-3.mltl,0.0,7790.4,sat
/home/michele/mltlsat/Benchmarks/random0/P0.5N1L75M100T100-4.mltl,0.094,9346.4,sat
/home/michele/mltlsat/Benchmarks/random0/P0.5N1L75M100T100-5.mltl,0.0,7807.2,sat
/home/michele/mltlsat/Benchmarks/random0/P0.5N1L75M100T100-6.mltl,0.0,7802.4,sat
/home/michele/mltlsat/Benchmarks/random0/P0.5N1L75M100T100-7.mltl,0.026,17043.2,sat
/home/michele/mltlsat/Benchmarks/random0/P0.5N1L75M100T100-8.mltl,0.0,7797.6,unsat
/home/michele/mltlsat/Benchmarks/random0/P0.5N1L75M100T100-9.mltl,0.0,7788,sat
/home/michele/mltlsat/Benchmarks/random0/P0.5N1L80M100T100-10.mltl,0.0,7781.6,sat
/home/michele/mltlsat/Benchmarks/random0/P0.5N1L80M100T100-1.mltl,0.0,7826.4,sat
/home/michele/mltlsat/Benchmarks/random0/P0.5N1L80M100T100-2.mltl,0.0,7776,sat
/home/michele/mltlsat/Benchmarks/random0/P0.5N1L80M100T100-3.mltl,0.0,7794.4,sat
/home/michele/mltlsat/Benchmarks/random0/P0.5N1L80M100T100-4.mltl,0.0,7804,sat
/home/michele/mltlsat/Benchmarks/random0/P0.5N1L80M100T100-5.mltl,0.0,7788.8,sat
/home/michele/mltlsat/Benchmarks/random0/P0.5N1L80M100T100-6.mltl,0.022,12391.2,sat
/home/michele/mltlsat/Benchmarks/random0/P0.5N1L80M100T100-7.mltl,0.132,11819.2,sat
/home/michele/mltlsat/Benchmarks/random0/P0.5N1L80M100T100-8.mltl,0.0,7494.4,unsat
/home/michele/mltlsat/Benchmarks/random0/P0.5N1L80M100T100-9.mltl,0.0,10848.8,sat
/home/michele/mltlsat/Benchmarks/random0/P0.5N1L85M100T100-10.mltl,0.004,10855.2,sat
/home/michele/mltlsat/Benchmarks/random0/P0.5N1L85M100T100-1.mltl,0.0,7489.6,sat
/home/michele/mltlsat/Benchmarks/random0/P0.5N1L85M100T100-2.mltl,0.0,7778.4,sat
/home/michele/mltlsat/Benchmarks/random0/P0.5N1L85M100T100-3.mltl,-1,-1,TO
/home/michele/mltlsat/Benchmarks/random0/P0.5N1L85M100T100-4.mltl,0.0,7792,unsat
/home/michele/mltlsat/Benchmarks/random0/P0.5N1L85M100T100-5.mltl,0.0,7804,sat
/home/michele/mltlsat/Benchmarks/random0/P0.5N1L85M100T100-6.mltl,0.0,7810.4,unsat
/home/michele/mltlsat/Benchmarks/random0/P0.5N1L85M100T100-7.mltl,0.0,7812.8,sat
/home/michele/mltlsat/Benchmarks/random0/P0.5N1L85M100T100-8.mltl,0.0,7800,sat
/home/michele/mltlsat/Benchmarks/random0/P0.5N1L85M100T100-9.mltl,0.0,7812.8,sat
/home/michele/mltlsat/Benchmarks/random0/P0.5N1L90M100T100-10.mltl,0.0,7817.6,sat
/home/michele/mltlsat/Benchmarks/random0/P0.5N1L90M100T100-1.mltl,0.0,9332,sat
/home/michele/mltlsat/Benchmarks/random0/P0.5N1L90M100T100-2.mltl,0.0,7777.6,sat
/home/michele/mltlsat/Benchmarks/random0/P0.5N1L90M100T100-3.mltl,0.0,7812,unsat
/home/michele/mltlsat/Benchmarks/random0/P0.5N1L90M100T100-4.mltl,0.0,7797.6,sat
/home/michele/mltlsat/Benchmarks/random0/P0.5N1L90M100T100-5.mltl,0.01,10876,sat
/home/michele/mltlsat/Benchmarks/random0/P0.5N1L90M100T100-6.mltl,0.0,7786.4,sat
/home/michele/mltlsat/Benchmarks/random0/P0.5N1L90M100T100-7.mltl,0.0,7823.2,sat
/home/michele/mltlsat/Benchmarks/random0/P0.5N1L90M100T100-8.mltl,0.012,10853.6,sat
/home/michele/mltlsat/Benchmarks/random0/P0.5N1L90M100T100-9.mltl,0.0,7805.6,unsat
/home/michele/mltlsat/Benchmarks/random0/P0.5N1L95M100T100-10.mltl,0.0,9367.2,sat
/home/michele/mltlsat/Benchmarks/random0/P0.5N1L95M100T100-1.mltl,0.0,9347.2,sat
/home/michele/mltlsat/Benchmarks/random0/P0.5N1L95M100T100-2.mltl,0.0,7805.6,unsat
/home/michele/mltlsat/Benchmarks/random0/P0.5N1L95M100T100-3.mltl,0.0,7812,sat
/home/michele/mltlsat/Benchmarks/random0/P0.5N1L95M100T100-4.mltl,0.02,9343.2,sat
/home/michele/mltlsat/Benchmarks/random0/P0.5N1L95M100T100-5.mltl,0.0,7796,unsat
/home/michele/mltlsat/Benchmarks/random0/P0.5N1L95M100T100-6.mltl,0.0,7792,sat
/home/michele/mltlsat/Benchmarks/random0/P0.5N1L95M100T100-7.mltl,0.0,7800,sat
/home/michele/mltlsat/Benchmarks/random0/P0.5N1L95M100T100-8.mltl,0.0,7817.6,sat
/home/michele/mltlsat/Benchmarks/random0/P0.5N1L95M100T100-9.mltl,0.0,7801.6,sat
/home/michele/mltlsat/Benchmarks/random0/P0.5N2L100M100T100-10.mltl,0.012,13948.8,sat
/home/michele/mltlsat/Benchmarks/random0/P0.5N2L100M100T100-1.mltl,0.0,7809.6,sat
/home/michele/mltlsat/Benchmarks/random0/P0.5N2L100M100T100-2.mltl,7.866,2312739.2,sat
/home/michele/mltlsat/Benchmarks/random0/P0.5N2L100M100T100-3.mltl,0.0,7798.4,sat
/home/michele/mltlsat/Benchmarks/random0/P0.5N2L100M100T100-4.mltl,0.0,7805.6,sat
/home/michele/mltlsat/Benchmarks/random0/P0.5N2L100M100T100-5.mltl,0.0,7784.8,sat
/home/michele/mltlsat/Benchmarks/random0/P0.5N2L100M100T100-6.mltl,0.0,9320.8,sat
/home/michele/mltlsat/Benchmarks/random0/P0.5N2L100M100T100-7.mltl,0.12,29336,sat
/home/michele/mltlsat/Benchmarks/random0/P0.5N2L100M100T100-8.mltl,0.0,7806.4,sat
/home/michele/mltlsat/Benchmarks/random0/P0.5N2L100M100T100-9.mltl,0.0,7806.4,sat
/home/michele/mltlsat/Benchmarks/random0/P0.5N2L10M100T100-10.mltl,0.0,7481.6,sat
/home/michele/mltlsat/Benchmarks/random0/P0.5N2L10M100T100-1.mltl,0.0,7824,sat
/home/michele/mltlsat/Benchmarks/random0/P0.5N2L10M100T100-2.mltl,0.0,7788,sat
/home/michele/mltlsat/Benchmarks/random0/P0.5N2L10M100T100-3.mltl,0.0,7816.8,sat
/home/michele/mltlsat/Benchmarks/random0/P0.5N2L10M100T100-4.mltl,0.0,7833.6,sat
/home/michele/mltlsat/Benchmarks/random0/P0.5N2L10M100T100-5.mltl,0.0,7815.2,sat
/home/michele/mltlsat/Benchmarks/random0/P0.5N2L10M100T100-6.mltl,0.0,7794.4,sat
/home/michele/mltlsat/Benchmarks/random0/P0.5N2L10M100T100-7.mltl,0.0,7807.2,sat
/home/michele/mltlsat/Benchmarks/random0/P0.5N2L10M100T100-8.mltl,0.0,7793.6,sat
/home/michele/mltlsat/Benchmarks/random0/P0.5N2L10M100T100-9.mltl,0.0,7829.6,sat
/home/michele/mltlsat/Benchmarks/random0/P0.5N2L15M100T100-10.mltl,0.0,7798.4,sat
/home/michele/mltlsat/Benchmarks/random0/P0.5N2L15M100T100-1.mltl,0.0,7813.6,sat
/home/michele/mltlsat/Benchmarks/random0/P0.5N2L15M100T100-2.mltl,0.0,7784.8,sat
/home/michele/mltlsat/Benchmarks/random0/P0.5N2L15M100T100-3.mltl,0.0,7803.2,sat
/home/michele/mltlsat/Benchmarks/random0/P0.5N2L15M100T100-4.mltl,0.0,7815.2,sat
/home/michele/mltlsat/Benchmarks/random0/P0.5N2L15M100T100-5.mltl,0.0,7798.4,sat
/home/michele/mltlsat/Benchmarks/random0/P0.5N2L15M100T100-6.mltl,0.0,7792.8,sat
/home/michele/mltlsat/Benchmarks/random0/P0.5N2L15M100T100-7.mltl,0.0,7795.2,sat
/home/michele/mltlsat/Benchmarks/random0/P0.5N2L15M100T100-8.mltl,0.0,7795.2,unsat
/home/michele/mltlsat/Benchmarks/random0/P0.5N2L15M100T100-9.mltl,0.0,7824,sat
/home/michele/mltlsat/Benchmarks/random0/P0.5N2L20M100T100-10.mltl,0.0,7805.6,unsat
/home/michele/mltlsat/Benchmarks/random0/P0.5N2L20M100T100-1.mltl,0.01,9326.4,sat
/home/michele/mltlsat/Benchmarks/random0/P0.5N2L20M100T100-2.mltl,0.0,7795.2,sat
/home/michele/mltlsat/Benchmarks/random0/P0.5N2L20M100T100-3.mltl,0.0,7810.4,sat
/home/michele/mltlsat/Benchmarks/random0/P0.5N2L20M100T100-4.mltl,0.0,7792.8,sat
/home/michele/mltlsat/Benchmarks/random0/P0.5N2L20M100T100-5.mltl,0.0,7803.2,sat
/home/michele/mltlsat/Benchmarks/random0/P0.5N2L20M100T100-6.mltl,0.01,9349.6,unsat
/home/michele/mltlsat/Benchmarks/random0/P0.5N2L20M100T100-7.mltl,0.0,7798.4,unsat
/home/michele/mltlsat/Benchmarks/random0/P0.5N2L20M100T100-8.mltl,0.0,7807.2,sat
/home/michele/mltlsat/Benchmarks/random0/P0.5N2L20M100T100-9.mltl,0.0,7796.8,sat
/home/michele/mltlsat/Benchmarks/random0/P0.5N2L25M100T100-10.mltl,0.0,7810.4,sat
/home/michele/mltlsat/Benchmarks/random0/P0.5N2L25M100T100-1.mltl,0.02,15464,sat
/home/michele/mltlsat/Benchmarks/random0/P0.5N2L25M100T100-2.mltl,0.0,7788,sat
/home/michele/mltlsat/Benchmarks/random0/P0.5N2L25M100T100-3.mltl,0.0,9330.4,sat
/home/michele/mltlsat/Benchmarks/random0/P0.5N2L25M100T100-4.mltl,0.0,7780,sat
/home/michele/mltlsat/Benchmarks/random0/P0.5N2L25M100T100-5.mltl,0.0,7798.4,sat
/home/michele/mltlsat/Benchmarks/random0/P0.5N2L25M100T100-6.mltl,0.0,7808.8,sat
/home/michele/mltlsat/Benchmarks/random0/P0.5N2L25M100T100-7.mltl,0.0,7803.2,sat
/home/michele/mltlsat/Benchmarks/random0/P0.5N2L25M100T100-8.mltl,0.0,7800,sat
/home/michele/mltlsat/Benchmarks/random0/P0.5N2L25M100T100-9.mltl,0.0,7773.6,sat
/home/michele/mltlsat/Benchmarks/random0/P0.5N2L30M100T100-10.mltl,0.0,7812,sat
/home/michele/mltlsat/Benchmarks/random0/P0.5N2L30M100T100-1.mltl,0.002,9363.2,sat
/home/michele/mltlsat/Benchmarks/random0/P0.5N2L30M100T100-2.mltl,0.0,7799.2,sat
/home/michele/mltlsat/Benchmarks/random0/P0.5N2L30M100T100-3.mltl,0.05,13938.4,sat
/home/michele/mltlsat/Benchmarks/random0/P0.5N2L30M100T100-4.mltl,0.0,7796,sat
/home/michele/mltlsat/Benchmarks/random0/P0.5N2L30M100T100-5.mltl,0.0,7800,unsat
/home/michele/mltlsat/Benchmarks/random0/P0.5N2L30M100T100-6.mltl,0.0,9028,sat
/home/michele/mltlsat/Benchmarks/random0/P0.5N2L30M100T100-7.mltl,0.262,58506.4,sat
/home/michele/mltlsat/Benchmarks/random0/P0.5N2L30M100T100-8.mltl,0.0,7760.8,sat
/home/michele/mltlsat/Benchmarks/random0/P0.5N2L30M100T100-9.mltl,0.01,12395.2,sat
/home/michele/mltlsat/Benchmarks/random0/P0.5N2L35M100T100-10.mltl,0.0,7779.2,sat
/home/michele/mltlsat/Benchmarks/random0/P0.5N2L35M100T100-1.mltl,0.03,19791.2,sat
/home/michele/mltlsat/Benchmarks/random0/P0.5N2L35M100T100-2.mltl,-1,-1,TO
/home/michele/mltlsat/Benchmarks/random0/P0.5N2L35M100T100-3.mltl,-1,-1,TO
/home/michele/mltlsat/Benchmarks/random0/P0.5N2L35M100T100-4.mltl,0.01,9312.8,sat
/home/michele/mltlsat/Benchmarks/random0/P0.5N2L35M100T100-5.mltl,0.0,7821.6,sat
/home/michele/mltlsat/Benchmarks/random0/P0.5N2L35M100T100-6.mltl,0.0,7816.8,sat
/home/michele/mltlsat/Benchmarks/random0/P0.5N2L35M100T100-7.mltl,0.0,7804,sat
/home/michele/mltlsat/Benchmarks/random0/P0.5N2L35M100T100-8.mltl,0.0,7800,unsat
/home/michele/mltlsat/Benchmarks/random0/P0.5N2L35M100T100-9.mltl,0.01,10853.6,sat
/home/michele/mltlsat/Benchmarks/random0/P0.5N2L40M100T100-10.mltl,0.0,7800.8,sat
/home/michele/mltlsat/Benchmarks/random0/P0.5N2L40M100T100-1.mltl,0.0,7767.2,sat
/home/michele/mltlsat/Benchmarks/random0/P0.5N2L40M100T100-2.mltl,0.0,7788,sat
/home/michele/mltlsat/Benchmarks/random0/P0.5N2L40M100T100-3.mltl,0.0,7830.4,sat
/home/michele/mltlsat/Benchmarks/random0/P0.5N2L40M100T100-4.mltl,0.0,7802.4,sat
/home/michele/mltlsat/Benchmarks/random0/P0.5N2L40M100T100-5.mltl,0.0,7798.4,sat
/home/michele/mltlsat/Benchmarks/random0/P0.5N2L40M100T100-6.mltl,0.0,7800.8,unsat
/home/michele/mltlsat/Benchmarks/random0/P0.5N2L40M100T100-7.mltl,0.0,7802.4,sat
/home/michele/mltlsat/Benchmarks/random0/P0.5N2L40M100T100-8.mltl,0.0,7817.6,sat
/home/michele/mltlsat/Benchmarks/random0/P0.5N2L40M100T100-9.mltl,0.0,7796,unsat
/home/michele/mltlsat/Benchmarks/random0/P0.5N2L45M100T100-10.mltl,0.042,10871.2,sat
/home/michele/mltlsat/Benchmarks/random0/P0.5N2L45M100T100-1.mltl,7.25,1608300.8,sat
/home/michele/mltlsat/Benchmarks/random0/P0.5N2L45M100T100-2.mltl,0.0,7777.6,sat
/home/michele/mltlsat/Benchmarks/random0/P0.5N2L45M100T100-3.mltl,0.0,7793.6,sat
/home/michele/mltlsat/Benchmarks/random0/P0.5N2L45M100T100-4.mltl,0.0,7793.6,sat
/home/michele/mltlsat/Benchmarks/random0/P0.5N2L45M100T100-5.mltl,0.0,7804,sat
/home/michele/mltlsat/Benchmarks/random0/P0.5N2L45M100T100-6.mltl,0.0,7829.6,sat
/home/michele/mltlsat/Benchmarks/random0/P0.5N2L45M100T100-7.mltl,0.0,7804,sat
/home/michele/mltlsat/Benchmarks/random0/P0.5N2L45M100T100-8.mltl,0.012,9356.8,sat
/home/michele/mltlsat/Benchmarks/random0/P0.5N2L45M100T100-9.mltl,0.0,7822.4,unsat
/home/michele/mltlsat/Benchmarks/random0/P0.5N2L50M100T100-10.mltl,0.0,7809.6,sat
/home/michele/mltlsat/Benchmarks/random0/P0.5N2L50M100T100-1.mltl,0.0,7804.8,sat
/home/michele/mltlsat/Benchmarks/random0/P0.5N2L50M100T100-2.mltl,0.0,7816.8,sat
/home/michele/mltlsat/Benchmarks/random0/P0.5N2L50M100T100-3.mltl,0.0,7495.2,sat
/home/michele/mltlsat/Benchmarks/random0/P0.5N2L50M100T100-4.mltl,0.0,7795.2,unsat
/home/michele/mltlsat/Benchmarks/random0/P0.5N2L50M100T100-5.mltl,0.0,9344,sat
/home/michele/mltlsat/Benchmarks/random0/P0.5N2L50M100T100-6.mltl,0.0,7795.2,sat
/home/michele/mltlsat/Benchmarks/random0/P0.5N2L50M100T100-7.mltl,0.0,7789.6,unsat
/home/michele/mltlsat/Benchmarks/random0/P0.5N2L50M100T100-8.mltl,0.0,7799.2,unsat
/home/michele/mltlsat/Benchmarks/random0/P0.5N2L50M100T100-9.mltl,0.0,7801.6,sat
/home/michele/mltlsat/Benchmarks/random0/P0.5N2L55M100T100-10.mltl,0.0,7812.8,sat
/home/michele/mltlsat/Benchmarks/random0/P0.5N2L55M100T100-1.mltl,0.0,7802.4,sat
/home/michele/mltlsat/Benchmarks/random0/P0.5N2L55M100T100-2.mltl,0.002,10867.2,sat
/home/michele/mltlsat/Benchmarks/random0/P0.5N2L55M100T100-3.mltl,0.0,7794.4,sat
/home/michele/mltlsat/Benchmarks/random0/P0.5N2L55M100T100-4.mltl,0.0,7484.8,unsat
/home/michele/mltlsat/Benchmarks/random0/P0.5N2L55M100T100-5.mltl,0.0,7810.4,sat
/home/michele/mltlsat/Benchmarks/random0/P0.5N2L55M100T100-6.mltl,-1,-1,TO
/home/michele/mltlsat/Benchmarks/random0/P0.5N2L55M100T100-7.mltl,0.0,7805.6,sat
/home/michele/mltlsat/Benchmarks/random0/P0.5N2L55M100T100-8.mltl,0.0,7799.2,sat
/home/michele/mltlsat/Benchmarks/random0/P0.5N2L55M100T100-9.mltl,0.0,7799.2,sat
/home/michele/mltlsat/Benchmarks/random0/P0.5N2L5M100T100-10.mltl,0.0,7802.4,sat
/home/michele/mltlsat/Benchmarks/random0/P0.5N2L5M100T100-1.mltl,0.0,7828.8,sat
/home/michele/mltlsat/Benchmarks/random0/P0.5N2L5M100T100-2.mltl,0.0,7795.2,sat
/home/michele/mltlsat/Benchmarks/random0/P0.5N2L5M100T100-3.mltl,0.0,7796.8,sat
/home/michele/mltlsat/Benchmarks/random0/P0.5N2L5M100T100-4.mltl,0.0,7768.8,sat
/home/michele/mltlsat/Benchmarks/random0/P0.5N2L5M100T100-5.mltl,0.0,7792.8,sat
/home/michele/mltlsat/Benchmarks/random0/P0.5N2L5M100T100-6.mltl,0.0,7789.6,sat
/home/michele/mltlsat/Benchmarks/random0/P0.5N2L5M100T100-7.mltl,0.0,7812.8,sat
/home/michele/mltlsat/Benchmarks/random0/P0.5N2L5M100T100-8.mltl,0.0,7808,sat
/home/michele/mltlsat/Benchmarks/random0/P0.5N2L5M100T100-9.mltl,0.0,7812,sat
/home/michele/mltlsat/Benchmarks/random0/P0.5N2L60M100T100-10.mltl,0.35,17001.6,sat
/home/michele/mltlsat/Benchmarks/random0/P0.5N2L60M100T100-1.mltl,0.0,7795.2,sat
/home/michele/mltlsat/Benchmarks/random0/P0.5N2L60M100T100-2.mltl,0.0,7821.6,sat
/home/michele/mltlsat/Benchmarks/random0/P0.5N2L60M100T100-3.mltl,0.0,7806.4,unsat
/home/michele/mltlsat/Benchmarks/random0/P0.5N2L60M100T100-4.mltl,0.0,7787.2,sat
/home/michele/mltlsat/Benchmarks/random0/P0.5N2L60M100T100-5.mltl,0.0,9360,sat
/home/michele/mltlsat/Benchmarks/random0/P0.5N2L60M100T100-6.mltl,0.0,9356.8,sat
/home/michele/mltlsat/Benchmarks/random0/P0.5N2L60M100T100-7.mltl,0.0,7784.8,sat
/home/michele/mltlsat/Benchmarks/random0/P0.5N2L60M100T100-8.mltl,0.0,7794.4,unsat
/home/michele/mltlsat/Benchmarks/random0/P0.5N2L60M100T100-9.mltl,0.0,7800.8,sat
/home/michele/mltlsat/Benchmarks/random0/P0.5N2L65M100T100-10.mltl,0.0,7798.4,sat
/home/michele/mltlsat/Benchmarks/random0/P0.5N2L65M100T100-1.mltl,0.0,7768,sat
/home/michele/mltlsat/Benchmarks/random0/P0.5N2L65M100T100-2.mltl,0.0,7835.2,sat
/home/michele/mltlsat/Benchmarks/random0/P0.5N2L65M100T100-3.mltl,0.0,7816.8,sat
/home/michele/mltlsat/Benchmarks/random0/P0.5N2L65M100T100-4.mltl,0.0,7799.2,unsat
/home/michele/mltlsat/Benchmarks/random0/P0.5N2L65M100T100-5.mltl,2.89,21932.8,sat
/home/michele/mltlsat/Benchmarks/random0/P0.5N2L65M100T100-6.mltl,0.0,7796,sat
/home/michele/mltlsat/Benchmarks/random0/P0.5N2L65M100T100-7.mltl,0.0,7800.8,sat
/home/michele/mltlsat/Benchmarks/random0/P0.5N2L65M100T100-8.mltl,0.01,13928,sat
/home/michele/mltlsat/Benchmarks/random0/P0.5N2L65M100T100-9.mltl,0.0,7796,sat
/home/michele/mltlsat/Benchmarks/random0/P0.5N2L70M100T100-10.mltl,0.0,7800,sat
/home/michele/mltlsat/Benchmarks/random0/P0.5N2L70M100T100-1.mltl,0.0,7816.8,sat
/home/michele/mltlsat/Benchmarks/random0/P0.5N2L70M100T100-2.mltl,0.0,7819.2,sat
/home/michele/mltlsat/Benchmarks/random0/P0.5N2L70M100T100-3.mltl,0.0,7792,sat
/home/michele/mltlsat/Benchmarks/random0/P0.5N2L70M100T100-4.mltl,0.0,9355.2,sat
/home/michele/mltlsat/Benchmarks/random0/P0.5N2L70M100T100-5.mltl,0.0,7782.4,sat
/home/michele/mltlsat/Benchmarks/random0/P0.5N2L70M100T100-6.mltl,0.0,7781.6,sat
/home/michele/mltlsat/Benchmarks/random0/P0.5N2L70M100T100-7.mltl,1.13,30224.8,sat
/home/michele/mltlsat/Benchmarks/random0/P0.5N2L70M100T100-8.mltl,0.03,18533.6,sat
/home/michele/mltlsat/Benchmarks/random0/P0.5N2L70M100T100-9.mltl,0.298,40036.8,sat
/home/michele/mltlsat/Benchmarks/random0/P0.5N2L75M100T100-10.mltl,0.01,12400,sat
/home/michele/mltlsat/Benchmarks/random0/P0.5N2L75M100T100-1.mltl,0.0,7812,sat
/home/michele/mltlsat/Benchmarks/random0/P0.5N2L75M100T100-2.mltl,0.0,7780.8,sat
/home/michele/mltlsat/Benchmarks/random0/P0.5N2L75M100T100-3.mltl,-1,-1,TO
/home/michele/mltlsat/Benchmarks/random0/P0.5N2L75M100T100-4.mltl,0.666,16707.2,sat
/home/michele/mltlsat/Benchmarks/random0/P0.5N2L75M100T100-5.mltl,0.01,10875.2,sat
/home/michele/mltlsat/Benchmarks/random0/P0.5N2L75M100T100-6.mltl,0.0,9336.8,sat
/home/michele/mltlsat/Benchmarks/random0/P0.5N2L75M100T100-7.mltl,0.01,10850.4,sat
/home/michele/mltlsat/Benchmarks/random0/P0.5N2L75M100T100-8.mltl,-1,-1,TO
/home/michele/mltlsat/Benchmarks/random0/P0.5N2L75M100T100-9.mltl,-1,-1,TO
/home/michele/mltlsat/Benchmarks/random0/P0.5N2L80M100T100-10.mltl,-1,-1,TO
/home/michele/mltlsat/Benchmarks/random0/P0.5N2L80M100T100-1.mltl,0.0,7793.6,sat
/home/michele/mltlsat/Benchmarks/random0/P0.5N2L80M100T100-2.mltl,-1,-1,TO
/home/michele/mltlsat/Benchmarks/random0/P0.5N2L80M100T100-3.mltl,0.01,12418.4,sat
/home/michele/mltlsat/Benchmarks/random0/P0.5N2L80M100T100-4.mltl,0.0,7763.2,sat
/home/michele/mltlsat/Benchmarks/random0/P0.5N2L80M100T100-5.mltl,0.0,7799.2,sat
/home/michele/mltlsat/Benchmarks/random0/P0.5N2L80M100T100-6.mltl,0.0,7792.8,sat
/home/michele/mltlsat/Benchmarks/random0/P0.5N2L80M100T100-7.mltl,0.0,7782.4,sat
/home/michele/mltlsat/Benchmarks/random0/P0.5N2L80M100T100-8.mltl,0.0,7781.6,sat
/home/michele/mltlsat/Benchmarks/random0/P0.5N2L80M100T100-9.mltl,0.0,7810.4,sat
/home/michele/mltlsat/Benchmarks/random0/P0.5N2L85M100T100-10.mltl,0.0,7785.6,sat
/home/michele/mltlsat/Benchmarks/random0/P0.5N2L85M100T100-1.mltl,0.0,7767.2,sat
/home/michele/mltlsat/Benchmarks/random0/P0.5N2L85M100T100-2.mltl,0.0,7824,sat
/home/michele/mltlsat/Benchmarks/random0/P0.5N2L85M100T100-3.mltl,3.11,20994.4,sat
/home/michele/mltlsat/Benchmarks/random0/P0.5N2L85M100T100-4.mltl,0.0,7803.2,sat
/home/michele/mltlsat/Benchmarks/random0/P0.5N2L85M100T100-5.mltl,0.09,26230.4,sat
/home/michele/mltlsat/Benchmarks/random0/P0.5N2L85M100T100-6.mltl,0.01,9327.2,sat
/home/michele/mltlsat/Benchmarks/random0/P0.5N2L85M100T100-7.mltl,0.04,10873.6,sat
/home/michele/mltlsat/Benchmarks/random0/P0.5N2L85M100T100-8.mltl,0.0,7789.6,sat
/home/michele/mltlsat/Benchmarks/random0/P0.5N2L85M100T100-9.mltl,0.85,276001.6,sat
/home/michele/mltlsat/Benchmarks/random0/P0.5N2L90M100T100-10.mltl,0.08,33900,sat
/home/michele/mltlsat/Benchmarks/random0/P0.5N2L90M100T100-1.mltl,0.0,7806.4,sat
/home/michele/mltlsat/Benchmarks/random0/P0.5N2L90M100T100-2.mltl,0.874,366627.2,sat
/home/michele/mltlsat/Benchmarks/random0/P0.5N2L90M100T100-3.mltl,0.0,9348,sat
/home/michele/mltlsat/Benchmarks/random0/P0.5N2L90M100T100-4.mltl,0.17,9297.6,unsat
/home/michele/mltlsat/Benchmarks/random0/P0.5N2L90M100T100-5.mltl,0.0,7796.8,sat
/home/michele/mltlsat/Benchmarks/random0/P0.5N2L90M100T100-6.mltl,0.0,7788,sat
/home/michele/mltlsat/Benchmarks/random0/P0.5N2L90M100T100-7.mltl,0.0,7788.8,sat
/home/michele/mltlsat/Benchmarks/random0/P0.5N2L90M100T100-8.mltl,0.0,9348.8,sat
/home/michele/mltlsat/Benchmarks/random0/P0.5N2L90M100T100-9.mltl,0.0,7810.4,unsat
/home/michele/mltlsat/Benchmarks/random0/P0.5N2L95M100T100-10.mltl,0.0,7804.8,sat
/home/michele/mltlsat/Benchmarks/random0/P0.5N2L95M100T100-1.mltl,0.0,7801.6,sat
/home/michele/mltlsat/Benchmarks/random0/P0.5N2L95M100T100-2.mltl,0.0,7797.6,sat
/home/michele/mltlsat/Benchmarks/random0/P0.5N2L95M100T100-3.mltl,0.0,9334.4,sat
/home/michele/mltlsat/Benchmarks/random0/P0.5N2L95M100T100-4.mltl,0.0,7796.8,sat
/home/michele/mltlsat/Benchmarks/random0/P0.5N2L95M100T100-5.mltl,0.042,19762.4,sat
/home/michele/mltlsat/Benchmarks/random0/P0.5N2L95M100T100-6.mltl,0.0,9328,sat
/home/michele/mltlsat/Benchmarks/random0/P0.5N2L95M100T100-7.mltl,0.0,9332.8,sat
/home/michele/mltlsat/Benchmarks/random0/P0.5N2L95M100T100-8.mltl,0.0,7788,sat
/home/michele/mltlsat/Benchmarks/random0/P0.5N2L95M100T100-9.mltl,0.01,12395.2,sat
/home/michele/mltlsat/Benchmarks/random0/P0.5N3L100M100T100-10.mltl,0.0,7795.2,sat
/home/michele/mltlsat/Benchmarks/random0/P0.5N3L100M100T100-1.mltl,8.664,324192.8,sat
/home/michele/mltlsat/Benchmarks/random0/P0.5N3L100M100T100-2.mltl,0.0,9320.8,sat
/home/michele/mltlsat/Benchmarks/random0/P0.5N3L100M100T100-3.mltl,0.0,7816.8,sat
/home/michele/mltlsat/Benchmarks/random0/P0.5N3L100M100T100-4.mltl,0.0,7796.8,sat
/home/michele/mltlsat/Benchmarks/random0/P0.5N3L100M100T100-5.mltl,0.0,7781.6,sat
/home/michele/mltlsat/Benchmarks/random0/P0.5N3L100M100T100-6.mltl,0.0,9357.6,sat
/home/michele/mltlsat/Benchmarks/random0/P0.5N3L100M100T100-7.mltl,-1,-1,TO
/home/michele/mltlsat/Benchmarks/random0/P0.5N3L100M100T100-8.mltl,0.02,18534.4,sat
/home/michele/mltlsat/Benchmarks/random0/P0.5N3L100M100T100-9.mltl,0.01,9375.2,unsat
/home/michele/mltlsat/Benchmarks/random0/P0.5N3L10M100T100-10.mltl,0.0,7802.4,sat
/home/michele/mltlsat/Benchmarks/random0/P0.5N3L10M100T100-1.mltl,0.0,7806.4,sat
/home/michele/mltlsat/Benchmarks/random0/P0.5N3L10M100T100-2.mltl,0.0,7783.2,sat
/home/michele/mltlsat/Benchmarks/random0/P0.5N3L10M100T100-3.mltl,0.0,7794.4,sat
/home/michele/mltlsat/Benchmarks/random0/P0.5N3L10M100T100-4.mltl,0.0,7821.6,sat
/home/michele/mltlsat/Benchmarks/random0/P0.5N3L10M100T100-5.mltl,0.0,7812,sat
/home/michele/mltlsat/Benchmarks/random0/P0.5N3L10M100T100-6.mltl,0.0,7792,sat
/home/michele/mltlsat/Benchmarks/random0/P0.5N3L10M100T100-7.mltl,0.0,7796.8,sat
/home/michele/mltlsat/Benchmarks/random0/P0.5N3L10M100T100-8.mltl,0.0,7828.8,sat
/home/michele/mltlsat/Benchmarks/random0/P0.5N3L10M100T100-9.mltl,0.0,7493.6,sat
/home/michele/mltlsat/Benchmarks/random0/P0.5N3L15M100T100-10.mltl,0.0,7776,sat
/home/michele/mltlsat/Benchmarks/random0/P0.5N3L15M100T100-1.mltl,0.0,7820.8,sat
/home/michele/mltlsat/Benchmarks/random0/P0.5N3L15M100T100-2.mltl,0.0,7787.2,sat
/home/michele/mltlsat/Benchmarks/random0/P0.5N3L15M100T100-3.mltl,0.0,7805.6,sat
/home/michele/mltlsat/Benchmarks/random0/P0.5N3L15M100T100-4.mltl,0.0,7776,sat
/home/michele/mltlsat/Benchmarks/random0/P0.5N3L15M100T100-5.mltl,0.0,7827.2,sat
/home/michele/mltlsat/Benchmarks/random0/P0.5N3L15M100T100-6.mltl,0.0,7780,sat
/home/michele/mltlsat/Benchmarks/random0/P0.5N3L15M100T100-7.mltl,0.0,7803.2,sat
/home/michele/mltlsat/Benchmarks/random0/P0.5N3L15M100T100-8.mltl,0.0,7825.6,sat
/home/michele/mltlsat/Benchmarks/random0/P0.5N3L15M100T100-9.mltl,0.0,7791.2,sat
/home/michele/mltlsat/Benchmarks/random0/P0.5N3L20M100T100-10.mltl,0.0,7789.6,sat
/home/michele/mltlsat/Benchmarks/random0/P0.5N3L20M100T100-1.mltl,0.0,7809.6,sat
/home/michele/mltlsat/Benchmarks/random0/P0.5N3L20M100T100-2.mltl,0.0,7811.2,sat
/home/michele/mltlsat/Benchmarks/random0/P0.5N3L20M100T100-3.mltl,0.0,7784,sat
/home/michele/mltlsat/Benchmarks/random0/P0.5N3L20M100T100-4.mltl,0.0,7802.4,sat
/home/michele/mltlsat/Benchmarks/random0/P0.5N3L20M100T100-5.mltl,0.0,7776,sat
/home/michele/mltlsat/Benchmarks/random0/P0.5N3L20M100T100-6.mltl,0.0,7816.8,sat
/home/michele/mltlsat/Benchmarks/random0/P0.5N3L20M100T100-7.mltl,0.0,7805.6,sat
/home/michele/mltlsat/Benchmarks/random0/P0.5N3L20M100T100-8.mltl,0.0,7795.2,sat
/home/michele/mltlsat/Benchmarks/random0/P0.5N3L20M100T100-9.mltl,0.0,7781.6,sat
/home/michele/mltlsat/Benchmarks/random0/P0.5N3L25M100T100-10.mltl,0.0,7796.8,sat
/home/michele/mltlsat/Benchmarks/random0/P0.5N3L25M100T100-1.mltl,0.0,7811.2,sat
/home/michele/mltlsat/Benchmarks/random0/P0.5N3L25M100T100-2.mltl,0.338,10861.6,sat
/home/michele/mltlsat/Benchmarks/random0/P0.5N3L25M100T100-3.mltl,0.0,7790.4,sat
/home/michele/mltlsat/Benchmarks/random0/P0.5N3L25M100T100-4.mltl,0.0,7818.4,sat
/home/michele/mltlsat/Benchmarks/random0/P0.5N3L25M100T100-5.mltl,0.0,7504,unsat
/home/michele/mltlsat/Benchmarks/random0/P0.5N3L25M100T100-6.mltl,0.0,7798.4,sat
/home/michele/mltlsat/Benchmarks/random0/P0.5N3L25M100T100-7.mltl,0.0,7814.4,sat
/home/michele/mltlsat/Benchmarks/random0/P0.5N3L25M100T100-8.mltl,0.0,7788.8,unsat
/home/michele/mltlsat/Benchmarks/random0/P0.5N3L25M100T100-9.mltl,0.0,7792.8,sat
/home/michele/mltlsat/Benchmarks/random0/P0.5N3L30M100T100-10.mltl,0.0,7799.2,sat
/home/michele/mltlsat/Benchmarks/random0/P0.5N3L30M100T100-1.mltl,0.0,7803.2,sat
/home/michele/mltlsat/Benchmarks/random0/P0.5N3L30M100T100-2.mltl,0.0,7796.8,sat
/home/michele/mltlsat/Benchmarks/random0/P0.5N3L30M100T100-3.mltl,0.0,7762.4,unsat
/home/michele/mltlsat/Benchmarks/random0/P0.5N3L30M100T100-4.mltl,0.0,7777.6,sat
/home/michele/mltlsat/Benchmarks/random0/P0.5N3L30M100T100-5.mltl,0.0,7772.8,unsat
/home/michele/mltlsat/Benchmarks/random0/P0.5N3L30M100T100-6.mltl,0.0,7796,sat
/home/michele/mltlsat/Benchmarks/random0/P0.5N3L30M100T100-7.mltl,0.0,7781.6,unsat
/home/michele/mltlsat/Benchmarks/random0/P0.5N3L30M100T100-8.mltl,0.0,7782.4,sat
/home/michele/mltlsat/Benchmarks/random0/P0.5N3L30M100T100-9.mltl,0.0,7796.8,sat
/home/michele/mltlsat/Benchmarks/random0/P0.5N3L35M100T100-10.mltl,0.454,15460.8,sat
/home/michele/mltlsat/Benchmarks/random0/P0.5N3L35M100T100-1.mltl,0.0,7796.8,sat
/home/michele/mltlsat/Benchmarks/random0/P0.5N3L35M100T100-2.mltl,0.0,7785.6,sat
/home/michele/mltlsat/Benchmarks/random0/P0.5N3L35M100T100-3.mltl,0.0,7829.6,sat
/home/michele/mltlsat/Benchmarks/random0/P0.5N3L35M100T100-4.mltl,0.0,7816,sat
/home/michele/mltlsat/Benchmarks/random0/P0.5N3L35M100T100-5.mltl,-1,-1,TO
/home/michele/mltlsat/Benchmarks/random0/P0.5N3L35M100T100-6.mltl,0.0,7808.8,sat
/home/michele/mltlsat/Benchmarks/random0/P0.5N3L35M100T100-7.mltl,0.0,7776.8,sat
/home/michele/mltlsat/Benchmarks/random0/P0.5N3L35M100T100-8.mltl,0.02,9335.2,sat
/home/michele/mltlsat/Benchmarks/random0/P0.5N3L35M100T100-9.mltl,0.0,7791.2,sat
/home/michele/mltlsat/Benchmarks/random0/P0.5N3L40M100T100-10.mltl,-1,-1,TO
/home/michele/mltlsat/Benchmarks/random0/P0.5N3L40M100T100-1.mltl,0.0,7773.6,sat
/home/michele/mltlsat/Benchmarks/random0/P0.5N3L40M100T100-2.mltl,0.0,7803.2,sat
/home/michele/mltlsat/Benchmarks/random0/P0.5N3L40M100T100-3.mltl,0.0,7805.6,sat
/home/michele/mltlsat/Benchmarks/random0/P0.5N3L40M100T100-4.mltl,0.0,7796,sat
/home/michele/mltlsat/Benchmarks/random0/P0.5N3L40M100T100-5.mltl,0.0,7806.4,unsat
/home/michele/mltlsat/Benchmarks/random0/P0.5N3L40M100T100-6.mltl,0.0,7797.6,sat
/home/michele/mltlsat/Benchmarks/random0/P0.5N3L40M100T100-7.mltl,0.0,7816,sat
/home/michele/mltlsat/Benchmarks/random0/P0.5N3L40M100T100-8.mltl,0.0,7797.6,sat
/home/michele/mltlsat/Benchmarks/random0/P0.5N3L40M100T100-9.mltl,0.09,15480.8,sat
/home/michele/mltlsat/Benchmarks/random0/P0.5N3L45M100T100-10.mltl,0.0,9325.6,sat
/home/michele/mltlsat/Benchmarks/random0/P0.5N3L45M100T100-1.mltl,0.0,7794.4,sat
/home/michele/mltlsat/Benchmarks/random0/P0.5N3L45M100T100-2.mltl,0.0,9300,sat
/home/michele/mltlsat/Benchmarks/random0/P0.5N3L45M100T100-3.mltl,0.0,7808.8,sat
/home/michele/mltlsat/Benchmarks/random0/P0.5N3L45M100T100-4.mltl,0.41,10871.2,sat
/home/michele/mltlsat/Benchmarks/random0/P0.5N3L45M100T100-5.mltl,0.0,7813.6,sat
/home/michele/mltlsat/Benchmarks/random0/P0.5N3L45M100T100-6.mltl,0.0,7809.6,unsat
/home/michele/mltlsat/Benchmarks/random0/P0.5N3L45M100T100-7.mltl,0.0,7792,sat
/home/michele/mltlsat/Benchmarks/random0/P0.5N3L45M100T100-8.mltl,0.0,7772,sat
/home/michele/mltlsat/Benchmarks/random0/P0.5N3L45M100T100-9.mltl,0.0,7784,sat
/home/michele/mltlsat/Benchmarks/random0/P0.5N3L50M100T100-10.mltl,0.0,7782.4,sat
/home/michele/mltlsat/Benchmarks/random0/P0.5N3L50M100T100-1.mltl,0.0,7784.8,sat
/home/michele/mltlsat/Benchmarks/random0/P0.5N3L50M100T100-2.mltl,0.03,21637.6,sat
/home/michele/mltlsat/Benchmarks/random0/P0.5N3L50M100T100-3.mltl,0.0,7787.2,sat
/home/michele/mltlsat/Benchmarks/random0/P0.5N3L50M100T100-4.mltl,0.0,7789.6,sat
/home/michele/mltlsat/Benchmarks/random0/P0.5N3L50M100T100-5.mltl,0.02,10878.4,sat
/home/michele/mltlsat/Benchmarks/random0/P0.5N3L50M100T100-6.mltl,0.01,13944.8,sat
/home/michele/mltlsat/Benchmarks/random0/P0.5N3L50M100T100-7.mltl,0.01,13964,sat
/home/michele/mltlsat/Benchmarks/random0/P0.5N3L50M100T100-8.mltl,0.08,28989.6,sat
/home/michele/mltlsat/Benchmarks/random0/P0.5N3L50M100T100-9.mltl,0.01,9369.6,sat
/home/michele/mltlsat/Benchmarks/random0/P0.5N3L55M100T100-10.mltl,0.0,7799.2,sat
/home/michele/mltlsat/Benchmarks/random0/P0.5N3L55M100T100-1.mltl,3.534,18571.2,sat
/home/michele/mltlsat/Benchmarks/random0/P0.5N3L55M100T100-2.mltl,0.014,13926.4,sat
/home/michele/mltlsat/Benchmarks/random0/P0.5N3L55M100T100-3.mltl,0.0,7813.6,sat
/home/michele/mltlsat/Benchmarks/random0/P0.5N3L55M100T100-4.mltl,0.02,9320.8,sat
/home/michele/mltlsat/Benchmarks/random0/P0.5N3L55M100T100-5.mltl,0.01,13632,sat
/home/michele/mltlsat/Benchmarks/random0/P0.5N3L55M100T100-6.mltl,0.0,7824,sat
/home/michele/mltlsat/Benchmarks/random0/P0.5N3L55M100T100-7.mltl,0.0,7804,sat
/home/michele/mltlsat/Benchmarks/random0/P0.5N3L55M100T100-8.mltl,0.0,7806.4,sat
/home/michele/mltlsat/Benchmarks/random0/P0.5N3L55M100T100-9.mltl,0.0,7808.8,sat
/home/michele/mltlsat/Benchmarks/random0/P0.5N3L5M100T100-10.mltl,0.0,7781.6,sat
/home/michele/mltlsat/Benchmarks/random0/P0.5N3L5M100T100-1.mltl,0.0,7812,unsat
/home/michele/mltlsat/Benchmarks/random0/P0.5N3L5M100T100-2.mltl,0.0,7807.2,sat
/home/michele/mltlsat/Benchmarks/random0/P0.5N3L5M100T100-3.mltl,0.0,7795.2,sat
/home/michele/mltlsat/Benchmarks/random0/P0.5N3L5M100T100-4.mltl,0.0,7788.8,sat
/home/michele/mltlsat/Benchmarks/random0/P0.5N3L5M100T100-5.mltl,0.0,7815.2,sat
/home/michele/mltlsat/Benchmarks/random0/P0.5N3L5M100T100-6.mltl,0.0,7796,sat
/home/michele/mltlsat/Benchmarks/random0/P0.5N3L5M100T100-7.mltl,0.0,7795.2,sat
/home/michele/mltlsat/Benchmarks/random0/P0.5N3L5M100T100-8.mltl,0.0,7807.2,sat
/home/michele/mltlsat/Benchmarks/random0/P0.5N3L5M100T100-9.mltl,0.0,7801.6,sat
/home/michele/mltlsat/Benchmarks/random0/P0.5N3L60M100T100-10.mltl,0.0,7800.8,sat
/home/michele/mltlsat/Benchmarks/random0/P0.5N3L60M100T100-1.mltl,0.0,7771.2,sat
/home/michele/mltlsat/Benchmarks/random0/P0.5N3L60M100T100-2.mltl,0.0,7794.4,sat
/home/michele/mltlsat/Benchmarks/random0/P0.5N3L60M100T100-3.mltl,0.77,405303.2,sat
/home/michele/mltlsat/Benchmarks/random0/P0.5N3L60M100T100-4.mltl,0.0,7804.8,sat
/home/michele/mltlsat/Benchmarks/random0/P0.5N3L60M100T100-5.mltl,0.0,9353.6,sat
/home/michele/mltlsat/Benchmarks/random0/P0.5N3L60M100T100-6.mltl,0.0,9326.4,sat
/home/michele/mltlsat/Benchmarks/random0/P0.5N3L60M100T100-7.mltl,0.0,7828,sat
/home/michele/mltlsat/Benchmarks/random0/P0.5N3L60M100T100-8.mltl,0.0,7796.8,sat
/home/michele/mltlsat/Benchmarks/random0/P0.5N3L60M100T100-9.mltl,0.01,12385.6,sat
/home/michele/mltlsat/Benchmarks/random0/P0.5N3L65M100T100-10.mltl,0.02,15461.6,sat
/home/michele/mltlsat/Benchmarks/random0/P0.5N3L65M100T100-1.mltl,0.0,7779.2,sat
/home/michele/mltlsat/Benchmarks/random0/P0.5N3L65M100T100-2.mltl,0.0,7782.4,sat
/home/michele/mltlsat/Benchmarks/random0/P0.5N3L65M100T100-3.mltl,0.17,26218.4,sat
/home/michele/mltlsat/Benchmarks/random0/P0.5N3L65M100T100-4.mltl,0.0,7799.2,sat
/home/michele/mltlsat/Benchmarks/random0/P0.5N3L65M100T100-5.mltl,0.0,7848,sat
/home/michele/mltlsat/Benchmarks/random0/P0.5N3L65M100T100-6.mltl,0.0,7788,sat
/home/michele/mltlsat/Benchmarks/random0/P0.5N3L65M100T100-7.mltl,0.0,10862.4,sat
/home/michele/mltlsat/Benchmarks/random0/P0.5N3L65M100T100-8.mltl,0.0,7480,sat
/home/michele/mltlsat/Benchmarks/random0/P0.5N3L65M100T100-9.mltl,0.01,9315.2,sat
/home/michele/mltlsat/Benchmarks/random0/P0.5N3L70M100T100-10.mltl,0.16,35447.2,sat
/home/michele/mltlsat/Benchmarks/random0/P0.5N3L70M100T100-1.mltl,0.0,7824,sat
/home/michele/mltlsat/Benchmarks/random0/P0.5N3L70M100T100-2.mltl,0.0,7824,sat
/home/michele/mltlsat/Benchmarks/random0/P0.5N3L70M100T100-3.mltl,0.01,12389.6,sat
/home/michele/mltlsat/Benchmarks/random0/P0.5N3L70M100T100-4.mltl,0.0,7794.4,sat
/home/michele/mltlsat/Benchmarks/random0/P0.5N3L70M100T100-5.mltl,0.0,7784.8,sat
/home/michele/mltlsat/Benchmarks/random0/P0.5N3L70M100T100-6.mltl,0.0,7775.2,sat
/home/michele/mltlsat/Benchmarks/random0/P0.5N3L70M100T100-7.mltl,-1,-1,OOM
/home/michele/mltlsat/Benchmarks/random0/P0.5N3L70M100T100-8.mltl,0.0,7787.2,sat
/home/michele/mltlsat/Benchmarks/random0/P0.5N3L70M100T100-9.mltl,0.0,7801.6,sat
/home/michele/mltlsat/Benchmarks/random0/P0.5N3L75M100T100-10.mltl,-1,-1,TO
/home/michele/mltlsat/Benchmarks/random0/P0.5N3L75M100T100-1.mltl,0.036,21631.2,sat
/home/michele/mltlsat/Benchmarks/random0/P0.5N3L75M100T100-2.mltl,0.0,7788.8,sat
/home/michele/mltlsat/Benchmarks/random0/P0.5N3L75M100T100-3.mltl,0.08,32344,sat
/home/michele/mltlsat/Benchmarks/random0/P0.5N3L75M100T100-4.mltl,0.0,7801.6,sat
/home/michele/mltlsat/Benchmarks/random0/P0.5N3L75M100T100-5.mltl,0.0,7808,sat
/home/michele/mltlsat/Benchmarks/random0/P0.5N3L75M100T100-6.mltl,0.0,7808,sat
/home/michele/mltlsat/Benchmarks/random0/P0.5N3L75M100T100-7.mltl,0.0,7792,sat
/home/michele/mltlsat/Benchmarks/random0/P0.5N3L75M100T100-8.mltl,0.0,7785.6,sat
/home/michele/mltlsat/Benchmarks/random0/P0.5N3L75M100T100-9.mltl,0.0,7812.8,unsat
/home/michele/mltlsat/Benchmarks/random0/P0.5N3L80M100T100-10.mltl,0.0,7798.4,sat
/home/michele/mltlsat/Benchmarks/random0/P0.5N3L80M100T100-1.mltl,0.0,7810.4,sat
/home/michele/mltlsat/Benchmarks/random0/P0.5N3L80M100T100-2.mltl,0.0,9318.4,sat
/home/michele/mltlsat/Benchmarks/random0/P0.5N3L80M100T100-3.mltl,0.34,38211.2,sat
/home/michele/mltlsat/Benchmarks/random0/P0.5N3L80M100T100-4.mltl,0.0,7797.6,unsat
/home/michele/mltlsat/Benchmarks/random0/P0.5N3L80M100T100-5.mltl,0.0,9345.6,sat
/home/michele/mltlsat/Benchmarks/random0/P0.5N3L80M100T100-6.mltl,0.678,15469.6,unsat
/home/michele/mltlsat/Benchmarks/random0/P0.5N3L80M100T100-7.mltl,0.06,12419.2,sat
/home/michele/mltlsat/Benchmarks/random0/P0.5N3L80M100T100-8.mltl,-1,-1,TO
/home/michele/mltlsat/Benchmarks/random0/P0.5N3L80M100T100-9.mltl,0.0,7785.6,sat
/home/michele/mltlsat/Benchmarks/random0/P0.5N3L85M100T100-10.mltl,0.0,7785.6,sat
/home/michele/mltlsat/Benchmarks/random0/P0.5N3L85M100T100-1.mltl,0.01,13951.2,sat
/home/michele/mltlsat/Benchmarks/random0/P0.5N3L85M100T100-2.mltl,0.0,7790.4,sat
/home/michele/mltlsat/Benchmarks/random0/P0.5N3L85M100T100-3.mltl,0.006,10865.6,sat
/home/michele/mltlsat/Benchmarks/random0/P0.5N3L85M100T100-4.mltl,0.0,7828,unsat
/home/michele/mltlsat/Benchmarks/random0/P0.5N3L85M100T100-5.mltl,0.0,7786.4,sat
/home/michele/mltlsat/Benchmarks/random0/P0.5N3L85M100T100-6.mltl,0.0,7791.2,unsat
/home/michele/mltlsat/Benchmarks/random0/P0.5N3L85M100T100-7.mltl,0.01,10871.2,sat
/home/michele/mltlsat/Benchmarks/random0/P0.5N3L85M100T100-8.mltl,0.0,7784,sat
/home/michele/mltlsat/Benchmarks/random0/P0.5N3L85M100T100-9.mltl,0.0,7798.4,sat
/home/michele/mltlsat/Benchmarks/random0/P0.5N3L90M100T100-10.mltl,0.292,13980.8,sat
/home/michele/mltlsat/Benchmarks/random0/P0.5N3L90M100T100-1.mltl,0.0,7788,sat
/home/michele/mltlsat/Benchmarks/random0/P0.5N3L90M100T100-2.mltl,0.0,7795.2,sat
/home/michele/mltlsat/Benchmarks/random0/P0.5N3L90M100T100-3.mltl,0.0,7787.2,sat
/home/michele/mltlsat/Benchmarks/random0/P0.5N3L90M100T100-4.mltl,0.02,15466.4,sat
/home/michele/mltlsat/Benchmarks/random0/P0.5N3L90M100T100-5.mltl,0.0,7791.2,sat
/home/michele/mltlsat/Benchmarks/random0/P0.5N3L90M100T100-6.mltl,0.0,9338.4,sat
/home/michele/mltlsat/Benchmarks/random0/P0.5N3L90M100T100-7.mltl,0.0,7808.8,sat
/home/michele/mltlsat/Benchmarks/random0/P0.5N3L90M100T100-8.mltl,0.0,7809.6,sat
/home/michele/mltlsat/Benchmarks/random0/P0.5N3L90M100T100-9.mltl,0.02,16995.2,sat
/home/michele/mltlsat/Benchmarks/random0/P0.5N3L95M100T100-10.mltl,0.0,7802.4,sat
/home/michele/mltlsat/Benchmarks/random0/P0.5N3L95M100T100-1.mltl,0.01,13935.2,sat
/home/michele/mltlsat/Benchmarks/random0/P0.5N3L95M100T100-2.mltl,0.0,7806.4,sat
/home/michele/mltlsat/Benchmarks/random0/P0.5N3L95M100T100-3.mltl,0.062,13940.8,sat
/home/michele/mltlsat/Benchmarks/random0/P0.5N3L95M100T100-4.mltl,-1,-1,TO
/home/michele/mltlsat/Benchmarks/random0/P0.5N3L95M100T100-5.mltl,-1,-1,TO
/home/michele/mltlsat/Benchmarks/random0/P0.5N3L95M100T100-6.mltl,0.02,15476,sat
/home/michele/mltlsat/Benchmarks/random0/P0.5N3L95M100T100-7.mltl,0.048,15466.4,sat
/home/michele/mltlsat/Benchmarks/random0/P0.5N3L95M100T100-8.mltl,0.0,7820,sat
/home/michele/mltlsat/Benchmarks/random0/P0.5N3L95M100T100-9.mltl,0.0,7799.2,sat
/home/michele/mltlsat/Benchmarks/random0/P0.5N4L100M100T100-10.mltl,0.11,43138.4,sat
/home/michele/mltlsat/Benchmarks/random0/P0.5N4L100M100T100-1.mltl,0.002,9335.2,sat
/home/michele/mltlsat/Benchmarks/random0/P0.5N4L100M100T100-2.mltl,0.168,15476,sat
/home/michele/mltlsat/Benchmarks/random0/P0.5N4L100M100T100-3.mltl,0.0,7800.8,sat
/home/michele/mltlsat/Benchmarks/random0/P0.5N4L100M100T100-4.mltl,0.0,7798.4,sat
/home/michele/mltlsat/Benchmarks/random0/P0.5N4L100M100T100-5.mltl,0.0,7814.4,sat
/home/michele/mltlsat/Benchmarks/random0/P0.5N4L100M100T100-6.mltl,0.02,15462.4,sat
/home/michele/mltlsat/Benchmarks/random0/P0.5N4L100M100T100-7.mltl,0.0,7810.4,sat
/home/michele/mltlsat/Benchmarks/random0/P0.5N4L100M100T100-8.mltl,0.01,12410.4,sat
/home/michele/mltlsat/Benchmarks/random0/P0.5N4L100M100T100-9.mltl,0.02,15480,sat
/home/michele/mltlsat/Benchmarks/random0/P0.5N4L10M100T100-10.mltl,0.0,7798.4,sat
/home/michele/mltlsat/Benchmarks/random0/P0.5N4L10M100T100-1.mltl,0.0,7780,sat
/home/michele/mltlsat/Benchmarks/random0/P0.5N4L10M100T100-2.mltl,0.0,7792,sat
/home/michele/mltlsat/Benchmarks/random0/P0.5N4L10M100T100-3.mltl,0.0,7809.6,sat
/home/michele/mltlsat/Benchmarks/random0/P0.5N4L10M100T100-4.mltl,0.0,7789.6,sat
/home/michele/mltlsat/Benchmarks/random0/P0.5N4L10M100T100-5.mltl,0.0,7837.6,sat
/home/michele/mltlsat/Benchmarks/random0/P0.5N4L10M100T100-6.mltl,0.0,7797.6,sat
/home/michele/mltlsat/Benchmarks/random0/P0.5N4L10M100T100-7.mltl,0.0,7828.8,sat
/home/michele/mltlsat/Benchmarks/random0/P0.5N4L10M100T100-8.mltl,0.0,7808,sat
/home/michele/mltlsat/Benchmarks/random0/P0.5N4L10M100T100-9.mltl,0.0,7784.8,sat
/home/michele/mltlsat/Benchmarks/random0/P0.5N4L15M100T100-10.mltl,0.0,7790.4,sat
/home/michele/mltlsat/Benchmarks/random0/P0.5N4L15M100T100-1.mltl,0.0,7794.4,sat
/home/michele/mltlsat/Benchmarks/random0/P0.5N4L15M100T100-2.mltl,0.0,7793.6,sat
/home/michele/mltlsat/Benchmarks/random0/P0.5N4L15M100T100-3.mltl,0.0,7812.8,sat
/home/michele/mltlsat/Benchmarks/random0/P0.5N4L15M100T100-4.mltl,0.0,7829.6,sat
/home/michele/mltlsat/Benchmarks/random0/P0.5N4L15M100T100-5.mltl,0.0,7806.4,sat
/home/michele/mltlsat/Benchmarks/random0/P0.5N4L15M100T100-6.mltl,0.0,7790.4,sat
/home/michele/mltlsat/Benchmarks/random0/P0.5N4L15M100T100-7.mltl,0.0,7807.2,sat
/home/michele/mltlsat/Benchmarks/random0/P0.5N4L15M100T100-8.mltl,0.0,7796.8,sat
/home/michele/mltlsat/Benchmarks/random0/P0.5N4L15M100T100-9.mltl,0.0,7792.8,sat
/home/michele/mltlsat/Benchmarks/random0/P0.5N4L20M100T100-10.mltl,0.0,7791.2,sat
/home/michele/mltlsat/Benchmarks/random0/P0.5N4L20M100T100-1.mltl,-1,-1,TO
/home/michele/mltlsat/Benchmarks/random0/P0.5N4L20M100T100-2.mltl,0.0,7808,sat
/home/michele/mltlsat/Benchmarks/random0/P0.5N4L20M100T100-3.mltl,0.0,7805.6,sat
/home/michele/mltlsat/Benchmarks/random0/P0.5N4L20M100T100-4.mltl,0.0,7819.2,sat
/home/michele/mltlsat/Benchmarks/random0/P0.5N4L20M100T100-5.mltl,0.0,9355.2,sat
/home/michele/mltlsat/Benchmarks/random0/P0.5N4L20M100T100-6.mltl,0.0,7794.4,sat
/home/michele/mltlsat/Benchmarks/random0/P0.5N4L20M100T100-7.mltl,0.0,7813.6,sat
/home/michele/mltlsat/Benchmarks/random0/P0.5N4L20M100T100-8.mltl,0.0,7792,sat
/home/michele/mltlsat/Benchmarks/random0/P0.5N4L20M100T100-9.mltl,0.0,7800.8,sat
/home/michele/mltlsat/Benchmarks/random0/P0.5N4L25M100T100-10.mltl,0.0,7791.2,sat
/home/michele/mltlsat/Benchmarks/random0/P0.5N4L25M100T100-1.mltl,0.0,7790.4,sat
/home/michele/mltlsat/Benchmarks/random0/P0.5N4L25M100T100-2.mltl,0.0,7782.4,sat
/home/michele/mltlsat/Benchmarks/random0/P0.5N4L25M100T100-3.mltl,0.0,7804,sat
/home/michele/mltlsat/Benchmarks/random0/P0.5N4L25M100T100-4.mltl,0.0,7803.2,sat
/home/michele/mltlsat/Benchmarks/random0/P0.5N4L25M100T100-5.mltl,0.01,12430.4,sat
/home/michele/mltlsat/Benchmarks/random0/P0.5N4L25M100T100-6.mltl,0.0,7787.2,sat
/home/michele/mltlsat/Benchmarks/random0/P0.5N4L25M100T100-7.mltl,0.0,7776.8,sat
/home/michele/mltlsat/Benchmarks/random0/P0.5N4L25M100T100-8.mltl,0.0,7801.6,sat
/home/michele/mltlsat/Benchmarks/random0/P0.5N4L25M100T100-9.mltl,0.0,7814.4,sat
/home/michele/mltlsat/Benchmarks/random0/P0.5N4L30M100T100-10.mltl,0.0,9334.4,sat
/home/michele/mltlsat/Benchmarks/random0/P0.5N4L30M100T100-1.mltl,0.0,7836,sat
/home/michele/mltlsat/Benchmarks/random0/P0.5N4L30M100T100-2.mltl,0.0,7783.2,sat
/home/michele/mltlsat/Benchmarks/random0/P0.5N4L30M100T100-3.mltl,0.0,7796,sat
/home/michele/mltlsat/Benchmarks/random0/P0.5N4L30M100T100-4.mltl,0.0,7795.2,sat
/home/michele/mltlsat/Benchmarks/random0/P0.5N4L30M100T100-5.mltl,0.0,7768,sat
/home/michele/mltlsat/Benchmarks/random0/P0.5N4L30M100T100-6.mltl,0.0,7788,sat
/home/michele/mltlsat/Benchmarks/random0/P0.5N4L30M100T100-7.mltl,0.0,7800.8,sat
/home/michele/mltlsat/Benchmarks/random0/P0.5N4L30M100T100-8.mltl,0.0,7767.2,sat
/home/michele/mltlsat/Benchmarks/random0/P0.5N4L30M100T100-9.mltl,0.0,7779.2,sat
/home/michele/mltlsat/Benchmarks/random0/P0.5N4L35M100T100-10.mltl,0.01,12410.4,sat
/home/michele/mltlsat/Benchmarks/random0/P0.5N4L35M100T100-1.mltl,0.0,7792,unsat
/home/michele/mltlsat/Benchmarks/random0/P0.5N4L35M100T100-2.mltl,0.0,9342.4,sat
/home/michele/mltlsat/Benchmarks/random0/P0.5N4L35M100T100-3.mltl,0.0,7792.8,sat
/home/michele/mltlsat/Benchmarks/random0/P0.5N4L35M100T100-4.mltl,0.002,9326.4,sat
/home/michele/mltlsat/Benchmarks/random0/P0.5N4L35M100T100-5.mltl,0.03,10861.6,sat
/home/michele/mltlsat/Benchmarks/random0/P0.5N4L35M100T100-6.mltl,0.0,7803.2,sat
/home/michele/mltlsat/Benchmarks/random0/P0.5N4L35M100T100-7.mltl,0.0,9314.4,sat
/home/michele/mltlsat/Benchmarks/random0/P0.5N4L35M100T100-8.mltl,0.0,7776,sat
/home/michele/mltlsat/Benchmarks/random0/P0.5N4L35M100T100-9.mltl,0.03,18533.6,sat
/home/michele/mltlsat/Benchmarks/random0/P0.5N4L40M100T100-10.mltl,0.0,9331.2,sat
/home/michele/mltlsat/Benchmarks/random0/P0.5N4L40M100T100-1.mltl,0.0,7802.4,sat
/home/michele/mltlsat/Benchmarks/random0/P0.5N4L40M100T100-2.mltl,0.0,7806.4,sat
/home/michele/mltlsat/Benchmarks/random0/P0.5N4L40M100T100-3.mltl,0.0,7791.2,sat
/home/michele/mltlsat/Benchmarks/random0/P0.5N4L40M100T100-4.mltl,0.0,7796,sat
/home/michele/mltlsat/Benchmarks/random0/P0.5N4L40M100T100-5.mltl,0.0,7776.8,sat
/home/michele/mltlsat/Benchmarks/random0/P0.5N4L40M100T100-6.mltl,0.0,9356,sat
/home/michele/mltlsat/Benchmarks/random0/P0.5N4L40M100T100-7.mltl,0.0,7824.8,sat
/home/michele/mltlsat/Benchmarks/random0/P0.5N4L40M100T100-8.mltl,0.0,7805.6,sat
/home/michele/mltlsat/Benchmarks/random0/P0.5N4L40M100T100-9.mltl,0.0,9332.8,sat
/home/michele/mltlsat/Benchmarks/random0/P0.5N4L45M100T100-10.mltl,0.0,7804,sat
/home/michele/mltlsat/Benchmarks/random0/P0.5N4L45M100T100-1.mltl,0.03,20076,sat
/home/michele/mltlsat/Benchmarks/random0/P0.5N4L45M100T100-2.mltl,0.0,7784.8,sat
/home/michele/mltlsat/Benchmarks/random0/P0.5N4L45M100T100-3.mltl,0.04,24692,sat
/home/michele/mltlsat/Benchmarks/random0/P0.5N4L45M100T100-4.mltl,0.01,10879.2,sat
/home/michele/mltlsat/Benchmarks/random0/P0.5N4L45M100T100-5.mltl,0.06,13932.8,sat
/home/michele/mltlsat/Benchmarks/random0/P0.5N4L45M100T100-6.mltl,0.0,7793.6,sat
/home/michele/mltlsat/Benchmarks/random0/P0.5N4L45M100T100-7.mltl,0.0,7796.8,sat
/home/michele/mltlsat/Benchmarks/random0/P0.5N4L45M100T100-8.mltl,0.0,7820.8,sat
/home/michele/mltlsat/Benchmarks/random0/P0.5N4L45M100T100-9.mltl,0.0,7791.2,sat
/home/michele/mltlsat/Benchmarks/random0/P0.5N4L50M100T100-10.mltl,0.0,7779.2,sat
/home/michele/mltlsat/Benchmarks/random0/P0.5N4L50M100T100-1.mltl,0.0,7800,sat
/home/michele/mltlsat/Benchmarks/random0/P0.5N4L50M100T100-2.mltl,0.0,7820.8,sat
/home/michele/mltlsat/Benchmarks/random0/P0.5N4L50M100T100-3.mltl,0.0,7804,sat
/home/michele/mltlsat/Benchmarks/random0/P0.5N4L50M100T100-4.mltl,0.0,7786.4,sat
/home/michele/mltlsat/Benchmarks/random0/P0.5N4L50M100T100-5.mltl,0.0,7784.8,sat
/home/michele/mltlsat/Benchmarks/random0/P0.5N4L50M100T100-6.mltl,0.0,7802.4,sat
/home/michele/mltlsat/Benchmarks/random0/P0.5N4L50M100T100-7.mltl,0.0,7807.2,sat
/home/michele/mltlsat/Benchmarks/random0/P0.5N4L50M100T100-8.mltl,-1,-1,TO
/home/michele/mltlsat/Benchmarks/random0/P0.5N4L50M100T100-9.mltl,0.0,7784,sat
/home/michele/mltlsat/Benchmarks/random0/P0.5N4L55M100T100-10.mltl,0.0,7814.4,sat
/home/michele/mltlsat/Benchmarks/random0/P0.5N4L55M100T100-1.mltl,0.91,10877.6,sat
/home/michele/mltlsat/Benchmarks/random0/P0.5N4L55M100T100-2.mltl,0.0,7811.2,sat
/home/michele/mltlsat/Benchmarks/random0/P0.5N4L55M100T100-3.mltl,0.01,12407.2,sat
/home/michele/mltlsat/Benchmarks/random0/P0.5N4L55M100T100-4.mltl,0.0,7797.6,sat
/home/michele/mltlsat/Benchmarks/random0/P0.5N4L55M100T100-5.mltl,0.07400000000000001,35444,sat
/home/michele/mltlsat/Benchmarks/random0/P0.5N4L55M100T100-6.mltl,0.0,7793.6,sat
/home/michele/mltlsat/Benchmarks/random0/P0.5N4L55M100T100-7.mltl,0.01,10849.6,sat
/home/michele/mltlsat/Benchmarks/random0/P0.5N4L55M100T100-8.mltl,0.0,9328,sat
/home/michele/mltlsat/Benchmarks/random0/P0.5N4L55M100T100-9.mltl,0.0,7785.6,sat
/home/michele/mltlsat/Benchmarks/random0/P0.5N4L5M100T100-10.mltl,0.0,7798.4,sat
/home/michele/mltlsat/Benchmarks/random0/P0.5N4L5M100T100-1.mltl,0.0,7798.4,sat
/home/michele/mltlsat/Benchmarks/random0/P0.5N4L5M100T100-2.mltl,0.0,7802.4,sat
/home/michele/mltlsat/Benchmarks/random0/P0.5N4L5M100T100-3.mltl,0.0,7809.6,sat
/home/michele/mltlsat/Benchmarks/random0/P0.5N4L5M100T100-4.mltl,0.0,7792.8,sat
/home/michele/mltlsat/Benchmarks/random0/P0.5N4L5M100T100-5.mltl,0.0,7814.4,sat
/home/michele/mltlsat/Benchmarks/random0/P0.5N4L5M100T100-6.mltl,0.0,7812.8,sat
/home/michele/mltlsat/Benchmarks/random0/P0.5N4L5M100T100-7.mltl,0.0,7780.8,sat
/home/michele/mltlsat/Benchmarks/random0/P0.5N4L5M100T100-8.mltl,0.0,7772,sat
/home/michele/mltlsat/Benchmarks/random0/P0.5N4L5M100T100-9.mltl,0.0,7782.4,sat
/home/michele/mltlsat/Benchmarks/random0/P0.5N4L60M100T100-10.mltl,0.0,7813.6,sat
/home/michele/mltlsat/Benchmarks/random0/P0.5N4L60M100T100-1.mltl,0.0,7783.2,unsat
/home/michele/mltlsat/Benchmarks/random0/P0.5N4L60M100T100-2.mltl,0.0,7778.4,sat
/home/michele/mltlsat/Benchmarks/random0/P0.5N4L60M100T100-3.mltl,0.0,7826.4,sat
/home/michele/mltlsat/Benchmarks/random0/P0.5N4L60M100T100-4.mltl,0.0,7780,sat
/home/michele/mltlsat/Benchmarks/random0/P0.5N4L60M100T100-5.mltl,0.14,26246.4,sat
/home/michele/mltlsat/Benchmarks/random0/P0.5N4L60M100T100-6.mltl,0.0,7792,sat
/home/michele/mltlsat/Benchmarks/random0/P0.5N4L60M100T100-7.mltl,0.0,7779.2,sat
/home/michele/mltlsat/Benchmarks/random0/P0.5N4L60M100T100-8.mltl,0.01,10878.4,sat
/home/michele/mltlsat/Benchmarks/random0/P0.5N4L60M100T100-9.mltl,0.0,7784,sat
/home/michele/mltlsat/Benchmarks/random0/P0.5N4L65M100T100-10.mltl,0.114,55400,sat
/home/michele/mltlsat/Benchmarks/random0/P0.5N4L65M100T100-1.mltl,0.032,21614.4,sat
/home/michele/mltlsat/Benchmarks/random0/P0.5N4L65M100T100-2.mltl,0.0,7800,unsat
/home/michele/mltlsat/Benchmarks/random0/P0.5N4L65M100T100-3.mltl,0.0,7796,sat
/home/michele/mltlsat/Benchmarks/random0/P0.5N4L65M100T100-4.mltl,0.0,7786.4,sat
/home/michele/mltlsat/Benchmarks/random0/P0.5N4L65M100T100-5.mltl,0.0,7805.6,sat
/home/michele/mltlsat/Benchmarks/random0/P0.5N4L65M100T100-6.mltl,8.975999999999999,2503489.6,sat
/home/michele/mltlsat/Benchmarks/random0/P0.5N4L65M100T100-7.mltl,0.0,7800.8,sat
/home/michele/mltlsat/Benchmarks/random0/P0.5N4L65M100T100-8.mltl,0.0,7783.2,sat
/home/michele/mltlsat/Benchmarks/random0/P0.5N4L65M100T100-9.mltl,0.0,7812,sat
/home/michele/mltlsat/Benchmarks/random0/P0.5N4L70M100T100-10.mltl,0.0,7806.4,sat
/home/michele/mltlsat/Benchmarks/random0/P0.5N4L70M100T100-1.mltl,0.0,7797.6,unsat
/home/michele/mltlsat/Benchmarks/random0/P0.5N4L70M100T100-2.mltl,0.0,7783.2,sat
/home/michele/mltlsat/Benchmarks/random0/P0.5N4L70M100T100-3.mltl,0.0,7795.2,sat
/home/michele/mltlsat/Benchmarks/random0/P0.5N4L70M100T100-4.mltl,0.01,13933.6,sat
/home/michele/mltlsat/Benchmarks/random0/P0.5N4L70M100T100-5.mltl,0.02,13944,sat
/home/michele/mltlsat/Benchmarks/random0/P0.5N4L70M100T100-6.mltl,6.526,19788.8,sat
/home/michele/mltlsat/Benchmarks/random0/P0.5N4L70M100T100-7.mltl,0.0,7803.2,sat
/home/michele/mltlsat/Benchmarks/random0/P0.5N4L70M100T100-8.mltl,0.0,7811.2,sat
/home/michele/mltlsat/Benchmarks/random0/P0.5N4L70M100T100-9.mltl,-1,-1,TO
/home/michele/mltlsat/Benchmarks/random0/P0.5N4L75M100T100-10.mltl,0.0,7788.8,sat
/home/michele/mltlsat/Benchmarks/random0/P0.5N4L75M100T100-1.mltl,-1,-1,TO
/home/michele/mltlsat/Benchmarks/random0/P0.5N4L75M100T100-2.mltl,0.0,7792,sat
/home/michele/mltlsat/Benchmarks/random0/P0.5N4L75M100T100-3.mltl,0.0,7784,sat
/home/michele/mltlsat/Benchmarks/random0/P0.5N4L75M100T100-4.mltl,0.0,7797.6,sat
/home/michele/mltlsat/Benchmarks/random0/P0.5N4L75M100T100-5.mltl,0.0,7805.6,sat
/home/michele/mltlsat/Benchmarks/random0/P0.5N4L75M100T100-6.mltl,2.84,1039986.4,sat
/home/michele/mltlsat/Benchmarks/random0/P0.5N4L75M100T100-7.mltl,0.0,9326.4,sat
/home/michele/mltlsat/Benchmarks/random0/P0.5N4L75M100T100-8.mltl,0.0,7805.6,sat
/home/michele/mltlsat/Benchmarks/random0/P0.5N4L75M100T100-9.mltl,0.02,17003.2,sat
/home/michele/mltlsat/Benchmarks/random0/P0.5N4L80M100T100-10.mltl,0.0,9347.2,sat
/home/michele/mltlsat/Benchmarks/random0/P0.5N4L80M100T100-1.mltl,0.0,7816.8,sat
/home/michele/mltlsat/Benchmarks/random0/P0.5N4L80M100T100-2.mltl,0.0,7784,sat
/home/michele/mltlsat/Benchmarks/random0/P0.5N4L80M100T100-3.mltl,0.01,12387.2,sat
/home/michele/mltlsat/Benchmarks/random0/P0.5N4L80M100T100-4.mltl,1.198,482092,sat
/home/michele/mltlsat/Benchmarks/random0/P0.5N4L80M100T100-5.mltl,0.0,7784.8,sat
/home/michele/mltlsat/Benchmarks/random0/P0.5N4L80M100T100-6.mltl,0.02,10860,sat
/home/michele/mltlsat/Benchmarks/random0/P0.5N4L80M100T100-7.mltl,-1,-1,TO
/home/michele/mltlsat/Benchmarks/random0/P0.5N4L80M100T100-8.mltl,0.0,7814.4,sat
/home/michele/mltlsat/Benchmarks/random0/P0.5N4L80M100T100-9.mltl,0.026,18225.6,sat
/home/michele/mltlsat/Benchmarks/random0/P0.5N4L85M100T100-10.mltl,0.0,7796,sat
/home/michele/mltlsat/Benchmarks/random0/P0.5N4L85M100T100-1.mltl,-1,-1,TO
/home/michele/mltlsat/Benchmarks/random0/P0.5N4L85M100T100-2.mltl,0.01,10874.4,sat
/home/michele/mltlsat/Benchmarks/random0/P0.5N4L85M100T100-3.mltl,0.0,7788.8,sat
/home/michele/mltlsat/Benchmarks/random0/P0.5N4L85M100T100-4.mltl,0.02,10872.8,sat
/home/michele/mltlsat/Benchmarks/random0/P0.5N4L85M100T100-5.mltl,-1,-1,OOM
/home/michele/mltlsat/Benchmarks/random0/P0.5N4L85M100T100-6.mltl,0.0,7781.6,sat
/home/michele/mltlsat/Benchmarks/random0/P0.5N4L85M100T100-7.mltl,0.3,24706.4,sat
/home/michele/mltlsat/Benchmarks/random0/P0.5N4L85M100T100-8.mltl,1.886,565060.8,sat
/home/michele/mltlsat/Benchmarks/random0/P0.5N4L85M100T100-9.mltl,0.0,7778.4,sat
/home/michele/mltlsat/Benchmarks/random0/P0.5N4L90M100T100-10.mltl,0.0,7786.4,sat
/home/michele/mltlsat/Benchmarks/random0/P0.5N4L90M100T100-1.mltl,0.01,12396.8,sat
/home/michele/mltlsat/Benchmarks/random0/P0.5N4L90M100T100-2.mltl,0.0,9327.2,sat
/home/michele/mltlsat/Benchmarks/random0/P0.5N4L90M100T100-3.mltl,1.394,542318.4,sat
/home/michele/mltlsat/Benchmarks/random0/P0.5N4L90M100T100-4.mltl,-1,-1,TO
/home/michele/mltlsat/Benchmarks/random0/P0.5N4L90M100T100-5.mltl,0.0,7808.8,sat
/home/michele/mltlsat/Benchmarks/random0/P0.5N4L90M100T100-6.mltl,0.0,9323.2,sat
/home/michele/mltlsat/Benchmarks/random0/P0.5N4L90M100T100-7.mltl,-1,-1,TO
/home/michele/mltlsat/Benchmarks/random0/P0.5N4L90M100T100-8.mltl,0.0,9324.8,sat
/home/michele/mltlsat/Benchmarks/random0/P0.5N4L90M100T100-9.mltl,0.14,10864,sat
/home/michele/mltlsat/Benchmarks/random0/P0.5N4L95M100T100-10.mltl,0.0,7788.8,sat
/home/michele/mltlsat/Benchmarks/random0/P0.5N4L95M100T100-1.mltl,0.0,9350.4,sat
/home/michele/mltlsat/Benchmarks/random0/P0.5N4L95M100T100-2.mltl,0.214,16696,sat
/home/michele/mltlsat/Benchmarks/random0/P0.5N4L95M100T100-3.mltl,0.0,7805.6,sat
/home/michele/mltlsat/Benchmarks/random0/P0.5N4L95M100T100-4.mltl,0.04,24716,sat
/home/michele/mltlsat/Benchmarks/random0/P0.5N4L95M100T100-5.mltl,0.0,7773.6,sat
/home/michele/mltlsat/Benchmarks/random0/P0.5N4L95M100T100-6.mltl,0.272,33892.8,sat
/home/michele/mltlsat/Benchmarks/random0/P0.5N4L95M100T100-7.mltl,0.022,16975.2,sat
/home/michele/mltlsat/Benchmarks/random0/P0.5N4L95M100T100-8.mltl,26.162,40968,unsat
/home/michele/mltlsat/Benchmarks/random0/P0.5N4L95M100T100-9.mltl,0.0,10839.2,sat
/home/michele/mltlsat/Benchmarks/random0/P0.5N5L100M100T100-10.mltl,0.168,24708.8,sat
/home/michele/mltlsat/Benchmarks/random0/P0.5N5L100M100T100-1.mltl,0.22,26215.2,sat
/home/michele/mltlsat/Benchmarks/random0/P0.5N5L100M100T100-2.mltl,0.01,7783.2,unsat
/home/michele/mltlsat/Benchmarks/random0/P0.5N5L100M100T100-3.mltl,0.0,7772.8,sat
/home/michele/mltlsat/Benchmarks/random0/P0.5N5L100M100T100-4.mltl,0.0,7814.4,sat
/home/michele/mltlsat/Benchmarks/random0/P0.5N5L100M100T100-5.mltl,0.0,7794.4,sat
/home/michele/mltlsat/Benchmarks/random0/P0.5N5L100M100T100-6.mltl,-1,-1,TO
/home/michele/mltlsat/Benchmarks/random0/P0.5N5L100M100T100-7.mltl,0.0,7812.8,sat
/home/michele/mltlsat/Benchmarks/random0/P0.5N5L100M100T100-8.mltl,0.0,7778.4,sat
/home/michele/mltlsat/Benchmarks/random0/P0.5N5L100M100T100-9.mltl,0.0,7816.8,sat
/home/michele/mltlsat/Benchmarks/random0/P0.5N5L10M100T100-10.mltl,0.0,7812,unsat
/home/michele/mltlsat/Benchmarks/random0/P0.5N5L10M100T100-1.mltl,0.0,7813.6,sat
/home/michele/mltlsat/Benchmarks/random0/P0.5N5L10M100T100-2.mltl,0.0,7804.8,sat
/home/michele/mltlsat/Benchmarks/random0/P0.5N5L10M100T100-3.mltl,0.0,7772.8,sat
/home/michele/mltlsat/Benchmarks/random0/P0.5N5L10M100T100-4.mltl,0.0,7790.4,sat
/home/michele/mltlsat/Benchmarks/random0/P0.5N5L10M100T100-5.mltl,0.0,7812,sat
/home/michele/mltlsat/Benchmarks/random0/P0.5N5L10M100T100-6.mltl,0.0,7807.2,sat
/home/michele/mltlsat/Benchmarks/random0/P0.5N5L10M100T100-7.mltl,0.0,7824,sat
/home/michele/mltlsat/Benchmarks/random0/P0.5N5L10M100T100-8.mltl,0.0,7784,sat
/home/michele/mltlsat/Benchmarks/random0/P0.5N5L10M100T100-9.mltl,0.0,7810.4,sat
/home/michele/mltlsat/Benchmarks/random0/P0.5N5L15M100T100-10.mltl,0.0,7789.6,sat
/home/michele/mltlsat/Benchmarks/random0/P0.5N5L15M100T100-1.mltl,0.0,7479.2,sat
/home/michele/mltlsat/Benchmarks/random0/P0.5N5L15M100T100-2.mltl,0.0,7461.6,sat
/home/michele/mltlsat/Benchmarks/random0/P0.5N5L15M100T100-3.mltl,0.0,7776,sat
/home/michele/mltlsat/Benchmarks/random0/P0.5N5L15M100T100-4.mltl,0.0,7793.6,sat
/home/michele/mltlsat/Benchmarks/random0/P0.5N5L15M100T100-5.mltl,0.0,7807.2,sat
/home/michele/mltlsat/Benchmarks/random0/P0.5N5L15M100T100-6.mltl,0.0,7802.4,sat
/home/michele/mltlsat/Benchmarks/random0/P0.5N5L15M100T100-7.mltl,0.0,7770.4,sat
/home/michele/mltlsat/Benchmarks/random0/P0.5N5L15M100T100-8.mltl,0.0,7786.4,sat
/home/michele/mltlsat/Benchmarks/random0/P0.5N5L15M100T100-9.mltl,0.0,7788,sat
/home/michele/mltlsat/Benchmarks/random0/P0.5N5L20M100T100-10.mltl,0.0,7779.2,sat
/home/michele/mltlsat/Benchmarks/random0/P0.5N5L20M100T100-1.mltl,0.02,9328,sat
/home/michele/mltlsat/Benchmarks/random0/P0.5N5L20M100T100-2.mltl,0.0,7790.4,sat
/home/michele/mltlsat/Benchmarks/random0/P0.5N5L20M100T100-3.mltl,0.0,7807.2,sat
/home/michele/mltlsat/Benchmarks/random0/P0.5N5L20M100T100-4.mltl,0.54,26235.2,sat
/home/michele/mltlsat/Benchmarks/random0/P0.5N5L20M100T100-5.mltl,0.0,7795.2,sat
/home/michele/mltlsat/Benchmarks/random0/P0.5N5L20M100T100-6.mltl,0.0,7785.6,sat
/home/michele/mltlsat/Benchmarks/random0/P0.5N5L20M100T100-7.mltl,0.06,12409.6,sat
/home/michele/mltlsat/Benchmarks/random0/P0.5N5L20M100T100-8.mltl,0.01,10870.4,sat
/home/michele/mltlsat/Benchmarks/random0/P0.5N5L20M100T100-9.mltl,0.01,12383.2,sat
/home/michele/mltlsat/Benchmarks/random0/P0.5N5L25M100T100-10.mltl,0.0,7786.4,sat
/home/michele/mltlsat/Benchmarks/random0/P0.5N5L25M100T100-1.mltl,0.0,7786.4,sat
/home/michele/mltlsat/Benchmarks/random0/P0.5N5L25M100T100-2.mltl,0.0,7789.6,sat
/home/michele/mltlsat/Benchmarks/random0/P0.5N5L25M100T100-3.mltl,0.0,7790.4,sat
/home/michele/mltlsat/Benchmarks/random0/P0.5N5L25M100T100-4.mltl,0.0,7800,sat
/home/michele/mltlsat/Benchmarks/random0/P0.5N5L25M100T100-5.mltl,0.0,7802.4,sat
/home/michele/mltlsat/Benchmarks/random0/P0.5N5L25M100T100-6.mltl,0.0,7770.4,sat
/home/michele/mltlsat/Benchmarks/random0/P0.5N5L25M100T100-7.mltl,0.0,7787.2,sat
/home/michele/mltlsat/Benchmarks/random0/P0.5N5L25M100T100-8.mltl,0.356,61544,sat
/home/michele/mltlsat/Benchmarks/random0/P0.5N5L25M100T100-9.mltl,0.0,7815.2,sat
/home/michele/mltlsat/Benchmarks/random0/P0.5N5L30M100T100-10.mltl,0.0,7811.2,sat
/home/michele/mltlsat/Benchmarks/random0/P0.5N5L30M100T100-1.mltl,0.0,7801.6,sat
/home/michele/mltlsat/Benchmarks/random0/P0.5N5L30M100T100-2.mltl,0.0,7773.6,sat
/home/michele/mltlsat/Benchmarks/random0/P0.5N5L30M100T100-3.mltl,0.0,9334.4,sat
/home/michele/mltlsat/Benchmarks/random0/P0.5N5L30M100T100-4.mltl,0.02,15456,sat
/home/michele/mltlsat/Benchmarks/random0/P0.5N5L30M100T100-5.mltl,0.0,7793.6,unsat
/home/michele/mltlsat/Benchmarks/random0/P0.5N5L30M100T100-6.mltl,0.0,7800.8,sat
/home/michele/mltlsat/Benchmarks/random0/P0.5N5L30M100T100-7.mltl,0.0,7804.8,unsat
/home/michele/mltlsat/Benchmarks/random0/P0.5N5L30M100T100-8.mltl,0.0,7808.8,sat
/home/michele/mltlsat/Benchmarks/random0/P0.5N5L30M100T100-9.mltl,0.0,7792.8,sat
/home/michele/mltlsat/Benchmarks/random0/P0.5N5L35M100T100-10.mltl,0.0,7800,sat
/home/michele/mltlsat/Benchmarks/random0/P0.5N5L35M100T100-1.mltl,0.0,7785.6,unsat
/home/michele/mltlsat/Benchmarks/random0/P0.5N5L35M100T100-2.mltl,0.0,10864,sat
/home/michele/mltlsat/Benchmarks/random0/P0.5N5L35M100T100-3.mltl,0.0,7790.4,sat
/home/michele/mltlsat/Benchmarks/random0/P0.5N5L35M100T100-4.mltl,0.0,7780,sat
/home/michele/mltlsat/Benchmarks/random0/P0.5N5L35M100T100-5.mltl,0.0,7792,sat
/home/michele/mltlsat/Benchmarks/random0/P0.5N5L35M100T100-6.mltl,0.0,7803.2,sat
/home/michele/mltlsat/Benchmarks/random0/P0.5N5L35M100T100-7.mltl,0.12,46208.8,sat
/home/michele/mltlsat/Benchmarks/random0/P0.5N5L35M100T100-8.mltl,0.0,7818.4,sat
/home/michele/mltlsat/Benchmarks/random0/P0.5N5L35M100T100-9.mltl,-1,-1,TO
/home/michele/mltlsat/Benchmarks/random0/P0.5N5L40M100T100-10.mltl,0.0,7776,sat
/home/michele/mltlsat/Benchmarks/random0/P0.5N5L40M100T100-1.mltl,0.0,7797.6,sat
/home/michele/mltlsat/Benchmarks/random0/P0.5N5L40M100T100-2.mltl,0.0,9329.6,sat
/home/michele/mltlsat/Benchmarks/random0/P0.5N5L40M100T100-3.mltl,0.0,7796,sat
/home/michele/mltlsat/Benchmarks/random0/P0.5N5L40M100T100-4.mltl,0.0,7801.6,sat
/home/michele/mltlsat/Benchmarks/random0/P0.5N5L40M100T100-5.mltl,0.0,7764,sat
/home/michele/mltlsat/Benchmarks/random0/P0.5N5L40M100T100-6.mltl,3.478,831076.8,sat
/home/michele/mltlsat/Benchmarks/random0/P0.5N5L40M100T100-7.mltl,0.0,7795.2,sat
/home/michele/mltlsat/Benchmarks/random0/P0.5N5L40M100T100-8.mltl,0.0,9338.4,sat
/home/michele/mltlsat/Benchmarks/random0/P0.5N5L40M100T100-9.mltl,0.0,7788.8,sat
/home/michele/mltlsat/Benchmarks/random0/P0.5N5L45M100T100-10.mltl,2.432,755814.4,sat
/home/michele/mltlsat/Benchmarks/random0/P0.5N5L45M100T100-1.mltl,0.0,7790.4,sat
/home/michele/mltlsat/Benchmarks/random0/P0.5N5L45M100T100-2.mltl,0.0,7815.2,sat
/home/michele/mltlsat/Benchmarks/random0/P0.5N5L45M100T100-3.mltl,0.0,7785.6,sat
/home/michele/mltlsat/Benchmarks/random0/P0.5N5L45M100T100-4.mltl,0.0,7801.6,sat
/home/michele/mltlsat/Benchmarks/random0/P0.5N5L45M100T100-5.mltl,2.864,737501.6,sat
/home/michele/mltlsat/Benchmarks/random0/P0.5N5L45M100T100-6.mltl,14.794,2332432,sat
/home/michele/mltlsat/Benchmarks/random0/P0.5N5L45M100T100-7.mltl,0.0,7784.8,sat
/home/michele/mltlsat/Benchmarks/random0/P0.5N5L45M100T100-8.mltl,0.0,7779.2,sat
/home/michele/mltlsat/Benchmarks/random0/P0.5N5L45M100T100-9.mltl,0.0,7780.8,sat
/home/michele/mltlsat/Benchmarks/random0/P0.5N5L50M100T100-10.mltl,0.01,12389.6,sat
/home/michele/mltlsat/Benchmarks/random0/P0.5N5L50M100T100-1.mltl,0.02,17007.2,sat
/home/michele/mltlsat/Benchmarks/random0/P0.5N5L50M100T100-2.mltl,0.0,7787.2,sat
/home/michele/mltlsat/Benchmarks/random0/P0.5N5L50M100T100-3.mltl,0.002,10860.8,sat
/home/michele/mltlsat/Benchmarks/random0/P0.5N5L50M100T100-4.mltl,0.0,7785.6,sat
/home/michele/mltlsat/Benchmarks/random0/P0.5N5L50M100T100-5.mltl,0.0,7783.2,sat
/home/michele/mltlsat/Benchmarks/random0/P0.5N5L50M100T100-6.mltl,0.0,10876.8,sat
/home/michele/mltlsat/Benchmarks/random0/P0.5N5L50M100T100-7.mltl,0.0,7790.4,sat
/home/michele/mltlsat/Benchmarks/random0/P0.5N5L50M100T100-8.mltl,0.0,7797.6,sat
/home/michele/mltlsat/Benchmarks/random0/P0.5N5L50M100T100-9.mltl,0.0,7768.8,sat
/home/michele/mltlsat/Benchmarks/random0/P0.5N5L55M100T100-10.mltl,0.0,7782.4,unsat
/home/michele/mltlsat/Benchmarks/random0/P0.5N5L55M100T100-1.mltl,0.0,9334.4,sat
/home/michele/mltlsat/Benchmarks/random0/P0.5N5L55M100T100-2.mltl,0.0,9350.4,sat
/home/michele/mltlsat/Benchmarks/random0/P0.5N5L55M100T100-3.mltl,0.0,7816.8,sat
/home/michele/mltlsat/Benchmarks/random0/P0.5N5L55M100T100-4.mltl,0.0,7772,sat
/home/michele/mltlsat/Benchmarks/random0/P0.5N5L55M100T100-5.mltl,0.0,7820.8,sat
/home/michele/mltlsat/Benchmarks/random0/P0.5N5L55M100T100-6.mltl,0.0,7788,sat
/home/michele/mltlsat/Benchmarks/random0/P0.5N5L55M100T100-7.mltl,0.0,7498.4,sat
/home/michele/mltlsat/Benchmarks/random0/P0.5N5L55M100T100-8.mltl,0.03,19789.6,sat
/home/michele/mltlsat/Benchmarks/random0/P0.5N5L55M100T100-9.mltl,0.0,7816.8,sat
/home/michele/mltlsat/Benchmarks/random0/P0.5N5L5M100T100-10.mltl,0.0,7782.4,sat
/home/michele/mltlsat/Benchmarks/random0/P0.5N5L5M100T100-1.mltl,0.0,7814.4,sat
/home/michele/mltlsat/Benchmarks/random0/P0.5N5L5M100T100-2.mltl,0.0,7804.8,sat
/home/michele/mltlsat/Benchmarks/random0/P0.5N5L5M100T100-3.mltl,0.0,7812.8,sat
/home/michele/mltlsat/Benchmarks/random0/P0.5N5L5M100T100-4.mltl,0.0,7780,sat
/home/michele/mltlsat/Benchmarks/random0/P0.5N5L5M100T100-5.mltl,0.0,7781.6,sat
/home/michele/mltlsat/Benchmarks/random0/P0.5N5L5M100T100-6.mltl,0.0,7821.6,sat
/home/michele/mltlsat/Benchmarks/random0/P0.5N5L5M100T100-7.mltl,0.0,7775.2,sat
/home/michele/mltlsat/Benchmarks/random0/P0.5N5L5M100T100-8.mltl,0.0,7779.2,sat
/home/michele/mltlsat/Benchmarks/random0/P0.5N5L5M100T100-9.mltl,0.0,7799.2,sat
/home/michele/mltlsat/Benchmarks/random0/P0.5N5L60M100T100-10.mltl,0.01,12443.2,sat
/home/michele/mltlsat/Benchmarks/random0/P0.5N5L60M100T100-1.mltl,14.936,531587.2,sat
/home/michele/mltlsat/Benchmarks/random0/P0.5N5L60M100T100-2.mltl,0.04,9319.2,sat
/home/michele/mltlsat/Benchmarks/random0/P0.5N5L60M100T100-3.mltl,0.0,7788.8,sat
/home/michele/mltlsat/Benchmarks/random0/P0.5N5L60M100T100-4.mltl,4.23,79680,sat
/home/michele/mltlsat/Benchmarks/random0/P0.5N5L60M100T100-5.mltl,0.0,7771.2,sat
/home/michele/mltlsat/Benchmarks/random0/P0.5N5L60M100T100-6.mltl,0.0,7802.4,sat
/home/michele/mltlsat/Benchmarks/random0/P0.5N5L60M100T100-7.mltl,0.0,7800,sat
/home/michele/mltlsat/Benchmarks/random0/P0.5N5L60M100T100-8.mltl,0.0,7816,sat
/home/michele/mltlsat/Benchmarks/random0/P0.5N5L60M100T100-9.mltl,0.0,7800.8,unsat
/home/michele/mltlsat/Benchmarks/random0/P0.5N5L65M100T100-10.mltl,0.0,7777.6,sat
/home/michele/mltlsat/Benchmarks/random0/P0.5N5L65M100T100-1.mltl,0.0,10862.4,sat
/home/michele/mltlsat/Benchmarks/random0/P0.5N5L65M100T100-2.mltl,0.0,7798.4,sat
/home/michele/mltlsat/Benchmarks/random0/P0.5N5L65M100T100-3.mltl,0.0,10853.6,sat
/home/michele/mltlsat/Benchmarks/random0/P0.5N5L65M100T100-4.mltl,0.01,15475.2,sat
/home/michele/mltlsat/Benchmarks/random0/P0.5N5L65M100T100-5.mltl,0.0,7804,unsat
/home/michele/mltlsat/Benchmarks/random0/P0.5N5L65M100T100-6.mltl,0.03,20068.8,sat
/home/michele/mltlsat/Benchmarks/random0/P0.5N5L65M100T100-7.mltl,0.984,448294.4,sat
/home/michele/mltlsat/Benchmarks/random0/P0.5N5L65M100T100-8.mltl,0.0,7824,sat
/home/michele/mltlsat/Benchmarks/random0/P0.5N5L65M100T100-9.mltl,0.0,7784,sat
/home/michele/mltlsat/Benchmarks/random0/P0.5N5L70M100T100-10.mltl,0.0,7773.6,sat
/home/michele/mltlsat/Benchmarks/random0/P0.5N5L70M100T100-1.mltl,0.168,23142.4,sat
/home/michele/mltlsat/Benchmarks/random0/P0.5N5L70M100T100-2.mltl,0.01,12413.6,sat
/home/michele/mltlsat/Benchmarks/random0/P0.5N5L70M100T100-3.mltl,0.34400000000000003,175224,sat
/home/michele/mltlsat/Benchmarks/random0/P0.5N5L70M100T100-4.mltl,0.46,10904,unsat
/home/michele/mltlsat/Benchmarks/random0/P0.5N5L70M100T100-5.mltl,0.0,7788.8,sat
/home/michele/mltlsat/Benchmarks/random0/P0.5N5L70M100T100-6.mltl,0.0,7801.6,sat
/home/michele/mltlsat/Benchmarks/random0/P0.5N5L70M100T100-7.mltl,0.01,10876.8,sat
/home/michele/mltlsat/Benchmarks/random0/P0.5N5L70M100T100-8.mltl,0.0,7785.6,sat
/home/michele/mltlsat/Benchmarks/random0/P0.5N5L70M100T100-9.mltl,0.0,9316.8,sat
/home/michele/mltlsat/Benchmarks/random0/P0.5N5L75M100T100-10.mltl,0.0,10872,sat
/home/michele/mltlsat/Benchmarks/random0/P0.5N5L75M100T100-1.mltl,0.0,7777.6,unsat
/home/michele/mltlsat/Benchmarks/random0/P0.5N5L75M100T100-2.mltl,0.0,9331.2,sat
/home/michele/mltlsat/Benchmarks/random0/P0.5N5L75M100T100-3.mltl,0.01,15488,sat
/home/michele/mltlsat/Benchmarks/random0/P0.5N5L75M100T100-4.mltl,0.0,7788,sat
/home/michele/mltlsat/Benchmarks/random0/P0.5N5L75M100T100-5.mltl,0.0,7785.6,sat
/home/michele/mltlsat/Benchmarks/random0/P0.5N5L75M100T100-6.mltl,0.02,9331.2,unsat
/home/michele/mltlsat/Benchmarks/random0/P0.5N5L75M100T100-7.mltl,0.0,7804.8,sat
/home/michele/mltlsat/Benchmarks/random0/P0.5N5L75M100T100-8.mltl,0.0,7798.4,sat
/home/michele/mltlsat/Benchmarks/random0/P0.5N5L75M100T100-9.mltl,0.0,7798.4,sat
/home/michele/mltlsat/Benchmarks/random0/P0.5N5L80M100T100-10.mltl,4.738,1545330.4,sat
/home/michele/mltlsat/Benchmarks/random0/P0.5N5L80M100T100-1.mltl,0.0,7788,sat
/home/michele/mltlsat/Benchmarks/random0/P0.5N5L80M100T100-2.mltl,0.0,7809.6,sat
/home/michele/mltlsat/Benchmarks/random0/P0.5N5L80M100T100-3.mltl,0.0,7817.6,unsat
/home/michele/mltlsat/Benchmarks/random0/P0.5N5L80M100T100-4.mltl,0.02,9363.2,unsat
/home/michele/mltlsat/Benchmarks/random0/P0.5N5L80M100T100-5.mltl,0.05,30840.8,sat
/home/michele/mltlsat/Benchmarks/random0/P0.5N5L80M100T100-6.mltl,0.238,78469.6,sat
/home/michele/mltlsat/Benchmarks/random0/P0.5N5L80M100T100-7.mltl,0.02,15483.2,sat
/home/michele/mltlsat/Benchmarks/random0/P0.5N5L80M100T100-8.mltl,-1,-1,TO
/home/michele/mltlsat/Benchmarks/random0/P0.5N5L80M100T100-9.mltl,0.01,12419.2,sat
/home/michele/mltlsat/Benchmarks/random0/P0.5N5L85M100T100-10.mltl,0.0,9309.6,sat
/home/michele/mltlsat/Benchmarks/random0/P0.5N5L85M100T100-1.mltl,0.414,52348,sat
/home/michele/mltlsat/Benchmarks/random0/P0.5N5L85M100T100-2.mltl,0.01,13939.2,sat
/home/michele/mltlsat/Benchmarks/random0/P0.5N5L85M100T100-3.mltl,0.0,9320,sat
/home/michele/mltlsat/Benchmarks/random0/P0.5N5L85M100T100-4.mltl,0.12,15485.6,sat
/home/michele/mltlsat/Benchmarks/random0/P0.5N5L85M100T100-5.mltl,0.0,7807.2,sat
/home/michele/mltlsat/Benchmarks/random0/P0.5N5L85M100T100-6.mltl,0.0,9337.6,sat
/home/michele/mltlsat/Benchmarks/random0/P0.5N5L85M100T100-7.mltl,0.0,7800.8,unsat
/home/michele/mltlsat/Benchmarks/random0/P0.5N5L85M100T100-8.mltl,0.0,7812,sat
/home/michele/mltlsat/Benchmarks/random0/P0.5N5L85M100T100-9.mltl,0.258,15177.6,sat
/home/michele/mltlsat/Benchmarks/random0/P0.5N5L90M100T100-10.mltl,0.0,7806.4,sat
/home/michele/mltlsat/Benchmarks/random0/P0.5N5L90M100T100-1.mltl,0.0,9348,sat
/home/michele/mltlsat/Benchmarks/random0/P0.5N5L90M100T100-2.mltl,0.0,7774.4,unsat
/home/michele/mltlsat/Benchmarks/random0/P0.5N5L90M100T100-3.mltl,0.012,13939.2,sat
/home/michele/mltlsat/Benchmarks/random0/P0.5N5L90M100T100-4.mltl,0.12,41276.8,sat
/home/michele/mltlsat/Benchmarks/random0/P0.5N5L90M100T100-5.mltl,0.0,7808.8,sat
/home/michele/mltlsat/Benchmarks/random0/P0.5N5L90M100T100-6.mltl,0.0,9324,sat
/home/michele/mltlsat/Benchmarks/random0/P0.5N5L90M100T100-7.mltl,0.0,9306.4,sat
/home/michele/mltlsat/Benchmarks/random0/P0.5N5L90M100T100-8.mltl,0.544,17019.2,sat
/home/michele/mltlsat/Benchmarks/random0/P0.5N5L90M100T100-9.mltl,0.358,49264.8,sat
/home/michele/mltlsat/Benchmarks/random0/P0.5N5L95M100T100-10.mltl,0.0,7781.6,sat
/home/michele/mltlsat/Benchmarks/random0/P0.5N5L95M100T100-1.mltl,0.03,20116.8,sat
/home/michele/mltlsat/Benchmarks/random0/P0.5N5L95M100T100-2.mltl,0.0,7817.6,sat
/home/michele/mltlsat/Benchmarks/random0/P0.5N5L95M100T100-3.mltl,0.0,7805.6,sat
/home/michele/mltlsat/Benchmarks/random0/P0.5N5L95M100T100-4.mltl,-1,-1,TO
/home/michele/mltlsat/Benchmarks/random0/P0.5N5L95M100T100-5.mltl,0.0,9344.8,sat
/home/michele/mltlsat/Benchmarks/random0/P0.5N5L95M100T100-6.mltl,0.094,9332.8,unsat
/home/michele/mltlsat/Benchmarks/random0/P0.5N5L95M100T100-7.mltl,0.0,7794.4,sat
/home/michele/mltlsat/Benchmarks/random0/P0.5N5L95M100T100-8.mltl,0.0,7784.8,sat
/home/michele/mltlsat/Benchmarks/random0/P0.5N5L95M100T100-9.mltl,0.0,7800,sat
/home/michele/mltlsat/Benchmarks/random0/P0.7N1L100M100T100-10.mltl,0.0,7810.4,sat
/home/michele/mltlsat/Benchmarks/random0/P0.7N1L100M100T100-1.mltl,-1,-1,TO
/home/michele/mltlsat/Benchmarks/random0/P0.7N1L100M100T100-2.mltl,0.018000000000000002,15471.2,sat
/home/michele/mltlsat/Benchmarks/random0/P0.7N1L100M100T100-3.mltl,-1,-1,TO
/home/michele/mltlsat/Benchmarks/random0/P0.7N1L100M100T100-4.mltl,0.0,7806.4,sat
/home/michele/mltlsat/Benchmarks/random0/P0.7N1L100M100T100-5.mltl,-1,-1,TO
/home/michele/mltlsat/Benchmarks/random0/P0.7N1L100M100T100-6.mltl,-1,-1,TO
/home/michele/mltlsat/Benchmarks/random0/P0.7N1L100M100T100-7.mltl,63.084,1245909.6,sat
/home/michele/mltlsat/Benchmarks/random0/P0.7N1L100M100T100-8.mltl,0.01,12414.4,sat
/home/michele/mltlsat/Benchmarks/random0/P0.7N1L100M100T100-9.mltl,0.01,12407.2,sat
/home/michele/mltlsat/Benchmarks/random0/P0.7N1L10M100T100-10.mltl,0.0,7784,sat
/home/michele/mltlsat/Benchmarks/random0/P0.7N1L10M100T100-1.mltl,0.0,7777.6,sat
/home/michele/mltlsat/Benchmarks/random0/P0.7N1L10M100T100-2.mltl,0.0,9332.8,sat
/home/michele/mltlsat/Benchmarks/random0/P0.7N1L10M100T100-3.mltl,0.0,7790.4,sat
/home/michele/mltlsat/Benchmarks/random0/P0.7N1L10M100T100-4.mltl,0.0,7796,sat
/home/michele/mltlsat/Benchmarks/random0/P0.7N1L10M100T100-5.mltl,0.0,7812,sat
/home/michele/mltlsat/Benchmarks/random0/P0.7N1L10M100T100-6.mltl,0.0,7812,sat
/home/michele/mltlsat/Benchmarks/random0/P0.7N1L10M100T100-7.mltl,0.0,7805.6,sat
/home/michele/mltlsat/Benchmarks/random0/P0.7N1L10M100T100-8.mltl,0.0,7796,sat
/home/michele/mltlsat/Benchmarks/random0/P0.7N1L10M100T100-9.mltl,0.0,7801.6,sat
/home/michele/mltlsat/Benchmarks/random0/P0.7N1L15M100T100-10.mltl,0.0,7780,sat
/home/michele/mltlsat/Benchmarks/random0/P0.7N1L15M100T100-1.mltl,0.0,7785.6,sat
/home/michele/mltlsat/Benchmarks/random0/P0.7N1L15M100T100-2.mltl,0.0,7808.8,sat
/home/michele/mltlsat/Benchmarks/random0/P0.7N1L15M100T100-3.mltl,0.0,7814.4,sat
/home/michele/mltlsat/Benchmarks/random0/P0.7N1L15M100T100-4.mltl,0.0,7812.8,sat
/home/michele/mltlsat/Benchmarks/random0/P0.7N1L15M100T100-5.mltl,0.0,7814.4,sat
/home/michele/mltlsat/Benchmarks/random0/P0.7N1L15M100T100-6.mltl,0.0,7809.6,unsat
/home/michele/mltlsat/Benchmarks/random0/P0.7N1L15M100T100-7.mltl,0.0,7784,sat
/home/michele/mltlsat/Benchmarks/random0/P0.7N1L15M100T100-8.mltl,0.0,7793.6,sat
/home/michele/mltlsat/Benchmarks/random0/P0.7N1L15M100T100-9.mltl,0.0,7784.8,sat
/home/michele/mltlsat/Benchmarks/random0/P0.7N1L20M100T100-10.mltl,0.0,7804.8,sat
/home/michele/mltlsat/Benchmarks/random0/P0.7N1L20M100T100-1.mltl,0.0,9322.4,sat
/home/michele/mltlsat/Benchmarks/random0/P0.7N1L20M100T100-2.mltl,0.0,7835.2,sat
/home/michele/mltlsat/Benchmarks/random0/P0.7N1L20M100T100-3.mltl,0.0,7808.8,sat
/home/michele/mltlsat/Benchmarks/random0/P0.7N1L20M100T100-4.mltl,0.0,7800.8,sat
/home/michele/mltlsat/Benchmarks/random0/P0.7N1L20M100T100-5.mltl,0.0,9331.2,sat
/home/michele/mltlsat/Benchmarks/random0/P0.7N1L20M100T100-6.mltl,0.0,7779.2,sat
/home/michele/mltlsat/Benchmarks/random0/P0.7N1L20M100T100-7.mltl,0.0,7792.8,sat
/home/michele/mltlsat/Benchmarks/random0/P0.7N1L20M100T100-8.mltl,0.0,9312,sat
/home/michele/mltlsat/Benchmarks/random0/P0.7N1L20M100T100-9.mltl,0.0,7800,unsat
/home/michele/mltlsat/Benchmarks/random0/P0.7N1L25M100T100-10.mltl,0.0,7783.2,sat
/home/michele/mltlsat/Benchmarks/random0/P0.7N1L25M100T100-1.mltl,0.0,9316,sat
/home/michele/mltlsat/Benchmarks/random0/P0.7N1L25M100T100-2.mltl,0.0,7813.6,unsat
/home/michele/mltlsat/Benchmarks/random0/P0.7N1L25M100T100-3.mltl,0.0,7785.6,sat
/home/michele/mltlsat/Benchmarks/random0/P0.7N1L25M100T100-4.mltl,0.0,7804,sat
/home/michele/mltlsat/Benchmarks/random0/P0.7N1L25M100T100-5.mltl,-1,-1,TO
/home/michele/mltlsat/Benchmarks/random0/P0.7N1L25M100T100-6.mltl,0.02,10894.4,sat
/home/michele/mltlsat/Benchmarks/random0/P0.7N1L25M100T100-7.mltl,0.0,7791.2,sat
/home/michele/mltlsat/Benchmarks/random0/P0.7N1L25M100T100-8.mltl,0.0,9318.4,sat
/home/michele/mltlsat/Benchmarks/random0/P0.7N1L25M100T100-9.mltl,-1,-1,TO
/home/michele/mltlsat/Benchmarks/random0/P0.7N1L30M100T100-10.mltl,0.0,7780,sat
/home/michele/mltlsat/Benchmarks/random0/P0.7N1L30M100T100-1.mltl,0.0,7785.6,sat
/home/michele/mltlsat/Benchmarks/random0/P0.7N1L30M100T100-2.mltl,0.08,35453.6,sat
/home/michele/mltlsat/Benchmarks/random0/P0.7N1L30M100T100-3.mltl,0.01,9341.6,sat
/home/michele/mltlsat/Benchmarks/random0/P0.7N1L30M100T100-4.mltl,0.0,7785.6,sat
/home/michele/mltlsat/Benchmarks/random0/P0.7N1L30M100T100-5.mltl,0.0,7749.6,sat
/home/michele/mltlsat/Benchmarks/random0/P0.7N1L30M100T100-6.mltl,0.01,13943.2,sat
/home/michele/mltlsat/Benchmarks/random0/P0.7N1L30M100T100-7.mltl,0.004,7806.4,sat
/home/michele/mltlsat/Benchmarks/random0/P0.7N1L30M100T100-8.mltl,0.0,7816.8,sat
/home/michele/mltlsat/Benchmarks/random0/P0.7N1L30M100T100-9.mltl,0.0,7786.4,sat
/home/michele/mltlsat/Benchmarks/random0/P0.7N1L35M100T100-10.mltl,0.0,9355.2,sat
/home/michele/mltlsat/Benchmarks/random0/P0.7N1L35M100T100-1.mltl,0.0,7795.2,unsat
/home/michele/mltlsat/Benchmarks/random0/P0.7N1L35M100T100-2.mltl,0.0,7801.6,unsat
/home/michele/mltlsat/Benchmarks/random0/P0.7N1L35M100T100-3.mltl,3.27,82760,sat
/home/michele/mltlsat/Benchmarks/random0/P0.7N1L35M100T100-4.mltl,-1,-1,TO
/home/michele/mltlsat/Benchmarks/random0/P0.7N1L35M100T100-5.mltl,0.0,10871.2,sat
/home/michele/mltlsat/Benchmarks/random0/P0.7N1L35M100T100-6.mltl,0.042,15462.4,sat
/home/michele/mltlsat/Benchmarks/random0/P0.7N1L35M100T100-7.mltl,0.012,9340,sat
/home/michele/mltlsat/Benchmarks/random0/P0.7N1L35M100T100-8.mltl,0.0,9337.6,sat
/home/michele/mltlsat/Benchmarks/random0/P0.7N1L35M100T100-9.mltl,0.0,7797.6,sat
/home/michele/mltlsat/Benchmarks/random0/P0.7N1L40M100T100-10.mltl,0.0,7787.2,sat
/home/michele/mltlsat/Benchmarks/random0/P0.7N1L40M100T100-1.mltl,0.0,10880,sat
/home/michele/mltlsat/Benchmarks/random0/P0.7N1L40M100T100-2.mltl,0.14,26228,sat
/home/michele/mltlsat/Benchmarks/random0/P0.7N1L40M100T100-3.mltl,0.0,7808.8,unsat
/home/michele/mltlsat/Benchmarks/random0/P0.7N1L40M100T100-4.mltl,-1,-1,TO
/home/michele/mltlsat/Benchmarks/random0/P0.7N1L40M100T100-5.mltl,0.0,7821.6,sat
/home/michele/mltlsat/Benchmarks/random0/P0.7N1L40M100T100-6.mltl,0.0,7807.2,unsat
/home/michele/mltlsat/Benchmarks/random0/P0.7N1L40M100T100-7.mltl,0.0,9346.4,sat
/home/michele/mltlsat/Benchmarks/random0/P0.7N1L40M100T100-8.mltl,0.0,9331.2,sat
/home/michele/mltlsat/Benchmarks/random0/P0.7N1L40M100T100-9.mltl,0.0,7777.6,sat
/home/michele/mltlsat/Benchmarks/random0/P0.7N1L45M100T100-10.mltl,-1,-1,TO
/home/michele/mltlsat/Benchmarks/random0/P0.7N1L45M100T100-1.mltl,0.0,7808,sat
/home/michele/mltlsat/Benchmarks/random0/P0.7N1L45M100T100-2.mltl,0.02,18552,sat
/home/michele/mltlsat/Benchmarks/random0/P0.7N1L45M100T100-3.mltl,0.75,15474.4,sat
/home/michele/mltlsat/Benchmarks/random0/P0.7N1L45M100T100-4.mltl,0.0,7796.8,sat
/home/michele/mltlsat/Benchmarks/random0/P0.7N1L45M100T100-5.mltl,0.0,7780.8,sat
/home/michele/mltlsat/Benchmarks/random0/P0.7N1L45M100T100-6.mltl,0.022,9325.6,sat
/home/michele/mltlsat/Benchmarks/random0/P0.7N1L45M100T100-7.mltl,0.0,7788,sat
/home/michele/mltlsat/Benchmarks/random0/P0.7N1L45M100T100-8.mltl,0.01,13939.2,sat
/home/michele/mltlsat/Benchmarks/random0/P0.7N1L45M100T100-9.mltl,0.08,17007.2,sat
/home/michele/mltlsat/Benchmarks/random0/P0.7N1L50M100T100-10.mltl,0.0,7813.6,sat
/home/michele/mltlsat/Benchmarks/random0/P0.7N1L50M100T100-1.mltl,0.0,9368,sat
/home/michele/mltlsat/Benchmarks/random0/P0.7N1L50M100T100-2.mltl,0.0,7804,sat
/home/michele/mltlsat/Benchmarks/random0/P0.7N1L50M100T100-3.mltl,0.07,32387.2,sat
/home/michele/mltlsat/Benchmarks/random0/P0.7N1L50M100T100-4.mltl,0.0,7826.4,sat
/home/michele/mltlsat/Benchmarks/random0/P0.7N1L50M100T100-5.mltl,0.0,7812.8,sat
/home/michele/mltlsat/Benchmarks/random0/P0.7N1L50M100T100-6.mltl,0.0,7791.2,sat
/home/michele/mltlsat/Benchmarks/random0/P0.7N1L50M100T100-7.mltl,0.35,12416.8,unsat
/home/michele/mltlsat/Benchmarks/random0/P0.7N1L50M100T100-8.mltl,-1,-1,TO
/home/michele/mltlsat/Benchmarks/random0/P0.7N1L50M100T100-9.mltl,0.0,7804,sat
/home/michele/mltlsat/Benchmarks/random0/P0.7N1L55M100T100-10.mltl,0.0,7796,sat
/home/michele/mltlsat/Benchmarks/random0/P0.7N1L55M100T100-1.mltl,0.02,9331.2,sat
/home/michele/mltlsat/Benchmarks/random0/P0.7N1L55M100T100-2.mltl,0.0,9304,sat
/home/michele/mltlsat/Benchmarks/random0/P0.7N1L55M100T100-3.mltl,-1,-1,TO
/home/michele/mltlsat/Benchmarks/random0/P0.7N1L55M100T100-4.mltl,0.0,7819.2,unsat
/home/michele/mltlsat/Benchmarks/random0/P0.7N1L55M100T100-5.mltl,0.07,10876,unsat
/home/michele/mltlsat/Benchmarks/random0/P0.7N1L55M100T100-6.mltl,0.0,7805.6,sat
/home/michele/mltlsat/Benchmarks/random0/P0.7N1L55M100T100-7.mltl,0.0,7813.6,sat
/home/michele/mltlsat/Benchmarks/random0/P0.7N1L55M100T100-8.mltl,0.0,7792,sat
/home/michele/mltlsat/Benchmarks/random0/P0.7N1L55M100T100-9.mltl,-1,-1,OOM
/home/michele/mltlsat/Benchmarks/random0/P0.7N1L5M100T100-10.mltl,0.0,7826.4,sat
/home/michele/mltlsat/Benchmarks/random0/P0.7N1L5M100T100-1.mltl,0.0,7804.8,sat
/home/michele/mltlsat/Benchmarks/random0/P0.7N1L5M100T100-2.mltl,0.0,7790.4,sat
/home/michele/mltlsat/Benchmarks/random0/P0.7N1L5M100T100-3.mltl,0.0,7799.2,sat
/home/michele/mltlsat/Benchmarks/random0/P0.7N1L5M100T100-4.mltl,0.0,7808.8,sat
/home/michele/mltlsat/Benchmarks/random0/P0.7N1L5M100T100-5.mltl,0.0,7804.8,sat
/home/michele/mltlsat/Benchmarks/random0/P0.7N1L5M100T100-6.mltl,0.0,7807.2,sat
/home/michele/mltlsat/Benchmarks/random0/P0.7N1L5M100T100-7.mltl,0.0,7788,sat
/home/michele/mltlsat/Benchmarks/random0/P0.7N1L5M100T100-8.mltl,0.0,7816.8,sat
/home/michele/mltlsat/Benchmarks/random0/P0.7N1L5M100T100-9.mltl,0.0,7794.4,sat
/home/michele/mltlsat/Benchmarks/random0/P0.7N1L60M100T100-10.mltl,0.0,7793.6,sat
/home/michele/mltlsat/Benchmarks/random0/P0.7N1L60M100T100-1.mltl,0.642,13930.4,sat
/home/michele/mltlsat/Benchmarks/random0/P0.7N1L60M100T100-2.mltl,0.0,7815.2,unsat
/home/michele/mltlsat/Benchmarks/random0/P0.7N1L60M100T100-3.mltl,-1,-1,TO
/home/michele/mltlsat/Benchmarks/random0/P0.7N1L60M100T100-4.mltl,6.072,2084154.4,sat
/home/michele/mltlsat/Benchmarks/random0/P0.7N1L60M100T100-5.mltl,-1,-1,TO
/home/michele/mltlsat/Benchmarks/random0/P0.7N1L60M100T100-6.mltl,0.0,7813.6,sat
/home/michele/mltlsat/Benchmarks/random0/P0.7N1L60M100T100-7.mltl,0.0,7788.8,unsat
/home/michele/mltlsat/Benchmarks/random0/P0.7N1L60M100T100-8.mltl,0.0,7792,sat
/home/michele/mltlsat/Benchmarks/random0/P0.7N1L60M100T100-9.mltl,0.0,7794.4,sat
/home/michele/mltlsat/Benchmarks/random0/P0.7N1L65M100T100-10.mltl,0.03,22854.4,sat
/home/michele/mltlsat/Benchmarks/random0/P0.7N1L65M100T100-1.mltl,0.0,7829.6,sat
/home/michele/mltlsat/Benchmarks/random0/P0.7N1L65M100T100-2.mltl,0.0,7804,sat
/home/michele/mltlsat/Benchmarks/random0/P0.7N1L65M100T100-3.mltl,1.592,30832,sat
/home/michele/mltlsat/Benchmarks/random0/P0.7N1L65M100T100-4.mltl,-1,-1,TO
/home/michele/mltlsat/Benchmarks/random0/P0.7N1L65M100T100-5.mltl,0.006,10844,sat
/home/michele/mltlsat/Benchmarks/random0/P0.7N1L65M100T100-6.mltl,-1,-1,TO
/home/michele/mltlsat/Benchmarks/random0/P0.7N1L65M100T100-7.mltl,0.0,9320.8,sat
/home/michele/mltlsat/Benchmarks/random0/P0.7N1L65M100T100-8.mltl,0.0,7819.2,sat
/home/michele/mltlsat/Benchmarks/random0/P0.7N1L65M100T100-9.mltl,0.01,12418.4,sat
/home/michele/mltlsat/Benchmarks/random0/P0.7N1L70M100T100-10.mltl,0.118,49254.4,sat
/home/michele/mltlsat/Benchmarks/random0/P0.7N1L70M100T100-1.mltl,0.0,7808,sat
/home/michele/mltlsat/Benchmarks/random0/P0.7N1L70M100T100-2.mltl,-1,-1,TO
/home/michele/mltlsat/Benchmarks/random0/P0.7N1L70M100T100-3.mltl,0.02,15478.4,sat
/home/michele/mltlsat/Benchmarks/random0/P0.7N1L70M100T100-4.mltl,0.002,10879.2,sat
/home/michele/mltlsat/Benchmarks/random0/P0.7N1L70M100T100-5.mltl,0.0,7802.4,sat
/home/michele/mltlsat/Benchmarks/random0/P0.7N1L70M100T100-6.mltl,0.0,7809.6,sat
/home/michele/mltlsat/Benchmarks/random0/P0.7N1L70M100T100-7.mltl,0.01,13966.4,sat
/home/michele/mltlsat/Benchmarks/random0/P0.7N1L70M100T100-8.mltl,-1,-1,TO
/home/michele/mltlsat/Benchmarks/random0/P0.7N1L70M100T100-9.mltl,0.03,10880,sat
/home/michele/mltlsat/Benchmarks/random0/P0.7N1L75M100T100-10.mltl,0.0,7801.6,unsat
/home/michele/mltlsat/Benchmarks/random0/P0.7N1L75M100T100-1.mltl,0.07,38516.8,sat
/home/michele/mltlsat/Benchmarks/random0/P0.7N1L75M100T100-2.mltl,0.0,7786.4,sat
/home/michele/mltlsat/Benchmarks/random0/P0.7N1L75M100T100-3.mltl,0.0,7793.6,sat
/home/michele/mltlsat/Benchmarks/random0/P0.7N1L75M100T100-4.mltl,-1,-1,TO
/home/michele/mltlsat/Benchmarks/random0/P0.7N1L75M100T100-5.mltl,0.0,7779.2,sat
/home/michele/mltlsat/Benchmarks/random0/P0.7N1L75M100T100-6.mltl,0.0,7807.2,sat
/home/michele/mltlsat/Benchmarks/random0/P0.7N1L75M100T100-7.mltl,0.0,7483.2,sat
/home/michele/mltlsat/Benchmarks/random0/P0.7N1L75M100T100-8.mltl,0.0,7781.6,sat
/home/michele/mltlsat/Benchmarks/random0/P0.7N1L75M100T100-9.mltl,0.0,7776.8,sat
/home/michele/mltlsat/Benchmarks/random0/P0.7N1L80M100T100-10.mltl,-1,-1,TO
/home/michele/mltlsat/Benchmarks/random0/P0.7N1L80M100T100-1.mltl,0.018000000000000002,12416,sat
/home/michele/mltlsat/Benchmarks/random0/P0.7N1L80M100T100-2.mltl,0.0,7791.2,sat
/home/michele/mltlsat/Benchmarks/random0/P0.7N1L80M100T100-3.mltl,-1,-1,TO
/home/michele/mltlsat/Benchmarks/random0/P0.7N1L80M100T100-4.mltl,0.0,7790.4,sat
/home/michele/mltlsat/Benchmarks/random0/P0.7N1L80M100T100-5.mltl,0.0,7808,unsat
/home/michele/mltlsat/Benchmarks/random0/P0.7N1L80M100T100-6.mltl,0.0,7800,sat
/home/michele/mltlsat/Benchmarks/random0/P0.7N1L80M100T100-7.mltl,0.0,7828.8,sat
/home/michele/mltlsat/Benchmarks/random0/P0.7N1L80M100T100-8.mltl,0.024,9315.2,sat
/home/michele/mltlsat/Benchmarks/random0/P0.7N1L80M100T100-9.mltl,0.0,7788,sat
/home/michele/mltlsat/Benchmarks/random0/P0.7N1L85M100T100-10.mltl,-1,-1,TO
/home/michele/mltlsat/Benchmarks/random0/P0.7N1L85M100T100-1.mltl,-1,-1,TO
/home/michele/mltlsat/Benchmarks/random0/P0.7N1L85M100T100-2.mltl,0.0,7776.8,sat
/home/michele/mltlsat/Benchmarks/random0/P0.7N1L85M100T100-3.mltl,-1,-1,TO
/home/michele/mltlsat/Benchmarks/random0/P0.7N1L85M100T100-4.mltl,0.01,13963.2,sat
/home/michele/mltlsat/Benchmarks/random0/P0.7N1L85M100T100-5.mltl,0.0,7829.6,sat
/home/michele/mltlsat/Benchmarks/random0/P0.7N1L85M100T100-6.mltl,0.0,7776,sat
/home/michele/mltlsat/Benchmarks/random0/P0.7N1L85M100T100-7.mltl,0.0,10879.2,sat
/home/michele/mltlsat/Benchmarks/random0/P0.7N1L85M100T100-8.mltl,0.0,9339.2,sat
/home/michele/mltlsat/Benchmarks/random0/P0.7N1L85M100T100-9.mltl,0.0,7790.4,sat
/home/michele/mltlsat/Benchmarks/random0/P0.7N1L90M100T100-10.mltl,0.0,7811.2,sat
/home/michele/mltlsat/Benchmarks/random0/P0.7N1L90M100T100-1.mltl,-1,-1,TO
/home/michele/mltlsat/Benchmarks/random0/P0.7N1L90M100T100-2.mltl,-1,-1,TO
/home/michele/mltlsat/Benchmarks/random0/P0.7N1L90M100T100-3.mltl,0.0,7792,sat
/home/michele/mltlsat/Benchmarks/random0/P0.7N1L90M100T100-4.mltl,0.0,7804,sat
/home/michele/mltlsat/Benchmarks/random0/P0.7N1L90M100T100-5.mltl,-1,-1,TO
/home/michele/mltlsat/Benchmarks/random0/P0.7N1L90M100T100-6.mltl,0.194,20094.4,sat
/home/michele/mltlsat/Benchmarks/random0/P0.7N1L90M100T100-7.mltl,0.02,17021.6,sat
/home/michele/mltlsat/Benchmarks/random0/P0.7N1L90M100T100-8.mltl,0.0,9323.2,sat
/home/michele/mltlsat/Benchmarks/random0/P0.7N1L90M100T100-9.mltl,0.01,12389.6,sat
/home/michele/mltlsat/Benchmarks/random0/P0.7N1L95M100T100-10.mltl,2.492,1148434.4,sat
/home/michele/mltlsat/Benchmarks/random0/P0.7N1L95M100T100-1.mltl,0.01,13944,sat
/home/michele/mltlsat/Benchmarks/random0/P0.7N1L95M100T100-2.mltl,-1,-1,TO
/home/michele/mltlsat/Benchmarks/random0/P0.7N1L95M100T100-3.mltl,0.0,7814.4,sat
/home/michele/mltlsat/Benchmarks/random0/P0.7N1L95M100T100-4.mltl,0.0,7780,sat
/home/michele/mltlsat/Benchmarks/random0/P0.7N1L95M100T100-5.mltl,-1,-1,TO
/home/michele/mltlsat/Benchmarks/random0/P0.7N1L95M100T100-6.mltl,0.0,9341.6,sat
/home/michele/mltlsat/Benchmarks/random0/P0.7N1L95M100T100-7.mltl,0.0,7784,sat
/home/michele/mltlsat/Benchmarks/random0/P0.7N1L95M100T100-8.mltl,0.02,15472,sat
/home/michele/mltlsat/Benchmarks/random0/P0.7N1L95M100T100-9.mltl,0.0,10862.4,sat
/home/michele/mltlsat/Benchmarks/random0/P0.7N2L100M100T100-10.mltl,-1,-1,TO
/home/michele/mltlsat/Benchmarks/random0/P0.7N2L100M100T100-1.mltl,0.01,12428.8,sat
/home/michele/mltlsat/Benchmarks/random0/P0.7N2L100M100T100-2.mltl,0.0,7802.4,sat
/home/michele/mltlsat/Benchmarks/random0/P0.7N2L100M100T100-3.mltl,0.022,17039.2,sat
/home/michele/mltlsat/Benchmarks/random0/P0.7N2L100M100T100-4.mltl,0.0,7792.8,unsat
/home/michele/mltlsat/Benchmarks/random0/P0.7N2L100M100T100-5.mltl,84.22,1683885.6,sat
/home/michele/mltlsat/Benchmarks/random0/P0.7N2L100M100T100-6.mltl,0.192,80024,sat
/home/michele/mltlsat/Benchmarks/random0/P0.7N2L100M100T100-7.mltl,0.01,10892,sat
/home/michele/mltlsat/Benchmarks/random0/P0.7N2L100M100T100-8.mltl,-1,-1,TO
/home/michele/mltlsat/Benchmarks/random0/P0.7N2L100M100T100-9.mltl,-1,-1,TO
/home/michele/mltlsat/Benchmarks/random0/P0.7N2L10M100T100-10.mltl,0.0,7801.6,sat
/home/michele/mltlsat/Benchmarks/random0/P0.7N2L10M100T100-1.mltl,0.0,7780,sat
/home/michele/mltlsat/Benchmarks/random0/P0.7N2L10M100T100-2.mltl,0.0,7793.6,sat
/home/michele/mltlsat/Benchmarks/random0/P0.7N2L10M100T100-3.mltl,0.0,7792,sat
/home/michele/mltlsat/Benchmarks/random0/P0.7N2L10M100T100-4.mltl,0.0,7766.4,sat
/home/michele/mltlsat/Benchmarks/random0/P0.7N2L10M100T100-5.mltl,0.0,7811.2,sat
/home/michele/mltlsat/Benchmarks/random0/P0.7N2L10M100T100-6.mltl,0.0,7804.8,sat
/home/michele/mltlsat/Benchmarks/random0/P0.7N2L10M100T100-7.mltl,0.0,7791.2,sat
/home/michele/mltlsat/Benchmarks/random0/P0.7N2L10M100T100-8.mltl,0.0,7804.8,sat
/home/michele/mltlsat/Benchmarks/random0/P0.7N2L10M100T100-9.mltl,0.0,7784.8,sat
/home/michele/mltlsat/Benchmarks/random0/P0.7N2L15M100T100-10.mltl,0.0,7787.2,sat
/home/michele/mltlsat/Benchmarks/random0/P0.7N2L15M100T100-1.mltl,0.0,7796.8,sat
/home/michele/mltlsat/Benchmarks/random0/P0.7N2L15M100T100-2.mltl,0.0,7796.8,sat
/home/michele/mltlsat/Benchmarks/random0/P0.7N2L15M100T100-3.mltl,0.01,10553.6,sat
/home/michele/mltlsat/Benchmarks/random0/P0.7N2L15M100T100-4.mltl,0.0,7770.4,sat
/home/michele/mltlsat/Benchmarks/random0/P0.7N2L15M100T100-5.mltl,0.0,7801.6,sat
/home/michele/mltlsat/Benchmarks/random0/P0.7N2L15M100T100-6.mltl,0.0,7784,sat
/home/michele/mltlsat/Benchmarks/random0/P0.7N2L15M100T100-7.mltl,0.0,7769.6,sat
/home/michele/mltlsat/Benchmarks/random0/P0.7N2L15M100T100-8.mltl,0.0,9324.8,sat
/home/michele/mltlsat/Benchmarks/random0/P0.7N2L15M100T100-9.mltl,0.0,9325.6,sat
/home/michele/mltlsat/Benchmarks/random0/P0.7N2L20M100T100-10.mltl,0.0,9033.6,sat
/home/michele/mltlsat/Benchmarks/random0/P0.7N2L20M100T100-1.mltl,0.0,9336.8,sat
/home/michele/mltlsat/Benchmarks/random0/P0.7N2L20M100T100-2.mltl,0.0,7808.8,sat
/home/michele/mltlsat/Benchmarks/random0/P0.7N2L20M100T100-3.mltl,0.0,7784,sat
/home/michele/mltlsat/Benchmarks/random0/P0.7N2L20M100T100-4.mltl,0.0,7795.2,sat
/home/michele/mltlsat/Benchmarks/random0/P0.7N2L20M100T100-5.mltl,0.0,7792,sat
/home/michele/mltlsat/Benchmarks/random0/P0.7N2L20M100T100-6.mltl,0.0,7806.4,sat
/home/michele/mltlsat/Benchmarks/random0/P0.7N2L20M100T100-7.mltl,0.0,7794.4,sat
/home/michele/mltlsat/Benchmarks/random0/P0.7N2L20M100T100-8.mltl,0.0,9325.6,sat
/home/michele/mltlsat/Benchmarks/random0/P0.7N2L20M100T100-9.mltl,0.0,7836.8,sat
/home/michele/mltlsat/Benchmarks/random0/P0.7N2L25M100T100-10.mltl,0.0,7809.6,sat
/home/michele/mltlsat/Benchmarks/random0/P0.7N2L25M100T100-1.mltl,0.0,7784,sat
/home/michele/mltlsat/Benchmarks/random0/P0.7N2L25M100T100-2.mltl,0.0,10874.4,sat
/home/michele/mltlsat/Benchmarks/random0/P0.7N2L25M100T100-3.mltl,0.05,10852,sat
/home/michele/mltlsat/Benchmarks/random0/P0.7N2L25M100T100-4.mltl,0.0,7801.6,sat
/home/michele/mltlsat/Benchmarks/random0/P0.7N2L25M100T100-5.mltl,0.0,7776.8,sat
/home/michele/mltlsat/Benchmarks/random0/P0.7N2L25M100T100-6.mltl,0.0,7777.6,sat
/home/michele/mltlsat/Benchmarks/random0/P0.7N2L25M100T100-7.mltl,0.118,13955.2,sat
/home/michele/mltlsat/Benchmarks/random0/P0.7N2L25M100T100-8.mltl,0.09,9360.8,sat
/home/michele/mltlsat/Benchmarks/random0/P0.7N2L25M100T100-9.mltl,0.0,7775.2,sat
/home/michele/mltlsat/Benchmarks/random0/P0.7N2L30M100T100-10.mltl,0.06,9344,sat
/home/michele/mltlsat/Benchmarks/random0/P0.7N2L30M100T100-1.mltl,-1,-1,TO
/home/michele/mltlsat/Benchmarks/random0/P0.7N2L30M100T100-2.mltl,-1,-1,TO
/home/michele/mltlsat/Benchmarks/random0/P0.7N2L30M100T100-3.mltl,0.0,7832.8,sat
/home/michele/mltlsat/Benchmarks/random0/P0.7N2L30M100T100-4.mltl,0.0,9329.6,sat
/home/michele/mltlsat/Benchmarks/random0/P0.7N2L30M100T100-5.mltl,0.0,9364,sat
/home/michele/mltlsat/Benchmarks/random0/P0.7N2L30M100T100-6.mltl,0.06,13944.8,sat
/home/michele/mltlsat/Benchmarks/random0/P0.7N2L30M100T100-7.mltl,0.0,9330.4,sat
/home/michele/mltlsat/Benchmarks/random0/P0.7N2L30M100T100-8.mltl,0.0,7794.4,sat
/home/michele/mltlsat/Benchmarks/random0/P0.7N2L30M100T100-9.mltl,0.02,10860,sat
/home/michele/mltlsat/Benchmarks/random0/P0.7N2L35M100T100-10.mltl,0.0,7803.2,sat
/home/michele/mltlsat/Benchmarks/random0/P0.7N2L35M100T100-1.mltl,0.0,9324.8,sat
/home/michele/mltlsat/Benchmarks/random0/P0.7N2L35M100T100-2.mltl,0.0,7805.6,sat
/home/michele/mltlsat/Benchmarks/random0/P0.7N2L35M100T100-3.mltl,0.04,27767.2,sat
/home/michele/mltlsat/Benchmarks/random0/P0.7N2L35M100T100-4.mltl,0.472,136809.6,sat
/home/michele/mltlsat/Benchmarks/random0/P0.7N2L35M100T100-5.mltl,0.0,7778.4,unsat
/home/michele/mltlsat/Benchmarks/random0/P0.7N2L35M100T100-6.mltl,0.0,7785.6,sat
/home/michele/mltlsat/Benchmarks/random0/P0.7N2L35M100T100-7.mltl,0.0,7801.6,sat
/home/michele/mltlsat/Benchmarks/random0/P0.7N2L35M100T100-8.mltl,0.012,15497.6,sat
/home/michele/mltlsat/Benchmarks/random0/P0.7N2L35M100T100-9.mltl,0.02,9340.8,sat
/home/michele/mltlsat/Benchmarks/random0/P0.7N2L40M100T100-10.mltl,0.0,7812,sat
/home/michele/mltlsat/Benchmarks/random0/P0.7N2L40M100T100-1.mltl,0.0,7797.6,sat
/home/michele/mltlsat/Benchmarks/random0/P0.7N2L40M100T100-2.mltl,-1,-1,TO
/home/michele/mltlsat/Benchmarks/random0/P0.7N2L40M100T100-3.mltl,0.0,7801.6,sat
/home/michele/mltlsat/Benchmarks/random0/P0.7N2L40M100T100-4.mltl,0.0,9311.2,sat
/home/michele/mltlsat/Benchmarks/random0/P0.7N2L40M100T100-5.mltl,0.0,7788,sat
/home/michele/mltlsat/Benchmarks/random0/P0.7N2L40M100T100-6.mltl,-1,-1,TO
/home/michele/mltlsat/Benchmarks/random0/P0.7N2L40M100T100-7.mltl,-1,-1,TO
/home/michele/mltlsat/Benchmarks/random0/P0.7N2L40M100T100-8.mltl,0.008,10888,sat
/home/michele/mltlsat/Benchmarks/random0/P0.7N2L40M100T100-9.mltl,0.0,7817.6,sat
/home/michele/mltlsat/Benchmarks/random0/P0.7N2L45M100T100-10.mltl,-1,-1,TO
/home/michele/mltlsat/Benchmarks/random0/P0.7N2L45M100T100-1.mltl,6.22,15490.4,sat
/home/michele/mltlsat/Benchmarks/random0/P0.7N2L45M100T100-2.mltl,0.0,7807.2,sat
/home/michele/mltlsat/Benchmarks/random0/P0.7N2L45M100T100-3.mltl,0.0,7790.4,sat
/home/michele/mltlsat/Benchmarks/random0/P0.7N2L45M100T100-4.mltl,0.0,7794.4,sat
/home/michele/mltlsat/Benchmarks/random0/P0.7N2L45M100T100-5.mltl,0.0,7813.6,sat
/home/michele/mltlsat/Benchmarks/random0/P0.7N2L45M100T100-6.mltl,38.458,876231.2,sat
/home/michele/mltlsat/Benchmarks/random0/P0.7N2L45M100T100-7.mltl,0.008,10860.8,sat
/home/michele/mltlsat/Benchmarks/random0/P0.7N2L45M100T100-8.mltl,0.0,7802.4,sat
/home/michele/mltlsat/Benchmarks/random0/P0.7N2L45M100T100-9.mltl,0.06,12398.4,sat
/home/michele/mltlsat/Benchmarks/random0/P0.7N2L50M100T100-10.mltl,0.01,7822.4,unsat
/home/michele/mltlsat/Benchmarks/random0/P0.7N2L50M100T100-1.mltl,0.0,7804.8,sat
/home/michele/mltlsat/Benchmarks/random0/P0.7N2L50M100T100-2.mltl,0.01,10865.6,sat
/home/michele/mltlsat/Benchmarks/random0/P0.7N2L50M100T100-3.mltl,0.0,7799.2,sat
/home/michele/mltlsat/Benchmarks/random0/P0.7N2L50M100T100-4.mltl,0.0,7820.8,sat
/home/michele/mltlsat/Benchmarks/random0/P0.7N2L50M100T100-5.mltl,1.51,17002.4,unsat
/home/michele/mltlsat/Benchmarks/random0/P0.7N2L50M100T100-6.mltl,-1,-1,TO
/home/michele/mltlsat/Benchmarks/random0/P0.7N2L50M100T100-7.mltl,0.0,9340,sat
/home/michele/mltlsat/Benchmarks/random0/P0.7N2L50M100T100-8.mltl,0.0,9344,sat
/home/michele/mltlsat/Benchmarks/random0/P0.7N2L50M100T100-9.mltl,0.04,24686.4,sat
/home/michele/mltlsat/Benchmarks/random0/P0.7N2L55M100T100-10.mltl,0.01,13925.6,sat
/home/michele/mltlsat/Benchmarks/random0/P0.7N2L55M100T100-1.mltl,0.0,10871.2,sat
/home/michele/mltlsat/Benchmarks/random0/P0.7N2L55M100T100-2.mltl,-1,-1,TO
/home/michele/mltlsat/Benchmarks/random0/P0.7N2L55M100T100-3.mltl,0.0,7789.6,sat
/home/michele/mltlsat/Benchmarks/random0/P0.7N2L55M100T100-4.mltl,-1,-1,OOM
/home/michele/mltlsat/Benchmarks/random0/P0.7N2L55M100T100-5.mltl,0.0,7797.6,sat
/home/michele/mltlsat/Benchmarks/random0/P0.7N2L55M100T100-6.mltl,0.06,12111.2,sat
/home/michele/mltlsat/Benchmarks/random0/P0.7N2L55M100T100-7.mltl,-1,-1,TO
/home/michele/mltlsat/Benchmarks/random0/P0.7N2L55M100T100-8.mltl,0.01,12401.6,sat
/home/michele/mltlsat/Benchmarks/random0/P0.7N2L55M100T100-9.mltl,0.01,10874.4,sat
/home/michele/mltlsat/Benchmarks/random0/P0.7N2L5M100T100-10.mltl,0.0,7793.6,sat
/home/michele/mltlsat/Benchmarks/random0/P0.7N2L5M100T100-1.mltl,0.0,7770.4,sat
/home/michele/mltlsat/Benchmarks/random0/P0.7N2L5M100T100-2.mltl,0.0,7785.6,sat
/home/michele/mltlsat/Benchmarks/random0/P0.7N2L5M100T100-3.mltl,0.0,7823.2,sat
/home/michele/mltlsat/Benchmarks/random0/P0.7N2L5M100T100-4.mltl,0.0,7805.6,sat
/home/michele/mltlsat/Benchmarks/random0/P0.7N2L5M100T100-5.mltl,0.0,7809.6,sat
/home/michele/mltlsat/Benchmarks/random0/P0.7N2L5M100T100-6.mltl,0.0,7784,sat
/home/michele/mltlsat/Benchmarks/random0/P0.7N2L5M100T100-7.mltl,0.0,7796,sat
/home/michele/mltlsat/Benchmarks/random0/P0.7N2L5M100T100-8.mltl,0.0,7805.6,sat
/home/michele/mltlsat/Benchmarks/random0/P0.7N2L5M100T100-9.mltl,0.0,7775.2,sat
/home/michele/mltlsat/Benchmarks/random0/P0.7N2L60M100T100-10.mltl,0.08,17041.6,sat
/home/michele/mltlsat/Benchmarks/random0/P0.7N2L60M100T100-1.mltl,0.0,9353.6,sat
/home/michele/mltlsat/Benchmarks/random0/P0.7N2L60M100T100-2.mltl,0.02,15454.4,sat
/home/michele/mltlsat/Benchmarks/random0/P0.7N2L60M100T100-3.mltl,-1,-1,TO
/home/michele/mltlsat/Benchmarks/random0/P0.7N2L60M100T100-4.mltl,0.004,10871.2,sat
/home/michele/mltlsat/Benchmarks/random0/P0.7N2L60M100T100-5.mltl,82.29599999999999,2614999.2,sat
/home/michele/mltlsat/Benchmarks/random0/P0.7N2L60M100T100-6.mltl,1.282,542308.8,sat
/home/michele/mltlsat/Benchmarks/random0/P0.7N2L60M100T100-7.mltl,-1,-1,TO
/home/michele/mltlsat/Benchmarks/random0/P0.7N2L60M100T100-8.mltl,-1,-1,TO
/home/michele/mltlsat/Benchmarks/random0/P0.7N2L60M100T100-9.mltl,50.556,1906911.2,sat
/home/michele/mltlsat/Benchmarks/random0/P0.7N2L65M100T100-10.mltl,0.0,7788.8,sat
/home/michele/mltlsat/Benchmarks/random0/P0.7N2L65M100T100-1.mltl,0.006,10864.8,sat
/home/michele/mltlsat/Benchmarks/random0/P0.7N2L65M100T100-2.mltl,0.0,7794.4,sat
/home/michele/mltlsat/Benchmarks/random0/P0.7N2L65M100T100-3.mltl,0.03,21644,sat
/home/michele/mltlsat/Benchmarks/random0/P0.7N2L65M100T100-4.mltl,-1,-1,TO
/home/michele/mltlsat/Benchmarks/random0/P0.7N2L65M100T100-5.mltl,0.05,12392.8,sat
/home/michele/mltlsat/Benchmarks/random0/P0.7N2L65M100T100-6.mltl,0.01,12405.6,sat
/home/michele/mltlsat/Benchmarks/random0/P0.7N2L65M100T100-7.mltl,0.11,32375.2,sat
/home/michele/mltlsat/Benchmarks/random0/P0.7N2L65M100T100-8.mltl,0.0,7789.6,unsat
/home/michele/mltlsat/Benchmarks/random0/P0.7N2L65M100T100-9.mltl,0.0,9317.6,sat
/home/michele/mltlsat/Benchmarks/random0/P0.7N2L70M100T100-10.mltl,0.06,33918.4,sat
/home/michele/mltlsat/Benchmarks/random0/P0.7N2L70M100T100-1.mltl,0.0,7829.6,unsat
/home/michele/mltlsat/Benchmarks/random0/P0.7N2L70M100T100-2.mltl,0.012,16998.4,sat
/home/michele/mltlsat/Benchmarks/random0/P0.7N2L70M100T100-3.mltl,-1,-1,TO
/home/michele/mltlsat/Benchmarks/random0/P0.7N2L70M100T100-4.mltl,0.0,7785.6,sat
/home/michele/mltlsat/Benchmarks/random0/P0.7N2L70M100T100-5.mltl,0.0,9360,sat
/home/michele/mltlsat/Benchmarks/random0/P0.7N2L70M100T100-6.mltl,0.05,27462.4,sat
/home/michele/mltlsat/Benchmarks/random0/P0.7N2L70M100T100-7.mltl,0.11,21608,sat
/home/michele/mltlsat/Benchmarks/random0/P0.7N2L70M100T100-8.mltl,0.02,12388.8,sat
/home/michele/mltlsat/Benchmarks/random0/P0.7N2L70M100T100-9.mltl,18.742,28075.2,sat
/home/michele/mltlsat/Benchmarks/random0/P0.7N2L75M100T100-10.mltl,0.004,10908.8,sat
/home/michele/mltlsat/Benchmarks/random0/P0.7N2L75M100T100-1.mltl,0.02,17032.8,sat
/home/michele/mltlsat/Benchmarks/random0/P0.7N2L75M100T100-2.mltl,0.0,7832,sat
/home/michele/mltlsat/Benchmarks/random0/P0.7N2L75M100T100-3.mltl,0.09,47750.4,sat
/home/michele/mltlsat/Benchmarks/random0/P0.7N2L75M100T100-4.mltl,0.01,9309.6,sat
/home/michele/mltlsat/Benchmarks/random0/P0.7N2L75M100T100-5.mltl,0.552,36647.2,sat
/home/michele/mltlsat/Benchmarks/random0/P0.7N2L75M100T100-6.mltl,-1,-1,TO
/home/michele/mltlsat/Benchmarks/random0/P0.7N2L75M100T100-7.mltl,0.612,63088,sat
/home/michele/mltlsat/Benchmarks/random0/P0.7N2L75M100T100-8.mltl,-1,-1,TO
/home/michele/mltlsat/Benchmarks/random0/P0.7N2L75M100T100-9.mltl,0.0,7784.8,sat
/home/michele/mltlsat/Benchmarks/random0/P0.7N2L80M100T100-10.mltl,0.0,7816,sat
/home/michele/mltlsat/Benchmarks/random0/P0.7N2L80M100T100-1.mltl,-1,-1,TO
/home/michele/mltlsat/Benchmarks/random0/P0.7N2L80M100T100-2.mltl,0.0,7790.4,sat
/home/michele/mltlsat/Benchmarks/random0/P0.7N2L80M100T100-3.mltl,0.01,10875.2,sat
/home/michele/mltlsat/Benchmarks/random0/P0.7N2L80M100T100-4.mltl,0.278,33909.6,sat
/home/michele/mltlsat/Benchmarks/random0/P0.7N2L80M100T100-5.mltl,-1,-1,TO
/home/michele/mltlsat/Benchmarks/random0/P0.7N2L80M100T100-6.mltl,0.0,7816,sat
/home/michele/mltlsat/Benchmarks/random0/P0.7N2L80M100T100-7.mltl,0.706,132221.6,sat
/home/michele/mltlsat/Benchmarks/random0/P0.7N2L80M100T100-8.mltl,0.0,9352,sat
/home/michele/mltlsat/Benchmarks/random0/P0.7N2L80M100T100-9.mltl,0.0,7788.8,sat
/home/michele/mltlsat/Benchmarks/random0/P0.7N2L85M100T100-10.mltl,0.02,15155.2,sat
/home/michele/mltlsat/Benchmarks/random0/P0.7N2L85M100T100-1.mltl,0.01,7780.8,sat
/home/michele/mltlsat/Benchmarks/random0/P0.7N2L85M100T100-2.mltl,0.0,7788.8,sat
/home/michele/mltlsat/Benchmarks/random0/P0.7N2L85M100T100-3.mltl,0.02,17008,sat
/home/michele/mltlsat/Benchmarks/random0/P0.7N2L85M100T100-4.mltl,8.209999999999999,970237.6,sat
/home/michele/mltlsat/Benchmarks/random0/P0.7N2L85M100T100-5.mltl,0.0,7821.6,sat
/home/michele/mltlsat/Benchmarks/random0/P0.7N2L85M100T100-6.mltl,0.472,32381.6,sat
/home/michele/mltlsat/Benchmarks/random0/P0.7N2L85M100T100-7.mltl,0.0,7781.6,sat
/home/michele/mltlsat/Benchmarks/random0/P0.7N2L85M100T100-8.mltl,0.01,13933.6,sat
/home/michele/mltlsat/Benchmarks/random0/P0.7N2L85M100T100-9.mltl,22.162,6450108,sat
/home/michele/mltlsat/Benchmarks/random0/P0.7N2L90M100T100-10.mltl,0.14200000000000002,15485.6,sat
/home/michele/mltlsat/Benchmarks/random0/P0.7N2L90M100T100-1.mltl,0.014,13942.4,sat
/home/michele/mltlsat/Benchmarks/random0/P0.7N2L90M100T100-2.mltl,3.7600000000000002,1556108.8,sat
/home/michele/mltlsat/Benchmarks/random0/P0.7N2L90M100T100-3.mltl,0.0,7780,unsat
/home/michele/mltlsat/Benchmarks/random0/P0.7N2L90M100T100-4.mltl,52.048,2137606.4,sat
/home/michele/mltlsat/Benchmarks/random0/P0.7N2L90M100T100-5.mltl,0.01,10839.2,sat
/home/michele/mltlsat/Benchmarks/random0/P0.7N2L90M100T100-6.mltl,0.0,7788,sat
/home/michele/mltlsat/Benchmarks/random0/P0.7N2L90M100T100-7.mltl,0.0,7800.8,sat
/home/michele/mltlsat/Benchmarks/random0/P0.7N2L90M100T100-8.mltl,6.866,420993.6,sat
/home/michele/mltlsat/Benchmarks/random0/P0.7N2L90M100T100-9.mltl,0.0,7808,sat
/home/michele/mltlsat/Benchmarks/random0/P0.7N2L95M100T100-10.mltl,0.0,7794.4,sat
/home/michele/mltlsat/Benchmarks/random0/P0.7N2L95M100T100-1.mltl,-1,-1,TO
/home/michele/mltlsat/Benchmarks/random0/P0.7N2L95M100T100-2.mltl,0.0,7796,sat
/home/michele/mltlsat/Benchmarks/random0/P0.7N2L95M100T100-3.mltl,0.0,7770.4,sat
/home/michele/mltlsat/Benchmarks/random0/P0.7N2L95M100T100-4.mltl,0.0,7808.8,sat
/home/michele/mltlsat/Benchmarks/random0/P0.7N2L95M100T100-5.mltl,-1,-1,TO
/home/michele/mltlsat/Benchmarks/random0/P0.7N2L95M100T100-6.mltl,0.01,9325.6,sat
/home/michele/mltlsat/Benchmarks/random0/P0.7N2L95M100T100-7.mltl,0.0,7801.6,sat
/home/michele/mltlsat/Benchmarks/random0/P0.7N2L95M100T100-8.mltl,-1,-1,TO
/home/michele/mltlsat/Benchmarks/random0/P0.7N2L95M100T100-9.mltl,-1,-1,TO
/home/michele/mltlsat/Benchmarks/random0/P0.7N3L100M100T100-10.mltl,0.586,24711.2,sat
/home/michele/mltlsat/Benchmarks/random0/P0.7N3L100M100T100-1.mltl,0.0,7802.4,sat
/home/michele/mltlsat/Benchmarks/random0/P0.7N3L100M100T100-2.mltl,0.0,7801.6,sat
/home/michele/mltlsat/Benchmarks/random0/P0.7N3L100M100T100-3.mltl,-1,-1,TO
/home/michele/mltlsat/Benchmarks/random0/P0.7N3L100M100T100-4.mltl,0.0,7832.8,sat
/home/michele/mltlsat/Benchmarks/random0/P0.7N3L100M100T100-5.mltl,-1,-1,OOM
/home/michele/mltlsat/Benchmarks/random0/P0.7N3L100M100T100-6.mltl,-1,-1,TO
/home/michele/mltlsat/Benchmarks/random0/P0.7N3L100M100T100-7.mltl,1.066,21304,sat
/home/michele/mltlsat/Benchmarks/random0/P0.7N3L100M100T100-8.mltl,0.02,9340,sat
/home/michele/mltlsat/Benchmarks/random0/P0.7N3L100M100T100-9.mltl,0.14200000000000002,45908.8,sat
/home/michele/mltlsat/Benchmarks/random0/P0.7N3L10M100T100-10.mltl,0.0,10570.4,sat
/home/michele/mltlsat/Benchmarks/random0/P0.7N3L10M100T100-1.mltl,0.0,7822.4,sat
/home/michele/mltlsat/Benchmarks/random0/P0.7N3L10M100T100-2.mltl,0.0,7786.4,sat
/home/michele/mltlsat/Benchmarks/random0/P0.7N3L10M100T100-3.mltl,0.0,7780,sat
/home/michele/mltlsat/Benchmarks/random0/P0.7N3L10M100T100-4.mltl,0.0,7786.4,sat
/home/michele/mltlsat/Benchmarks/random0/P0.7N3L10M100T100-5.mltl,0.0,7788.8,sat
/home/michele/mltlsat/Benchmarks/random0/P0.7N3L10M100T100-6.mltl,0.0,7795.2,sat
/home/michele/mltlsat/Benchmarks/random0/P0.7N3L10M100T100-7.mltl,0.0,7804.8,sat
/home/michele/mltlsat/Benchmarks/random0/P0.7N3L10M100T100-8.mltl,0.0,7814.4,sat
/home/michele/mltlsat/Benchmarks/random0/P0.7N3L10M100T100-9.mltl,0.0,7793.6,sat
/home/michele/mltlsat/Benchmarks/random0/P0.7N3L15M100T100-10.mltl,0.0,7792.8,sat
/home/michele/mltlsat/Benchmarks/random0/P0.7N3L15M100T100-1.mltl,18.47,98110.4,sat
/home/michele/mltlsat/Benchmarks/random0/P0.7N3L15M100T100-2.mltl,0.0,7810.4,sat
/home/michele/mltlsat/Benchmarks/random0/P0.7N3L15M100T100-3.mltl,0.0,7799.2,sat
/home/michele/mltlsat/Benchmarks/random0/P0.7N3L15M100T100-4.mltl,0.304,9332,unsat
/home/michele/mltlsat/Benchmarks/random0/P0.7N3L15M100T100-5.mltl,0.0,9324.8,sat
/home/michele/mltlsat/Benchmarks/random0/P0.7N3L15M100T100-6.mltl,0.0,7793.6,sat
/home/michele/mltlsat/Benchmarks/random0/P0.7N3L15M100T100-7.mltl,12.216,4500287.2,sat
/home/michele/mltlsat/Benchmarks/random0/P0.7N3L15M100T100-8.mltl,0.0,7776,sat
/home/michele/mltlsat/Benchmarks/random0/P0.7N3L15M100T100-9.mltl,0.01,10857.6,sat
/home/michele/mltlsat/Benchmarks/random0/P0.7N3L20M100T100-10.mltl,0.0,7789.6,sat
/home/michele/mltlsat/Benchmarks/random0/P0.7N3L20M100T100-1.mltl,0.0,7796,sat
/home/michele/mltlsat/Benchmarks/random0/P0.7N3L20M100T100-2.mltl,0.0,7793.6,sat
/home/michele/mltlsat/Benchmarks/random0/P0.7N3L20M100T100-3.mltl,0.0,7790.4,sat
/home/michele/mltlsat/Benchmarks/random0/P0.7N3L20M100T100-4.mltl,0.0,7790.4,sat
/home/michele/mltlsat/Benchmarks/random0/P0.7N3L20M100T100-5.mltl,0.01,12086.4,sat
/home/michele/mltlsat/Benchmarks/random0/P0.7N3L20M100T100-6.mltl,0.0,7793.6,sat
/home/michele/mltlsat/Benchmarks/random0/P0.7N3L20M100T100-7.mltl,0.0,7815.2,sat
/home/michele/mltlsat/Benchmarks/random0/P0.7N3L20M100T100-8.mltl,0.0,9337.6,sat
/home/michele/mltlsat/Benchmarks/random0/P0.7N3L20M100T100-9.mltl,0.012,9328.8,sat
/home/michele/mltlsat/Benchmarks/random0/P0.7N3L25M100T100-10.mltl,-1,-1,TO
/home/michele/mltlsat/Benchmarks/random0/P0.7N3L25M100T100-1.mltl,0.02,13644.8,sat
/home/michele/mltlsat/Benchmarks/random0/P0.7N3L25M100T100-2.mltl,0.0,9352.8,sat
/home/michele/mltlsat/Benchmarks/random0/P0.7N3L25M100T100-3.mltl,0.0,7788,sat
/home/michele/mltlsat/Benchmarks/random0/P0.7N3L25M100T100-4.mltl,0.0,7788,sat
/home/michele/mltlsat/Benchmarks/random0/P0.7N3L25M100T100-5.mltl,0.0,7784.8,unsat
/home/michele/mltlsat/Benchmarks/random0/P0.7N3L25M100T100-6.mltl,0.0,7786.4,sat
/home/michele/mltlsat/Benchmarks/random0/P0.7N3L25M100T100-7.mltl,0.0,7805.6,sat
/home/michele/mltlsat/Benchmarks/random0/P0.7N3L25M100T100-8.mltl,0.0,7813.6,sat
/home/michele/mltlsat/Benchmarks/random0/P0.7N3L25M100T100-9.mltl,0.046,12392.8,sat
/home/michele/mltlsat/Benchmarks/random0/P0.7N3L30M100T100-10.mltl,0.0,7806.4,sat
/home/michele/mltlsat/Benchmarks/random0/P0.7N3L30M100T100-1.mltl,0.0,7797.6,sat
/home/michele/mltlsat/Benchmarks/random0/P0.7N3L30M100T100-2.mltl,0.0,7782.4,sat
/home/michele/mltlsat/Benchmarks/random0/P0.7N3L30M100T100-3.mltl,0.018000000000000002,13958.4,sat
/home/michele/mltlsat/Benchmarks/random0/P0.7N3L30M100T100-4.mltl,0.0,7804.8,sat
/home/michele/mltlsat/Benchmarks/random0/P0.7N3L30M100T100-5.mltl,0.05,12104.8,sat
/home/michele/mltlsat/Benchmarks/random0/P0.7N3L30M100T100-6.mltl,0.05,30860.8,sat
/home/michele/mltlsat/Benchmarks/random0/P0.7N3L30M100T100-7.mltl,0.9,58187.2,sat
/home/michele/mltlsat/Benchmarks/random0/P0.7N3L30M100T100-8.mltl,0.0,9328,sat
/home/michele/mltlsat/Benchmarks/random0/P0.7N3L30M100T100-9.mltl,0.0,7775.2,sat
/home/michele/mltlsat/Benchmarks/random0/P0.7N3L35M100T100-10.mltl,0.0,7810.4,sat
/home/michele/mltlsat/Benchmarks/random0/P0.7N3L35M100T100-1.mltl,0.0,7785.6,sat
/home/michele/mltlsat/Benchmarks/random0/P0.7N3L35M100T100-2.mltl,0.01,13940,sat
/home/michele/mltlsat/Benchmarks/random0/P0.7N3L35M100T100-3.mltl,0.0,7785.6,sat
/home/michele/mltlsat/Benchmarks/random0/P0.7N3L35M100T100-4.mltl,0.0,7796,sat
/home/michele/mltlsat/Benchmarks/random0/P0.7N3L35M100T100-5.mltl,0.03,10557.6,sat
/home/michele/mltlsat/Benchmarks/random0/P0.7N3L35M100T100-6.mltl,0.0,7783.2,sat
/home/michele/mltlsat/Benchmarks/random0/P0.7N3L35M100T100-7.mltl,0.0,7780.8,sat
/home/michele/mltlsat/Benchmarks/random0/P0.7N3L35M100T100-8.mltl,0.0,7790.4,sat
/home/michele/mltlsat/Benchmarks/random0/P0.7N3L35M100T100-9.mltl,0.0,7761.6,sat
/home/michele/mltlsat/Benchmarks/random0/P0.7N3L40M100T100-10.mltl,0.166,9322.4,unsat
/home/michele/mltlsat/Benchmarks/random0/P0.7N3L40M100T100-1.mltl,0.0,9334.4,sat
/home/michele/mltlsat/Benchmarks/random0/P0.7N3L40M100T100-2.mltl,0.01,15492.8,sat
/home/michele/mltlsat/Benchmarks/random0/P0.7N3L40M100T100-3.mltl,0.0,9329.6,sat
/home/michele/mltlsat/Benchmarks/random0/P0.7N3L40M100T100-4.mltl,0.0,9348.8,sat
/home/michele/mltlsat/Benchmarks/random0/P0.7N3L40M100T100-5.mltl,0.0,9328.8,sat
/home/michele/mltlsat/Benchmarks/random0/P0.7N3L40M100T100-6.mltl,0.0,9350.4,sat
/home/michele/mltlsat/Benchmarks/random0/P0.7N3L40M100T100-7.mltl,0.28600000000000003,19775.2,sat
/home/michele/mltlsat/Benchmarks/random0/P0.7N3L40M100T100-8.mltl,0.0,9331.2,sat
/home/michele/mltlsat/Benchmarks/random0/P0.7N3L40M100T100-9.mltl,0.02,12413.6,sat
/home/michele/mltlsat/Benchmarks/random0/P0.7N3L45M100T100-10.mltl,0.07,38511.2,sat
/home/michele/mltlsat/Benchmarks/random0/P0.7N3L45M100T100-1.mltl,0.0,7790.4,sat
/home/michele/mltlsat/Benchmarks/random0/P0.7N3L45M100T100-2.mltl,0.0,7809.6,sat
/home/michele/mltlsat/Benchmarks/random0/P0.7N3L45M100T100-3.mltl,0.0,7774.4,sat
/home/michele/mltlsat/Benchmarks/random0/P0.7N3L45M100T100-4.mltl,0.0,7793.6,sat
/home/michele/mltlsat/Benchmarks/random0/P0.7N3L45M100T100-5.mltl,0.0,7784.8,sat
/home/michele/mltlsat/Benchmarks/random0/P0.7N3L45M100T100-6.mltl,0.03,9311.2,sat
/home/michele/mltlsat/Benchmarks/random0/P0.7N3L45M100T100-7.mltl,0.01,10860.8,sat
/home/michele/mltlsat/Benchmarks/random0/P0.7N3L45M100T100-8.mltl,0.04,15478.4,sat
/home/michele/mltlsat/Benchmarks/random0/P0.7N3L45M100T100-9.mltl,0.0,7815.2,sat
/home/michele/mltlsat/Benchmarks/random0/P0.7N3L50M100T100-10.mltl,0.0,9333.6,sat
/home/michele/mltlsat/Benchmarks/random0/P0.7N3L50M100T100-1.mltl,-1,-1,TO
/home/michele/mltlsat/Benchmarks/random0/P0.7N3L50M100T100-2.mltl,0.0,9320.8,sat
/home/michele/mltlsat/Benchmarks/random0/P0.7N3L50M100T100-3.mltl,-1,-1,TO
/home/michele/mltlsat/Benchmarks/random0/P0.7N3L50M100T100-4.mltl,-1,-1,TO
/home/michele/mltlsat/Benchmarks/random0/P0.7N3L50M100T100-5.mltl,0.0,7799.2,sat
/home/michele/mltlsat/Benchmarks/random0/P0.7N3L50M100T100-6.mltl,0.0,7802.4,sat
/home/michele/mltlsat/Benchmarks/random0/P0.7N3L50M100T100-7.mltl,-1,-1,TO
/home/michele/mltlsat/Benchmarks/random0/P0.7N3L50M100T100-8.mltl,-1,-1,TO
/home/michele/mltlsat/Benchmarks/random0/P0.7N3L50M100T100-9.mltl,0.0,7792.8,sat
/home/michele/mltlsat/Benchmarks/random0/P0.7N3L55M100T100-10.mltl,0.0,7786.4,sat
/home/michele/mltlsat/Benchmarks/random0/P0.7N3L55M100T100-1.mltl,0.0,7802.4,sat
/home/michele/mltlsat/Benchmarks/random0/P0.7N3L55M100T100-2.mltl,0.6859999999999999,15458.4,sat
/home/michele/mltlsat/Benchmarks/random0/P0.7N3L55M100T100-3.mltl,-1,-1,TO
/home/michele/mltlsat/Benchmarks/random0/P0.7N3L55M100T100-4.mltl,0.01,13933.6,sat
/home/michele/mltlsat/Benchmarks/random0/P0.7N3L55M100T100-5.mltl,0.0,7788,sat
/home/michele/mltlsat/Benchmarks/random0/P0.7N3L55M100T100-6.mltl,0.0,9312,sat
/home/michele/mltlsat/Benchmarks/random0/P0.7N3L55M100T100-7.mltl,0.008,10873.6,sat
/home/michele/mltlsat/Benchmarks/random0/P0.7N3L55M100T100-8.mltl,1.218,41574.4,sat
/home/michele/mltlsat/Benchmarks/random0/P0.7N3L55M100T100-9.mltl,0.08,21644,sat
/home/michele/mltlsat/Benchmarks/random0/P0.7N3L5M100T100-10.mltl,0.0,7849.6,sat
/home/michele/mltlsat/Benchmarks/random0/P0.7N3L5M100T100-1.mltl,0.0,7792.8,sat
/home/michele/mltlsat/Benchmarks/random0/P0.7N3L5M100T100-2.mltl,0.0,7789.6,sat
/home/michele/mltlsat/Benchmarks/random0/P0.7N3L5M100T100-3.mltl,0.0,7799.2,sat
/home/michele/mltlsat/Benchmarks/random0/P0.7N3L5M100T100-4.mltl,0.0,7780.8,sat
/home/michele/mltlsat/Benchmarks/random0/P0.7N3L5M100T100-5.mltl,0.0,7804.8,sat
/home/michele/mltlsat/Benchmarks/random0/P0.7N3L5M100T100-6.mltl,0.0,7793.6,sat
/home/michele/mltlsat/Benchmarks/random0/P0.7N3L5M100T100-7.mltl,0.0,7773.6,sat
/home/michele/mltlsat/Benchmarks/random0/P0.7N3L5M100T100-8.mltl,0.0,7801.6,sat
/home/michele/mltlsat/Benchmarks/random0/P0.7N3L5M100T100-9.mltl,0.0,7512,sat
/home/michele/mltlsat/Benchmarks/random0/P0.7N3L60M100T100-10.mltl,0.43,41569.6,sat
/home/michele/mltlsat/Benchmarks/random0/P0.7N3L60M100T100-1.mltl,3.434,1688488.8,sat
/home/michele/mltlsat/Benchmarks/random0/P0.7N3L60M100T100-2.mltl,0.03,21630.4,sat
/home/michele/mltlsat/Benchmarks/random0/P0.7N3L60M100T100-3.mltl,-1,-1,TO
/home/michele/mltlsat/Benchmarks/random0/P0.7N3L60M100T100-4.mltl,0.0,7798.4,sat
/home/michele/mltlsat/Benchmarks/random0/P0.7N3L60M100T100-5.mltl,0.13,23155.2,sat
/home/michele/mltlsat/Benchmarks/random0/P0.7N3L60M100T100-6.mltl,-1,-1,TO
/home/michele/mltlsat/Benchmarks/random0/P0.7N3L60M100T100-7.mltl,0.258,7776,unsat
/home/michele/mltlsat/Benchmarks/random0/P0.7N3L60M100T100-8.mltl,0.02,17012,sat
/home/michele/mltlsat/Benchmarks/random0/P0.7N3L60M100T100-9.mltl,0.01,9338.4,sat
/home/michele/mltlsat/Benchmarks/random0/P0.7N3L65M100T100-10.mltl,22.382,8854876,sat
/home/michele/mltlsat/Benchmarks/random0/P0.7N3L65M100T100-1.mltl,0.15,33896.8,sat
/home/michele/mltlsat/Benchmarks/random0/P0.7N3L65M100T100-2.mltl,-1,-1,TO
/home/michele/mltlsat/Benchmarks/random0/P0.7N3L65M100T100-3.mltl,0.01,13938.4,sat
/home/michele/mltlsat/Benchmarks/random0/P0.7N3L65M100T100-4.mltl,-1,-1,TO
/home/michele/mltlsat/Benchmarks/random0/P0.7N3L65M100T100-5.mltl,0.01,12423.2,sat
/home/michele/mltlsat/Benchmarks/random0/P0.7N3L65M100T100-6.mltl,0.0,7773.6,sat
/home/michele/mltlsat/Benchmarks/random0/P0.7N3L65M100T100-7.mltl,0.0,7782.4,unsat
/home/michele/mltlsat/Benchmarks/random0/P0.7N3L65M100T100-8.mltl,0.0,9344,sat
/home/michele/mltlsat/Benchmarks/random0/P0.7N3L65M100T100-9.mltl,0.0,7808,sat
/home/michele/mltlsat/Benchmarks/random0/P0.7N3L70M100T100-10.mltl,0.0,9334.4,sat
/home/michele/mltlsat/Benchmarks/random0/P0.7N3L70M100T100-1.mltl,0.14,23153.6,sat
/home/michele/mltlsat/Benchmarks/random0/P0.7N3L70M100T100-2.mltl,-1,-1,TO
/home/michele/mltlsat/Benchmarks/random0/P0.7N3L70M100T100-3.mltl,0.07,35476.8,sat
/home/michele/mltlsat/Benchmarks/random0/P0.7N3L70M100T100-4.mltl,4.506,1303880.8,sat
/home/michele/mltlsat/Benchmarks/random0/P0.7N3L70M100T100-5.mltl,0.0,7788.8,sat
/home/michele/mltlsat/Benchmarks/random0/P0.7N3L70M100T100-6.mltl,0.0,9340,sat
/home/michele/mltlsat/Benchmarks/random0/P0.7N3L70M100T100-7.mltl,-1,-1,TO
/home/michele/mltlsat/Benchmarks/random0/P0.7N3L70M100T100-8.mltl,0.04,10888.8,sat
/home/michele/mltlsat/Benchmarks/random0/P0.7N3L70M100T100-9.mltl,0.0,7788.8,sat
/home/michele/mltlsat/Benchmarks/random0/P0.7N3L75M100T100-10.mltl,0.0,9357.6,sat
/home/michele/mltlsat/Benchmarks/random0/P0.7N3L75M100T100-1.mltl,0.17200000000000001,36343.2,sat
/home/michele/mltlsat/Benchmarks/random0/P0.7N3L75M100T100-2.mltl,0.0,7779.2,sat
/home/michele/mltlsat/Benchmarks/random0/P0.7N3L75M100T100-3.mltl,0.02,16999.2,sat
/home/michele/mltlsat/Benchmarks/random0/P0.7N3L75M100T100-4.mltl,0.0,7777.6,sat
/home/michele/mltlsat/Benchmarks/random0/P0.7N3L75M100T100-5.mltl,0.0,7825.6,sat
/home/michele/mltlsat/Benchmarks/random0/P0.7N3L75M100T100-6.mltl,0.0,9324,sat
/home/michele/mltlsat/Benchmarks/random0/P0.7N3L75M100T100-7.mltl,-1,-1,TO
/home/michele/mltlsat/Benchmarks/random0/P0.7N3L75M100T100-8.mltl,0.0,7794.4,sat
/home/michele/mltlsat/Benchmarks/random0/P0.7N3L75M100T100-9.mltl,0.002,10883.2,sat
/home/michele/mltlsat/Benchmarks/random0/P0.7N3L80M100T100-10.mltl,7.094,2999611.2,sat
/home/michele/mltlsat/Benchmarks/random0/P0.7N3L80M100T100-1.mltl,0.01,12385.6,sat
/home/michele/mltlsat/Benchmarks/random0/P0.7N3L80M100T100-2.mltl,0.35,29016,sat
/home/michele/mltlsat/Benchmarks/random0/P0.7N3L80M100T100-3.mltl,0.0,9355.2,sat
/home/michele/mltlsat/Benchmarks/random0/P0.7N3L80M100T100-4.mltl,0.0,9332.8,sat
/home/michele/mltlsat/Benchmarks/random0/P0.7N3L80M100T100-5.mltl,0.0,7815.2,sat
/home/michele/mltlsat/Benchmarks/random0/P0.7N3L80M100T100-6.mltl,0.03,16707.2,sat
/home/michele/mltlsat/Benchmarks/random0/P0.7N3L80M100T100-7.mltl,0.0,7816,sat
/home/michele/mltlsat/Benchmarks/random0/P0.7N3L80M100T100-8.mltl,-1,-1,TO
/home/michele/mltlsat/Benchmarks/random0/P0.7N3L80M100T100-9.mltl,0.01,10875.2,sat
/home/michele/mltlsat/Benchmarks/random0/P0.7N3L85M100T100-10.mltl,0.0,10868,sat
/home/michele/mltlsat/Benchmarks/random0/P0.7N3L85M100T100-1.mltl,0.0,9332,sat
/home/michele/mltlsat/Benchmarks/random0/P0.7N3L85M100T100-2.mltl,0.0,7808,sat
/home/michele/mltlsat/Benchmarks/random0/P0.7N3L85M100T100-3.mltl,-1,-1,TO
/home/michele/mltlsat/Benchmarks/random0/P0.7N3L85M100T100-4.mltl,-1,-1,TO
/home/michele/mltlsat/Benchmarks/random0/P0.7N3L85M100T100-5.mltl,-1,-1,TO
/home/michele/mltlsat/Benchmarks/random0/P0.7N3L85M100T100-6.mltl,0.122,52352,sat
/home/michele/mltlsat/Benchmarks/random0/P0.7N3L85M100T100-7.mltl,0.0,7796,sat
/home/michele/mltlsat/Benchmarks/random0/P0.7N3L85M100T100-8.mltl,100.406,25289.6,unsat
/home/michele/mltlsat/Benchmarks/random0/P0.7N3L85M100T100-9.mltl,0.032,23172.8,sat
/home/michele/mltlsat/Benchmarks/random0/P0.7N3L90M100T100-10.mltl,-1,-1,TO
/home/michele/mltlsat/Benchmarks/random0/P0.7N3L90M100T100-1.mltl,0.0,9334.4,sat
/home/michele/mltlsat/Benchmarks/random0/P0.7N3L90M100T100-2.mltl,0.0,7803.2,sat
/home/michele/mltlsat/Benchmarks/random0/P0.7N3L90M100T100-3.mltl,-1,-1,TO
/home/michele/mltlsat/Benchmarks/random0/P0.7N3L90M100T100-4.mltl,0.022,17021.6,sat
/home/michele/mltlsat/Benchmarks/random0/P0.7N3L90M100T100-5.mltl,-1,-1,TO
/home/michele/mltlsat/Benchmarks/random0/P0.7N3L90M100T100-6.mltl,0.02,13928.8,sat
/home/michele/mltlsat/Benchmarks/random0/P0.7N3L90M100T100-7.mltl,0.02,10886.4,sat
/home/michele/mltlsat/Benchmarks/random0/P0.7N3L90M100T100-8.mltl,0.05,17035.2,sat
/home/michele/mltlsat/Benchmarks/random0/P0.7N3L90M100T100-9.mltl,0.03,23148.8,sat
/home/michele/mltlsat/Benchmarks/random0/P0.7N3L95M100T100-10.mltl,0.0,7808.8,sat
/home/michele/mltlsat/Benchmarks/random0/P0.7N3L95M100T100-1.mltl,0.0,7800.8,sat
/home/michele/mltlsat/Benchmarks/random0/P0.7N3L95M100T100-2.mltl,0.388,12428.8,sat
/home/michele/mltlsat/Benchmarks/random0/P0.7N3L95M100T100-3.mltl,0.0,7795.2,sat
/home/michele/mltlsat/Benchmarks/random0/P0.7N3L95M100T100-4.mltl,4.834,131594.4,sat
/home/michele/mltlsat/Benchmarks/random0/P0.7N3L95M100T100-5.mltl,0.0,7772,sat
/home/michele/mltlsat/Benchmarks/random0/P0.7N3L95M100T100-6.mltl,0.01,12408,sat
/home/michele/mltlsat/Benchmarks/random0/P0.7N3L95M100T100-7.mltl,0.0,7808.8,sat
/home/michele/mltlsat/Benchmarks/random0/P0.7N3L95M100T100-8.mltl,0.0,7826.4,sat
/home/michele/mltlsat/Benchmarks/random0/P0.7N3L95M100T100-9.mltl,0.0,7784.8,sat
/home/michele/mltlsat/Benchmarks/random0/P0.7N4L100M100T100-10.mltl,0.0,7805.6,sat
/home/michele/mltlsat/Benchmarks/random0/P0.7N4L100M100T100-1.mltl,0.0,10864.8,sat
/home/michele/mltlsat/Benchmarks/random0/P0.7N4L100M100T100-2.mltl,-1,-1,TO
/home/michele/mltlsat/Benchmarks/random0/P0.7N4L100M100T100-3.mltl,0.0,7783.2,sat
/home/michele/mltlsat/Benchmarks/random0/P0.7N4L100M100T100-4.mltl,0.0,7778.4,sat
/home/michele/mltlsat/Benchmarks/random0/P0.7N4L100M100T100-5.mltl,0.03,21623.2,sat
/home/michele/mltlsat/Benchmarks/random0/P0.7N4L100M100T100-6.mltl,0.02,18591.2,sat
/home/michele/mltlsat/Benchmarks/random0/P0.7N4L100M100T100-7.mltl,0.018000000000000002,15491.2,sat
/home/michele/mltlsat/Benchmarks/random0/P0.7N4L100M100T100-8.mltl,0.06,32382.4,sat
/home/michele/mltlsat/Benchmarks/random0/P0.7N4L100M100T100-9.mltl,-1,-1,TO
/home/michele/mltlsat/Benchmarks/random0/P0.7N4L10M100T100-10.mltl,0.0,7781.6,sat
/home/michele/mltlsat/Benchmarks/random0/P0.7N4L10M100T100-1.mltl,0.0,7804.8,sat
/home/michele/mltlsat/Benchmarks/random0/P0.7N4L10M100T100-2.mltl,0.0,9313.6,sat
/home/michele/mltlsat/Benchmarks/random0/P0.7N4L10M100T100-3.mltl,0.0,7791.2,sat
/home/michele/mltlsat/Benchmarks/random0/P0.7N4L10M100T100-4.mltl,0.0,7800,sat
/home/michele/mltlsat/Benchmarks/random0/P0.7N4L10M100T100-5.mltl,0.0,7812,sat
/home/michele/mltlsat/Benchmarks/random0/P0.7N4L10M100T100-6.mltl,0.0,7811.2,sat
/home/michele/mltlsat/Benchmarks/random0/P0.7N4L10M100T100-7.mltl,0.0,9331.2,sat
/home/michele/mltlsat/Benchmarks/random0/P0.7N4L10M100T100-8.mltl,0.0,9356,sat
/home/michele/mltlsat/Benchmarks/random0/P0.7N4L10M100T100-9.mltl,0.0,7784,sat
/home/michele/mltlsat/Benchmarks/random0/P0.7N4L15M100T100-10.mltl,0.0,7812.8,sat
/home/michele/mltlsat/Benchmarks/random0/P0.7N4L15M100T100-1.mltl,0.0,7818.4,sat
/home/michele/mltlsat/Benchmarks/random0/P0.7N4L15M100T100-2.mltl,0.0,7783.2,sat
/home/michele/mltlsat/Benchmarks/random0/P0.7N4L15M100T100-3.mltl,0.0,7788,sat
/home/michele/mltlsat/Benchmarks/random0/P0.7N4L15M100T100-4.mltl,0.0,7796.8,sat
/home/michele/mltlsat/Benchmarks/random0/P0.7N4L15M100T100-5.mltl,0.0,7816.8,sat
/home/michele/mltlsat/Benchmarks/random0/P0.7N4L15M100T100-6.mltl,0.0,7813.6,sat
/home/michele/mltlsat/Benchmarks/random0/P0.7N4L15M100T100-7.mltl,0.0,7766.4,sat
/home/michele/mltlsat/Benchmarks/random0/P0.7N4L15M100T100-8.mltl,0.052000000000000005,12408,sat
/home/michele/mltlsat/Benchmarks/random0/P0.7N4L15M100T100-9.mltl,0.0,7756,sat
/home/michele/mltlsat/Benchmarks/random0/P0.7N4L20M100T100-10.mltl,0.0,7780,sat
/home/michele/mltlsat/Benchmarks/random0/P0.7N4L20M100T100-1.mltl,0.0,9341.6,sat
/home/michele/mltlsat/Benchmarks/random0/P0.7N4L20M100T100-2.mltl,0.0,7469.6,sat
/home/michele/mltlsat/Benchmarks/random0/P0.7N4L20M100T100-3.mltl,0.0,7805.6,sat
/home/michele/mltlsat/Benchmarks/random0/P0.7N4L20M100T100-4.mltl,0.0,9334.4,sat
/home/michele/mltlsat/Benchmarks/random0/P0.7N4L20M100T100-5.mltl,0.016,15454.4,sat
/home/michele/mltlsat/Benchmarks/random0/P0.7N4L20M100T100-6.mltl,0.006,10861.6,sat
/home/michele/mltlsat/Benchmarks/random0/P0.7N4L20M100T100-7.mltl,0.0,7788,sat
/home/michele/mltlsat/Benchmarks/random0/P0.7N4L20M100T100-8.mltl,0.0,7796,sat
/home/michele/mltlsat/Benchmarks/random0/P0.7N4L20M100T100-9.mltl,0.0,7789.6,unsat
/home/michele/mltlsat/Benchmarks/random0/P0.7N4L25M100T100-10.mltl,0.0,7795.2,sat
/home/michele/mltlsat/Benchmarks/random0/P0.7N4L25M100T100-1.mltl,0.0,7803.2,sat
/home/michele/mltlsat/Benchmarks/random0/P0.7N4L25M100T100-2.mltl,0.0,7774.4,sat
/home/michele/mltlsat/Benchmarks/random0/P0.7N4L25M100T100-3.mltl,0.0,7817.6,sat
/home/michele/mltlsat/Benchmarks/random0/P0.7N4L25M100T100-4.mltl,0.0,9301.6,sat
/home/michele/mltlsat/Benchmarks/random0/P0.7N4L25M100T100-5.mltl,0.0,7800,sat
/home/michele/mltlsat/Benchmarks/random0/P0.7N4L25M100T100-6.mltl,0.0,10853.6,sat
/home/michele/mltlsat/Benchmarks/random0/P0.7N4L25M100T100-7.mltl,0.0,7789.6,sat
/home/michele/mltlsat/Benchmarks/random0/P0.7N4L25M100T100-8.mltl,0.0,7772,sat
/home/michele/mltlsat/Benchmarks/random0/P0.7N4L25M100T100-9.mltl,0.0,7772,sat
/home/michele/mltlsat/Benchmarks/random0/P0.7N4L30M100T100-10.mltl,0.0,7800.8,sat
/home/michele/mltlsat/Benchmarks/random0/P0.7N4L30M100T100-1.mltl,0.0,7814.4,sat
/home/michele/mltlsat/Benchmarks/random0/P0.7N4L30M100T100-2.mltl,0.0,7801.6,sat
/home/michele/mltlsat/Benchmarks/random0/P0.7N4L30M100T100-3.mltl,0.0,7831.2,sat
/home/michele/mltlsat/Benchmarks/random0/P0.7N4L30M100T100-4.mltl,0.0,9347.2,sat
/home/michele/mltlsat/Benchmarks/random0/P0.7N4L30M100T100-5.mltl,0.01,13948,sat
/home/michele/mltlsat/Benchmarks/random0/P0.7N4L30M100T100-6.mltl,0.0,7768.8,sat
/home/michele/mltlsat/Benchmarks/random0/P0.7N4L30M100T100-7.mltl,0.0,7813.6,sat
/home/michele/mltlsat/Benchmarks/random0/P0.7N4L30M100T100-8.mltl,0.0,7812,sat
/home/michele/mltlsat/Benchmarks/random0/P0.7N4L30M100T100-9.mltl,0.0,7839.2,unsat
/home/michele/mltlsat/Benchmarks/random0/P0.7N4L35M100T100-10.mltl,0.0,9325.6,sat
/home/michele/mltlsat/Benchmarks/random0/P0.7N4L35M100T100-1.mltl,0.0,7781.6,sat
/home/michele/mltlsat/Benchmarks/random0/P0.7N4L35M100T100-2.mltl,0.0,10839.2,sat
/home/michele/mltlsat/Benchmarks/random0/P0.7N4L35M100T100-3.mltl,0.0,7801.6,sat
/home/michele/mltlsat/Benchmarks/random0/P0.7N4L35M100T100-4.mltl,0.0,7801.6,sat
/home/michele/mltlsat/Benchmarks/random0/P0.7N4L35M100T100-5.mltl,0.01,12419.2,sat
/home/michele/mltlsat/Benchmarks/random0/P0.7N4L35M100T100-6.mltl,2.372,17920.8,sat
/home/michele/mltlsat/Benchmarks/random0/P0.7N4L35M100T100-7.mltl,0.036,10897.6,sat
/home/michele/mltlsat/Benchmarks/random0/P0.7N4L35M100T100-8.mltl,0.0,7794.4,sat
/home/michele/mltlsat/Benchmarks/random0/P0.7N4L35M100T100-9.mltl,0.06,15168.8,sat
/home/michele/mltlsat/Benchmarks/random0/P0.7N4L40M100T100-10.mltl,0.0,7797.6,unsat
/home/michele/mltlsat/Benchmarks/random0/P0.7N4L40M100T100-1.mltl,0.01,12410.4,sat
/home/michele/mltlsat/Benchmarks/random0/P0.7N4L40M100T100-2.mltl,0.002,10852.8,sat
/home/michele/mltlsat/Benchmarks/random0/P0.7N4L40M100T100-3.mltl,0.0,7793.6,sat
/home/michele/mltlsat/Benchmarks/random0/P0.7N4L40M100T100-4.mltl,-1,-1,TO
/home/michele/mltlsat/Benchmarks/random0/P0.7N4L40M100T100-5.mltl,0.0,7805.6,sat
/home/michele/mltlsat/Benchmarks/random0/P0.7N4L40M100T100-6.mltl,0.35,106107.2,sat
/home/michele/mltlsat/Benchmarks/random0/P0.7N4L40M100T100-7.mltl,0.01,9344.8,unsat
/home/michele/mltlsat/Benchmarks/random0/P0.7N4L40M100T100-8.mltl,0.0,9328,sat
/home/michele/mltlsat/Benchmarks/random0/P0.7N4L40M100T100-9.mltl,0.0,7796,sat
/home/michele/mltlsat/Benchmarks/random0/P0.7N4L45M100T100-10.mltl,0.0,7784.8,sat
/home/michele/mltlsat/Benchmarks/random0/P0.7N4L45M100T100-1.mltl,0.0,9318.4,sat
/home/michele/mltlsat/Benchmarks/random0/P0.7N4L45M100T100-2.mltl,0.02,15464,sat
/home/michele/mltlsat/Benchmarks/random0/P0.7N4L45M100T100-3.mltl,6.716,2795339.2,sat
/home/michele/mltlsat/Benchmarks/random0/P0.7N4L45M100T100-4.mltl,0.0,7817.6,sat
/home/michele/mltlsat/Benchmarks/random0/P0.7N4L45M100T100-5.mltl,0.03,13920.8,sat
/home/michele/mltlsat/Benchmarks/random0/P0.7N4L45M100T100-6.mltl,0.32,32372.8,sat
/home/michele/mltlsat/Benchmarks/random0/P0.7N4L45M100T100-7.mltl,0.0,7793.6,sat
/home/michele/mltlsat/Benchmarks/random0/P0.7N4L45M100T100-8.mltl,0.0,7812.8,sat
/home/michele/mltlsat/Benchmarks/random0/P0.7N4L45M100T100-9.mltl,0.0,7788,sat
/home/michele/mltlsat/Benchmarks/random0/P0.7N4L50M100T100-10.mltl,0.0,7783.2,sat
/home/michele/mltlsat/Benchmarks/random0/P0.7N4L50M100T100-1.mltl,0.0,7807.2,sat
/home/michele/mltlsat/Benchmarks/random0/P0.7N4L50M100T100-2.mltl,0.0,9309.6,sat
/home/michele/mltlsat/Benchmarks/random0/P0.7N4L50M100T100-3.mltl,0.0,7803.2,sat
/home/michele/mltlsat/Benchmarks/random0/P0.7N4L50M100T100-4.mltl,-1,-1,TO
/home/michele/mltlsat/Benchmarks/random0/P0.7N4L50M100T100-5.mltl,0.0,7784,sat
/home/michele/mltlsat/Benchmarks/random0/P0.7N4L50M100T100-6.mltl,0.078,35444.8,sat
/home/michele/mltlsat/Benchmarks/random0/P0.7N4L50M100T100-7.mltl,0.0,7814.4,sat
/home/michele/mltlsat/Benchmarks/random0/P0.7N4L50M100T100-8.mltl,0.0,10885.6,sat
/home/michele/mltlsat/Benchmarks/random0/P0.7N4L50M100T100-9.mltl,0.0,7805.6,sat
/home/michele/mltlsat/Benchmarks/random0/P0.7N4L55M100T100-10.mltl,-1,-1,OOM
/home/michele/mltlsat/Benchmarks/random0/P0.7N4L55M100T100-1.mltl,0.0,7805.6,sat
/home/michele/mltlsat/Benchmarks/random0/P0.7N4L55M100T100-2.mltl,0.022,18212,sat
/home/michele/mltlsat/Benchmarks/random0/P0.7N4L55M100T100-3.mltl,0.17,27754.4,sat
/home/michele/mltlsat/Benchmarks/random0/P0.7N4L55M100T100-4.mltl,0.06,33911.2,sat
/home/michele/mltlsat/Benchmarks/random0/P0.7N4L55M100T100-5.mltl,0.0,7804,sat
/home/michele/mltlsat/Benchmarks/random0/P0.7N4L55M100T100-6.mltl,0.0,7817.6,sat
/home/michele/mltlsat/Benchmarks/random0/P0.7N4L55M100T100-7.mltl,0.0,7785.6,sat
/home/michele/mltlsat/Benchmarks/random0/P0.7N4L55M100T100-8.mltl,0.012,13925.6,sat
/home/michele/mltlsat/Benchmarks/random0/P0.7N4L55M100T100-9.mltl,0.0,7801.6,sat
/home/michele/mltlsat/Benchmarks/random0/P0.7N4L5M100T100-10.mltl,0.0,7780,sat
/home/michele/mltlsat/Benchmarks/random0/P0.7N4L5M100T100-1.mltl,0.0,7794.4,sat
/home/michele/mltlsat/Benchmarks/random0/P0.7N4L5M100T100-2.mltl,0.0,7787.2,sat
/home/michele/mltlsat/Benchmarks/random0/P0.7N4L5M100T100-3.mltl,0.0,7785.6,sat
/home/michele/mltlsat/Benchmarks/random0/P0.7N4L5M100T100-4.mltl,0.0,7786.4,sat
/home/michele/mltlsat/Benchmarks/random0/P0.7N4L5M100T100-5.mltl,0.0,7788,sat
/home/michele/mltlsat/Benchmarks/random0/P0.7N4L5M100T100-6.mltl,0.0,9332.8,sat
/home/michele/mltlsat/Benchmarks/random0/P0.7N4L5M100T100-7.mltl,0.0,7792.8,sat
/home/michele/mltlsat/Benchmarks/random0/P0.7N4L5M100T100-8.mltl,0.0,7804.8,sat
/home/michele/mltlsat/Benchmarks/random0/P0.7N4L5M100T100-9.mltl,0.0,7793.6,sat
/home/michele/mltlsat/Benchmarks/random0/P0.7N4L60M100T100-10.mltl,0.012,12443.2,sat
/home/michele/mltlsat/Benchmarks/random0/P0.7N4L60M100T100-1.mltl,22.918,1144751.2,sat
/home/michele/mltlsat/Benchmarks/random0/P0.7N4L60M100T100-2.mltl,0.01,10862.4,sat
/home/michele/mltlsat/Benchmarks/random0/P0.7N4L60M100T100-3.mltl,1.56,58473.6,sat
/home/michele/mltlsat/Benchmarks/random0/P0.7N4L60M100T100-4.mltl,0.0,7794.4,sat
/home/michele/mltlsat/Benchmarks/random0/P0.7N4L60M100T100-5.mltl,11.688,67393.6,sat
/home/michele/mltlsat/Benchmarks/random0/P0.7N4L60M100T100-6.mltl,0.0,7814.4,sat
/home/michele/mltlsat/Benchmarks/random0/P0.7N4L60M100T100-7.mltl,0.04,21604.8,sat
/home/michele/mltlsat/Benchmarks/random0/P0.7N4L60M100T100-8.mltl,1.002,44373.6,sat
/home/michele/mltlsat/Benchmarks/random0/P0.7N4L60M100T100-9.mltl,0.07,10861.6,sat
/home/michele/mltlsat/Benchmarks/random0/P0.7N4L65M100T100-10.mltl,5.811999999999999,87658.4,sat
/home/michele/mltlsat/Benchmarks/random0/P0.7N4L65M100T100-1.mltl,0.0,7781.6,sat
/home/michele/mltlsat/Benchmarks/random0/P0.7N4L65M100T100-2.mltl,0.0,7779.2,unsat
/home/michele/mltlsat/Benchmarks/random0/P0.7N4L65M100T100-3.mltl,0.0,9356,sat
/home/michele/mltlsat/Benchmarks/random0/P0.7N4L65M100T100-4.mltl,0.03,21302.4,sat
/home/michele/mltlsat/Benchmarks/random0/P0.7N4L65M100T100-5.mltl,0.164,81528,sat
/home/michele/mltlsat/Benchmarks/random0/P0.7N4L65M100T100-6.mltl,0.008,10892,sat
/home/michele/mltlsat/Benchmarks/random0/P0.7N4L65M100T100-7.mltl,-1,-1,TO
/home/michele/mltlsat/Benchmarks/random0/P0.7N4L65M100T100-8.mltl,0.002,9348.8,sat
/home/michele/mltlsat/Benchmarks/random0/P0.7N4L65M100T100-9.mltl,0.806,96574.4,sat
/home/michele/mltlsat/Benchmarks/random0/P0.7N4L70M100T100-10.mltl,0.0,9340,sat
/home/michele/mltlsat/Benchmarks/random0/P0.7N4L70M100T100-1.mltl,0.0,9340,sat
/home/michele/mltlsat/Benchmarks/random0/P0.7N4L70M100T100-2.mltl,-1,-1,TO
/home/michele/mltlsat/Benchmarks/random0/P0.7N4L70M100T100-3.mltl,2.604,820646.4,sat
/home/michele/mltlsat/Benchmarks/random0/P0.7N4L70M100T100-4.mltl,0.0,7813.6,sat
/home/michele/mltlsat/Benchmarks/random0/P0.7N4L70M100T100-5.mltl,0.0,7790.4,sat
/home/michele/mltlsat/Benchmarks/random0/P0.7N4L70M100T100-6.mltl,0.11,33911.2,sat
/home/michele/mltlsat/Benchmarks/random0/P0.7N4L70M100T100-7.mltl,0.0,7796,sat
/home/michele/mltlsat/Benchmarks/random0/P0.7N4L70M100T100-8.mltl,0.0,9372.8,sat
/home/michele/mltlsat/Benchmarks/random0/P0.7N4L70M100T100-9.mltl,0.0,7794.4,sat
/home/michele/mltlsat/Benchmarks/random0/P0.7N4L75M100T100-10.mltl,0.082,17012,sat
/home/michele/mltlsat/Benchmarks/random0/P0.7N4L75M100T100-1.mltl,4.308,1857467.2,sat
/home/michele/mltlsat/Benchmarks/random0/P0.7N4L75M100T100-2.mltl,0.0,7804.8,sat
/home/michele/mltlsat/Benchmarks/random0/P0.7N4L75M100T100-3.mltl,0.716,176451.2,sat
/home/michele/mltlsat/Benchmarks/random0/P0.7N4L75M100T100-4.mltl,0.02,12391.2,sat
/home/michele/mltlsat/Benchmarks/random0/P0.7N4L75M100T100-5.mltl,0.03,10864,sat
/home/michele/mltlsat/Benchmarks/random0/P0.7N4L75M100T100-6.mltl,0.0,9342.4,sat
/home/michele/mltlsat/Benchmarks/random0/P0.7N4L75M100T100-7.mltl,0.17200000000000001,32388,sat
/home/michele/mltlsat/Benchmarks/random0/P0.7N4L75M100T100-8.mltl,0.0,7800,sat
/home/michele/mltlsat/Benchmarks/random0/P0.7N4L75M100T100-9.mltl,0.01,12392.8,sat
/home/michele/mltlsat/Benchmarks/random0/P0.7N4L80M100T100-10.mltl,0.02,18535.2,sat
/home/michele/mltlsat/Benchmarks/random0/P0.7N4L80M100T100-1.mltl,0.0,7800,sat
/home/michele/mltlsat/Benchmarks/random0/P0.7N4L80M100T100-2.mltl,0.012,15470.4,sat
/home/michele/mltlsat/Benchmarks/random0/P0.7N4L80M100T100-3.mltl,0.0,7816.8,sat
/home/michele/mltlsat/Benchmarks/random0/P0.7N4L80M100T100-4.mltl,0.02,17004.8,sat
/home/michele/mltlsat/Benchmarks/random0/P0.7N4L80M100T100-5.mltl,0.462,70807.2,sat
/home/michele/mltlsat/Benchmarks/random0/P0.7N4L80M100T100-6.mltl,0.0,7827.2,sat
/home/michele/mltlsat/Benchmarks/random0/P0.7N4L80M100T100-7.mltl,-1,-1,TO
/home/michele/mltlsat/Benchmarks/random0/P0.7N4L80M100T100-8.mltl,-1,-1,TO
/home/michele/mltlsat/Benchmarks/random0/P0.7N4L80M100T100-9.mltl,0.23600000000000002,90736,sat
/home/michele/mltlsat/Benchmarks/random0/P0.7N4L85M100T100-10.mltl,1.872,89214.4,sat
/home/michele/mltlsat/Benchmarks/random0/P0.7N4L85M100T100-1.mltl,0.022,20074.4,sat
/home/michele/mltlsat/Benchmarks/random0/P0.7N4L85M100T100-2.mltl,0.0,7774.4,sat
/home/michele/mltlsat/Benchmarks/random0/P0.7N4L85M100T100-3.mltl,0.0,7792.8,sat
/home/michele/mltlsat/Benchmarks/random0/P0.7N4L85M100T100-4.mltl,0.164,27767.2,sat
/home/michele/mltlsat/Benchmarks/random0/P0.7N4L85M100T100-5.mltl,4.798,17008.8,unsat
/home/michele/mltlsat/Benchmarks/random0/P0.7N4L85M100T100-6.mltl,0.3,23150.4,sat
/home/michele/mltlsat/Benchmarks/random0/P0.7N4L85M100T100-7.mltl,0.0,7778.4,sat
/home/michele/mltlsat/Benchmarks/random0/P0.7N4L85M100T100-8.mltl,-1,-1,TO
/home/michele/mltlsat/Benchmarks/random0/P0.7N4L85M100T100-9.mltl,0.0,7780.8,sat
/home/michele/mltlsat/Benchmarks/random0/P0.7N4L90M100T100-10.mltl,-1,-1,TO
/home/michele/mltlsat/Benchmarks/random0/P0.7N4L90M100T100-1.mltl,0.04,23149.6,sat
/home/michele/mltlsat/Benchmarks/random0/P0.7N4L90M100T100-2.mltl,0.0,7800.8,sat
/home/michele/mltlsat/Benchmarks/random0/P0.7N4L90M100T100-3.mltl,0.01,12399.2,sat
/home/michele/mltlsat/Benchmarks/random0/P0.7N4L90M100T100-4.mltl,0.0,9323.2,sat
/home/michele/mltlsat/Benchmarks/random0/P0.7N4L90M100T100-5.mltl,0.07,30804.8,sat
/home/michele/mltlsat/Benchmarks/random0/P0.7N4L90M100T100-6.mltl,0.0,7784,sat
/home/michele/mltlsat/Benchmarks/random0/P0.7N4L90M100T100-7.mltl,0.01,13935.2,sat
/home/michele/mltlsat/Benchmarks/random0/P0.7N4L90M100T100-8.mltl,0.01,15195.2,sat
/home/michele/mltlsat/Benchmarks/random0/P0.7N4L90M100T100-9.mltl,0.0,7780,sat
/home/michele/mltlsat/Benchmarks/random0/P0.7N4L95M100T100-10.mltl,0.0,7782.4,sat
/home/michele/mltlsat/Benchmarks/random0/P0.7N4L95M100T100-1.mltl,0.0,7804,sat
/home/michele/mltlsat/Benchmarks/random0/P0.7N4L95M100T100-2.mltl,0.0,9362.4,sat
/home/michele/mltlsat/Benchmarks/random0/P0.7N4L95M100T100-3.mltl,0.004,9355.2,sat
/home/michele/mltlsat/Benchmarks/random0/P0.7N4L95M100T100-4.mltl,0.388,27780,sat
/home/michele/mltlsat/Benchmarks/random0/P0.7N4L95M100T100-5.mltl,0.06,35435.2,sat
/home/michele/mltlsat/Benchmarks/random0/P0.7N4L95M100T100-6.mltl,0.0,7807.2,sat
/home/michele/mltlsat/Benchmarks/random0/P0.7N4L95M100T100-7.mltl,0.0,7769.6,sat
/home/michele/mltlsat/Benchmarks/random0/P0.7N4L95M100T100-8.mltl,0.02,15472.8,sat
/home/michele/mltlsat/Benchmarks/random0/P0.7N4L95M100T100-9.mltl,0.0,7791.2,sat
/home/michele/mltlsat/Benchmarks/random0/P0.7N5L100M100T100-10.mltl,-1,-1,TO
/home/michele/mltlsat/Benchmarks/random0/P0.7N5L100M100T100-1.mltl,0.0,7796.8,sat
/home/michele/mltlsat/Benchmarks/random0/P0.7N5L100M100T100-2.mltl,0.04,23167.2,sat
/home/michele/mltlsat/Benchmarks/random0/P0.7N5L100M100T100-3.mltl,0.17,15463.2,sat
/home/michele/mltlsat/Benchmarks/random0/P0.7N5L100M100T100-4.mltl,0.0,7793.6,sat
/home/michele/mltlsat/Benchmarks/random0/P0.7N5L100M100T100-5.mltl,0.03,18539.2,sat
/home/michele/mltlsat/Benchmarks/random0/P0.7N5L100M100T100-6.mltl,0.308,32111.2,sat
/home/michele/mltlsat/Benchmarks/random0/P0.7N5L100M100T100-7.mltl,0.002,10865.6,sat
/home/michele/mltlsat/Benchmarks/random0/P0.7N5L100M100T100-8.mltl,0.0,9312,sat
/home/michele/mltlsat/Benchmarks/random0/P0.7N5L100M100T100-9.mltl,0.24,107616.8,sat
/home/michele/mltlsat/Benchmarks/random0/P0.7N5L10M100T100-10.mltl,0.0,7814.4,sat
/home/michele/mltlsat/Benchmarks/random0/P0.7N5L10M100T100-1.mltl,0.0,7783.2,sat
/home/michele/mltlsat/Benchmarks/random0/P0.7N5L10M100T100-2.mltl,0.0,7801.6,sat
/home/michele/mltlsat/Benchmarks/random0/P0.7N5L10M100T100-3.mltl,0.0,7787.2,sat
/home/michele/mltlsat/Benchmarks/random0/P0.7N5L10M100T100-4.mltl,0.0,7773.6,sat
/home/michele/mltlsat/Benchmarks/random0/P0.7N5L10M100T100-5.mltl,0.0,7780.8,sat
/home/michele/mltlsat/Benchmarks/random0/P0.7N5L10M100T100-6.mltl,0.0,7788,sat
/home/michele/mltlsat/Benchmarks/random0/P0.7N5L10M100T100-7.mltl,0.0,7777.6,sat
/home/michele/mltlsat/Benchmarks/random0/P0.7N5L10M100T100-8.mltl,0.0,7776,sat
/home/michele/mltlsat/Benchmarks/random0/P0.7N5L10M100T100-9.mltl,0.0,7784,sat
/home/michele/mltlsat/Benchmarks/random0/P0.7N5L15M100T100-10.mltl,0.0,7803.2,sat
/home/michele/mltlsat/Benchmarks/random0/P0.7N5L15M100T100-1.mltl,0.0,7809.6,sat
/home/michele/mltlsat/Benchmarks/random0/P0.7N5L15M100T100-2.mltl,0.0,7800,sat
/home/michele/mltlsat/Benchmarks/random0/P0.7N5L15M100T100-3.mltl,0.0,7798.4,sat
/home/michele/mltlsat/Benchmarks/random0/P0.7N5L15M100T100-4.mltl,0.0,7816.8,sat
/home/michele/mltlsat/Benchmarks/random0/P0.7N5L15M100T100-5.mltl,0.0,7798.4,sat
/home/michele/mltlsat/Benchmarks/random0/P0.7N5L15M100T100-6.mltl,0.0,7793.6,sat
/home/michele/mltlsat/Benchmarks/random0/P0.7N5L15M100T100-7.mltl,0.0,7802.4,sat
/home/michele/mltlsat/Benchmarks/random0/P0.7N5L15M100T100-8.mltl,0.0,7803.2,sat
/home/michele/mltlsat/Benchmarks/random0/P0.7N5L15M100T100-9.mltl,0.0,7791.2,sat
/home/michele/mltlsat/Benchmarks/random0/P0.7N5L20M100T100-10.mltl,0.0,7800,sat
/home/michele/mltlsat/Benchmarks/random0/P0.7N5L20M100T100-1.mltl,0.0,7812,sat
/home/michele/mltlsat/Benchmarks/random0/P0.7N5L20M100T100-2.mltl,0.02,10880,sat
/home/michele/mltlsat/Benchmarks/random0/P0.7N5L20M100T100-3.mltl,0.0,9335.2,sat
/home/michele/mltlsat/Benchmarks/random0/P0.7N5L20M100T100-4.mltl,0.0,7797.6,sat
/home/michele/mltlsat/Benchmarks/random0/P0.7N5L20M100T100-5.mltl,0.0,7768.8,sat
/home/michele/mltlsat/Benchmarks/random0/P0.7N5L20M100T100-6.mltl,0.0,7802.4,sat
/home/michele/mltlsat/Benchmarks/random0/P0.7N5L20M100T100-7.mltl,0.0,7793.6,sat
/home/michele/mltlsat/Benchmarks/random0/P0.7N5L20M100T100-8.mltl,0.0,7788,sat
/home/michele/mltlsat/Benchmarks/random0/P0.7N5L20M100T100-9.mltl,0.0,7812.8,sat
/home/michele/mltlsat/Benchmarks/random0/P0.7N5L25M100T100-10.mltl,0.0,7800.8,sat
/home/michele/mltlsat/Benchmarks/random0/P0.7N5L25M100T100-1.mltl,0.0,7791.2,sat
/home/michele/mltlsat/Benchmarks/random0/P0.7N5L25M100T100-2.mltl,0.0,7816,sat
/home/michele/mltlsat/Benchmarks/random0/P0.7N5L25M100T100-3.mltl,-1,-1,TO
/home/michele/mltlsat/Benchmarks/random0/P0.7N5L25M100T100-4.mltl,0.0,7779.2,sat
/home/michele/mltlsat/Benchmarks/random0/P0.7N5L25M100T100-5.mltl,0.0,9330.4,sat
/home/michele/mltlsat/Benchmarks/random0/P0.7N5L25M100T100-6.mltl,0.0,7800,sat
/home/michele/mltlsat/Benchmarks/random0/P0.7N5L25M100T100-7.mltl,0.0,7819.2,sat
/home/michele/mltlsat/Benchmarks/random0/P0.7N5L25M100T100-8.mltl,0.0,7823.2,sat
/home/michele/mltlsat/Benchmarks/random0/P0.7N5L25M100T100-9.mltl,0.02,18242.4,sat
/home/michele/mltlsat/Benchmarks/random0/P0.7N5L30M100T100-10.mltl,0.0,9332.8,sat
/home/michele/mltlsat/Benchmarks/random0/P0.7N5L30M100T100-1.mltl,0.0,7813.6,sat
/home/michele/mltlsat/Benchmarks/random0/P0.7N5L30M100T100-2.mltl,0.0,7802.4,sat
/home/michele/mltlsat/Benchmarks/random0/P0.7N5L30M100T100-3.mltl,0.0,9320.8,sat
/home/michele/mltlsat/Benchmarks/random0/P0.7N5L30M100T100-4.mltl,0.0,7802.4,sat
/home/michele/mltlsat/Benchmarks/random0/P0.7N5L30M100T100-5.mltl,0.328,84304,sat
/home/michele/mltlsat/Benchmarks/random0/P0.7N5L30M100T100-6.mltl,0.0,7780.8,sat
/home/michele/mltlsat/Benchmarks/random0/P0.7N5L30M100T100-7.mltl,0.482,215144.8,sat
/home/michele/mltlsat/Benchmarks/random0/P0.7N5L30M100T100-8.mltl,0.0,7800,sat
/home/michele/mltlsat/Benchmarks/random0/P0.7N5L30M100T100-9.mltl,0.07,27759.2,sat
/home/michele/mltlsat/Benchmarks/random0/P0.7N5L35M100T100-10.mltl,1.776,18246.4,sat
/home/michele/mltlsat/Benchmarks/random0/P0.7N5L35M100T100-1.mltl,0.062,15481.6,sat
/home/michele/mltlsat/Benchmarks/random0/P0.7N5L35M100T100-2.mltl,0.01,12424,sat
/home/michele/mltlsat/Benchmarks/random0/P0.7N5L35M100T100-3.mltl,0.0,7783.2,sat
/home/michele/mltlsat/Benchmarks/random0/P0.7N5L35M100T100-4.mltl,-1,-1,OOM
/home/michele/mltlsat/Benchmarks/random0/P0.7N5L35M100T100-5.mltl,0.0,7786.4,sat
/home/michele/mltlsat/Benchmarks/random0/P0.7N5L35M100T100-6.mltl,0.306,21632.8,sat
/home/michele/mltlsat/Benchmarks/random0/P0.7N5L35M100T100-7.mltl,0.0,7782.4,sat
/home/michele/mltlsat/Benchmarks/random0/P0.7N5L35M100T100-8.mltl,0.0,7812.8,sat
/home/michele/mltlsat/Benchmarks/random0/P0.7N5L35M100T100-9.mltl,0.0,7818.4,sat
/home/michele/mltlsat/Benchmarks/random0/P0.7N5L40M100T100-10.mltl,0.0,7799.2,sat
/home/michele/mltlsat/Benchmarks/random0/P0.7N5L40M100T100-1.mltl,0.0,7816,sat
/home/michele/mltlsat/Benchmarks/random0/P0.7N5L40M100T100-2.mltl,0.0,7817.6,sat
/home/michele/mltlsat/Benchmarks/random0/P0.7N5L40M100T100-3.mltl,0.0,9323.2,sat
/home/michele/mltlsat/Benchmarks/random0/P0.7N5L40M100T100-4.mltl,0.0,7792,sat
/home/michele/mltlsat/Benchmarks/random0/P0.7N5L40M100T100-5.mltl,0.0,7796,sat
/home/michele/mltlsat/Benchmarks/random0/P0.7N5L40M100T100-6.mltl,0.0,7803.2,sat
/home/michele/mltlsat/Benchmarks/random0/P0.7N5L40M100T100-7.mltl,0.0,7777.6,sat
/home/michele/mltlsat/Benchmarks/random0/P0.7N5L40M100T100-8.mltl,0.13,13944,sat
/home/michele/mltlsat/Benchmarks/random0/P0.7N5L40M100T100-9.mltl,0.132,27774.4,sat
/home/michele/mltlsat/Benchmarks/random0/P0.7N5L45M100T100-10.mltl,0.05,26252,sat
/home/michele/mltlsat/Benchmarks/random0/P0.7N5L45M100T100-1.mltl,0.01,12394.4,sat
/home/michele/mltlsat/Benchmarks/random0/P0.7N5L45M100T100-2.mltl,0.0,9345.6,sat
/home/michele/mltlsat/Benchmarks/random0/P0.7N5L45M100T100-3.mltl,0.0,7795.2,sat
/home/michele/mltlsat/Benchmarks/random0/P0.7N5L45M100T100-4.mltl,0.0,7818.4,sat
/home/michele/mltlsat/Benchmarks/random0/P0.7N5L45M100T100-5.mltl,0.0,7813.6,sat
/home/michele/mltlsat/Benchmarks/random0/P0.7N5L45M100T100-6.mltl,0.02,15479.2,sat
/home/michele/mltlsat/Benchmarks/random0/P0.7N5L45M100T100-7.mltl,1.484,18562.4,sat
/home/michele/mltlsat/Benchmarks/random0/P0.7N5L45M100T100-8.mltl,0.0,7819.2,sat
/home/michele/mltlsat/Benchmarks/random0/P0.7N5L45M100T100-9.mltl,0.06,27768.8,sat
/home/michele/mltlsat/Benchmarks/random0/P0.7N5L50M100T100-10.mltl,0.0,7767.2,sat
/home/michele/mltlsat/Benchmarks/random0/P0.7N5L50M100T100-1.mltl,0.0,7781.6,sat
/home/michele/mltlsat/Benchmarks/random0/P0.7N5L50M100T100-2.mltl,0.01,10861.6,sat
/home/michele/mltlsat/Benchmarks/random0/P0.7N5L50M100T100-3.mltl,0.0,7787.2,sat
/home/michele/mltlsat/Benchmarks/random0/P0.7N5L50M100T100-4.mltl,-1,-1,TO
/home/michele/mltlsat/Benchmarks/random0/P0.7N5L50M100T100-5.mltl,0.0,7796,sat
/home/michele/mltlsat/Benchmarks/random0/P0.7N5L50M100T100-6.mltl,0.02,18548,sat
/home/michele/mltlsat/Benchmarks/random0/P0.7N5L50M100T100-7.mltl,0.0,7794.4,sat
/home/michele/mltlsat/Benchmarks/random0/P0.7N5L50M100T100-8.mltl,0.0,7788.8,sat
/home/michele/mltlsat/Benchmarks/random0/P0.7N5L50M100T100-9.mltl,0.01,10866.4,sat
/home/michele/mltlsat/Benchmarks/random0/P0.7N5L55M100T100-10.mltl,0.0,10864,sat
/home/michele/mltlsat/Benchmarks/random0/P0.7N5L55M100T100-1.mltl,-1,-1,TO
/home/michele/mltlsat/Benchmarks/random0/P0.7N5L55M100T100-2.mltl,0.04,20128,sat
/home/michele/mltlsat/Benchmarks/random0/P0.7N5L55M100T100-3.mltl,0.01,12394.4,sat
/home/michele/mltlsat/Benchmarks/random0/P0.7N5L55M100T100-4.mltl,0.0,7844.8,sat
/home/michele/mltlsat/Benchmarks/random0/P0.7N5L55M100T100-5.mltl,0.0,7803.2,sat
/home/michele/mltlsat/Benchmarks/random0/P0.7N5L55M100T100-6.mltl,0.0,7789.6,sat
/home/michele/mltlsat/Benchmarks/random0/P0.7N5L55M100T100-7.mltl,0.002,10888.8,sat
/home/michele/mltlsat/Benchmarks/random0/P0.7N5L55M100T100-8.mltl,0.0,9324.8,sat
/home/michele/mltlsat/Benchmarks/random0/P0.7N5L55M100T100-9.mltl,1.992,170318.4,sat
/home/michele/mltlsat/Benchmarks/random0/P0.7N5L5M100T100-10.mltl,0.0,7790.4,sat
/home/michele/mltlsat/Benchmarks/random0/P0.7N5L5M100T100-1.mltl,0.0,7808.8,sat
/home/michele/mltlsat/Benchmarks/random0/P0.7N5L5M100T100-2.mltl,0.0,7788.8,sat
/home/michele/mltlsat/Benchmarks/random0/P0.7N5L5M100T100-3.mltl,0.0,7816.8,sat
/home/michele/mltlsat/Benchmarks/random0/P0.7N5L5M100T100-4.mltl,0.0,7817.6,sat
/home/michele/mltlsat/Benchmarks/random0/P0.7N5L5M100T100-5.mltl,0.0,7788.8,sat
/home/michele/mltlsat/Benchmarks/random0/P0.7N5L5M100T100-6.mltl,0.0,7796,sat
/home/michele/mltlsat/Benchmarks/random0/P0.7N5L5M100T100-7.mltl,0.0,7808.8,unsat
/home/michele/mltlsat/Benchmarks/random0/P0.7N5L5M100T100-8.mltl,0.0,7814.4,sat
/home/michele/mltlsat/Benchmarks/random0/P0.7N5L5M100T100-9.mltl,0.0,7797.6,sat
/home/michele/mltlsat/Benchmarks/random0/P0.7N5L60M100T100-10.mltl,0.07,35130.4,sat
/home/michele/mltlsat/Benchmarks/random0/P0.7N5L60M100T100-1.mltl,-1,-1,TO
/home/michele/mltlsat/Benchmarks/random0/P0.7N5L60M100T100-2.mltl,0.0,7820,sat
/home/michele/mltlsat/Benchmarks/random0/P0.7N5L60M100T100-3.mltl,0.04,24684,sat
/home/michele/mltlsat/Benchmarks/random0/P0.7N5L60M100T100-4.mltl,0.0,9364.8,sat
/home/michele/mltlsat/Benchmarks/random0/P0.7N5L60M100T100-5.mltl,0.02,17020,sat
/home/michele/mltlsat/Benchmarks/random0/P0.7N5L60M100T100-6.mltl,0.06,15459.2,sat
/home/michele/mltlsat/Benchmarks/random0/P0.7N5L60M100T100-7.mltl,0.02,15461.6,sat
/home/michele/mltlsat/Benchmarks/random0/P0.7N5L60M100T100-8.mltl,0.0,10870.4,sat
/home/michele/mltlsat/Benchmarks/random0/P0.7N5L60M100T100-9.mltl,0.01,10880,sat
/home/michele/mltlsat/Benchmarks/random0/P0.7N5L65M100T100-10.mltl,2.134,66170.4,sat
/home/michele/mltlsat/Benchmarks/random0/P0.7N5L65M100T100-1.mltl,-1,-1,TO
/home/michele/mltlsat/Benchmarks/random0/P0.7N5L65M100T100-2.mltl,-1,-1,TO
/home/michele/mltlsat/Benchmarks/random0/P0.7N5L65M100T100-3.mltl,0.0,7798.4,sat
/home/michele/mltlsat/Benchmarks/random0/P0.7N5L65M100T100-4.mltl,0.0,7804,sat
/home/michele/mltlsat/Benchmarks/random0/P0.7N5L65M100T100-5.mltl,0.01,12386.4,sat
/home/michele/mltlsat/Benchmarks/random0/P0.7N5L65M100T100-6.mltl,0.01,10871.2,sat
/home/michele/mltlsat/Benchmarks/random0/P0.7N5L65M100T100-7.mltl,0.04,12392,sat
/home/michele/mltlsat/Benchmarks/random0/P0.7N5L65M100T100-8.mltl,0.0,7796,sat
/home/michele/mltlsat/Benchmarks/random0/P0.7N5L65M100T100-9.mltl,0.0,7768,sat
/home/michele/mltlsat/Benchmarks/random0/P0.7N5L70M100T100-10.mltl,0.02,15466.4,sat
/home/michele/mltlsat/Benchmarks/random0/P0.7N5L70M100T100-1.mltl,-1,-1,TO
/home/michele/mltlsat/Benchmarks/random0/P0.7N5L70M100T100-2.mltl,-1,-1,TO
/home/michele/mltlsat/Benchmarks/random0/P0.7N5L70M100T100-3.mltl,0.056,28976.8,sat
/home/michele/mltlsat/Benchmarks/random0/P0.7N5L70M100T100-4.mltl,0.0,9327.2,sat
/home/michele/mltlsat/Benchmarks/random0/P0.7N5L70M100T100-5.mltl,0.0,7784.8,sat
/home/michele/mltlsat/Benchmarks/random0/P0.7N5L70M100T100-6.mltl,0.0,7788.8,sat
/home/michele/mltlsat/Benchmarks/random0/P0.7N5L70M100T100-7.mltl,-1,-1,TO
/home/michele/mltlsat/Benchmarks/random0/P0.7N5L70M100T100-8.mltl,0.0,7818.4,sat
/home/michele/mltlsat/Benchmarks/random0/P0.7N5L70M100T100-9.mltl,0.0,7802.4,sat
/home/michele/mltlsat/Benchmarks/random0/P0.7N5L75M100T100-10.mltl,7.674,44337.6,sat
/home/michele/mltlsat/Benchmarks/random0/P0.7N5L75M100T100-1.mltl,0.0,7787.2,sat
/home/michele/mltlsat/Benchmarks/random0/P0.7N5L75M100T100-2.mltl,0.04,15467.2,sat
/home/michele/mltlsat/Benchmarks/random0/P0.7N5L75M100T100-3.mltl,0.01,15480,sat
/home/michele/mltlsat/Benchmarks/random0/P0.7N5L75M100T100-4.mltl,0.13,32403.2,sat
/home/michele/mltlsat/Benchmarks/random0/P0.7N5L75M100T100-5.mltl,0.0,7801.6,sat
/home/michele/mltlsat/Benchmarks/random0/P0.7N5L75M100T100-6.mltl,0.0,7787.2,sat
/home/michele/mltlsat/Benchmarks/random0/P0.7N5L75M100T100-7.mltl,0.01,12393.6,sat
/home/michele/mltlsat/Benchmarks/random0/P0.7N5L75M100T100-8.mltl,0.03,18557.6,sat
/home/michele/mltlsat/Benchmarks/random0/P0.7N5L75M100T100-9.mltl,0.01,12408.8,sat
/home/michele/mltlsat/Benchmarks/random0/P0.7N5L80M100T100-10.mltl,0.01,12402.4,sat
/home/michele/mltlsat/Benchmarks/random0/P0.7N5L80M100T100-1.mltl,0.0,9298.4,sat
/home/michele/mltlsat/Benchmarks/random0/P0.7N5L80M100T100-2.mltl,0.0,7796.8,sat
/home/michele/mltlsat/Benchmarks/random0/P0.7N5L80M100T100-3.mltl,0.068,37012,sat
/home/michele/mltlsat/Benchmarks/random0/P0.7N5L80M100T100-4.mltl,2.536,161084,sat
/home/michele/mltlsat/Benchmarks/random0/P0.7N5L80M100T100-5.mltl,-1,-1,TO
/home/michele/mltlsat/Benchmarks/random0/P0.7N5L80M100T100-6.mltl,0.0,9323.2,sat
/home/michele/mltlsat/Benchmarks/random0/P0.7N5L80M100T100-7.mltl,-1,-1,TO
/home/michele/mltlsat/Benchmarks/random0/P0.7N5L80M100T100-8.mltl,0.0,7780,sat
/home/michele/mltlsat/Benchmarks/random0/P0.7N5L80M100T100-9.mltl,0.12,33891.2,sat
/home/michele/mltlsat/Benchmarks/random0/P0.7N5L85M100T100-10.mltl,0.01,12407.2,sat
/home/michele/mltlsat/Benchmarks/random0/P0.7N5L85M100T100-1.mltl,0.44,64633.6,sat
/home/michele/mltlsat/Benchmarks/random0/P0.7N5L85M100T100-2.mltl,0.0,9355.2,sat
/home/michele/mltlsat/Benchmarks/random0/P0.7N5L85M100T100-3.mltl,0.02,18549.6,sat
/home/michele/mltlsat/Benchmarks/random0/P0.7N5L85M100T100-4.mltl,0.0,7785.6,sat
/home/michele/mltlsat/Benchmarks/random0/P0.7N5L85M100T100-5.mltl,6.11,29308.8,sat
/home/michele/mltlsat/Benchmarks/random0/P0.7N5L85M100T100-6.mltl,-1,-1,TO
/home/michele/mltlsat/Benchmarks/random0/P0.7N5L85M100T100-7.mltl,0.02,18559.2,sat
/home/michele/mltlsat/Benchmarks/random0/P0.7N5L85M100T100-8.mltl,0.02,17003.2,sat
/home/michele/mltlsat/Benchmarks/random0/P0.7N5L85M100T100-9.mltl,0.0,7786.4,sat
/home/michele/mltlsat/Benchmarks/random0/P0.7N5L90M100T100-10.mltl,0.01,13925.6,sat
/home/michele/mltlsat/Benchmarks/random0/P0.7N5L90M100T100-1.mltl,0.0,7780.8,sat
/home/michele/mltlsat/Benchmarks/random0/P0.7N5L90M100T100-2.mltl,8.208,2125344.8,sat
/home/michele/mltlsat/Benchmarks/random0/P0.7N5L90M100T100-3.mltl,0.0,9348,sat
/home/michele/mltlsat/Benchmarks/random0/P0.7N5L90M100T100-4.mltl,0.44,27764,sat
/home/michele/mltlsat/Benchmarks/random0/P0.7N5L90M100T100-5.mltl,-1,-1,TO
/home/michele/mltlsat/Benchmarks/random0/P0.7N5L90M100T100-6.mltl,4.344,10882.4,unsat
/home/michele/mltlsat/Benchmarks/random0/P0.7N5L90M100T100-7.mltl,0.382,147609.6,sat
/home/michele/mltlsat/Benchmarks/random0/P0.7N5L90M100T100-8.mltl,0.04,17016.8,sat
/home/michele/mltlsat/Benchmarks/random0/P0.7N5L90M100T100-9.mltl,0.166,38515.2,sat
/home/michele/mltlsat/Benchmarks/random0/P0.7N5L95M100T100-10.mltl,-1,-1,TO
/home/michele/mltlsat/Benchmarks/random0/P0.7N5L95M100T100-1.mltl,-1,-1,TO
/home/michele/mltlsat/Benchmarks/random0/P0.7N5L95M100T100-2.mltl,0.06,30852.8,sat
/home/michele/mltlsat/Benchmarks/random0/P0.7N5L95M100T100-3.mltl,0.0,7802.4,sat
/home/michele/mltlsat/Benchmarks/random0/P0.7N5L95M100T100-4.mltl,1.544,29306.4,sat
/home/michele/mltlsat/Benchmarks/random0/P0.7N5L95M100T100-5.mltl,0.0,7785.6,unsat
/home/michele/mltlsat/Benchmarks/random0/P0.7N5L95M100T100-6.mltl,0.0,7808.8,sat
/home/michele/mltlsat/Benchmarks/random0/P0.7N5L95M100T100-7.mltl,0.0,7769.6,sat
/home/michele/mltlsat/Benchmarks/random0/P0.7N5L95M100T100-8.mltl,-1,-1,TO
/home/michele/mltlsat/Benchmarks/random0/P0.7N5L95M100T100-9.mltl,0.29,118384.8,sat
/home/michele/mltlsat/Benchmarks/random0/P0.95N1L100M100T100-10.mltl,30.546000000000003,10490073.6,sat
/home/michele/mltlsat/Benchmarks/random0/P0.95N1L100M100T100-1.mltl,-1,-1,TO
/home/michele/mltlsat/Benchmarks/random0/P0.95N1L100M100T100-2.mltl,0.01,10877.6,sat
/home/michele/mltlsat/Benchmarks/random0/P0.95N1L100M100T100-3.mltl,-1,-1,TO
/home/michele/mltlsat/Benchmarks/random0/P0.95N1L100M100T100-4.mltl,-1,-1,TO
/home/michele/mltlsat/Benchmarks/random0/P0.95N1L100M100T100-5.mltl,-1,-1,TO
/home/michele/mltlsat/Benchmarks/random0/P0.95N1L100M100T100-6.mltl,-1,-1,TO
/home/michele/mltlsat/Benchmarks/random0/P0.95N1L100M100T100-7.mltl,-1,-1,TO
/home/michele/mltlsat/Benchmarks/random0/P0.95N1L100M100T100-8.mltl,0.0,7781.6,sat
/home/michele/mltlsat/Benchmarks/random0/P0.95N1L100M100T100-9.mltl,2.08,78430.4,sat
/home/michele/mltlsat/Benchmarks/random0/P0.95N1L10M100T100-10.mltl,0.0,7812,sat
/home/michele/mltlsat/Benchmarks/random0/P0.95N1L10M100T100-1.mltl,0.006,9348,sat
/home/michele/mltlsat/Benchmarks/random0/P0.95N1L10M100T100-2.mltl,0.0,7817.6,sat
/home/michele/mltlsat/Benchmarks/random0/P0.95N1L10M100T100-3.mltl,0.0,9337.6,sat
/home/michele/mltlsat/Benchmarks/random0/P0.95N1L10M100T100-4.mltl,0.01,10860.8,sat
/home/michele/mltlsat/Benchmarks/random0/P0.95N1L10M100T100-5.mltl,0.0,9342.4,sat
/home/michele/mltlsat/Benchmarks/random0/P0.95N1L10M100T100-6.mltl,0.0,7768.8,sat
/home/michele/mltlsat/Benchmarks/random0/P0.95N1L10M100T100-7.mltl,0.0,7798.4,sat
/home/michele/mltlsat/Benchmarks/random0/P0.95N1L10M100T100-8.mltl,0.01,9316,sat
/home/michele/mltlsat/Benchmarks/random0/P0.95N1L10M100T100-9.mltl,0.0,7807.2,sat
/home/michele/mltlsat/Benchmarks/random0/P0.95N1L15M100T100-10.mltl,0.0,7788,sat
/home/michele/mltlsat/Benchmarks/random0/P0.95N1L15M100T100-1.mltl,0.0,7823.2,sat
/home/michele/mltlsat/Benchmarks/random0/P0.95N1L15M100T100-2.mltl,0.05,12423.2,sat
/home/michele/mltlsat/Benchmarks/random0/P0.95N1L15M100T100-3.mltl,0.0,7792,sat
/home/michele/mltlsat/Benchmarks/random0/P0.95N1L15M100T100-4.mltl,0.0,7802.4,sat
/home/michele/mltlsat/Benchmarks/random0/P0.95N1L15M100T100-5.mltl,0.0,7799.2,sat
/home/michele/mltlsat/Benchmarks/random0/P0.95N1L15M100T100-6.mltl,0.0,7784.8,sat
/home/michele/mltlsat/Benchmarks/random0/P0.95N1L15M100T100-7.mltl,0.01,12410.4,sat
/home/michele/mltlsat/Benchmarks/random0/P0.95N1L15M100T100-8.mltl,0.03,18547.2,sat
/home/michele/mltlsat/Benchmarks/random0/P0.95N1L15M100T100-9.mltl,-1,-1,TO
/home/michele/mltlsat/Benchmarks/random0/P0.95N1L20M100T100-10.mltl,0.01,12420.8,sat
/home/michele/mltlsat/Benchmarks/random0/P0.95N1L20M100T100-1.mltl,0.086,13925.6,sat
/home/michele/mltlsat/Benchmarks/random0/P0.95N1L20M100T100-2.mltl,0.0,7792.8,sat
/home/michele/mltlsat/Benchmarks/random0/P0.95N1L20M100T100-3.mltl,0.0,7805.6,sat
/home/michele/mltlsat/Benchmarks/random0/P0.95N1L20M100T100-4.mltl,0.0,7794.4,sat
/home/michele/mltlsat/Benchmarks/random0/P0.95N1L20M100T100-5.mltl,0.01,15488,sat
/home/michele/mltlsat/Benchmarks/random0/P0.95N1L20M100T100-6.mltl,0.0,7787.2,sat
/home/michele/mltlsat/Benchmarks/random0/P0.95N1L20M100T100-7.mltl,1.658,13956.8,sat
/home/michele/mltlsat/Benchmarks/random0/P0.95N1L20M100T100-8.mltl,0.0,7806.4,sat
/home/michele/mltlsat/Benchmarks/random0/P0.95N1L20M100T100-9.mltl,0.0,7800,sat
/home/michele/mltlsat/Benchmarks/random0/P0.95N1L25M100T100-10.mltl,0.0,7800,sat
/home/michele/mltlsat/Benchmarks/random0/P0.95N1L25M100T100-1.mltl,0.02,13932,sat
/home/michele/mltlsat/Benchmarks/random0/P0.95N1L25M100T100-2.mltl,0.0,9333.6,sat
/home/michele/mltlsat/Benchmarks/random0/P0.95N1L25M100T100-3.mltl,0.0,7812.8,sat
/home/michele/mltlsat/Benchmarks/random0/P0.95N1L25M100T100-4.mltl,-1,-1,TO
/home/michele/mltlsat/Benchmarks/random0/P0.95N1L25M100T100-5.mltl,0.03,10873.6,sat
/home/michele/mltlsat/Benchmarks/random0/P0.95N1L25M100T100-6.mltl,0.0,7841.6,sat
/home/michele/mltlsat/Benchmarks/random0/P0.95N1L25M100T100-7.mltl,0.362,9349.6,sat
/home/michele/mltlsat/Benchmarks/random0/P0.95N1L25M100T100-8.mltl,0.03,10847.2,sat
/home/michele/mltlsat/Benchmarks/random0/P0.95N1L25M100T100-9.mltl,0.0,7787.2,sat
/home/michele/mltlsat/Benchmarks/random0/P0.95N1L30M100T100-10.mltl,-1,-1,TO
/home/michele/mltlsat/Benchmarks/random0/P0.95N1L30M100T100-1.mltl,0.0,7817.6,sat
/home/michele/mltlsat/Benchmarks/random0/P0.95N1L30M100T100-2.mltl,0.03,13328.8,sat
/home/michele/mltlsat/Benchmarks/random0/P0.95N1L30M100T100-3.mltl,0.0,7798.4,sat
/home/michele/mltlsat/Benchmarks/random0/P0.95N1L30M100T100-4.mltl,0.01,12411.2,sat
/home/michele/mltlsat/Benchmarks/random0/P0.95N1L30M100T100-5.mltl,0.0,9332,sat
/home/michele/mltlsat/Benchmarks/random0/P0.95N1L30M100T100-6.mltl,27.322,31430.4,sat
/home/michele/mltlsat/Benchmarks/random0/P0.95N1L30M100T100-7.mltl,0.01,12432.8,sat
/home/michele/mltlsat/Benchmarks/random0/P0.95N1L30M100T100-8.mltl,-1,-1,TO
/home/michele/mltlsat/Benchmarks/random0/P0.95N1L30M100T100-9.mltl,0.0,7796,sat
/home/michele/mltlsat/Benchmarks/random0/P0.95N1L35M100T100-10.mltl,0.37,12088,sat
/home/michele/mltlsat/Benchmarks/random0/P0.95N1L35M100T100-1.mltl,0.048,26263.2,sat
/home/michele/mltlsat/Benchmarks/random0/P0.95N1L35M100T100-2.mltl,-1,-1,TO
/home/michele/mltlsat/Benchmarks/random0/P0.95N1L35M100T100-3.mltl,-1,-1,TO
/home/michele/mltlsat/Benchmarks/random0/P0.95N1L35M100T100-4.mltl,0.02,20088,sat
/home/michele/mltlsat/Benchmarks/random0/P0.95N1L35M100T100-5.mltl,0.294,21302.4,sat
/home/michele/mltlsat/Benchmarks/random0/P0.95N1L35M100T100-6.mltl,-1,-1,TO
/home/michele/mltlsat/Benchmarks/random0/P0.95N1L35M100T100-7.mltl,0.01,13940.8,sat
/home/michele/mltlsat/Benchmarks/random0/P0.95N1L35M100T100-8.mltl,4.106,1385280.8,sat
/home/michele/mltlsat/Benchmarks/random0/P0.95N1L35M100T100-9.mltl,0.112,18560,sat
/home/michele/mltlsat/Benchmarks/random0/P0.95N1L40M100T100-10.mltl,0.08,27788,sat
/home/michele/mltlsat/Benchmarks/random0/P0.95N1L40M100T100-1.mltl,-1,-1,TO
/home/michele/mltlsat/Benchmarks/random0/P0.95N1L40M100T100-2.mltl,0.0,9331.2,sat
/home/michele/mltlsat/Benchmarks/random0/P0.95N1L40M100T100-3.mltl,0.0,7784,sat
/home/michele/mltlsat/Benchmarks/random0/P0.95N1L40M100T100-4.mltl,-1,-1,TO
/home/michele/mltlsat/Benchmarks/random0/P0.95N1L40M100T100-5.mltl,-1,-1,TO
/home/michele/mltlsat/Benchmarks/random0/P0.95N1L40M100T100-6.mltl,2.5140000000000002,70457.6,sat
/home/michele/mltlsat/Benchmarks/random0/P0.95N1L40M100T100-7.mltl,-1,-1,TO
/home/michele/mltlsat/Benchmarks/random0/P0.95N1L40M100T100-8.mltl,0.0,7816.8,sat
/home/michele/mltlsat/Benchmarks/random0/P0.95N1L40M100T100-9.mltl,0.03,21311.2,sat
/home/michele/mltlsat/Benchmarks/random0/P0.95N1L45M100T100-10.mltl,0.0,7804,sat
/home/michele/mltlsat/Benchmarks/random0/P0.95N1L45M100T100-1.mltl,0.162,18551.2,sat
/home/michele/mltlsat/Benchmarks/random0/P0.95N1L45M100T100-2.mltl,0.0,7791.2,sat
/home/michele/mltlsat/Benchmarks/random0/P0.95N1L45M100T100-3.mltl,-1,-1,TO
/home/michele/mltlsat/Benchmarks/random0/P0.95N1L45M100T100-4.mltl,-1,-1,TO
/home/michele/mltlsat/Benchmarks/random0/P0.95N1L45M100T100-5.mltl,-1,-1,TO
/home/michele/mltlsat/Benchmarks/random0/P0.95N1L45M100T100-6.mltl,-1,-1,TO
/home/michele/mltlsat/Benchmarks/random0/P0.95N1L45M100T100-7.mltl,-1,-1,TO
/home/michele/mltlsat/Benchmarks/random0/P0.95N1L45M100T100-8.mltl,2.57,20095.2,sat
/home/michele/mltlsat/Benchmarks/random0/P0.95N1L45M100T100-9.mltl,-1,-1,TO
/home/michele/mltlsat/Benchmarks/random0/P0.95N1L50M100T100-10.mltl,0.492,192115.2,sat
/home/michele/mltlsat/Benchmarks/random0/P0.95N1L50M100T100-1.mltl,-1,-1,TO
/home/michele/mltlsat/Benchmarks/random0/P0.95N1L50M100T100-2.mltl,0.042,9355.2,sat
/home/michele/mltlsat/Benchmarks/random0/P0.95N1L50M100T100-3.mltl,0.0,9328.8,sat
/home/michele/mltlsat/Benchmarks/random0/P0.95N1L50M100T100-4.mltl,0.0,7785.6,sat
/home/michele/mltlsat/Benchmarks/random0/P0.95N1L50M100T100-5.mltl,0.002,10858.4,sat
/home/michele/mltlsat/Benchmarks/random0/P0.95N1L50M100T100-6.mltl,0.17,23164,sat
/home/michele/mltlsat/Benchmarks/random0/P0.95N1L50M100T100-7.mltl,1.248,17014.4,sat
/home/michele/mltlsat/Benchmarks/random0/P0.95N1L50M100T100-8.mltl,0.01,12413.6,sat
/home/michele/mltlsat/Benchmarks/random0/P0.95N1L50M100T100-9.mltl,-1,-1,TO
/home/michele/mltlsat/Benchmarks/random0/P0.95N1L55M100T100-10.mltl,0.01,12425.6,sat
/home/michele/mltlsat/Benchmarks/random0/P0.95N1L55M100T100-1.mltl,0.01,10897.6,sat
/home/michele/mltlsat/Benchmarks/random0/P0.95N1L55M100T100-2.mltl,-1,-1,TO
/home/michele/mltlsat/Benchmarks/random0/P0.95N1L55M100T100-3.mltl,0.252,21599.2,sat
/home/michele/mltlsat/Benchmarks/random0/P0.95N1L55M100T100-4.mltl,-1,-1,TO
/home/michele/mltlsat/Benchmarks/random0/P0.95N1L55M100T100-5.mltl,1.594,44368,sat
/home/michele/mltlsat/Benchmarks/random0/P0.95N1L55M100T100-6.mltl,28.572,3874805.6,sat
/home/michele/mltlsat/Benchmarks/random0/P0.95N1L55M100T100-7.mltl,17.974,19780.8,sat
/home/michele/mltlsat/Benchmarks/random0/P0.95N1L55M100T100-8.mltl,-1,-1,TO
/home/michele/mltlsat/Benchmarks/random0/P0.95N1L55M100T100-9.mltl,-1,-1,TO
/home/michele/mltlsat/Benchmarks/random0/P0.95N1L5M100T100-10.mltl,0.0,7793.6,sat
/home/michele/mltlsat/Benchmarks/random0/P0.95N1L5M100T100-1.mltl,0.0,7794.4,sat
/home/michele/mltlsat/Benchmarks/random0/P0.95N1L5M100T100-2.mltl,0.0,7789.6,sat
/home/michele/mltlsat/Benchmarks/random0/P0.95N1L5M100T100-3.mltl,0.0,7814.4,sat
/home/michele/mltlsat/Benchmarks/random0/P0.95N1L5M100T100-4.mltl,0.0,7815.2,sat
/home/michele/mltlsat/Benchmarks/random0/P0.95N1L5M100T100-5.mltl,0.0,7774.4,sat
/home/michele/mltlsat/Benchmarks/random0/P0.95N1L5M100T100-6.mltl,0.0,7792.8,sat
/home/michele/mltlsat/Benchmarks/random0/P0.95N1L5M100T100-7.mltl,0.0,7797.6,sat
/home/michele/mltlsat/Benchmarks/random0/P0.95N1L5M100T100-8.mltl,0.0,7823.2,sat
/home/michele/mltlsat/Benchmarks/random0/P0.95N1L5M100T100-9.mltl,0.0,7816,sat
/home/michele/mltlsat/Benchmarks/random0/P0.95N1L60M100T100-10.mltl,0.11,50785.6,sat
/home/michele/mltlsat/Benchmarks/random0/P0.95N1L60M100T100-1.mltl,-1,-1,TO
/home/michele/mltlsat/Benchmarks/random0/P0.95N1L60M100T100-2.mltl,-1,-1,TO
/home/michele/mltlsat/Benchmarks/random0/P0.95N1L60M100T100-3.mltl,-1,-1,TO
/home/michele/mltlsat/Benchmarks/random0/P0.95N1L60M100T100-4.mltl,0.0,7804,sat
/home/michele/mltlsat/Benchmarks/random0/P0.95N1L60M100T100-5.mltl,0.554,50808,sat
/home/michele/mltlsat/Benchmarks/random0/P0.95N1L60M100T100-6.mltl,0.0,7789.6,sat
/home/michele/mltlsat/Benchmarks/random0/P0.95N1L60M100T100-7.mltl,-1,-1,TO
/home/michele/mltlsat/Benchmarks/random0/P0.95N1L60M100T100-8.mltl,3.402,47720.8,sat
/home/michele/mltlsat/Benchmarks/random0/P0.95N1L60M100T100-9.mltl,-1,-1,TO
/home/michele/mltlsat/Benchmarks/random0/P0.95N1L65M100T100-10.mltl,0.03,20080.8,sat
/home/michele/mltlsat/Benchmarks/random0/P0.95N1L65M100T100-1.mltl,-1,-1,TO
/home/michele/mltlsat/Benchmarks/random0/P0.95N1L65M100T100-2.mltl,0.02,13918.4,sat
/home/michele/mltlsat/Benchmarks/random0/P0.95N1L65M100T100-3.mltl,0.028,12377.6,sat
/home/michele/mltlsat/Benchmarks/random0/P0.95N1L65M100T100-4.mltl,2.202,829588,sat
/home/michele/mltlsat/Benchmarks/random0/P0.95N1L65M100T100-5.mltl,0.0,7775.2,sat
/home/michele/mltlsat/Benchmarks/random0/P0.95N1L65M100T100-6.mltl,0.0,9342.4,sat
/home/michele/mltlsat/Benchmarks/random0/P0.95N1L65M100T100-7.mltl,-1,-1,TO
/home/michele/mltlsat/Benchmarks/random0/P0.95N1L65M100T100-8.mltl,50.27,224373.6,sat
/home/michele/mltlsat/Benchmarks/random0/P0.95N1L65M100T100-9.mltl,-1,-1,TO
/home/michele/mltlsat/Benchmarks/random0/P0.95N1L70M100T100-10.mltl,0.0,7784.8,sat
/home/michele/mltlsat/Benchmarks/random0/P0.95N1L70M100T100-1.mltl,0.03,20075.2,sat
/home/michele/mltlsat/Benchmarks/random0/P0.95N1L70M100T100-2.mltl,-1,-1,TO
/home/michele/mltlsat/Benchmarks/random0/P0.95N1L70M100T100-3.mltl,0.002,10859.2,sat
/home/michele/mltlsat/Benchmarks/random0/P0.95N1L70M100T100-4.mltl,-1,-1,TO
/home/michele/mltlsat/Benchmarks/random0/P0.95N1L70M100T100-5.mltl,0.0,7806.4,sat
/home/michele/mltlsat/Benchmarks/random0/P0.95N1L70M100T100-6.mltl,0.0,7778.4,sat
/home/michele/mltlsat/Benchmarks/random0/P0.95N1L70M100T100-7.mltl,0.0,10865.6,sat
/home/michele/mltlsat/Benchmarks/random0/P0.95N1L70M100T100-8.mltl,0.0,7811.2,sat
/home/michele/mltlsat/Benchmarks/random0/P0.95N1L70M100T100-9.mltl,0.006,10856.8,sat
/home/michele/mltlsat/Benchmarks/random0/P0.95N1L75M100T100-10.mltl,2.178,213947.2,sat
/home/michele/mltlsat/Benchmarks/random0/P0.95N1L75M100T100-1.mltl,-1,-1,TO
/home/michele/mltlsat/Benchmarks/random0/P0.95N1L75M100T100-2.mltl,-1,-1,TO
/home/michele/mltlsat/Benchmarks/random0/P0.95N1L75M100T100-3.mltl,-1,-1,TO
/home/michele/mltlsat/Benchmarks/random0/P0.95N1L75M100T100-4.mltl,0.0,7812,sat
/home/michele/mltlsat/Benchmarks/random0/P0.95N1L75M100T100-5.mltl,0.0,7800,sat
/home/michele/mltlsat/Benchmarks/random0/P0.95N1L75M100T100-6.mltl,-1,-1,TO
/home/michele/mltlsat/Benchmarks/random0/P0.95N1L75M100T100-7.mltl,0.0,7790.4,sat
/home/michele/mltlsat/Benchmarks/random0/P0.95N1L75M100T100-8.mltl,0.0,7841.6,sat
/home/michele/mltlsat/Benchmarks/random0/P0.95N1L75M100T100-9.mltl,-1,-1,TO
/home/michele/mltlsat/Benchmarks/random0/P0.95N1L80M100T100-10.mltl,0.0,9320,sat
/home/michele/mltlsat/Benchmarks/random0/P0.95N1L80M100T100-1.mltl,3.822,119602.4,sat
/home/michele/mltlsat/Benchmarks/random0/P0.95N1L80M100T100-2.mltl,-1,-1,TO
/home/michele/mltlsat/Benchmarks/random0/P0.95N1L80M100T100-3.mltl,0.976,37002.4,sat
/home/michele/mltlsat/Benchmarks/random0/P0.95N1L80M100T100-4.mltl,1.63,46205.6,sat
/home/michele/mltlsat/Benchmarks/random0/P0.95N1L80M100T100-5.mltl,-1,-1,TO
/home/michele/mltlsat/Benchmarks/random0/P0.95N1L80M100T100-6.mltl,0.014,15482.4,sat
/home/michele/mltlsat/Benchmarks/random0/P0.95N1L80M100T100-7.mltl,-1,-1,TO
/home/michele/mltlsat/Benchmarks/random0/P0.95N1L80M100T100-8.mltl,-1,-1,TO
/home/michele/mltlsat/Benchmarks/random0/P0.95N1L80M100T100-9.mltl,-1,-1,TO
/home/michele/mltlsat/Benchmarks/random0/P0.95N1L85M100T100-10.mltl,0.0,7782.4,sat
/home/michele/mltlsat/Benchmarks/random0/P0.95N1L85M100T100-1.mltl,0.0,7786.4,sat
/home/michele/mltlsat/Benchmarks/random0/P0.95N1L85M100T100-2.mltl,-1,-1,TO
/home/michele/mltlsat/Benchmarks/random0/P0.95N1L85M100T100-3.mltl,0.0,9344.8,sat
/home/michele/mltlsat/Benchmarks/random0/P0.95N1L85M100T100-4.mltl,0.08,12398.4,sat
/home/michele/mltlsat/Benchmarks/random0/P0.95N1L85M100T100-5.mltl,-1,-1,TO
/home/michele/mltlsat/Benchmarks/random0/P0.95N1L85M100T100-6.mltl,0.0,9326.4,sat
/home/michele/mltlsat/Benchmarks/random0/P0.95N1L85M100T100-7.mltl,0.02,15468,sat
/home/michele/mltlsat/Benchmarks/random0/P0.95N1L85M100T100-8.mltl,0.214,29291.2,sat
/home/michele/mltlsat/Benchmarks/random0/P0.95N1L85M100T100-9.mltl,0.052000000000000005,30836.8,sat
/home/michele/mltlsat/Benchmarks/random0/P0.95N1L90M100T100-10.mltl,0.0,9310.4,sat
/home/michele/mltlsat/Benchmarks/random0/P0.95N1L90M100T100-1.mltl,-1,-1,TO
/home/michele/mltlsat/Benchmarks/random0/P0.95N1L90M100T100-2.mltl,0.08,43100,sat
/home/michele/mltlsat/Benchmarks/random0/P0.95N1L90M100T100-3.mltl,0.59,16697.6,sat
/home/michele/mltlsat/Benchmarks/random0/P0.95N1L90M100T100-4.mltl,-1,-1,TO
/home/michele/mltlsat/Benchmarks/random0/P0.95N1L90M100T100-5.mltl,-1,-1,TO
/home/michele/mltlsat/Benchmarks/random0/P0.95N1L90M100T100-6.mltl,1.488,68928,sat
/home/michele/mltlsat/Benchmarks/random0/P0.95N1L90M100T100-7.mltl,-1,-1,TO
/home/michele/mltlsat/Benchmarks/random0/P0.95N1L90M100T100-8.mltl,-1,-1,TO
/home/michele/mltlsat/Benchmarks/random0/P0.95N1L90M100T100-9.mltl,0.03,23148,sat
/home/michele/mltlsat/Benchmarks/random0/P0.95N1L95M100T100-10.mltl,-1,-1,TO
/home/michele/mltlsat/Benchmarks/random0/P0.95N1L95M100T100-1.mltl,-1,-1,TO
/home/michele/mltlsat/Benchmarks/random0/P0.95N1L95M100T100-2.mltl,1.742,116838.4,sat
/home/michele/mltlsat/Benchmarks/random0/P0.95N1L95M100T100-3.mltl,-1,-1,TO
/home/michele/mltlsat/Benchmarks/random0/P0.95N1L95M100T100-4.mltl,0.336,75079.2,sat
/home/michele/mltlsat/Benchmarks/random0/P0.95N1L95M100T100-5.mltl,0.052000000000000005,30843.2,sat
/home/michele/mltlsat/Benchmarks/random0/P0.95N1L95M100T100-6.mltl,-1,-1,TO
/home/michele/mltlsat/Benchmarks/random0/P0.95N1L95M100T100-7.mltl,0.01,12404.8,sat
/home/michele/mltlsat/Benchmarks/random0/P0.95N1L95M100T100-8.mltl,0.02,16996,sat
/home/michele/mltlsat/Benchmarks/random0/P0.95N1L95M100T100-9.mltl,0.0,7808,sat
/home/michele/mltlsat/Benchmarks/random0/P0.95N2L100M100T100-10.mltl,0.0,7791.2,sat
/home/michele/mltlsat/Benchmarks/random0/P0.95N2L100M100T100-1.mltl,0.576,38513.6,sat
/home/michele/mltlsat/Benchmarks/random0/P0.95N2L100M100T100-2.mltl,0.318,119900.8,sat
/home/michele/mltlsat/Benchmarks/random0/P0.95N2L100M100T100-3.mltl,0.0,10880,sat
/home/michele/mltlsat/Benchmarks/random0/P0.95N2L100M100T100-4.mltl,-1,-1,TO
/home/michele/mltlsat/Benchmarks/random0/P0.95N2L100M100T100-5.mltl,1.05,53887.2,sat
/home/michele/mltlsat/Benchmarks/random0/P0.95N2L100M100T100-6.mltl,-1,-1,TO
/home/michele/mltlsat/Benchmarks/random0/P0.95N2L100M100T100-7.mltl,1.592,109201.6,sat
/home/michele/mltlsat/Benchmarks/random0/P0.95N2L100M100T100-8.mltl,54.896,449860.8,sat
/home/michele/mltlsat/Benchmarks/random0/P0.95N2L100M100T100-9.mltl,0.02,17028.8,sat
/home/michele/mltlsat/Benchmarks/random0/P0.95N2L10M100T100-10.mltl,0.0,7825.6,sat
/home/michele/mltlsat/Benchmarks/random0/P0.95N2L10M100T100-1.mltl,0.0,7804.8,sat
/home/michele/mltlsat/Benchmarks/random0/P0.95N2L10M100T100-2.mltl,0.0,7812,sat
/home/michele/mltlsat/Benchmarks/random0/P0.95N2L10M100T100-3.mltl,0.0,7804.8,sat
/home/michele/mltlsat/Benchmarks/random0/P0.95N2L10M100T100-4.mltl,0.0,7799.2,sat
/home/michele/mltlsat/Benchmarks/random0/P0.95N2L10M100T100-5.mltl,0.0,9355.2,sat
/home/michele/mltlsat/Benchmarks/random0/P0.95N2L10M100T100-6.mltl,0.02,9332,sat
/home/michele/mltlsat/Benchmarks/random0/P0.95N2L10M100T100-7.mltl,0.0,9328.8,sat
/home/michele/mltlsat/Benchmarks/random0/P0.95N2L10M100T100-8.mltl,0.0,7814.4,sat
/home/michele/mltlsat/Benchmarks/random0/P0.95N2L10M100T100-9.mltl,0.0,9359.2,sat
/home/michele/mltlsat/Benchmarks/random0/P0.95N2L15M100T100-10.mltl,0.0,7792.8,sat
/home/michele/mltlsat/Benchmarks/random0/P0.95N2L15M100T100-1.mltl,0.01,9326.4,sat
/home/michele/mltlsat/Benchmarks/random0/P0.95N2L15M100T100-2.mltl,0.0,7784,unsat
/home/michele/mltlsat/Benchmarks/random0/P0.95N2L15M100T100-3.mltl,0.0,9341.6,sat
/home/michele/mltlsat/Benchmarks/random0/P0.95N2L15M100T100-4.mltl,0.0,9335.2,sat
/home/michele/mltlsat/Benchmarks/random0/P0.95N2L15M100T100-5.mltl,0.01,12401.6,sat
/home/michele/mltlsat/Benchmarks/random0/P0.95N2L15M100T100-6.mltl,0.0,7820,sat
/home/michele/mltlsat/Benchmarks/random0/P0.95N2L15M100T100-7.mltl,0.0,7777.6,sat
/home/michele/mltlsat/Benchmarks/random0/P0.95N2L15M100T100-8.mltl,0.0,9320,sat
/home/michele/mltlsat/Benchmarks/random0/P0.95N2L15M100T100-9.mltl,0.0,9344,sat
/home/michele/mltlsat/Benchmarks/random0/P0.95N2L20M100T100-10.mltl,0.16,18252,sat
/home/michele/mltlsat/Benchmarks/random0/P0.95N2L20M100T100-1.mltl,0.01,12407.2,sat
/home/michele/mltlsat/Benchmarks/random0/P0.95N2L20M100T100-2.mltl,0.0,7800.8,sat
/home/michele/mltlsat/Benchmarks/random0/P0.95N2L20M100T100-3.mltl,0.0,7803.2,sat
/home/michele/mltlsat/Benchmarks/random0/P0.95N2L20M100T100-4.mltl,0.0,7780.8,sat
/home/michele/mltlsat/Benchmarks/random0/P0.95N2L20M100T100-5.mltl,-1,-1,OOM
/home/michele/mltlsat/Benchmarks/random0/P0.95N2L20M100T100-6.mltl,0.0,7808,sat
/home/michele/mltlsat/Benchmarks/random0/P0.95N2L20M100T100-7.mltl,0.0,7806.4,sat
/home/michele/mltlsat/Benchmarks/random0/P0.95N2L20M100T100-8.mltl,0.0,9324.8,sat
/home/michele/mltlsat/Benchmarks/random0/P0.95N2L20M100T100-9.mltl,0.02,18545.6,sat
/home/michele/mltlsat/Benchmarks/random0/P0.95N2L25M100T100-10.mltl,0.0,9332.8,sat
/home/michele/mltlsat/Benchmarks/random0/P0.95N2L25M100T100-1.mltl,0.0,7827.2,sat
/home/michele/mltlsat/Benchmarks/random0/P0.95N2L25M100T100-2.mltl,0.0,10900,sat
/home/michele/mltlsat/Benchmarks/random0/P0.95N2L25M100T100-3.mltl,0.022,18250.4,sat
/home/michele/mltlsat/Benchmarks/random0/P0.95N2L25M100T100-4.mltl,0.0,7807.2,sat
/home/michele/mltlsat/Benchmarks/random0/P0.95N2L25M100T100-5.mltl,0.0,9356,sat
/home/michele/mltlsat/Benchmarks/random0/P0.95N2L25M100T100-6.mltl,-1,-1,TO
/home/michele/mltlsat/Benchmarks/random0/P0.95N2L25M100T100-7.mltl,0.0,9318.4,sat
/home/michele/mltlsat/Benchmarks/random0/P0.95N2L25M100T100-8.mltl,0.0,7805.6,sat
/home/michele/mltlsat/Benchmarks/random0/P0.95N2L25M100T100-9.mltl,0.0,7780,sat
/home/michele/mltlsat/Benchmarks/random0/P0.95N2L30M100T100-10.mltl,0.17400000000000002,20088,sat
/home/michele/mltlsat/Benchmarks/random0/P0.95N2L30M100T100-1.mltl,0.07,29326.4,sat
/home/michele/mltlsat/Benchmarks/random0/P0.95N2L30M100T100-2.mltl,0.0,9322.4,sat
/home/michele/mltlsat/Benchmarks/random0/P0.95N2L30M100T100-3.mltl,0.0,7789.6,sat
/home/michele/mltlsat/Benchmarks/random0/P0.95N2L30M100T100-4.mltl,0.0,7799.2,sat
/home/michele/mltlsat/Benchmarks/random0/P0.95N2L30M100T100-5.mltl,0.022,21307.2,sat
/home/michele/mltlsat/Benchmarks/random0/P0.95N2L30M100T100-6.mltl,0.374,18539.2,sat
/home/michele/mltlsat/Benchmarks/random0/P0.95N2L30M100T100-7.mltl,0.36,33902.4,sat
/home/michele/mltlsat/Benchmarks/random0/P0.95N2L30M100T100-8.mltl,-1,-1,TO
/home/michele/mltlsat/Benchmarks/random0/P0.95N2L30M100T100-9.mltl,0.082,13654.4,sat
/home/michele/mltlsat/Benchmarks/random0/P0.95N2L35M100T100-10.mltl,-1,-1,TO
/home/michele/mltlsat/Benchmarks/random0/P0.95N2L35M100T100-1.mltl,0.0,7807.2,sat
/home/michele/mltlsat/Benchmarks/random0/P0.95N2L35M100T100-2.mltl,0.07,24692,sat
/home/michele/mltlsat/Benchmarks/random0/P0.95N2L35M100T100-3.mltl,-1,-1,TO
/home/michele/mltlsat/Benchmarks/random0/P0.95N2L35M100T100-4.mltl,-1,-1,TO
/home/michele/mltlsat/Benchmarks/random0/P0.95N2L35M100T100-5.mltl,0.02,15500.8,sat
/home/michele/mltlsat/Benchmarks/random0/P0.95N2L35M100T100-6.mltl,0.032,12442.4,sat
/home/michele/mltlsat/Benchmarks/random0/P0.95N2L35M100T100-7.mltl,0.0,7798.4,sat
/home/michele/mltlsat/Benchmarks/random0/P0.95N2L35M100T100-8.mltl,0.05,13676.8,sat
/home/michele/mltlsat/Benchmarks/random0/P0.95N2L35M100T100-9.mltl,0.0,7807.2,sat
/home/michele/mltlsat/Benchmarks/random0/P0.95N2L40M100T100-10.mltl,0.0,7798.4,sat
/home/michele/mltlsat/Benchmarks/random0/P0.95N2L40M100T100-1.mltl,0.0,10870.4,sat
/home/michele/mltlsat/Benchmarks/random0/P0.95N2L40M100T100-2.mltl,-1,-1,TO
/home/michele/mltlsat/Benchmarks/random0/P0.95N2L40M100T100-3.mltl,0.0,7797.6,sat
/home/michele/mltlsat/Benchmarks/random0/P0.95N2L40M100T100-4.mltl,0.0,7821.6,sat
/home/michele/mltlsat/Benchmarks/random0/P0.95N2L40M100T100-5.mltl,0.0,7773.6,sat
/home/michele/mltlsat/Benchmarks/random0/P0.95N2L40M100T100-6.mltl,0.01,12394.4,sat
/home/michele/mltlsat/Benchmarks/random0/P0.95N2L40M100T100-7.mltl,0.0,7823.2,sat
/home/michele/mltlsat/Benchmarks/random0/P0.95N2L40M100T100-8.mltl,0.03,20101.6,sat
/home/michele/mltlsat/Benchmarks/random0/P0.95N2L40M100T100-9.mltl,-1,-1,TO
/home/michele/mltlsat/Benchmarks/random0/P0.95N2L45M100T100-10.mltl,-1,-1,TO
/home/michele/mltlsat/Benchmarks/random0/P0.95N2L45M100T100-1.mltl,0.058,21619.2,sat
/home/michele/mltlsat/Benchmarks/random0/P0.95N2L45M100T100-2.mltl,-1,-1,TO
/home/michele/mltlsat/Benchmarks/random0/P0.95N2L45M100T100-3.mltl,0.048,27758.4,sat
/home/michele/mltlsat/Benchmarks/random0/P0.95N2L45M100T100-4.mltl,0.0,10868,sat
/home/michele/mltlsat/Benchmarks/random0/P0.95N2L45M100T100-5.mltl,0.0,7792,sat
/home/michele/mltlsat/Benchmarks/random0/P0.95N2L45M100T100-6.mltl,0.0,7811.2,sat
/home/michele/mltlsat/Benchmarks/random0/P0.95N2L45M100T100-7.mltl,-1,-1,TO
/home/michele/mltlsat/Benchmarks/random0/P0.95N2L45M100T100-8.mltl,-1,-1,TO
/home/michele/mltlsat/Benchmarks/random0/P0.95N2L45M100T100-9.mltl,0.0,7803.2,sat
/home/michele/mltlsat/Benchmarks/random0/P0.95N2L50M100T100-10.mltl,0.01,10863.2,sat
/home/michele/mltlsat/Benchmarks/random0/P0.95N2L50M100T100-1.mltl,-1,-1,TO
/home/michele/mltlsat/Benchmarks/random0/P0.95N2L50M100T100-2.mltl,0.0,7798.4,sat
/home/michele/mltlsat/Benchmarks/random0/P0.95N2L50M100T100-3.mltl,0.03,21620.8,sat
/home/michele/mltlsat/Benchmarks/random0/P0.95N2L50M100T100-4.mltl,0.0,7792.8,sat
/home/michele/mltlsat/Benchmarks/random0/P0.95N2L50M100T100-5.mltl,0.402,46188.8,sat
/home/michele/mltlsat/Benchmarks/random0/P0.95N2L50M100T100-6.mltl,0.01,10856.8,sat
/home/michele/mltlsat/Benchmarks/random0/P0.95N2L50M100T100-7.mltl,0.03,18554.4,sat
/home/michele/mltlsat/Benchmarks/random0/P0.95N2L50M100T100-8.mltl,0.0,9330.4,sat
/home/michele/mltlsat/Benchmarks/random0/P0.95N2L50M100T100-9.mltl,0.0,7774.4,sat
/home/michele/mltlsat/Benchmarks/random0/P0.95N2L55M100T100-10.mltl,0.0,10864,sat
/home/michele/mltlsat/Benchmarks/random0/P0.95N2L55M100T100-1.mltl,0.352,29287.2,sat
/home/michele/mltlsat/Benchmarks/random0/P0.95N2L55M100T100-2.mltl,8.774000000000001,58519.2,sat
/home/michele/mltlsat/Benchmarks/random0/P0.95N2L55M100T100-3.mltl,0.0,7805.6,sat
/home/michele/mltlsat/Benchmarks/random0/P0.95N2L55M100T100-4.mltl,0.0,9343.2,sat
/home/michele/mltlsat/Benchmarks/random0/P0.95N2L55M100T100-5.mltl,-1,-1,TO
/home/michele/mltlsat/Benchmarks/random0/P0.95N2L55M100T100-6.mltl,0.03,15491.2,sat
/home/michele/mltlsat/Benchmarks/random0/P0.95N2L55M100T100-7.mltl,0.0,7817.6,sat
/home/michele/mltlsat/Benchmarks/random0/P0.95N2L55M100T100-8.mltl,0.05,12416,sat
/home/michele/mltlsat/Benchmarks/random0/P0.95N2L55M100T100-9.mltl,0.0,9340.8,sat
/home/michele/mltlsat/Benchmarks/random0/P0.95N2L5M100T100-10.mltl,0.0,7800.8,sat
/home/michele/mltlsat/Benchmarks/random0/P0.95N2L5M100T100-1.mltl,0.0,7794.4,sat
/home/michele/mltlsat/Benchmarks/random0/P0.95N2L5M100T100-2.mltl,0.0,8085.6,sat
/home/michele/mltlsat/Benchmarks/random0/P0.95N2L5M100T100-3.mltl,0.0,7807.2,sat
/home/michele/mltlsat/Benchmarks/random0/P0.95N2L5M100T100-4.mltl,0.0,7809.6,sat
/home/michele/mltlsat/Benchmarks/random0/P0.95N2L5M100T100-5.mltl,0.0,7783.2,sat
/home/michele/mltlsat/Benchmarks/random0/P0.95N2L5M100T100-6.mltl,0.0,7800,sat
/home/michele/mltlsat/Benchmarks/random0/P0.95N2L5M100T100-7.mltl,0.0,7806.4,sat
/home/michele/mltlsat/Benchmarks/random0/P0.95N2L5M100T100-8.mltl,0.0,7814.4,sat
/home/michele/mltlsat/Benchmarks/random0/P0.95N2L5M100T100-9.mltl,0.0,7811.2,sat
/home/michele/mltlsat/Benchmarks/random0/P0.95N2L60M100T100-10.mltl,0.0,7805.6,sat
/home/michele/mltlsat/Benchmarks/random0/P0.95N2L60M100T100-1.mltl,-1,-1,TO
/home/michele/mltlsat/Benchmarks/random0/P0.95N2L60M100T100-2.mltl,0.0,7774.4,sat
/home/michele/mltlsat/Benchmarks/random0/P0.95N2L60M100T100-3.mltl,0.03,21280.8,sat
/home/michele/mltlsat/Benchmarks/random0/P0.95N2L60M100T100-4.mltl,0.0,7793.6,sat
/home/michele/mltlsat/Benchmarks/random0/P0.95N2L60M100T100-5.mltl,0.04,12416.8,sat
/home/michele/mltlsat/Benchmarks/random0/P0.95N2L60M100T100-6.mltl,0.01,13924.8,sat
/home/michele/mltlsat/Benchmarks/random0/P0.95N2L60M100T100-7.mltl,1.118,38215.2,sat
/home/michele/mltlsat/Benchmarks/random0/P0.95N2L60M100T100-8.mltl,0.0,7805.6,sat
/home/michele/mltlsat/Benchmarks/random0/P0.95N2L60M100T100-9.mltl,0.0,7811.2,sat
/home/michele/mltlsat/Benchmarks/random0/P0.95N2L65M100T100-10.mltl,0.0,7826.4,sat
/home/michele/mltlsat/Benchmarks/random0/P0.95N2L65M100T100-1.mltl,-1,-1,TO
/home/michele/mltlsat/Benchmarks/random0/P0.95N2L65M100T100-2.mltl,0.05,29309.6,sat
/home/michele/mltlsat/Benchmarks/random0/P0.95N2L65M100T100-3.mltl,0.04,10868,sat
/home/michele/mltlsat/Benchmarks/random0/P0.95N2L65M100T100-4.mltl,1.652,44342.4,sat
/home/michele/mltlsat/Benchmarks/random0/P0.95N2L65M100T100-5.mltl,-1,-1,TO
/home/michele/mltlsat/Benchmarks/random0/P0.95N2L65M100T100-6.mltl,0.042,27751.2,sat
/home/michele/mltlsat/Benchmarks/random0/P0.95N2L65M100T100-7.mltl,-1,-1,TO
/home/michele/mltlsat/Benchmarks/random0/P0.95N2L65M100T100-8.mltl,-1,-1,TO
/home/michele/mltlsat/Benchmarks/random0/P0.95N2L65M100T100-9.mltl,40.284,108850.4,sat
/home/michele/mltlsat/Benchmarks/random0/P0.95N2L70M100T100-10.mltl,0.106,44652,sat
/home/michele/mltlsat/Benchmarks/random0/P0.95N2L70M100T100-1.mltl,2.816,606514.4,sat
/home/michele/mltlsat/Benchmarks/random0/P0.95N2L70M100T100-2.mltl,2.002,17013.6,sat
/home/michele/mltlsat/Benchmarks/random0/P0.95N2L70M100T100-3.mltl,-1,-1,TO
/home/michele/mltlsat/Benchmarks/random0/P0.95N2L70M100T100-4.mltl,-1,-1,TO
/home/michele/mltlsat/Benchmarks/random0/P0.95N2L70M100T100-5.mltl,-1,-1,OOM
/home/michele/mltlsat/Benchmarks/random0/P0.95N2L70M100T100-6.mltl,9.734,55413.6,sat
/home/michele/mltlsat/Benchmarks/random0/P0.95N2L70M100T100-7.mltl,55.558,1446434.4,sat
/home/michele/mltlsat/Benchmarks/random0/P0.95N2L70M100T100-8.mltl,0.0,7796,sat
/home/michele/mltlsat/Benchmarks/random0/P0.95N2L70M100T100-9.mltl,0.354,39446.4,sat
/home/michele/mltlsat/Benchmarks/random0/P0.95N2L75M100T100-10.mltl,-1,-1,TO
/home/michele/mltlsat/Benchmarks/random0/P0.95N2L75M100T100-1.mltl,0.0,7776.8,sat
/home/michele/mltlsat/Benchmarks/random0/P0.95N2L75M100T100-2.mltl,0.0,7785.6,sat
/home/michele/mltlsat/Benchmarks/random0/P0.95N2L75M100T100-3.mltl,0.05,29321.6,sat
/home/michele/mltlsat/Benchmarks/random0/P0.95N2L75M100T100-4.mltl,0.0,7790.4,sat
/home/michele/mltlsat/Benchmarks/random0/P0.95N2L75M100T100-5.mltl,28.924,92582.4,sat
/home/michele/mltlsat/Benchmarks/random0/P0.95N2L75M100T100-6.mltl,-1,-1,TO
/home/michele/mltlsat/Benchmarks/random0/P0.95N2L75M100T100-7.mltl,-1,-1,TO
/home/michele/mltlsat/Benchmarks/random0/P0.95N2L75M100T100-8.mltl,0.002,10879.2,sat
/home/michele/mltlsat/Benchmarks/random0/P0.95N2L75M100T100-9.mltl,-1,-1,TO
/home/michele/mltlsat/Benchmarks/random0/P0.95N2L80M100T100-10.mltl,-1,-1,TO
/home/michele/mltlsat/Benchmarks/random0/P0.95N2L80M100T100-1.mltl,-1,-1,TO
/home/michele/mltlsat/Benchmarks/random0/P0.95N2L80M100T100-2.mltl,-1,-1,TO
/home/michele/mltlsat/Benchmarks/random0/P0.95N2L80M100T100-3.mltl,-1,-1,TO
/home/michele/mltlsat/Benchmarks/random0/P0.95N2L80M100T100-4.mltl,0.0,7795.2,sat
/home/michele/mltlsat/Benchmarks/random0/P0.95N2L80M100T100-5.mltl,-1,-1,TO
/home/michele/mltlsat/Benchmarks/random0/P0.95N2L80M100T100-6.mltl,0.0,7796.8,sat
/home/michele/mltlsat/Benchmarks/random0/P0.95N2L80M100T100-7.mltl,0.322,121162.4,sat
/home/michele/mltlsat/Benchmarks/random0/P0.95N2L80M100T100-8.mltl,0.0,7842.4,sat
/home/michele/mltlsat/Benchmarks/random0/P0.95N2L80M100T100-9.mltl,0.0,7812.8,sat
/home/michele/mltlsat/Benchmarks/random0/P0.95N2L85M100T100-10.mltl,-1,-1,TO
/home/michele/mltlsat/Benchmarks/random0/P0.95N2L85M100T100-1.mltl,0.11,9345.6,unsat
/home/michele/mltlsat/Benchmarks/random0/P0.95N2L85M100T100-2.mltl,0.0,9329.6,sat
/home/michele/mltlsat/Benchmarks/random0/P0.95N2L85M100T100-3.mltl,0.0,7778.4,sat
/home/michele/mltlsat/Benchmarks/random0/P0.95N2L85M100T100-4.mltl,0.124,23149.6,sat
/home/michele/mltlsat/Benchmarks/random0/P0.95N2L85M100T100-5.mltl,0.02,17016.8,sat
/home/michele/mltlsat/Benchmarks/random0/P0.95N2L85M100T100-6.mltl,-1,-1,TO
/home/michele/mltlsat/Benchmarks/random0/P0.95N2L85M100T100-7.mltl,-1,-1,TO
/home/michele/mltlsat/Benchmarks/random0/P0.95N2L85M100T100-8.mltl,1.522,98443.2,sat
/home/michele/mltlsat/Benchmarks/random0/P0.95N2L85M100T100-9.mltl,0.076,21616,sat
/home/michele/mltlsat/Benchmarks/random0/P0.95N2L90M100T100-10.mltl,0.57,66180,sat
/home/michele/mltlsat/Benchmarks/random0/P0.95N2L90M100T100-1.mltl,0.0,7824.8,sat
/home/michele/mltlsat/Benchmarks/random0/P0.95N2L90M100T100-2.mltl,0.07200000000000001,24700.8,sat
/home/michele/mltlsat/Benchmarks/random0/P0.95N2L90M100T100-3.mltl,12.59,272959.2,sat
/home/michele/mltlsat/Benchmarks/random0/P0.95N2L90M100T100-4.mltl,-1,-1,TO
/home/michele/mltlsat/Benchmarks/random0/P0.95N2L90M100T100-5.mltl,5.752,56628.8,sat
/home/michele/mltlsat/Benchmarks/random0/P0.95N2L90M100T100-6.mltl,0.01,12438.4,sat
/home/michele/mltlsat/Benchmarks/random0/P0.95N2L90M100T100-7.mltl,-1,-1,TO
/home/michele/mltlsat/Benchmarks/random0/P0.95N2L90M100T100-8.mltl,7.529999999999999,51725.6,sat
/home/michele/mltlsat/Benchmarks/random0/P0.95N2L90M100T100-9.mltl,0.222,21630.4,sat
/home/michele/mltlsat/Benchmarks/random0/P0.95N2L95M100T100-10.mltl,-1,-1,TO
/home/michele/mltlsat/Benchmarks/random0/P0.95N2L95M100T100-1.mltl,0.092,46179.2,sat
/home/michele/mltlsat/Benchmarks/random0/P0.95N2L95M100T100-2.mltl,0.01,13963.2,sat
/home/michele/mltlsat/Benchmarks/random0/P0.95N2L95M100T100-3.mltl,-1,-1,TO
/home/michele/mltlsat/Benchmarks/random0/P0.95N2L95M100T100-4.mltl,0.26,36980.8,sat
/home/michele/mltlsat/Benchmarks/random0/P0.95N2L95M100T100-5.mltl,-1,-1,TO
/home/michele/mltlsat/Benchmarks/random0/P0.95N2L95M100T100-6.mltl,0.0,7776,sat
/home/michele/mltlsat/Benchmarks/random0/P0.95N2L95M100T100-7.mltl,0.002,10888.8,sat
/home/michele/mltlsat/Benchmarks/random0/P0.95N2L95M100T100-8.mltl,0.0,9367.2,sat
/home/michele/mltlsat/Benchmarks/random0/P0.95N2L95M100T100-9.mltl,-1,-1,TO
/home/michele/mltlsat/Benchmarks/random0/P0.95N3L100M100T100-10.mltl,0.0,9344,sat
/home/michele/mltlsat/Benchmarks/random0/P0.95N3L100M100T100-1.mltl,0.044000000000000004,26226.4,sat
/home/michele/mltlsat/Benchmarks/random0/P0.95N3L100M100T100-2.mltl,0.0,7828.8,sat
/home/michele/mltlsat/Benchmarks/random0/P0.95N3L100M100T100-3.mltl,0.0,10893.6,sat
/home/michele/mltlsat/Benchmarks/random0/P0.95N3L100M100T100-4.mltl,5.784,51722.4,sat
/home/michele/mltlsat/Benchmarks/random0/P0.95N3L100M100T100-5.mltl,-1,-1,TO
/home/michele/mltlsat/Benchmarks/random0/P0.95N3L100M100T100-6.mltl,0.02,15479.2,sat
/home/michele/mltlsat/Benchmarks/random0/P0.95N3L100M100T100-7.mltl,4.906,178273.6,sat
/home/michele/mltlsat/Benchmarks/random0/P0.95N3L100M100T100-8.mltl,-1,-1,TO
/home/michele/mltlsat/Benchmarks/random0/P0.95N3L100M100T100-9.mltl,0.836,64618.4,sat
/home/michele/mltlsat/Benchmarks/random0/P0.95N3L10M100T100-10.mltl,0.0,7804,sat
/home/michele/mltlsat/Benchmarks/random0/P0.95N3L10M100T100-1.mltl,0.0,7784.8,sat
/home/michele/mltlsat/Benchmarks/random0/P0.95N3L10M100T100-2.mltl,0.0,7796,sat
/home/michele/mltlsat/Benchmarks/random0/P0.95N3L10M100T100-3.mltl,0.0,7807.2,sat
/home/michele/mltlsat/Benchmarks/random0/P0.95N3L10M100T100-4.mltl,0.0,7811.2,sat
/home/michele/mltlsat/Benchmarks/random0/P0.95N3L10M100T100-5.mltl,0.0,9320,sat
/home/michele/mltlsat/Benchmarks/random0/P0.95N3L10M100T100-6.mltl,0.0,7790.4,sat
/home/michele/mltlsat/Benchmarks/random0/P0.95N3L10M100T100-7.mltl,0.0,7796,sat
/home/michele/mltlsat/Benchmarks/random0/P0.95N3L10M100T100-8.mltl,0.0,7783.2,sat
/home/michele/mltlsat/Benchmarks/random0/P0.95N3L10M100T100-9.mltl,0.0,7816,sat
/home/michele/mltlsat/Benchmarks/random0/P0.95N3L15M100T100-10.mltl,0.0,7818.4,sat
/home/michele/mltlsat/Benchmarks/random0/P0.95N3L15M100T100-1.mltl,0.04,13953.6,sat
/home/michele/mltlsat/Benchmarks/random0/P0.95N3L15M100T100-2.mltl,0.016,15500,sat
/home/michele/mltlsat/Benchmarks/random0/P0.95N3L15M100T100-3.mltl,0.0,7764.8,sat
/home/michele/mltlsat/Benchmarks/random0/P0.95N3L15M100T100-4.mltl,0.0,7797.6,sat
/home/michele/mltlsat/Benchmarks/random0/P0.95N3L15M100T100-5.mltl,0.0,9332,sat
/home/michele/mltlsat/Benchmarks/random0/P0.95N3L15M100T100-6.mltl,0.0,9358.4,sat
/home/michele/mltlsat/Benchmarks/random0/P0.95N3L15M100T100-7.mltl,0.02,12429.6,sat
/home/michele/mltlsat/Benchmarks/random0/P0.95N3L15M100T100-8.mltl,0.0,7802.4,sat
/home/michele/mltlsat/Benchmarks/random0/P0.95N3L15M100T100-9.mltl,0.0,9341.6,sat
/home/michele/mltlsat/Benchmarks/random0/P0.95N3L20M100T100-10.mltl,1.5,17052.8,sat
/home/michele/mltlsat/Benchmarks/random0/P0.95N3L20M100T100-1.mltl,0.0,7788,sat
/home/michele/mltlsat/Benchmarks/random0/P0.95N3L20M100T100-2.mltl,0.0,7788.8,sat
/home/michele/mltlsat/Benchmarks/random0/P0.95N3L20M100T100-3.mltl,72.8,842159.2,sat
/home/michele/mltlsat/Benchmarks/random0/P0.95N3L20M100T100-4.mltl,0.0,9334.4,sat
/home/michele/mltlsat/Benchmarks/random0/P0.95N3L20M100T100-5.mltl,0.0,7772,sat
/home/michele/mltlsat/Benchmarks/random0/P0.95N3L20M100T100-6.mltl,0.15,16710.4,sat
/home/michele/mltlsat/Benchmarks/random0/P0.95N3L20M100T100-7.mltl,0.002,10867.2,sat
/home/michele/mltlsat/Benchmarks/random0/P0.95N3L20M100T100-8.mltl,0.0,7821.6,sat
/home/michele/mltlsat/Benchmarks/random0/P0.95N3L20M100T100-9.mltl,0.0,7788,sat
/home/michele/mltlsat/Benchmarks/random0/P0.95N3L25M100T100-10.mltl,0.0,7786.4,sat
/home/michele/mltlsat/Benchmarks/random0/P0.95N3L25M100T100-1.mltl,0.0,7806.4,sat
/home/michele/mltlsat/Benchmarks/random0/P0.95N3L25M100T100-2.mltl,0.0,9332.8,sat
/home/michele/mltlsat/Benchmarks/random0/P0.95N3L25M100T100-3.mltl,0.0,7779.2,sat
/home/michele/mltlsat/Benchmarks/random0/P0.95N3L25M100T100-4.mltl,0.17,17020,sat
/home/michele/mltlsat/Benchmarks/random0/P0.95N3L25M100T100-5.mltl,0.0,7797.6,sat
/home/michele/mltlsat/Benchmarks/random0/P0.95N3L25M100T100-6.mltl,0.192,24692,sat
/home/michele/mltlsat/Benchmarks/random0/P0.95N3L25M100T100-7.mltl,0.02,13940.8,sat
/home/michele/mltlsat/Benchmarks/random0/P0.95N3L25M100T100-8.mltl,0.0,10860,sat
/home/michele/mltlsat/Benchmarks/random0/P0.95N3L25M100T100-9.mltl,0.03,21595.2,sat
/home/michele/mltlsat/Benchmarks/random0/P0.95N3L30M100T100-10.mltl,0.28200000000000003,18216,sat
/home/michele/mltlsat/Benchmarks/random0/P0.95N3L30M100T100-1.mltl,0.0,7804.8,sat
/home/michele/mltlsat/Benchmarks/random0/P0.95N3L30M100T100-2.mltl,0.01,12388,sat
/home/michele/mltlsat/Benchmarks/random0/P0.95N3L30M100T100-3.mltl,0.0,7796.8,sat
/home/michele/mltlsat/Benchmarks/random0/P0.95N3L30M100T100-4.mltl,0.0,7812.8,sat
/home/michele/mltlsat/Benchmarks/random0/P0.95N3L30M100T100-5.mltl,0.08,41596,sat
/home/michele/mltlsat/Benchmarks/random0/P0.95N3L30M100T100-6.mltl,0.0,7801.6,sat
/home/michele/mltlsat/Benchmarks/random0/P0.95N3L30M100T100-7.mltl,0.0,9329.6,sat
/home/michele/mltlsat/Benchmarks/random0/P0.95N3L30M100T100-8.mltl,0.07,35448,sat
/home/michele/mltlsat/Benchmarks/random0/P0.95N3L30M100T100-9.mltl,0.0,7807.2,sat
/home/michele/mltlsat/Benchmarks/random0/P0.95N3L35M100T100-10.mltl,0.0,7801.6,sat
/home/michele/mltlsat/Benchmarks/random0/P0.95N3L35M100T100-1.mltl,7.64,2763083.2,sat
/home/michele/mltlsat/Benchmarks/random0/P0.95N3L35M100T100-2.mltl,0.0,9341.6,sat
/home/michele/mltlsat/Benchmarks/random0/P0.95N3L35M100T100-3.mltl,0.0,7784.8,sat
/home/michele/mltlsat/Benchmarks/random0/P0.95N3L35M100T100-4.mltl,0.01,12403.2,sat
/home/michele/mltlsat/Benchmarks/random0/P0.95N3L35M100T100-5.mltl,0.0,7790.4,sat
/home/michele/mltlsat/Benchmarks/random0/P0.95N3L35M100T100-6.mltl,0.0,7803.2,sat
/home/michele/mltlsat/Benchmarks/random0/P0.95N3L35M100T100-7.mltl,0.0,9355.2,sat
/home/michele/mltlsat/Benchmarks/random0/P0.95N3L35M100T100-8.mltl,0.01,13952.8,sat
/home/michele/mltlsat/Benchmarks/random0/P0.95N3L35M100T100-9.mltl,0.0,9316,sat
/home/michele/mltlsat/Benchmarks/random0/P0.95N3L40M100T100-10.mltl,0.01,12400,sat
/home/michele/mltlsat/Benchmarks/random0/P0.95N3L40M100T100-1.mltl,26.244,51432.8,sat
/home/michele/mltlsat/Benchmarks/random0/P0.95N3L40M100T100-2.mltl,-1,-1,TO
/home/michele/mltlsat/Benchmarks/random0/P0.95N3L40M100T100-3.mltl,0.01,13939.2,sat
/home/michele/mltlsat/Benchmarks/random0/P0.95N3L40M100T100-4.mltl,0.0,9344,sat
/home/michele/mltlsat/Benchmarks/random0/P0.95N3L40M100T100-5.mltl,-1,-1,TO
/home/michele/mltlsat/Benchmarks/random0/P0.95N3L40M100T100-6.mltl,0.066,12425.6,sat
/home/michele/mltlsat/Benchmarks/random0/P0.95N3L40M100T100-7.mltl,0.0,9319.2,sat
/home/michele/mltlsat/Benchmarks/random0/P0.95N3L40M100T100-8.mltl,0.01,9312,sat
/home/michele/mltlsat/Benchmarks/random0/P0.95N3L40M100T100-9.mltl,-1,-1,TO
/home/michele/mltlsat/Benchmarks/random0/P0.95N3L45M100T100-10.mltl,0.15,13937.6,sat
/home/michele/mltlsat/Benchmarks/random0/P0.95N3L45M100T100-1.mltl,0.0,7800,sat
/home/michele/mltlsat/Benchmarks/random0/P0.95N3L45M100T100-2.mltl,11.152,50780,sat
/home/michele/mltlsat/Benchmarks/random0/P0.95N3L45M100T100-3.mltl,0.01,12396.8,sat
/home/michele/mltlsat/Benchmarks/random0/P0.95N3L45M100T100-4.mltl,0.02,10877.6,sat
/home/michele/mltlsat/Benchmarks/random0/P0.95N3L45M100T100-5.mltl,0.0,7814.4,sat
/home/michele/mltlsat/Benchmarks/random0/P0.95N3L45M100T100-6.mltl,0.326,26232.8,sat
/home/michele/mltlsat/Benchmarks/random0/P0.95N3L45M100T100-7.mltl,0.0,9362.4,sat
/home/michele/mltlsat/Benchmarks/random0/P0.95N3L45M100T100-8.mltl,-1,-1,TO
/home/michele/mltlsat/Benchmarks/random0/P0.95N3L45M100T100-9.mltl,0.372,21606.4,sat
/home/michele/mltlsat/Benchmarks/random0/P0.95N3L50M100T100-10.mltl,0.492,101493.6,sat
/home/michele/mltlsat/Benchmarks/random0/P0.95N3L50M100T100-1.mltl,0.0,9344.8,sat
/home/michele/mltlsat/Benchmarks/random0/P0.95N3L50M100T100-2.mltl,0.01,10883.2,sat
/home/michele/mltlsat/Benchmarks/random0/P0.95N3L50M100T100-3.mltl,0.0,7820,sat
/home/michele/mltlsat/Benchmarks/random0/P0.95N3L50M100T100-4.mltl,0.0,10882.4,sat
/home/michele/mltlsat/Benchmarks/random0/P0.95N3L50M100T100-5.mltl,-1,-1,TO
/home/michele/mltlsat/Benchmarks/random0/P0.95N3L50M100T100-6.mltl,0.0,9308,sat
/home/michele/mltlsat/Benchmarks/random0/P0.95N3L50M100T100-7.mltl,0.002,10884,sat
/home/michele/mltlsat/Benchmarks/random0/P0.95N3L50M100T100-8.mltl,0.0,7822.4,sat
/home/michele/mltlsat/Benchmarks/random0/P0.95N3L50M100T100-9.mltl,1.92,70764,sat
/home/michele/mltlsat/Benchmarks/random0/P0.95N3L55M100T100-10.mltl,0.05,26208.8,sat
/home/michele/mltlsat/Benchmarks/random0/P0.95N3L55M100T100-1.mltl,0.01,10879.2,sat
/home/michele/mltlsat/Benchmarks/random0/P0.95N3L55M100T100-2.mltl,0.0,7822.4,sat
/home/michele/mltlsat/Benchmarks/random0/P0.95N3L55M100T100-3.mltl,0.0,7786.4,sat
/home/michele/mltlsat/Benchmarks/random0/P0.95N3L55M100T100-4.mltl,0.01,13943.2,sat
/home/michele/mltlsat/Benchmarks/random0/P0.95N3L55M100T100-5.mltl,0.23,50799.2,sat
/home/michele/mltlsat/Benchmarks/random0/P0.95N3L55M100T100-6.mltl,-1,-1,TO
/home/michele/mltlsat/Benchmarks/random0/P0.95N3L55M100T100-7.mltl,0.052000000000000005,13968,sat
/home/michele/mltlsat/Benchmarks/random0/P0.95N3L55M100T100-8.mltl,0.0,7798.4,sat
/home/michele/mltlsat/Benchmarks/random0/P0.95N3L55M100T100-9.mltl,0.986,28990.4,sat
/home/michele/mltlsat/Benchmarks/random0/P0.95N3L5M100T100-10.mltl,0.0,7794.4,sat
/home/michele/mltlsat/Benchmarks/random0/P0.95N3L5M100T100-1.mltl,0.0,7772,sat
/home/michele/mltlsat/Benchmarks/random0/P0.95N3L5M100T100-2.mltl,0.0,9344.8,sat
/home/michele/mltlsat/Benchmarks/random0/P0.95N3L5M100T100-3.mltl,0.0,7815.2,sat
/home/michele/mltlsat/Benchmarks/random0/P0.95N3L5M100T100-4.mltl,0.0,7811.2,sat
/home/michele/mltlsat/Benchmarks/random0/P0.95N3L5M100T100-5.mltl,0.0,7789.6,sat
/home/michele/mltlsat/Benchmarks/random0/P0.95N3L5M100T100-6.mltl,0.0,8400.8,sat
/home/michele/mltlsat/Benchmarks/random0/P0.95N3L5M100T100-7.mltl,0.0,7815.2,sat
/home/michele/mltlsat/Benchmarks/random0/P0.95N3L5M100T100-8.mltl,0.0,7783.2,sat
/home/michele/mltlsat/Benchmarks/random0/P0.95N3L5M100T100-9.mltl,0.0,7800,sat
/home/michele/mltlsat/Benchmarks/random0/P0.95N3L60M100T100-10.mltl,-1,-1,TO
/home/michele/mltlsat/Benchmarks/random0/P0.95N3L60M100T100-1.mltl,0.03,23161.6,sat
/home/michele/mltlsat/Benchmarks/random0/P0.95N3L60M100T100-2.mltl,0.08,13330.4,sat
/home/michele/mltlsat/Benchmarks/random0/P0.95N3L60M100T100-3.mltl,0.0,10858.4,sat
/home/michele/mltlsat/Benchmarks/random0/P0.95N3L60M100T100-4.mltl,0.0,7816.8,sat
/home/michele/mltlsat/Benchmarks/random0/P0.95N3L60M100T100-5.mltl,0.0,7806.4,sat
/home/michele/mltlsat/Benchmarks/random0/P0.95N3L60M100T100-6.mltl,-1,-1,TO
/home/michele/mltlsat/Benchmarks/random0/P0.95N3L60M100T100-7.mltl,-1,-1,TO
/home/michele/mltlsat/Benchmarks/random0/P0.95N3L60M100T100-8.mltl,0.16,41575.2,sat
/home/michele/mltlsat/Benchmarks/random0/P0.95N3L60M100T100-9.mltl,0.0,9331.2,sat
/home/michele/mltlsat/Benchmarks/random0/P0.95N3L65M100T100-10.mltl,0.0,7775.2,sat
/home/michele/mltlsat/Benchmarks/random0/P0.95N3L65M100T100-1.mltl,0.338,26234.4,sat
/home/michele/mltlsat/Benchmarks/random0/P0.95N3L65M100T100-2.mltl,0.01,13944.8,sat
/home/michele/mltlsat/Benchmarks/random0/P0.95N3L65M100T100-3.mltl,-1,-1,TO
/home/michele/mltlsat/Benchmarks/random0/P0.95N3L65M100T100-4.mltl,0.366,43132,sat
/home/michele/mltlsat/Benchmarks/random0/P0.95N3L65M100T100-5.mltl,0.004,9328.8,sat
/home/michele/mltlsat/Benchmarks/random0/P0.95N3L65M100T100-6.mltl,0.05,23172.8,sat
/home/michele/mltlsat/Benchmarks/random0/P0.95N3L65M100T100-7.mltl,0.0,7796.8,sat
/home/michele/mltlsat/Benchmarks/random0/P0.95N3L65M100T100-8.mltl,0.05,12382.4,sat
/home/michele/mltlsat/Benchmarks/random0/P0.95N3L65M100T100-9.mltl,-1,-1,TO
/home/michele/mltlsat/Benchmarks/random0/P0.95N3L70M100T100-10.mltl,0.0,7801.6,sat
/home/michele/mltlsat/Benchmarks/random0/P0.95N3L70M100T100-1.mltl,0.0,7804,sat
/home/michele/mltlsat/Benchmarks/random0/P0.95N3L70M100T100-2.mltl,0.0,10853.6,sat
/home/michele/mltlsat/Benchmarks/random0/P0.95N3L70M100T100-3.mltl,0.0,9310.4,sat
/home/michele/mltlsat/Benchmarks/random0/P0.95N3L70M100T100-4.mltl,0.057999999999999996,27448,sat
/home/michele/mltlsat/Benchmarks/random0/P0.95N3L70M100T100-5.mltl,3.346,76298.4,sat
/home/michele/mltlsat/Benchmarks/random0/P0.95N3L70M100T100-6.mltl,0.14200000000000002,64624.8,sat
/home/michele/mltlsat/Benchmarks/random0/P0.95N3L70M100T100-7.mltl,0.0,7793.6,sat
/home/michele/mltlsat/Benchmarks/random0/P0.95N3L70M100T100-8.mltl,-1,-1,TO
/home/michele/mltlsat/Benchmarks/random0/P0.95N3L70M100T100-9.mltl,0.01,10866.4,sat
/home/michele/mltlsat/Benchmarks/random0/P0.95N3L75M100T100-10.mltl,4.136,196735.2,sat
/home/michele/mltlsat/Benchmarks/random0/P0.95N3L75M100T100-1.mltl,1.594,70484.8,sat
/home/michele/mltlsat/Benchmarks/random0/P0.95N3L75M100T100-2.mltl,0.0,7799.2,sat
/home/michele/mltlsat/Benchmarks/random0/P0.95N3L75M100T100-3.mltl,0.034,24696,sat
/home/michele/mltlsat/Benchmarks/random0/P0.95N3L75M100T100-4.mltl,0.0,7789.6,sat
/home/michele/mltlsat/Benchmarks/random0/P0.95N3L75M100T100-5.mltl,-1,-1,TO
/home/michele/mltlsat/Benchmarks/random0/P0.95N3L75M100T100-6.mltl,22.928,670430.4,sat
/home/michele/mltlsat/Benchmarks/random0/P0.95N3L75M100T100-7.mltl,0.12,22846.4,sat
/home/michele/mltlsat/Benchmarks/random0/P0.95N3L75M100T100-8.mltl,0.01,12422.4,sat
/home/michele/mltlsat/Benchmarks/random0/P0.95N3L75M100T100-9.mltl,0.264,24067.2,sat
/home/michele/mltlsat/Benchmarks/random0/P0.95N3L80M100T100-10.mltl,-1,-1,TO
/home/michele/mltlsat/Benchmarks/random0/P0.95N3L80M100T100-1.mltl,1.966,32355.2,sat
/home/michele/mltlsat/Benchmarks/random0/P0.95N3L80M100T100-2.mltl,0.326,24704.8,sat
/home/michele/mltlsat/Benchmarks/random0/P0.95N3L80M100T100-3.mltl,-1,-1,TO
/home/michele/mltlsat/Benchmarks/random0/P0.95N3L80M100T100-4.mltl,0.264,30844.8,sat
/home/michele/mltlsat/Benchmarks/random0/P0.95N3L80M100T100-5.mltl,-1,-1,TO
/home/michele/mltlsat/Benchmarks/random0/P0.95N3L80M100T100-6.mltl,0.0,7790.4,sat
/home/michele/mltlsat/Benchmarks/random0/P0.95N3L80M100T100-7.mltl,0.0,7780,sat
/home/michele/mltlsat/Benchmarks/random0/P0.95N3L80M100T100-8.mltl,0.0,7817.6,sat
/home/michele/mltlsat/Benchmarks/random0/P0.95N3L80M100T100-9.mltl,0.0,7807.2,sat
/home/michele/mltlsat/Benchmarks/random0/P0.95N3L85M100T100-10.mltl,75.614,1130926.4,sat
/home/michele/mltlsat/Benchmarks/random0/P0.95N3L85M100T100-1.mltl,-1,-1,TO
/home/michele/mltlsat/Benchmarks/random0/P0.95N3L85M100T100-2.mltl,-1,-1,TO
/home/michele/mltlsat/Benchmarks/random0/P0.95N3L85M100T100-3.mltl,-1,-1,TO
/home/michele/mltlsat/Benchmarks/random0/P0.95N3L85M100T100-4.mltl,0.08,44652,sat
/home/michele/mltlsat/Benchmarks/random0/P0.95N3L85M100T100-5.mltl,0.05,29297.6,sat
/home/michele/mltlsat/Benchmarks/random0/P0.95N3L85M100T100-6.mltl,0.574,33905.6,sat
/home/michele/mltlsat/Benchmarks/random0/P0.95N3L85M100T100-7.mltl,0.01,12418.4,sat
/home/michele/mltlsat/Benchmarks/random0/P0.95N3L85M100T100-8.mltl,0.004,9341.6,sat
/home/michele/mltlsat/Benchmarks/random0/P0.95N3L85M100T100-9.mltl,0.01,10884,sat
/home/michele/mltlsat/Benchmarks/random0/P0.95N3L90M100T100-10.mltl,-1,-1,TO
/home/michele/mltlsat/Benchmarks/random0/P0.95N3L90M100T100-1.mltl,0.16,66188,sat
/home/michele/mltlsat/Benchmarks/random0/P0.95N3L90M100T100-2.mltl,-1,-1,TO
/home/michele/mltlsat/Benchmarks/random0/P0.95N3L90M100T100-3.mltl,0.04,21644.8,sat
/home/michele/mltlsat/Benchmarks/random0/P0.95N3L90M100T100-4.mltl,-1,-1,TO
/home/michele/mltlsat/Benchmarks/random0/P0.95N3L90M100T100-5.mltl,-1,-1,TO
/home/michele/mltlsat/Benchmarks/random0/P0.95N3L90M100T100-6.mltl,0.01,9324,sat
/home/michele/mltlsat/Benchmarks/random0/P0.95N3L90M100T100-7.mltl,0.02,13944,sat
/home/michele/mltlsat/Benchmarks/random0/P0.95N3L90M100T100-8.mltl,0.0,7820.8,sat
/home/michele/mltlsat/Benchmarks/random0/P0.95N3L90M100T100-9.mltl,0.0,9340.8,sat
/home/michele/mltlsat/Benchmarks/random0/P0.95N3L95M100T100-10.mltl,-1,-1,TO
/home/michele/mltlsat/Benchmarks/random0/P0.95N3L95M100T100-1.mltl,0.034,23152.8,sat
/home/michele/mltlsat/Benchmarks/random0/P0.95N3L95M100T100-2.mltl,103.416,332201.6,sat
/home/michele/mltlsat/Benchmarks/random0/P0.95N3L95M100T100-3.mltl,0.232,29307.2,sat
/home/michele/mltlsat/Benchmarks/random0/P0.95N3L95M100T100-4.mltl,-1,-1,TO
/home/michele/mltlsat/Benchmarks/random0/P0.95N3L95M100T100-5.mltl,-1,-1,TO
/home/michele/mltlsat/Benchmarks/random0/P0.95N3L95M100T100-6.mltl,12.596,47423.2,sat
/home/michele/mltlsat/Benchmarks/random0/P0.95N3L95M100T100-7.mltl,45.566,113152,sat
/home/michele/mltlsat/Benchmarks/random0/P0.95N3L95M100T100-8.mltl,-1,-1,TO
/home/michele/mltlsat/Benchmarks/random0/P0.95N3L95M100T100-9.mltl,-1,-1,TO
/home/michele/mltlsat/Benchmarks/random0/P0.95N4L100M100T100-10.mltl,3.924,49267.2,sat
/home/michele/mltlsat/Benchmarks/random0/P0.95N4L100M100T100-1.mltl,0.02,15473.6,sat
/home/michele/mltlsat/Benchmarks/random0/P0.95N4L100M100T100-2.mltl,-1,-1,TO
/home/michele/mltlsat/Benchmarks/random0/P0.95N4L100M100T100-3.mltl,-1,-1,TO
/home/michele/mltlsat/Benchmarks/random0/P0.95N4L100M100T100-4.mltl,-1,-1,TO
/home/michele/mltlsat/Benchmarks/random0/P0.95N4L100M100T100-5.mltl,2.362,406824.8,sat
/home/michele/mltlsat/Benchmarks/random0/P0.95N4L100M100T100-6.mltl,0.0,7787.2,sat
/home/michele/mltlsat/Benchmarks/random0/P0.95N4L100M100T100-7.mltl,0.082,41583.2,sat
/home/michele/mltlsat/Benchmarks/random0/P0.95N4L100M100T100-8.mltl,0.0,7777.6,sat
/home/michele/mltlsat/Benchmarks/random0/P0.95N4L100M100T100-9.mltl,0.05,27767.2,sat
/home/michele/mltlsat/Benchmarks/random0/P0.95N4L10M100T100-10.mltl,0.0,7824.8,sat
/home/michele/mltlsat/Benchmarks/random0/P0.95N4L10M100T100-1.mltl,0.0,9338.4,sat
/home/michele/mltlsat/Benchmarks/random0/P0.95N4L10M100T100-2.mltl,1.914,72012,sat
/home/michele/mltlsat/Benchmarks/random0/P0.95N4L10M100T100-3.mltl,0.0,10856,sat
/home/michele/mltlsat/Benchmarks/random0/P0.95N4L10M100T100-4.mltl,0.0,7800.8,sat
/home/michele/mltlsat/Benchmarks/random0/P0.95N4L10M100T100-5.mltl,0.0,7817.6,sat
/home/michele/mltlsat/Benchmarks/random0/P0.95N4L10M100T100-6.mltl,0.0,7784.8,sat
/home/michele/mltlsat/Benchmarks/random0/P0.95N4L10M100T100-7.mltl,0.0,10863.2,sat
/home/michele/mltlsat/Benchmarks/random0/P0.95N4L10M100T100-8.mltl,0.0,7792.8,sat
/home/michele/mltlsat/Benchmarks/random0/P0.95N4L10M100T100-9.mltl,0.0,7796,sat
/home/michele/mltlsat/Benchmarks/random0/P0.95N4L15M100T100-10.mltl,0.01,12388,sat
/home/michele/mltlsat/Benchmarks/random0/P0.95N4L15M100T100-1.mltl,0.01,10907.2,sat
/home/michele/mltlsat/Benchmarks/random0/P0.95N4L15M100T100-2.mltl,0.0,7774.4,sat
/home/michele/mltlsat/Benchmarks/random0/P0.95N4L15M100T100-3.mltl,0.0,7766.4,sat
/home/michele/mltlsat/Benchmarks/random0/P0.95N4L15M100T100-4.mltl,0.0,7776.8,sat
/home/michele/mltlsat/Benchmarks/random0/P0.95N4L15M100T100-5.mltl,0.0,7768.8,sat
/home/michele/mltlsat/Benchmarks/random0/P0.95N4L15M100T100-6.mltl,0.012,12388.8,sat
/home/michele/mltlsat/Benchmarks/random0/P0.95N4L15M100T100-7.mltl,0.0,7804.8,sat
/home/michele/mltlsat/Benchmarks/random0/P0.95N4L15M100T100-8.mltl,0.02,9350.4,sat
/home/michele/mltlsat/Benchmarks/random0/P0.95N4L15M100T100-9.mltl,0.0,7804.8,sat
/home/michele/mltlsat/Benchmarks/random0/P0.95N4L20M100T100-10.mltl,0.08,40053.6,sat
/home/michele/mltlsat/Benchmarks/random0/P0.95N4L20M100T100-1.mltl,0.05,10870.4,sat
/home/michele/mltlsat/Benchmarks/random0/P0.95N4L20M100T100-2.mltl,0.0,7793.6,sat
/home/michele/mltlsat/Benchmarks/random0/P0.95N4L20M100T100-3.mltl,0.07,13937.6,sat
/home/michele/mltlsat/Benchmarks/random0/P0.95N4L20M100T100-4.mltl,0.0,7805.6,sat
/home/michele/mltlsat/Benchmarks/random0/P0.95N4L20M100T100-5.mltl,0.0,7798.4,sat
/home/michele/mltlsat/Benchmarks/random0/P0.95N4L20M100T100-6.mltl,0.05,24674.4,sat
/home/michele/mltlsat/Benchmarks/random0/P0.95N4L20M100T100-7.mltl,0.0,7807.2,sat
/home/michele/mltlsat/Benchmarks/random0/P0.95N4L20M100T100-8.mltl,0.004,10866.4,sat
/home/michele/mltlsat/Benchmarks/random0/P0.95N4L20M100T100-9.mltl,0.0,7788.8,sat
/home/michele/mltlsat/Benchmarks/random0/P0.95N4L25M100T100-10.mltl,0.0,9324.8,sat
/home/michele/mltlsat/Benchmarks/random0/P0.95N4L25M100T100-1.mltl,0.0,7798.4,sat
/home/michele/mltlsat/Benchmarks/random0/P0.95N4L25M100T100-2.mltl,0.02,15484.8,sat
/home/michele/mltlsat/Benchmarks/random0/P0.95N4L25M100T100-3.mltl,0.0,10852,sat
/home/michele/mltlsat/Benchmarks/random0/P0.95N4L25M100T100-4.mltl,0.0,7778.4,sat
/home/michele/mltlsat/Benchmarks/random0/P0.95N4L25M100T100-5.mltl,0.0,7800.8,sat
/home/michele/mltlsat/Benchmarks/random0/P0.95N4L25M100T100-6.mltl,0.0,7792.8,sat
/home/michele/mltlsat/Benchmarks/random0/P0.95N4L25M100T100-7.mltl,0.01,12089.6,sat
/home/michele/mltlsat/Benchmarks/random0/P0.95N4L25M100T100-8.mltl,0.0,10852.8,sat
/home/michele/mltlsat/Benchmarks/random0/P0.95N4L25M100T100-9.mltl,0.0,7788,sat
/home/michele/mltlsat/Benchmarks/random0/P0.95N4L30M100T100-10.mltl,0.06,20084,sat
/home/michele/mltlsat/Benchmarks/random0/P0.95N4L30M100T100-1.mltl,0.802,18539.2,sat
/home/michele/mltlsat/Benchmarks/random0/P0.95N4L30M100T100-2.mltl,0.0,9326.4,sat
/home/michele/mltlsat/Benchmarks/random0/P0.95N4L30M100T100-3.mltl,0.0,7788,sat
/home/michele/mltlsat/Benchmarks/random0/P0.95N4L30M100T100-4.mltl,0.0,7795.2,sat
/home/michele/mltlsat/Benchmarks/random0/P0.95N4L30M100T100-5.mltl,0.0,9369.6,sat
/home/michele/mltlsat/Benchmarks/random0/P0.95N4L30M100T100-6.mltl,0.02,17006.4,sat
/home/michele/mltlsat/Benchmarks/random0/P0.95N4L30M100T100-7.mltl,-1,-1,OOM
/home/michele/mltlsat/Benchmarks/random0/P0.95N4L30M100T100-8.mltl,0.14,56950.4,sat
/home/michele/mltlsat/Benchmarks/random0/P0.95N4L30M100T100-9.mltl,0.0,7798.4,sat
/home/michele/mltlsat/Benchmarks/random0/P0.95N4L35M100T100-10.mltl,0.0,9320,sat
/home/michele/mltlsat/Benchmarks/random0/P0.95N4L35M100T100-1.mltl,0.152,23144.8,sat
/home/michele/mltlsat/Benchmarks/random0/P0.95N4L35M100T100-2.mltl,0.0,9357.6,sat
/home/michele/mltlsat/Benchmarks/random0/P0.95N4L35M100T100-3.mltl,0.0,7780,sat
/home/michele/mltlsat/Benchmarks/random0/P0.95N4L35M100T100-4.mltl,0.0,7795.2,sat
/home/michele/mltlsat/Benchmarks/random0/P0.95N4L35M100T100-5.mltl,-1,-1,TO
/home/michele/mltlsat/Benchmarks/random0/P0.95N4L35M100T100-6.mltl,-1,-1,TO
/home/michele/mltlsat/Benchmarks/random0/P0.95N4L35M100T100-7.mltl,0.0,7808.8,sat
/home/michele/mltlsat/Benchmarks/random0/P0.95N4L35M100T100-8.mltl,0.0,10892,sat
/home/michele/mltlsat/Benchmarks/random0/P0.95N4L35M100T100-9.mltl,-1,-1,TO
/home/michele/mltlsat/Benchmarks/random0/P0.95N4L40M100T100-10.mltl,0.042,24679.2,sat
/home/michele/mltlsat/Benchmarks/random0/P0.95N4L40M100T100-1.mltl,0.0,7788,sat
/home/michele/mltlsat/Benchmarks/random0/P0.95N4L40M100T100-2.mltl,0.012,13943.2,sat
/home/michele/mltlsat/Benchmarks/random0/P0.95N4L40M100T100-3.mltl,0.02,17002.4,sat
/home/michele/mltlsat/Benchmarks/random0/P0.95N4L40M100T100-4.mltl,0.264,23160,sat
/home/michele/mltlsat/Benchmarks/random0/P0.95N4L40M100T100-5.mltl,0.28,21321.6,sat
/home/michele/mltlsat/Benchmarks/random0/P0.95N4L40M100T100-6.mltl,0.01,12404,sat
/home/michele/mltlsat/Benchmarks/random0/P0.95N4L40M100T100-7.mltl,0.624,18536.8,sat
/home/michele/mltlsat/Benchmarks/random0/P0.95N4L40M100T100-8.mltl,-1,-1,TO
/home/michele/mltlsat/Benchmarks/random0/P0.95N4L40M100T100-9.mltl,0.0,7828,sat
/home/michele/mltlsat/Benchmarks/random0/P0.95N4L45M100T100-10.mltl,0.0,7782.4,sat
/home/michele/mltlsat/Benchmarks/random0/P0.95N4L45M100T100-1.mltl,0.14,64320,sat
/home/michele/mltlsat/Benchmarks/random0/P0.95N4L45M100T100-2.mltl,-1,-1,TO
/home/michele/mltlsat/Benchmarks/random0/P0.95N4L45M100T100-3.mltl,0.04,13948,sat
/home/michele/mltlsat/Benchmarks/random0/P0.95N4L45M100T100-4.mltl,0.0,7800.8,unsat
/home/michele/mltlsat/Benchmarks/random0/P0.95N4L45M100T100-5.mltl,-1,-1,TO
/home/michele/mltlsat/Benchmarks/random0/P0.95N4L45M100T100-6.mltl,0.06,17012,sat
/home/michele/mltlsat/Benchmarks/random0/P0.95N4L45M100T100-7.mltl,0.166,18561.6,sat
/home/michele/mltlsat/Benchmarks/random0/P0.95N4L45M100T100-8.mltl,0.0,7802.4,sat
/home/michele/mltlsat/Benchmarks/random0/P0.95N4L45M100T100-9.mltl,-1,-1,TO
/home/michele/mltlsat/Benchmarks/random0/P0.95N4L50M100T100-10.mltl,2.438,205928.8,sat
/home/michele/mltlsat/Benchmarks/random0/P0.95N4L50M100T100-1.mltl,0.17,18556.8,sat
/home/michele/mltlsat/Benchmarks/random0/P0.95N4L50M100T100-2.mltl,-1,-1,TO
/home/michele/mltlsat/Benchmarks/random0/P0.95N4L50M100T100-3.mltl,-1,-1,TO
/home/michele/mltlsat/Benchmarks/random0/P0.95N4L50M100T100-4.mltl,-1,-1,TO
/home/michele/mltlsat/Benchmarks/random0/P0.95N4L50M100T100-5.mltl,0.06,35436,sat
/home/michele/mltlsat/Benchmarks/random0/P0.95N4L50M100T100-6.mltl,-1,-1,TO
/home/michele/mltlsat/Benchmarks/random0/P0.95N4L50M100T100-7.mltl,-1,-1,TO
/home/michele/mltlsat/Benchmarks/random0/P0.95N4L50M100T100-8.mltl,0.01,12389.6,sat
/home/michele/mltlsat/Benchmarks/random0/P0.95N4L50M100T100-9.mltl,0.01,9344.8,sat
/home/michele/mltlsat/Benchmarks/random0/P0.95N4L55M100T100-10.mltl,0.0,7806.4,sat
/home/michele/mltlsat/Benchmarks/random0/P0.95N4L55M100T100-1.mltl,0.0,7790.4,sat
/home/michele/mltlsat/Benchmarks/random0/P0.95N4L55M100T100-2.mltl,0.0,7766.4,sat
/home/michele/mltlsat/Benchmarks/random0/P0.95N4L55M100T100-3.mltl,0.0,7819.2,sat
/home/michele/mltlsat/Benchmarks/random0/P0.95N4L55M100T100-4.mltl,0.0,7813.6,sat
/home/michele/mltlsat/Benchmarks/random0/P0.95N4L55M100T100-5.mltl,2.94,213620,sat
/home/michele/mltlsat/Benchmarks/random0/P0.95N4L55M100T100-6.mltl,-1,-1,TO
/home/michele/mltlsat/Benchmarks/random0/P0.95N4L55M100T100-7.mltl,-1,-1,TO
/home/michele/mltlsat/Benchmarks/random0/P0.95N4L55M100T100-8.mltl,0.66,55124.8,sat
/home/michele/mltlsat/Benchmarks/random0/P0.95N4L55M100T100-9.mltl,0.0,10860.8,sat
/home/michele/mltlsat/Benchmarks/random0/P0.95N4L5M100T100-10.mltl,0.0,7784,sat
/home/michele/mltlsat/Benchmarks/random0/P0.95N4L5M100T100-1.mltl,0.0,7828,sat
/home/michele/mltlsat/Benchmarks/random0/P0.95N4L5M100T100-2.mltl,0.0,7796.8,sat
/home/michele/mltlsat/Benchmarks/random0/P0.95N4L5M100T100-3.mltl,0.0,7788,sat
/home/michele/mltlsat/Benchmarks/random0/P0.95N4L5M100T100-4.mltl,0.0,7816,sat
/home/michele/mltlsat/Benchmarks/random0/P0.95N4L5M100T100-5.mltl,0.0,7803.2,sat
/home/michele/mltlsat/Benchmarks/random0/P0.95N4L5M100T100-6.mltl,0.0,7820.8,sat
/home/michele/mltlsat/Benchmarks/random0/P0.95N4L5M100T100-7.mltl,0.0,7798.4,sat
/home/michele/mltlsat/Benchmarks/random0/P0.95N4L5M100T100-8.mltl,0.0,7828,sat
/home/michele/mltlsat/Benchmarks/random0/P0.95N4L5M100T100-9.mltl,0.0,7805.6,sat
/home/michele/mltlsat/Benchmarks/random0/P0.95N4L60M100T100-10.mltl,0.01,12396.8,sat
/home/michele/mltlsat/Benchmarks/random0/P0.95N4L60M100T100-1.mltl,0.0,7792,sat
/home/michele/mltlsat/Benchmarks/random0/P0.95N4L60M100T100-2.mltl,33.112,93815.2,sat
/home/michele/mltlsat/Benchmarks/random0/P0.95N4L60M100T100-3.mltl,0.0,7797.6,sat
/home/michele/mltlsat/Benchmarks/random0/P0.95N4L60M100T100-4.mltl,-1,-1,TO
/home/michele/mltlsat/Benchmarks/random0/P0.95N4L60M100T100-5.mltl,0.0,7788.8,sat
/home/michele/mltlsat/Benchmarks/random0/P0.95N4L60M100T100-6.mltl,1.208,24684.8,sat
/home/michele/mltlsat/Benchmarks/random0/P0.95N4L60M100T100-7.mltl,62.442,248639.2,sat
/home/michele/mltlsat/Benchmarks/random0/P0.95N4L60M100T100-8.mltl,0.112,36982.4,sat
/home/michele/mltlsat/Benchmarks/random0/P0.95N4L60M100T100-9.mltl,-1,-1,TO
/home/michele/mltlsat/Benchmarks/random0/P0.95N4L65M100T100-10.mltl,0.96,60020.8,sat
/home/michele/mltlsat/Benchmarks/random0/P0.95N4L65M100T100-1.mltl,0.01,10880.8,sat
/home/michele/mltlsat/Benchmarks/random0/P0.95N4L65M100T100-2.mltl,-1,-1,TO
/home/michele/mltlsat/Benchmarks/random0/P0.95N4L65M100T100-3.mltl,0.026,17008,sat
/home/michele/mltlsat/Benchmarks/random0/P0.95N4L65M100T100-4.mltl,0.0,7792.8,sat
/home/michele/mltlsat/Benchmarks/random0/P0.95N4L65M100T100-5.mltl,1.484,35455.2,sat
/home/michele/mltlsat/Benchmarks/random0/P0.95N4L65M100T100-6.mltl,0.122,35428,sat
/home/michele/mltlsat/Benchmarks/random0/P0.95N4L65M100T100-7.mltl,-1,-1,TO
/home/michele/mltlsat/Benchmarks/random0/P0.95N4L65M100T100-8.mltl,7.96,168779.2,sat
/home/michele/mltlsat/Benchmarks/random0/P0.95N4L65M100T100-9.mltl,0.0,7776.8,sat
/home/michele/mltlsat/Benchmarks/random0/P0.95N4L70M100T100-10.mltl,-1,-1,TO
/home/michele/mltlsat/Benchmarks/random0/P0.95N4L70M100T100-1.mltl,-1,-1,TO
/home/michele/mltlsat/Benchmarks/random0/P0.95N4L70M100T100-2.mltl,1.324,69231.2,sat
/home/michele/mltlsat/Benchmarks/random0/P0.95N4L70M100T100-3.mltl,0.01,10869.6,sat
/home/michele/mltlsat/Benchmarks/random0/P0.95N4L70M100T100-4.mltl,-1,-1,TO
/home/michele/mltlsat/Benchmarks/random0/P0.95N4L70M100T100-5.mltl,0.01,13936,sat
/home/michele/mltlsat/Benchmarks/random0/P0.95N4L70M100T100-6.mltl,0.128,55431.2,sat
/home/michele/mltlsat/Benchmarks/random0/P0.95N4L70M100T100-7.mltl,0.62,47733.6,sat
/home/michele/mltlsat/Benchmarks/random0/P0.95N4L70M100T100-8.mltl,66.54599999999999,130053.6,sat
/home/michele/mltlsat/Benchmarks/random0/P0.95N4L70M100T100-9.mltl,0.98,67690.4,sat
/home/michele/mltlsat/Benchmarks/random0/P0.95N4L75M100T100-10.mltl,-1,-1,TO
/home/michele/mltlsat/Benchmarks/random0/P0.95N4L75M100T100-1.mltl,4.514,88606.4,sat
/home/michele/mltlsat/Benchmarks/random0/P0.95N4L75M100T100-2.mltl,-1,-1,TO
/home/michele/mltlsat/Benchmarks/random0/P0.95N4L75M100T100-3.mltl,0.228,33901.6,sat
/home/michele/mltlsat/Benchmarks/random0/P0.95N4L75M100T100-4.mltl,0.02,9335.2,sat
/home/michele/mltlsat/Benchmarks/random0/P0.95N4L75M100T100-5.mltl,5.654,56946.4,sat
/home/michele/mltlsat/Benchmarks/random0/P0.95N4L75M100T100-6.mltl,-1,-1,TO
/home/michele/mltlsat/Benchmarks/random0/P0.95N4L75M100T100-7.mltl,3.894,178308,sat
/home/michele/mltlsat/Benchmarks/random0/P0.95N4L75M100T100-8.mltl,-1,-1,TO
/home/michele/mltlsat/Benchmarks/random0/P0.95N4L75M100T100-9.mltl,-1,-1,TO
/home/michele/mltlsat/Benchmarks/random0/P0.95N4L80M100T100-10.mltl,0.0,7768.8,sat
/home/michele/mltlsat/Benchmarks/random0/P0.95N4L80M100T100-1.mltl,-1,-1,TO
/home/michele/mltlsat/Benchmarks/random0/P0.95N4L80M100T100-2.mltl,-1,-1,TO
/home/michele/mltlsat/Benchmarks/random0/P0.95N4L80M100T100-3.mltl,0.02,17033.6,sat
/home/michele/mltlsat/Benchmarks/random0/P0.95N4L80M100T100-4.mltl,0.04,23161.6,sat
/home/michele/mltlsat/Benchmarks/random0/P0.95N4L80M100T100-5.mltl,-1,-1,TO
/home/michele/mltlsat/Benchmarks/random0/P0.95N4L80M100T100-6.mltl,0.012,9351.2,sat
/home/michele/mltlsat/Benchmarks/random0/P0.95N4L80M100T100-7.mltl,0.228,99952,sat
/home/michele/mltlsat/Benchmarks/random0/P0.95N4L80M100T100-8.mltl,0.04,18240,sat
/home/michele/mltlsat/Benchmarks/random0/P0.95N4L80M100T100-9.mltl,0.04,24699.2,sat
/home/michele/mltlsat/Benchmarks/random0/P0.95N4L85M100T100-10.mltl,0.01,12414.4,sat
/home/michele/mltlsat/Benchmarks/random0/P0.95N4L85M100T100-1.mltl,0.248,121479.2,sat
/home/michele/mltlsat/Benchmarks/random0/P0.95N4L85M100T100-2.mltl,0.01,12423.2,sat
/home/michele/mltlsat/Benchmarks/random0/P0.95N4L85M100T100-3.mltl,6.31,68928,sat
/home/michele/mltlsat/Benchmarks/random0/P0.95N4L85M100T100-4.mltl,0.0,7789.6,sat
/home/michele/mltlsat/Benchmarks/random0/P0.95N4L85M100T100-5.mltl,0.05,30808.8,sat
/home/michele/mltlsat/Benchmarks/random0/P0.95N4L85M100T100-6.mltl,-1,-1,TO
/home/michele/mltlsat/Benchmarks/random0/P0.95N4L85M100T100-7.mltl,0.03,21628.8,sat
/home/michele/mltlsat/Benchmarks/random0/P0.95N4L85M100T100-8.mltl,-1,-1,TO
/home/michele/mltlsat/Benchmarks/random0/P0.95N4L85M100T100-9.mltl,0.324,23154.4,sat
/home/michele/mltlsat/Benchmarks/random0/P0.95N4L90M100T100-10.mltl,0.0,7790.4,sat
/home/michele/mltlsat/Benchmarks/random0/P0.95N4L90M100T100-1.mltl,-1,-1,TO
/home/michele/mltlsat/Benchmarks/random0/P0.95N4L90M100T100-2.mltl,0.0,7775.2,sat
/home/michele/mltlsat/Benchmarks/random0/P0.95N4L90M100T100-3.mltl,-1,-1,TO
/home/michele/mltlsat/Benchmarks/random0/P0.95N4L90M100T100-4.mltl,0.0,7804,sat
/home/michele/mltlsat/Benchmarks/random0/P0.95N4L90M100T100-5.mltl,0.0,7787.2,sat
/home/michele/mltlsat/Benchmarks/random0/P0.95N4L90M100T100-6.mltl,0.826,40039.2,sat
/home/michele/mltlsat/Benchmarks/random0/P0.95N4L90M100T100-7.mltl,-1,-1,TO
/home/michele/mltlsat/Benchmarks/random0/P0.95N4L90M100T100-8.mltl,0.0,9319.2,sat
/home/michele/mltlsat/Benchmarks/random0/P0.95N4L90M100T100-9.mltl,-1,-1,TO
/home/michele/mltlsat/Benchmarks/random0/P0.95N4L95M100T100-10.mltl,-1,-1,TO
/home/michele/mltlsat/Benchmarks/random0/P0.95N4L95M100T100-1.mltl,0.0,7789.6,sat
/home/michele/mltlsat/Benchmarks/random0/P0.95N4L95M100T100-2.mltl,0.362,103962.4,sat
/home/michele/mltlsat/Benchmarks/random0/P0.95N4L95M100T100-3.mltl,0.0,7792.8,sat
/home/michele/mltlsat/Benchmarks/random0/P0.95N4L95M100T100-4.mltl,-1,-1,TO
/home/michele/mltlsat/Benchmarks/random0/P0.95N4L95M100T100-5.mltl,7.856,1638723.2,sat
/home/michele/mltlsat/Benchmarks/random0/P0.95N4L95M100T100-6.mltl,0.0,9347.2,sat
/home/michele/mltlsat/Benchmarks/random0/P0.95N4L95M100T100-7.mltl,0.0,7807.2,sat
/home/michele/mltlsat/Benchmarks/random0/P0.95N4L95M100T100-8.mltl,12.03,65540.8,sat
/home/michele/mltlsat/Benchmarks/random0/P0.95N4L95M100T100-9.mltl,0.0,7838.4,sat
/home/michele/mltlsat/Benchmarks/random0/P0.95N5L100M100T100-10.mltl,0.0,7772.8,sat
/home/michele/mltlsat/Benchmarks/random0/P0.95N5L100M100T100-1.mltl,-1,-1,TO
/home/michele/mltlsat/Benchmarks/random0/P0.95N5L100M100T100-2.mltl,52.922,2436823.2,sat
/home/michele/mltlsat/Benchmarks/random0/P0.95N5L100M100T100-3.mltl,2.264,74763.2,sat
/home/michele/mltlsat/Benchmarks/random0/P0.95N5L100M100T100-4.mltl,-1,-1,TO
/home/michele/mltlsat/Benchmarks/random0/P0.95N5L100M100T100-5.mltl,-1,-1,TO
/home/michele/mltlsat/Benchmarks/random0/P0.95N5L100M100T100-6.mltl,-1,-1,TO
/home/michele/mltlsat/Benchmarks/random0/P0.95N5L100M100T100-7.mltl,110.574,188408.8,sat
/home/michele/mltlsat/Benchmarks/random0/P0.95N5L100M100T100-8.mltl,9.094000000000001,475672,sat
/home/michele/mltlsat/Benchmarks/random0/P0.95N5L100M100T100-9.mltl,0.0,7798.4,sat
/home/michele/mltlsat/Benchmarks/random0/P0.95N5L10M100T100-10.mltl,0.0,7795.2,sat
/home/michele/mltlsat/Benchmarks/random0/P0.95N5L10M100T100-1.mltl,0.0,7794.4,sat
/home/michele/mltlsat/Benchmarks/random0/P0.95N5L10M100T100-2.mltl,0.0,9319.2,sat
/home/michele/mltlsat/Benchmarks/random0/P0.95N5L10M100T100-3.mltl,0.0,7805.6,sat
/home/michele/mltlsat/Benchmarks/random0/P0.95N5L10M100T100-4.mltl,0.0,7779.2,sat
/home/michele/mltlsat/Benchmarks/random0/P0.95N5L10M100T100-5.mltl,0.0,9354.4,sat
/home/michele/mltlsat/Benchmarks/random0/P0.95N5L10M100T100-6.mltl,0.0,7785.6,sat
/home/michele/mltlsat/Benchmarks/random0/P0.95N5L10M100T100-7.mltl,0.0,7796.8,sat
/home/michele/mltlsat/Benchmarks/random0/P0.95N5L10M100T100-8.mltl,0.03,10893.6,sat
/home/michele/mltlsat/Benchmarks/random0/P0.95N5L10M100T100-9.mltl,0.0,7810.4,sat
/home/michele/mltlsat/Benchmarks/random0/P0.95N5L15M100T100-10.mltl,0.0,7788.8,sat
/home/michele/mltlsat/Benchmarks/random0/P0.95N5L15M100T100-1.mltl,0.01,9317.6,sat
/home/michele/mltlsat/Benchmarks/random0/P0.95N5L15M100T100-2.mltl,0.0,7815.2,sat
/home/michele/mltlsat/Benchmarks/random0/P0.95N5L15M100T100-3.mltl,0.0,9324,sat
/home/michele/mltlsat/Benchmarks/random0/P0.95N5L15M100T100-4.mltl,0.0,7800,sat
/home/michele/mltlsat/Benchmarks/random0/P0.95N5L15M100T100-5.mltl,0.0,9328,sat
/home/michele/mltlsat/Benchmarks/random0/P0.95N5L15M100T100-6.mltl,0.02,17064,sat
/home/michele/mltlsat/Benchmarks/random0/P0.95N5L15M100T100-7.mltl,0.0,7801.6,sat
/home/michele/mltlsat/Benchmarks/random0/P0.95N5L15M100T100-8.mltl,0.01,12412.8,sat
/home/michele/mltlsat/Benchmarks/random0/P0.95N5L15M100T100-9.mltl,0.0,9363.2,sat
/home/michele/mltlsat/Benchmarks/random0/P0.95N5L20M100T100-10.mltl,0.124,13931.2,sat
/home/michele/mltlsat/Benchmarks/random0/P0.95N5L20M100T100-1.mltl,0.0,7809.6,sat
/home/michele/mltlsat/Benchmarks/random0/P0.95N5L20M100T100-2.mltl,0.0,7788,sat
/home/michele/mltlsat/Benchmarks/random0/P0.95N5L20M100T100-3.mltl,0.0,7801.6,sat
/home/michele/mltlsat/Benchmarks/random0/P0.95N5L20M100T100-4.mltl,0.0,7785.6,sat
/home/michele/mltlsat/Benchmarks/random0/P0.95N5L20M100T100-5.mltl,0.0,7775.2,sat
/home/michele/mltlsat/Benchmarks/random0/P0.95N5L20M100T100-6.mltl,0.01,9354.4,sat
/home/michele/mltlsat/Benchmarks/random0/P0.95N5L20M100T100-7.mltl,0.0,7784.8,sat
/home/michele/mltlsat/Benchmarks/random0/P0.95N5L20M100T100-8.mltl,0.0,7824,sat
/home/michele/mltlsat/Benchmarks/random0/P0.95N5L20M100T100-9.mltl,0.0,7816.8,sat
/home/michele/mltlsat/Benchmarks/random0/P0.95N5L25M100T100-10.mltl,0.01,12425.6,sat
/home/michele/mltlsat/Benchmarks/random0/P0.95N5L25M100T100-1.mltl,0.02,9324,sat
/home/michele/mltlsat/Benchmarks/random0/P0.95N5L25M100T100-2.mltl,0.0,9380,sat
/home/michele/mltlsat/Benchmarks/random0/P0.95N5L25M100T100-3.mltl,0.0,7808.8,sat
/home/michele/mltlsat/Benchmarks/random0/P0.95N5L25M100T100-4.mltl,0.614,23168,sat
/home/michele/mltlsat/Benchmarks/random0/P0.95N5L25M100T100-5.mltl,0.0,7801.6,sat
/home/michele/mltlsat/Benchmarks/random0/P0.95N5L25M100T100-6.mltl,0.0,10871.2,sat
/home/michele/mltlsat/Benchmarks/random0/P0.95N5L25M100T100-7.mltl,0.01,13967.2,sat
/home/michele/mltlsat/Benchmarks/random0/P0.95N5L25M100T100-8.mltl,0.02,15489.6,sat
/home/michele/mltlsat/Benchmarks/random0/P0.95N5L25M100T100-9.mltl,0.002,10860,sat
/home/michele/mltlsat/Benchmarks/random0/P0.95N5L30M100T100-10.mltl,0.0,7776,sat
/home/michele/mltlsat/Benchmarks/random0/P0.95N5L30M100T100-1.mltl,0.0,9328,sat
/home/michele/mltlsat/Benchmarks/random0/P0.95N5L30M100T100-2.mltl,0.002,10875.2,sat
/home/michele/mltlsat/Benchmarks/random0/P0.95N5L30M100T100-3.mltl,0.59,24384,sat
/home/michele/mltlsat/Benchmarks/random0/P0.95N5L30M100T100-4.mltl,0.0,7815.2,sat
/home/michele/mltlsat/Benchmarks/random0/P0.95N5L30M100T100-5.mltl,0.07,18535.2,sat
/home/michele/mltlsat/Benchmarks/random0/P0.95N5L30M100T100-6.mltl,0.07200000000000001,20100,sat
/home/michele/mltlsat/Benchmarks/random0/P0.95N5L30M100T100-7.mltl,0.0,9313.6,sat
/home/michele/mltlsat/Benchmarks/random0/P0.95N5L30M100T100-8.mltl,0.384,27467.2,sat
/home/michele/mltlsat/Benchmarks/random0/P0.95N5L30M100T100-9.mltl,0.0,9359.2,sat
/home/michele/mltlsat/Benchmarks/random0/P0.95N5L35M100T100-10.mltl,0.0,9356,sat
/home/michele/mltlsat/Benchmarks/random0/P0.95N5L35M100T100-1.mltl,-1,-1,TO
/home/michele/mltlsat/Benchmarks/random0/P0.95N5L35M100T100-2.mltl,0.0,9333.6,sat
/home/michele/mltlsat/Benchmarks/random0/P0.95N5L35M100T100-3.mltl,0.01,12400.8,sat
/home/michele/mltlsat/Benchmarks/random0/P0.95N5L35M100T100-4.mltl,0.02,14550.4,sat
/home/michele/mltlsat/Benchmarks/random0/P0.95N5L35M100T100-5.mltl,0.15,15474.4,sat
/home/michele/mltlsat/Benchmarks/random0/P0.95N5L35M100T100-6.mltl,1.518,27754.4,sat
/home/michele/mltlsat/Benchmarks/random0/P0.95N5L35M100T100-7.mltl,0.0,7798.4,sat
/home/michele/mltlsat/Benchmarks/random0/P0.95N5L35M100T100-8.mltl,0.0,7780.8,sat
/home/michele/mltlsat/Benchmarks/random0/P0.95N5L35M100T100-9.mltl,0.27,52359.2,sat
/home/michele/mltlsat/Benchmarks/random0/P0.95N5L40M100T100-10.mltl,0.0,7796.8,sat
/home/michele/mltlsat/Benchmarks/random0/P0.95N5L40M100T100-1.mltl,-1,-1,TO
/home/michele/mltlsat/Benchmarks/random0/P0.95N5L40M100T100-2.mltl,7.524,55124.8,sat
/home/michele/mltlsat/Benchmarks/random0/P0.95N5L40M100T100-3.mltl,0.0,9340.8,sat
/home/michele/mltlsat/Benchmarks/random0/P0.95N5L40M100T100-4.mltl,0.0,7783.2,sat
/home/michele/mltlsat/Benchmarks/random0/P0.95N5L40M100T100-5.mltl,0.0,9326.4,sat
/home/michele/mltlsat/Benchmarks/random0/P0.95N5L40M100T100-6.mltl,0.01,12432.8,sat
/home/michele/mltlsat/Benchmarks/random0/P0.95N5L40M100T100-7.mltl,0.05,27759.2,sat
/home/michele/mltlsat/Benchmarks/random0/P0.95N5L40M100T100-8.mltl,6.104,33305.6,sat
/home/michele/mltlsat/Benchmarks/random0/P0.95N5L40M100T100-9.mltl,0.0,9340.8,sat
/home/michele/mltlsat/Benchmarks/random0/P0.95N5L45M100T100-10.mltl,0.752,50795.2,sat
/home/michele/mltlsat/Benchmarks/random0/P0.95N5L45M100T100-1.mltl,0.02,18555.2,sat
/home/michele/mltlsat/Benchmarks/random0/P0.95N5L45M100T100-2.mltl,0.0,7796.8,sat
/home/michele/mltlsat/Benchmarks/random0/P0.95N5L45M100T100-3.mltl,-1,-1,TO
/home/michele/mltlsat/Benchmarks/random0/P0.95N5L45M100T100-4.mltl,0.0,7790.4,sat
/home/michele/mltlsat/Benchmarks/random0/P0.95N5L45M100T100-5.mltl,0.004,10888.8,sat
/home/michele/mltlsat/Benchmarks/random0/P0.95N5L45M100T100-6.mltl,0.0,7772.8,sat
/home/michele/mltlsat/Benchmarks/random0/P0.95N5L45M100T100-7.mltl,0.016,13948,sat
/home/michele/mltlsat/Benchmarks/random0/P0.95N5L45M100T100-8.mltl,0.862,467070.4,sat
/home/michele/mltlsat/Benchmarks/random0/P0.95N5L45M100T100-9.mltl,0.002,10864.8,sat
/home/michele/mltlsat/Benchmarks/random0/P0.95N5L50M100T100-10.mltl,4.4959999999999996,13649.6,sat
/home/michele/mltlsat/Benchmarks/random0/P0.95N5L50M100T100-1.mltl,3.084,75072,sat
/home/michele/mltlsat/Benchmarks/random0/P0.95N5L50M100T100-2.mltl,-1,-1,TO
/home/michele/mltlsat/Benchmarks/random0/P0.95N5L50M100T100-3.mltl,-1,-1,TO
/home/michele/mltlsat/Benchmarks/random0/P0.95N5L50M100T100-4.mltl,0.0,7794.4,sat
/home/michele/mltlsat/Benchmarks/random0/P0.95N5L50M100T100-5.mltl,0.03,15489.6,sat
/home/michele/mltlsat/Benchmarks/random0/P0.95N5L50M100T100-6.mltl,0.0,7787.2,sat
/home/michele/mltlsat/Benchmarks/random0/P0.95N5L50M100T100-7.mltl,0.0,7786.4,sat
/home/michele/mltlsat/Benchmarks/random0/P0.95N5L50M100T100-8.mltl,0.0,7796.8,sat
/home/michele/mltlsat/Benchmarks/random0/P0.95N5L50M100T100-9.mltl,-1,-1,TO
/home/michele/mltlsat/Benchmarks/random0/P0.95N5L55M100T100-10.mltl,0.0,7800,sat
/home/michele/mltlsat/Benchmarks/random0/P0.95N5L55M100T100-1.mltl,0.0,7789.6,sat
/home/michele/mltlsat/Benchmarks/random0/P0.95N5L55M100T100-2.mltl,0.01,15469.6,sat
/home/michele/mltlsat/Benchmarks/random0/P0.95N5L55M100T100-3.mltl,0.0,7811.2,sat
/home/michele/mltlsat/Benchmarks/random0/P0.95N5L55M100T100-4.mltl,-1,-1,OOM
/home/michele/mltlsat/Benchmarks/random0/P0.95N5L55M100T100-5.mltl,6.366,107650.4,sat
/home/michele/mltlsat/Benchmarks/random0/P0.95N5L55M100T100-6.mltl,0.01,12385.6,sat
/home/michele/mltlsat/Benchmarks/random0/P0.95N5L55M100T100-7.mltl,18.042,58478.4,sat
/home/michele/mltlsat/Benchmarks/random0/P0.95N5L55M100T100-8.mltl,-1,-1,TO
/home/michele/mltlsat/Benchmarks/random0/P0.95N5L55M100T100-9.mltl,0.06,15470.4,sat
/home/michele/mltlsat/Benchmarks/random0/P0.95N5L5M100T100-10.mltl,0.0,7798.4,sat
/home/michele/mltlsat/Benchmarks/random0/P0.95N5L5M100T100-1.mltl,0.0,7808,sat
/home/michele/mltlsat/Benchmarks/random0/P0.95N5L5M100T100-2.mltl,0.0,7794.4,sat
/home/michele/mltlsat/Benchmarks/random0/P0.95N5L5M100T100-3.mltl,0.0,7788.8,sat
/home/michele/mltlsat/Benchmarks/random0/P0.95N5L5M100T100-4.mltl,0.0,7803.2,sat
/home/michele/mltlsat/Benchmarks/random0/P0.95N5L5M100T100-5.mltl,0.0,7786.4,sat
/home/michele/mltlsat/Benchmarks/random0/P0.95N5L5M100T100-6.mltl,0.0,7792.8,sat
/home/michele/mltlsat/Benchmarks/random0/P0.95N5L5M100T100-7.mltl,0.0,7799.2,sat
/home/michele/mltlsat/Benchmarks/random0/P0.95N5L5M100T100-8.mltl,0.0,7792.8,sat
/home/michele/mltlsat/Benchmarks/random0/P0.95N5L5M100T100-9.mltl,0.0,7804,sat
/home/michele/mltlsat/Benchmarks/random0/P0.95N5L60M100T100-10.mltl,-1,-1,TO
/home/michele/mltlsat/Benchmarks/random0/P0.95N5L60M100T100-1.mltl,1.422,110706.4,sat
/home/michele/mltlsat/Benchmarks/random0/P0.95N5L60M100T100-2.mltl,-1,-1,TO
/home/michele/mltlsat/Benchmarks/random0/P0.95N5L60M100T100-3.mltl,0.0,7787.2,sat
/home/michele/mltlsat/Benchmarks/random0/P0.95N5L60M100T100-4.mltl,0.426,21630.4,sat
/home/michele/mltlsat/Benchmarks/random0/P0.95N5L60M100T100-5.mltl,0.0,7812.8,sat
/home/michele/mltlsat/Benchmarks/random0/P0.95N5L60M100T100-6.mltl,0.03,10854.4,sat
/home/michele/mltlsat/Benchmarks/random0/P0.95N5L60M100T100-7.mltl,0.004,10858.4,sat
/home/michele/mltlsat/Benchmarks/random0/P0.95N5L60M100T100-8.mltl,0.298,44380,sat
/home/michele/mltlsat/Benchmarks/random0/P0.95N5L60M100T100-9.mltl,-1,-1,OOM
/home/michele/mltlsat/Benchmarks/random0/P0.95N5L65M100T100-10.mltl,0.628,141410.4,sat
/home/michele/mltlsat/Benchmarks/random0/P0.95N5L65M100T100-1.mltl,-1,-1,TO
/home/michele/mltlsat/Benchmarks/random0/P0.95N5L65M100T100-2.mltl,-1,-1,TO
/home/michele/mltlsat/Benchmarks/random0/P0.95N5L65M100T100-3.mltl,0.03,13958.4,sat
/home/michele/mltlsat/Benchmarks/random0/P0.95N5L65M100T100-4.mltl,0.0,7807.2,sat
/home/michele/mltlsat/Benchmarks/random0/P0.95N5L65M100T100-5.mltl,0.02,12401.6,sat
/home/michele/mltlsat/Benchmarks/random0/P0.95N5L65M100T100-6.mltl,0.042,15483.2,sat
/home/michele/mltlsat/Benchmarks/random0/P0.95N5L65M100T100-7.mltl,0.0,7797.6,sat
/home/michele/mltlsat/Benchmarks/random0/P0.95N5L65M100T100-8.mltl,0.226,20075.2,sat
/home/michele/mltlsat/Benchmarks/random0/P0.95N5L65M100T100-9.mltl,0.0,7810.4,sat
/home/michele/mltlsat/Benchmarks/random0/P0.95N5L70M100T100-10.mltl,-1,-1,TO
/home/michele/mltlsat/Benchmarks/random0/P0.95N5L70M100T100-1.mltl,0.0,10857.6,sat
/home/michele/mltlsat/Benchmarks/random0/P0.95N5L70M100T100-2.mltl,0.0,9324.8,sat
/home/michele/mltlsat/Benchmarks/random0/P0.95N5L70M100T100-3.mltl,1.736,29309.6,sat
/home/michele/mltlsat/Benchmarks/random0/P0.95N5L70M100T100-4.mltl,1.376,59100,sat
/home/michele/mltlsat/Benchmarks/random0/P0.95N5L70M100T100-5.mltl,0.0,9310.4,sat
/home/michele/mltlsat/Benchmarks/random0/P0.95N5L70M100T100-6.mltl,16.942,52020,sat
/home/michele/mltlsat/Benchmarks/random0/P0.95N5L70M100T100-7.mltl,0.04,26224.8,sat
/home/michele/mltlsat/Benchmarks/random0/P0.95N5L70M100T100-8.mltl,4.73,456308.8,sat
/home/michele/mltlsat/Benchmarks/random0/P0.95N5L70M100T100-9.mltl,0.0,7772,sat
/home/michele/mltlsat/Benchmarks/random0/P0.95N5L75M100T100-10.mltl,0.046,18540.8,sat
/home/michele/mltlsat/Benchmarks/random0/P0.95N5L75M100T100-1.mltl,0.0,9332,sat
/home/michele/mltlsat/Benchmarks/random0/P0.95N5L75M100T100-2.mltl,0.01,10858.4,sat
/home/michele/mltlsat/Benchmarks/random0/P0.95N5L75M100T100-3.mltl,0.0,7790.4,sat
/home/michele/mltlsat/Benchmarks/random0/P0.95N5L75M100T100-4.mltl,0.0,10860.8,sat
/home/michele/mltlsat/Benchmarks/random0/P0.95N5L75M100T100-5.mltl,0.188,29324,sat
/home/michele/mltlsat/Benchmarks/random0/P0.95N5L75M100T100-6.mltl,1.076,44680.8,sat
/home/michele/mltlsat/Benchmarks/random0/P0.95N5L75M100T100-7.mltl,-1,-1,TO
/home/michele/mltlsat/Benchmarks/random0/P0.95N5L75M100T100-8.mltl,0.04,24699.2,sat
/home/michele/mltlsat/Benchmarks/random0/P0.95N5L75M100T100-9.mltl,0.0,7787.2,sat
/home/michele/mltlsat/Benchmarks/random0/P0.95N5L80M100T100-10.mltl,0.0,10862.4,sat
/home/michele/mltlsat/Benchmarks/random0/P0.95N5L80M100T100-1.mltl,0.04,20105.6,sat
/home/michele/mltlsat/Benchmarks/random0/P0.95N5L80M100T100-2.mltl,36.408,250183.2,sat
/home/michele/mltlsat/Benchmarks/random0/P0.95N5L80M100T100-3.mltl,6.286,161435.2,sat
/home/michele/mltlsat/Benchmarks/random0/P0.95N5L80M100T100-4.mltl,0.176,29312.8,sat
/home/michele/mltlsat/Benchmarks/random0/P0.95N5L80M100T100-5.mltl,0.0,7808,sat
/home/michele/mltlsat/Benchmarks/random0/P0.95N5L80M100T100-6.mltl,0.454,29300.8,sat
/home/michele/mltlsat/Benchmarks/random0/P0.95N5L80M100T100-7.mltl,-1,-1,TO
/home/michele/mltlsat/Benchmarks/random0/P0.95N5L80M100T100-8.mltl,0.36,135334.4,sat
/home/michele/mltlsat/Benchmarks/random0/P0.95N5L80M100T100-9.mltl,0.0,7793.6,sat
/home/michele/mltlsat/Benchmarks/random0/P0.95N5L85M100T100-10.mltl,0.11599999999999999,37008.8,sat
/home/michele/mltlsat/Benchmarks/random0/P0.95N5L85M100T100-1.mltl,0.01,12408,sat
/home/michele/mltlsat/Benchmarks/random0/P0.95N5L85M100T100-2.mltl,-1,-1,TO
/home/michele/mltlsat/Benchmarks/random0/P0.95N5L85M100T100-3.mltl,0.01,12412,sat
/home/michele/mltlsat/Benchmarks/random0/P0.95N5L85M100T100-4.mltl,0.0,7787.2,sat
/home/michele/mltlsat/Benchmarks/random0/P0.95N5L85M100T100-5.mltl,-1,-1,TO
/home/michele/mltlsat/Benchmarks/random0/P0.95N5L85M100T100-6.mltl,0.01,9331.2,sat
/home/michele/mltlsat/Benchmarks/random0/P0.95N5L85M100T100-7.mltl,-1,-1,TO
/home/michele/mltlsat/Benchmarks/random0/P0.95N5L85M100T100-8.mltl,105.922,49299.2,sat
/home/michele/mltlsat/Benchmarks/random0/P0.95N5L85M100T100-9.mltl,1.23,35438.4,sat
/home/michele/mltlsat/Benchmarks/random0/P0.95N5L90M100T100-10.mltl,0.0,7802.4,sat
/home/michele/mltlsat/Benchmarks/random0/P0.95N5L90M100T100-1.mltl,0.17200000000000001,67703.2,sat
/home/michele/mltlsat/Benchmarks/random0/P0.95N5L90M100T100-2.mltl,0.02,18542.4,sat
/home/michele/mltlsat/Benchmarks/random0/P0.95N5L90M100T100-3.mltl,0.032,10843.2,sat
/home/michele/mltlsat/Benchmarks/random0/P0.95N5L90M100T100-4.mltl,0.01,13964.8,sat
/home/michele/mltlsat/Benchmarks/random0/P0.95N5L90M100T100-5.mltl,0.0,9307.2,sat
/home/michele/mltlsat/Benchmarks/random0/P0.95N5L90M100T100-6.mltl,0.0,7780,sat
/home/michele/mltlsat/Benchmarks/random0/P0.95N5L90M100T100-7.mltl,0.438,32364.8,sat
/home/michele/mltlsat/Benchmarks/random0/P0.95N5L90M100T100-8.mltl,0.0,9336.8,sat
/home/michele/mltlsat/Benchmarks/random0/P0.95N5L90M100T100-9.mltl,0.068,35459.2,sat
/home/michele/mltlsat/Benchmarks/random0/P0.95N5L95M100T100-10.mltl,6.33,102719.2,sat
/home/michele/mltlsat/Benchmarks/random0/P0.95N5L95M100T100-1.mltl,0.03,21306.4,sat
/home/michele/mltlsat/Benchmarks/random0/P0.95N5L95M100T100-2.mltl,0.212,27746.4,sat
/home/michele/mltlsat/Benchmarks/random0/P0.95N5L95M100T100-3.mltl,0.3,99971.2,sat
/home/michele/mltlsat/Benchmarks/random0/P0.95N5L95M100T100-4.mltl,0.1,46204.8,sat
/home/michele/mltlsat/Benchmarks/random0/P0.95N5L95M100T100-5.mltl,-1,-1,TO
/home/michele/mltlsat/Benchmarks/random0/P0.95N5L95M100T100-6.mltl,-1,-1,TO
/home/michele/mltlsat/Benchmarks/random0/P0.95N5L95M100T100-7.mltl,0.15,23165.6,sat
/home/michele/mltlsat/Benchmarks/random0/P0.95N5L95M100T100-8.mltl,0.06,30836.8,sat
/home/michele/mltlsat/Benchmarks/random0/P0.95N5L95M100T100-9.mltl,0.06,30827.2,sat
