Name,Time (s),Total memory (KiB),Result
/home/michele/mltlsat/Benchmarks/random/P0.333333333333333N1L100M100T100-10.mltl,0.0,7830.4,sat
/home/michele/mltlsat/Benchmarks/random/P0.333333333333333N1L100M100T100-1.mltl,0.0,7812.8,sat
/home/michele/mltlsat/Benchmarks/random/P0.333333333333333N1L100M100T100-2.mltl,0.0,7777.6,sat
/home/michele/mltlsat/Benchmarks/random/P0.333333333333333N1L100M100T100-3.mltl,0.0,7789.6,unsat
/home/michele/mltlsat/Benchmarks/random/P0.333333333333333N1L100M100T100-4.mltl,0.0,7810.4,sat
/home/michele/mltlsat/Benchmarks/random/P0.333333333333333N1L100M100T100-5.mltl,0.0,9340.8,sat
/home/michele/mltlsat/Benchmarks/random/P0.333333333333333N1L100M100T100-6.mltl,0.0,9355.2,sat
/home/michele/mltlsat/Benchmarks/random/P0.333333333333333N1L100M100T100-7.mltl,0.0,7784,sat
/home/michele/mltlsat/Benchmarks/random/P0.333333333333333N1L100M100T100-8.mltl,0.0,7483.2,sat
/home/michele/mltlsat/Benchmarks/random/P0.333333333333333N1L100M100T100-9.mltl,0.0,9333.6,sat
/home/michele/mltlsat/Benchmarks/random/P0.333333333333333N1L10M100T100-10.mltl,0.0,9338.4,sat
/home/michele/mltlsat/Benchmarks/random/P0.333333333333333N1L10M100T100-1.mltl,0.0,7800.8,sat
/home/michele/mltlsat/Benchmarks/random/P0.333333333333333N1L10M100T100-2.mltl,0.0,7796.8,sat
/home/michele/mltlsat/Benchmarks/random/P0.333333333333333N1L10M100T100-3.mltl,0.0,7808.8,sat
/home/michele/mltlsat/Benchmarks/random/P0.333333333333333N1L10M100T100-4.mltl,0.0,7808.8,sat
/home/michele/mltlsat/Benchmarks/random/P0.333333333333333N1L10M100T100-5.mltl,0.0,7778.4,sat
/home/michele/mltlsat/Benchmarks/random/P0.333333333333333N1L10M100T100-6.mltl,0.0,7809.6,sat
/home/michele/mltlsat/Benchmarks/random/P0.333333333333333N1L10M100T100-7.mltl,0.0,9328.8,sat
/home/michele/mltlsat/Benchmarks/random/P0.333333333333333N1L10M100T100-8.mltl,0.0,7776.8,sat
/home/michele/mltlsat/Benchmarks/random/P0.333333333333333N1L10M100T100-9.mltl,0.0,7818.4,unsat
/home/michele/mltlsat/Benchmarks/random/P0.333333333333333N1L15M100T100-10.mltl,0.07,10876,sat
/home/michele/mltlsat/Benchmarks/random/P0.333333333333333N1L15M100T100-1.mltl,0.0,7785.6,sat
/home/michele/mltlsat/Benchmarks/random/P0.333333333333333N1L15M100T100-2.mltl,0.0,7795.2,sat
/home/michele/mltlsat/Benchmarks/random/P0.333333333333333N1L15M100T100-3.mltl,0.0,7796.8,sat
/home/michele/mltlsat/Benchmarks/random/P0.333333333333333N1L15M100T100-4.mltl,0.0,7799.2,sat
/home/michele/mltlsat/Benchmarks/random/P0.333333333333333N1L15M100T100-5.mltl,0.0,7788.8,sat
/home/michele/mltlsat/Benchmarks/random/P0.333333333333333N1L15M100T100-6.mltl,0.0,7830.4,sat
/home/michele/mltlsat/Benchmarks/random/P0.333333333333333N1L15M100T100-7.mltl,0.0,7800,sat
/home/michele/mltlsat/Benchmarks/random/P0.333333333333333N1L15M100T100-8.mltl,0.0,7785.6,sat
/home/michele/mltlsat/Benchmarks/random/P0.333333333333333N1L15M100T100-9.mltl,0.0,7791.2,sat
/home/michele/mltlsat/Benchmarks/random/P0.333333333333333N1L20M100T100-10.mltl,0.0,7798.4,unsat
/home/michele/mltlsat/Benchmarks/random/P0.333333333333333N1L20M100T100-1.mltl,0.214,15484.8,sat
/home/michele/mltlsat/Benchmarks/random/P0.333333333333333N1L20M100T100-2.mltl,0.0,7814.4,unsat
/home/michele/mltlsat/Benchmarks/random/P0.333333333333333N1L20M100T100-3.mltl,0.0,7800.8,sat
/home/michele/mltlsat/Benchmarks/random/P0.333333333333333N1L20M100T100-4.mltl,0.0,7788,sat
/home/michele/mltlsat/Benchmarks/random/P0.333333333333333N1L20M100T100-5.mltl,0.0,7806.4,unsat
/home/michele/mltlsat/Benchmarks/random/P0.333333333333333N1L20M100T100-6.mltl,0.0,7804.8,sat
/home/michele/mltlsat/Benchmarks/random/P0.333333333333333N1L20M100T100-7.mltl,0.03,15484.8,sat
/home/michele/mltlsat/Benchmarks/random/P0.333333333333333N1L20M100T100-8.mltl,0.0,7802.4,sat
/home/michele/mltlsat/Benchmarks/random/P0.333333333333333N1L20M100T100-9.mltl,0.0,9359.2,sat
/home/michele/mltlsat/Benchmarks/random/P0.333333333333333N1L25M100T100-10.mltl,0.0,7783.2,sat
/home/michele/mltlsat/Benchmarks/random/P0.333333333333333N1L25M100T100-1.mltl,0.0,7834.4,unsat
/home/michele/mltlsat/Benchmarks/random/P0.333333333333333N1L25M100T100-2.mltl,0.0,7795.2,sat
/home/michele/mltlsat/Benchmarks/random/P0.333333333333333N1L25M100T100-3.mltl,0.0,7802.4,sat
/home/michele/mltlsat/Benchmarks/random/P0.333333333333333N1L25M100T100-4.mltl,0.0,7811.2,unsat
/home/michele/mltlsat/Benchmarks/random/P0.333333333333333N1L25M100T100-5.mltl,0.0,7825.6,sat
/home/michele/mltlsat/Benchmarks/random/P0.333333333333333N1L25M100T100-6.mltl,0.0,7772,sat
/home/michele/mltlsat/Benchmarks/random/P0.333333333333333N1L25M100T100-7.mltl,0.0,7788.8,sat
/home/michele/mltlsat/Benchmarks/random/P0.333333333333333N1L25M100T100-8.mltl,0.0,7788.8,unsat
/home/michele/mltlsat/Benchmarks/random/P0.333333333333333N1L25M100T100-9.mltl,0.0,7787.2,sat
/home/michele/mltlsat/Benchmarks/random/P0.333333333333333N1L30M100T100-10.mltl,0.0,7818.4,sat
/home/michele/mltlsat/Benchmarks/random/P0.333333333333333N1L30M100T100-1.mltl,0.0,7826.4,unsat
/home/michele/mltlsat/Benchmarks/random/P0.333333333333333N1L30M100T100-2.mltl,0.0,7816.8,sat
/home/michele/mltlsat/Benchmarks/random/P0.333333333333333N1L30M100T100-3.mltl,0.0,7820,unsat
/home/michele/mltlsat/Benchmarks/random/P0.333333333333333N1L30M100T100-4.mltl,0.0,7799.2,sat
/home/michele/mltlsat/Benchmarks/random/P0.333333333333333N1L30M100T100-5.mltl,0.0,7800.8,unsat
/home/michele/mltlsat/Benchmarks/random/P0.333333333333333N1L30M100T100-6.mltl,0.0,7793.6,unsat
/home/michele/mltlsat/Benchmarks/random/P0.333333333333333N1L30M100T100-7.mltl,0.0,7478.4,unsat
/home/michele/mltlsat/Benchmarks/random/P0.333333333333333N1L30M100T100-8.mltl,0.0,7798.4,sat
/home/michele/mltlsat/Benchmarks/random/P0.333333333333333N1L30M100T100-9.mltl,0.062,10588,sat
/home/michele/mltlsat/Benchmarks/random/P0.333333333333333N1L35M100T100-10.mltl,0.002,9360,sat
/home/michele/mltlsat/Benchmarks/random/P0.333333333333333N1L35M100T100-1.mltl,0.0,7789.6,sat
/home/michele/mltlsat/Benchmarks/random/P0.333333333333333N1L35M100T100-2.mltl,0.0,7791.2,unsat
/home/michele/mltlsat/Benchmarks/random/P0.333333333333333N1L35M100T100-3.mltl,0.0,7776,sat
/home/michele/mltlsat/Benchmarks/random/P0.333333333333333N1L35M100T100-4.mltl,0.0,9342.4,sat
/home/michele/mltlsat/Benchmarks/random/P0.333333333333333N1L35M100T100-5.mltl,0.0,7807.2,sat
/home/michele/mltlsat/Benchmarks/random/P0.333333333333333N1L35M100T100-6.mltl,0.0,9349.6,sat
/home/michele/mltlsat/Benchmarks/random/P0.333333333333333N1L35M100T100-7.mltl,0.0,7820.8,sat
/home/michele/mltlsat/Benchmarks/random/P0.333333333333333N1L35M100T100-8.mltl,0.0,7797.6,unsat
/home/michele/mltlsat/Benchmarks/random/P0.333333333333333N1L35M100T100-9.mltl,0.0,9009.6,sat
/home/michele/mltlsat/Benchmarks/random/P0.333333333333333N1L40M100T100-10.mltl,0.0,9346.4,sat
/home/michele/mltlsat/Benchmarks/random/P0.333333333333333N1L40M100T100-1.mltl,0.0,7800.8,sat
/home/michele/mltlsat/Benchmarks/random/P0.333333333333333N1L40M100T100-2.mltl,0.0,7805.6,sat
/home/michele/mltlsat/Benchmarks/random/P0.333333333333333N1L40M100T100-3.mltl,0.0,7835.2,sat
/home/michele/mltlsat/Benchmarks/random/P0.333333333333333N1L40M100T100-4.mltl,0.0,7842.4,sat
/home/michele/mltlsat/Benchmarks/random/P0.333333333333333N1L40M100T100-5.mltl,0.0,7797.6,sat
/home/michele/mltlsat/Benchmarks/random/P0.333333333333333N1L40M100T100-6.mltl,0.0,9034.4,sat
/home/michele/mltlsat/Benchmarks/random/P0.333333333333333N1L40M100T100-7.mltl,0.0,7817.6,sat
/home/michele/mltlsat/Benchmarks/random/P0.333333333333333N1L40M100T100-8.mltl,0.0,7808,sat
/home/michele/mltlsat/Benchmarks/random/P0.333333333333333N1L40M100T100-9.mltl,0.0,7824,sat
/home/michele/mltlsat/Benchmarks/random/P0.333333333333333N1L45M100T100-10.mltl,0.0,7805.6,sat
/home/michele/mltlsat/Benchmarks/random/P0.333333333333333N1L45M100T100-1.mltl,0.0,7792,sat
/home/michele/mltlsat/Benchmarks/random/P0.333333333333333N1L45M100T100-2.mltl,0.0,7804.8,sat
/home/michele/mltlsat/Benchmarks/random/P0.333333333333333N1L45M100T100-3.mltl,0.0,9326.4,sat
/home/michele/mltlsat/Benchmarks/random/P0.333333333333333N1L45M100T100-4.mltl,0.0,7804.8,sat
/home/michele/mltlsat/Benchmarks/random/P0.333333333333333N1L45M100T100-5.mltl,0.0,7782.4,unsat
/home/michele/mltlsat/Benchmarks/random/P0.333333333333333N1L45M100T100-6.mltl,0.0,9340.8,sat
/home/michele/mltlsat/Benchmarks/random/P0.333333333333333N1L45M100T100-7.mltl,0.0,7820,sat
/home/michele/mltlsat/Benchmarks/random/P0.333333333333333N1L45M100T100-8.mltl,0.0,7789.6,sat
/home/michele/mltlsat/Benchmarks/random/P0.333333333333333N1L45M100T100-9.mltl,0.0,7791.2,sat
/home/michele/mltlsat/Benchmarks/random/P0.333333333333333N1L50M100T100-10.mltl,0.0,7816.8,unsat
/home/michele/mltlsat/Benchmarks/random/P0.333333333333333N1L50M100T100-1.mltl,23.622,10939528.8,sat
/home/michele/mltlsat/Benchmarks/random/P0.333333333333333N1L50M100T100-2.mltl,0.0,7804,sat
/home/michele/mltlsat/Benchmarks/random/P0.333333333333333N1L50M100T100-3.mltl,0.0,7816,sat
/home/michele/mltlsat/Benchmarks/random/P0.333333333333333N1L50M100T100-4.mltl,0.0,7814.4,sat
/home/michele/mltlsat/Benchmarks/random/P0.333333333333333N1L50M100T100-5.mltl,0.0,7800.8,sat
/home/michele/mltlsat/Benchmarks/random/P0.333333333333333N1L50M100T100-6.mltl,0.0,7795.2,sat
/home/michele/mltlsat/Benchmarks/random/P0.333333333333333N1L50M100T100-7.mltl,0.01,9332,sat
/home/michele/mltlsat/Benchmarks/random/P0.333333333333333N1L50M100T100-8.mltl,0.0,7807.2,sat
/home/michele/mltlsat/Benchmarks/random/P0.333333333333333N1L50M100T100-9.mltl,0.0,7819.2,sat
/home/michele/mltlsat/Benchmarks/random/P0.333333333333333N1L55M100T100-10.mltl,0.0,7804,sat
/home/michele/mltlsat/Benchmarks/random/P0.333333333333333N1L55M100T100-1.mltl,0.0,7802.4,unsat
/home/michele/mltlsat/Benchmarks/random/P0.333333333333333N1L55M100T100-2.mltl,0.0,10867.2,sat
/home/michele/mltlsat/Benchmarks/random/P0.333333333333333N1L55M100T100-3.mltl,0.0,9310.4,sat
/home/michele/mltlsat/Benchmarks/random/P0.333333333333333N1L55M100T100-4.mltl,0.0,7806.4,sat
/home/michele/mltlsat/Benchmarks/random/P0.333333333333333N1L55M100T100-5.mltl,0.0,7820,sat
/home/michele/mltlsat/Benchmarks/random/P0.333333333333333N1L55M100T100-6.mltl,0.0,7786.4,sat
/home/michele/mltlsat/Benchmarks/random/P0.333333333333333N1L55M100T100-7.mltl,0.0,7782.4,sat
/home/michele/mltlsat/Benchmarks/random/P0.333333333333333N1L55M100T100-8.mltl,0.022,13020.8,sat
/home/michele/mltlsat/Benchmarks/random/P0.333333333333333N1L55M100T100-9.mltl,0.0,7775.2,sat
/home/michele/mltlsat/Benchmarks/random/P0.333333333333333N1L5M100T100-10.mltl,0.0,7789.6,sat
/home/michele/mltlsat/Benchmarks/random/P0.333333333333333N1L5M100T100-1.mltl,0.0,7468,sat
/home/michele/mltlsat/Benchmarks/random/P0.333333333333333N1L5M100T100-2.mltl,0.0,7825.6,sat
/home/michele/mltlsat/Benchmarks/random/P0.333333333333333N1L5M100T100-3.mltl,0.0,7785.6,sat
/home/michele/mltlsat/Benchmarks/random/P0.333333333333333N1L5M100T100-4.mltl,0.0,9374.4,sat
/home/michele/mltlsat/Benchmarks/random/P0.333333333333333N1L5M100T100-5.mltl,0.0,7820.8,sat
/home/michele/mltlsat/Benchmarks/random/P0.333333333333333N1L5M100T100-6.mltl,0.0,7827.2,sat
/home/michele/mltlsat/Benchmarks/random/P0.333333333333333N1L5M100T100-7.mltl,0.0,7806.4,sat
/home/michele/mltlsat/Benchmarks/random/P0.333333333333333N1L5M100T100-8.mltl,0.0,7804.8,sat
/home/michele/mltlsat/Benchmarks/random/P0.333333333333333N1L5M100T100-9.mltl,0.0,7794.4,sat
/home/michele/mltlsat/Benchmarks/random/P0.333333333333333N1L60M100T100-10.mltl,0.0,7820.8,unsat
/home/michele/mltlsat/Benchmarks/random/P0.333333333333333N1L60M100T100-1.mltl,0.06,10902.4,sat
/home/michele/mltlsat/Benchmarks/random/P0.333333333333333N1L60M100T100-2.mltl,0.0,7797.6,sat
/home/michele/mltlsat/Benchmarks/random/P0.333333333333333N1L60M100T100-3.mltl,0.0,7784,unsat
/home/michele/mltlsat/Benchmarks/random/P0.333333333333333N1L60M100T100-4.mltl,0.0,7780,sat
/home/michele/mltlsat/Benchmarks/random/P0.333333333333333N1L60M100T100-5.mltl,0.0,7799.2,sat
/home/michele/mltlsat/Benchmarks/random/P0.333333333333333N1L60M100T100-6.mltl,0.0,7809.6,sat
/home/michele/mltlsat/Benchmarks/random/P0.333333333333333N1L60M100T100-7.mltl,0.0,7820,unsat
/home/michele/mltlsat/Benchmarks/random/P0.333333333333333N1L60M100T100-8.mltl,0.0,7815.2,sat
/home/michele/mltlsat/Benchmarks/random/P0.333333333333333N1L60M100T100-9.mltl,0.0,7816,sat
/home/michele/mltlsat/Benchmarks/random/P0.333333333333333N1L65M100T100-10.mltl,0.0,7808.8,sat
/home/michele/mltlsat/Benchmarks/random/P0.333333333333333N1L65M100T100-1.mltl,0.0,7800,sat
/home/michele/mltlsat/Benchmarks/random/P0.333333333333333N1L65M100T100-2.mltl,0.0,7807.2,unsat
/home/michele/mltlsat/Benchmarks/random/P0.333333333333333N1L65M100T100-3.mltl,0.0,7808.8,sat
/home/michele/mltlsat/Benchmarks/random/P0.333333333333333N1L65M100T100-4.mltl,0.0,7783.2,sat
/home/michele/mltlsat/Benchmarks/random/P0.333333333333333N1L65M100T100-5.mltl,0.0,7790.4,sat
/home/michele/mltlsat/Benchmarks/random/P0.333333333333333N1L65M100T100-6.mltl,0.0,7784,sat
/home/michele/mltlsat/Benchmarks/random/P0.333333333333333N1L65M100T100-7.mltl,0.0,7511.2,sat
/home/michele/mltlsat/Benchmarks/random/P0.333333333333333N1L65M100T100-8.mltl,0.0,7796.8,unsat
/home/michele/mltlsat/Benchmarks/random/P0.333333333333333N1L65M100T100-9.mltl,0.0,9356,sat
/home/michele/mltlsat/Benchmarks/random/P0.333333333333333N1L70M100T100-10.mltl,0.0,7822.4,unsat
/home/michele/mltlsat/Benchmarks/random/P0.333333333333333N1L70M100T100-1.mltl,0.0,7806.4,sat
/home/michele/mltlsat/Benchmarks/random/P0.333333333333333N1L70M100T100-2.mltl,0.0,7790.4,sat
/home/michele/mltlsat/Benchmarks/random/P0.333333333333333N1L70M100T100-3.mltl,0.02,9328,sat
/home/michele/mltlsat/Benchmarks/random/P0.333333333333333N1L70M100T100-4.mltl,0.0,7808.8,sat
/home/michele/mltlsat/Benchmarks/random/P0.333333333333333N1L70M100T100-5.mltl,0.0,7802.4,sat
/home/michele/mltlsat/Benchmarks/random/P0.333333333333333N1L70M100T100-6.mltl,0.0,7798.4,sat
/home/michele/mltlsat/Benchmarks/random/P0.333333333333333N1L70M100T100-7.mltl,-1,-1,TO
/home/michele/mltlsat/Benchmarks/random/P0.333333333333333N1L70M100T100-8.mltl,0.0,9364,sat
/home/michele/mltlsat/Benchmarks/random/P0.333333333333333N1L70M100T100-9.mltl,0.0,7816,unsat
/home/michele/mltlsat/Benchmarks/random/P0.333333333333333N1L75M100T100-10.mltl,0.03,9342.4,sat
/home/michele/mltlsat/Benchmarks/random/P0.333333333333333N1L75M100T100-1.mltl,0.0,7795.2,sat
/home/michele/mltlsat/Benchmarks/random/P0.333333333333333N1L75M100T100-2.mltl,0.0,7799.2,sat
/home/michele/mltlsat/Benchmarks/random/P0.333333333333333N1L75M100T100-3.mltl,0.0,9320,sat
/home/michele/mltlsat/Benchmarks/random/P0.333333333333333N1L75M100T100-4.mltl,0.0,7812.8,sat
/home/michele/mltlsat/Benchmarks/random/P0.333333333333333N1L75M100T100-5.mltl,0.02,12416,sat
/home/michele/mltlsat/Benchmarks/random/P0.333333333333333N1L75M100T100-6.mltl,0.0,7479.2,sat
/home/michele/mltlsat/Benchmarks/random/P0.333333333333333N1L75M100T100-7.mltl,0.0,7828.8,unsat
/home/michele/mltlsat/Benchmarks/random/P0.333333333333333N1L75M100T100-8.mltl,0.0,7465.6,sat
/home/michele/mltlsat/Benchmarks/random/P0.333333333333333N1L75M100T100-9.mltl,0.0,7803.2,unsat
/home/michele/mltlsat/Benchmarks/random/P0.333333333333333N1L80M100T100-10.mltl,0.0,7789.6,sat
/home/michele/mltlsat/Benchmarks/random/P0.333333333333333N1L80M100T100-1.mltl,0.0,7836.8,sat
/home/michele/mltlsat/Benchmarks/random/P0.333333333333333N1L80M100T100-2.mltl,0.0,7816.8,sat
/home/michele/mltlsat/Benchmarks/random/P0.333333333333333N1L80M100T100-3.mltl,0.0,7837.6,sat
/home/michele/mltlsat/Benchmarks/random/P0.333333333333333N1L80M100T100-4.mltl,0.0,7783.2,sat
/home/michele/mltlsat/Benchmarks/random/P0.333333333333333N1L80M100T100-5.mltl,0.0,8730.4,sat
/home/michele/mltlsat/Benchmarks/random/P0.333333333333333N1L80M100T100-6.mltl,0.0,7796,sat
/home/michele/mltlsat/Benchmarks/random/P0.333333333333333N1L80M100T100-7.mltl,0.0,7792.8,sat
/home/michele/mltlsat/Benchmarks/random/P0.333333333333333N1L80M100T100-8.mltl,0.01,9368.8,sat
/home/michele/mltlsat/Benchmarks/random/P0.333333333333333N1L80M100T100-9.mltl,0.0,9340.8,sat
/home/michele/mltlsat/Benchmarks/random/P0.333333333333333N1L85M100T100-10.mltl,0.0,7794.4,sat
/home/michele/mltlsat/Benchmarks/random/P0.333333333333333N1L85M100T100-1.mltl,0.0,7784.8,sat
/home/michele/mltlsat/Benchmarks/random/P0.333333333333333N1L85M100T100-2.mltl,0.0,9319.2,sat
/home/michele/mltlsat/Benchmarks/random/P0.333333333333333N1L85M100T100-3.mltl,0.0,9348,sat
/home/michele/mltlsat/Benchmarks/random/P0.333333333333333N1L85M100T100-4.mltl,0.0,7804.8,sat
/home/michele/mltlsat/Benchmarks/random/P0.333333333333333N1L85M100T100-5.mltl,0.0,7817.6,sat
/home/michele/mltlsat/Benchmarks/random/P0.333333333333333N1L85M100T100-6.mltl,0.0,9365.6,sat
/home/michele/mltlsat/Benchmarks/random/P0.333333333333333N1L85M100T100-7.mltl,0.0,9348.8,sat
/home/michele/mltlsat/Benchmarks/random/P0.333333333333333N1L85M100T100-8.mltl,0.0,7786.4,sat
/home/michele/mltlsat/Benchmarks/random/P0.333333333333333N1L85M100T100-9.mltl,0.0,7810.4,unsat
/home/michele/mltlsat/Benchmarks/random/P0.333333333333333N1L90M100T100-10.mltl,0.0,7786.4,sat
/home/michele/mltlsat/Benchmarks/random/P0.333333333333333N1L90M100T100-1.mltl,0.02,9328,unsat
/home/michele/mltlsat/Benchmarks/random/P0.333333333333333N1L90M100T100-2.mltl,0.002,9332,sat
/home/michele/mltlsat/Benchmarks/random/P0.333333333333333N1L90M100T100-3.mltl,0.0,7792,sat
/home/michele/mltlsat/Benchmarks/random/P0.333333333333333N1L90M100T100-4.mltl,0.0,7789.6,unsat
/home/michele/mltlsat/Benchmarks/random/P0.333333333333333N1L90M100T100-5.mltl,0.002,9329.6,sat
/home/michele/mltlsat/Benchmarks/random/P0.333333333333333N1L90M100T100-6.mltl,0.0,7811.2,sat
/home/michele/mltlsat/Benchmarks/random/P0.333333333333333N1L90M100T100-7.mltl,0.0,7800,unsat
/home/michele/mltlsat/Benchmarks/random/P0.333333333333333N1L90M100T100-8.mltl,0.0,7808.8,sat
/home/michele/mltlsat/Benchmarks/random/P0.333333333333333N1L90M100T100-9.mltl,0.01,9036,sat
/home/michele/mltlsat/Benchmarks/random/P0.333333333333333N1L95M100T100-10.mltl,0.01,9354.4,sat
/home/michele/mltlsat/Benchmarks/random/P0.333333333333333N1L95M100T100-1.mltl,0.0,7810.4,sat
/home/michele/mltlsat/Benchmarks/random/P0.333333333333333N1L95M100T100-2.mltl,0.0,7820,sat
/home/michele/mltlsat/Benchmarks/random/P0.333333333333333N1L95M100T100-3.mltl,0.0,9368,sat
/home/michele/mltlsat/Benchmarks/random/P0.333333333333333N1L95M100T100-4.mltl,0.0,7812.8,unsat
/home/michele/mltlsat/Benchmarks/random/P0.333333333333333N1L95M100T100-5.mltl,0.02,9337.6,sat
/home/michele/mltlsat/Benchmarks/random/P0.333333333333333N1L95M100T100-6.mltl,0.01,9322.4,sat
/home/michele/mltlsat/Benchmarks/random/P0.333333333333333N1L95M100T100-7.mltl,0.0,7821.6,sat
/home/michele/mltlsat/Benchmarks/random/P0.333333333333333N1L95M100T100-8.mltl,0.014,9341.6,sat
/home/michele/mltlsat/Benchmarks/random/P0.333333333333333N1L95M100T100-9.mltl,0.24,45884.8,unsat
/home/michele/mltlsat/Benchmarks/random/P0.333333333333333N2L100M100T100-10.mltl,0.0,7830.4,sat
/home/michele/mltlsat/Benchmarks/random/P0.333333333333333N2L100M100T100-1.mltl,0.0,7784,unsat
/home/michele/mltlsat/Benchmarks/random/P0.333333333333333N2L100M100T100-2.mltl,0.0,7796,unsat
/home/michele/mltlsat/Benchmarks/random/P0.333333333333333N2L100M100T100-3.mltl,0.0,7827.2,unsat
/home/michele/mltlsat/Benchmarks/random/P0.333333333333333N2L100M100T100-4.mltl,0.0,7489.6,sat
/home/michele/mltlsat/Benchmarks/random/P0.333333333333333N2L100M100T100-5.mltl,0.008,9355.2,unsat
/home/michele/mltlsat/Benchmarks/random/P0.333333333333333N2L100M100T100-6.mltl,0.0,7772.8,sat
/home/michele/mltlsat/Benchmarks/random/P0.333333333333333N2L100M100T100-7.mltl,0.02,10558.4,sat
/home/michele/mltlsat/Benchmarks/random/P0.333333333333333N2L100M100T100-8.mltl,0.0,7784.8,sat
/home/michele/mltlsat/Benchmarks/random/P0.333333333333333N2L100M100T100-9.mltl,0.0,9335.2,sat
/home/michele/mltlsat/Benchmarks/random/P0.333333333333333N2L10M100T100-10.mltl,0.0,7767.2,sat
/home/michele/mltlsat/Benchmarks/random/P0.333333333333333N2L10M100T100-1.mltl,0.0,7812,sat
/home/michele/mltlsat/Benchmarks/random/P0.333333333333333N2L10M100T100-2.mltl,0.0,7790.4,sat
/home/michele/mltlsat/Benchmarks/random/P0.333333333333333N2L10M100T100-3.mltl,0.0,7792.8,sat
/home/michele/mltlsat/Benchmarks/random/P0.333333333333333N2L10M100T100-4.mltl,0.0,7783.2,sat
/home/michele/mltlsat/Benchmarks/random/P0.333333333333333N2L10M100T100-5.mltl,0.0,7820,unsat
/home/michele/mltlsat/Benchmarks/random/P0.333333333333333N2L10M100T100-6.mltl,0.0,7786.4,sat
/home/michele/mltlsat/Benchmarks/random/P0.333333333333333N2L10M100T100-7.mltl,0.0,7779.2,sat
/home/michele/mltlsat/Benchmarks/random/P0.333333333333333N2L10M100T100-8.mltl,0.0,7792.8,sat
/home/michele/mltlsat/Benchmarks/random/P0.333333333333333N2L10M100T100-9.mltl,0.0,7843.2,sat
/home/michele/mltlsat/Benchmarks/random/P0.333333333333333N2L15M100T100-10.mltl,0.0,7808.8,sat
/home/michele/mltlsat/Benchmarks/random/P0.333333333333333N2L15M100T100-1.mltl,0.0,9365.6,sat
/home/michele/mltlsat/Benchmarks/random/P0.333333333333333N2L15M100T100-2.mltl,0.0,7804,sat
/home/michele/mltlsat/Benchmarks/random/P0.333333333333333N2L15M100T100-3.mltl,0.0,7828.8,sat
/home/michele/mltlsat/Benchmarks/random/P0.333333333333333N2L15M100T100-4.mltl,0.022,9317.6,sat
/home/michele/mltlsat/Benchmarks/random/P0.333333333333333N2L15M100T100-5.mltl,0.0,7795.2,sat
/home/michele/mltlsat/Benchmarks/random/P0.333333333333333N2L15M100T100-6.mltl,0.0,7784,sat
/home/michele/mltlsat/Benchmarks/random/P0.333333333333333N2L15M100T100-7.mltl,0.0,9313.6,sat
/home/michele/mltlsat/Benchmarks/random/P0.333333333333333N2L15M100T100-8.mltl,0.0,7808,sat
/home/michele/mltlsat/Benchmarks/random/P0.333333333333333N2L15M100T100-9.mltl,0.0,7788.8,sat
/home/michele/mltlsat/Benchmarks/random/P0.333333333333333N2L20M100T100-10.mltl,0.0,7811.2,sat
/home/michele/mltlsat/Benchmarks/random/P0.333333333333333N2L20M100T100-1.mltl,0.002,7808.8,sat
/home/michele/mltlsat/Benchmarks/random/P0.333333333333333N2L20M100T100-2.mltl,0.0,7822.4,sat
/home/michele/mltlsat/Benchmarks/random/P0.333333333333333N2L20M100T100-3.mltl,0.0,7778.4,sat
/home/michele/mltlsat/Benchmarks/random/P0.333333333333333N2L20M100T100-4.mltl,0.0,7804.8,sat
/home/michele/mltlsat/Benchmarks/random/P0.333333333333333N2L20M100T100-5.mltl,0.0,7474.4,sat
/home/michele/mltlsat/Benchmarks/random/P0.333333333333333N2L20M100T100-6.mltl,0.0,7810.4,sat
/home/michele/mltlsat/Benchmarks/random/P0.333333333333333N2L20M100T100-7.mltl,0.01,9340,sat
/home/michele/mltlsat/Benchmarks/random/P0.333333333333333N2L20M100T100-8.mltl,0.0,7802.4,sat
/home/michele/mltlsat/Benchmarks/random/P0.333333333333333N2L20M100T100-9.mltl,0.0,7800.8,sat
/home/michele/mltlsat/Benchmarks/random/P0.333333333333333N2L25M100T100-10.mltl,0.0,8746.4,sat
/home/michele/mltlsat/Benchmarks/random/P0.333333333333333N2L25M100T100-1.mltl,0.0,7801.6,sat
/home/michele/mltlsat/Benchmarks/random/P0.333333333333333N2L25M100T100-2.mltl,0.0,9358.4,sat
/home/michele/mltlsat/Benchmarks/random/P0.333333333333333N2L25M100T100-3.mltl,0.0,9344,sat
/home/michele/mltlsat/Benchmarks/random/P0.333333333333333N2L25M100T100-4.mltl,0.0,7816.8,unsat
/home/michele/mltlsat/Benchmarks/random/P0.333333333333333N2L25M100T100-5.mltl,0.0,7815.2,sat
/home/michele/mltlsat/Benchmarks/random/P0.333333333333333N2L25M100T100-6.mltl,0.0,9331.2,sat
/home/michele/mltlsat/Benchmarks/random/P0.333333333333333N2L25M100T100-7.mltl,0.0,9356,sat
/home/michele/mltlsat/Benchmarks/random/P0.333333333333333N2L25M100T100-8.mltl,0.0,7806.4,sat
/home/michele/mltlsat/Benchmarks/random/P0.333333333333333N2L25M100T100-9.mltl,0.0,7818.4,sat
/home/michele/mltlsat/Benchmarks/random/P0.333333333333333N2L30M100T100-10.mltl,0.0,7784.8,sat
/home/michele/mltlsat/Benchmarks/random/P0.333333333333333N2L30M100T100-1.mltl,0.0,7820,sat
/home/michele/mltlsat/Benchmarks/random/P0.333333333333333N2L30M100T100-2.mltl,0.0,7810.4,sat
/home/michele/mltlsat/Benchmarks/random/P0.333333333333333N2L30M100T100-3.mltl,0.0,7824,sat
/home/michele/mltlsat/Benchmarks/random/P0.333333333333333N2L30M100T100-4.mltl,0.0,7498.4,sat
/home/michele/mltlsat/Benchmarks/random/P0.333333333333333N2L30M100T100-5.mltl,0.0,7808,sat
/home/michele/mltlsat/Benchmarks/random/P0.333333333333333N2L30M100T100-6.mltl,0.0,7766.4,sat
/home/michele/mltlsat/Benchmarks/random/P0.333333333333333N2L30M100T100-7.mltl,0.0,7792.8,sat
/home/michele/mltlsat/Benchmarks/random/P0.333333333333333N2L30M100T100-8.mltl,0.0,7804.8,sat
/home/michele/mltlsat/Benchmarks/random/P0.333333333333333N2L30M100T100-9.mltl,0.0,7780.8,sat
/home/michele/mltlsat/Benchmarks/random/P0.333333333333333N2L35M100T100-10.mltl,0.0,7806.4,sat
/home/michele/mltlsat/Benchmarks/random/P0.333333333333333N2L35M100T100-1.mltl,0.0,7819.2,sat
/home/michele/mltlsat/Benchmarks/random/P0.333333333333333N2L35M100T100-2.mltl,0.0,9351.2,sat
/home/michele/mltlsat/Benchmarks/random/P0.333333333333333N2L35M100T100-3.mltl,0.0,7789.6,sat
/home/michele/mltlsat/Benchmarks/random/P0.333333333333333N2L35M100T100-4.mltl,0.0,7792.8,unsat
/home/michele/mltlsat/Benchmarks/random/P0.333333333333333N2L35M100T100-5.mltl,0.0,7802.4,sat
/home/michele/mltlsat/Benchmarks/random/P0.333333333333333N2L35M100T100-6.mltl,0.488,22535.2,sat
/home/michele/mltlsat/Benchmarks/random/P0.333333333333333N2L35M100T100-7.mltl,0.0,7785.6,unsat
/home/michele/mltlsat/Benchmarks/random/P0.333333333333333N2L35M100T100-8.mltl,0.0,9344.8,sat
/home/michele/mltlsat/Benchmarks/random/P0.333333333333333N2L35M100T100-9.mltl,0.0,7806.4,unsat
/home/michele/mltlsat/Benchmarks/random/P0.333333333333333N2L40M100T100-10.mltl,0.0,7808,sat
/home/michele/mltlsat/Benchmarks/random/P0.333333333333333N2L40M100T100-1.mltl,0.0,7812,sat
/home/michele/mltlsat/Benchmarks/random/P0.333333333333333N2L40M100T100-2.mltl,0.0,7829.6,sat
/home/michele/mltlsat/Benchmarks/random/P0.333333333333333N2L40M100T100-3.mltl,0.0,7804,sat
/home/michele/mltlsat/Benchmarks/random/P0.333333333333333N2L40M100T100-4.mltl,0.0,7774.4,sat
/home/michele/mltlsat/Benchmarks/random/P0.333333333333333N2L40M100T100-5.mltl,0.0,7801.6,sat
/home/michele/mltlsat/Benchmarks/random/P0.333333333333333N2L40M100T100-6.mltl,0.0,7798.4,sat
/home/michele/mltlsat/Benchmarks/random/P0.333333333333333N2L40M100T100-7.mltl,0.0,10861.6,sat
/home/michele/mltlsat/Benchmarks/random/P0.333333333333333N2L40M100T100-8.mltl,0.0,7815.2,sat
/home/michele/mltlsat/Benchmarks/random/P0.333333333333333N2L40M100T100-9.mltl,0.0,7788.8,sat
/home/michele/mltlsat/Benchmarks/random/P0.333333333333333N2L45M100T100-10.mltl,0.0,9322.4,sat
/home/michele/mltlsat/Benchmarks/random/P0.333333333333333N2L45M100T100-1.mltl,0.0,7795.2,sat
/home/michele/mltlsat/Benchmarks/random/P0.333333333333333N2L45M100T100-2.mltl,0.0,7829.6,unsat
/home/michele/mltlsat/Benchmarks/random/P0.333333333333333N2L45M100T100-3.mltl,0.0,7780,sat
/home/michele/mltlsat/Benchmarks/random/P0.333333333333333N2L45M100T100-4.mltl,0.0,9324.8,sat
/home/michele/mltlsat/Benchmarks/random/P0.333333333333333N2L45M100T100-5.mltl,0.0,7809.6,unsat
/home/michele/mltlsat/Benchmarks/random/P0.333333333333333N2L45M100T100-6.mltl,0.0,7814.4,sat
/home/michele/mltlsat/Benchmarks/random/P0.333333333333333N2L45M100T100-7.mltl,0.0,7800,sat
/home/michele/mltlsat/Benchmarks/random/P0.333333333333333N2L45M100T100-8.mltl,0.0,7807.2,sat
/home/michele/mltlsat/Benchmarks/random/P0.333333333333333N2L45M100T100-9.mltl,0.0,7816.8,sat
/home/michele/mltlsat/Benchmarks/random/P0.333333333333333N2L50M100T100-10.mltl,0.0,7816,sat
/home/michele/mltlsat/Benchmarks/random/P0.333333333333333N2L50M100T100-1.mltl,0.0,7818.4,sat
/home/michele/mltlsat/Benchmarks/random/P0.333333333333333N2L50M100T100-2.mltl,0.0,7816,sat
/home/michele/mltlsat/Benchmarks/random/P0.333333333333333N2L50M100T100-3.mltl,0.0,7775.2,sat
/home/michele/mltlsat/Benchmarks/random/P0.333333333333333N2L50M100T100-4.mltl,0.0,7843.2,sat
/home/michele/mltlsat/Benchmarks/random/P0.333333333333333N2L50M100T100-5.mltl,0.122,18227.2,sat
/home/michele/mltlsat/Benchmarks/random/P0.333333333333333N2L50M100T100-6.mltl,0.0,7789.6,sat
/home/michele/mltlsat/Benchmarks/random/P0.333333333333333N2L50M100T100-7.mltl,0.2,61580,sat
/home/michele/mltlsat/Benchmarks/random/P0.333333333333333N2L50M100T100-8.mltl,0.0,7798.4,sat
/home/michele/mltlsat/Benchmarks/random/P0.333333333333333N2L50M100T100-9.mltl,0.0,7785.6,unsat
/home/michele/mltlsat/Benchmarks/random/P0.333333333333333N2L55M100T100-10.mltl,0.0,7849.6,sat
/home/michele/mltlsat/Benchmarks/random/P0.333333333333333N2L55M100T100-1.mltl,0.0,7798.4,sat
/home/michele/mltlsat/Benchmarks/random/P0.333333333333333N2L55M100T100-2.mltl,0.0,7780,sat
/home/michele/mltlsat/Benchmarks/random/P0.333333333333333N2L55M100T100-3.mltl,0.0,7788,sat
/home/michele/mltlsat/Benchmarks/random/P0.333333333333333N2L55M100T100-4.mltl,0.034,9019.2,sat
/home/michele/mltlsat/Benchmarks/random/P0.333333333333333N2L55M100T100-5.mltl,0.0,7780,sat
/home/michele/mltlsat/Benchmarks/random/P0.333333333333333N2L55M100T100-6.mltl,-1,-1,TO
/home/michele/mltlsat/Benchmarks/random/P0.333333333333333N2L55M100T100-7.mltl,0.0,9319.2,sat
/home/michele/mltlsat/Benchmarks/random/P0.333333333333333N2L55M100T100-8.mltl,0.304,17016,sat
/home/michele/mltlsat/Benchmarks/random/P0.333333333333333N2L55M100T100-9.mltl,0.0,7789.6,sat
/home/michele/mltlsat/Benchmarks/random/P0.333333333333333N2L5M100T100-10.mltl,0.0,7824.8,sat
/home/michele/mltlsat/Benchmarks/random/P0.333333333333333N2L5M100T100-1.mltl,0.0,7777.6,sat
/home/michele/mltlsat/Benchmarks/random/P0.333333333333333N2L5M100T100-2.mltl,0.0,7796.8,sat
/home/michele/mltlsat/Benchmarks/random/P0.333333333333333N2L5M100T100-3.mltl,0.0,7805.6,sat
/home/michele/mltlsat/Benchmarks/random/P0.333333333333333N2L5M100T100-4.mltl,0.0,7804.8,sat
/home/michele/mltlsat/Benchmarks/random/P0.333333333333333N2L5M100T100-5.mltl,0.0,7790.4,sat
/home/michele/mltlsat/Benchmarks/random/P0.333333333333333N2L5M100T100-6.mltl,0.0,7824.8,sat
/home/michele/mltlsat/Benchmarks/random/P0.333333333333333N2L5M100T100-7.mltl,0.0,7799.2,sat
/home/michele/mltlsat/Benchmarks/random/P0.333333333333333N2L5M100T100-8.mltl,0.0,7785.6,sat
/home/michele/mltlsat/Benchmarks/random/P0.333333333333333N2L5M100T100-9.mltl,0.0,7791.2,sat
/home/michele/mltlsat/Benchmarks/random/P0.333333333333333N2L60M100T100-10.mltl,0.0,7784.8,sat
/home/michele/mltlsat/Benchmarks/random/P0.333333333333333N2L60M100T100-1.mltl,0.0,7790.4,sat
/home/michele/mltlsat/Benchmarks/random/P0.333333333333333N2L60M100T100-2.mltl,0.03,10894.4,sat
/home/michele/mltlsat/Benchmarks/random/P0.333333333333333N2L60M100T100-3.mltl,0.0,7791.2,unsat
/home/michele/mltlsat/Benchmarks/random/P0.333333333333333N2L60M100T100-4.mltl,0.0,9321.6,sat
/home/michele/mltlsat/Benchmarks/random/P0.333333333333333N2L60M100T100-5.mltl,0.0,7789.6,sat
/home/michele/mltlsat/Benchmarks/random/P0.333333333333333N2L60M100T100-6.mltl,0.32,10886.4,sat
/home/michele/mltlsat/Benchmarks/random/P0.333333333333333N2L60M100T100-7.mltl,0.022,9334.4,sat
/home/michele/mltlsat/Benchmarks/random/P0.333333333333333N2L60M100T100-8.mltl,0.0,7810.4,sat
/home/michele/mltlsat/Benchmarks/random/P0.333333333333333N2L60M100T100-9.mltl,0.0,9374.4,sat
/home/michele/mltlsat/Benchmarks/random/P0.333333333333333N2L65M100T100-10.mltl,0.012,10871.2,sat
/home/michele/mltlsat/Benchmarks/random/P0.333333333333333N2L65M100T100-1.mltl,0.0,7816,sat
/home/michele/mltlsat/Benchmarks/random/P0.333333333333333N2L65M100T100-2.mltl,0.022,10865.6,sat
/home/michele/mltlsat/Benchmarks/random/P0.333333333333333N2L65M100T100-3.mltl,0.0,7843.2,sat
/home/michele/mltlsat/Benchmarks/random/P0.333333333333333N2L65M100T100-4.mltl,0.0,7782.4,sat
/home/michele/mltlsat/Benchmarks/random/P0.333333333333333N2L65M100T100-5.mltl,0.0,7816,sat
/home/michele/mltlsat/Benchmarks/random/P0.333333333333333N2L65M100T100-6.mltl,-1,-1,TO
/home/michele/mltlsat/Benchmarks/random/P0.333333333333333N2L65M100T100-7.mltl,0.0,7804,sat
/home/michele/mltlsat/Benchmarks/random/P0.333333333333333N2L65M100T100-8.mltl,0.022,10563.2,sat
/home/michele/mltlsat/Benchmarks/random/P0.333333333333333N2L65M100T100-9.mltl,0.0,7803.2,sat
/home/michele/mltlsat/Benchmarks/random/P0.333333333333333N2L70M100T100-10.mltl,0.0,9340,sat
/home/michele/mltlsat/Benchmarks/random/P0.333333333333333N2L70M100T100-1.mltl,0.02,10900,sat
/home/michele/mltlsat/Benchmarks/random/P0.333333333333333N2L70M100T100-2.mltl,0.0,9342.4,sat
/home/michele/mltlsat/Benchmarks/random/P0.333333333333333N2L70M100T100-3.mltl,0.0,7794.4,sat
/home/michele/mltlsat/Benchmarks/random/P0.333333333333333N2L70M100T100-4.mltl,0.0,7797.6,sat
/home/michele/mltlsat/Benchmarks/random/P0.333333333333333N2L70M100T100-5.mltl,0.0,7773.6,sat
/home/michele/mltlsat/Benchmarks/random/P0.333333333333333N2L70M100T100-6.mltl,0.0,9341.6,sat
/home/michele/mltlsat/Benchmarks/random/P0.333333333333333N2L70M100T100-7.mltl,-1,-1,TO
/home/michele/mltlsat/Benchmarks/random/P0.333333333333333N2L70M100T100-8.mltl,0.0,7800.8,sat
/home/michele/mltlsat/Benchmarks/random/P0.333333333333333N2L70M100T100-9.mltl,0.06,18244.8,sat
/home/michele/mltlsat/Benchmarks/random/P0.333333333333333N2L75M100T100-10.mltl,-1,-1,TO
/home/michele/mltlsat/Benchmarks/random/P0.333333333333333N2L75M100T100-1.mltl,0.0,7807.2,sat
/home/michele/mltlsat/Benchmarks/random/P0.333333333333333N2L75M100T100-2.mltl,0.0,7800.8,unsat
/home/michele/mltlsat/Benchmarks/random/P0.333333333333333N2L75M100T100-3.mltl,0.052000000000000005,12408.8,sat
/home/michele/mltlsat/Benchmarks/random/P0.333333333333333N2L75M100T100-4.mltl,0.0,7785.6,sat
/home/michele/mltlsat/Benchmarks/random/P0.333333333333333N2L75M100T100-5.mltl,0.542,30826.4,sat
/home/michele/mltlsat/Benchmarks/random/P0.333333333333333N2L75M100T100-6.mltl,0.928,33604,sat
/home/michele/mltlsat/Benchmarks/random/P0.333333333333333N2L75M100T100-7.mltl,-1,-1,TO
/home/michele/mltlsat/Benchmarks/random/P0.333333333333333N2L75M100T100-8.mltl,0.0,9324.8,sat
/home/michele/mltlsat/Benchmarks/random/P0.333333333333333N2L75M100T100-9.mltl,0.0,9339.2,sat
/home/michele/mltlsat/Benchmarks/random/P0.333333333333333N2L80M100T100-10.mltl,0.0,7801.6,sat
/home/michele/mltlsat/Benchmarks/random/P0.333333333333333N2L80M100T100-1.mltl,0.044000000000000004,13956.8,sat
/home/michele/mltlsat/Benchmarks/random/P0.333333333333333N2L80M100T100-2.mltl,0.0,7800.8,sat
/home/michele/mltlsat/Benchmarks/random/P0.333333333333333N2L80M100T100-3.mltl,0.0,10896.8,sat
/home/michele/mltlsat/Benchmarks/random/P0.333333333333333N2L80M100T100-4.mltl,0.0,9339.2,sat
/home/michele/mltlsat/Benchmarks/random/P0.333333333333333N2L80M100T100-5.mltl,0.0,7786.4,sat
/home/michele/mltlsat/Benchmarks/random/P0.333333333333333N2L80M100T100-6.mltl,0.0,7792,sat
/home/michele/mltlsat/Benchmarks/random/P0.333333333333333N2L80M100T100-7.mltl,0.0,9317.6,sat
/home/michele/mltlsat/Benchmarks/random/P0.333333333333333N2L80M100T100-8.mltl,0.03,10540.8,sat
/home/michele/mltlsat/Benchmarks/random/P0.333333333333333N2L80M100T100-9.mltl,0.0,7800.8,sat
/home/michele/mltlsat/Benchmarks/random/P0.333333333333333N2L85M100T100-10.mltl,-1,-1,TO
/home/michele/mltlsat/Benchmarks/random/P0.333333333333333N2L85M100T100-1.mltl,0.0,7809.6,sat
/home/michele/mltlsat/Benchmarks/random/P0.333333333333333N2L85M100T100-2.mltl,0.0,7792,unsat
/home/michele/mltlsat/Benchmarks/random/P0.333333333333333N2L85M100T100-3.mltl,0.0,7803.2,sat
/home/michele/mltlsat/Benchmarks/random/P0.333333333333333N2L85M100T100-4.mltl,0.0,9376.8,sat
/home/michele/mltlsat/Benchmarks/random/P0.333333333333333N2L85M100T100-5.mltl,0.0,7809.6,sat
/home/michele/mltlsat/Benchmarks/random/P0.333333333333333N2L85M100T100-6.mltl,0.0,7800,sat
/home/michele/mltlsat/Benchmarks/random/P0.333333333333333N2L85M100T100-7.mltl,0.0,9355.2,sat
/home/michele/mltlsat/Benchmarks/random/P0.333333333333333N2L85M100T100-8.mltl,0.0,7501.6,unsat
/home/michele/mltlsat/Benchmarks/random/P0.333333333333333N2L85M100T100-9.mltl,0.0,7514.4,unsat
/home/michele/mltlsat/Benchmarks/random/P0.333333333333333N2L90M100T100-10.mltl,0.01,10841.6,sat
/home/michele/mltlsat/Benchmarks/random/P0.333333333333333N2L90M100T100-1.mltl,0.0,7808,sat
/home/michele/mltlsat/Benchmarks/random/P0.333333333333333N2L90M100T100-2.mltl,0.0,9328,unsat
/home/michele/mltlsat/Benchmarks/random/P0.333333333333333N2L90M100T100-3.mltl,0.0,7773.6,unsat
/home/michele/mltlsat/Benchmarks/random/P0.333333333333333N2L90M100T100-4.mltl,0.0,7792.8,sat
/home/michele/mltlsat/Benchmarks/random/P0.333333333333333N2L90M100T100-5.mltl,0.0,9320.8,sat
/home/michele/mltlsat/Benchmarks/random/P0.333333333333333N2L90M100T100-6.mltl,0.0,7808.8,sat
/home/michele/mltlsat/Benchmarks/random/P0.333333333333333N2L90M100T100-7.mltl,0.0,7813.6,unsat
/home/michele/mltlsat/Benchmarks/random/P0.333333333333333N2L90M100T100-8.mltl,0.0,7793.6,unsat
/home/michele/mltlsat/Benchmarks/random/P0.333333333333333N2L90M100T100-9.mltl,0.0,9326.4,sat
/home/michele/mltlsat/Benchmarks/random/P0.333333333333333N2L95M100T100-10.mltl,0.0,7811.2,unsat
/home/michele/mltlsat/Benchmarks/random/P0.333333333333333N2L95M100T100-1.mltl,0.0,7488,sat
/home/michele/mltlsat/Benchmarks/random/P0.333333333333333N2L95M100T100-2.mltl,0.0,7802.4,sat
/home/michele/mltlsat/Benchmarks/random/P0.333333333333333N2L95M100T100-3.mltl,0.0,7793.6,sat
/home/michele/mltlsat/Benchmarks/random/P0.333333333333333N2L95M100T100-4.mltl,0.004,9351.2,sat
/home/michele/mltlsat/Benchmarks/random/P0.333333333333333N2L95M100T100-5.mltl,0.0,7794.4,sat
/home/michele/mltlsat/Benchmarks/random/P0.333333333333333N2L95M100T100-6.mltl,0.708,33918.4,unsat
/home/michele/mltlsat/Benchmarks/random/P0.333333333333333N2L95M100T100-7.mltl,0.0,7813.6,sat
/home/michele/mltlsat/Benchmarks/random/P0.333333333333333N2L95M100T100-8.mltl,0.0,7514.4,sat
/home/michele/mltlsat/Benchmarks/random/P0.333333333333333N2L95M100T100-9.mltl,0.0,9317.6,sat
/home/michele/mltlsat/Benchmarks/random/P0.333333333333333N3L100M100T100-10.mltl,0.012,12418.4,sat
/home/michele/mltlsat/Benchmarks/random/P0.333333333333333N3L100M100T100-1.mltl,0.028,9315.2,sat
/home/michele/mltlsat/Benchmarks/random/P0.333333333333333N3L100M100T100-2.mltl,0.0,7780,sat
/home/michele/mltlsat/Benchmarks/random/P0.333333333333333N3L100M100T100-3.mltl,50.818,19463.2,sat
/home/michele/mltlsat/Benchmarks/random/P0.333333333333333N3L100M100T100-4.mltl,0.524,39768.8,sat
/home/michele/mltlsat/Benchmarks/random/P0.333333333333333N3L100M100T100-5.mltl,0.0,9342.4,sat
/home/michele/mltlsat/Benchmarks/random/P0.333333333333333N3L100M100T100-6.mltl,0.0,7809.6,sat
/home/michele/mltlsat/Benchmarks/random/P0.333333333333333N3L100M100T100-7.mltl,0.0,7786.4,sat
/home/michele/mltlsat/Benchmarks/random/P0.333333333333333N3L100M100T100-8.mltl,0.0,7780.8,sat
/home/michele/mltlsat/Benchmarks/random/P0.333333333333333N3L100M100T100-9.mltl,0.0,9339.2,sat
/home/michele/mltlsat/Benchmarks/random/P0.333333333333333N3L10M100T100-10.mltl,0.0,7794.4,sat
/home/michele/mltlsat/Benchmarks/random/P0.333333333333333N3L10M100T100-1.mltl,0.0,7779.2,sat
/home/michele/mltlsat/Benchmarks/random/P0.333333333333333N3L10M100T100-2.mltl,0.0,7772,sat
/home/michele/mltlsat/Benchmarks/random/P0.333333333333333N3L10M100T100-3.mltl,0.0,7812.8,sat
/home/michele/mltlsat/Benchmarks/random/P0.333333333333333N3L10M100T100-4.mltl,0.0,7804.8,sat
/home/michele/mltlsat/Benchmarks/random/P0.333333333333333N3L10M100T100-5.mltl,0.0,7832,sat
/home/michele/mltlsat/Benchmarks/random/P0.333333333333333N3L10M100T100-6.mltl,0.0,7812,sat
/home/michele/mltlsat/Benchmarks/random/P0.333333333333333N3L10M100T100-7.mltl,0.0,7783.2,sat
/home/michele/mltlsat/Benchmarks/random/P0.333333333333333N3L10M100T100-8.mltl,0.0,7782.4,sat
/home/michele/mltlsat/Benchmarks/random/P0.333333333333333N3L10M100T100-9.mltl,0.0,7817.6,sat
/home/michele/mltlsat/Benchmarks/random/P0.333333333333333N3L15M100T100-10.mltl,0.0,9319.2,sat
/home/michele/mltlsat/Benchmarks/random/P0.333333333333333N3L15M100T100-1.mltl,0.0,7788,sat
/home/michele/mltlsat/Benchmarks/random/P0.333333333333333N3L15M100T100-2.mltl,0.0,7812,sat
/home/michele/mltlsat/Benchmarks/random/P0.333333333333333N3L15M100T100-3.mltl,0.0,7539.2,sat
/home/michele/mltlsat/Benchmarks/random/P0.333333333333333N3L15M100T100-4.mltl,0.0,7797.6,sat
/home/michele/mltlsat/Benchmarks/random/P0.333333333333333N3L15M100T100-5.mltl,0.0,7786.4,sat
/home/michele/mltlsat/Benchmarks/random/P0.333333333333333N3L15M100T100-6.mltl,0.0,7804.8,sat
/home/michele/mltlsat/Benchmarks/random/P0.333333333333333N3L15M100T100-7.mltl,0.13,12406.4,sat
/home/michele/mltlsat/Benchmarks/random/P0.333333333333333N3L15M100T100-8.mltl,0.0,7780.8,sat
/home/michele/mltlsat/Benchmarks/random/P0.333333333333333N3L15M100T100-9.mltl,0.64,30836,sat
/home/michele/mltlsat/Benchmarks/random/P0.333333333333333N3L20M100T100-10.mltl,0.0,7803.2,sat
/home/michele/mltlsat/Benchmarks/random/P0.333333333333333N3L20M100T100-1.mltl,0.0,7821.6,unsat
/home/michele/mltlsat/Benchmarks/random/P0.333333333333333N3L20M100T100-2.mltl,0.0,7823.2,sat
/home/michele/mltlsat/Benchmarks/random/P0.333333333333333N3L20M100T100-3.mltl,0.0,7831.2,sat
/home/michele/mltlsat/Benchmarks/random/P0.333333333333333N3L20M100T100-4.mltl,0.0,7774.4,sat
/home/michele/mltlsat/Benchmarks/random/P0.333333333333333N3L20M100T100-5.mltl,0.0,7781.6,sat
/home/michele/mltlsat/Benchmarks/random/P0.333333333333333N3L20M100T100-6.mltl,0.0,7792.8,sat
/home/michele/mltlsat/Benchmarks/random/P0.333333333333333N3L20M100T100-7.mltl,0.0,7788,sat
/home/michele/mltlsat/Benchmarks/random/P0.333333333333333N3L20M100T100-8.mltl,0.0,9351.2,sat
/home/michele/mltlsat/Benchmarks/random/P0.333333333333333N3L20M100T100-9.mltl,0.0,7784,sat
/home/michele/mltlsat/Benchmarks/random/P0.333333333333333N3L25M100T100-10.mltl,0.0,7820,sat
/home/michele/mltlsat/Benchmarks/random/P0.333333333333333N3L25M100T100-1.mltl,0.0,7791.2,sat
/home/michele/mltlsat/Benchmarks/random/P0.333333333333333N3L25M100T100-2.mltl,0.0,7822.4,sat
/home/michele/mltlsat/Benchmarks/random/P0.333333333333333N3L25M100T100-3.mltl,0.0,7781.6,sat
/home/michele/mltlsat/Benchmarks/random/P0.333333333333333N3L25M100T100-4.mltl,0.0,7794.4,sat
/home/michele/mltlsat/Benchmarks/random/P0.333333333333333N3L25M100T100-5.mltl,0.0,7788.8,sat
/home/michele/mltlsat/Benchmarks/random/P0.333333333333333N3L25M100T100-6.mltl,0.0,7784,sat
/home/michele/mltlsat/Benchmarks/random/P0.333333333333333N3L25M100T100-7.mltl,0.0,7786.4,sat
/home/michele/mltlsat/Benchmarks/random/P0.333333333333333N3L25M100T100-8.mltl,0.008,10883.2,sat
/home/michele/mltlsat/Benchmarks/random/P0.333333333333333N3L25M100T100-9.mltl,0.0,9042.4,sat
/home/michele/mltlsat/Benchmarks/random/P0.333333333333333N3L30M100T100-10.mltl,0.0,7783.2,sat
/home/michele/mltlsat/Benchmarks/random/P0.333333333333333N3L30M100T100-1.mltl,0.01,9340.8,sat
/home/michele/mltlsat/Benchmarks/random/P0.333333333333333N3L30M100T100-2.mltl,0.0,7805.6,sat
/home/michele/mltlsat/Benchmarks/random/P0.333333333333333N3L30M100T100-3.mltl,0.0,7805.6,sat
/home/michele/mltlsat/Benchmarks/random/P0.333333333333333N3L30M100T100-4.mltl,0.022,9330.4,sat
/home/michele/mltlsat/Benchmarks/random/P0.333333333333333N3L30M100T100-5.mltl,0.0,7816.8,sat
/home/michele/mltlsat/Benchmarks/random/P0.333333333333333N3L30M100T100-6.mltl,0.0,7800,sat
/home/michele/mltlsat/Benchmarks/random/P0.333333333333333N3L30M100T100-7.mltl,0.0,7814.4,sat
/home/michele/mltlsat/Benchmarks/random/P0.333333333333333N3L30M100T100-8.mltl,0.0,7808.8,sat
/home/michele/mltlsat/Benchmarks/random/P0.333333333333333N3L30M100T100-9.mltl,0.0,9348,sat
/home/michele/mltlsat/Benchmarks/random/P0.333333333333333N3L35M100T100-10.mltl,0.0,7790.4,unsat
/home/michele/mltlsat/Benchmarks/random/P0.333333333333333N3L35M100T100-1.mltl,0.0,7787.2,sat
/home/michele/mltlsat/Benchmarks/random/P0.333333333333333N3L35M100T100-2.mltl,0.0,7508.8,sat
/home/michele/mltlsat/Benchmarks/random/P0.333333333333333N3L35M100T100-3.mltl,0.0,7795.2,sat
/home/michele/mltlsat/Benchmarks/random/P0.333333333333333N3L35M100T100-4.mltl,0.0,7784,sat
/home/michele/mltlsat/Benchmarks/random/P0.333333333333333N3L35M100T100-5.mltl,0.0,7803.2,sat
/home/michele/mltlsat/Benchmarks/random/P0.333333333333333N3L35M100T100-6.mltl,0.0,7796.8,sat
/home/michele/mltlsat/Benchmarks/random/P0.333333333333333N3L35M100T100-7.mltl,0.03,10540,sat
/home/michele/mltlsat/Benchmarks/random/P0.333333333333333N3L35M100T100-8.mltl,0.0,7796,sat
/home/michele/mltlsat/Benchmarks/random/P0.333333333333333N3L35M100T100-9.mltl,0.0,7816.8,unsat
/home/michele/mltlsat/Benchmarks/random/P0.333333333333333N3L40M100T100-10.mltl,0.0,7816.8,sat
/home/michele/mltlsat/Benchmarks/random/P0.333333333333333N3L40M100T100-1.mltl,0.0,9331.2,sat
/home/michele/mltlsat/Benchmarks/random/P0.333333333333333N3L40M100T100-2.mltl,0.0,10842.4,sat
/home/michele/mltlsat/Benchmarks/random/P0.333333333333333N3L40M100T100-3.mltl,0.0,9355.2,sat
/home/michele/mltlsat/Benchmarks/random/P0.333333333333333N3L40M100T100-4.mltl,0.18,9332,sat
/home/michele/mltlsat/Benchmarks/random/P0.333333333333333N3L40M100T100-5.mltl,0.112,15484,sat
/home/michele/mltlsat/Benchmarks/random/P0.333333333333333N3L40M100T100-6.mltl,0.002,7791.2,sat
/home/michele/mltlsat/Benchmarks/random/P0.333333333333333N3L40M100T100-7.mltl,-1,-1,TO
/home/michele/mltlsat/Benchmarks/random/P0.333333333333333N3L40M100T100-8.mltl,0.0,7784.8,sat
/home/michele/mltlsat/Benchmarks/random/P0.333333333333333N3L40M100T100-9.mltl,0.0,9372.8,sat
/home/michele/mltlsat/Benchmarks/random/P0.333333333333333N3L45M100T100-10.mltl,0.0,7789.6,sat
/home/michele/mltlsat/Benchmarks/random/P0.333333333333333N3L45M100T100-1.mltl,0.0,7808,sat
/home/michele/mltlsat/Benchmarks/random/P0.333333333333333N3L45M100T100-2.mltl,0.0,7793.6,sat
/home/michele/mltlsat/Benchmarks/random/P0.333333333333333N3L45M100T100-3.mltl,0.018,9329.6,sat
/home/michele/mltlsat/Benchmarks/random/P0.333333333333333N3L45M100T100-4.mltl,0.002,9301.6,sat
/home/michele/mltlsat/Benchmarks/random/P0.333333333333333N3L45M100T100-5.mltl,0.0,7774.4,sat
/home/michele/mltlsat/Benchmarks/random/P0.333333333333333N3L45M100T100-6.mltl,0.0,7800,sat
/home/michele/mltlsat/Benchmarks/random/P0.333333333333333N3L45M100T100-7.mltl,0.15,18259.2,sat
/home/michele/mltlsat/Benchmarks/random/P0.333333333333333N3L45M100T100-8.mltl,0.0,9338.4,sat
/home/michele/mltlsat/Benchmarks/random/P0.333333333333333N3L45M100T100-9.mltl,0.0,9326.4,sat
/home/michele/mltlsat/Benchmarks/random/P0.333333333333333N3L50M100T100-10.mltl,0.0,7780,sat
/home/michele/mltlsat/Benchmarks/random/P0.333333333333333N3L50M100T100-1.mltl,0.002,10874.4,sat
/home/michele/mltlsat/Benchmarks/random/P0.333333333333333N3L50M100T100-2.mltl,0.0,7780,sat
/home/michele/mltlsat/Benchmarks/random/P0.333333333333333N3L50M100T100-3.mltl,0.0,7794.4,sat
/home/michele/mltlsat/Benchmarks/random/P0.333333333333333N3L50M100T100-4.mltl,0.0,7807.2,sat
/home/michele/mltlsat/Benchmarks/random/P0.333333333333333N3L50M100T100-5.mltl,0.08,10576,sat
/home/michele/mltlsat/Benchmarks/random/P0.333333333333333N3L50M100T100-6.mltl,0.0,9351.2,sat
/home/michele/mltlsat/Benchmarks/random/P0.333333333333333N3L50M100T100-7.mltl,0.0,9321.6,sat
/home/michele/mltlsat/Benchmarks/random/P0.333333333333333N3L50M100T100-8.mltl,0.032,9351.2,sat
/home/michele/mltlsat/Benchmarks/random/P0.333333333333333N3L50M100T100-9.mltl,0.01,9319.2,sat
/home/michele/mltlsat/Benchmarks/random/P0.333333333333333N3L55M100T100-10.mltl,0.0,7504.8,sat
/home/michele/mltlsat/Benchmarks/random/P0.333333333333333N3L55M100T100-1.mltl,0.0,7810.4,unsat
/home/michele/mltlsat/Benchmarks/random/P0.333333333333333N3L55M100T100-2.mltl,0.0,7789.6,unsat
/home/michele/mltlsat/Benchmarks/random/P0.333333333333333N3L55M100T100-3.mltl,0.0,7794.4,sat
/home/michele/mltlsat/Benchmarks/random/P0.333333333333333N3L55M100T100-4.mltl,0.0,9333.6,sat
/home/michele/mltlsat/Benchmarks/random/P0.333333333333333N3L55M100T100-5.mltl,0.0,7807.2,unsat
/home/michele/mltlsat/Benchmarks/random/P0.333333333333333N3L55M100T100-6.mltl,0.0,7796,sat
/home/michele/mltlsat/Benchmarks/random/P0.333333333333333N3L55M100T100-7.mltl,0.0,7824.8,sat
/home/michele/mltlsat/Benchmarks/random/P0.333333333333333N3L55M100T100-8.mltl,0.0,7812.8,sat
/home/michele/mltlsat/Benchmarks/random/P0.333333333333333N3L55M100T100-9.mltl,-1,-1,TO
/home/michele/mltlsat/Benchmarks/random/P0.333333333333333N3L5M100T100-10.mltl,0.0,7800,sat
/home/michele/mltlsat/Benchmarks/random/P0.333333333333333N3L5M100T100-1.mltl,0.0,7812.8,sat
/home/michele/mltlsat/Benchmarks/random/P0.333333333333333N3L5M100T100-2.mltl,0.0,7804,sat
/home/michele/mltlsat/Benchmarks/random/P0.333333333333333N3L5M100T100-3.mltl,0.0,7774.4,sat
/home/michele/mltlsat/Benchmarks/random/P0.333333333333333N3L5M100T100-4.mltl,0.0,7788,sat
/home/michele/mltlsat/Benchmarks/random/P0.333333333333333N3L5M100T100-5.mltl,0.0,7819.2,sat
/home/michele/mltlsat/Benchmarks/random/P0.333333333333333N3L5M100T100-6.mltl,0.0,7802.4,sat
/home/michele/mltlsat/Benchmarks/random/P0.333333333333333N3L5M100T100-7.mltl,0.0,7807.2,sat
/home/michele/mltlsat/Benchmarks/random/P0.333333333333333N3L5M100T100-8.mltl,0.0,7802.4,sat
/home/michele/mltlsat/Benchmarks/random/P0.333333333333333N3L5M100T100-9.mltl,0.0,7782.4,sat
/home/michele/mltlsat/Benchmarks/random/P0.333333333333333N3L60M100T100-10.mltl,0.03,12416.8,sat
/home/michele/mltlsat/Benchmarks/random/P0.333333333333333N3L60M100T100-1.mltl,0.0,9338.4,sat
/home/michele/mltlsat/Benchmarks/random/P0.333333333333333N3L60M100T100-2.mltl,0.088,12107.2,sat
/home/michele/mltlsat/Benchmarks/random/P0.333333333333333N3L60M100T100-3.mltl,0.0,7762.4,sat
/home/michele/mltlsat/Benchmarks/random/P0.333333333333333N3L60M100T100-4.mltl,-1,-1,TO
/home/michele/mltlsat/Benchmarks/random/P0.333333333333333N3L60M100T100-5.mltl,0.0,7794.4,sat
/home/michele/mltlsat/Benchmarks/random/P0.333333333333333N3L60M100T100-6.mltl,0.0,9340.8,sat
/home/michele/mltlsat/Benchmarks/random/P0.333333333333333N3L60M100T100-7.mltl,0.0,9328,sat
/home/michele/mltlsat/Benchmarks/random/P0.333333333333333N3L60M100T100-8.mltl,13.44,135261.6,sat
/home/michele/mltlsat/Benchmarks/random/P0.333333333333333N3L60M100T100-9.mltl,0.0,7784,sat
/home/michele/mltlsat/Benchmarks/random/P0.333333333333333N3L65M100T100-10.mltl,0.0,7799.2,sat
/home/michele/mltlsat/Benchmarks/random/P0.333333333333333N3L65M100T100-1.mltl,0.0,7832.8,sat
/home/michele/mltlsat/Benchmarks/random/P0.333333333333333N3L65M100T100-2.mltl,0.0,7788.8,sat
/home/michele/mltlsat/Benchmarks/random/P0.333333333333333N3L65M100T100-3.mltl,0.03,10852.8,sat
/home/michele/mltlsat/Benchmarks/random/P0.333333333333333N3L65M100T100-4.mltl,0.0,7806.4,sat
/home/michele/mltlsat/Benchmarks/random/P0.333333333333333N3L65M100T100-5.mltl,0.0,9342.4,sat
/home/michele/mltlsat/Benchmarks/random/P0.333333333333333N3L65M100T100-6.mltl,0.0,9343.2,sat
/home/michele/mltlsat/Benchmarks/random/P0.333333333333333N3L65M100T100-7.mltl,0.0,9343.2,sat
/home/michele/mltlsat/Benchmarks/random/P0.333333333333333N3L65M100T100-8.mltl,0.0,7795.2,unsat
/home/michele/mltlsat/Benchmarks/random/P0.333333333333333N3L65M100T100-9.mltl,0.0,9344.8,sat
/home/michele/mltlsat/Benchmarks/random/P0.333333333333333N3L70M100T100-10.mltl,0.0,9368,sat
/home/michele/mltlsat/Benchmarks/random/P0.333333333333333N3L70M100T100-1.mltl,0.0,9324.8,sat
/home/michele/mltlsat/Benchmarks/random/P0.333333333333333N3L70M100T100-2.mltl,0.58,41268.8,sat
/home/michele/mltlsat/Benchmarks/random/P0.333333333333333N3L70M100T100-3.mltl,0.0,7821.6,sat
/home/michele/mltlsat/Benchmarks/random/P0.333333333333333N3L70M100T100-4.mltl,0.0,7804,sat
/home/michele/mltlsat/Benchmarks/random/P0.333333333333333N3L70M100T100-5.mltl,0.0,7818.4,unsat
/home/michele/mltlsat/Benchmarks/random/P0.333333333333333N3L70M100T100-6.mltl,0.0,7798.4,sat
/home/michele/mltlsat/Benchmarks/random/P0.333333333333333N3L70M100T100-7.mltl,0.0,7812,sat
/home/michele/mltlsat/Benchmarks/random/P0.333333333333333N3L70M100T100-8.mltl,-1,-1,TO
/home/michele/mltlsat/Benchmarks/random/P0.333333333333333N3L70M100T100-9.mltl,0.0,9368,sat
/home/michele/mltlsat/Benchmarks/random/P0.333333333333333N3L75M100T100-10.mltl,0.0,7800,sat
/home/michele/mltlsat/Benchmarks/random/P0.333333333333333N3L75M100T100-1.mltl,0.0,9080,sat
/home/michele/mltlsat/Benchmarks/random/P0.333333333333333N3L75M100T100-2.mltl,14.548,110100,sat
/home/michele/mltlsat/Benchmarks/random/P0.333333333333333N3L75M100T100-3.mltl,0.0,9360.8,sat
/home/michele/mltlsat/Benchmarks/random/P0.333333333333333N3L75M100T100-4.mltl,0.06,13920,sat
/home/michele/mltlsat/Benchmarks/random/P0.333333333333333N3L75M100T100-5.mltl,0.01,13960.8,sat
/home/michele/mltlsat/Benchmarks/random/P0.333333333333333N3L75M100T100-6.mltl,0.0,7804.8,sat
/home/michele/mltlsat/Benchmarks/random/P0.333333333333333N3L75M100T100-7.mltl,0.0,7811.2,sat
/home/michele/mltlsat/Benchmarks/random/P0.333333333333333N3L75M100T100-8.mltl,0.0,7788,sat
/home/michele/mltlsat/Benchmarks/random/P0.333333333333333N3L75M100T100-9.mltl,0.19,33583.2,sat
/home/michele/mltlsat/Benchmarks/random/P0.333333333333333N3L80M100T100-10.mltl,0.0,7793.6,sat
/home/michele/mltlsat/Benchmarks/random/P0.333333333333333N3L80M100T100-1.mltl,0.0,9019.2,sat
/home/michele/mltlsat/Benchmarks/random/P0.333333333333333N3L80M100T100-2.mltl,0.0,9322.4,sat
/home/michele/mltlsat/Benchmarks/random/P0.333333333333333N3L80M100T100-3.mltl,0.0,7827.2,sat
/home/michele/mltlsat/Benchmarks/random/P0.333333333333333N3L80M100T100-4.mltl,0.024,10876,sat
/home/michele/mltlsat/Benchmarks/random/P0.333333333333333N3L80M100T100-5.mltl,0.0,7779.2,sat
/home/michele/mltlsat/Benchmarks/random/P0.333333333333333N3L80M100T100-6.mltl,0.0,7808.8,unsat
/home/michele/mltlsat/Benchmarks/random/P0.333333333333333N3L80M100T100-7.mltl,0.05,15488.8,sat
/home/michele/mltlsat/Benchmarks/random/P0.333333333333333N3L80M100T100-8.mltl,0.0,7798.4,sat
/home/michele/mltlsat/Benchmarks/random/P0.333333333333333N3L80M100T100-9.mltl,0.692,50477.6,sat
/home/michele/mltlsat/Benchmarks/random/P0.333333333333333N3L85M100T100-10.mltl,0.034,15496.8,sat
/home/michele/mltlsat/Benchmarks/random/P0.333333333333333N3L85M100T100-1.mltl,0.0,7796.8,sat
/home/michele/mltlsat/Benchmarks/random/P0.333333333333333N3L85M100T100-2.mltl,0.0,7795.2,sat
/home/michele/mltlsat/Benchmarks/random/P0.333333333333333N3L85M100T100-3.mltl,5.162,65553.6,sat
/home/michele/mltlsat/Benchmarks/random/P0.333333333333333N3L85M100T100-4.mltl,0.0,7810.4,sat
/home/michele/mltlsat/Benchmarks/random/P0.333333333333333N3L85M100T100-5.mltl,0.0,9036,sat
/home/michele/mltlsat/Benchmarks/random/P0.333333333333333N3L85M100T100-6.mltl,0.0,7784,sat
/home/michele/mltlsat/Benchmarks/random/P0.333333333333333N3L85M100T100-7.mltl,-1,-1,TO
/home/michele/mltlsat/Benchmarks/random/P0.333333333333333N3L85M100T100-8.mltl,0.0,9327.2,sat
/home/michele/mltlsat/Benchmarks/random/P0.333333333333333N3L85M100T100-9.mltl,0.03,12417.6,sat
/home/michele/mltlsat/Benchmarks/random/P0.333333333333333N3L90M100T100-10.mltl,0.0,9324,sat
/home/michele/mltlsat/Benchmarks/random/P0.333333333333333N3L90M100T100-1.mltl,0.0,7492.8,sat
/home/michele/mltlsat/Benchmarks/random/P0.333333333333333N3L90M100T100-2.mltl,0.02,10881.6,sat
/home/michele/mltlsat/Benchmarks/random/P0.333333333333333N3L90M100T100-3.mltl,0.002,10903.2,sat
/home/michele/mltlsat/Benchmarks/random/P0.333333333333333N3L90M100T100-4.mltl,0.0,7809.6,sat
/home/michele/mltlsat/Benchmarks/random/P0.333333333333333N3L90M100T100-5.mltl,0.0,9017.6,sat
/home/michele/mltlsat/Benchmarks/random/P0.333333333333333N3L90M100T100-6.mltl,1.62,48954.4,sat
/home/michele/mltlsat/Benchmarks/random/P0.333333333333333N3L90M100T100-7.mltl,0.0,7758.4,sat
/home/michele/mltlsat/Benchmarks/random/P0.333333333333333N3L90M100T100-8.mltl,0.0,7771.2,sat
/home/michele/mltlsat/Benchmarks/random/P0.333333333333333N3L90M100T100-9.mltl,0.0,7828.8,sat
/home/michele/mltlsat/Benchmarks/random/P0.333333333333333N3L95M100T100-10.mltl,0.0,7812.8,sat
/home/michele/mltlsat/Benchmarks/random/P0.333333333333333N3L95M100T100-1.mltl,0.042,12414.4,sat
/home/michele/mltlsat/Benchmarks/random/P0.333333333333333N3L95M100T100-2.mltl,0.0,7795.2,sat
/home/michele/mltlsat/Benchmarks/random/P0.333333333333333N3L95M100T100-3.mltl,0.0,9339.2,sat
/home/michele/mltlsat/Benchmarks/random/P0.333333333333333N3L95M100T100-4.mltl,0.0,7788.8,unsat
/home/michele/mltlsat/Benchmarks/random/P0.333333333333333N3L95M100T100-5.mltl,0.03,13953.6,sat
/home/michele/mltlsat/Benchmarks/random/P0.333333333333333N3L95M100T100-6.mltl,0.0,7819.2,sat
/home/michele/mltlsat/Benchmarks/random/P0.333333333333333N3L95M100T100-7.mltl,1.304,275061.6,sat
/home/michele/mltlsat/Benchmarks/random/P0.333333333333333N3L95M100T100-8.mltl,0.0,7798.4,unsat
/home/michele/mltlsat/Benchmarks/random/P0.333333333333333N3L95M100T100-9.mltl,8.946,76932.8,sat
/home/michele/mltlsat/Benchmarks/random/P0.333333333333333N4L100M100T100-10.mltl,0.0,7774.4,sat
/home/michele/mltlsat/Benchmarks/random/P0.333333333333333N4L100M100T100-1.mltl,0.0,7795.2,sat
/home/michele/mltlsat/Benchmarks/random/P0.333333333333333N4L100M100T100-2.mltl,0.0,7792.8,sat
/home/michele/mltlsat/Benchmarks/random/P0.333333333333333N4L100M100T100-3.mltl,0.0,9333.6,sat
/home/michele/mltlsat/Benchmarks/random/P0.333333333333333N4L100M100T100-4.mltl,0.02,9007.2,sat
/home/michele/mltlsat/Benchmarks/random/P0.333333333333333N4L100M100T100-5.mltl,0.03,10888,sat
/home/michele/mltlsat/Benchmarks/random/P0.333333333333333N4L100M100T100-6.mltl,0.568,35436.8,sat
/home/michele/mltlsat/Benchmarks/random/P0.333333333333333N4L100M100T100-7.mltl,0.0,9347.2,sat
/home/michele/mltlsat/Benchmarks/random/P0.333333333333333N4L100M100T100-8.mltl,0.02,9317.6,sat
/home/michele/mltlsat/Benchmarks/random/P0.333333333333333N4L100M100T100-9.mltl,0.0,7804.8,sat
/home/michele/mltlsat/Benchmarks/random/P0.333333333333333N4L10M100T100-10.mltl,0.0,7797.6,sat
/home/michele/mltlsat/Benchmarks/random/P0.333333333333333N4L10M100T100-1.mltl,0.0,7801.6,sat
/home/michele/mltlsat/Benchmarks/random/P0.333333333333333N4L10M100T100-2.mltl,0.0,7781.6,sat
/home/michele/mltlsat/Benchmarks/random/P0.333333333333333N4L10M100T100-3.mltl,0.0,7792,sat
/home/michele/mltlsat/Benchmarks/random/P0.333333333333333N4L10M100T100-4.mltl,0.0,7783.2,sat
/home/michele/mltlsat/Benchmarks/random/P0.333333333333333N4L10M100T100-5.mltl,0.0,7793.6,sat
/home/michele/mltlsat/Benchmarks/random/P0.333333333333333N4L10M100T100-6.mltl,0.0,7790.4,sat
/home/michele/mltlsat/Benchmarks/random/P0.333333333333333N4L10M100T100-7.mltl,0.0,7786.4,sat
/home/michele/mltlsat/Benchmarks/random/P0.333333333333333N4L10M100T100-8.mltl,0.0,7785.6,sat
/home/michele/mltlsat/Benchmarks/random/P0.333333333333333N4L10M100T100-9.mltl,0.0,7760.8,sat
/home/michele/mltlsat/Benchmarks/random/P0.333333333333333N4L15M100T100-10.mltl,0.0,7797.6,sat
/home/michele/mltlsat/Benchmarks/random/P0.333333333333333N4L15M100T100-1.mltl,0.0,7788.8,sat
/home/michele/mltlsat/Benchmarks/random/P0.333333333333333N4L15M100T100-2.mltl,0.0,7790.4,sat
/home/michele/mltlsat/Benchmarks/random/P0.333333333333333N4L15M100T100-3.mltl,0.0,7788.8,sat
/home/michele/mltlsat/Benchmarks/random/P0.333333333333333N4L15M100T100-4.mltl,0.0,7768.8,sat
/home/michele/mltlsat/Benchmarks/random/P0.333333333333333N4L15M100T100-5.mltl,0.0,7819.2,sat
/home/michele/mltlsat/Benchmarks/random/P0.333333333333333N4L15M100T100-6.mltl,0.0,7820.8,sat
/home/michele/mltlsat/Benchmarks/random/P0.333333333333333N4L15M100T100-7.mltl,0.0,9322.4,sat
/home/michele/mltlsat/Benchmarks/random/P0.333333333333333N4L15M100T100-8.mltl,0.0,7796.8,unsat
/home/michele/mltlsat/Benchmarks/random/P0.333333333333333N4L15M100T100-9.mltl,0.0,7786.4,sat
/home/michele/mltlsat/Benchmarks/random/P0.333333333333333N4L20M100T100-10.mltl,0.0,7826.4,sat
/home/michele/mltlsat/Benchmarks/random/P0.333333333333333N4L20M100T100-1.mltl,0.0,7786.4,sat
/home/michele/mltlsat/Benchmarks/random/P0.333333333333333N4L20M100T100-2.mltl,0.0,7767.2,sat
/home/michele/mltlsat/Benchmarks/random/P0.333333333333333N4L20M100T100-3.mltl,0.01,9369.6,unsat
/home/michele/mltlsat/Benchmarks/random/P0.333333333333333N4L20M100T100-4.mltl,0.0,7812.8,sat
/home/michele/mltlsat/Benchmarks/random/P0.333333333333333N4L20M100T100-5.mltl,0.0,7798.4,sat
/home/michele/mltlsat/Benchmarks/random/P0.333333333333333N4L20M100T100-6.mltl,0.01,7808.8,sat
/home/michele/mltlsat/Benchmarks/random/P0.333333333333333N4L20M100T100-7.mltl,0.0,7820.8,sat
/home/michele/mltlsat/Benchmarks/random/P0.333333333333333N4L20M100T100-8.mltl,0.06,12411.2,sat
/home/michele/mltlsat/Benchmarks/random/P0.333333333333333N4L20M100T100-9.mltl,0.0,7812.8,sat
/home/michele/mltlsat/Benchmarks/random/P0.333333333333333N4L25M100T100-10.mltl,0.0,7792,sat
/home/michele/mltlsat/Benchmarks/random/P0.333333333333333N4L25M100T100-1.mltl,0.0,7803.2,sat
/home/michele/mltlsat/Benchmarks/random/P0.333333333333333N4L25M100T100-2.mltl,0.0,7817.6,sat
/home/michele/mltlsat/Benchmarks/random/P0.333333333333333N4L25M100T100-3.mltl,0.0,7790.4,sat
/home/michele/mltlsat/Benchmarks/random/P0.333333333333333N4L25M100T100-4.mltl,0.0,7792.8,sat
/home/michele/mltlsat/Benchmarks/random/P0.333333333333333N4L25M100T100-5.mltl,0.01,9316,sat
/home/michele/mltlsat/Benchmarks/random/P0.333333333333333N4L25M100T100-6.mltl,0.0,7806.4,sat
/home/michele/mltlsat/Benchmarks/random/P0.333333333333333N4L25M100T100-7.mltl,0.0,7802.4,sat
/home/michele/mltlsat/Benchmarks/random/P0.333333333333333N4L25M100T100-8.mltl,0.0,7804,sat
/home/michele/mltlsat/Benchmarks/random/P0.333333333333333N4L25M100T100-9.mltl,0.0,7828,sat
/home/michele/mltlsat/Benchmarks/random/P0.333333333333333N4L30M100T100-10.mltl,0.0,7800.8,sat
/home/michele/mltlsat/Benchmarks/random/P0.333333333333333N4L30M100T100-1.mltl,0.01,12402.4,sat
/home/michele/mltlsat/Benchmarks/random/P0.333333333333333N4L30M100T100-2.mltl,0.0,7816,sat
/home/michele/mltlsat/Benchmarks/random/P0.333333333333333N4L30M100T100-3.mltl,0.0,7816.8,sat
/home/michele/mltlsat/Benchmarks/random/P0.333333333333333N4L30M100T100-4.mltl,0.084,12427.2,sat
/home/michele/mltlsat/Benchmarks/random/P0.333333333333333N4L30M100T100-5.mltl,0.0,7803.2,sat
/home/michele/mltlsat/Benchmarks/random/P0.333333333333333N4L30M100T100-6.mltl,0.0,9357.6,sat
/home/michele/mltlsat/Benchmarks/random/P0.333333333333333N4L30M100T100-7.mltl,0.0,7805.6,sat
/home/michele/mltlsat/Benchmarks/random/P0.333333333333333N4L30M100T100-8.mltl,0.0,7808,sat
/home/michele/mltlsat/Benchmarks/random/P0.333333333333333N4L30M100T100-9.mltl,0.0,7806.4,sat
/home/michele/mltlsat/Benchmarks/random/P0.333333333333333N4L35M100T100-10.mltl,0.0,7817.6,sat
/home/michele/mltlsat/Benchmarks/random/P0.333333333333333N4L35M100T100-1.mltl,0.0,7806.4,sat
/home/michele/mltlsat/Benchmarks/random/P0.333333333333333N4L35M100T100-2.mltl,0.0,7828,sat
/home/michele/mltlsat/Benchmarks/random/P0.333333333333333N4L35M100T100-3.mltl,0.0,7788,sat
/home/michele/mltlsat/Benchmarks/random/P0.333333333333333N4L35M100T100-4.mltl,0.0,9320,sat
/home/michele/mltlsat/Benchmarks/random/P0.333333333333333N4L35M100T100-5.mltl,0.0,7812.8,sat
/home/michele/mltlsat/Benchmarks/random/P0.333333333333333N4L35M100T100-6.mltl,0.0,7788.8,sat
/home/michele/mltlsat/Benchmarks/random/P0.333333333333333N4L35M100T100-7.mltl,0.0,7797.6,sat
/home/michele/mltlsat/Benchmarks/random/P0.333333333333333N4L35M100T100-8.mltl,0.0,7809.6,sat
/home/michele/mltlsat/Benchmarks/random/P0.333333333333333N4L35M100T100-9.mltl,0.0,7496.8,sat
/home/michele/mltlsat/Benchmarks/random/P0.333333333333333N4L40M100T100-10.mltl,0.0,7816.8,sat
/home/michele/mltlsat/Benchmarks/random/P0.333333333333333N4L40M100T100-1.mltl,0.0,9316.8,sat
/home/michele/mltlsat/Benchmarks/random/P0.333333333333333N4L40M100T100-2.mltl,0.0,7831.2,sat
/home/michele/mltlsat/Benchmarks/random/P0.333333333333333N4L40M100T100-3.mltl,0.0,7795.2,unsat
/home/michele/mltlsat/Benchmarks/random/P0.333333333333333N4L40M100T100-4.mltl,0.0,9340.8,sat
/home/michele/mltlsat/Benchmarks/random/P0.333333333333333N4L40M100T100-5.mltl,0.0,7815.2,sat
/home/michele/mltlsat/Benchmarks/random/P0.333333333333333N4L40M100T100-6.mltl,0.0,7803.2,sat
/home/michele/mltlsat/Benchmarks/random/P0.333333333333333N4L40M100T100-7.mltl,0.0,7793.6,sat
/home/michele/mltlsat/Benchmarks/random/P0.333333333333333N4L40M100T100-8.mltl,0.0,9344,sat
/home/michele/mltlsat/Benchmarks/random/P0.333333333333333N4L40M100T100-9.mltl,0.0,7788,sat
/home/michele/mltlsat/Benchmarks/random/P0.333333333333333N4L45M100T100-10.mltl,0.0,7814.4,sat
/home/michele/mltlsat/Benchmarks/random/P0.333333333333333N4L45M100T100-1.mltl,0.01,9334.4,sat
/home/michele/mltlsat/Benchmarks/random/P0.333333333333333N4L45M100T100-2.mltl,0.0,7809.6,unsat
/home/michele/mltlsat/Benchmarks/random/P0.333333333333333N4L45M100T100-3.mltl,0.0,7805.6,sat
/home/michele/mltlsat/Benchmarks/random/P0.333333333333333N4L45M100T100-4.mltl,0.0,7791.2,sat
/home/michele/mltlsat/Benchmarks/random/P0.333333333333333N4L45M100T100-5.mltl,0.0,7803.2,sat
/home/michele/mltlsat/Benchmarks/random/P0.333333333333333N4L45M100T100-6.mltl,0.0,7482.4,sat
/home/michele/mltlsat/Benchmarks/random/P0.333333333333333N4L45M100T100-7.mltl,0.0,7805.6,sat
/home/michele/mltlsat/Benchmarks/random/P0.333333333333333N4L45M100T100-8.mltl,0.0,9340.8,sat
/home/michele/mltlsat/Benchmarks/random/P0.333333333333333N4L45M100T100-9.mltl,0.018000000000000002,10875.2,sat
/home/michele/mltlsat/Benchmarks/random/P0.333333333333333N4L50M100T100-10.mltl,0.0,7816.8,unsat
/home/michele/mltlsat/Benchmarks/random/P0.333333333333333N4L50M100T100-1.mltl,0.0,7785.6,sat
/home/michele/mltlsat/Benchmarks/random/P0.333333333333333N4L50M100T100-2.mltl,-1,-1,TO
/home/michele/mltlsat/Benchmarks/random/P0.333333333333333N4L50M100T100-3.mltl,0.01,9348.8,sat
/home/michele/mltlsat/Benchmarks/random/P0.333333333333333N4L50M100T100-4.mltl,-1,-1,TO
/home/michele/mltlsat/Benchmarks/random/P0.333333333333333N4L50M100T100-5.mltl,0.0,7803.2,sat
/home/michele/mltlsat/Benchmarks/random/P0.333333333333333N4L50M100T100-6.mltl,0.0,7781.6,sat
/home/michele/mltlsat/Benchmarks/random/P0.333333333333333N4L50M100T100-7.mltl,0.05,29324.8,sat
/home/michele/mltlsat/Benchmarks/random/P0.333333333333333N4L50M100T100-8.mltl,0.0,7817.6,sat
/home/michele/mltlsat/Benchmarks/random/P0.333333333333333N4L50M100T100-9.mltl,0.0,7827.2,sat
/home/michele/mltlsat/Benchmarks/random/P0.333333333333333N4L55M100T100-10.mltl,0.01,9329.6,sat
/home/michele/mltlsat/Benchmarks/random/P0.333333333333333N4L55M100T100-1.mltl,0.0,7782.4,unsat
/home/michele/mltlsat/Benchmarks/random/P0.333333333333333N4L55M100T100-2.mltl,0.0,9331.2,sat
/home/michele/mltlsat/Benchmarks/random/P0.333333333333333N4L55M100T100-3.mltl,0.002,9324,sat
/home/michele/mltlsat/Benchmarks/random/P0.333333333333333N4L55M100T100-4.mltl,0.0,7800,unsat
/home/michele/mltlsat/Benchmarks/random/P0.333333333333333N4L55M100T100-5.mltl,0.08,12412,sat
/home/michele/mltlsat/Benchmarks/random/P0.333333333333333N4L55M100T100-6.mltl,0.0,9320.8,sat
/home/michele/mltlsat/Benchmarks/random/P0.333333333333333N4L55M100T100-7.mltl,0.0,9330.4,sat
/home/michele/mltlsat/Benchmarks/random/P0.333333333333333N4L55M100T100-8.mltl,0.0,7805.6,sat
/home/michele/mltlsat/Benchmarks/random/P0.333333333333333N4L55M100T100-9.mltl,0.0,7791.2,sat
/home/michele/mltlsat/Benchmarks/random/P0.333333333333333N4L5M100T100-10.mltl,0.0,9365.6,sat
/home/michele/mltlsat/Benchmarks/random/P0.333333333333333N4L5M100T100-1.mltl,0.0,7814.4,sat
/home/michele/mltlsat/Benchmarks/random/P0.333333333333333N4L5M100T100-2.mltl,0.0,7811.2,sat
/home/michele/mltlsat/Benchmarks/random/P0.333333333333333N4L5M100T100-3.mltl,0.0,7802.4,sat
/home/michele/mltlsat/Benchmarks/random/P0.333333333333333N4L5M100T100-4.mltl,0.0,7819.2,sat
/home/michele/mltlsat/Benchmarks/random/P0.333333333333333N4L5M100T100-5.mltl,0.0,7769.6,sat
/home/michele/mltlsat/Benchmarks/random/P0.333333333333333N4L5M100T100-6.mltl,0.0,7784,sat
/home/michele/mltlsat/Benchmarks/random/P0.333333333333333N4L5M100T100-7.mltl,0.0,7832.8,sat
/home/michele/mltlsat/Benchmarks/random/P0.333333333333333N4L5M100T100-8.mltl,0.0,7797.6,sat
/home/michele/mltlsat/Benchmarks/random/P0.333333333333333N4L5M100T100-9.mltl,0.0,7796.8,sat
/home/michele/mltlsat/Benchmarks/random/P0.333333333333333N4L60M100T100-10.mltl,0.226,15192.8,sat
/home/michele/mltlsat/Benchmarks/random/P0.333333333333333N4L60M100T100-1.mltl,0.0,7821.6,sat
/home/michele/mltlsat/Benchmarks/random/P0.333333333333333N4L60M100T100-2.mltl,5.314,13610.4,sat
/home/michele/mltlsat/Benchmarks/random/P0.333333333333333N4L60M100T100-3.mltl,0.0,7804.8,sat
/home/michele/mltlsat/Benchmarks/random/P0.333333333333333N4L60M100T100-4.mltl,0.0,7820.8,sat
/home/michele/mltlsat/Benchmarks/random/P0.333333333333333N4L60M100T100-5.mltl,0.152,18548,sat
/home/michele/mltlsat/Benchmarks/random/P0.333333333333333N4L60M100T100-6.mltl,0.0,7810.4,unsat
/home/michele/mltlsat/Benchmarks/random/P0.333333333333333N4L60M100T100-7.mltl,0.01,10864,sat
/home/michele/mltlsat/Benchmarks/random/P0.333333333333333N4L60M100T100-8.mltl,0.0,7778.4,sat
/home/michele/mltlsat/Benchmarks/random/P0.333333333333333N4L60M100T100-9.mltl,0.0,9360.8,sat
/home/michele/mltlsat/Benchmarks/random/P0.333333333333333N4L65M100T100-10.mltl,0.18,16699.2,sat
/home/michele/mltlsat/Benchmarks/random/P0.333333333333333N4L65M100T100-1.mltl,0.0,7791.2,sat
/home/michele/mltlsat/Benchmarks/random/P0.333333333333333N4L65M100T100-2.mltl,0.04,12099.2,sat
/home/michele/mltlsat/Benchmarks/random/P0.333333333333333N4L65M100T100-3.mltl,0.0,9322.4,sat
/home/michele/mltlsat/Benchmarks/random/P0.333333333333333N4L65M100T100-4.mltl,0.0,7786.4,sat
/home/michele/mltlsat/Benchmarks/random/P0.333333333333333N4L65M100T100-5.mltl,0.01,10861.6,sat
/home/michele/mltlsat/Benchmarks/random/P0.333333333333333N4L65M100T100-6.mltl,0.28,36998.4,sat
/home/michele/mltlsat/Benchmarks/random/P0.333333333333333N4L65M100T100-7.mltl,0.0,7814.4,sat
/home/michele/mltlsat/Benchmarks/random/P0.333333333333333N4L65M100T100-8.mltl,0.0,7792.8,sat
/home/michele/mltlsat/Benchmarks/random/P0.333333333333333N4L65M100T100-9.mltl,0.0,7783.2,sat
/home/michele/mltlsat/Benchmarks/random/P0.333333333333333N4L70M100T100-10.mltl,0.03,10862.4,sat
/home/michele/mltlsat/Benchmarks/random/P0.333333333333333N4L70M100T100-1.mltl,0.0,7804,sat
/home/michele/mltlsat/Benchmarks/random/P0.333333333333333N4L70M100T100-2.mltl,0.076,29289.6,sat
/home/michele/mltlsat/Benchmarks/random/P0.333333333333333N4L70M100T100-3.mltl,-1,-1,TO
/home/michele/mltlsat/Benchmarks/random/P0.333333333333333N4L70M100T100-4.mltl,0.01,10876.8,sat
/home/michele/mltlsat/Benchmarks/random/P0.333333333333333N4L70M100T100-5.mltl,0.0,7776.8,sat
/home/michele/mltlsat/Benchmarks/random/P0.333333333333333N4L70M100T100-6.mltl,0.0,7847.2,sat
/home/michele/mltlsat/Benchmarks/random/P0.333333333333333N4L70M100T100-7.mltl,0.0,7785.6,sat
/home/michele/mltlsat/Benchmarks/random/P0.333333333333333N4L70M100T100-8.mltl,4.878,61544.8,sat
/home/michele/mltlsat/Benchmarks/random/P0.333333333333333N4L70M100T100-9.mltl,0.0,7802.4,sat
/home/michele/mltlsat/Benchmarks/random/P0.333333333333333N4L75M100T100-10.mltl,0.0,7770.4,sat
/home/michele/mltlsat/Benchmarks/random/P0.333333333333333N4L75M100T100-1.mltl,0.0,9324.8,sat
/home/michele/mltlsat/Benchmarks/random/P0.333333333333333N4L75M100T100-2.mltl,0.0,7797.6,unsat
/home/michele/mltlsat/Benchmarks/random/P0.333333333333333N4L75M100T100-3.mltl,0.0,7808.8,sat
/home/michele/mltlsat/Benchmarks/random/P0.333333333333333N4L75M100T100-4.mltl,0.0,10893.6,sat
/home/michele/mltlsat/Benchmarks/random/P0.333333333333333N4L75M100T100-5.mltl,0.21,15160.8,sat
/home/michele/mltlsat/Benchmarks/random/P0.333333333333333N4L75M100T100-6.mltl,0.704,27802.4,sat
/home/michele/mltlsat/Benchmarks/random/P0.333333333333333N4L75M100T100-7.mltl,0.0,9349.6,sat
/home/michele/mltlsat/Benchmarks/random/P0.333333333333333N4L75M100T100-8.mltl,0.0,10858.4,sat
/home/michele/mltlsat/Benchmarks/random/P0.333333333333333N4L75M100T100-9.mltl,0.028,20086.4,sat
/home/michele/mltlsat/Benchmarks/random/P0.333333333333333N4L80M100T100-10.mltl,0.0,7804,unsat
/home/michele/mltlsat/Benchmarks/random/P0.333333333333333N4L80M100T100-1.mltl,0.0,7820,sat
/home/michele/mltlsat/Benchmarks/random/P0.333333333333333N4L80M100T100-2.mltl,0.0,7781.6,sat
/home/michele/mltlsat/Benchmarks/random/P0.333333333333333N4L80M100T100-3.mltl,0.0,7808.8,sat
/home/michele/mltlsat/Benchmarks/random/P0.333333333333333N4L80M100T100-4.mltl,-1,-1,TO
/home/michele/mltlsat/Benchmarks/random/P0.333333333333333N4L80M100T100-5.mltl,0.348,46200,sat
/home/michele/mltlsat/Benchmarks/random/P0.333333333333333N4L80M100T100-6.mltl,9.15,13632.8,sat
/home/michele/mltlsat/Benchmarks/random/P0.333333333333333N4L80M100T100-7.mltl,0.0,7797.6,unsat
/home/michele/mltlsat/Benchmarks/random/P0.333333333333333N4L80M100T100-8.mltl,0.0,9332.8,sat
/home/michele/mltlsat/Benchmarks/random/P0.333333333333333N4L80M100T100-9.mltl,0.05,12416,sat
/home/michele/mltlsat/Benchmarks/random/P0.333333333333333N4L85M100T100-10.mltl,0.0,7832,sat
/home/michele/mltlsat/Benchmarks/random/P0.333333333333333N4L85M100T100-1.mltl,0.0,7772,sat
/home/michele/mltlsat/Benchmarks/random/P0.333333333333333N4L85M100T100-2.mltl,0.0,9337.6,sat
/home/michele/mltlsat/Benchmarks/random/P0.333333333333333N4L85M100T100-3.mltl,0.0,9339.2,sat
/home/michele/mltlsat/Benchmarks/random/P0.333333333333333N4L85M100T100-4.mltl,1.556,170293.6,sat
/home/michele/mltlsat/Benchmarks/random/P0.333333333333333N4L85M100T100-5.mltl,0.0,7796,sat
/home/michele/mltlsat/Benchmarks/random/P0.333333333333333N4L85M100T100-6.mltl,0.0,7807.2,sat
/home/michele/mltlsat/Benchmarks/random/P0.333333333333333N4L85M100T100-7.mltl,0.0,7786.4,sat
/home/michele/mltlsat/Benchmarks/random/P0.333333333333333N4L85M100T100-8.mltl,0.268,24393.6,sat
/home/michele/mltlsat/Benchmarks/random/P0.333333333333333N4L85M100T100-9.mltl,0.01,9016.8,sat
/home/michele/mltlsat/Benchmarks/random/P0.333333333333333N4L90M100T100-10.mltl,0.0,9348.8,sat
/home/michele/mltlsat/Benchmarks/random/P0.333333333333333N4L90M100T100-1.mltl,0.0,7815.2,sat
/home/michele/mltlsat/Benchmarks/random/P0.333333333333333N4L90M100T100-2.mltl,0.0,7797.6,sat
/home/michele/mltlsat/Benchmarks/random/P0.333333333333333N4L90M100T100-3.mltl,0.0,9348.8,sat
/home/michele/mltlsat/Benchmarks/random/P0.333333333333333N4L90M100T100-4.mltl,0.0,9308,sat
/home/michele/mltlsat/Benchmarks/random/P0.333333333333333N4L90M100T100-5.mltl,0.14,26248.8,sat
/home/michele/mltlsat/Benchmarks/random/P0.333333333333333N4L90M100T100-6.mltl,0.28,32066.4,sat
/home/michele/mltlsat/Benchmarks/random/P0.333333333333333N4L90M100T100-7.mltl,0.0,7795.2,unsat
/home/michele/mltlsat/Benchmarks/random/P0.333333333333333N4L90M100T100-8.mltl,0.0,7800,sat
/home/michele/mltlsat/Benchmarks/random/P0.333333333333333N4L90M100T100-9.mltl,0.0,7780.8,sat
/home/michele/mltlsat/Benchmarks/random/P0.333333333333333N4L95M100T100-10.mltl,0.02,9348,sat
/home/michele/mltlsat/Benchmarks/random/P0.333333333333333N4L95M100T100-1.mltl,0.02,9335.2,sat
/home/michele/mltlsat/Benchmarks/random/P0.333333333333333N4L95M100T100-2.mltl,0.0,9340,sat
/home/michele/mltlsat/Benchmarks/random/P0.333333333333333N4L95M100T100-3.mltl,0.0,7794.4,sat
/home/michele/mltlsat/Benchmarks/random/P0.333333333333333N4L95M100T100-4.mltl,0.05,12431.2,sat
/home/michele/mltlsat/Benchmarks/random/P0.333333333333333N4L95M100T100-5.mltl,0.0,7770.4,sat
/home/michele/mltlsat/Benchmarks/random/P0.333333333333333N4L95M100T100-6.mltl,0.0,7806.4,sat
/home/michele/mltlsat/Benchmarks/random/P0.333333333333333N4L95M100T100-7.mltl,0.0,7793.6,unsat
/home/michele/mltlsat/Benchmarks/random/P0.333333333333333N4L95M100T100-8.mltl,0.0,7781.6,unsat
/home/michele/mltlsat/Benchmarks/random/P0.333333333333333N4L95M100T100-9.mltl,0.486,10900,sat
/home/michele/mltlsat/Benchmarks/random/P0.333333333333333N5L100M100T100-10.mltl,0.0,7485.6,sat
/home/michele/mltlsat/Benchmarks/random/P0.333333333333333N5L100M100T100-1.mltl,0.04,10882.4,sat
/home/michele/mltlsat/Benchmarks/random/P0.333333333333333N5L100M100T100-2.mltl,0.0,9318.4,sat
/home/michele/mltlsat/Benchmarks/random/P0.333333333333333N5L100M100T100-3.mltl,0.0,7803.2,sat
/home/michele/mltlsat/Benchmarks/random/P0.333333333333333N5L100M100T100-4.mltl,-1,-1,TO
/home/michele/mltlsat/Benchmarks/random/P0.333333333333333N5L100M100T100-5.mltl,0.0,9360,sat
/home/michele/mltlsat/Benchmarks/random/P0.333333333333333N5L100M100T100-6.mltl,0.36,44676.8,sat
/home/michele/mltlsat/Benchmarks/random/P0.333333333333333N5L100M100T100-7.mltl,3.268,109181.6,sat
/home/michele/mltlsat/Benchmarks/random/P0.333333333333333N5L100M100T100-8.mltl,0.0,7789.6,sat
/home/michele/mltlsat/Benchmarks/random/P0.333333333333333N5L100M100T100-9.mltl,0.0,7811.2,sat
/home/michele/mltlsat/Benchmarks/random/P0.333333333333333N5L10M100T100-10.mltl,0.0,7799.2,sat
/home/michele/mltlsat/Benchmarks/random/P0.333333333333333N5L10M100T100-1.mltl,0.0,7800,sat
/home/michele/mltlsat/Benchmarks/random/P0.333333333333333N5L10M100T100-2.mltl,0.0,7787.2,sat
/home/michele/mltlsat/Benchmarks/random/P0.333333333333333N5L10M100T100-3.mltl,0.0,7822.4,sat
/home/michele/mltlsat/Benchmarks/random/P0.333333333333333N5L10M100T100-4.mltl,0.0,7796.8,sat
/home/michele/mltlsat/Benchmarks/random/P0.333333333333333N5L10M100T100-5.mltl,0.0,7809.6,sat
/home/michele/mltlsat/Benchmarks/random/P0.333333333333333N5L10M100T100-6.mltl,0.0,7798.4,sat
/home/michele/mltlsat/Benchmarks/random/P0.333333333333333N5L10M100T100-7.mltl,0.0,7808,sat
/home/michele/mltlsat/Benchmarks/random/P0.333333333333333N5L10M100T100-8.mltl,0.0,7818.4,sat
/home/michele/mltlsat/Benchmarks/random/P0.333333333333333N5L10M100T100-9.mltl,0.0,7791.2,sat
/home/michele/mltlsat/Benchmarks/random/P0.333333333333333N5L15M100T100-10.mltl,0.0,7803.2,sat
/home/michele/mltlsat/Benchmarks/random/P0.333333333333333N5L15M100T100-1.mltl,0.0,7800,sat
/home/michele/mltlsat/Benchmarks/random/P0.333333333333333N5L15M100T100-2.mltl,0.0,7815.2,sat
/home/michele/mltlsat/Benchmarks/random/P0.333333333333333N5L15M100T100-3.mltl,0.0,7812.8,sat
/home/michele/mltlsat/Benchmarks/random/P0.333333333333333N5L15M100T100-4.mltl,0.0,7789.6,sat
/home/michele/mltlsat/Benchmarks/random/P0.333333333333333N5L15M100T100-5.mltl,0.0,7800.8,unsat
/home/michele/mltlsat/Benchmarks/random/P0.333333333333333N5L15M100T100-6.mltl,0.0,9335.2,sat
/home/michele/mltlsat/Benchmarks/random/P0.333333333333333N5L15M100T100-7.mltl,0.0,7776,sat
/home/michele/mltlsat/Benchmarks/random/P0.333333333333333N5L15M100T100-8.mltl,0.0,7812.8,sat
/home/michele/mltlsat/Benchmarks/random/P0.333333333333333N5L15M100T100-9.mltl,0.0,7807.2,sat
/home/michele/mltlsat/Benchmarks/random/P0.333333333333333N5L20M100T100-10.mltl,0.03,10863.2,sat
/home/michele/mltlsat/Benchmarks/random/P0.333333333333333N5L20M100T100-1.mltl,0.0,9338.4,sat
/home/michele/mltlsat/Benchmarks/random/P0.333333333333333N5L20M100T100-2.mltl,0.002,7807.2,sat
/home/michele/mltlsat/Benchmarks/random/P0.333333333333333N5L20M100T100-3.mltl,0.0,9343.2,sat
/home/michele/mltlsat/Benchmarks/random/P0.333333333333333N5L20M100T100-4.mltl,-1,-1,TO
/home/michele/mltlsat/Benchmarks/random/P0.333333333333333N5L20M100T100-5.mltl,0.0,7765.6,sat
/home/michele/mltlsat/Benchmarks/random/P0.333333333333333N5L20M100T100-6.mltl,0.0,7804.8,sat
/home/michele/mltlsat/Benchmarks/random/P0.333333333333333N5L20M100T100-7.mltl,0.0,7785.6,sat
/home/michele/mltlsat/Benchmarks/random/P0.333333333333333N5L20M100T100-8.mltl,0.0,7779.2,sat
/home/michele/mltlsat/Benchmarks/random/P0.333333333333333N5L20M100T100-9.mltl,0.0,9330.4,sat
/home/michele/mltlsat/Benchmarks/random/P0.333333333333333N5L25M100T100-10.mltl,0.0,7780,sat
/home/michele/mltlsat/Benchmarks/random/P0.333333333333333N5L25M100T100-1.mltl,0.0,7833.6,sat
/home/michele/mltlsat/Benchmarks/random/P0.333333333333333N5L25M100T100-2.mltl,0.0,9332,sat
/home/michele/mltlsat/Benchmarks/random/P0.333333333333333N5L25M100T100-3.mltl,0.0,9341.6,sat
/home/michele/mltlsat/Benchmarks/random/P0.333333333333333N5L25M100T100-4.mltl,0.0,9355.2,sat
/home/michele/mltlsat/Benchmarks/random/P0.333333333333333N5L25M100T100-5.mltl,0.0,7819.2,sat
/home/michele/mltlsat/Benchmarks/random/P0.333333333333333N5L25M100T100-6.mltl,0.0,7804.8,sat
/home/michele/mltlsat/Benchmarks/random/P0.333333333333333N5L25M100T100-7.mltl,0.0,7826.4,sat
/home/michele/mltlsat/Benchmarks/random/P0.333333333333333N5L25M100T100-8.mltl,0.0,9332,sat
/home/michele/mltlsat/Benchmarks/random/P0.333333333333333N5L25M100T100-9.mltl,0.0,7792.8,sat
/home/michele/mltlsat/Benchmarks/random/P0.333333333333333N5L30M100T100-10.mltl,0.0,7788,sat
/home/michele/mltlsat/Benchmarks/random/P0.333333333333333N5L30M100T100-1.mltl,0.0,9337.6,sat
/home/michele/mltlsat/Benchmarks/random/P0.333333333333333N5L30M100T100-2.mltl,0.0,7838.4,sat
/home/michele/mltlsat/Benchmarks/random/P0.333333333333333N5L30M100T100-3.mltl,0.0,7813.6,sat
/home/michele/mltlsat/Benchmarks/random/P0.333333333333333N5L30M100T100-4.mltl,0.0,7760,sat
/home/michele/mltlsat/Benchmarks/random/P0.333333333333333N5L30M100T100-5.mltl,0.0,7804.8,sat
/home/michele/mltlsat/Benchmarks/random/P0.333333333333333N5L30M100T100-6.mltl,0.01,9332,sat
/home/michele/mltlsat/Benchmarks/random/P0.333333333333333N5L30M100T100-7.mltl,0.0,7811.2,sat
/home/michele/mltlsat/Benchmarks/random/P0.333333333333333N5L30M100T100-8.mltl,0.0,7798.4,sat
/home/michele/mltlsat/Benchmarks/random/P0.333333333333333N5L30M100T100-9.mltl,0.0,7815.2,sat
/home/michele/mltlsat/Benchmarks/random/P0.333333333333333N5L35M100T100-10.mltl,0.0,7784.8,sat
/home/michele/mltlsat/Benchmarks/random/P0.333333333333333N5L35M100T100-1.mltl,0.01,9335.2,sat
/home/michele/mltlsat/Benchmarks/random/P0.333333333333333N5L35M100T100-2.mltl,0.0,7788,sat
/home/michele/mltlsat/Benchmarks/random/P0.333333333333333N5L35M100T100-3.mltl,0.0,7779.2,sat
/home/michele/mltlsat/Benchmarks/random/P0.333333333333333N5L35M100T100-4.mltl,0.0,9358.4,sat
/home/michele/mltlsat/Benchmarks/random/P0.333333333333333N5L35M100T100-5.mltl,0.0,7812,sat
/home/michele/mltlsat/Benchmarks/random/P0.333333333333333N5L35M100T100-6.mltl,0.0,9011.2,sat
/home/michele/mltlsat/Benchmarks/random/P0.333333333333333N5L35M100T100-7.mltl,0.0,9332,sat
/home/michele/mltlsat/Benchmarks/random/P0.333333333333333N5L35M100T100-8.mltl,0.0,7784,sat
/home/michele/mltlsat/Benchmarks/random/P0.333333333333333N5L35M100T100-9.mltl,0.0,9337.6,sat
/home/michele/mltlsat/Benchmarks/random/P0.333333333333333N5L40M100T100-10.mltl,0.0,7790.4,unsat
/home/michele/mltlsat/Benchmarks/random/P0.333333333333333N5L40M100T100-1.mltl,0.0,7770.4,sat
/home/michele/mltlsat/Benchmarks/random/P0.333333333333333N5L40M100T100-2.mltl,0.0,9336.8,sat
/home/michele/mltlsat/Benchmarks/random/P0.333333333333333N5L40M100T100-3.mltl,-1,-1,TO
/home/michele/mltlsat/Benchmarks/random/P0.333333333333333N5L40M100T100-4.mltl,0.0,9352.8,sat
/home/michele/mltlsat/Benchmarks/random/P0.333333333333333N5L40M100T100-5.mltl,0.0,7766.4,unsat
/home/michele/mltlsat/Benchmarks/random/P0.333333333333333N5L40M100T100-6.mltl,0.0,7820.8,sat
/home/michele/mltlsat/Benchmarks/random/P0.333333333333333N5L40M100T100-7.mltl,0.05,9332.8,sat
/home/michele/mltlsat/Benchmarks/random/P0.333333333333333N5L40M100T100-8.mltl,0.0,7805.6,sat
/home/michele/mltlsat/Benchmarks/random/P0.333333333333333N5L40M100T100-9.mltl,0.02,9332,sat
/home/michele/mltlsat/Benchmarks/random/P0.333333333333333N5L45M100T100-10.mltl,0.0,7807.2,sat
/home/michele/mltlsat/Benchmarks/random/P0.333333333333333N5L45M100T100-1.mltl,0.0,7808,sat
/home/michele/mltlsat/Benchmarks/random/P0.333333333333333N5L45M100T100-2.mltl,0.0,7763.2,sat
/home/michele/mltlsat/Benchmarks/random/P0.333333333333333N5L45M100T100-3.mltl,0.01,10892,sat
/home/michele/mltlsat/Benchmarks/random/P0.333333333333333N5L45M100T100-4.mltl,0.0,7778.4,sat
/home/michele/mltlsat/Benchmarks/random/P0.333333333333333N5L45M100T100-5.mltl,0.0,9332,sat
/home/michele/mltlsat/Benchmarks/random/P0.333333333333333N5L45M100T100-6.mltl,0.0,7806.4,unsat
/home/michele/mltlsat/Benchmarks/random/P0.333333333333333N5L45M100T100-7.mltl,0.0,7808,sat
/home/michele/mltlsat/Benchmarks/random/P0.333333333333333N5L45M100T100-8.mltl,0.0,7774.4,sat
/home/michele/mltlsat/Benchmarks/random/P0.333333333333333N5L45M100T100-9.mltl,0.0,7795.2,sat
/home/michele/mltlsat/Benchmarks/random/P0.333333333333333N5L50M100T100-10.mltl,0.0,7792.8,sat
/home/michele/mltlsat/Benchmarks/random/P0.333333333333333N5L50M100T100-1.mltl,0.0,9348.8,sat
/home/michele/mltlsat/Benchmarks/random/P0.333333333333333N5L50M100T100-2.mltl,0.01,9325.6,sat
/home/michele/mltlsat/Benchmarks/random/P0.333333333333333N5L50M100T100-3.mltl,0.0,9330.4,sat
/home/michele/mltlsat/Benchmarks/random/P0.333333333333333N5L50M100T100-4.mltl,0.0,7788,sat
/home/michele/mltlsat/Benchmarks/random/P0.333333333333333N5L50M100T100-5.mltl,0.0,7826.4,sat
/home/michele/mltlsat/Benchmarks/random/P0.333333333333333N5L50M100T100-6.mltl,0.01,9348,sat
/home/michele/mltlsat/Benchmarks/random/P0.333333333333333N5L50M100T100-7.mltl,0.0,7782.4,unsat
/home/michele/mltlsat/Benchmarks/random/P0.333333333333333N5L50M100T100-8.mltl,0.0,9341.6,sat
/home/michele/mltlsat/Benchmarks/random/P0.333333333333333N5L50M100T100-9.mltl,0.0,7788,sat
/home/michele/mltlsat/Benchmarks/random/P0.333333333333333N5L55M100T100-10.mltl,0.58,46203.2,sat
/home/michele/mltlsat/Benchmarks/random/P0.333333333333333N5L55M100T100-1.mltl,0.832,340796,sat
/home/michele/mltlsat/Benchmarks/random/P0.333333333333333N5L55M100T100-2.mltl,0.0,7821.6,sat
/home/michele/mltlsat/Benchmarks/random/P0.333333333333333N5L55M100T100-3.mltl,0.0,7800,sat
/home/michele/mltlsat/Benchmarks/random/P0.333333333333333N5L55M100T100-4.mltl,0.0,7803.2,sat
/home/michele/mltlsat/Benchmarks/random/P0.333333333333333N5L55M100T100-5.mltl,0.01,12408.8,sat
/home/michele/mltlsat/Benchmarks/random/P0.333333333333333N5L55M100T100-6.mltl,0.01,9320.8,sat
/home/michele/mltlsat/Benchmarks/random/P0.333333333333333N5L55M100T100-7.mltl,0.0,7788.8,sat
/home/michele/mltlsat/Benchmarks/random/P0.333333333333333N5L55M100T100-8.mltl,0.01,9334.4,sat
/home/michele/mltlsat/Benchmarks/random/P0.333333333333333N5L55M100T100-9.mltl,0.0,7800.8,sat
/home/michele/mltlsat/Benchmarks/random/P0.333333333333333N5L5M100T100-10.mltl,0.0,7800,sat
/home/michele/mltlsat/Benchmarks/random/P0.333333333333333N5L5M100T100-1.mltl,0.0,7796,sat
/home/michele/mltlsat/Benchmarks/random/P0.333333333333333N5L5M100T100-2.mltl,0.0,7789.6,sat
/home/michele/mltlsat/Benchmarks/random/P0.333333333333333N5L5M100T100-3.mltl,0.0,7481.6,sat
/home/michele/mltlsat/Benchmarks/random/P0.333333333333333N5L5M100T100-4.mltl,0.0,7810.4,sat
/home/michele/mltlsat/Benchmarks/random/P0.333333333333333N5L5M100T100-5.mltl,0.0,7802.4,sat
/home/michele/mltlsat/Benchmarks/random/P0.333333333333333N5L5M100T100-6.mltl,0.0,7777.6,sat
/home/michele/mltlsat/Benchmarks/random/P0.333333333333333N5L5M100T100-7.mltl,0.0,7828.8,sat
/home/michele/mltlsat/Benchmarks/random/P0.333333333333333N5L5M100T100-8.mltl,0.0,7801.6,sat
/home/michele/mltlsat/Benchmarks/random/P0.333333333333333N5L5M100T100-9.mltl,0.0,7777.6,sat
/home/michele/mltlsat/Benchmarks/random/P0.333333333333333N5L60M100T100-10.mltl,0.0,9327.2,sat
/home/michele/mltlsat/Benchmarks/random/P0.333333333333333N5L60M100T100-1.mltl,0.0,9331.2,sat
/home/michele/mltlsat/Benchmarks/random/P0.333333333333333N5L60M100T100-2.mltl,0.0,7828.8,sat
/home/michele/mltlsat/Benchmarks/random/P0.333333333333333N5L60M100T100-3.mltl,0.054,15465.6,sat
/home/michele/mltlsat/Benchmarks/random/P0.333333333333333N5L60M100T100-4.mltl,0.0,9317.6,sat
/home/michele/mltlsat/Benchmarks/random/P0.333333333333333N5L60M100T100-5.mltl,0.01,9332,sat
/home/michele/mltlsat/Benchmarks/random/P0.333333333333333N5L60M100T100-6.mltl,0.0,9317.6,sat
/home/michele/mltlsat/Benchmarks/random/P0.333333333333333N5L60M100T100-7.mltl,-1,-1,TO
/home/michele/mltlsat/Benchmarks/random/P0.333333333333333N5L60M100T100-8.mltl,0.0,7772,sat
/home/michele/mltlsat/Benchmarks/random/P0.333333333333333N5L60M100T100-9.mltl,0.0,7794.4,sat
/home/michele/mltlsat/Benchmarks/random/P0.333333333333333N5L65M100T100-10.mltl,0.71,9345.6,sat
/home/michele/mltlsat/Benchmarks/random/P0.333333333333333N5L65M100T100-1.mltl,0.242,9329.6,sat
/home/michele/mltlsat/Benchmarks/random/P0.333333333333333N5L65M100T100-2.mltl,0.0,7821.6,sat
/home/michele/mltlsat/Benchmarks/random/P0.333333333333333N5L65M100T100-3.mltl,0.0,7782.4,sat
/home/michele/mltlsat/Benchmarks/random/P0.333333333333333N5L65M100T100-4.mltl,0.03,10864,sat
/home/michele/mltlsat/Benchmarks/random/P0.333333333333333N5L65M100T100-5.mltl,0.0,7793.6,sat
/home/michele/mltlsat/Benchmarks/random/P0.333333333333333N5L65M100T100-6.mltl,0.0,7805.6,unsat
/home/michele/mltlsat/Benchmarks/random/P0.333333333333333N5L65M100T100-7.mltl,0.0,9332.8,sat
/home/michele/mltlsat/Benchmarks/random/P0.333333333333333N5L65M100T100-8.mltl,0.0,7824.8,sat
/home/michele/mltlsat/Benchmarks/random/P0.333333333333333N5L65M100T100-9.mltl,0.01,13934.4,sat
/home/michele/mltlsat/Benchmarks/random/P0.333333333333333N5L70M100T100-10.mltl,0.0,9337.6,sat
/home/michele/mltlsat/Benchmarks/random/P0.333333333333333N5L70M100T100-1.mltl,0.0,9354.4,sat
/home/michele/mltlsat/Benchmarks/random/P0.333333333333333N5L70M100T100-2.mltl,1.774,14857.6,sat
/home/michele/mltlsat/Benchmarks/random/P0.333333333333333N5L70M100T100-3.mltl,0.0,7492,sat
/home/michele/mltlsat/Benchmarks/random/P0.333333333333333N5L70M100T100-4.mltl,0.0,7808,sat
/home/michele/mltlsat/Benchmarks/random/P0.333333333333333N5L70M100T100-5.mltl,0.01,9329.6,sat
/home/michele/mltlsat/Benchmarks/random/P0.333333333333333N5L70M100T100-6.mltl,0.0,7825.6,sat
/home/michele/mltlsat/Benchmarks/random/P0.333333333333333N5L70M100T100-7.mltl,0.0,7790.4,sat
/home/michele/mltlsat/Benchmarks/random/P0.333333333333333N5L70M100T100-8.mltl,0.0,7799.2,sat
/home/michele/mltlsat/Benchmarks/random/P0.333333333333333N5L70M100T100-9.mltl,0.05,10852.8,sat
/home/michele/mltlsat/Benchmarks/random/P0.333333333333333N5L75M100T100-10.mltl,0.0,7811.2,unsat
/home/michele/mltlsat/Benchmarks/random/P0.333333333333333N5L75M100T100-1.mltl,0.01,9344,sat
/home/michele/mltlsat/Benchmarks/random/P0.333333333333333N5L75M100T100-2.mltl,0.0,7807.2,sat
/home/michele/mltlsat/Benchmarks/random/P0.333333333333333N5L75M100T100-3.mltl,0.0,7775.2,sat
/home/michele/mltlsat/Benchmarks/random/P0.333333333333333N5L75M100T100-4.mltl,0.222,26261.6,sat
/home/michele/mltlsat/Benchmarks/random/P0.333333333333333N5L75M100T100-5.mltl,0.0,7792,sat
/home/michele/mltlsat/Benchmarks/random/P0.333333333333333N5L75M100T100-6.mltl,0.03,9352,sat
/home/michele/mltlsat/Benchmarks/random/P0.333333333333333N5L75M100T100-7.mltl,0.0,9328,sat
/home/michele/mltlsat/Benchmarks/random/P0.333333333333333N5L75M100T100-8.mltl,0.02,10891.2,sat
/home/michele/mltlsat/Benchmarks/random/P0.333333333333333N5L75M100T100-9.mltl,0.13,32371.2,sat
/home/michele/mltlsat/Benchmarks/random/P0.333333333333333N5L80M100T100-10.mltl,0.01,9354.4,sat
/home/michele/mltlsat/Benchmarks/random/P0.333333333333333N5L80M100T100-1.mltl,0.0,9320.8,sat
/home/michele/mltlsat/Benchmarks/random/P0.333333333333333N5L80M100T100-2.mltl,0.01,9336,sat
/home/michele/mltlsat/Benchmarks/random/P0.333333333333333N5L80M100T100-3.mltl,0.0,7783.2,sat
/home/michele/mltlsat/Benchmarks/random/P0.333333333333333N5L80M100T100-4.mltl,0.0,7800.8,sat
/home/michele/mltlsat/Benchmarks/random/P0.333333333333333N5L80M100T100-5.mltl,0.082,18548.8,sat
/home/michele/mltlsat/Benchmarks/random/P0.333333333333333N5L80M100T100-6.mltl,0.0,9337.6,sat
/home/michele/mltlsat/Benchmarks/random/P0.333333333333333N5L80M100T100-7.mltl,-1,-1,TO
/home/michele/mltlsat/Benchmarks/random/P0.333333333333333N5L80M100T100-8.mltl,0.0,7796,sat
/home/michele/mltlsat/Benchmarks/random/P0.333333333333333N5L80M100T100-9.mltl,0.0,7805.6,sat
/home/michele/mltlsat/Benchmarks/random/P0.333333333333333N5L85M100T100-10.mltl,0.158,16376.8,sat
/home/michele/mltlsat/Benchmarks/random/P0.333333333333333N5L85M100T100-1.mltl,0.03,12416,sat
/home/michele/mltlsat/Benchmarks/random/P0.333333333333333N5L85M100T100-2.mltl,-1,-1,TO
/home/michele/mltlsat/Benchmarks/random/P0.333333333333333N5L85M100T100-3.mltl,0.0,7793.6,sat
/home/michele/mltlsat/Benchmarks/random/P0.333333333333333N5L85M100T100-4.mltl,0.0,7804,sat
/home/michele/mltlsat/Benchmarks/random/P0.333333333333333N5L85M100T100-5.mltl,0.0,7781.6,sat
/home/michele/mltlsat/Benchmarks/random/P0.333333333333333N5L85M100T100-6.mltl,0.0,7784,unsat
/home/michele/mltlsat/Benchmarks/random/P0.333333333333333N5L85M100T100-7.mltl,0.032,10285.6,sat
/home/michele/mltlsat/Benchmarks/random/P0.333333333333333N5L85M100T100-8.mltl,0.0,7819.2,sat
/home/michele/mltlsat/Benchmarks/random/P0.333333333333333N5L85M100T100-9.mltl,0.0,9335.2,sat
/home/michele/mltlsat/Benchmarks/random/P0.333333333333333N5L90M100T100-10.mltl,0.0,9368,sat
/home/michele/mltlsat/Benchmarks/random/P0.333333333333333N5L90M100T100-1.mltl,0.01,9332,sat
/home/michele/mltlsat/Benchmarks/random/P0.333333333333333N5L90M100T100-2.mltl,0.0,7777.6,sat
/home/michele/mltlsat/Benchmarks/random/P0.333333333333333N5L90M100T100-3.mltl,0.0,7816,sat
/home/michele/mltlsat/Benchmarks/random/P0.333333333333333N5L90M100T100-4.mltl,0.0,9347.2,sat
/home/michele/mltlsat/Benchmarks/random/P0.333333333333333N5L90M100T100-5.mltl,6.668,329729.6,sat
/home/michele/mltlsat/Benchmarks/random/P0.333333333333333N5L90M100T100-6.mltl,0.0,7816.8,sat
/home/michele/mltlsat/Benchmarks/random/P0.333333333333333N5L90M100T100-7.mltl,0.002,10891.2,sat
/home/michele/mltlsat/Benchmarks/random/P0.333333333333333N5L90M100T100-8.mltl,0.0,10868.8,sat
/home/michele/mltlsat/Benchmarks/random/P0.333333333333333N5L90M100T100-9.mltl,0.0,7790.4,sat
/home/michele/mltlsat/Benchmarks/random/P0.333333333333333N5L95M100T100-10.mltl,0.02,9020,sat
/home/michele/mltlsat/Benchmarks/random/P0.333333333333333N5L95M100T100-1.mltl,0.0,9319.2,sat
/home/michele/mltlsat/Benchmarks/random/P0.333333333333333N5L95M100T100-2.mltl,0.0,7804.8,sat
/home/michele/mltlsat/Benchmarks/random/P0.333333333333333N5L95M100T100-3.mltl,0.0,7822.4,sat
/home/michele/mltlsat/Benchmarks/random/P0.333333333333333N5L95M100T100-4.mltl,0.03,23156,sat
/home/michele/mltlsat/Benchmarks/random/P0.333333333333333N5L95M100T100-5.mltl,0.0,9315.2,sat
/home/michele/mltlsat/Benchmarks/random/P0.333333333333333N5L95M100T100-6.mltl,0.0,7804,sat
/home/michele/mltlsat/Benchmarks/random/P0.333333333333333N5L95M100T100-7.mltl,0.04,13952,sat
/home/michele/mltlsat/Benchmarks/random/P0.333333333333333N5L95M100T100-8.mltl,0.0,9328.8,sat
/home/michele/mltlsat/Benchmarks/random/P0.333333333333333N5L95M100T100-9.mltl,0.0,7780,sat
/home/michele/mltlsat/Benchmarks/random/P0.5N1L100M100T100-10.mltl,0.0,9342.4,sat
/home/michele/mltlsat/Benchmarks/random/P0.5N1L100M100T100-1.mltl,0.0,7789.6,sat
/home/michele/mltlsat/Benchmarks/random/P0.5N1L100M100T100-2.mltl,0.0,10876,sat
/home/michele/mltlsat/Benchmarks/random/P0.5N1L100M100T100-3.mltl,0.07400000000000001,13649.6,sat
/home/michele/mltlsat/Benchmarks/random/P0.5N1L100M100T100-4.mltl,0.052000000000000005,12092,sat
/home/michele/mltlsat/Benchmarks/random/P0.5N1L100M100T100-5.mltl,0.0,9352,sat
/home/michele/mltlsat/Benchmarks/random/P0.5N1L100M100T100-6.mltl,0.002,7799.2,sat
/home/michele/mltlsat/Benchmarks/random/P0.5N1L100M100T100-7.mltl,0.006,7785.6,sat
/home/michele/mltlsat/Benchmarks/random/P0.5N1L100M100T100-8.mltl,0.0,7796,sat
/home/michele/mltlsat/Benchmarks/random/P0.5N1L100M100T100-9.mltl,6.588,124520.8,sat
/home/michele/mltlsat/Benchmarks/random/P0.5N1L10M100T100-10.mltl,0.0,7792.8,sat
/home/michele/mltlsat/Benchmarks/random/P0.5N1L10M100T100-1.mltl,0.0,7797.6,sat
/home/michele/mltlsat/Benchmarks/random/P0.5N1L10M100T100-2.mltl,0.0,7792,sat
/home/michele/mltlsat/Benchmarks/random/P0.5N1L10M100T100-3.mltl,0.0,7794.4,sat
/home/michele/mltlsat/Benchmarks/random/P0.5N1L10M100T100-4.mltl,0.01,9368.8,sat
/home/michele/mltlsat/Benchmarks/random/P0.5N1L10M100T100-5.mltl,0.0,9336.8,sat
/home/michele/mltlsat/Benchmarks/random/P0.5N1L10M100T100-6.mltl,0.0,7808.8,unsat
/home/michele/mltlsat/Benchmarks/random/P0.5N1L10M100T100-7.mltl,0.0,7797.6,sat
/home/michele/mltlsat/Benchmarks/random/P0.5N1L10M100T100-8.mltl,0.0,7800,unsat
/home/michele/mltlsat/Benchmarks/random/P0.5N1L10M100T100-9.mltl,0.0,7806.4,sat
/home/michele/mltlsat/Benchmarks/random/P0.5N1L15M100T100-10.mltl,0.01,9319.2,sat
/home/michele/mltlsat/Benchmarks/random/P0.5N1L15M100T100-1.mltl,0.0,7780.8,sat
/home/michele/mltlsat/Benchmarks/random/P0.5N1L15M100T100-2.mltl,0.0,7780,sat
/home/michele/mltlsat/Benchmarks/random/P0.5N1L15M100T100-3.mltl,0.0,7794.4,sat
/home/michele/mltlsat/Benchmarks/random/P0.5N1L15M100T100-4.mltl,0.0,7806.4,sat
/home/michele/mltlsat/Benchmarks/random/P0.5N1L15M100T100-5.mltl,0.012,10869.6,sat
/home/michele/mltlsat/Benchmarks/random/P0.5N1L15M100T100-6.mltl,0.0,7792.8,sat
/home/michele/mltlsat/Benchmarks/random/P0.5N1L15M100T100-7.mltl,0.0,7833.6,sat
/home/michele/mltlsat/Benchmarks/random/P0.5N1L15M100T100-8.mltl,0.0,7782.4,unsat
/home/michele/mltlsat/Benchmarks/random/P0.5N1L15M100T100-9.mltl,0.0,7842.4,sat
/home/michele/mltlsat/Benchmarks/random/P0.5N1L20M100T100-10.mltl,0.0,7815.2,sat
/home/michele/mltlsat/Benchmarks/random/P0.5N1L20M100T100-1.mltl,0.0,7821.6,sat
/home/michele/mltlsat/Benchmarks/random/P0.5N1L20M100T100-2.mltl,0.0,7785.6,sat
/home/michele/mltlsat/Benchmarks/random/P0.5N1L20M100T100-3.mltl,5.7620000000000005,32359.2,sat
/home/michele/mltlsat/Benchmarks/random/P0.5N1L20M100T100-4.mltl,0.0,7793.6,sat
/home/michele/mltlsat/Benchmarks/random/P0.5N1L20M100T100-5.mltl,0.0,10880,sat
/home/michele/mltlsat/Benchmarks/random/P0.5N1L20M100T100-6.mltl,0.0,7800.8,sat
/home/michele/mltlsat/Benchmarks/random/P0.5N1L20M100T100-7.mltl,0.01,9323.2,sat
/home/michele/mltlsat/Benchmarks/random/P0.5N1L20M100T100-8.mltl,0.0,7807.2,sat
/home/michele/mltlsat/Benchmarks/random/P0.5N1L20M100T100-9.mltl,0.0,7802.4,sat
/home/michele/mltlsat/Benchmarks/random/P0.5N1L25M100T100-10.mltl,0.0,10885.6,sat
/home/michele/mltlsat/Benchmarks/random/P0.5N1L25M100T100-1.mltl,0.0,7831.2,sat
/home/michele/mltlsat/Benchmarks/random/P0.5N1L25M100T100-2.mltl,0.01,7765.6,sat
/home/michele/mltlsat/Benchmarks/random/P0.5N1L25M100T100-3.mltl,0.0,7799.2,sat
/home/michele/mltlsat/Benchmarks/random/P0.5N1L25M100T100-4.mltl,0.0,9328.8,unsat
/home/michele/mltlsat/Benchmarks/random/P0.5N1L25M100T100-5.mltl,0.0,7804,sat
/home/michele/mltlsat/Benchmarks/random/P0.5N1L25M100T100-6.mltl,0.0,9360.8,sat
/home/michele/mltlsat/Benchmarks/random/P0.5N1L25M100T100-7.mltl,0.1,12404,sat
/home/michele/mltlsat/Benchmarks/random/P0.5N1L25M100T100-8.mltl,0.0,9335.2,sat
/home/michele/mltlsat/Benchmarks/random/P0.5N1L25M100T100-9.mltl,0.0,7801.6,unsat
/home/michele/mltlsat/Benchmarks/random/P0.5N1L30M100T100-10.mltl,0.0,7780,unsat
/home/michele/mltlsat/Benchmarks/random/P0.5N1L30M100T100-1.mltl,0.01,9352.8,sat
/home/michele/mltlsat/Benchmarks/random/P0.5N1L30M100T100-2.mltl,0.08,12378.4,sat
/home/michele/mltlsat/Benchmarks/random/P0.5N1L30M100T100-3.mltl,0.0,7775.2,sat
/home/michele/mltlsat/Benchmarks/random/P0.5N1L30M100T100-4.mltl,0.02,10866.4,sat
/home/michele/mltlsat/Benchmarks/random/P0.5N1L30M100T100-5.mltl,0.0,9350.4,unsat
/home/michele/mltlsat/Benchmarks/random/P0.5N1L30M100T100-6.mltl,0.0,7803.2,sat
/home/michele/mltlsat/Benchmarks/random/P0.5N1L30M100T100-7.mltl,0.01,9347.2,sat
/home/michele/mltlsat/Benchmarks/random/P0.5N1L30M100T100-8.mltl,0.03,12417.6,sat
/home/michele/mltlsat/Benchmarks/random/P0.5N1L30M100T100-9.mltl,0.0,9331.2,sat
/home/michele/mltlsat/Benchmarks/random/P0.5N1L35M100T100-10.mltl,0.0,9340.8,sat
/home/michele/mltlsat/Benchmarks/random/P0.5N1L35M100T100-1.mltl,0.0,9353.6,sat
/home/michele/mltlsat/Benchmarks/random/P0.5N1L35M100T100-2.mltl,0.0,7817.6,sat
/home/michele/mltlsat/Benchmarks/random/P0.5N1L35M100T100-3.mltl,0.0,9332,sat
/home/michele/mltlsat/Benchmarks/random/P0.5N1L35M100T100-4.mltl,0.0,7794.4,sat
/home/michele/mltlsat/Benchmarks/random/P0.5N1L35M100T100-5.mltl,0.0,7823.2,sat
/home/michele/mltlsat/Benchmarks/random/P0.5N1L35M100T100-6.mltl,0.0,10560.8,sat
/home/michele/mltlsat/Benchmarks/random/P0.5N1L35M100T100-7.mltl,0.02,10868.8,sat
/home/michele/mltlsat/Benchmarks/random/P0.5N1L35M100T100-8.mltl,0.01,10868,sat
/home/michele/mltlsat/Benchmarks/random/P0.5N1L35M100T100-9.mltl,0.0,7795.2,sat
/home/michele/mltlsat/Benchmarks/random/P0.5N1L40M100T100-10.mltl,0.0,9341.6,sat
/home/michele/mltlsat/Benchmarks/random/P0.5N1L40M100T100-1.mltl,0.0,9326.4,sat
/home/michele/mltlsat/Benchmarks/random/P0.5N1L40M100T100-2.mltl,0.0,7812.8,sat
/home/michele/mltlsat/Benchmarks/random/P0.5N1L40M100T100-3.mltl,0.0,9327.2,sat
/home/michele/mltlsat/Benchmarks/random/P0.5N1L40M100T100-4.mltl,0.02,12389.6,sat
/home/michele/mltlsat/Benchmarks/random/P0.5N1L40M100T100-5.mltl,0.0,9321.6,sat
/home/michele/mltlsat/Benchmarks/random/P0.5N1L40M100T100-6.mltl,0.0,7783.2,sat
/home/michele/mltlsat/Benchmarks/random/P0.5N1L40M100T100-7.mltl,0.0,7781.6,sat
/home/michele/mltlsat/Benchmarks/random/P0.5N1L40M100T100-8.mltl,0.0,7777.6,sat
/home/michele/mltlsat/Benchmarks/random/P0.5N1L40M100T100-9.mltl,0.0,7806.4,unsat
/home/michele/mltlsat/Benchmarks/random/P0.5N1L45M100T100-10.mltl,0.0,7832.8,unsat
/home/michele/mltlsat/Benchmarks/random/P0.5N1L45M100T100-1.mltl,0.0,9360,sat
/home/michele/mltlsat/Benchmarks/random/P0.5N1L45M100T100-2.mltl,0.0,7823.2,sat
/home/michele/mltlsat/Benchmarks/random/P0.5N1L45M100T100-3.mltl,0.0,9343.2,sat
/home/michele/mltlsat/Benchmarks/random/P0.5N1L45M100T100-4.mltl,0.0,7808,sat
/home/michele/mltlsat/Benchmarks/random/P0.5N1L45M100T100-5.mltl,0.004,9294.4,sat
/home/michele/mltlsat/Benchmarks/random/P0.5N1L45M100T100-6.mltl,0.0,9364.8,sat
/home/michele/mltlsat/Benchmarks/random/P0.5N1L45M100T100-7.mltl,0.082,13938.4,sat
/home/michele/mltlsat/Benchmarks/random/P0.5N1L45M100T100-8.mltl,0.0,7792,unsat
/home/michele/mltlsat/Benchmarks/random/P0.5N1L45M100T100-9.mltl,0.0,7829.6,sat
/home/michele/mltlsat/Benchmarks/random/P0.5N1L50M100T100-10.mltl,0.0,7802.4,sat
/home/michele/mltlsat/Benchmarks/random/P0.5N1L50M100T100-1.mltl,0.0,9336.8,sat
/home/michele/mltlsat/Benchmarks/random/P0.5N1L50M100T100-2.mltl,0.0,7808,unsat
/home/michele/mltlsat/Benchmarks/random/P0.5N1L50M100T100-3.mltl,0.0,7825.6,sat
/home/michele/mltlsat/Benchmarks/random/P0.5N1L50M100T100-4.mltl,0.03,9345.6,unsat
/home/michele/mltlsat/Benchmarks/random/P0.5N1L50M100T100-5.mltl,0.0,7784,sat
/home/michele/mltlsat/Benchmarks/random/P0.5N1L50M100T100-6.mltl,0.0,7782.4,sat
/home/michele/mltlsat/Benchmarks/random/P0.5N1L50M100T100-7.mltl,0.11,10859.2,sat
/home/michele/mltlsat/Benchmarks/random/P0.5N1L50M100T100-8.mltl,8.354,144202.4,sat
/home/michele/mltlsat/Benchmarks/random/P0.5N1L50M100T100-9.mltl,0.0,7812,sat
/home/michele/mltlsat/Benchmarks/random/P0.5N1L55M100T100-10.mltl,0.0,9350.4,sat
/home/michele/mltlsat/Benchmarks/random/P0.5N1L55M100T100-1.mltl,0.022,10876.8,sat
/home/michele/mltlsat/Benchmarks/random/P0.5N1L55M100T100-2.mltl,0.05,10873.6,sat
/home/michele/mltlsat/Benchmarks/random/P0.5N1L55M100T100-3.mltl,0.0,7784,sat
/home/michele/mltlsat/Benchmarks/random/P0.5N1L55M100T100-4.mltl,0.0,9362.4,sat
/home/michele/mltlsat/Benchmarks/random/P0.5N1L55M100T100-5.mltl,0.0,7787.2,sat
/home/michele/mltlsat/Benchmarks/random/P0.5N1L55M100T100-6.mltl,0.01,12394.4,sat
/home/michele/mltlsat/Benchmarks/random/P0.5N1L55M100T100-7.mltl,0.0,7808,sat
/home/michele/mltlsat/Benchmarks/random/P0.5N1L55M100T100-8.mltl,0.0,7797.6,sat
/home/michele/mltlsat/Benchmarks/random/P0.5N1L55M100T100-9.mltl,0.0,7784,sat
/home/michele/mltlsat/Benchmarks/random/P0.5N1L5M100T100-10.mltl,0.0,7796,sat
/home/michele/mltlsat/Benchmarks/random/P0.5N1L5M100T100-1.mltl,0.0,7791.2,sat
/home/michele/mltlsat/Benchmarks/random/P0.5N1L5M100T100-2.mltl,0.0,7799.2,sat
/home/michele/mltlsat/Benchmarks/random/P0.5N1L5M100T100-3.mltl,0.0,7788.8,sat
/home/michele/mltlsat/Benchmarks/random/P0.5N1L5M100T100-4.mltl,0.0,7801.6,sat
/home/michele/mltlsat/Benchmarks/random/P0.5N1L5M100T100-5.mltl,0.0,7784.8,sat
/home/michele/mltlsat/Benchmarks/random/P0.5N1L5M100T100-6.mltl,0.0,7809.6,sat
/home/michele/mltlsat/Benchmarks/random/P0.5N1L5M100T100-7.mltl,0.0,7808,sat
/home/michele/mltlsat/Benchmarks/random/P0.5N1L5M100T100-8.mltl,0.0,9372.8,sat
/home/michele/mltlsat/Benchmarks/random/P0.5N1L5M100T100-9.mltl,0.0,7775.2,sat
/home/michele/mltlsat/Benchmarks/random/P0.5N1L60M100T100-10.mltl,0.07,13944.8,sat
/home/michele/mltlsat/Benchmarks/random/P0.5N1L60M100T100-1.mltl,0.0,7792,sat
/home/michele/mltlsat/Benchmarks/random/P0.5N1L60M100T100-2.mltl,0.0,7782.4,sat
/home/michele/mltlsat/Benchmarks/random/P0.5N1L60M100T100-3.mltl,0.0,9340,sat
/home/michele/mltlsat/Benchmarks/random/P0.5N1L60M100T100-4.mltl,0.0,9334.4,sat
/home/michele/mltlsat/Benchmarks/random/P0.5N1L60M100T100-5.mltl,0.0,10848,sat
/home/michele/mltlsat/Benchmarks/random/P0.5N1L60M100T100-6.mltl,0.15,15490.4,sat
/home/michele/mltlsat/Benchmarks/random/P0.5N1L60M100T100-7.mltl,0.0,7780.8,sat
/home/michele/mltlsat/Benchmarks/random/P0.5N1L60M100T100-8.mltl,0.0,7792.8,unsat
/home/michele/mltlsat/Benchmarks/random/P0.5N1L60M100T100-9.mltl,0.0,7791.2,sat
/home/michele/mltlsat/Benchmarks/random/P0.5N1L65M100T100-10.mltl,0.01,9311.2,sat
/home/michele/mltlsat/Benchmarks/random/P0.5N1L65M100T100-1.mltl,0.0,7802.4,sat
/home/michele/mltlsat/Benchmarks/random/P0.5N1L65M100T100-2.mltl,0.01,9061.6,sat
/home/michele/mltlsat/Benchmarks/random/P0.5N1L65M100T100-3.mltl,0.0,9349.6,sat
/home/michele/mltlsat/Benchmarks/random/P0.5N1L65M100T100-4.mltl,0.04,9342.4,sat
/home/michele/mltlsat/Benchmarks/random/P0.5N1L65M100T100-5.mltl,0.0,9325.6,sat
/home/michele/mltlsat/Benchmarks/random/P0.5N1L65M100T100-6.mltl,0.0,7797.6,unsat
/home/michele/mltlsat/Benchmarks/random/P0.5N1L65M100T100-7.mltl,0.0,9327.2,sat
/home/michele/mltlsat/Benchmarks/random/P0.5N1L65M100T100-8.mltl,0.01,10868,sat
/home/michele/mltlsat/Benchmarks/random/P0.5N1L65M100T100-9.mltl,0.0,7808,unsat
/home/michele/mltlsat/Benchmarks/random/P0.5N1L70M100T100-10.mltl,0.0,7797.6,sat
/home/michele/mltlsat/Benchmarks/random/P0.5N1L70M100T100-1.mltl,0.0,7808.8,unsat
/home/michele/mltlsat/Benchmarks/random/P0.5N1L70M100T100-2.mltl,0.0,7786.4,unsat
/home/michele/mltlsat/Benchmarks/random/P0.5N1L70M100T100-3.mltl,0.02,13640.8,sat
/home/michele/mltlsat/Benchmarks/random/P0.5N1L70M100T100-4.mltl,0.0,9349.6,sat
/home/michele/mltlsat/Benchmarks/random/P0.5N1L70M100T100-5.mltl,-1,-1,TO
/home/michele/mltlsat/Benchmarks/random/P0.5N1L70M100T100-6.mltl,0.0,7816.8,sat
/home/michele/mltlsat/Benchmarks/random/P0.5N1L70M100T100-7.mltl,0.05,10846.4,sat
/home/michele/mltlsat/Benchmarks/random/P0.5N1L70M100T100-8.mltl,2.314,13937.6,sat
/home/michele/mltlsat/Benchmarks/random/P0.5N1L70M100T100-9.mltl,0.0,7792,sat
/home/michele/mltlsat/Benchmarks/random/P0.5N1L75M100T100-10.mltl,0.0,9319.2,sat
/home/michele/mltlsat/Benchmarks/random/P0.5N1L75M100T100-1.mltl,0.29,67700.8,sat
/home/michele/mltlsat/Benchmarks/random/P0.5N1L75M100T100-2.mltl,0.0,7800.8,unsat
/home/michele/mltlsat/Benchmarks/random/P0.5N1L75M100T100-3.mltl,0.08,12430.4,sat
/home/michele/mltlsat/Benchmarks/random/P0.5N1L75M100T100-4.mltl,-1,-1,TO
/home/michele/mltlsat/Benchmarks/random/P0.5N1L75M100T100-5.mltl,0.04,10848.8,sat
/home/michele/mltlsat/Benchmarks/random/P0.5N1L75M100T100-6.mltl,0.0,9354.4,sat
/home/michele/mltlsat/Benchmarks/random/P0.5N1L75M100T100-7.mltl,-1,-1,TO
/home/michele/mltlsat/Benchmarks/random/P0.5N1L75M100T100-8.mltl,-1,-1,TO
/home/michele/mltlsat/Benchmarks/random/P0.5N1L75M100T100-9.mltl,0.792,291966.4,sat
/home/michele/mltlsat/Benchmarks/random/P0.5N1L80M100T100-10.mltl,0.0,9328,sat
/home/michele/mltlsat/Benchmarks/random/P0.5N1L80M100T100-1.mltl,0.0,9327.2,sat
/home/michele/mltlsat/Benchmarks/random/P0.5N1L80M100T100-2.mltl,0.49,20096,sat
/home/michele/mltlsat/Benchmarks/random/P0.5N1L80M100T100-3.mltl,5.32,34832,sat
/home/michele/mltlsat/Benchmarks/random/P0.5N1L80M100T100-4.mltl,0.0,7799.2,sat
/home/michele/mltlsat/Benchmarks/random/P0.5N1L80M100T100-5.mltl,0.0,10862.4,sat
/home/michele/mltlsat/Benchmarks/random/P0.5N1L80M100T100-6.mltl,0.0,7823.2,sat
/home/michele/mltlsat/Benchmarks/random/P0.5N1L80M100T100-7.mltl,0.014,10876,sat
/home/michele/mltlsat/Benchmarks/random/P0.5N1L80M100T100-8.mltl,0.0,7792.8,sat
/home/michele/mltlsat/Benchmarks/random/P0.5N1L80M100T100-9.mltl,0.0,7805.6,sat
/home/michele/mltlsat/Benchmarks/random/P0.5N1L85M100T100-10.mltl,0.0,9344.8,sat
/home/michele/mltlsat/Benchmarks/random/P0.5N1L85M100T100-1.mltl,0.0,7803.2,sat
/home/michele/mltlsat/Benchmarks/random/P0.5N1L85M100T100-2.mltl,0.004,10924.8,sat
/home/michele/mltlsat/Benchmarks/random/P0.5N1L85M100T100-3.mltl,0.0,7770.4,sat
/home/michele/mltlsat/Benchmarks/random/P0.5N1L85M100T100-4.mltl,0.0,10858.4,sat
/home/michele/mltlsat/Benchmarks/random/P0.5N1L85M100T100-5.mltl,0.0,7807.2,sat
/home/michele/mltlsat/Benchmarks/random/P0.5N1L85M100T100-6.mltl,0.02,10836,sat
/home/michele/mltlsat/Benchmarks/random/P0.5N1L85M100T100-7.mltl,0.006,12422.4,sat
/home/michele/mltlsat/Benchmarks/random/P0.5N1L85M100T100-8.mltl,0.01,9333.6,sat
/home/michele/mltlsat/Benchmarks/random/P0.5N1L85M100T100-9.mltl,0.0,7801.6,unsat
/home/michele/mltlsat/Benchmarks/random/P0.5N1L90M100T100-10.mltl,0.0,7824.8,unsat
/home/michele/mltlsat/Benchmarks/random/P0.5N1L90M100T100-1.mltl,-1,-1,TO
/home/michele/mltlsat/Benchmarks/random/P0.5N1L90M100T100-2.mltl,0.0,7785.6,sat
/home/michele/mltlsat/Benchmarks/random/P0.5N1L90M100T100-3.mltl,0.0,9332,sat
/home/michele/mltlsat/Benchmarks/random/P0.5N1L90M100T100-4.mltl,-1,-1,TO
/home/michele/mltlsat/Benchmarks/random/P0.5N1L90M100T100-5.mltl,28.136,17019.2,unsat
/home/michele/mltlsat/Benchmarks/random/P0.5N1L90M100T100-6.mltl,0.0,7797.6,sat
/home/michele/mltlsat/Benchmarks/random/P0.5N1L90M100T100-7.mltl,0.0,9332.8,sat
/home/michele/mltlsat/Benchmarks/random/P0.5N1L90M100T100-8.mltl,0.0,7778.4,sat
/home/michele/mltlsat/Benchmarks/random/P0.5N1L90M100T100-9.mltl,0.0,7782.4,sat
/home/michele/mltlsat/Benchmarks/random/P0.5N1L95M100T100-10.mltl,0.02,9312,sat
/home/michele/mltlsat/Benchmarks/random/P0.5N1L95M100T100-1.mltl,0.0,9323.2,sat
/home/michele/mltlsat/Benchmarks/random/P0.5N1L95M100T100-2.mltl,0.04,9326.4,unsat
/home/michele/mltlsat/Benchmarks/random/P0.5N1L95M100T100-3.mltl,0.0,7773.6,sat
/home/michele/mltlsat/Benchmarks/random/P0.5N1L95M100T100-4.mltl,0.03,15471.2,sat
/home/michele/mltlsat/Benchmarks/random/P0.5N1L95M100T100-5.mltl,0.03,12400.8,sat
/home/michele/mltlsat/Benchmarks/random/P0.5N1L95M100T100-6.mltl,-1,-1,TO
/home/michele/mltlsat/Benchmarks/random/P0.5N1L95M100T100-7.mltl,0.0,9357.6,sat
/home/michele/mltlsat/Benchmarks/random/P0.5N1L95M100T100-8.mltl,0.02,9311.2,sat
/home/michele/mltlsat/Benchmarks/random/P0.5N1L95M100T100-9.mltl,0.002,9338.4,sat
/home/michele/mltlsat/Benchmarks/random/P0.5N2L100M100T100-10.mltl,0.0,9317.6,sat
/home/michele/mltlsat/Benchmarks/random/P0.5N2L100M100T100-1.mltl,0.0,7809.6,sat
/home/michele/mltlsat/Benchmarks/random/P0.5N2L100M100T100-2.mltl,0.01,10876,sat
/home/michele/mltlsat/Benchmarks/random/P0.5N2L100M100T100-3.mltl,-1,-1,TO
/home/michele/mltlsat/Benchmarks/random/P0.5N2L100M100T100-4.mltl,-1,-1,TO
/home/michele/mltlsat/Benchmarks/random/P0.5N2L100M100T100-5.mltl,0.0,9329.6,sat
/home/michele/mltlsat/Benchmarks/random/P0.5N2L100M100T100-6.mltl,-1,-1,TO
/home/michele/mltlsat/Benchmarks/random/P0.5N2L100M100T100-7.mltl,0.0,7825.6,sat
/home/michele/mltlsat/Benchmarks/random/P0.5N2L100M100T100-8.mltl,3.572,12404.8,sat
/home/michele/mltlsat/Benchmarks/random/P0.5N2L100M100T100-9.mltl,-1,-1,TO
/home/michele/mltlsat/Benchmarks/random/P0.5N2L10M100T100-10.mltl,0.0,9334.4,sat
/home/michele/mltlsat/Benchmarks/random/P0.5N2L10M100T100-1.mltl,0.0,7783.2,sat
/home/michele/mltlsat/Benchmarks/random/P0.5N2L10M100T100-2.mltl,0.0,7792.8,sat
/home/michele/mltlsat/Benchmarks/random/P0.5N2L10M100T100-3.mltl,0.0,7798.4,sat
/home/michele/mltlsat/Benchmarks/random/P0.5N2L10M100T100-4.mltl,0.0,7805.6,sat
/home/michele/mltlsat/Benchmarks/random/P0.5N2L10M100T100-5.mltl,0.0,7804,sat
/home/michele/mltlsat/Benchmarks/random/P0.5N2L10M100T100-6.mltl,0.0,7828.8,sat
/home/michele/mltlsat/Benchmarks/random/P0.5N2L10M100T100-7.mltl,0.0,7808.8,sat
/home/michele/mltlsat/Benchmarks/random/P0.5N2L10M100T100-8.mltl,0.0,7823.2,sat
/home/michele/mltlsat/Benchmarks/random/P0.5N2L10M100T100-9.mltl,0.0,7795.2,sat
/home/michele/mltlsat/Benchmarks/random/P0.5N2L15M100T100-10.mltl,0.0,7794.4,sat
/home/michele/mltlsat/Benchmarks/random/P0.5N2L15M100T100-1.mltl,0.02,10890.4,sat
/home/michele/mltlsat/Benchmarks/random/P0.5N2L15M100T100-2.mltl,0.0,7802.4,sat
/home/michele/mltlsat/Benchmarks/random/P0.5N2L15M100T100-3.mltl,0.0,9323.2,sat
/home/michele/mltlsat/Benchmarks/random/P0.5N2L15M100T100-4.mltl,0.0,9324.8,sat
/home/michele/mltlsat/Benchmarks/random/P0.5N2L15M100T100-5.mltl,0.01,10898.4,sat
/home/michele/mltlsat/Benchmarks/random/P0.5N2L15M100T100-6.mltl,0.0,7795.2,sat
/home/michele/mltlsat/Benchmarks/random/P0.5N2L15M100T100-7.mltl,0.0,7795.2,sat
/home/michele/mltlsat/Benchmarks/random/P0.5N2L15M100T100-8.mltl,0.0,7803.2,sat
/home/michele/mltlsat/Benchmarks/random/P0.5N2L15M100T100-9.mltl,0.01,9320,sat
/home/michele/mltlsat/Benchmarks/random/P0.5N2L20M100T100-10.mltl,0.0,9339.2,sat
/home/michele/mltlsat/Benchmarks/random/P0.5N2L20M100T100-1.mltl,0.0,7773.6,sat
/home/michele/mltlsat/Benchmarks/random/P0.5N2L20M100T100-2.mltl,0.0,7792,sat
/home/michele/mltlsat/Benchmarks/random/P0.5N2L20M100T100-3.mltl,0.0,7805.6,sat
/home/michele/mltlsat/Benchmarks/random/P0.5N2L20M100T100-4.mltl,0.0,7818.4,sat
/home/michele/mltlsat/Benchmarks/random/P0.5N2L20M100T100-5.mltl,0.0,7783.2,sat
/home/michele/mltlsat/Benchmarks/random/P0.5N2L20M100T100-6.mltl,0.0,9352.8,sat
/home/michele/mltlsat/Benchmarks/random/P0.5N2L20M100T100-7.mltl,0.01,9325.6,sat
/home/michele/mltlsat/Benchmarks/random/P0.5N2L20M100T100-8.mltl,0.01,9328,sat
/home/michele/mltlsat/Benchmarks/random/P0.5N2L20M100T100-9.mltl,0.0,7801.6,sat
/home/michele/mltlsat/Benchmarks/random/P0.5N2L25M100T100-10.mltl,0.0,7789.6,unsat
/home/michele/mltlsat/Benchmarks/random/P0.5N2L25M100T100-1.mltl,0.01,9027.2,sat
/home/michele/mltlsat/Benchmarks/random/P0.5N2L25M100T100-2.mltl,0.02,9328,sat
/home/michele/mltlsat/Benchmarks/random/P0.5N2L25M100T100-3.mltl,0.0,9324,sat
/home/michele/mltlsat/Benchmarks/random/P0.5N2L25M100T100-4.mltl,0.0,10871.2,sat
/home/michele/mltlsat/Benchmarks/random/P0.5N2L25M100T100-5.mltl,0.0,7816.8,sat
/home/michele/mltlsat/Benchmarks/random/P0.5N2L25M100T100-6.mltl,0.0,7785.6,unsat
/home/michele/mltlsat/Benchmarks/random/P0.5N2L25M100T100-7.mltl,0.0,9360.8,sat
/home/michele/mltlsat/Benchmarks/random/P0.5N2L25M100T100-8.mltl,0.0,9354.4,sat
/home/michele/mltlsat/Benchmarks/random/P0.5N2L25M100T100-9.mltl,0.0,9335.2,sat
/home/michele/mltlsat/Benchmarks/random/P0.5N2L30M100T100-10.mltl,0.0,7800,sat
/home/michele/mltlsat/Benchmarks/random/P0.5N2L30M100T100-1.mltl,0.0,7800,sat
/home/michele/mltlsat/Benchmarks/random/P0.5N2L30M100T100-2.mltl,0.04,12395.2,sat
/home/michele/mltlsat/Benchmarks/random/P0.5N2L30M100T100-3.mltl,0.01,9349.6,sat
/home/michele/mltlsat/Benchmarks/random/P0.5N2L30M100T100-4.mltl,8.442,29313.6,sat
/home/michele/mltlsat/Benchmarks/random/P0.5N2L30M100T100-5.mltl,-1,-1,TO
/home/michele/mltlsat/Benchmarks/random/P0.5N2L30M100T100-6.mltl,0.0,9328,sat
/home/michele/mltlsat/Benchmarks/random/P0.5N2L30M100T100-7.mltl,0.0,7792.8,sat
/home/michele/mltlsat/Benchmarks/random/P0.5N2L30M100T100-8.mltl,0.0,9363.2,sat
/home/michele/mltlsat/Benchmarks/random/P0.5N2L30M100T100-9.mltl,0.0,7788.8,sat
/home/michele/mltlsat/Benchmarks/random/P0.5N2L35M100T100-10.mltl,0.0,7796,sat
/home/michele/mltlsat/Benchmarks/random/P0.5N2L35M100T100-1.mltl,0.328,23165.6,sat
/home/michele/mltlsat/Benchmarks/random/P0.5N2L35M100T100-2.mltl,0.024,9330.4,sat
/home/michele/mltlsat/Benchmarks/random/P0.5N2L35M100T100-3.mltl,0.0,7785.6,sat
/home/michele/mltlsat/Benchmarks/random/P0.5N2L35M100T100-4.mltl,0.002,9312.8,sat
/home/michele/mltlsat/Benchmarks/random/P0.5N2L35M100T100-5.mltl,0.0,9361.6,sat
/home/michele/mltlsat/Benchmarks/random/P0.5N2L35M100T100-6.mltl,0.0,7800.8,sat
/home/michele/mltlsat/Benchmarks/random/P0.5N2L35M100T100-7.mltl,0.0,7802.4,sat
/home/michele/mltlsat/Benchmarks/random/P0.5N2L35M100T100-8.mltl,0.0,9360.8,sat
/home/michele/mltlsat/Benchmarks/random/P0.5N2L35M100T100-9.mltl,0.0,10852,sat
/home/michele/mltlsat/Benchmarks/random/P0.5N2L40M100T100-10.mltl,0.0,9327.2,sat
/home/michele/mltlsat/Benchmarks/random/P0.5N2L40M100T100-1.mltl,0.03,10860,sat
/home/michele/mltlsat/Benchmarks/random/P0.5N2L40M100T100-2.mltl,0.01,9331.2,sat
/home/michele/mltlsat/Benchmarks/random/P0.5N2L40M100T100-3.mltl,0.0,7778.4,sat
/home/michele/mltlsat/Benchmarks/random/P0.5N2L40M100T100-4.mltl,-1,-1,TO
/home/michele/mltlsat/Benchmarks/random/P0.5N2L40M100T100-5.mltl,0.0,7806.4,sat
/home/michele/mltlsat/Benchmarks/random/P0.5N2L40M100T100-6.mltl,0.05,16999.2,sat
/home/michele/mltlsat/Benchmarks/random/P0.5N2L40M100T100-7.mltl,0.01,10898.4,sat
/home/michele/mltlsat/Benchmarks/random/P0.5N2L40M100T100-8.mltl,0.0,7487.2,sat
/home/michele/mltlsat/Benchmarks/random/P0.5N2L40M100T100-9.mltl,0.828,21609.6,sat
/home/michele/mltlsat/Benchmarks/random/P0.5N2L45M100T100-10.mltl,0.11,10864,sat
/home/michele/mltlsat/Benchmarks/random/P0.5N2L45M100T100-1.mltl,-1,-1,TO
/home/michele/mltlsat/Benchmarks/random/P0.5N2L45M100T100-2.mltl,0.0,10866.4,sat
/home/michele/mltlsat/Benchmarks/random/P0.5N2L45M100T100-3.mltl,0.0,9334.4,sat
/home/michele/mltlsat/Benchmarks/random/P0.5N2L45M100T100-4.mltl,0.0,7807.2,sat
/home/michele/mltlsat/Benchmarks/random/P0.5N2L45M100T100-5.mltl,0.0,7792.8,sat
/home/michele/mltlsat/Benchmarks/random/P0.5N2L45M100T100-6.mltl,0.0,9024,sat
/home/michele/mltlsat/Benchmarks/random/P0.5N2L45M100T100-7.mltl,0.0,7818.4,sat
/home/michele/mltlsat/Benchmarks/random/P0.5N2L45M100T100-8.mltl,0.0,9324,sat
/home/michele/mltlsat/Benchmarks/random/P0.5N2L45M100T100-9.mltl,0.0,9337.6,sat
/home/michele/mltlsat/Benchmarks/random/P0.5N2L50M100T100-10.mltl,0.0,7819.2,sat
/home/michele/mltlsat/Benchmarks/random/P0.5N2L50M100T100-1.mltl,0.0,7788.8,sat
/home/michele/mltlsat/Benchmarks/random/P0.5N2L50M100T100-2.mltl,0.0,9328,sat
/home/michele/mltlsat/Benchmarks/random/P0.5N2L50M100T100-3.mltl,0.034,13637.6,sat
/home/michele/mltlsat/Benchmarks/random/P0.5N2L50M100T100-4.mltl,0.01,9324.8,sat
/home/michele/mltlsat/Benchmarks/random/P0.5N2L50M100T100-5.mltl,0.0,7812,sat
/home/michele/mltlsat/Benchmarks/random/P0.5N2L50M100T100-6.mltl,0.0,9328,sat
/home/michele/mltlsat/Benchmarks/random/P0.5N2L50M100T100-7.mltl,-1,-1,TO
/home/michele/mltlsat/Benchmarks/random/P0.5N2L50M100T100-8.mltl,0.0,7824,sat
/home/michele/mltlsat/Benchmarks/random/P0.5N2L50M100T100-9.mltl,0.0,10857.6,sat
/home/michele/mltlsat/Benchmarks/random/P0.5N2L55M100T100-10.mltl,-1,-1,TO
/home/michele/mltlsat/Benchmarks/random/P0.5N2L55M100T100-1.mltl,0.0,7783.2,unsat
/home/michele/mltlsat/Benchmarks/random/P0.5N2L55M100T100-2.mltl,0.0,7774.4,sat
/home/michele/mltlsat/Benchmarks/random/P0.5N2L55M100T100-3.mltl,0.242,23158.4,sat
/home/michele/mltlsat/Benchmarks/random/P0.5N2L55M100T100-4.mltl,0.0,7781.6,sat
/home/michele/mltlsat/Benchmarks/random/P0.5N2L55M100T100-5.mltl,0.0,7794.4,sat
/home/michele/mltlsat/Benchmarks/random/P0.5N2L55M100T100-6.mltl,20.502,4570354.4,sat
/home/michele/mltlsat/Benchmarks/random/P0.5N2L55M100T100-7.mltl,0.0,7800.8,sat
/home/michele/mltlsat/Benchmarks/random/P0.5N2L55M100T100-8.mltl,0.0,9324,sat
/home/michele/mltlsat/Benchmarks/random/P0.5N2L55M100T100-9.mltl,0.01,9341.6,sat
/home/michele/mltlsat/Benchmarks/random/P0.5N2L5M100T100-10.mltl,0.0,7795.2,sat
/home/michele/mltlsat/Benchmarks/random/P0.5N2L5M100T100-1.mltl,0.0,9329.6,sat
/home/michele/mltlsat/Benchmarks/random/P0.5N2L5M100T100-2.mltl,0.0,7806.4,sat
/home/michele/mltlsat/Benchmarks/random/P0.5N2L5M100T100-3.mltl,0.0,7756.8,sat
/home/michele/mltlsat/Benchmarks/random/P0.5N2L5M100T100-4.mltl,0.0,7801.6,sat
/home/michele/mltlsat/Benchmarks/random/P0.5N2L5M100T100-5.mltl,0.0,7798.4,sat
/home/michele/mltlsat/Benchmarks/random/P0.5N2L5M100T100-6.mltl,0.0,7804,unsat
/home/michele/mltlsat/Benchmarks/random/P0.5N2L5M100T100-7.mltl,0.0,7778.4,sat
/home/michele/mltlsat/Benchmarks/random/P0.5N2L5M100T100-8.mltl,0.0,7800,sat
/home/michele/mltlsat/Benchmarks/random/P0.5N2L5M100T100-9.mltl,0.0,7782.4,sat
/home/michele/mltlsat/Benchmarks/random/P0.5N2L60M100T100-10.mltl,0.04,10584,sat
/home/michele/mltlsat/Benchmarks/random/P0.5N2L60M100T100-1.mltl,0.01,10849.6,sat
/home/michele/mltlsat/Benchmarks/random/P0.5N2L60M100T100-2.mltl,0.0,7776,sat
/home/michele/mltlsat/Benchmarks/random/P0.5N2L60M100T100-3.mltl,0.02,9332.8,sat
/home/michele/mltlsat/Benchmarks/random/P0.5N2L60M100T100-4.mltl,0.02,12104,sat
/home/michele/mltlsat/Benchmarks/random/P0.5N2L60M100T100-5.mltl,0.01,9029.6,sat
/home/michele/mltlsat/Benchmarks/random/P0.5N2L60M100T100-6.mltl,0.0,9313.6,sat
/home/michele/mltlsat/Benchmarks/random/P0.5N2L60M100T100-7.mltl,0.02,10890.4,sat
/home/michele/mltlsat/Benchmarks/random/P0.5N2L60M100T100-8.mltl,-1,-1,TO
/home/michele/mltlsat/Benchmarks/random/P0.5N2L60M100T100-9.mltl,0.01,13948,sat
/home/michele/mltlsat/Benchmarks/random/P0.5N2L65M100T100-10.mltl,0.0,7786.4,unsat
/home/michele/mltlsat/Benchmarks/random/P0.5N2L65M100T100-1.mltl,0.01,10899.2,sat
/home/michele/mltlsat/Benchmarks/random/P0.5N2L65M100T100-2.mltl,0.0,7773.6,sat
/home/michele/mltlsat/Benchmarks/random/P0.5N2L65M100T100-3.mltl,0.0,9319.2,sat
/home/michele/mltlsat/Benchmarks/random/P0.5N2L65M100T100-4.mltl,0.0,9343.2,sat
/home/michele/mltlsat/Benchmarks/random/P0.5N2L65M100T100-5.mltl,0.0,9324,sat
/home/michele/mltlsat/Benchmarks/random/P0.5N2L65M100T100-6.mltl,0.03,12092,sat
/home/michele/mltlsat/Benchmarks/random/P0.5N2L65M100T100-7.mltl,0.0,9349.6,sat
/home/michele/mltlsat/Benchmarks/random/P0.5N2L65M100T100-8.mltl,0.0,7790.4,sat
/home/michele/mltlsat/Benchmarks/random/P0.5N2L65M100T100-9.mltl,0.0,7828.8,sat
/home/michele/mltlsat/Benchmarks/random/P0.5N2L70M100T100-10.mltl,0.0,9354.4,sat
/home/michele/mltlsat/Benchmarks/random/P0.5N2L70M100T100-1.mltl,-1,-1,TO
/home/michele/mltlsat/Benchmarks/random/P0.5N2L70M100T100-2.mltl,0.67,29302.4,sat
/home/michele/mltlsat/Benchmarks/random/P0.5N2L70M100T100-3.mltl,14.798,18225.6,sat
/home/michele/mltlsat/Benchmarks/random/P0.5N2L70M100T100-4.mltl,-1,-1,TO
/home/michele/mltlsat/Benchmarks/random/P0.5N2L70M100T100-5.mltl,0.0,7801.6,sat
/home/michele/mltlsat/Benchmarks/random/P0.5N2L70M100T100-6.mltl,0.0,9317.6,sat
/home/michele/mltlsat/Benchmarks/random/P0.5N2L70M100T100-7.mltl,-1,-1,OOM
/home/michele/mltlsat/Benchmarks/random/P0.5N2L70M100T100-8.mltl,0.0,7792,sat
/home/michele/mltlsat/Benchmarks/random/P0.5N2L70M100T100-9.mltl,-1,-1,TO
/home/michele/mltlsat/Benchmarks/random/P0.5N2L75M100T100-10.mltl,0.0,10876.8,sat
/home/michele/mltlsat/Benchmarks/random/P0.5N2L75M100T100-1.mltl,0.22,21635.2,sat
/home/michele/mltlsat/Benchmarks/random/P0.5N2L75M100T100-2.mltl,0.0,7487.2,unsat
/home/michele/mltlsat/Benchmarks/random/P0.5N2L75M100T100-3.mltl,31.078,76022.4,sat
/home/michele/mltlsat/Benchmarks/random/P0.5N2L75M100T100-4.mltl,0.0,9323.2,sat
/home/michele/mltlsat/Benchmarks/random/P0.5N2L75M100T100-5.mltl,0.04,26236,sat
/home/michele/mltlsat/Benchmarks/random/P0.5N2L75M100T100-6.mltl,0.0,9340.8,sat
/home/michele/mltlsat/Benchmarks/random/P0.5N2L75M100T100-7.mltl,0.0,7809.6,sat
/home/michele/mltlsat/Benchmarks/random/P0.5N2L75M100T100-8.mltl,0.0,7788,sat
/home/michele/mltlsat/Benchmarks/random/P0.5N2L75M100T100-9.mltl,0.0,7787.2,sat
/home/michele/mltlsat/Benchmarks/random/P0.5N2L80M100T100-10.mltl,0.06,17018.4,sat
/home/michele/mltlsat/Benchmarks/random/P0.5N2L80M100T100-1.mltl,0.01,9349.6,sat
/home/michele/mltlsat/Benchmarks/random/P0.5N2L80M100T100-2.mltl,0.057999999999999996,32413.6,sat
/home/michele/mltlsat/Benchmarks/random/P0.5N2L80M100T100-3.mltl,0.0,10862.4,sat
/home/michele/mltlsat/Benchmarks/random/P0.5N2L80M100T100-4.mltl,1.1440000000000001,12421.6,sat
/home/michele/mltlsat/Benchmarks/random/P0.5N2L80M100T100-5.mltl,0.0,7797.6,sat
/home/michele/mltlsat/Benchmarks/random/P0.5N2L80M100T100-6.mltl,1.164,36974.4,sat
/home/michele/mltlsat/Benchmarks/random/P0.5N2L80M100T100-7.mltl,0.07,20105.6,sat
/home/michele/mltlsat/Benchmarks/random/P0.5N2L80M100T100-8.mltl,0.0,9356,sat
/home/michele/mltlsat/Benchmarks/random/P0.5N2L80M100T100-9.mltl,0.02,13941.6,sat
/home/michele/mltlsat/Benchmarks/random/P0.5N2L85M100T100-10.mltl,0.0,7784.8,sat
/home/michele/mltlsat/Benchmarks/random/P0.5N2L85M100T100-1.mltl,0.09,15516,sat
/home/michele/mltlsat/Benchmarks/random/P0.5N2L85M100T100-2.mltl,64.26,24991.2,sat
/home/michele/mltlsat/Benchmarks/random/P0.5N2L85M100T100-3.mltl,0.212,21622.4,sat
/home/michele/mltlsat/Benchmarks/random/P0.5N2L85M100T100-4.mltl,0.0,9331.2,sat
/home/michele/mltlsat/Benchmarks/random/P0.5N2L85M100T100-5.mltl,0.08,10568,sat
/home/michele/mltlsat/Benchmarks/random/P0.5N2L85M100T100-6.mltl,0.0,7783.2,sat
/home/michele/mltlsat/Benchmarks/random/P0.5N2L85M100T100-7.mltl,0.04,10584,unsat
/home/michele/mltlsat/Benchmarks/random/P0.5N2L85M100T100-8.mltl,-1,-1,TO
/home/michele/mltlsat/Benchmarks/random/P0.5N2L85M100T100-9.mltl,0.0,10881.6,sat
/home/michele/mltlsat/Benchmarks/random/P0.5N2L90M100T100-10.mltl,0.06,17029.6,sat
/home/michele/mltlsat/Benchmarks/random/P0.5N2L90M100T100-1.mltl,0.01,15490.4,sat
/home/michele/mltlsat/Benchmarks/random/P0.5N2L90M100T100-2.mltl,0.0,9367.2,sat
/home/michele/mltlsat/Benchmarks/random/P0.5N2L90M100T100-3.mltl,0.0,7790.4,sat
/home/michele/mltlsat/Benchmarks/random/P0.5N2L90M100T100-4.mltl,-1,-1,TO
/home/michele/mltlsat/Benchmarks/random/P0.5N2L90M100T100-5.mltl,0.0,7792,sat
/home/michele/mltlsat/Benchmarks/random/P0.5N2L90M100T100-6.mltl,0.01,10845.6,sat
/home/michele/mltlsat/Benchmarks/random/P0.5N2L90M100T100-7.mltl,0.0,7826.4,sat
/home/michele/mltlsat/Benchmarks/random/P0.5N2L90M100T100-8.mltl,0.0,7788.8,sat
/home/michele/mltlsat/Benchmarks/random/P0.5N2L90M100T100-9.mltl,0.0,7803.2,sat
/home/michele/mltlsat/Benchmarks/random/P0.5N2L95M100T100-10.mltl,0.0,9372,sat
/home/michele/mltlsat/Benchmarks/random/P0.5N2L95M100T100-1.mltl,0.0,7788,sat
/home/michele/mltlsat/Benchmarks/random/P0.5N2L95M100T100-2.mltl,0.0,9336,sat
/home/michele/mltlsat/Benchmarks/random/P0.5N2L95M100T100-3.mltl,0.0,7807.2,sat
/home/michele/mltlsat/Benchmarks/random/P0.5N2L95M100T100-4.mltl,0.02,17051.2,sat
/home/michele/mltlsat/Benchmarks/random/P0.5N2L95M100T100-5.mltl,0.0,9325.6,sat
/home/michele/mltlsat/Benchmarks/random/P0.5N2L95M100T100-6.mltl,1.09,22833.6,sat
/home/michele/mltlsat/Benchmarks/random/P0.5N2L95M100T100-7.mltl,0.04,10888.8,sat
/home/michele/mltlsat/Benchmarks/random/P0.5N2L95M100T100-8.mltl,0.0,7800.8,unsat
/home/michele/mltlsat/Benchmarks/random/P0.5N2L95M100T100-9.mltl,0.0,7800,unsat
/home/michele/mltlsat/Benchmarks/random/P0.5N3L100M100T100-10.mltl,0.0,7782.4,sat
/home/michele/mltlsat/Benchmarks/random/P0.5N3L100M100T100-1.mltl,0.0,9340,sat
/home/michele/mltlsat/Benchmarks/random/P0.5N3L100M100T100-2.mltl,0.0,9341.6,sat
/home/michele/mltlsat/Benchmarks/random/P0.5N3L100M100T100-3.mltl,0.03,7816,sat
/home/michele/mltlsat/Benchmarks/random/P0.5N3L100M100T100-4.mltl,-1,-1,TO
/home/michele/mltlsat/Benchmarks/random/P0.5N3L100M100T100-5.mltl,0.56,32390.4,sat
/home/michele/mltlsat/Benchmarks/random/P0.5N3L100M100T100-6.mltl,0.01,9328.8,sat
/home/michele/mltlsat/Benchmarks/random/P0.5N3L100M100T100-7.mltl,-1,-1,TO
/home/michele/mltlsat/Benchmarks/random/P0.5N3L100M100T100-8.mltl,0.154,18550.4,sat
/home/michele/mltlsat/Benchmarks/random/P0.5N3L100M100T100-9.mltl,0.06,15466.4,sat
/home/michele/mltlsat/Benchmarks/random/P0.5N3L10M100T100-10.mltl,0.0,7785.6,sat
/home/michele/mltlsat/Benchmarks/random/P0.5N3L10M100T100-1.mltl,0.0,7798.4,sat
/home/michele/mltlsat/Benchmarks/random/P0.5N3L10M100T100-2.mltl,0.0,7809.6,sat
/home/michele/mltlsat/Benchmarks/random/P0.5N3L10M100T100-3.mltl,0.0,9341.6,sat
/home/michele/mltlsat/Benchmarks/random/P0.5N3L10M100T100-4.mltl,0.0,7803.2,sat
/home/michele/mltlsat/Benchmarks/random/P0.5N3L10M100T100-5.mltl,0.0,7800,sat
/home/michele/mltlsat/Benchmarks/random/P0.5N3L10M100T100-6.mltl,0.024,9341.6,sat
/home/michele/mltlsat/Benchmarks/random/P0.5N3L10M100T100-7.mltl,0.0,7807.2,sat
/home/michele/mltlsat/Benchmarks/random/P0.5N3L10M100T100-8.mltl,0.0,7797.6,sat
/home/michele/mltlsat/Benchmarks/random/P0.5N3L10M100T100-9.mltl,0.0,9324.8,sat
/home/michele/mltlsat/Benchmarks/random/P0.5N3L15M100T100-10.mltl,0.0,7812.8,unsat
/home/michele/mltlsat/Benchmarks/random/P0.5N3L15M100T100-1.mltl,0.0,7783.2,sat
/home/michele/mltlsat/Benchmarks/random/P0.5N3L15M100T100-2.mltl,0.0,9353.6,sat
/home/michele/mltlsat/Benchmarks/random/P0.5N3L15M100T100-3.mltl,0.01,9332.8,sat
/home/michele/mltlsat/Benchmarks/random/P0.5N3L15M100T100-4.mltl,0.17,48667.2,sat
/home/michele/mltlsat/Benchmarks/random/P0.5N3L15M100T100-5.mltl,0.0,7779.2,sat
/home/michele/mltlsat/Benchmarks/random/P0.5N3L15M100T100-6.mltl,0.0,7797.6,sat
/home/michele/mltlsat/Benchmarks/random/P0.5N3L15M100T100-7.mltl,0.0,7792,sat
/home/michele/mltlsat/Benchmarks/random/P0.5N3L15M100T100-8.mltl,0.0,7805.6,sat
/home/michele/mltlsat/Benchmarks/random/P0.5N3L15M100T100-9.mltl,0.0,7810.4,sat
/home/michele/mltlsat/Benchmarks/random/P0.5N3L20M100T100-10.mltl,0.0,7802.4,sat
/home/michele/mltlsat/Benchmarks/random/P0.5N3L20M100T100-1.mltl,0.0,7792,sat
/home/michele/mltlsat/Benchmarks/random/P0.5N3L20M100T100-2.mltl,0.01,9327.2,sat
/home/michele/mltlsat/Benchmarks/random/P0.5N3L20M100T100-3.mltl,0.0,7772,sat
/home/michele/mltlsat/Benchmarks/random/P0.5N3L20M100T100-4.mltl,0.0,7778.4,sat
/home/michele/mltlsat/Benchmarks/random/P0.5N3L20M100T100-5.mltl,0.0,9331.2,sat
/home/michele/mltlsat/Benchmarks/random/P0.5N3L20M100T100-6.mltl,0.498,24387.2,sat
/home/michele/mltlsat/Benchmarks/random/P0.5N3L20M100T100-7.mltl,0.0,7780,sat
/home/michele/mltlsat/Benchmarks/random/P0.5N3L20M100T100-8.mltl,0.022,10872,sat
/home/michele/mltlsat/Benchmarks/random/P0.5N3L20M100T100-9.mltl,0.06,16707.2,sat
/home/michele/mltlsat/Benchmarks/random/P0.5N3L25M100T100-10.mltl,0.0,9342.4,sat
/home/michele/mltlsat/Benchmarks/random/P0.5N3L25M100T100-1.mltl,0.0,7790.4,sat
/home/michele/mltlsat/Benchmarks/random/P0.5N3L25M100T100-2.mltl,0.0,7794.4,sat
/home/michele/mltlsat/Benchmarks/random/P0.5N3L25M100T100-3.mltl,0.0,9328.8,sat
/home/michele/mltlsat/Benchmarks/random/P0.5N3L25M100T100-4.mltl,0.0,7796,unsat
/home/michele/mltlsat/Benchmarks/random/P0.5N3L25M100T100-5.mltl,0.0,9340.8,sat
/home/michele/mltlsat/Benchmarks/random/P0.5N3L25M100T100-6.mltl,0.0,7787.2,sat
/home/michele/mltlsat/Benchmarks/random/P0.5N3L25M100T100-7.mltl,0.0,7811.2,sat
/home/michele/mltlsat/Benchmarks/random/P0.5N3L25M100T100-8.mltl,0.16,13932.8,sat
/home/michele/mltlsat/Benchmarks/random/P0.5N3L25M100T100-9.mltl,0.0,7792,sat
/home/michele/mltlsat/Benchmarks/random/P0.5N3L30M100T100-10.mltl,0.0,7832,sat
/home/michele/mltlsat/Benchmarks/random/P0.5N3L30M100T100-1.mltl,0.024,10564.8,sat
/home/michele/mltlsat/Benchmarks/random/P0.5N3L30M100T100-2.mltl,0.02,10887.2,sat
/home/michele/mltlsat/Benchmarks/random/P0.5N3L30M100T100-3.mltl,0.0,9336,sat
/home/michele/mltlsat/Benchmarks/random/P0.5N3L30M100T100-4.mltl,0.0,7779.2,sat
/home/michele/mltlsat/Benchmarks/random/P0.5N3L30M100T100-5.mltl,0.0,7794.4,sat
/home/michele/mltlsat/Benchmarks/random/P0.5N3L30M100T100-6.mltl,0.0,7798.4,sat
/home/michele/mltlsat/Benchmarks/random/P0.5N3L30M100T100-7.mltl,0.0,7796.8,sat
/home/michele/mltlsat/Benchmarks/random/P0.5N3L30M100T100-8.mltl,0.0,7777.6,sat
/home/michele/mltlsat/Benchmarks/random/P0.5N3L30M100T100-9.mltl,0.0,7808,sat
/home/michele/mltlsat/Benchmarks/random/P0.5N3L35M100T100-10.mltl,0.0,7800,sat
/home/michele/mltlsat/Benchmarks/random/P0.5N3L35M100T100-1.mltl,-1,-1,TO
/home/michele/mltlsat/Benchmarks/random/P0.5N3L35M100T100-2.mltl,0.0,7796.8,sat
/home/michele/mltlsat/Benchmarks/random/P0.5N3L35M100T100-3.mltl,0.01,10865.6,sat
/home/michele/mltlsat/Benchmarks/random/P0.5N3L35M100T100-4.mltl,0.0,9329.6,sat
/home/michele/mltlsat/Benchmarks/random/P0.5N3L35M100T100-5.mltl,0.0,7808,sat
/home/michele/mltlsat/Benchmarks/random/P0.5N3L35M100T100-6.mltl,0.0,7789.6,sat
/home/michele/mltlsat/Benchmarks/random/P0.5N3L35M100T100-7.mltl,0.0,7812,sat
/home/michele/mltlsat/Benchmarks/random/P0.5N3L35M100T100-8.mltl,0.01,9335.2,sat
/home/michele/mltlsat/Benchmarks/random/P0.5N3L35M100T100-9.mltl,0.0,7776.8,sat
/home/michele/mltlsat/Benchmarks/random/P0.5N3L40M100T100-10.mltl,0.01,9336.8,sat
/home/michele/mltlsat/Benchmarks/random/P0.5N3L40M100T100-1.mltl,0.182,15502.4,sat
/home/michele/mltlsat/Benchmarks/random/P0.5N3L40M100T100-2.mltl,0.0,9375.2,sat
/home/michele/mltlsat/Benchmarks/random/P0.5N3L40M100T100-3.mltl,0.02,10869.6,sat
/home/michele/mltlsat/Benchmarks/random/P0.5N3L40M100T100-4.mltl,0.0,9325.6,sat
/home/michele/mltlsat/Benchmarks/random/P0.5N3L40M100T100-5.mltl,0.01,9338.4,sat
/home/michele/mltlsat/Benchmarks/random/P0.5N3L40M100T100-6.mltl,0.01,9316.8,sat
/home/michele/mltlsat/Benchmarks/random/P0.5N3L40M100T100-7.mltl,0.686,18250.4,sat
/home/michele/mltlsat/Benchmarks/random/P0.5N3L40M100T100-8.mltl,0.012,9335.2,sat
/home/michele/mltlsat/Benchmarks/random/P0.5N3L40M100T100-9.mltl,0.01,10855.2,sat
/home/michele/mltlsat/Benchmarks/random/P0.5N3L45M100T100-10.mltl,0.01,10860.8,sat
/home/michele/mltlsat/Benchmarks/random/P0.5N3L45M100T100-1.mltl,0.334,23154.4,sat
/home/michele/mltlsat/Benchmarks/random/P0.5N3L45M100T100-2.mltl,0.08,15458.4,sat
/home/michele/mltlsat/Benchmarks/random/P0.5N3L45M100T100-3.mltl,0.0,9340,sat
/home/michele/mltlsat/Benchmarks/random/P0.5N3L45M100T100-4.mltl,0.0,7784,sat
/home/michele/mltlsat/Benchmarks/random/P0.5N3L45M100T100-5.mltl,0.0,7813.6,sat
/home/michele/mltlsat/Benchmarks/random/P0.5N3L45M100T100-6.mltl,0.01,7818.4,sat
/home/michele/mltlsat/Benchmarks/random/P0.5N3L45M100T100-7.mltl,0.0,7844,sat
/home/michele/mltlsat/Benchmarks/random/P0.5N3L45M100T100-8.mltl,0.0,7788,sat
/home/michele/mltlsat/Benchmarks/random/P0.5N3L45M100T100-9.mltl,0.17,18537.6,sat
/home/michele/mltlsat/Benchmarks/random/P0.5N3L50M100T100-10.mltl,0.0,9339.2,sat
/home/michele/mltlsat/Benchmarks/random/P0.5N3L50M100T100-1.mltl,0.0,9328,sat
/home/michele/mltlsat/Benchmarks/random/P0.5N3L50M100T100-2.mltl,0.0,7762.4,sat
/home/michele/mltlsat/Benchmarks/random/P0.5N3L50M100T100-3.mltl,0.0,7802.4,sat
/home/michele/mltlsat/Benchmarks/random/P0.5N3L50M100T100-4.mltl,0.03,10860,sat
/home/michele/mltlsat/Benchmarks/random/P0.5N3L50M100T100-5.mltl,0.0,9341.6,sat
/home/michele/mltlsat/Benchmarks/random/P0.5N3L50M100T100-6.mltl,0.03,9370.4,sat
/home/michele/mltlsat/Benchmarks/random/P0.5N3L50M100T100-7.mltl,0.01,10853.6,sat
/home/michele/mltlsat/Benchmarks/random/P0.5N3L50M100T100-8.mltl,0.0,9322.4,sat
/home/michele/mltlsat/Benchmarks/random/P0.5N3L50M100T100-9.mltl,0.01,12412,sat
/home/michele/mltlsat/Benchmarks/random/P0.5N3L55M100T100-10.mltl,-1,-1,TO
/home/michele/mltlsat/Benchmarks/random/P0.5N3L55M100T100-1.mltl,0.0,7804,sat
/home/michele/mltlsat/Benchmarks/random/P0.5N3L55M100T100-2.mltl,6.142,266196,sat
/home/michele/mltlsat/Benchmarks/random/P0.5N3L55M100T100-3.mltl,0.0,7808,sat
/home/michele/mltlsat/Benchmarks/random/P0.5N3L55M100T100-4.mltl,0.0,7805.6,sat
/home/michele/mltlsat/Benchmarks/random/P0.5N3L55M100T100-5.mltl,0.0,7779.2,sat
/home/michele/mltlsat/Benchmarks/random/P0.5N3L55M100T100-6.mltl,0.0,7770.4,sat
/home/michele/mltlsat/Benchmarks/random/P0.5N3L55M100T100-7.mltl,0.12,12408.8,sat
/home/michele/mltlsat/Benchmarks/random/P0.5N3L55M100T100-8.mltl,0.0,9326.4,sat
/home/michele/mltlsat/Benchmarks/random/P0.5N3L55M100T100-9.mltl,0.13,25904.8,sat
/home/michele/mltlsat/Benchmarks/random/P0.5N3L5M100T100-10.mltl,0.0,7784.8,sat
/home/michele/mltlsat/Benchmarks/random/P0.5N3L5M100T100-1.mltl,0.0,7816.8,sat
/home/michele/mltlsat/Benchmarks/random/P0.5N3L5M100T100-2.mltl,0.0,7802.4,sat
/home/michele/mltlsat/Benchmarks/random/P0.5N3L5M100T100-3.mltl,0.0,7811.2,sat
/home/michele/mltlsat/Benchmarks/random/P0.5N3L5M100T100-4.mltl,0.0,7799.2,sat
/home/michele/mltlsat/Benchmarks/random/P0.5N3L5M100T100-5.mltl,0.0,7795.2,sat
/home/michele/mltlsat/Benchmarks/random/P0.5N3L5M100T100-6.mltl,0.0,7785.6,sat
/home/michele/mltlsat/Benchmarks/random/P0.5N3L5M100T100-7.mltl,0.0,7772,sat
/home/michele/mltlsat/Benchmarks/random/P0.5N3L5M100T100-8.mltl,0.0,9334.4,sat
/home/michele/mltlsat/Benchmarks/random/P0.5N3L5M100T100-9.mltl,0.0,7810.4,sat
/home/michele/mltlsat/Benchmarks/random/P0.5N3L60M100T100-10.mltl,0.0,7800.8,sat
/home/michele/mltlsat/Benchmarks/random/P0.5N3L60M100T100-1.mltl,0.0,7816,unsat
/home/michele/mltlsat/Benchmarks/random/P0.5N3L60M100T100-2.mltl,0.0,7801.6,sat
/home/michele/mltlsat/Benchmarks/random/P0.5N3L60M100T100-3.mltl,0.0,9309.6,sat
/home/michele/mltlsat/Benchmarks/random/P0.5N3L60M100T100-4.mltl,0.01,10861.6,sat
/home/michele/mltlsat/Benchmarks/random/P0.5N3L60M100T100-5.mltl,0.0,9305.6,sat
/home/michele/mltlsat/Benchmarks/random/P0.5N3L60M100T100-6.mltl,0.0,9312.8,sat
/home/michele/mltlsat/Benchmarks/random/P0.5N3L60M100T100-7.mltl,0.0,7778.4,sat
/home/michele/mltlsat/Benchmarks/random/P0.5N3L60M100T100-8.mltl,0.0,7820.8,sat
/home/michele/mltlsat/Benchmarks/random/P0.5N3L60M100T100-9.mltl,0.0,7811.2,sat
/home/michele/mltlsat/Benchmarks/random/P0.5N3L65M100T100-10.mltl,0.0,10528,sat
/home/michele/mltlsat/Benchmarks/random/P0.5N3L65M100T100-1.mltl,0.04,10559.2,sat
/home/michele/mltlsat/Benchmarks/random/P0.5N3L65M100T100-2.mltl,0.0,7786.4,sat
/home/michele/mltlsat/Benchmarks/random/P0.5N3L65M100T100-3.mltl,0.03,13949.6,sat
/home/michele/mltlsat/Benchmarks/random/P0.5N3L65M100T100-4.mltl,0.0,9341.6,sat
/home/michele/mltlsat/Benchmarks/random/P0.5N3L65M100T100-5.mltl,0.02,13936.8,sat
/home/michele/mltlsat/Benchmarks/random/P0.5N3L65M100T100-6.mltl,0.0,9326.4,sat
/home/michele/mltlsat/Benchmarks/random/P0.5N3L65M100T100-7.mltl,0.294,13960,sat
/home/michele/mltlsat/Benchmarks/random/P0.5N3L65M100T100-8.mltl,-1,-1,TO
/home/michele/mltlsat/Benchmarks/random/P0.5N3L65M100T100-9.mltl,0.0,7820.8,sat
/home/michele/mltlsat/Benchmarks/random/P0.5N3L70M100T100-10.mltl,0.0,7776.8,sat
/home/michele/mltlsat/Benchmarks/random/P0.5N3L70M100T100-1.mltl,0.0,7805.6,sat
/home/michele/mltlsat/Benchmarks/random/P0.5N3L70M100T100-2.mltl,0.0,7776.8,sat
/home/michele/mltlsat/Benchmarks/random/P0.5N3L70M100T100-3.mltl,0.05,23152.8,sat
/home/michele/mltlsat/Benchmarks/random/P0.5N3L70M100T100-4.mltl,0.0,9338.4,sat
/home/michele/mltlsat/Benchmarks/random/P0.5N3L70M100T100-5.mltl,0.0,7486.4,sat
/home/michele/mltlsat/Benchmarks/random/P0.5N3L70M100T100-6.mltl,0.0,9341.6,sat
/home/michele/mltlsat/Benchmarks/random/P0.5N3L70M100T100-7.mltl,0.01,9337.6,sat
/home/michele/mltlsat/Benchmarks/random/P0.5N3L70M100T100-8.mltl,0.02,9341.6,unsat
/home/michele/mltlsat/Benchmarks/random/P0.5N3L70M100T100-9.mltl,0.0,9344,sat
/home/michele/mltlsat/Benchmarks/random/P0.5N3L75M100T100-10.mltl,0.02,10562.4,sat
/home/michele/mltlsat/Benchmarks/random/P0.5N3L75M100T100-1.mltl,0.1,18541.6,sat
/home/michele/mltlsat/Benchmarks/random/P0.5N3L75M100T100-2.mltl,0.0,9000.8,sat
/home/michele/mltlsat/Benchmarks/random/P0.5N3L75M100T100-3.mltl,0.0,9326.4,sat
/home/michele/mltlsat/Benchmarks/random/P0.5N3L75M100T100-4.mltl,-1,-1,TO
/home/michele/mltlsat/Benchmarks/random/P0.5N3L75M100T100-5.mltl,0.0,9331.2,sat
/home/michele/mltlsat/Benchmarks/random/P0.5N3L75M100T100-6.mltl,1.542,40052,sat
/home/michele/mltlsat/Benchmarks/random/P0.5N3L75M100T100-7.mltl,0.08,9333.6,sat
/home/michele/mltlsat/Benchmarks/random/P0.5N3L75M100T100-8.mltl,0.0,9328.8,sat
/home/michele/mltlsat/Benchmarks/random/P0.5N3L75M100T100-9.mltl,0.0,9304,sat
/home/michele/mltlsat/Benchmarks/random/P0.5N3L80M100T100-10.mltl,0.13,56940,sat
/home/michele/mltlsat/Benchmarks/random/P0.5N3L80M100T100-1.mltl,0.01,9337.6,sat
/home/michele/mltlsat/Benchmarks/random/P0.5N3L80M100T100-2.mltl,0.004,9318.4,sat
/home/michele/mltlsat/Benchmarks/random/P0.5N3L80M100T100-3.mltl,0.0,7792,sat
/home/michele/mltlsat/Benchmarks/random/P0.5N3L80M100T100-4.mltl,0.0,7773.6,unsat
/home/michele/mltlsat/Benchmarks/random/P0.5N3L80M100T100-5.mltl,0.0,7795.2,sat
/home/michele/mltlsat/Benchmarks/random/P0.5N3L80M100T100-6.mltl,0.03,13944.8,sat
/home/michele/mltlsat/Benchmarks/random/P0.5N3L80M100T100-7.mltl,-1,-1,TO
/home/michele/mltlsat/Benchmarks/random/P0.5N3L80M100T100-8.mltl,0.0,7790.4,sat
/home/michele/mltlsat/Benchmarks/random/P0.5N3L80M100T100-9.mltl,0.0,7794.4,sat
/home/michele/mltlsat/Benchmarks/random/P0.5N3L85M100T100-10.mltl,0.0,10864,sat
/home/michele/mltlsat/Benchmarks/random/P0.5N3L85M100T100-1.mltl,0.2,18531.2,sat
/home/michele/mltlsat/Benchmarks/random/P0.5N3L85M100T100-2.mltl,0.0,10869.6,sat
/home/michele/mltlsat/Benchmarks/random/P0.5N3L85M100T100-3.mltl,0.07,9330.4,unsat
/home/michele/mltlsat/Benchmarks/random/P0.5N3L85M100T100-4.mltl,0.0,7783.2,sat
/home/michele/mltlsat/Benchmarks/random/P0.5N3L85M100T100-5.mltl,0.0,7788.8,sat
/home/michele/mltlsat/Benchmarks/random/P0.5N3L85M100T100-6.mltl,0.0,10868.8,sat
/home/michele/mltlsat/Benchmarks/random/P0.5N3L85M100T100-7.mltl,0.0,9320,sat
/home/michele/mltlsat/Benchmarks/random/P0.5N3L85M100T100-8.mltl,0.01,10892.8,sat
/home/michele/mltlsat/Benchmarks/random/P0.5N3L85M100T100-9.mltl,0.0,7784,sat
/home/michele/mltlsat/Benchmarks/random/P0.5N3L90M100T100-10.mltl,0.02,10887.2,sat
/home/michele/mltlsat/Benchmarks/random/P0.5N3L90M100T100-1.mltl,0.0,9315.2,sat
/home/michele/mltlsat/Benchmarks/random/P0.5N3L90M100T100-2.mltl,3.004,1068877.6,sat
/home/michele/mltlsat/Benchmarks/random/P0.5N3L90M100T100-3.mltl,0.262,13942.4,sat
/home/michele/mltlsat/Benchmarks/random/P0.5N3L90M100T100-4.mltl,0.0,9344.8,sat
/home/michele/mltlsat/Benchmarks/random/P0.5N3L90M100T100-5.mltl,0.0,9339.2,sat
/home/michele/mltlsat/Benchmarks/random/P0.5N3L90M100T100-6.mltl,0.0,7807.2,sat
/home/michele/mltlsat/Benchmarks/random/P0.5N3L90M100T100-7.mltl,2.232,15464.8,sat
/home/michele/mltlsat/Benchmarks/random/P0.5N3L90M100T100-8.mltl,-1,-1,TO
/home/michele/mltlsat/Benchmarks/random/P0.5N3L90M100T100-9.mltl,0.0,9368.8,sat
/home/michele/mltlsat/Benchmarks/random/P0.5N3L95M100T100-10.mltl,-1,-1,TO
/home/michele/mltlsat/Benchmarks/random/P0.5N3L95M100T100-1.mltl,0.06,12091.2,sat
/home/michele/mltlsat/Benchmarks/random/P0.5N3L95M100T100-2.mltl,-1,-1,TO
/home/michele/mltlsat/Benchmarks/random/P0.5N3L95M100T100-3.mltl,0.0,9348.8,sat
/home/michele/mltlsat/Benchmarks/random/P0.5N3L95M100T100-4.mltl,0.02,10904,sat
/home/michele/mltlsat/Benchmarks/random/P0.5N3L95M100T100-5.mltl,0.0,9368,sat
/home/michele/mltlsat/Benchmarks/random/P0.5N3L95M100T100-6.mltl,0.0,9324.8,sat
/home/michele/mltlsat/Benchmarks/random/P0.5N3L95M100T100-7.mltl,0.0,7792,sat
/home/michele/mltlsat/Benchmarks/random/P0.5N3L95M100T100-8.mltl,0.0,7817.6,sat
/home/michele/mltlsat/Benchmarks/random/P0.5N3L95M100T100-9.mltl,0.0,7801.6,sat
/home/michele/mltlsat/Benchmarks/random/P0.5N4L100M100T100-10.mltl,0.05,12396,sat
/home/michele/mltlsat/Benchmarks/random/P0.5N4L100M100T100-1.mltl,-1,-1,TO
/home/michele/mltlsat/Benchmarks/random/P0.5N4L100M100T100-2.mltl,0.298,26236.8,sat
/home/michele/mltlsat/Benchmarks/random/P0.5N4L100M100T100-3.mltl,0.462,13925.6,sat
/home/michele/mltlsat/Benchmarks/random/P0.5N4L100M100T100-4.mltl,0.0,7793.6,sat
/home/michele/mltlsat/Benchmarks/random/P0.5N4L100M100T100-5.mltl,0.13,16977.6,sat
/home/michele/mltlsat/Benchmarks/random/P0.5N4L100M100T100-6.mltl,0.186,61553.6,sat
/home/michele/mltlsat/Benchmarks/random/P0.5N4L100M100T100-7.mltl,0.264,29290.4,sat
/home/michele/mltlsat/Benchmarks/random/P0.5N4L100M100T100-8.mltl,0.0,10849.6,sat
/home/michele/mltlsat/Benchmarks/random/P0.5N4L100M100T100-9.mltl,-1,-1,TO
/home/michele/mltlsat/Benchmarks/random/P0.5N4L10M100T100-10.mltl,0.0,7776.8,sat
/home/michele/mltlsat/Benchmarks/random/P0.5N4L10M100T100-1.mltl,0.0,7796,sat
/home/michele/mltlsat/Benchmarks/random/P0.5N4L10M100T100-2.mltl,0.0,9313.6,sat
/home/michele/mltlsat/Benchmarks/random/P0.5N4L10M100T100-3.mltl,0.0,7819.2,sat
/home/michele/mltlsat/Benchmarks/random/P0.5N4L10M100T100-4.mltl,0.0,7784,sat
/home/michele/mltlsat/Benchmarks/random/P0.5N4L10M100T100-5.mltl,0.0,7783.2,sat
/home/michele/mltlsat/Benchmarks/random/P0.5N4L10M100T100-6.mltl,0.0,7816,sat
/home/michele/mltlsat/Benchmarks/random/P0.5N4L10M100T100-7.mltl,0.0,7809.6,sat
/home/michele/mltlsat/Benchmarks/random/P0.5N4L10M100T100-8.mltl,0.0,7766.4,sat
/home/michele/mltlsat/Benchmarks/random/P0.5N4L10M100T100-9.mltl,0.0,7789.6,sat
/home/michele/mltlsat/Benchmarks/random/P0.5N4L15M100T100-10.mltl,0.0,10873.6,sat
/home/michele/mltlsat/Benchmarks/random/P0.5N4L15M100T100-1.mltl,0.0,9350.4,sat
/home/michele/mltlsat/Benchmarks/random/P0.5N4L15M100T100-2.mltl,110.062,52958.4,unsat
/home/michele/mltlsat/Benchmarks/random/P0.5N4L15M100T100-3.mltl,0.0,7804,sat
/home/michele/mltlsat/Benchmarks/random/P0.5N4L15M100T100-4.mltl,0.232,12389.6,sat
/home/michele/mltlsat/Benchmarks/random/P0.5N4L15M100T100-5.mltl,0.0,9352,sat
/home/michele/mltlsat/Benchmarks/random/P0.5N4L15M100T100-6.mltl,0.0,9340,sat
/home/michele/mltlsat/Benchmarks/random/P0.5N4L15M100T100-7.mltl,0.0,7764.8,sat
/home/michele/mltlsat/Benchmarks/random/P0.5N4L15M100T100-8.mltl,0.0,7798.4,sat
/home/michele/mltlsat/Benchmarks/random/P0.5N4L15M100T100-9.mltl,0.0,7814.4,sat
/home/michele/mltlsat/Benchmarks/random/P0.5N4L20M100T100-10.mltl,0.0,7789.6,unsat
/home/michele/mltlsat/Benchmarks/random/P0.5N4L20M100T100-1.mltl,0.0,7798.4,sat
/home/michele/mltlsat/Benchmarks/random/P0.5N4L20M100T100-2.mltl,0.0,9317.6,sat
/home/michele/mltlsat/Benchmarks/random/P0.5N4L20M100T100-3.mltl,0.01,7812.8,sat
/home/michele/mltlsat/Benchmarks/random/P0.5N4L20M100T100-4.mltl,0.0,9324,sat
/home/michele/mltlsat/Benchmarks/random/P0.5N4L20M100T100-5.mltl,0.01,9331.2,sat
/home/michele/mltlsat/Benchmarks/random/P0.5N4L20M100T100-6.mltl,0.0,7799.2,sat
/home/michele/mltlsat/Benchmarks/random/P0.5N4L20M100T100-7.mltl,0.0,7787.2,sat
/home/michele/mltlsat/Benchmarks/random/P0.5N4L20M100T100-8.mltl,0.0,9337.6,sat
/home/michele/mltlsat/Benchmarks/random/P0.5N4L20M100T100-9.mltl,0.0,9330.4,sat
/home/michele/mltlsat/Benchmarks/random/P0.5N4L25M100T100-10.mltl,0.0,7805.6,sat
/home/michele/mltlsat/Benchmarks/random/P0.5N4L25M100T100-1.mltl,0.0,9341.6,sat
/home/michele/mltlsat/Benchmarks/random/P0.5N4L25M100T100-2.mltl,-1,-1,TO
/home/michele/mltlsat/Benchmarks/random/P0.5N4L25M100T100-3.mltl,0.0,7780,sat
/home/michele/mltlsat/Benchmarks/random/P0.5N4L25M100T100-4.mltl,0.0,9327.2,sat
/home/michele/mltlsat/Benchmarks/random/P0.5N4L25M100T100-5.mltl,0.0,7813.6,sat
/home/michele/mltlsat/Benchmarks/random/P0.5N4L25M100T100-6.mltl,0.0,9314.4,sat
/home/michele/mltlsat/Benchmarks/random/P0.5N4L25M100T100-7.mltl,0.0,7773.6,sat
/home/michele/mltlsat/Benchmarks/random/P0.5N4L25M100T100-8.mltl,0.008,9333.6,sat
/home/michele/mltlsat/Benchmarks/random/P0.5N4L25M100T100-9.mltl,0.0,9325.6,sat
/home/michele/mltlsat/Benchmarks/random/P0.5N4L30M100T100-10.mltl,0.03,9024.8,sat
/home/michele/mltlsat/Benchmarks/random/P0.5N4L30M100T100-1.mltl,0.0,7825.6,sat
/home/michele/mltlsat/Benchmarks/random/P0.5N4L30M100T100-2.mltl,0.0,9343.2,sat
/home/michele/mltlsat/Benchmarks/random/P0.5N4L30M100T100-3.mltl,0.0,7805.6,sat
/home/michele/mltlsat/Benchmarks/random/P0.5N4L30M100T100-4.mltl,0.01,12424.8,sat
/home/michele/mltlsat/Benchmarks/random/P0.5N4L30M100T100-5.mltl,0.0,7798.4,sat
/home/michele/mltlsat/Benchmarks/random/P0.5N4L30M100T100-6.mltl,0.048,27446.4,sat
/home/michele/mltlsat/Benchmarks/random/P0.5N4L30M100T100-7.mltl,0.1,13957.6,sat
/home/michele/mltlsat/Benchmarks/random/P0.5N4L30M100T100-8.mltl,0.0,7804,sat
/home/michele/mltlsat/Benchmarks/random/P0.5N4L30M100T100-9.mltl,25.86,19770.4,sat
/home/michele/mltlsat/Benchmarks/random/P0.5N4L35M100T100-10.mltl,0.0,7812.8,sat
/home/michele/mltlsat/Benchmarks/random/P0.5N4L35M100T100-1.mltl,0.0,9330.4,sat
/home/michele/mltlsat/Benchmarks/random/P0.5N4L35M100T100-2.mltl,0.01,9340.8,sat
/home/michele/mltlsat/Benchmarks/random/P0.5N4L35M100T100-3.mltl,0.26,21668,sat
/home/michele/mltlsat/Benchmarks/random/P0.5N4L35M100T100-4.mltl,0.02,15155.2,sat
/home/michele/mltlsat/Benchmarks/random/P0.5N4L35M100T100-5.mltl,0.0,9337.6,sat
/home/michele/mltlsat/Benchmarks/random/P0.5N4L35M100T100-6.mltl,0.0,7772,sat
/home/michele/mltlsat/Benchmarks/random/P0.5N4L35M100T100-7.mltl,16.888,27741.6,sat
/home/michele/mltlsat/Benchmarks/random/P0.5N4L35M100T100-8.mltl,0.0,7788,sat
/home/michele/mltlsat/Benchmarks/random/P0.5N4L35M100T100-9.mltl,0.0,7791.2,sat
/home/michele/mltlsat/Benchmarks/random/P0.5N4L40M100T100-10.mltl,0.0,10891.2,sat
/home/michele/mltlsat/Benchmarks/random/P0.5N4L40M100T100-1.mltl,0.0,9332,sat
/home/michele/mltlsat/Benchmarks/random/P0.5N4L40M100T100-2.mltl,0.06,12076,sat
/home/michele/mltlsat/Benchmarks/random/P0.5N4L40M100T100-3.mltl,0.882,39742.4,sat
/home/michele/mltlsat/Benchmarks/random/P0.5N4L40M100T100-4.mltl,0.0,7800.8,sat
/home/michele/mltlsat/Benchmarks/random/P0.5N4L40M100T100-5.mltl,0.0,7781.6,sat
/home/michele/mltlsat/Benchmarks/random/P0.5N4L40M100T100-6.mltl,0.02,10873.6,sat
/home/michele/mltlsat/Benchmarks/random/P0.5N4L40M100T100-7.mltl,0.07,13936,sat
/home/michele/mltlsat/Benchmarks/random/P0.5N4L40M100T100-8.mltl,18.66,89819.2,sat
/home/michele/mltlsat/Benchmarks/random/P0.5N4L40M100T100-9.mltl,0.0,7781.6,sat
/home/michele/mltlsat/Benchmarks/random/P0.5N4L45M100T100-10.mltl,0.01,10850.4,sat
/home/michele/mltlsat/Benchmarks/random/P0.5N4L45M100T100-1.mltl,0.0,9344,sat
/home/michele/mltlsat/Benchmarks/random/P0.5N4L45M100T100-2.mltl,0.0,7803.2,unsat
/home/michele/mltlsat/Benchmarks/random/P0.5N4L45M100T100-3.mltl,0.0,9334.4,sat
/home/michele/mltlsat/Benchmarks/random/P0.5N4L45M100T100-4.mltl,0.0,9345.6,sat
/home/michele/mltlsat/Benchmarks/random/P0.5N4L45M100T100-5.mltl,0.532,23156.8,sat
/home/michele/mltlsat/Benchmarks/random/P0.5N4L45M100T100-6.mltl,0.0,10864.8,sat
/home/michele/mltlsat/Benchmarks/random/P0.5N4L45M100T100-7.mltl,0.0,9328.8,sat
/home/michele/mltlsat/Benchmarks/random/P0.5N4L45M100T100-8.mltl,0.0,9326.4,sat
/home/michele/mltlsat/Benchmarks/random/P0.5N4L45M100T100-9.mltl,0.0,10876,sat
/home/michele/mltlsat/Benchmarks/random/P0.5N4L50M100T100-10.mltl,0.008,9320,sat
/home/michele/mltlsat/Benchmarks/random/P0.5N4L50M100T100-1.mltl,0.0,9332.8,sat
/home/michele/mltlsat/Benchmarks/random/P0.5N4L50M100T100-2.mltl,0.0,9349.6,sat
/home/michele/mltlsat/Benchmarks/random/P0.5N4L50M100T100-3.mltl,0.0,7779.2,sat
/home/michele/mltlsat/Benchmarks/random/P0.5N4L50M100T100-4.mltl,0.01,7800,sat
/home/michele/mltlsat/Benchmarks/random/P0.5N4L50M100T100-5.mltl,0.0,7785.6,sat
/home/michele/mltlsat/Benchmarks/random/P0.5N4L50M100T100-6.mltl,0.0,7793.6,sat
/home/michele/mltlsat/Benchmarks/random/P0.5N4L50M100T100-7.mltl,0.184,10848.8,sat
/home/michele/mltlsat/Benchmarks/random/P0.5N4L50M100T100-8.mltl,0.0,7800,sat
/home/michele/mltlsat/Benchmarks/random/P0.5N4L50M100T100-9.mltl,0.0,7768.8,unsat
/home/michele/mltlsat/Benchmarks/random/P0.5N4L55M100T100-10.mltl,0.0,7797.6,sat
/home/michele/mltlsat/Benchmarks/random/P0.5N4L55M100T100-1.mltl,0.0,7789.6,sat
/home/michele/mltlsat/Benchmarks/random/P0.5N4L55M100T100-2.mltl,0.026,17015.2,sat
/home/michele/mltlsat/Benchmarks/random/P0.5N4L55M100T100-3.mltl,0.01,10849.6,sat
/home/michele/mltlsat/Benchmarks/random/P0.5N4L55M100T100-4.mltl,1.6320000000000001,66177.6,sat
/home/michele/mltlsat/Benchmarks/random/P0.5N4L55M100T100-5.mltl,0.0,9343.2,sat
/home/michele/mltlsat/Benchmarks/random/P0.5N4L55M100T100-6.mltl,0.064,13956,sat
/home/michele/mltlsat/Benchmarks/random/P0.5N4L55M100T100-7.mltl,0.092,15495.2,sat
/home/michele/mltlsat/Benchmarks/random/P0.5N4L55M100T100-8.mltl,0.132,13912.8,sat
/home/michele/mltlsat/Benchmarks/random/P0.5N4L55M100T100-9.mltl,0.02,9352.8,sat
/home/michele/mltlsat/Benchmarks/random/P0.5N4L5M100T100-10.mltl,0.0,7784.8,sat
/home/michele/mltlsat/Benchmarks/random/P0.5N4L5M100T100-1.mltl,0.0,7815.2,sat
/home/michele/mltlsat/Benchmarks/random/P0.5N4L5M100T100-2.mltl,0.0,7788,sat
/home/michele/mltlsat/Benchmarks/random/P0.5N4L5M100T100-3.mltl,0.0,7804.8,sat
/home/michele/mltlsat/Benchmarks/random/P0.5N4L5M100T100-4.mltl,0.0,7823.2,sat
/home/michele/mltlsat/Benchmarks/random/P0.5N4L5M100T100-5.mltl,0.0,7794.4,sat
/home/michele/mltlsat/Benchmarks/random/P0.5N4L5M100T100-6.mltl,0.0,7805.6,sat
/home/michele/mltlsat/Benchmarks/random/P0.5N4L5M100T100-7.mltl,0.0,7805.6,sat
/home/michele/mltlsat/Benchmarks/random/P0.5N4L5M100T100-8.mltl,0.0,7801.6,sat
/home/michele/mltlsat/Benchmarks/random/P0.5N4L5M100T100-9.mltl,0.0,7806.4,sat
/home/michele/mltlsat/Benchmarks/random/P0.5N4L60M100T100-10.mltl,0.0,9330.4,sat
/home/michele/mltlsat/Benchmarks/random/P0.5N4L60M100T100-1.mltl,0.0,7776,sat
/home/michele/mltlsat/Benchmarks/random/P0.5N4L60M100T100-2.mltl,0.0,7791.2,sat
/home/michele/mltlsat/Benchmarks/random/P0.5N4L60M100T100-3.mltl,0.0,9340,sat
/home/michele/mltlsat/Benchmarks/random/P0.5N4L60M100T100-4.mltl,0.0,10885.6,sat
/home/michele/mltlsat/Benchmarks/random/P0.5N4L60M100T100-5.mltl,0.318,13945.6,sat
/home/michele/mltlsat/Benchmarks/random/P0.5N4L60M100T100-6.mltl,0.0,7793.6,sat
/home/michele/mltlsat/Benchmarks/random/P0.5N4L60M100T100-7.mltl,0.0,7816,sat
/home/michele/mltlsat/Benchmarks/random/P0.5N4L60M100T100-8.mltl,0.11,13994.4,sat
/home/michele/mltlsat/Benchmarks/random/P0.5N4L60M100T100-9.mltl,0.0,7794.4,unsat
/home/michele/mltlsat/Benchmarks/random/P0.5N4L65M100T100-10.mltl,0.0,9324.8,sat
/home/michele/mltlsat/Benchmarks/random/P0.5N4L65M100T100-1.mltl,0.0,9352,sat
/home/michele/mltlsat/Benchmarks/random/P0.5N4L65M100T100-2.mltl,0.0,12421.6,sat
/home/michele/mltlsat/Benchmarks/random/P0.5N4L65M100T100-3.mltl,-1,-1,TO
/home/michele/mltlsat/Benchmarks/random/P0.5N4L65M100T100-4.mltl,0.0,7779.2,unsat
/home/michele/mltlsat/Benchmarks/random/P0.5N4L65M100T100-5.mltl,0.0,9321.6,sat
/home/michele/mltlsat/Benchmarks/random/P0.5N4L65M100T100-6.mltl,0.01,9321.6,sat
/home/michele/mltlsat/Benchmarks/random/P0.5N4L65M100T100-7.mltl,-1,-1,TO
/home/michele/mltlsat/Benchmarks/random/P0.5N4L65M100T100-8.mltl,0.242,32378.4,sat
/home/michele/mltlsat/Benchmarks/random/P0.5N4L65M100T100-9.mltl,0.02,10894.4,sat
/home/michele/mltlsat/Benchmarks/random/P0.5N4L70M100T100-10.mltl,4.022,13627.2,sat
/home/michele/mltlsat/Benchmarks/random/P0.5N4L70M100T100-1.mltl,38.87,46527.2,sat
/home/michele/mltlsat/Benchmarks/random/P0.5N4L70M100T100-2.mltl,-1,-1,TO
/home/michele/mltlsat/Benchmarks/random/P0.5N4L70M100T100-3.mltl,19.418,49573.6,sat
/home/michele/mltlsat/Benchmarks/random/P0.5N4L70M100T100-4.mltl,0.01,9346.4,sat
/home/michele/mltlsat/Benchmarks/random/P0.5N4L70M100T100-5.mltl,0.486,28691.2,sat
/home/michele/mltlsat/Benchmarks/random/P0.5N4L70M100T100-6.mltl,0.0,7789.6,sat
/home/michele/mltlsat/Benchmarks/random/P0.5N4L70M100T100-7.mltl,0.0,9301.6,sat
/home/michele/mltlsat/Benchmarks/random/P0.5N4L70M100T100-8.mltl,0.0,9340,sat
/home/michele/mltlsat/Benchmarks/random/P0.5N4L70M100T100-9.mltl,1.166,19748,sat
/home/michele/mltlsat/Benchmarks/random/P0.5N4L75M100T100-10.mltl,0.0,10870.4,sat
/home/michele/mltlsat/Benchmarks/random/P0.5N4L75M100T100-1.mltl,0.12,15483.2,sat
/home/michele/mltlsat/Benchmarks/random/P0.5N4L75M100T100-2.mltl,0.478,20125.6,sat
/home/michele/mltlsat/Benchmarks/random/P0.5N4L75M100T100-3.mltl,0.01,10557.6,sat
/home/michele/mltlsat/Benchmarks/random/P0.5N4L75M100T100-4.mltl,4.628,105823.2,sat
/home/michele/mltlsat/Benchmarks/random/P0.5N4L75M100T100-5.mltl,0.0,7802.4,sat
/home/michele/mltlsat/Benchmarks/random/P0.5N4L75M100T100-6.mltl,0.01,10853.6,sat
/home/michele/mltlsat/Benchmarks/random/P0.5N4L75M100T100-7.mltl,11.464,17621.6,sat
/home/michele/mltlsat/Benchmarks/random/P0.5N4L75M100T100-8.mltl,0.0,9346.4,sat
/home/michele/mltlsat/Benchmarks/random/P0.5N4L75M100T100-9.mltl,0.04,10880.8,sat
/home/michele/mltlsat/Benchmarks/random/P0.5N4L80M100T100-10.mltl,-1,-1,TO
/home/michele/mltlsat/Benchmarks/random/P0.5N4L80M100T100-1.mltl,0.0,7803.2,sat
/home/michele/mltlsat/Benchmarks/random/P0.5N4L80M100T100-2.mltl,0.0,10864.8,sat
/home/michele/mltlsat/Benchmarks/random/P0.5N4L80M100T100-3.mltl,0.0,9323.2,sat
/home/michele/mltlsat/Benchmarks/random/P0.5N4L80M100T100-4.mltl,0.006,9022.4,sat
/home/michele/mltlsat/Benchmarks/random/P0.5N4L80M100T100-5.mltl,0.0,7809.6,sat
/home/michele/mltlsat/Benchmarks/random/P0.5N4L80M100T100-6.mltl,0.04,12380,sat
/home/michele/mltlsat/Benchmarks/random/P0.5N4L80M100T100-7.mltl,0.0,9323.2,sat
/home/michele/mltlsat/Benchmarks/random/P0.5N4L80M100T100-8.mltl,0.02,10856.8,sat
/home/michele/mltlsat/Benchmarks/random/P0.5N4L80M100T100-9.mltl,0.0,7807.2,sat
/home/michele/mltlsat/Benchmarks/random/P0.5N4L85M100T100-10.mltl,0.44,18560.8,sat
/home/michele/mltlsat/Benchmarks/random/P0.5N4L85M100T100-1.mltl,0.0,7806.4,sat
/home/michele/mltlsat/Benchmarks/random/P0.5N4L85M100T100-2.mltl,0.0,9314.4,sat
/home/michele/mltlsat/Benchmarks/random/P0.5N4L85M100T100-3.mltl,0.0,7800,sat
/home/michele/mltlsat/Benchmarks/random/P0.5N4L85M100T100-4.mltl,0.05,10872.8,sat
/home/michele/mltlsat/Benchmarks/random/P0.5N4L85M100T100-5.mltl,0.0,7801.6,unsat
/home/michele/mltlsat/Benchmarks/random/P0.5N4L85M100T100-6.mltl,0.0,10851.2,sat
/home/michele/mltlsat/Benchmarks/random/P0.5N4L85M100T100-7.mltl,0.0,9342.4,sat
/home/michele/mltlsat/Benchmarks/random/P0.5N4L85M100T100-8.mltl,0.0,7819.2,unsat
/home/michele/mltlsat/Benchmarks/random/P0.5N4L85M100T100-9.mltl,-1,-1,TO
/home/michele/mltlsat/Benchmarks/random/P0.5N4L90M100T100-10.mltl,0.02,10883.2,sat
/home/michele/mltlsat/Benchmarks/random/P0.5N4L90M100T100-1.mltl,0.01,12368,sat
/home/michele/mltlsat/Benchmarks/random/P0.5N4L90M100T100-2.mltl,0.0,9336.8,sat
/home/michele/mltlsat/Benchmarks/random/P0.5N4L90M100T100-3.mltl,0.0,9363.2,sat
/home/michele/mltlsat/Benchmarks/random/P0.5N4L90M100T100-4.mltl,-1,-1,TO
/home/michele/mltlsat/Benchmarks/random/P0.5N4L90M100T100-5.mltl,0.02,12386.4,sat
/home/michele/mltlsat/Benchmarks/random/P0.5N4L90M100T100-6.mltl,-1,-1,TO
/home/michele/mltlsat/Benchmarks/random/P0.5N4L90M100T100-7.mltl,0.0,7794.4,unsat
/home/michele/mltlsat/Benchmarks/random/P0.5N4L90M100T100-8.mltl,0.0,10868.8,sat
/home/michele/mltlsat/Benchmarks/random/P0.5N4L90M100T100-9.mltl,0.0,10882.4,sat
/home/michele/mltlsat/Benchmarks/random/P0.5N4L95M100T100-10.mltl,0.0,10884,sat
/home/michele/mltlsat/Benchmarks/random/P0.5N4L95M100T100-1.mltl,0.03,18552.8,sat
/home/michele/mltlsat/Benchmarks/random/P0.5N4L95M100T100-2.mltl,-1,-1,TO
/home/michele/mltlsat/Benchmarks/random/P0.5N4L95M100T100-3.mltl,0.02,15468.8,sat
/home/michele/mltlsat/Benchmarks/random/P0.5N4L95M100T100-4.mltl,0.0,7807.2,sat
/home/michele/mltlsat/Benchmarks/random/P0.5N4L95M100T100-5.mltl,0.0,7795.2,sat
/home/michele/mltlsat/Benchmarks/random/P0.5N4L95M100T100-6.mltl,22.166,1183148.8,sat
/home/michele/mltlsat/Benchmarks/random/P0.5N4L95M100T100-7.mltl,0.0,7791.2,unsat
/home/michele/mltlsat/Benchmarks/random/P0.5N4L95M100T100-8.mltl,0.03,16691.2,sat
/home/michele/mltlsat/Benchmarks/random/P0.5N4L95M100T100-9.mltl,0.0,10864.8,sat
/home/michele/mltlsat/Benchmarks/random/P0.5N5L100M100T100-10.mltl,0.012,9331.2,sat
/home/michele/mltlsat/Benchmarks/random/P0.5N5L100M100T100-1.mltl,0.0,7803.2,sat
/home/michele/mltlsat/Benchmarks/random/P0.5N5L100M100T100-2.mltl,0.2,43126.4,sat
/home/michele/mltlsat/Benchmarks/random/P0.5N5L100M100T100-3.mltl,0.0,7785.6,sat
/home/michele/mltlsat/Benchmarks/random/P0.5N5L100M100T100-4.mltl,0.0,9326.4,sat
/home/michele/mltlsat/Benchmarks/random/P0.5N5L100M100T100-5.mltl,0.0,9328.8,sat
/home/michele/mltlsat/Benchmarks/random/P0.5N5L100M100T100-6.mltl,0.057999999999999996,18242.4,sat
/home/michele/mltlsat/Benchmarks/random/P0.5N5L100M100T100-7.mltl,0.68,45888,sat
/home/michele/mltlsat/Benchmarks/random/P0.5N5L100M100T100-8.mltl,0.02,9331.2,sat
/home/michele/mltlsat/Benchmarks/random/P0.5N5L100M100T100-9.mltl,0.01,9356.8,sat
/home/michele/mltlsat/Benchmarks/random/P0.5N5L10M100T100-10.mltl,0.0,7808,sat
/home/michele/mltlsat/Benchmarks/random/P0.5N5L10M100T100-1.mltl,0.0,9363.2,sat
/home/michele/mltlsat/Benchmarks/random/P0.5N5L10M100T100-2.mltl,0.0,9322.4,sat
/home/michele/mltlsat/Benchmarks/random/P0.5N5L10M100T100-3.mltl,0.0,7807.2,sat
/home/michele/mltlsat/Benchmarks/random/P0.5N5L10M100T100-4.mltl,0.0,9328.8,sat
/home/michele/mltlsat/Benchmarks/random/P0.5N5L10M100T100-5.mltl,0.0,7816.8,sat
/home/michele/mltlsat/Benchmarks/random/P0.5N5L10M100T100-6.mltl,0.0,7807.2,sat
/home/michele/mltlsat/Benchmarks/random/P0.5N5L10M100T100-7.mltl,0.0,7814.4,sat
/home/michele/mltlsat/Benchmarks/random/P0.5N5L10M100T100-8.mltl,0.0,9347.2,sat
/home/michele/mltlsat/Benchmarks/random/P0.5N5L10M100T100-9.mltl,0.0,7798.4,sat
/home/michele/mltlsat/Benchmarks/random/P0.5N5L15M100T100-10.mltl,0.0,7799.2,sat
/home/michele/mltlsat/Benchmarks/random/P0.5N5L15M100T100-1.mltl,0.0,7797.6,sat
/home/michele/mltlsat/Benchmarks/random/P0.5N5L15M100T100-2.mltl,0.0,7784,sat
/home/michele/mltlsat/Benchmarks/random/P0.5N5L15M100T100-3.mltl,0.0,9336.8,sat
/home/michele/mltlsat/Benchmarks/random/P0.5N5L15M100T100-4.mltl,0.0,9339.2,sat
/home/michele/mltlsat/Benchmarks/random/P0.5N5L15M100T100-5.mltl,0.0,9335.2,sat
/home/michele/mltlsat/Benchmarks/random/P0.5N5L15M100T100-6.mltl,0.0,9334.4,sat
/home/michele/mltlsat/Benchmarks/random/P0.5N5L15M100T100-7.mltl,0.0,7783.2,sat
/home/michele/mltlsat/Benchmarks/random/P0.5N5L15M100T100-8.mltl,0.0,7820,sat
/home/michele/mltlsat/Benchmarks/random/P0.5N5L15M100T100-9.mltl,0.0,7535.2,sat
/home/michele/mltlsat/Benchmarks/random/P0.5N5L20M100T100-10.mltl,0.0,7791.2,sat
/home/michele/mltlsat/Benchmarks/random/P0.5N5L20M100T100-1.mltl,0.0,9334.4,sat
/home/michele/mltlsat/Benchmarks/random/P0.5N5L20M100T100-2.mltl,0.0,9336,sat
/home/michele/mltlsat/Benchmarks/random/P0.5N5L20M100T100-3.mltl,0.0,9313.6,sat
/home/michele/mltlsat/Benchmarks/random/P0.5N5L20M100T100-4.mltl,0.01,9031.2,sat
/home/michele/mltlsat/Benchmarks/random/P0.5N5L20M100T100-5.mltl,0.0,9364.8,sat
/home/michele/mltlsat/Benchmarks/random/P0.5N5L20M100T100-6.mltl,0.0,7801.6,sat
/home/michele/mltlsat/Benchmarks/random/P0.5N5L20M100T100-7.mltl,0.0,7800.8,sat
/home/michele/mltlsat/Benchmarks/random/P0.5N5L20M100T100-8.mltl,0.0,9322.4,sat
/home/michele/mltlsat/Benchmarks/random/P0.5N5L20M100T100-9.mltl,0.0,7796.8,sat
/home/michele/mltlsat/Benchmarks/random/P0.5N5L25M100T100-10.mltl,-1,-1,TO
/home/michele/mltlsat/Benchmarks/random/P0.5N5L25M100T100-1.mltl,0.0,9340,sat
/home/michele/mltlsat/Benchmarks/random/P0.5N5L25M100T100-2.mltl,0.0,7797.6,sat
/home/michele/mltlsat/Benchmarks/random/P0.5N5L25M100T100-3.mltl,0.0,7819.2,sat
/home/michele/mltlsat/Benchmarks/random/P0.5N5L25M100T100-4.mltl,0.0,7801.6,sat
/home/michele/mltlsat/Benchmarks/random/P0.5N5L25M100T100-5.mltl,-1,-1,TO
/home/michele/mltlsat/Benchmarks/random/P0.5N5L25M100T100-6.mltl,0.0,7793.6,sat
/home/michele/mltlsat/Benchmarks/random/P0.5N5L25M100T100-7.mltl,0.0,7792.8,sat
/home/michele/mltlsat/Benchmarks/random/P0.5N5L25M100T100-8.mltl,0.0,9319.2,sat
/home/michele/mltlsat/Benchmarks/random/P0.5N5L25M100T100-9.mltl,0.0,7783.2,sat
/home/michele/mltlsat/Benchmarks/random/P0.5N5L30M100T100-10.mltl,0.0,7797.6,sat
/home/michele/mltlsat/Benchmarks/random/P0.5N5L30M100T100-1.mltl,0.0,7800,sat
/home/michele/mltlsat/Benchmarks/random/P0.5N5L30M100T100-2.mltl,0.0,7807.2,sat
/home/michele/mltlsat/Benchmarks/random/P0.5N5L30M100T100-3.mltl,0.01,13953.6,sat
/home/michele/mltlsat/Benchmarks/random/P0.5N5L30M100T100-4.mltl,0.0,9337.6,sat
/home/michele/mltlsat/Benchmarks/random/P0.5N5L30M100T100-5.mltl,0.0,7793.6,sat
/home/michele/mltlsat/Benchmarks/random/P0.5N5L30M100T100-6.mltl,0.0,7783.2,unsat
/home/michele/mltlsat/Benchmarks/random/P0.5N5L30M100T100-7.mltl,0.0,7796.8,sat
/home/michele/mltlsat/Benchmarks/random/P0.5N5L30M100T100-8.mltl,0.0,9350.4,sat
/home/michele/mltlsat/Benchmarks/random/P0.5N5L30M100T100-9.mltl,0.0,7776,sat
/home/michele/mltlsat/Benchmarks/random/P0.5N5L35M100T100-10.mltl,0.01,10859.2,sat
/home/michele/mltlsat/Benchmarks/random/P0.5N5L35M100T100-1.mltl,1.064,10833.6,sat
/home/michele/mltlsat/Benchmarks/random/P0.5N5L35M100T100-2.mltl,0.02,9351.2,sat
/home/michele/mltlsat/Benchmarks/random/P0.5N5L35M100T100-3.mltl,0.0,7804,sat
/home/michele/mltlsat/Benchmarks/random/P0.5N5L35M100T100-4.mltl,0.0,9338.4,sat
/home/michele/mltlsat/Benchmarks/random/P0.5N5L35M100T100-5.mltl,0.0,9335.2,sat
/home/michele/mltlsat/Benchmarks/random/P0.5N5L35M100T100-6.mltl,1.682,68947.2,sat
/home/michele/mltlsat/Benchmarks/random/P0.5N5L35M100T100-7.mltl,0.022,10864.8,sat
/home/michele/mltlsat/Benchmarks/random/P0.5N5L35M100T100-8.mltl,0.0,7772,sat
/home/michele/mltlsat/Benchmarks/random/P0.5N5L35M100T100-9.mltl,0.0,9344,sat
/home/michele/mltlsat/Benchmarks/random/P0.5N5L40M100T100-10.mltl,0.08,17027.2,sat
/home/michele/mltlsat/Benchmarks/random/P0.5N5L40M100T100-1.mltl,0.0,9358.4,sat
/home/michele/mltlsat/Benchmarks/random/P0.5N5L40M100T100-2.mltl,0.15,15486.4,sat
/home/michele/mltlsat/Benchmarks/random/P0.5N5L40M100T100-3.mltl,0.006,9320.8,sat
/home/michele/mltlsat/Benchmarks/random/P0.5N5L40M100T100-4.mltl,0.42,42794.4,sat
/home/michele/mltlsat/Benchmarks/random/P0.5N5L40M100T100-5.mltl,0.0,9322.4,sat
/home/michele/mltlsat/Benchmarks/random/P0.5N5L40M100T100-6.mltl,0.0,7812,sat
/home/michele/mltlsat/Benchmarks/random/P0.5N5L40M100T100-7.mltl,0.0,7771.2,sat
/home/michele/mltlsat/Benchmarks/random/P0.5N5L40M100T100-8.mltl,0.0,7793.6,sat
/home/michele/mltlsat/Benchmarks/random/P0.5N5L40M100T100-9.mltl,0.0,7776.8,sat
/home/michele/mltlsat/Benchmarks/random/P0.5N5L45M100T100-10.mltl,0.0,7820,sat
/home/michele/mltlsat/Benchmarks/random/P0.5N5L45M100T100-1.mltl,0.0,7780.8,sat
/home/michele/mltlsat/Benchmarks/random/P0.5N5L45M100T100-2.mltl,0.01,7804.8,sat
/home/michele/mltlsat/Benchmarks/random/P0.5N5L45M100T100-3.mltl,0.14,13941.6,sat
/home/michele/mltlsat/Benchmarks/random/P0.5N5L45M100T100-4.mltl,-1,-1,TO
/home/michele/mltlsat/Benchmarks/random/P0.5N5L45M100T100-5.mltl,0.02,9329.6,sat
/home/michele/mltlsat/Benchmarks/random/P0.5N5L45M100T100-6.mltl,0.0,9345.6,sat
/home/michele/mltlsat/Benchmarks/random/P0.5N5L45M100T100-7.mltl,0.0,7795.2,sat
/home/michele/mltlsat/Benchmarks/random/P0.5N5L45M100T100-8.mltl,0.0,9333.6,sat
/home/michele/mltlsat/Benchmarks/random/P0.5N5L45M100T100-9.mltl,0.08,18552.8,sat
/home/michele/mltlsat/Benchmarks/random/P0.5N5L50M100T100-10.mltl,0.0,7797.6,sat
/home/michele/mltlsat/Benchmarks/random/P0.5N5L50M100T100-1.mltl,0.0,9351.2,sat
/home/michele/mltlsat/Benchmarks/random/P0.5N5L50M100T100-2.mltl,0.0,9344,sat
/home/michele/mltlsat/Benchmarks/random/P0.5N5L50M100T100-3.mltl,0.01,13931.2,sat
/home/michele/mltlsat/Benchmarks/random/P0.5N5L50M100T100-4.mltl,0.0,9334.4,sat
/home/michele/mltlsat/Benchmarks/random/P0.5N5L50M100T100-5.mltl,0.218,87688,sat
/home/michele/mltlsat/Benchmarks/random/P0.5N5L50M100T100-6.mltl,0.0,9317.6,sat
/home/michele/mltlsat/Benchmarks/random/P0.5N5L50M100T100-7.mltl,0.0,7831.2,sat
/home/michele/mltlsat/Benchmarks/random/P0.5N5L50M100T100-8.mltl,0.0,9359.2,sat
/home/michele/mltlsat/Benchmarks/random/P0.5N5L50M100T100-9.mltl,0.0,7782.4,sat
/home/michele/mltlsat/Benchmarks/random/P0.5N5L55M100T100-10.mltl,0.01,12387.2,sat
/home/michele/mltlsat/Benchmarks/random/P0.5N5L55M100T100-1.mltl,0.01,10868.8,sat
/home/michele/mltlsat/Benchmarks/random/P0.5N5L55M100T100-2.mltl,0.04,12093.6,sat
/home/michele/mltlsat/Benchmarks/random/P0.5N5L55M100T100-3.mltl,0.02,10874.4,sat
/home/michele/mltlsat/Benchmarks/random/P0.5N5L55M100T100-4.mltl,-1,-1,TO
/home/michele/mltlsat/Benchmarks/random/P0.5N5L55M100T100-5.mltl,0.0,7799.2,sat
/home/michele/mltlsat/Benchmarks/random/P0.5N5L55M100T100-6.mltl,-1,-1,TO
/home/michele/mltlsat/Benchmarks/random/P0.5N5L55M100T100-7.mltl,0.0,7812,sat
/home/michele/mltlsat/Benchmarks/random/P0.5N5L55M100T100-8.mltl,0.02,9348.8,sat
/home/michele/mltlsat/Benchmarks/random/P0.5N5L55M100T100-9.mltl,0.0,7798.4,sat
/home/michele/mltlsat/Benchmarks/random/P0.5N5L5M100T100-10.mltl,0.0,7812.8,sat
/home/michele/mltlsat/Benchmarks/random/P0.5N5L5M100T100-1.mltl,0.0,7800,sat
/home/michele/mltlsat/Benchmarks/random/P0.5N5L5M100T100-2.mltl,0.0,7811.2,sat
/home/michele/mltlsat/Benchmarks/random/P0.5N5L5M100T100-3.mltl,0.0,7791.2,sat
/home/michele/mltlsat/Benchmarks/random/P0.5N5L5M100T100-4.mltl,0.0,7798.4,sat
/home/michele/mltlsat/Benchmarks/random/P0.5N5L5M100T100-5.mltl,0.0,7787.2,sat
/home/michele/mltlsat/Benchmarks/random/P0.5N5L5M100T100-6.mltl,0.0,9338.4,sat
/home/michele/mltlsat/Benchmarks/random/P0.5N5L5M100T100-7.mltl,0.0,7815.2,sat
/home/michele/mltlsat/Benchmarks/random/P0.5N5L5M100T100-8.mltl,0.0,7798.4,sat
/home/michele/mltlsat/Benchmarks/random/P0.5N5L5M100T100-9.mltl,0.0,7795.2,sat
/home/michele/mltlsat/Benchmarks/random/P0.5N5L60M100T100-10.mltl,-1,-1,TO
/home/michele/mltlsat/Benchmarks/random/P0.5N5L60M100T100-1.mltl,0.0,9307.2,sat
/home/michele/mltlsat/Benchmarks/random/P0.5N5L60M100T100-2.mltl,0.04,12399.2,sat
/home/michele/mltlsat/Benchmarks/random/P0.5N5L60M100T100-3.mltl,0.0,7792.8,sat
/home/michele/mltlsat/Benchmarks/random/P0.5N5L60M100T100-4.mltl,0.63,35442.4,sat
/home/michele/mltlsat/Benchmarks/random/P0.5N5L60M100T100-5.mltl,-1,-1,TO
/home/michele/mltlsat/Benchmarks/random/P0.5N5L60M100T100-6.mltl,0.0,7804,sat
/home/michele/mltlsat/Benchmarks/random/P0.5N5L60M100T100-7.mltl,0.404,23168.8,sat
/home/michele/mltlsat/Benchmarks/random/P0.5N5L60M100T100-8.mltl,0.0,7800.8,sat
/home/michele/mltlsat/Benchmarks/random/P0.5N5L60M100T100-9.mltl,-1,-1,TO
/home/michele/mltlsat/Benchmarks/random/P0.5N5L65M100T100-10.mltl,-1,-1,TO
/home/michele/mltlsat/Benchmarks/random/P0.5N5L65M100T100-1.mltl,0.03,12409.6,sat
/home/michele/mltlsat/Benchmarks/random/P0.5N5L65M100T100-2.mltl,52.534,15779.2,unsat
/home/michele/mltlsat/Benchmarks/random/P0.5N5L65M100T100-3.mltl,0.0,9320,sat
/home/michele/mltlsat/Benchmarks/random/P0.5N5L65M100T100-4.mltl,0.0,9333.6,sat
/home/michele/mltlsat/Benchmarks/random/P0.5N5L65M100T100-5.mltl,0.0,7786.4,sat
/home/michele/mltlsat/Benchmarks/random/P0.5N5L65M100T100-6.mltl,0.014,12382.4,sat
/home/michele/mltlsat/Benchmarks/random/P0.5N5L65M100T100-7.mltl,0.002,9349.6,sat
/home/michele/mltlsat/Benchmarks/random/P0.5N5L65M100T100-8.mltl,0.0,9344.8,sat
/home/michele/mltlsat/Benchmarks/random/P0.5N5L65M100T100-9.mltl,0.0,9319.2,sat
/home/michele/mltlsat/Benchmarks/random/P0.5N5L70M100T100-10.mltl,0.02,10874.4,sat
/home/michele/mltlsat/Benchmarks/random/P0.5N5L70M100T100-1.mltl,0.0,9337.6,sat
/home/michele/mltlsat/Benchmarks/random/P0.5N5L70M100T100-2.mltl,0.0,7770.4,sat
/home/michele/mltlsat/Benchmarks/random/P0.5N5L70M100T100-3.mltl,0.0,7812,sat
/home/michele/mltlsat/Benchmarks/random/P0.5N5L70M100T100-4.mltl,3.166,233296,sat
/home/michele/mltlsat/Benchmarks/random/P0.5N5L70M100T100-5.mltl,0.01,10872.8,sat
/home/michele/mltlsat/Benchmarks/random/P0.5N5L70M100T100-6.mltl,0.0,9333.6,sat
/home/michele/mltlsat/Benchmarks/random/P0.5N5L70M100T100-7.mltl,0.006,10858.4,sat
/home/michele/mltlsat/Benchmarks/random/P0.5N5L70M100T100-8.mltl,0.23,53856.8,sat
/home/michele/mltlsat/Benchmarks/random/P0.5N5L70M100T100-9.mltl,0.0,7812,sat
/home/michele/mltlsat/Benchmarks/random/P0.5N5L75M100T100-10.mltl,-1,-1,TO
/home/michele/mltlsat/Benchmarks/random/P0.5N5L75M100T100-1.mltl,2.272,24380,sat
/home/michele/mltlsat/Benchmarks/random/P0.5N5L75M100T100-2.mltl,27.15,111953.6,sat
/home/michele/mltlsat/Benchmarks/random/P0.5N5L75M100T100-3.mltl,0.13,15444,sat
/home/michele/mltlsat/Benchmarks/random/P0.5N5L75M100T100-4.mltl,0.784,61524.8,sat
/home/michele/mltlsat/Benchmarks/random/P0.5N5L75M100T100-5.mltl,0.0,7778.4,sat
/home/michele/mltlsat/Benchmarks/random/P0.5N5L75M100T100-6.mltl,-1,-1,TO
/home/michele/mltlsat/Benchmarks/random/P0.5N5L75M100T100-7.mltl,0.0,9325.6,sat
/home/michele/mltlsat/Benchmarks/random/P0.5N5L75M100T100-8.mltl,0.0,7803.2,sat
/home/michele/mltlsat/Benchmarks/random/P0.5N5L75M100T100-9.mltl,0.0,9344,sat
/home/michele/mltlsat/Benchmarks/random/P0.5N5L80M100T100-10.mltl,0.0,7792,sat
/home/michele/mltlsat/Benchmarks/random/P0.5N5L80M100T100-1.mltl,-1,-1,TO
/home/michele/mltlsat/Benchmarks/random/P0.5N5L80M100T100-2.mltl,0.0,7787.2,sat
/home/michele/mltlsat/Benchmarks/random/P0.5N5L80M100T100-3.mltl,0.01,10850.4,sat
/home/michele/mltlsat/Benchmarks/random/P0.5N5L80M100T100-4.mltl,0.87,27779.2,sat
/home/michele/mltlsat/Benchmarks/random/P0.5N5L80M100T100-5.mltl,0.0,9326.4,sat
/home/michele/mltlsat/Benchmarks/random/P0.5N5L80M100T100-6.mltl,0.476,47757.6,sat
/home/michele/mltlsat/Benchmarks/random/P0.5N5L80M100T100-7.mltl,0.0,7495.2,sat
/home/michele/mltlsat/Benchmarks/random/P0.5N5L80M100T100-8.mltl,0.0,10875.2,sat
/home/michele/mltlsat/Benchmarks/random/P0.5N5L80M100T100-9.mltl,0.18,13939.2,sat
/home/michele/mltlsat/Benchmarks/random/P0.5N5L85M100T100-10.mltl,0.482,39776.8,sat
/home/michele/mltlsat/Benchmarks/random/P0.5N5L85M100T100-1.mltl,0.0,7825.6,sat
/home/michele/mltlsat/Benchmarks/random/P0.5N5L85M100T100-2.mltl,0.0,7792.8,sat
/home/michele/mltlsat/Benchmarks/random/P0.5N5L85M100T100-3.mltl,0.0,7811.2,sat
/home/michele/mltlsat/Benchmarks/random/P0.5N5L85M100T100-4.mltl,0.05,18546.4,sat
/home/michele/mltlsat/Benchmarks/random/P0.5N5L85M100T100-5.mltl,0.004,9374.4,sat
/home/michele/mltlsat/Benchmarks/random/P0.5N5L85M100T100-6.mltl,0.01,9346.4,sat
/home/michele/mltlsat/Benchmarks/random/P0.5N5L85M100T100-7.mltl,0.002,10878.4,sat
/home/michele/mltlsat/Benchmarks/random/P0.5N5L85M100T100-8.mltl,0.0,7762.4,sat
/home/michele/mltlsat/Benchmarks/random/P0.5N5L85M100T100-9.mltl,0.014,10860,sat
/home/michele/mltlsat/Benchmarks/random/P0.5N5L90M100T100-10.mltl,0.0,7780.8,sat
/home/michele/mltlsat/Benchmarks/random/P0.5N5L90M100T100-1.mltl,-1,-1,TO
/home/michele/mltlsat/Benchmarks/random/P0.5N5L90M100T100-2.mltl,0.0,9314.4,sat
/home/michele/mltlsat/Benchmarks/random/P0.5N5L90M100T100-3.mltl,0.0,7808,sat
/home/michele/mltlsat/Benchmarks/random/P0.5N5L90M100T100-4.mltl,0.0,9348,sat
/home/michele/mltlsat/Benchmarks/random/P0.5N5L90M100T100-5.mltl,0.0,9342.4,sat
/home/michele/mltlsat/Benchmarks/random/P0.5N5L90M100T100-6.mltl,-1,-1,TO
/home/michele/mltlsat/Benchmarks/random/P0.5N5L90M100T100-7.mltl,0.0,7787.2,sat
/home/michele/mltlsat/Benchmarks/random/P0.5N5L90M100T100-8.mltl,0.0,7799.2,sat
/home/michele/mltlsat/Benchmarks/random/P0.5N5L90M100T100-9.mltl,6.808,165089.6,sat
/home/michele/mltlsat/Benchmarks/random/P0.5N5L95M100T100-10.mltl,0.0,7793.6,sat
/home/michele/mltlsat/Benchmarks/random/P0.5N5L95M100T100-1.mltl,0.254,12381.6,sat
/home/michele/mltlsat/Benchmarks/random/P0.5N5L95M100T100-2.mltl,0.01,9316,sat
/home/michele/mltlsat/Benchmarks/random/P0.5N5L95M100T100-3.mltl,0.0,7764.8,sat
/home/michele/mltlsat/Benchmarks/random/P0.5N5L95M100T100-4.mltl,0.0,7787.2,sat
/home/michele/mltlsat/Benchmarks/random/P0.5N5L95M100T100-5.mltl,0.946,56953.6,sat
/home/michele/mltlsat/Benchmarks/random/P0.5N5L95M100T100-6.mltl,0.01,9337.6,sat
/home/michele/mltlsat/Benchmarks/random/P0.5N5L95M100T100-7.mltl,-1,-1,TO
/home/michele/mltlsat/Benchmarks/random/P0.5N5L95M100T100-8.mltl,0.0,9356.8,sat
/home/michele/mltlsat/Benchmarks/random/P0.5N5L95M100T100-9.mltl,0.0,7786.4,sat
/home/michele/mltlsat/Benchmarks/random/P0.7N1L100M100T100-10.mltl,59.138,167257.6,sat
/home/michele/mltlsat/Benchmarks/random/P0.7N1L100M100T100-1.mltl,-1,-1,TO
/home/michele/mltlsat/Benchmarks/random/P0.7N1L100M100T100-2.mltl,-1,-1,TO
/home/michele/mltlsat/Benchmarks/random/P0.7N1L100M100T100-3.mltl,-1,-1,TO
/home/michele/mltlsat/Benchmarks/random/P0.7N1L100M100T100-4.mltl,0.0,10908.8,sat
/home/michele/mltlsat/Benchmarks/random/P0.7N1L100M100T100-5.mltl,-1,-1,TO
/home/michele/mltlsat/Benchmarks/random/P0.7N1L100M100T100-6.mltl,-1,-1,TO
/home/michele/mltlsat/Benchmarks/random/P0.7N1L100M100T100-7.mltl,0.0,7786.4,sat
/home/michele/mltlsat/Benchmarks/random/P0.7N1L100M100T100-8.mltl,-1,-1,TO
/home/michele/mltlsat/Benchmarks/random/P0.7N1L100M100T100-9.mltl,1.004,36952,sat
/home/michele/mltlsat/Benchmarks/random/P0.7N1L10M100T100-10.mltl,0.0,7812,sat
/home/michele/mltlsat/Benchmarks/random/P0.7N1L10M100T100-1.mltl,0.0,7792,sat
/home/michele/mltlsat/Benchmarks/random/P0.7N1L10M100T100-2.mltl,0.0,9344,sat
/home/michele/mltlsat/Benchmarks/random/P0.7N1L10M100T100-3.mltl,0.0,9333.6,sat
/home/michele/mltlsat/Benchmarks/random/P0.7N1L10M100T100-4.mltl,0.0,7819.2,sat
/home/michele/mltlsat/Benchmarks/random/P0.7N1L10M100T100-5.mltl,0.0,9341.6,sat
/home/michele/mltlsat/Benchmarks/random/P0.7N1L10M100T100-6.mltl,0.0,7817.6,sat
/home/michele/mltlsat/Benchmarks/random/P0.7N1L10M100T100-7.mltl,0.0,7776.8,sat
/home/michele/mltlsat/Benchmarks/random/P0.7N1L10M100T100-8.mltl,0.0,9328,sat
/home/michele/mltlsat/Benchmarks/random/P0.7N1L10M100T100-9.mltl,0.01,9317.6,sat
/home/michele/mltlsat/Benchmarks/random/P0.7N1L15M100T100-10.mltl,0.0,9333.6,sat
/home/michele/mltlsat/Benchmarks/random/P0.7N1L15M100T100-1.mltl,0.0,7790.4,sat
/home/michele/mltlsat/Benchmarks/random/P0.7N1L15M100T100-2.mltl,0.0,9326.4,sat
/home/michele/mltlsat/Benchmarks/random/P0.7N1L15M100T100-3.mltl,0.0,7795.2,sat
/home/michele/mltlsat/Benchmarks/random/P0.7N1L15M100T100-4.mltl,0.0,7800.8,sat
/home/michele/mltlsat/Benchmarks/random/P0.7N1L15M100T100-5.mltl,0.0,7802.4,sat
/home/michele/mltlsat/Benchmarks/random/P0.7N1L15M100T100-6.mltl,0.0,9316,sat
/home/michele/mltlsat/Benchmarks/random/P0.7N1L15M100T100-7.mltl,0.0,7804.8,sat
/home/michele/mltlsat/Benchmarks/random/P0.7N1L15M100T100-8.mltl,0.0,7802.4,sat
/home/michele/mltlsat/Benchmarks/random/P0.7N1L15M100T100-9.mltl,0.0,9328,sat
/home/michele/mltlsat/Benchmarks/random/P0.7N1L20M100T100-10.mltl,0.0,10888.8,sat
/home/michele/mltlsat/Benchmarks/random/P0.7N1L20M100T100-1.mltl,0.03,9302.4,sat
/home/michele/mltlsat/Benchmarks/random/P0.7N1L20M100T100-2.mltl,0.122,15480,sat
/home/michele/mltlsat/Benchmarks/random/P0.7N1L20M100T100-3.mltl,0.0,9317.6,sat
/home/michele/mltlsat/Benchmarks/random/P0.7N1L20M100T100-4.mltl,0.0,9346.4,sat
/home/michele/mltlsat/Benchmarks/random/P0.7N1L20M100T100-5.mltl,0.0,7800.8,sat
/home/michele/mltlsat/Benchmarks/random/P0.7N1L20M100T100-6.mltl,0.0,9349.6,sat
/home/michele/mltlsat/Benchmarks/random/P0.7N1L20M100T100-7.mltl,0.0,7791.2,sat
/home/michele/mltlsat/Benchmarks/random/P0.7N1L20M100T100-8.mltl,0.0,9337.6,sat
/home/michele/mltlsat/Benchmarks/random/P0.7N1L20M100T100-9.mltl,0.0,9331.2,sat
/home/michele/mltlsat/Benchmarks/random/P0.7N1L25M100T100-10.mltl,0.12,13946.4,sat
/home/michele/mltlsat/Benchmarks/random/P0.7N1L25M100T100-1.mltl,0.0,7823.2,sat
/home/michele/mltlsat/Benchmarks/random/P0.7N1L25M100T100-2.mltl,0.0,9313.6,sat
/home/michele/mltlsat/Benchmarks/random/P0.7N1L25M100T100-3.mltl,0.0,9330.4,sat
/home/michele/mltlsat/Benchmarks/random/P0.7N1L25M100T100-4.mltl,0.01,9333.6,sat
/home/michele/mltlsat/Benchmarks/random/P0.7N1L25M100T100-5.mltl,0.0,7792.8,sat
/home/michele/mltlsat/Benchmarks/random/P0.7N1L25M100T100-6.mltl,-1,-1,TO
/home/michele/mltlsat/Benchmarks/random/P0.7N1L25M100T100-7.mltl,0.0,9339.2,sat
/home/michele/mltlsat/Benchmarks/random/P0.7N1L25M100T100-8.mltl,0.0,7791.2,sat
/home/michele/mltlsat/Benchmarks/random/P0.7N1L25M100T100-9.mltl,0.0,9336.8,sat
/home/michele/mltlsat/Benchmarks/random/P0.7N1L30M100T100-10.mltl,0.0,9326.4,sat
/home/michele/mltlsat/Benchmarks/random/P0.7N1L30M100T100-1.mltl,0.0,7796,sat
/home/michele/mltlsat/Benchmarks/random/P0.7N1L30M100T100-2.mltl,0.0,9339.2,sat
/home/michele/mltlsat/Benchmarks/random/P0.7N1L30M100T100-3.mltl,0.01,13920,sat
/home/michele/mltlsat/Benchmarks/random/P0.7N1L30M100T100-4.mltl,0.0,7784,sat
/home/michele/mltlsat/Benchmarks/random/P0.7N1L30M100T100-5.mltl,0.0,9355.2,sat
/home/michele/mltlsat/Benchmarks/random/P0.7N1L30M100T100-6.mltl,0.0,9348.8,sat
/home/michele/mltlsat/Benchmarks/random/P0.7N1L30M100T100-7.mltl,0.02,12095.2,sat
/home/michele/mltlsat/Benchmarks/random/P0.7N1L30M100T100-8.mltl,0.02,15470.4,sat
/home/michele/mltlsat/Benchmarks/random/P0.7N1L30M100T100-9.mltl,0.01,10564,sat
/home/michele/mltlsat/Benchmarks/random/P0.7N1L35M100T100-10.mltl,0.0,7796,sat
/home/michele/mltlsat/Benchmarks/random/P0.7N1L35M100T100-1.mltl,0.0,7796.8,sat
/home/michele/mltlsat/Benchmarks/random/P0.7N1L35M100T100-2.mltl,0.01,9318.4,sat
/home/michele/mltlsat/Benchmarks/random/P0.7N1L35M100T100-3.mltl,0.0,9328.8,sat
/home/michele/mltlsat/Benchmarks/random/P0.7N1L35M100T100-4.mltl,0.02,13652,sat
/home/michele/mltlsat/Benchmarks/random/P0.7N1L35M100T100-5.mltl,0.0,9312,sat
/home/michele/mltlsat/Benchmarks/random/P0.7N1L35M100T100-6.mltl,0.0,7799.2,sat
/home/michele/mltlsat/Benchmarks/random/P0.7N1L35M100T100-7.mltl,0.01,10870.4,sat
/home/michele/mltlsat/Benchmarks/random/P0.7N1L35M100T100-8.mltl,1.372,21674.4,sat
/home/michele/mltlsat/Benchmarks/random/P0.7N1L35M100T100-9.mltl,0.0,7786.4,sat
/home/michele/mltlsat/Benchmarks/random/P0.7N1L40M100T100-10.mltl,0.0,7764.8,unsat
/home/michele/mltlsat/Benchmarks/random/P0.7N1L40M100T100-1.mltl,43.612,13015.2,sat
/home/michele/mltlsat/Benchmarks/random/P0.7N1L40M100T100-2.mltl,0.0,9319.2,sat
/home/michele/mltlsat/Benchmarks/random/P0.7N1L40M100T100-3.mltl,0.23,15481.6,sat
/home/michele/mltlsat/Benchmarks/random/P0.7N1L40M100T100-4.mltl,0.01,10860.8,sat
/home/michele/mltlsat/Benchmarks/random/P0.7N1L40M100T100-5.mltl,-1,-1,TO
/home/michele/mltlsat/Benchmarks/random/P0.7N1L40M100T100-6.mltl,0.0,7822.4,sat
/home/michele/mltlsat/Benchmarks/random/P0.7N1L40M100T100-7.mltl,0.0,10864.8,sat
/home/michele/mltlsat/Benchmarks/random/P0.7N1L40M100T100-8.mltl,0.01,17005.6,sat
/home/michele/mltlsat/Benchmarks/random/P0.7N1L40M100T100-9.mltl,0.0,9317.6,sat
/home/michele/mltlsat/Benchmarks/random/P0.7N1L45M100T100-10.mltl,-1,-1,TO
/home/michele/mltlsat/Benchmarks/random/P0.7N1L45M100T100-1.mltl,0.012,10876,sat
/home/michele/mltlsat/Benchmarks/random/P0.7N1L45M100T100-2.mltl,0.17,9358.4,sat
/home/michele/mltlsat/Benchmarks/random/P0.7N1L45M100T100-3.mltl,0.01,10847.2,sat
/home/michele/mltlsat/Benchmarks/random/P0.7N1L45M100T100-4.mltl,0.01,9342.4,sat
/home/michele/mltlsat/Benchmarks/random/P0.7N1L45M100T100-5.mltl,-1,-1,TO
/home/michele/mltlsat/Benchmarks/random/P0.7N1L45M100T100-6.mltl,-1,-1,TO
/home/michele/mltlsat/Benchmarks/random/P0.7N1L45M100T100-7.mltl,75.092,20702.4,sat
/home/michele/mltlsat/Benchmarks/random/P0.7N1L45M100T100-8.mltl,0.196,15464.8,sat
/home/michele/mltlsat/Benchmarks/random/P0.7N1L45M100T100-9.mltl,0.0,7794.4,sat
/home/michele/mltlsat/Benchmarks/random/P0.7N1L50M100T100-10.mltl,0.01,9346.4,sat
/home/michele/mltlsat/Benchmarks/random/P0.7N1L50M100T100-1.mltl,0.02,10877.6,sat
/home/michele/mltlsat/Benchmarks/random/P0.7N1L50M100T100-2.mltl,0.02,12399.2,sat
/home/michele/mltlsat/Benchmarks/random/P0.7N1L50M100T100-3.mltl,0.0,7808.8,sat
/home/michele/mltlsat/Benchmarks/random/P0.7N1L50M100T100-4.mltl,-1,-1,TO
/home/michele/mltlsat/Benchmarks/random/P0.7N1L50M100T100-5.mltl,0.0,7824.8,sat
/home/michele/mltlsat/Benchmarks/random/P0.7N1L50M100T100-6.mltl,0.04,18583.2,sat
/home/michele/mltlsat/Benchmarks/random/P0.7N1L50M100T100-7.mltl,0.15,10888,unsat
/home/michele/mltlsat/Benchmarks/random/P0.7N1L50M100T100-8.mltl,0.0,7800.8,sat
/home/michele/mltlsat/Benchmarks/random/P0.7N1L50M100T100-9.mltl,0.0,9360,sat
/home/michele/mltlsat/Benchmarks/random/P0.7N1L55M100T100-10.mltl,0.0,9304,sat
/home/michele/mltlsat/Benchmarks/random/P0.7N1L55M100T100-1.mltl,0.0,10872,sat
/home/michele/mltlsat/Benchmarks/random/P0.7N1L55M100T100-2.mltl,0.0,7812.8,sat
/home/michele/mltlsat/Benchmarks/random/P0.7N1L55M100T100-3.mltl,0.01,10889.6,sat
/home/michele/mltlsat/Benchmarks/random/P0.7N1L55M100T100-4.mltl,0.0,7796.8,sat
/home/michele/mltlsat/Benchmarks/random/P0.7N1L55M100T100-5.mltl,0.0,7796,unsat
/home/michele/mltlsat/Benchmarks/random/P0.7N1L55M100T100-6.mltl,0.05,12420,sat
/home/michele/mltlsat/Benchmarks/random/P0.7N1L55M100T100-7.mltl,0.0,9321.6,sat
/home/michele/mltlsat/Benchmarks/random/P0.7N1L55M100T100-8.mltl,0.14,20078.4,sat
/home/michele/mltlsat/Benchmarks/random/P0.7N1L55M100T100-9.mltl,0.01,9325.6,sat
/home/michele/mltlsat/Benchmarks/random/P0.7N1L5M100T100-10.mltl,0.0,7796.8,sat
/home/michele/mltlsat/Benchmarks/random/P0.7N1L5M100T100-1.mltl,0.0,7783.2,sat
/home/michele/mltlsat/Benchmarks/random/P0.7N1L5M100T100-2.mltl,0.0,7808,sat
/home/michele/mltlsat/Benchmarks/random/P0.7N1L5M100T100-3.mltl,0.0,7809.6,sat
/home/michele/mltlsat/Benchmarks/random/P0.7N1L5M100T100-4.mltl,0.0,7796,sat
/home/michele/mltlsat/Benchmarks/random/P0.7N1L5M100T100-5.mltl,0.0,7800,sat
/home/michele/mltlsat/Benchmarks/random/P0.7N1L5M100T100-6.mltl,0.0,9342.4,sat
/home/michele/mltlsat/Benchmarks/random/P0.7N1L5M100T100-7.mltl,0.0,7792,sat
/home/michele/mltlsat/Benchmarks/random/P0.7N1L5M100T100-8.mltl,0.0,7797.6,sat
/home/michele/mltlsat/Benchmarks/random/P0.7N1L5M100T100-9.mltl,0.0,7830.4,sat
/home/michele/mltlsat/Benchmarks/random/P0.7N1L60M100T100-10.mltl,0.0,9342.4,sat
/home/michele/mltlsat/Benchmarks/random/P0.7N1L60M100T100-1.mltl,0.03,10564,sat
/home/michele/mltlsat/Benchmarks/random/P0.7N1L60M100T100-2.mltl,0.01,9354.4,unsat
/home/michele/mltlsat/Benchmarks/random/P0.7N1L60M100T100-3.mltl,0.01,10876.8,sat
/home/michele/mltlsat/Benchmarks/random/P0.7N1L60M100T100-4.mltl,0.0,7799.2,sat
/home/michele/mltlsat/Benchmarks/random/P0.7N1L60M100T100-5.mltl,-1,-1,TO
/home/michele/mltlsat/Benchmarks/random/P0.7N1L60M100T100-6.mltl,0.092,15489.6,sat
/home/michele/mltlsat/Benchmarks/random/P0.7N1L60M100T100-7.mltl,-1,-1,TO
/home/michele/mltlsat/Benchmarks/random/P0.7N1L60M100T100-8.mltl,0.0,7813.6,sat
/home/michele/mltlsat/Benchmarks/random/P0.7N1L60M100T100-9.mltl,0.3,55462.4,sat
/home/michele/mltlsat/Benchmarks/random/P0.7N1L65M100T100-10.mltl,0.08,10854.4,unsat
/home/michele/mltlsat/Benchmarks/random/P0.7N1L65M100T100-1.mltl,0.0,10861.6,sat
/home/michele/mltlsat/Benchmarks/random/P0.7N1L65M100T100-2.mltl,-1,-1,TO
/home/michele/mltlsat/Benchmarks/random/P0.7N1L65M100T100-3.mltl,-1,-1,TO
/home/michele/mltlsat/Benchmarks/random/P0.7N1L65M100T100-4.mltl,0.004,12380,sat
/home/michele/mltlsat/Benchmarks/random/P0.7N1L65M100T100-5.mltl,0.04,13952.8,sat
/home/michele/mltlsat/Benchmarks/random/P0.7N1L65M100T100-6.mltl,0.0,10872.8,sat
/home/michele/mltlsat/Benchmarks/random/P0.7N1L65M100T100-7.mltl,0.01,9336.8,sat
/home/michele/mltlsat/Benchmarks/random/P0.7N1L65M100T100-8.mltl,-1,-1,TO
/home/michele/mltlsat/Benchmarks/random/P0.7N1L65M100T100-9.mltl,0.0,7816.8,sat
/home/michele/mltlsat/Benchmarks/random/P0.7N1L70M100T100-10.mltl,0.18,20072.8,sat
/home/michele/mltlsat/Benchmarks/random/P0.7N1L70M100T100-1.mltl,0.0,9322.4,sat
/home/michele/mltlsat/Benchmarks/random/P0.7N1L70M100T100-2.mltl,0.0,9332,sat
/home/michele/mltlsat/Benchmarks/random/P0.7N1L70M100T100-3.mltl,0.32,75376.8,sat
/home/michele/mltlsat/Benchmarks/random/P0.7N1L70M100T100-4.mltl,0.0,7803.2,sat
/home/michele/mltlsat/Benchmarks/random/P0.7N1L70M100T100-5.mltl,0.01,10857.6,sat
/home/michele/mltlsat/Benchmarks/random/P0.7N1L70M100T100-6.mltl,-1,-1,TO
/home/michele/mltlsat/Benchmarks/random/P0.7N1L70M100T100-7.mltl,0.0,7809.6,sat
/home/michele/mltlsat/Benchmarks/random/P0.7N1L70M100T100-8.mltl,-1,-1,TO
/home/michele/mltlsat/Benchmarks/random/P0.7N1L70M100T100-9.mltl,0.0,7798.4,sat
/home/michele/mltlsat/Benchmarks/random/P0.7N1L75M100T100-10.mltl,0.5,190558.4,sat
/home/michele/mltlsat/Benchmarks/random/P0.7N1L75M100T100-1.mltl,0.02,10884.8,sat
/home/michele/mltlsat/Benchmarks/random/P0.7N1L75M100T100-2.mltl,0.0,9337.6,sat
/home/michele/mltlsat/Benchmarks/random/P0.7N1L75M100T100-3.mltl,0.0,9358.4,sat
/home/michele/mltlsat/Benchmarks/random/P0.7N1L75M100T100-4.mltl,0.426,13959.2,sat
/home/michele/mltlsat/Benchmarks/random/P0.7N1L75M100T100-5.mltl,1.52,10881.6,sat
/home/michele/mltlsat/Benchmarks/random/P0.7N1L75M100T100-6.mltl,0.0,7792.8,unsat
/home/michele/mltlsat/Benchmarks/random/P0.7N1L75M100T100-7.mltl,-1,-1,TO
/home/michele/mltlsat/Benchmarks/random/P0.7N1L75M100T100-8.mltl,0.0,7793.6,sat
/home/michele/mltlsat/Benchmarks/random/P0.7N1L75M100T100-9.mltl,0.01,12412.8,sat
/home/michele/mltlsat/Benchmarks/random/P0.7N1L80M100T100-10.mltl,0.314,30853.6,sat
/home/michele/mltlsat/Benchmarks/random/P0.7N1L80M100T100-1.mltl,-1,-1,TO
/home/michele/mltlsat/Benchmarks/random/P0.7N1L80M100T100-2.mltl,-1,-1,TO
/home/michele/mltlsat/Benchmarks/random/P0.7N1L80M100T100-3.mltl,0.04,18562.4,sat
/home/michele/mltlsat/Benchmarks/random/P0.7N1L80M100T100-4.mltl,-1,-1,TO
/home/michele/mltlsat/Benchmarks/random/P0.7N1L80M100T100-5.mltl,0.0,9314.4,sat
/home/michele/mltlsat/Benchmarks/random/P0.7N1L80M100T100-6.mltl,-1,-1,TO
/home/michele/mltlsat/Benchmarks/random/P0.7N1L80M100T100-7.mltl,0.0,9346.4,sat
/home/michele/mltlsat/Benchmarks/random/P0.7N1L80M100T100-8.mltl,0.03,13924.8,sat
/home/michele/mltlsat/Benchmarks/random/P0.7N1L80M100T100-9.mltl,0.34,46182.4,sat
/home/michele/mltlsat/Benchmarks/random/P0.7N1L85M100T100-10.mltl,0.5,27751.2,sat
/home/michele/mltlsat/Benchmarks/random/P0.7N1L85M100T100-1.mltl,0.0,9334.4,sat
/home/michele/mltlsat/Benchmarks/random/P0.7N1L85M100T100-2.mltl,19.727999999999998,40060.8,sat
/home/michele/mltlsat/Benchmarks/random/P0.7N1L85M100T100-3.mltl,0.06,15206.4,sat
/home/michele/mltlsat/Benchmarks/random/P0.7N1L85M100T100-4.mltl,0.0,9332.8,sat
/home/michele/mltlsat/Benchmarks/random/P0.7N1L85M100T100-5.mltl,0.0,7790.4,sat
/home/michele/mltlsat/Benchmarks/random/P0.7N1L85M100T100-6.mltl,0.768,38512,sat
/home/michele/mltlsat/Benchmarks/random/P0.7N1L85M100T100-7.mltl,-1,-1,TO
/home/michele/mltlsat/Benchmarks/random/P0.7N1L85M100T100-8.mltl,-1,-1,TO
/home/michele/mltlsat/Benchmarks/random/P0.7N1L85M100T100-9.mltl,0.01,15448,sat
/home/michele/mltlsat/Benchmarks/random/P0.7N1L90M100T100-10.mltl,0.004,12404,sat
/home/michele/mltlsat/Benchmarks/random/P0.7N1L90M100T100-1.mltl,0.022,10877.6,sat
/home/michele/mltlsat/Benchmarks/random/P0.7N1L90M100T100-2.mltl,-1,-1,TO
/home/michele/mltlsat/Benchmarks/random/P0.7N1L90M100T100-3.mltl,0.0,9331.2,sat
/home/michele/mltlsat/Benchmarks/random/P0.7N1L90M100T100-4.mltl,0.0,9329.6,sat
/home/michele/mltlsat/Benchmarks/random/P0.7N1L90M100T100-5.mltl,1.364,18243.2,sat
/home/michele/mltlsat/Benchmarks/random/P0.7N1L90M100T100-6.mltl,0.532,44654.4,sat
/home/michele/mltlsat/Benchmarks/random/P0.7N1L90M100T100-7.mltl,0.0,9326.4,sat
/home/michele/mltlsat/Benchmarks/random/P0.7N1L90M100T100-8.mltl,-1,-1,TO
/home/michele/mltlsat/Benchmarks/random/P0.7N1L90M100T100-9.mltl,-1,-1,TO
/home/michele/mltlsat/Benchmarks/random/P0.7N1L95M100T100-10.mltl,0.09,23168,sat
/home/michele/mltlsat/Benchmarks/random/P0.7N1L95M100T100-1.mltl,0.04,20095.2,sat
/home/michele/mltlsat/Benchmarks/random/P0.7N1L95M100T100-2.mltl,-1,-1,TO
/home/michele/mltlsat/Benchmarks/random/P0.7N1L95M100T100-3.mltl,0.14200000000000002,15471.2,sat
/home/michele/mltlsat/Benchmarks/random/P0.7N1L95M100T100-4.mltl,-1,-1,TO
/home/michele/mltlsat/Benchmarks/random/P0.7N1L95M100T100-5.mltl,0.0,7819.2,unsat
/home/michele/mltlsat/Benchmarks/random/P0.7N1L95M100T100-6.mltl,0.0,7790.4,sat
/home/michele/mltlsat/Benchmarks/random/P0.7N1L95M100T100-7.mltl,15.2,43428.8,sat
/home/michele/mltlsat/Benchmarks/random/P0.7N1L95M100T100-8.mltl,0.0,9330.4,sat
/home/michele/mltlsat/Benchmarks/random/P0.7N1L95M100T100-9.mltl,-1,-1,TO
/home/michele/mltlsat/Benchmarks/random/P0.7N2L100M100T100-10.mltl,0.0,10852,sat
/home/michele/mltlsat/Benchmarks/random/P0.7N2L100M100T100-1.mltl,-1,-1,TO
/home/michele/mltlsat/Benchmarks/random/P0.7N2L100M100T100-2.mltl,0.0,10875.2,sat
/home/michele/mltlsat/Benchmarks/random/P0.7N2L100M100T100-3.mltl,0.0,7808.8,sat
/home/michele/mltlsat/Benchmarks/random/P0.7N2L100M100T100-4.mltl,-1,-1,TO
/home/michele/mltlsat/Benchmarks/random/P0.7N2L100M100T100-5.mltl,0.0,7806.4,sat
/home/michele/mltlsat/Benchmarks/random/P0.7N2L100M100T100-6.mltl,0.06,20087.2,sat
/home/michele/mltlsat/Benchmarks/random/P0.7N2L100M100T100-7.mltl,0.057999999999999996,9345.6,sat
/home/michele/mltlsat/Benchmarks/random/P0.7N2L100M100T100-8.mltl,0.486,24693.6,sat
/home/michele/mltlsat/Benchmarks/random/P0.7N2L100M100T100-9.mltl,0.0,7792.8,sat
/home/michele/mltlsat/Benchmarks/random/P0.7N2L10M100T100-10.mltl,0.0,7818.4,sat
/home/michele/mltlsat/Benchmarks/random/P0.7N2L10M100T100-1.mltl,0.0,9349.6,sat
/home/michele/mltlsat/Benchmarks/random/P0.7N2L10M100T100-2.mltl,0.09,13936,sat
/home/michele/mltlsat/Benchmarks/random/P0.7N2L10M100T100-3.mltl,0.0,9320,sat
/home/michele/mltlsat/Benchmarks/random/P0.7N2L10M100T100-4.mltl,0.01,9337.6,unsat
/home/michele/mltlsat/Benchmarks/random/P0.7N2L10M100T100-5.mltl,0.0,10838.4,sat
/home/michele/mltlsat/Benchmarks/random/P0.7N2L10M100T100-6.mltl,0.0,9332,sat
/home/michele/mltlsat/Benchmarks/random/P0.7N2L10M100T100-7.mltl,0.0,7801.6,sat
/home/michele/mltlsat/Benchmarks/random/P0.7N2L10M100T100-8.mltl,0.0,7775.2,sat
/home/michele/mltlsat/Benchmarks/random/P0.7N2L10M100T100-9.mltl,0.03,10852,sat
/home/michele/mltlsat/Benchmarks/random/P0.7N2L15M100T100-10.mltl,0.0,7795.2,sat
/home/michele/mltlsat/Benchmarks/random/P0.7N2L15M100T100-1.mltl,0.18,15481.6,sat
/home/michele/mltlsat/Benchmarks/random/P0.7N2L15M100T100-2.mltl,0.0,7788.8,sat
/home/michele/mltlsat/Benchmarks/random/P0.7N2L15M100T100-3.mltl,0.0,9340.8,sat
/home/michele/mltlsat/Benchmarks/random/P0.7N2L15M100T100-4.mltl,0.026,10846.4,sat
/home/michele/mltlsat/Benchmarks/random/P0.7N2L15M100T100-5.mltl,0.0,7807.2,sat
/home/michele/mltlsat/Benchmarks/random/P0.7N2L15M100T100-6.mltl,0.0,9339.2,sat
/home/michele/mltlsat/Benchmarks/random/P0.7N2L15M100T100-7.mltl,0.0,7491.2,sat
/home/michele/mltlsat/Benchmarks/random/P0.7N2L15M100T100-8.mltl,0.0,7830.4,sat
/home/michele/mltlsat/Benchmarks/random/P0.7N2L15M100T100-9.mltl,0.0,7767.2,sat
/home/michele/mltlsat/Benchmarks/random/P0.7N2L20M100T100-10.mltl,0.0,7806.4,sat
/home/michele/mltlsat/Benchmarks/random/P0.7N2L20M100T100-1.mltl,0.0,7792,sat
/home/michele/mltlsat/Benchmarks/random/P0.7N2L20M100T100-2.mltl,0.0,7801.6,sat
/home/michele/mltlsat/Benchmarks/random/P0.7N2L20M100T100-3.mltl,0.0,9340.8,sat
/home/michele/mltlsat/Benchmarks/random/P0.7N2L20M100T100-4.mltl,0.0,9325.6,sat
/home/michele/mltlsat/Benchmarks/random/P0.7N2L20M100T100-5.mltl,0.01,12436.8,sat
/home/michele/mltlsat/Benchmarks/random/P0.7N2L20M100T100-6.mltl,0.0,7792.8,sat
/home/michele/mltlsat/Benchmarks/random/P0.7N2L20M100T100-7.mltl,0.0,7809.6,sat
/home/michele/mltlsat/Benchmarks/random/P0.7N2L20M100T100-8.mltl,0.0,9328.8,sat
/home/michele/mltlsat/Benchmarks/random/P0.7N2L20M100T100-9.mltl,0.0,7816,sat
/home/michele/mltlsat/Benchmarks/random/P0.7N2L25M100T100-10.mltl,0.0,9340.8,sat
/home/michele/mltlsat/Benchmarks/random/P0.7N2L25M100T100-1.mltl,0.0,9335.2,sat
/home/michele/mltlsat/Benchmarks/random/P0.7N2L25M100T100-2.mltl,0.01,10867.2,sat
/home/michele/mltlsat/Benchmarks/random/P0.7N2L25M100T100-3.mltl,0.0,10841.6,sat
/home/michele/mltlsat/Benchmarks/random/P0.7N2L25M100T100-4.mltl,0.06,12392,sat
/home/michele/mltlsat/Benchmarks/random/P0.7N2L25M100T100-5.mltl,0.0,7828,sat
/home/michele/mltlsat/Benchmarks/random/P0.7N2L25M100T100-6.mltl,0.0,9324.8,sat
/home/michele/mltlsat/Benchmarks/random/P0.7N2L25M100T100-7.mltl,-1,-1,TO
/home/michele/mltlsat/Benchmarks/random/P0.7N2L25M100T100-8.mltl,0.01,10867.2,unsat
/home/michele/mltlsat/Benchmarks/random/P0.7N2L25M100T100-9.mltl,0.01,13932,sat
/home/michele/mltlsat/Benchmarks/random/P0.7N2L30M100T100-10.mltl,0.0,9317.6,sat
/home/michele/mltlsat/Benchmarks/random/P0.7N2L30M100T100-1.mltl,0.0,7808,sat
/home/michele/mltlsat/Benchmarks/random/P0.7N2L30M100T100-2.mltl,0.0,7778.4,sat
/home/michele/mltlsat/Benchmarks/random/P0.7N2L30M100T100-3.mltl,0.0,9336.8,sat
/home/michele/mltlsat/Benchmarks/random/P0.7N2L30M100T100-4.mltl,0.01,12421.6,sat
/home/michele/mltlsat/Benchmarks/random/P0.7N2L30M100T100-5.mltl,0.02,10862.4,sat
/home/michele/mltlsat/Benchmarks/random/P0.7N2L30M100T100-6.mltl,-1,-1,TO
/home/michele/mltlsat/Benchmarks/random/P0.7N2L30M100T100-7.mltl,0.01,9332,sat
/home/michele/mltlsat/Benchmarks/random/P0.7N2L30M100T100-8.mltl,0.212,15462.4,sat
/home/michele/mltlsat/Benchmarks/random/P0.7N2L30M100T100-9.mltl,0.01,9332,sat
/home/michele/mltlsat/Benchmarks/random/P0.7N2L35M100T100-10.mltl,0.02,12394.4,sat
/home/michele/mltlsat/Benchmarks/random/P0.7N2L35M100T100-1.mltl,0.0,7765.6,sat
/home/michele/mltlsat/Benchmarks/random/P0.7N2L35M100T100-2.mltl,0.0,10885.6,sat
/home/michele/mltlsat/Benchmarks/random/P0.7N2L35M100T100-3.mltl,0.03,10875.2,unsat
/home/michele/mltlsat/Benchmarks/random/P0.7N2L35M100T100-4.mltl,12.448,14841.6,sat
/home/michele/mltlsat/Benchmarks/random/P0.7N2L35M100T100-5.mltl,0.358,13934.4,sat
/home/michele/mltlsat/Benchmarks/random/P0.7N2L35M100T100-6.mltl,20.31,21614.4,sat
/home/michele/mltlsat/Benchmarks/random/P0.7N2L35M100T100-7.mltl,0.0,9307.2,sat
/home/michele/mltlsat/Benchmarks/random/P0.7N2L35M100T100-8.mltl,0.16,18535.2,sat
/home/michele/mltlsat/Benchmarks/random/P0.7N2L35M100T100-9.mltl,-1,-1,TO
/home/michele/mltlsat/Benchmarks/random/P0.7N2L40M100T100-10.mltl,0.09,17045.6,sat
/home/michele/mltlsat/Benchmarks/random/P0.7N2L40M100T100-1.mltl,0.122,10871.2,sat
/home/michele/mltlsat/Benchmarks/random/P0.7N2L40M100T100-2.mltl,0.02,10848.8,sat
/home/michele/mltlsat/Benchmarks/random/P0.7N2L40M100T100-3.mltl,0.0,9327.2,sat
/home/michele/mltlsat/Benchmarks/random/P0.7N2L40M100T100-4.mltl,0.0,9328.8,sat
/home/michele/mltlsat/Benchmarks/random/P0.7N2L40M100T100-5.mltl,0.07400000000000001,13936.8,sat
/home/michele/mltlsat/Benchmarks/random/P0.7N2L40M100T100-6.mltl,0.0,9323.2,sat
/home/michele/mltlsat/Benchmarks/random/P0.7N2L40M100T100-7.mltl,0.03,23144.8,sat
/home/michele/mltlsat/Benchmarks/random/P0.7N2L40M100T100-8.mltl,0.0,9362.4,sat
/home/michele/mltlsat/Benchmarks/random/P0.7N2L40M100T100-9.mltl,0.01,10870.4,sat
/home/michele/mltlsat/Benchmarks/random/P0.7N2L45M100T100-10.mltl,0.452,10884.8,sat
/home/michele/mltlsat/Benchmarks/random/P0.7N2L45M100T100-1.mltl,0.0,7792,sat
/home/michele/mltlsat/Benchmarks/random/P0.7N2L45M100T100-2.mltl,0.0,7812,sat
/home/michele/mltlsat/Benchmarks/random/P0.7N2L45M100T100-3.mltl,0.0,10864,sat
/home/michele/mltlsat/Benchmarks/random/P0.7N2L45M100T100-4.mltl,0.05,12412.8,sat
/home/michele/mltlsat/Benchmarks/random/P0.7N2L45M100T100-5.mltl,0.0,7812,sat
/home/michele/mltlsat/Benchmarks/random/P0.7N2L45M100T100-6.mltl,0.0,10875.2,sat
/home/michele/mltlsat/Benchmarks/random/P0.7N2L45M100T100-7.mltl,0.0,9317.6,sat
/home/michele/mltlsat/Benchmarks/random/P0.7N2L45M100T100-8.mltl,0.03,12420,sat
/home/michele/mltlsat/Benchmarks/random/P0.7N2L45M100T100-9.mltl,0.0,7821.6,sat
/home/michele/mltlsat/Benchmarks/random/P0.7N2L50M100T100-10.mltl,0.0,9359.2,sat
/home/michele/mltlsat/Benchmarks/random/P0.7N2L50M100T100-1.mltl,0.0,9350.4,sat
/home/michele/mltlsat/Benchmarks/random/P0.7N2L50M100T100-2.mltl,0.0,7788.8,sat
/home/michele/mltlsat/Benchmarks/random/P0.7N2L50M100T100-3.mltl,0.04,18252.8,sat
/home/michele/mltlsat/Benchmarks/random/P0.7N2L50M100T100-4.mltl,0.01,10873.6,sat
/home/michele/mltlsat/Benchmarks/random/P0.7N2L50M100T100-5.mltl,0.834,90733.6,sat
/home/michele/mltlsat/Benchmarks/random/P0.7N2L50M100T100-6.mltl,0.0,7805.6,sat
/home/michele/mltlsat/Benchmarks/random/P0.7N2L50M100T100-7.mltl,8.526,21312.8,sat
/home/michele/mltlsat/Benchmarks/random/P0.7N2L50M100T100-8.mltl,-1,-1,TO
/home/michele/mltlsat/Benchmarks/random/P0.7N2L50M100T100-9.mltl,0.02,9329.6,sat
/home/michele/mltlsat/Benchmarks/random/P0.7N2L55M100T100-10.mltl,-1,-1,TO
/home/michele/mltlsat/Benchmarks/random/P0.7N2L55M100T100-1.mltl,0.01,13941.6,sat
/home/michele/mltlsat/Benchmarks/random/P0.7N2L55M100T100-2.mltl,-1,-1,TO
/home/michele/mltlsat/Benchmarks/random/P0.7N2L55M100T100-3.mltl,0.0,9314.4,sat
/home/michele/mltlsat/Benchmarks/random/P0.7N2L55M100T100-4.mltl,83.83200000000001,829871.2,sat
/home/michele/mltlsat/Benchmarks/random/P0.7N2L55M100T100-5.mltl,0.05,27796,sat
/home/michele/mltlsat/Benchmarks/random/P0.7N2L55M100T100-6.mltl,0.0,7783.2,sat
/home/michele/mltlsat/Benchmarks/random/P0.7N2L55M100T100-7.mltl,0.02,10884,sat
/home/michele/mltlsat/Benchmarks/random/P0.7N2L55M100T100-8.mltl,0.0,7804.8,sat
/home/michele/mltlsat/Benchmarks/random/P0.7N2L55M100T100-9.mltl,0.0,10588.8,sat
/home/michele/mltlsat/Benchmarks/random/P0.7N2L5M100T100-10.mltl,0.0,7797.6,sat
/home/michele/mltlsat/Benchmarks/random/P0.7N2L5M100T100-1.mltl,0.0,9326.4,sat
/home/michele/mltlsat/Benchmarks/random/P0.7N2L5M100T100-2.mltl,0.0,7782.4,sat
/home/michele/mltlsat/Benchmarks/random/P0.7N2L5M100T100-3.mltl,0.0,7781.6,sat
/home/michele/mltlsat/Benchmarks/random/P0.7N2L5M100T100-4.mltl,0.0,7800,sat
/home/michele/mltlsat/Benchmarks/random/P0.7N2L5M100T100-5.mltl,0.0,7773.6,sat
/home/michele/mltlsat/Benchmarks/random/P0.7N2L5M100T100-6.mltl,0.0,7802.4,sat
/home/michele/mltlsat/Benchmarks/random/P0.7N2L5M100T100-7.mltl,0.0,9321.6,sat
/home/michele/mltlsat/Benchmarks/random/P0.7N2L5M100T100-8.mltl,0.0,7802.4,sat
/home/michele/mltlsat/Benchmarks/random/P0.7N2L5M100T100-9.mltl,0.0,7813.6,sat
/home/michele/mltlsat/Benchmarks/random/P0.7N2L60M100T100-10.mltl,0.018000000000000002,15474.4,sat
/home/michele/mltlsat/Benchmarks/random/P0.7N2L60M100T100-1.mltl,0.06,10877.6,sat
/home/michele/mltlsat/Benchmarks/random/P0.7N2L60M100T100-2.mltl,0.01,9346.4,sat
/home/michele/mltlsat/Benchmarks/random/P0.7N2L60M100T100-3.mltl,0.0,9348,sat
/home/michele/mltlsat/Benchmarks/random/P0.7N2L60M100T100-4.mltl,0.0,7799.2,sat
/home/michele/mltlsat/Benchmarks/random/P0.7N2L60M100T100-5.mltl,0.062,10874.4,sat
/home/michele/mltlsat/Benchmarks/random/P0.7N2L60M100T100-6.mltl,0.03,15484.8,sat
/home/michele/mltlsat/Benchmarks/random/P0.7N2L60M100T100-7.mltl,0.02,10876.8,sat
/home/michele/mltlsat/Benchmarks/random/P0.7N2L60M100T100-8.mltl,-1,-1,TO
/home/michele/mltlsat/Benchmarks/random/P0.7N2L60M100T100-9.mltl,1.396,76916,sat
/home/michele/mltlsat/Benchmarks/random/P0.7N2L65M100T100-10.mltl,0.0,9334.4,sat
/home/michele/mltlsat/Benchmarks/random/P0.7N2L65M100T100-1.mltl,0.0,9348,sat
/home/michele/mltlsat/Benchmarks/random/P0.7N2L65M100T100-2.mltl,0.0,9340,sat
/home/michele/mltlsat/Benchmarks/random/P0.7N2L65M100T100-3.mltl,0.01,12384.8,sat
/home/michele/mltlsat/Benchmarks/random/P0.7N2L65M100T100-4.mltl,0.10200000000000001,10873.6,sat
/home/michele/mltlsat/Benchmarks/random/P0.7N2L65M100T100-5.mltl,0.0,7813.6,sat
/home/michele/mltlsat/Benchmarks/random/P0.7N2L65M100T100-6.mltl,0.5,13624.8,sat
/home/michele/mltlsat/Benchmarks/random/P0.7N2L65M100T100-7.mltl,0.0,7824,sat
/home/michele/mltlsat/Benchmarks/random/P0.7N2L65M100T100-8.mltl,-1,-1,TO
/home/michele/mltlsat/Benchmarks/random/P0.7N2L65M100T100-9.mltl,0.0,7775.2,sat
/home/michele/mltlsat/Benchmarks/random/P0.7N2L70M100T100-10.mltl,0.0,7832,sat
/home/michele/mltlsat/Benchmarks/random/P0.7N2L70M100T100-1.mltl,0.484,21604.8,sat
/home/michele/mltlsat/Benchmarks/random/P0.7N2L70M100T100-2.mltl,0.01,9346.4,sat
/home/michele/mltlsat/Benchmarks/random/P0.7N2L70M100T100-3.mltl,0.02,10852,sat
/home/michele/mltlsat/Benchmarks/random/P0.7N2L70M100T100-4.mltl,0.0,7799.2,unsat
/home/michele/mltlsat/Benchmarks/random/P0.7N2L70M100T100-5.mltl,0.01,9312,sat
/home/michele/mltlsat/Benchmarks/random/P0.7N2L70M100T100-6.mltl,0.0,7780,sat
/home/michele/mltlsat/Benchmarks/random/P0.7N2L70M100T100-7.mltl,-1,-1,TO
/home/michele/mltlsat/Benchmarks/random/P0.7N2L70M100T100-8.mltl,0.0,7795.2,sat
/home/michele/mltlsat/Benchmarks/random/P0.7N2L70M100T100-9.mltl,1.99,27776,sat
/home/michele/mltlsat/Benchmarks/random/P0.7N2L75M100T100-10.mltl,-1,-1,TO
/home/michele/mltlsat/Benchmarks/random/P0.7N2L75M100T100-1.mltl,-1,-1,TO
/home/michele/mltlsat/Benchmarks/random/P0.7N2L75M100T100-2.mltl,0.08,12431.2,sat
/home/michele/mltlsat/Benchmarks/random/P0.7N2L75M100T100-3.mltl,5.46,42208,sat
/home/michele/mltlsat/Benchmarks/random/P0.7N2L75M100T100-4.mltl,0.0,9352,sat
/home/michele/mltlsat/Benchmarks/random/P0.7N2L75M100T100-5.mltl,-1,-1,TO
/home/michele/mltlsat/Benchmarks/random/P0.7N2L75M100T100-6.mltl,-1,-1,TO
/home/michele/mltlsat/Benchmarks/random/P0.7N2L75M100T100-7.mltl,0.0,7805.6,sat
/home/michele/mltlsat/Benchmarks/random/P0.7N2L75M100T100-8.mltl,-1,-1,TO
/home/michele/mltlsat/Benchmarks/random/P0.7N2L75M100T100-9.mltl,-1,-1,TO
/home/michele/mltlsat/Benchmarks/random/P0.7N2L80M100T100-10.mltl,0.0,9332.8,sat
/home/michele/mltlsat/Benchmarks/random/P0.7N2L80M100T100-1.mltl,-1,-1,TO
/home/michele/mltlsat/Benchmarks/random/P0.7N2L80M100T100-2.mltl,0.01,13916,sat
/home/michele/mltlsat/Benchmarks/random/P0.7N2L80M100T100-3.mltl,0.0,7809.6,sat
/home/michele/mltlsat/Benchmarks/random/P0.7N2L80M100T100-4.mltl,0.0,7806.4,sat
/home/michele/mltlsat/Benchmarks/random/P0.7N2L80M100T100-5.mltl,0.02,10845.6,sat
/home/michele/mltlsat/Benchmarks/random/P0.7N2L80M100T100-6.mltl,4.218,15488.8,sat
/home/michele/mltlsat/Benchmarks/random/P0.7N2L80M100T100-7.mltl,0.0,9334.4,sat
/home/michele/mltlsat/Benchmarks/random/P0.7N2L80M100T100-8.mltl,23.206,3403.2,TO
/home/michele/mltlsat/Benchmarks/random/P0.7N2L80M100T100-9.mltl,0.03,13940.8,sat
/home/michele/mltlsat/Benchmarks/random/P0.7N2L85M100T100-10.mltl,0.01,10875.2,sat
/home/michele/mltlsat/Benchmarks/random/P0.7N2L85M100T100-1.mltl,-1,-1,TO
/home/michele/mltlsat/Benchmarks/random/P0.7N2L85M100T100-2.mltl,0.614,24682.4,sat
/home/michele/mltlsat/Benchmarks/random/P0.7N2L85M100T100-3.mltl,-1,-1,TO
/home/michele/mltlsat/Benchmarks/random/P0.7N2L85M100T100-4.mltl,0.0,10868.8,sat
/home/michele/mltlsat/Benchmarks/random/P0.7N2L85M100T100-5.mltl,0.0,7759.2,sat
/home/michele/mltlsat/Benchmarks/random/P0.7N2L85M100T100-6.mltl,-1,-1,TO
/home/michele/mltlsat/Benchmarks/random/P0.7N2L85M100T100-7.mltl,0.03,10872,sat
/home/michele/mltlsat/Benchmarks/random/P0.7N2L85M100T100-8.mltl,-1,-1,TO
/home/michele/mltlsat/Benchmarks/random/P0.7N2L85M100T100-9.mltl,0.0,7799.2,unsat
/home/michele/mltlsat/Benchmarks/random/P0.7N2L90M100T100-10.mltl,0.166,13934.4,sat
/home/michele/mltlsat/Benchmarks/random/P0.7N2L90M100T100-1.mltl,31.988,17332.8,sat
/home/michele/mltlsat/Benchmarks/random/P0.7N2L90M100T100-2.mltl,2.382,32347.2,sat
/home/michele/mltlsat/Benchmarks/random/P0.7N2L90M100T100-3.mltl,-1,-1,TO
/home/michele/mltlsat/Benchmarks/random/P0.7N2L90M100T100-4.mltl,-1,-1,TO
/home/michele/mltlsat/Benchmarks/random/P0.7N2L90M100T100-5.mltl,1.206,40067.2,sat
/home/michele/mltlsat/Benchmarks/random/P0.7N2L90M100T100-6.mltl,-1,-1,TO
/home/michele/mltlsat/Benchmarks/random/P0.7N2L90M100T100-7.mltl,2.386,706660,sat
/home/michele/mltlsat/Benchmarks/random/P0.7N2L90M100T100-8.mltl,0.0,10876.8,sat
/home/michele/mltlsat/Benchmarks/random/P0.7N2L90M100T100-9.mltl,0.06,12404,sat
/home/michele/mltlsat/Benchmarks/random/P0.7N2L95M100T100-10.mltl,0.01,7811.2,sat
/home/michele/mltlsat/Benchmarks/random/P0.7N2L95M100T100-1.mltl,4.0600000000000005,29000,sat
/home/michele/mltlsat/Benchmarks/random/P0.7N2L95M100T100-2.mltl,-1,-1,TO
/home/michele/mltlsat/Benchmarks/random/P0.7N2L95M100T100-3.mltl,-1,-1,TO
/home/michele/mltlsat/Benchmarks/random/P0.7N2L95M100T100-4.mltl,-1,-1,TO
/home/michele/mltlsat/Benchmarks/random/P0.7N2L95M100T100-5.mltl,0.0,10861.6,sat
/home/michele/mltlsat/Benchmarks/random/P0.7N2L95M100T100-6.mltl,-1,-1,TO
/home/michele/mltlsat/Benchmarks/random/P0.7N2L95M100T100-7.mltl,0.01,10881.6,sat
/home/michele/mltlsat/Benchmarks/random/P0.7N2L95M100T100-8.mltl,-1,-1,TO
/home/michele/mltlsat/Benchmarks/random/P0.7N2L95M100T100-9.mltl,-1,-1,TO
/home/michele/mltlsat/Benchmarks/random/P0.7N3L100M100T100-10.mltl,0.916,41272.8,sat
/home/michele/mltlsat/Benchmarks/random/P0.7N3L100M100T100-1.mltl,0.13,56943.2,sat
/home/michele/mltlsat/Benchmarks/random/P0.7N3L100M100T100-2.mltl,1.802,69227.2,sat
/home/michele/mltlsat/Benchmarks/random/P0.7N3L100M100T100-3.mltl,0.006,9324,sat
/home/michele/mltlsat/Benchmarks/random/P0.7N3L100M100T100-4.mltl,-1,-1,TO
/home/michele/mltlsat/Benchmarks/random/P0.7N3L100M100T100-5.mltl,0.02,10875.2,sat
/home/michele/mltlsat/Benchmarks/random/P0.7N3L100M100T100-6.mltl,0.01,12414.4,sat
/home/michele/mltlsat/Benchmarks/random/P0.7N3L100M100T100-7.mltl,4.19,136527.2,sat
/home/michele/mltlsat/Benchmarks/random/P0.7N3L100M100T100-8.mltl,1.02,32365.6,sat
/home/michele/mltlsat/Benchmarks/random/P0.7N3L100M100T100-9.mltl,-1,-1,TO
/home/michele/mltlsat/Benchmarks/random/P0.7N3L10M100T100-10.mltl,0.0,7800.8,sat
/home/michele/mltlsat/Benchmarks/random/P0.7N3L10M100T100-1.mltl,0.0,7812.8,sat
/home/michele/mltlsat/Benchmarks/random/P0.7N3L10M100T100-2.mltl,0.0,9308,sat
/home/michele/mltlsat/Benchmarks/random/P0.7N3L10M100T100-3.mltl,0.0,7790.4,sat
/home/michele/mltlsat/Benchmarks/random/P0.7N3L10M100T100-4.mltl,0.0,9348,sat
/home/michele/mltlsat/Benchmarks/random/P0.7N3L10M100T100-5.mltl,0.0,7799.2,sat
/home/michele/mltlsat/Benchmarks/random/P0.7N3L10M100T100-6.mltl,0.0,7781.6,sat
/home/michele/mltlsat/Benchmarks/random/P0.7N3L10M100T100-7.mltl,0.0,9320,sat
/home/michele/mltlsat/Benchmarks/random/P0.7N3L10M100T100-8.mltl,0.0,7784,sat
/home/michele/mltlsat/Benchmarks/random/P0.7N3L10M100T100-9.mltl,0.0,9326.4,sat
/home/michele/mltlsat/Benchmarks/random/P0.7N3L15M100T100-10.mltl,0.0,9322.4,sat
/home/michele/mltlsat/Benchmarks/random/P0.7N3L15M100T100-1.mltl,0.11,13963.2,sat
/home/michele/mltlsat/Benchmarks/random/P0.7N3L15M100T100-2.mltl,0.0,7800.8,sat
/home/michele/mltlsat/Benchmarks/random/P0.7N3L15M100T100-3.mltl,0.0,7773.6,sat
/home/michele/mltlsat/Benchmarks/random/P0.7N3L15M100T100-4.mltl,0.0,7790.4,sat
/home/michele/mltlsat/Benchmarks/random/P0.7N3L15M100T100-5.mltl,0.0,9324,sat
/home/michele/mltlsat/Benchmarks/random/P0.7N3L15M100T100-6.mltl,0.0,9345.6,sat
/home/michele/mltlsat/Benchmarks/random/P0.7N3L15M100T100-7.mltl,0.368,18242.4,sat
/home/michele/mltlsat/Benchmarks/random/P0.7N3L15M100T100-8.mltl,0.016,9333.6,sat
/home/michele/mltlsat/Benchmarks/random/P0.7N3L15M100T100-9.mltl,0.0,9352,sat
/home/michele/mltlsat/Benchmarks/random/P0.7N3L20M100T100-10.mltl,0.0,7816,sat
/home/michele/mltlsat/Benchmarks/random/P0.7N3L20M100T100-1.mltl,0.01,9328,sat
/home/michele/mltlsat/Benchmarks/random/P0.7N3L20M100T100-2.mltl,0.082,15496.8,sat
/home/michele/mltlsat/Benchmarks/random/P0.7N3L20M100T100-3.mltl,0.0,7798.4,sat
/home/michele/mltlsat/Benchmarks/random/P0.7N3L20M100T100-4.mltl,0.0,9327.2,sat
/home/michele/mltlsat/Benchmarks/random/P0.7N3L20M100T100-5.mltl,0.0,7780.8,sat
/home/michele/mltlsat/Benchmarks/random/P0.7N3L20M100T100-6.mltl,0.24,12428,sat
/home/michele/mltlsat/Benchmarks/random/P0.7N3L20M100T100-7.mltl,0.0,9347.2,sat
/home/michele/mltlsat/Benchmarks/random/P0.7N3L20M100T100-8.mltl,0.0,9349.6,sat
/home/michele/mltlsat/Benchmarks/random/P0.7N3L20M100T100-9.mltl,0.03,12380,sat
/home/michele/mltlsat/Benchmarks/random/P0.7N3L25M100T100-10.mltl,1.346,106085.6,sat
/home/michele/mltlsat/Benchmarks/random/P0.7N3L25M100T100-1.mltl,0.01,10878.4,sat
/home/michele/mltlsat/Benchmarks/random/P0.7N3L25M100T100-2.mltl,0.0,7815.2,sat
/home/michele/mltlsat/Benchmarks/random/P0.7N3L25M100T100-3.mltl,0.0,7797.6,sat
/home/michele/mltlsat/Benchmarks/random/P0.7N3L25M100T100-4.mltl,0.0,9320.8,sat
/home/michele/mltlsat/Benchmarks/random/P0.7N3L25M100T100-5.mltl,0.14,13931.2,sat
/home/michele/mltlsat/Benchmarks/random/P0.7N3L25M100T100-6.mltl,0.0,9339.2,sat
/home/michele/mltlsat/Benchmarks/random/P0.7N3L25M100T100-7.mltl,7.65,12388.8,unsat
/home/michele/mltlsat/Benchmarks/random/P0.7N3L25M100T100-8.mltl,0.03,13962.4,sat
/home/michele/mltlsat/Benchmarks/random/P0.7N3L25M100T100-9.mltl,0.0,10864.8,sat
/home/michele/mltlsat/Benchmarks/random/P0.7N3L30M100T100-10.mltl,0.0,7789.6,sat
/home/michele/mltlsat/Benchmarks/random/P0.7N3L30M100T100-1.mltl,0.16,20084.8,sat
/home/michele/mltlsat/Benchmarks/random/P0.7N3L30M100T100-2.mltl,0.0,10868.8,sat
/home/michele/mltlsat/Benchmarks/random/P0.7N3L30M100T100-3.mltl,-1,-1,TO
/home/michele/mltlsat/Benchmarks/random/P0.7N3L30M100T100-4.mltl,0.01,9339.2,sat
/home/michele/mltlsat/Benchmarks/random/P0.7N3L30M100T100-5.mltl,0.0,10876,sat
/home/michele/mltlsat/Benchmarks/random/P0.7N3L30M100T100-6.mltl,1.8,85532,sat
/home/michele/mltlsat/Benchmarks/random/P0.7N3L30M100T100-7.mltl,0.01,9320,sat
/home/michele/mltlsat/Benchmarks/random/P0.7N3L30M100T100-8.mltl,0.0,10865.6,sat
/home/michele/mltlsat/Benchmarks/random/P0.7N3L30M100T100-9.mltl,0.0,9330.4,sat
/home/michele/mltlsat/Benchmarks/random/P0.7N3L35M100T100-10.mltl,0.0,9328.8,sat
/home/michele/mltlsat/Benchmarks/random/P0.7N3L35M100T100-1.mltl,0.0,9372,sat
/home/michele/mltlsat/Benchmarks/random/P0.7N3L35M100T100-2.mltl,0.0,7804,sat
/home/michele/mltlsat/Benchmarks/random/P0.7N3L35M100T100-3.mltl,0.008,10862.4,sat
/home/michele/mltlsat/Benchmarks/random/P0.7N3L35M100T100-4.mltl,0.0,9324.8,sat
/home/michele/mltlsat/Benchmarks/random/P0.7N3L35M100T100-5.mltl,0.16,20068,sat
/home/michele/mltlsat/Benchmarks/random/P0.7N3L35M100T100-6.mltl,0.428,24696.8,sat
/home/michele/mltlsat/Benchmarks/random/P0.7N3L35M100T100-7.mltl,1.342,258168,sat
/home/michele/mltlsat/Benchmarks/random/P0.7N3L35M100T100-8.mltl,0.0,7771.2,sat
/home/michele/mltlsat/Benchmarks/random/P0.7N3L35M100T100-9.mltl,0.0,7814.4,sat
/home/michele/mltlsat/Benchmarks/random/P0.7N3L40M100T100-10.mltl,0.0,9343.2,sat
/home/michele/mltlsat/Benchmarks/random/P0.7N3L40M100T100-1.mltl,14.41,19775.2,sat
/home/michele/mltlsat/Benchmarks/random/P0.7N3L40M100T100-2.mltl,0.0,10872.8,sat
/home/michele/mltlsat/Benchmarks/random/P0.7N3L40M100T100-3.mltl,0.0,9336,sat
/home/michele/mltlsat/Benchmarks/random/P0.7N3L40M100T100-4.mltl,0.01,10865.6,sat
/home/michele/mltlsat/Benchmarks/random/P0.7N3L40M100T100-5.mltl,0.0,7801.6,sat
/home/michele/mltlsat/Benchmarks/random/P0.7N3L40M100T100-6.mltl,82.864,111012,sat
/home/michele/mltlsat/Benchmarks/random/P0.7N3L40M100T100-7.mltl,0.0,9342.4,sat
/home/michele/mltlsat/Benchmarks/random/P0.7N3L40M100T100-8.mltl,-1,-1,TO
/home/michele/mltlsat/Benchmarks/random/P0.7N3L40M100T100-9.mltl,0.0,7803.2,sat
/home/michele/mltlsat/Benchmarks/random/P0.7N3L45M100T100-10.mltl,0.0,7804.8,sat
/home/michele/mltlsat/Benchmarks/random/P0.7N3L45M100T100-1.mltl,0.03,13936.8,sat
/home/michele/mltlsat/Benchmarks/random/P0.7N3L45M100T100-2.mltl,0.022,10856,sat
/home/michele/mltlsat/Benchmarks/random/P0.7N3L45M100T100-3.mltl,0.0,9334.4,sat
/home/michele/mltlsat/Benchmarks/random/P0.7N3L45M100T100-4.mltl,0.0,7813.6,sat
/home/michele/mltlsat/Benchmarks/random/P0.7N3L45M100T100-5.mltl,0.0,9334.4,sat
/home/michele/mltlsat/Benchmarks/random/P0.7N3L45M100T100-6.mltl,0.0,9324.8,sat
/home/michele/mltlsat/Benchmarks/random/P0.7N3L45M100T100-7.mltl,0.02,12394.4,sat
/home/michele/mltlsat/Benchmarks/random/P0.7N3L45M100T100-8.mltl,3.31,12082.4,sat
/home/michele/mltlsat/Benchmarks/random/P0.7N3L45M100T100-9.mltl,0.0,9340,sat
/home/michele/mltlsat/Benchmarks/random/P0.7N3L50M100T100-10.mltl,0.03,13944,sat
/home/michele/mltlsat/Benchmarks/random/P0.7N3L50M100T100-1.mltl,-1,-1,TO
/home/michele/mltlsat/Benchmarks/random/P0.7N3L50M100T100-2.mltl,0.58,50495.2,sat
/home/michele/mltlsat/Benchmarks/random/P0.7N3L50M100T100-3.mltl,-1,-1,TO
/home/michele/mltlsat/Benchmarks/random/P0.7N3L50M100T100-4.mltl,0.0,9350.4,sat
/home/michele/mltlsat/Benchmarks/random/P0.7N3L50M100T100-5.mltl,-1,-1,TO
/home/michele/mltlsat/Benchmarks/random/P0.7N3L50M100T100-6.mltl,12.862,17007.2,sat
/home/michele/mltlsat/Benchmarks/random/P0.7N3L50M100T100-7.mltl,0.008,9354.4,sat
/home/michele/mltlsat/Benchmarks/random/P0.7N3L50M100T100-8.mltl,0.14,36672.8,sat
/home/michele/mltlsat/Benchmarks/random/P0.7N3L50M100T100-9.mltl,0.0,10867.2,sat
/home/michele/mltlsat/Benchmarks/random/P0.7N3L55M100T100-10.mltl,1.936,72321.6,sat
/home/michele/mltlsat/Benchmarks/random/P0.7N3L55M100T100-1.mltl,-1,-1,TO
/home/michele/mltlsat/Benchmarks/random/P0.7N3L55M100T100-2.mltl,1.358,53882.4,sat
/home/michele/mltlsat/Benchmarks/random/P0.7N3L55M100T100-3.mltl,0.06,13938.4,sat
/home/michele/mltlsat/Benchmarks/random/P0.7N3L55M100T100-4.mltl,0.21,13951.2,sat
/home/michele/mltlsat/Benchmarks/random/P0.7N3L55M100T100-5.mltl,0.0,9324.8,sat
/home/michele/mltlsat/Benchmarks/random/P0.7N3L55M100T100-6.mltl,0.11,55409.6,sat
/home/michele/mltlsat/Benchmarks/random/P0.7N3L55M100T100-7.mltl,0.0,10871.2,sat
/home/michele/mltlsat/Benchmarks/random/P0.7N3L55M100T100-8.mltl,0.11,17009.6,sat
/home/michele/mltlsat/Benchmarks/random/P0.7N3L55M100T100-9.mltl,3.636,122716,sat
/home/michele/mltlsat/Benchmarks/random/P0.7N3L5M100T100-10.mltl,0.0,9335.2,sat
/home/michele/mltlsat/Benchmarks/random/P0.7N3L5M100T100-1.mltl,0.0,7786.4,sat
/home/michele/mltlsat/Benchmarks/random/P0.7N3L5M100T100-2.mltl,0.0,7774.4,sat
/home/michele/mltlsat/Benchmarks/random/P0.7N3L5M100T100-3.mltl,0.0,7784.8,sat
/home/michele/mltlsat/Benchmarks/random/P0.7N3L5M100T100-4.mltl,0.0,7786.4,sat
/home/michele/mltlsat/Benchmarks/random/P0.7N3L5M100T100-5.mltl,0.0,7803.2,sat
/home/michele/mltlsat/Benchmarks/random/P0.7N3L5M100T100-6.mltl,0.0,7776.8,sat
/home/michele/mltlsat/Benchmarks/random/P0.7N3L5M100T100-7.mltl,0.0,7809.6,sat
/home/michele/mltlsat/Benchmarks/random/P0.7N3L5M100T100-8.mltl,0.0,7781.6,sat
/home/michele/mltlsat/Benchmarks/random/P0.7N3L5M100T100-9.mltl,0.0,7794.4,sat
/home/michele/mltlsat/Benchmarks/random/P0.7N3L60M100T100-10.mltl,0.0,9314.4,sat
/home/michele/mltlsat/Benchmarks/random/P0.7N3L60M100T100-1.mltl,0.02,9350.4,sat
/home/michele/mltlsat/Benchmarks/random/P0.7N3L60M100T100-2.mltl,0.0,10879.2,sat
/home/michele/mltlsat/Benchmarks/random/P0.7N3L60M100T100-3.mltl,0.0,7796,sat
/home/michele/mltlsat/Benchmarks/random/P0.7N3L60M100T100-4.mltl,0.04,12396.8,sat
/home/michele/mltlsat/Benchmarks/random/P0.7N3L60M100T100-5.mltl,0.018000000000000002,15477.6,sat
/home/michele/mltlsat/Benchmarks/random/P0.7N3L60M100T100-6.mltl,0.03,15458.4,sat
/home/michele/mltlsat/Benchmarks/random/P0.7N3L60M100T100-7.mltl,0.0,9318.4,sat
/home/michele/mltlsat/Benchmarks/random/P0.7N3L60M100T100-8.mltl,0.01,9324.8,sat
/home/michele/mltlsat/Benchmarks/random/P0.7N3L60M100T100-9.mltl,0.06,27468.8,sat
/home/michele/mltlsat/Benchmarks/random/P0.7N3L65M100T100-10.mltl,-1,-1,TO
/home/michele/mltlsat/Benchmarks/random/P0.7N3L65M100T100-1.mltl,0.0,10875.2,sat
/home/michele/mltlsat/Benchmarks/random/P0.7N3L65M100T100-2.mltl,-1,-1,TO
/home/michele/mltlsat/Benchmarks/random/P0.7N3L65M100T100-3.mltl,0.0,7810.4,sat
/home/michele/mltlsat/Benchmarks/random/P0.7N3L65M100T100-4.mltl,0.0,9038.4,sat
/home/michele/mltlsat/Benchmarks/random/P0.7N3L65M100T100-5.mltl,-1,-1,TO
/home/michele/mltlsat/Benchmarks/random/P0.7N3L65M100T100-6.mltl,0.0,10856,sat
/home/michele/mltlsat/Benchmarks/random/P0.7N3L65M100T100-7.mltl,0.0,7782.4,sat
/home/michele/mltlsat/Benchmarks/random/P0.7N3L65M100T100-8.mltl,-1,-1,TO
/home/michele/mltlsat/Benchmarks/random/P0.7N3L65M100T100-9.mltl,0.0,7803.2,unsat
/home/michele/mltlsat/Benchmarks/random/P0.7N3L70M100T100-10.mltl,32.702,114716.8,sat
/home/michele/mltlsat/Benchmarks/random/P0.7N3L70M100T100-1.mltl,1.578,40087.2,sat
/home/michele/mltlsat/Benchmarks/random/P0.7N3L70M100T100-2.mltl,0.0,9332.8,sat
/home/michele/mltlsat/Benchmarks/random/P0.7N3L70M100T100-3.mltl,0.0,9352.8,sat
/home/michele/mltlsat/Benchmarks/random/P0.7N3L70M100T100-4.mltl,0.0,10881.6,sat
/home/michele/mltlsat/Benchmarks/random/P0.7N3L70M100T100-5.mltl,0.0,9340.8,sat
/home/michele/mltlsat/Benchmarks/random/P0.7N3L70M100T100-6.mltl,0.0,9347.2,sat
/home/michele/mltlsat/Benchmarks/random/P0.7N3L70M100T100-7.mltl,0.0,7805.6,sat
/home/michele/mltlsat/Benchmarks/random/P0.7N3L70M100T100-8.mltl,0.0,9324.8,sat
/home/michele/mltlsat/Benchmarks/random/P0.7N3L70M100T100-9.mltl,-1,-1,TO
/home/michele/mltlsat/Benchmarks/random/P0.7N3L75M100T100-10.mltl,0.0,7832.8,sat
/home/michele/mltlsat/Benchmarks/random/P0.7N3L75M100T100-1.mltl,0.17,24675.2,sat
/home/michele/mltlsat/Benchmarks/random/P0.7N3L75M100T100-2.mltl,0.1,18545.6,sat
/home/michele/mltlsat/Benchmarks/random/P0.7N3L75M100T100-3.mltl,0.536,12397.6,sat
/home/michele/mltlsat/Benchmarks/random/P0.7N3L75M100T100-4.mltl,0.032,13931.2,sat
/home/michele/mltlsat/Benchmarks/random/P0.7N3L75M100T100-5.mltl,81.302,105492.8,sat
/home/michele/mltlsat/Benchmarks/random/P0.7N3L75M100T100-6.mltl,-1,-1,TO
/home/michele/mltlsat/Benchmarks/random/P0.7N3L75M100T100-7.mltl,-1,-1,TO
/home/michele/mltlsat/Benchmarks/random/P0.7N3L75M100T100-8.mltl,0.0,10849.6,sat
/home/michele/mltlsat/Benchmarks/random/P0.7N3L75M100T100-9.mltl,0.71,35138.4,sat
/home/michele/mltlsat/Benchmarks/random/P0.7N3L80M100T100-10.mltl,0.0,7776.8,sat
/home/michele/mltlsat/Benchmarks/random/P0.7N3L80M100T100-1.mltl,0.0,7817.6,sat
/home/michele/mltlsat/Benchmarks/random/P0.7N3L80M100T100-2.mltl,0.014,12405.6,sat
/home/michele/mltlsat/Benchmarks/random/P0.7N3L80M100T100-3.mltl,9.382,17940.8,sat
/home/michele/mltlsat/Benchmarks/random/P0.7N3L80M100T100-4.mltl,0.05,17027.2,sat
/home/michele/mltlsat/Benchmarks/random/P0.7N3L80M100T100-5.mltl,0.02,13936,sat
/home/michele/mltlsat/Benchmarks/random/P0.7N3L80M100T100-6.mltl,0.0,9328.8,sat
/home/michele/mltlsat/Benchmarks/random/P0.7N3L80M100T100-7.mltl,0.002,12410.4,sat
/home/michele/mltlsat/Benchmarks/random/P0.7N3L80M100T100-8.mltl,-1,-1,TO
/home/michele/mltlsat/Benchmarks/random/P0.7N3L80M100T100-9.mltl,1.0,32361.6,sat
/home/michele/mltlsat/Benchmarks/random/P0.7N3L85M100T100-10.mltl,0.0,7799.2,sat
/home/michele/mltlsat/Benchmarks/random/P0.7N3L85M100T100-1.mltl,-1,-1,TO
/home/michele/mltlsat/Benchmarks/random/P0.7N3L85M100T100-2.mltl,47.274,21610.4,sat
/home/michele/mltlsat/Benchmarks/random/P0.7N3L85M100T100-3.mltl,-1,-1,TO
/home/michele/mltlsat/Benchmarks/random/P0.7N3L85M100T100-4.mltl,14.597999999999999,24092.8,sat
/home/michele/mltlsat/Benchmarks/random/P0.7N3L85M100T100-5.mltl,0.0,10861.6,sat
/home/michele/mltlsat/Benchmarks/random/P0.7N3L85M100T100-6.mltl,0.01,10857.6,sat
/home/michele/mltlsat/Benchmarks/random/P0.7N3L85M100T100-7.mltl,0.002,9328.8,sat
/home/michele/mltlsat/Benchmarks/random/P0.7N3L85M100T100-8.mltl,0.14,27749.6,sat
/home/michele/mltlsat/Benchmarks/random/P0.7N3L85M100T100-9.mltl,-1,-1,TO
/home/michele/mltlsat/Benchmarks/random/P0.7N3L90M100T100-10.mltl,0.0,9351.2,sat
/home/michele/mltlsat/Benchmarks/random/P0.7N3L90M100T100-1.mltl,0.0,7779.2,sat
/home/michele/mltlsat/Benchmarks/random/P0.7N3L90M100T100-2.mltl,-1,-1,TO
/home/michele/mltlsat/Benchmarks/random/P0.7N3L90M100T100-3.mltl,-1,-1,TO
/home/michele/mltlsat/Benchmarks/random/P0.7N3L90M100T100-4.mltl,5.31,124531.2,sat
/home/michele/mltlsat/Benchmarks/random/P0.7N3L90M100T100-5.mltl,0.554,19477.6,sat
/home/michele/mltlsat/Benchmarks/random/P0.7N3L90M100T100-6.mltl,0.04,10859.2,sat
/home/michele/mltlsat/Benchmarks/random/P0.7N3L90M100T100-7.mltl,0.0,9317.6,sat
/home/michele/mltlsat/Benchmarks/random/P0.7N3L90M100T100-8.mltl,0.648,26240.8,sat
/home/michele/mltlsat/Benchmarks/random/P0.7N3L90M100T100-9.mltl,0.016,12425.6,sat
/home/michele/mltlsat/Benchmarks/random/P0.7N3L95M100T100-10.mltl,0.11800000000000001,58480.8,sat
/home/michele/mltlsat/Benchmarks/random/P0.7N3L95M100T100-1.mltl,0.0,9311.2,sat
/home/michele/mltlsat/Benchmarks/random/P0.7N3L95M100T100-2.mltl,23.682,25628,sat
/home/michele/mltlsat/Benchmarks/random/P0.7N3L95M100T100-3.mltl,0.0,9321.6,sat
/home/michele/mltlsat/Benchmarks/random/P0.7N3L95M100T100-4.mltl,0.01,12424,sat
/home/michele/mltlsat/Benchmarks/random/P0.7N3L95M100T100-5.mltl,0.01,13915.2,sat
/home/michele/mltlsat/Benchmarks/random/P0.7N3L95M100T100-6.mltl,0.04,18564,sat
/home/michele/mltlsat/Benchmarks/random/P0.7N3L95M100T100-7.mltl,-1,-1,TO
/home/michele/mltlsat/Benchmarks/random/P0.7N3L95M100T100-8.mltl,0.0,9346.4,sat
/home/michele/mltlsat/Benchmarks/random/P0.7N3L95M100T100-9.mltl,-1,-1,TO
/home/michele/mltlsat/Benchmarks/random/P0.7N4L100M100T100-10.mltl,0.06,10540,sat
/home/michele/mltlsat/Benchmarks/random/P0.7N4L100M100T100-1.mltl,-1,-1,TO
/home/michele/mltlsat/Benchmarks/random/P0.7N4L100M100T100-2.mltl,1.688,32355.2,sat
/home/michele/mltlsat/Benchmarks/random/P0.7N4L100M100T100-3.mltl,0.0,9325.6,sat
/home/michele/mltlsat/Benchmarks/random/P0.7N4L100M100T100-4.mltl,-1,-1,TO
/home/michele/mltlsat/Benchmarks/random/P0.7N4L100M100T100-5.mltl,0.0,7776,sat
/home/michele/mltlsat/Benchmarks/random/P0.7N4L100M100T100-6.mltl,0.21,21301.6,sat
/home/michele/mltlsat/Benchmarks/random/P0.7N4L100M100T100-7.mltl,1.062,314991.2,sat
/home/michele/mltlsat/Benchmarks/random/P0.7N4L100M100T100-8.mltl,0.14400000000000002,23157.6,sat
/home/michele/mltlsat/Benchmarks/random/P0.7N4L100M100T100-9.mltl,-1,-1,TO
/home/michele/mltlsat/Benchmarks/random/P0.7N4L10M100T100-10.mltl,0.0,7790.4,sat
/home/michele/mltlsat/Benchmarks/random/P0.7N4L10M100T100-1.mltl,0.01,9316.8,sat
/home/michele/mltlsat/Benchmarks/random/P0.7N4L10M100T100-2.mltl,0.06,12401.6,sat
/home/michele/mltlsat/Benchmarks/random/P0.7N4L10M100T100-3.mltl,0.0,9307.2,sat
/home/michele/mltlsat/Benchmarks/random/P0.7N4L10M100T100-4.mltl,0.01,9316,sat
/home/michele/mltlsat/Benchmarks/random/P0.7N4L10M100T100-5.mltl,0.0,7809.6,sat
/home/michele/mltlsat/Benchmarks/random/P0.7N4L10M100T100-6.mltl,0.0,7803.2,sat
/home/michele/mltlsat/Benchmarks/random/P0.7N4L10M100T100-7.mltl,0.0,9354.4,sat
/home/michele/mltlsat/Benchmarks/random/P0.7N4L10M100T100-8.mltl,0.0,7812.8,sat
/home/michele/mltlsat/Benchmarks/random/P0.7N4L10M100T100-9.mltl,-1,-1,TO
/home/michele/mltlsat/Benchmarks/random/P0.7N4L15M100T100-10.mltl,0.0,9352.8,sat
/home/michele/mltlsat/Benchmarks/random/P0.7N4L15M100T100-1.mltl,0.0,9344.8,sat
/home/michele/mltlsat/Benchmarks/random/P0.7N4L15M100T100-2.mltl,0.0,10861.6,sat
/home/michele/mltlsat/Benchmarks/random/P0.7N4L15M100T100-3.mltl,0.0,7784,sat
/home/michele/mltlsat/Benchmarks/random/P0.7N4L15M100T100-4.mltl,0.0,9336.8,sat
/home/michele/mltlsat/Benchmarks/random/P0.7N4L15M100T100-5.mltl,0.0,7802.4,unsat
/home/michele/mltlsat/Benchmarks/random/P0.7N4L15M100T100-6.mltl,0.032,10869.6,sat
/home/michele/mltlsat/Benchmarks/random/P0.7N4L15M100T100-7.mltl,0.0,7804,sat
/home/michele/mltlsat/Benchmarks/random/P0.7N4L15M100T100-8.mltl,0.0,7805.6,sat
/home/michele/mltlsat/Benchmarks/random/P0.7N4L15M100T100-9.mltl,0.03,15477.6,sat
/home/michele/mltlsat/Benchmarks/random/P0.7N4L20M100T100-10.mltl,0.0,7781.6,sat
/home/michele/mltlsat/Benchmarks/random/P0.7N4L20M100T100-1.mltl,0.0,7818.4,sat
/home/michele/mltlsat/Benchmarks/random/P0.7N4L20M100T100-2.mltl,0.0,7803.2,sat
/home/michele/mltlsat/Benchmarks/random/P0.7N4L20M100T100-3.mltl,0.056,21616.8,sat
/home/michele/mltlsat/Benchmarks/random/P0.7N4L20M100T100-4.mltl,0.0,7791.2,sat
/home/michele/mltlsat/Benchmarks/random/P0.7N4L20M100T100-5.mltl,0.0,9319.2,sat
/home/michele/mltlsat/Benchmarks/random/P0.7N4L20M100T100-6.mltl,0.012,9318.4,sat
/home/michele/mltlsat/Benchmarks/random/P0.7N4L20M100T100-7.mltl,0.0,9367.2,sat
/home/michele/mltlsat/Benchmarks/random/P0.7N4L20M100T100-8.mltl,0.012,12403.2,sat
/home/michele/mltlsat/Benchmarks/random/P0.7N4L20M100T100-9.mltl,0.0,7802.4,sat
/home/michele/mltlsat/Benchmarks/random/P0.7N4L25M100T100-10.mltl,0.06,20082.4,sat
/home/michele/mltlsat/Benchmarks/random/P0.7N4L25M100T100-1.mltl,0.04,12405.6,sat
/home/michele/mltlsat/Benchmarks/random/P0.7N4L25M100T100-2.mltl,0.0,7802.4,sat
/home/michele/mltlsat/Benchmarks/random/P0.7N4L25M100T100-3.mltl,0.20600000000000002,30824,sat
/home/michele/mltlsat/Benchmarks/random/P0.7N4L25M100T100-4.mltl,0.02,12390.4,sat
/home/michele/mltlsat/Benchmarks/random/P0.7N4L25M100T100-5.mltl,0.0,7807.2,sat
/home/michele/mltlsat/Benchmarks/random/P0.7N4L25M100T100-6.mltl,0.0,7800.8,sat
/home/michele/mltlsat/Benchmarks/random/P0.7N4L25M100T100-7.mltl,0.0,7819.2,sat
/home/michele/mltlsat/Benchmarks/random/P0.7N4L25M100T100-8.mltl,0.0,10864.8,sat
/home/michele/mltlsat/Benchmarks/random/P0.7N4L25M100T100-9.mltl,0.008,10847.2,sat
/home/michele/mltlsat/Benchmarks/random/P0.7N4L30M100T100-10.mltl,0.0,7791.2,sat
/home/michele/mltlsat/Benchmarks/random/P0.7N4L30M100T100-1.mltl,0.03,12395.2,sat
/home/michele/mltlsat/Benchmarks/random/P0.7N4L30M100T100-2.mltl,0.0,9296,sat
/home/michele/mltlsat/Benchmarks/random/P0.7N4L30M100T100-3.mltl,0.0,7777.6,sat
/home/michele/mltlsat/Benchmarks/random/P0.7N4L30M100T100-4.mltl,0.0,10879.2,sat
/home/michele/mltlsat/Benchmarks/random/P0.7N4L30M100T100-5.mltl,1.048,27760,sat
/home/michele/mltlsat/Benchmarks/random/P0.7N4L30M100T100-6.mltl,2.184,867321.6,sat
/home/michele/mltlsat/Benchmarks/random/P0.7N4L30M100T100-7.mltl,-1,-1,TO
/home/michele/mltlsat/Benchmarks/random/P0.7N4L30M100T100-8.mltl,0.09,12405.6,sat
/home/michele/mltlsat/Benchmarks/random/P0.7N4L30M100T100-9.mltl,0.02,10868,sat
/home/michele/mltlsat/Benchmarks/random/P0.7N4L35M100T100-10.mltl,0.01,12409.6,sat
/home/michele/mltlsat/Benchmarks/random/P0.7N4L35M100T100-1.mltl,0.0,7812,sat
/home/michele/mltlsat/Benchmarks/random/P0.7N4L35M100T100-2.mltl,0.14,24692.8,sat
/home/michele/mltlsat/Benchmarks/random/P0.7N4L35M100T100-3.mltl,0.0,7789.6,sat
/home/michele/mltlsat/Benchmarks/random/P0.7N4L35M100T100-4.mltl,0.0,9334.4,sat
/home/michele/mltlsat/Benchmarks/random/P0.7N4L35M100T100-5.mltl,0.0,9339.2,sat
/home/michele/mltlsat/Benchmarks/random/P0.7N4L35M100T100-6.mltl,0.0,7815.2,sat
/home/michele/mltlsat/Benchmarks/random/P0.7N4L35M100T100-7.mltl,0.01,10905.6,sat
/home/michele/mltlsat/Benchmarks/random/P0.7N4L35M100T100-8.mltl,0.07,18540,sat
/home/michele/mltlsat/Benchmarks/random/P0.7N4L35M100T100-9.mltl,0.0,7852,sat
/home/michele/mltlsat/Benchmarks/random/P0.7N4L40M100T100-10.mltl,0.03,10867.2,sat
/home/michele/mltlsat/Benchmarks/random/P0.7N4L40M100T100-1.mltl,0.0,9327.2,sat
/home/michele/mltlsat/Benchmarks/random/P0.7N4L40M100T100-2.mltl,-1,-1,TO
/home/michele/mltlsat/Benchmarks/random/P0.7N4L40M100T100-3.mltl,0.0,7780.8,sat
/home/michele/mltlsat/Benchmarks/random/P0.7N4L40M100T100-4.mltl,0.01,10874.4,sat
/home/michele/mltlsat/Benchmarks/random/P0.7N4L40M100T100-5.mltl,0.1,15472.8,sat
/home/michele/mltlsat/Benchmarks/random/P0.7N4L40M100T100-6.mltl,0.0,9330.4,sat
/home/michele/mltlsat/Benchmarks/random/P0.7N4L40M100T100-7.mltl,0.372,30845.6,sat
/home/michele/mltlsat/Benchmarks/random/P0.7N4L40M100T100-8.mltl,0.0,7816,sat
/home/michele/mltlsat/Benchmarks/random/P0.7N4L40M100T100-9.mltl,0.01,13953.6,sat
/home/michele/mltlsat/Benchmarks/random/P0.7N4L45M100T100-10.mltl,0.02,13952.8,sat
/home/michele/mltlsat/Benchmarks/random/P0.7N4L45M100T100-1.mltl,0.016,12427.2,sat
/home/michele/mltlsat/Benchmarks/random/P0.7N4L45M100T100-2.mltl,0.02,12412.8,sat
/home/michele/mltlsat/Benchmarks/random/P0.7N4L45M100T100-3.mltl,0.016,9341.6,unsat
/home/michele/mltlsat/Benchmarks/random/P0.7N4L45M100T100-4.mltl,0.01,12408.8,sat
/home/michele/mltlsat/Benchmarks/random/P0.7N4L45M100T100-5.mltl,-1,-1,TO
/home/michele/mltlsat/Benchmarks/random/P0.7N4L45M100T100-6.mltl,-1,-1,TO
/home/michele/mltlsat/Benchmarks/random/P0.7N4L45M100T100-7.mltl,0.0,10851.2,sat
/home/michele/mltlsat/Benchmarks/random/P0.7N4L45M100T100-8.mltl,0.042,9340.8,sat
/home/michele/mltlsat/Benchmarks/random/P0.7N4L45M100T100-9.mltl,21.76,65267.2,sat
/home/michele/mltlsat/Benchmarks/random/P0.7N4L50M100T100-10.mltl,0.02,12411.2,sat
/home/michele/mltlsat/Benchmarks/random/P0.7N4L50M100T100-1.mltl,0.0,7790.4,unsat
/home/michele/mltlsat/Benchmarks/random/P0.7N4L50M100T100-2.mltl,0.0,9397.6,sat
/home/michele/mltlsat/Benchmarks/random/P0.7N4L50M100T100-3.mltl,0.08,15466.4,sat
/home/michele/mltlsat/Benchmarks/random/P0.7N4L50M100T100-4.mltl,0.0,9314.4,sat
/home/michele/mltlsat/Benchmarks/random/P0.7N4L50M100T100-5.mltl,0.0,7784,sat
/home/michele/mltlsat/Benchmarks/random/P0.7N4L50M100T100-6.mltl,1.998,58166.4,sat
/home/michele/mltlsat/Benchmarks/random/P0.7N4L50M100T100-7.mltl,0.01,10875.2,sat
/home/michele/mltlsat/Benchmarks/random/P0.7N4L50M100T100-8.mltl,-1,-1,TO
/home/michele/mltlsat/Benchmarks/random/P0.7N4L50M100T100-9.mltl,0.016,9331.2,sat
/home/michele/mltlsat/Benchmarks/random/P0.7N4L55M100T100-10.mltl,0.652,41611.2,sat
/home/michele/mltlsat/Benchmarks/random/P0.7N4L55M100T100-1.mltl,0.0,9312.8,sat
/home/michele/mltlsat/Benchmarks/random/P0.7N4L55M100T100-2.mltl,0.0,9321.6,sat
/home/michele/mltlsat/Benchmarks/random/P0.7N4L55M100T100-3.mltl,0.0,7794.4,sat
/home/michele/mltlsat/Benchmarks/random/P0.7N4L55M100T100-4.mltl,0.1,25951.2,sat
/home/michele/mltlsat/Benchmarks/random/P0.7N4L55M100T100-5.mltl,0.08,20084.8,sat
/home/michele/mltlsat/Benchmarks/random/P0.7N4L55M100T100-6.mltl,1.1320000000000001,38517.6,sat
/home/michele/mltlsat/Benchmarks/random/P0.7N4L55M100T100-7.mltl,0.01,12416.8,sat
/home/michele/mltlsat/Benchmarks/random/P0.7N4L55M100T100-8.mltl,1.658,39731.2,sat
/home/michele/mltlsat/Benchmarks/random/P0.7N4L55M100T100-9.mltl,0.01,9362.4,sat
/home/michele/mltlsat/Benchmarks/random/P0.7N4L5M100T100-10.mltl,0.0,7784.8,sat
/home/michele/mltlsat/Benchmarks/random/P0.7N4L5M100T100-1.mltl,0.0,7784,sat
/home/michele/mltlsat/Benchmarks/random/P0.7N4L5M100T100-2.mltl,0.0,7776.8,sat
/home/michele/mltlsat/Benchmarks/random/P0.7N4L5M100T100-3.mltl,0.0,9311.2,sat
/home/michele/mltlsat/Benchmarks/random/P0.7N4L5M100T100-4.mltl,0.0,7796.8,sat
/home/michele/mltlsat/Benchmarks/random/P0.7N4L5M100T100-5.mltl,0.0,7788.8,sat
/home/michele/mltlsat/Benchmarks/random/P0.7N4L5M100T100-6.mltl,0.0,9335.2,sat
/home/michele/mltlsat/Benchmarks/random/P0.7N4L5M100T100-7.mltl,0.0,7797.6,sat
/home/michele/mltlsat/Benchmarks/random/P0.7N4L5M100T100-8.mltl,0.0,7809.6,sat
/home/michele/mltlsat/Benchmarks/random/P0.7N4L5M100T100-9.mltl,0.0,7802.4,sat
/home/michele/mltlsat/Benchmarks/random/P0.7N4L60M100T100-10.mltl,0.17,29306.4,sat
/home/michele/mltlsat/Benchmarks/random/P0.7N4L60M100T100-1.mltl,-1,-1,TO
/home/michele/mltlsat/Benchmarks/random/P0.7N4L60M100T100-2.mltl,0.416,59701.6,sat
/home/michele/mltlsat/Benchmarks/random/P0.7N4L60M100T100-3.mltl,0.006,10852.8,unsat
/home/michele/mltlsat/Benchmarks/random/P0.7N4L60M100T100-4.mltl,-1,-1,TO
/home/michele/mltlsat/Benchmarks/random/P0.7N4L60M100T100-5.mltl,0.01,13946.4,sat
/home/michele/mltlsat/Benchmarks/random/P0.7N4L60M100T100-6.mltl,0.06,9345.6,sat
/home/michele/mltlsat/Benchmarks/random/P0.7N4L60M100T100-7.mltl,0.0,10874.4,sat
/home/michele/mltlsat/Benchmarks/random/P0.7N4L60M100T100-8.mltl,37.804,24678.4,sat
/home/michele/mltlsat/Benchmarks/random/P0.7N4L60M100T100-9.mltl,0.39,18545.6,sat
/home/michele/mltlsat/Benchmarks/random/P0.7N4L65M100T100-10.mltl,0.0,7794.4,sat
/home/michele/mltlsat/Benchmarks/random/P0.7N4L65M100T100-1.mltl,0.03,13926.4,sat
/home/michele/mltlsat/Benchmarks/random/P0.7N4L65M100T100-2.mltl,0.0,7791.2,sat
/home/michele/mltlsat/Benchmarks/random/P0.7N4L65M100T100-3.mltl,0.0,9341.6,sat
/home/michele/mltlsat/Benchmarks/random/P0.7N4L65M100T100-4.mltl,0.02,13947.2,sat
/home/michele/mltlsat/Benchmarks/random/P0.7N4L65M100T100-5.mltl,5.994,55092.8,sat
/home/michele/mltlsat/Benchmarks/random/P0.7N4L65M100T100-6.mltl,0.02,12393.6,sat
/home/michele/mltlsat/Benchmarks/random/P0.7N4L65M100T100-7.mltl,0.09,43133.6,sat
/home/michele/mltlsat/Benchmarks/random/P0.7N4L65M100T100-8.mltl,0.0,9332.8,sat
/home/michele/mltlsat/Benchmarks/random/P0.7N4L65M100T100-9.mltl,-1,-1,TO
/home/michele/mltlsat/Benchmarks/random/P0.7N4L70M100T100-10.mltl,0.13,12397.6,sat
/home/michele/mltlsat/Benchmarks/random/P0.7N4L70M100T100-1.mltl,0.05,12394.4,sat
/home/michele/mltlsat/Benchmarks/random/P0.7N4L70M100T100-2.mltl,0.02,9322.4,sat
/home/michele/mltlsat/Benchmarks/random/P0.7N4L70M100T100-3.mltl,0.012,9339.2,sat
/home/michele/mltlsat/Benchmarks/random/P0.7N4L70M100T100-4.mltl,0.0,9342.4,sat
/home/michele/mltlsat/Benchmarks/random/P0.7N4L70M100T100-5.mltl,0.0,7797.6,sat
/home/michele/mltlsat/Benchmarks/random/P0.7N4L70M100T100-6.mltl,0.01,12393.6,sat
/home/michele/mltlsat/Benchmarks/random/P0.7N4L70M100T100-7.mltl,0.0,9348,sat
/home/michele/mltlsat/Benchmarks/random/P0.7N4L70M100T100-8.mltl,0.0,10856.8,sat
/home/michele/mltlsat/Benchmarks/random/P0.7N4L70M100T100-9.mltl,0.186,21626.4,sat
/home/michele/mltlsat/Benchmarks/random/P0.7N4L75M100T100-10.mltl,0.096,49260,sat
/home/michele/mltlsat/Benchmarks/random/P0.7N4L75M100T100-1.mltl,0.008,10874.4,sat
/home/michele/mltlsat/Benchmarks/random/P0.7N4L75M100T100-2.mltl,-1,-1,TO
/home/michele/mltlsat/Benchmarks/random/P0.7N4L75M100T100-3.mltl,-1,-1,TO
/home/michele/mltlsat/Benchmarks/random/P0.7N4L75M100T100-4.mltl,0.032,10853.6,sat
/home/michele/mltlsat/Benchmarks/random/P0.7N4L75M100T100-5.mltl,0.03,12408,sat
/home/michele/mltlsat/Benchmarks/random/P0.7N4L75M100T100-6.mltl,0.1,15493.6,sat
/home/michele/mltlsat/Benchmarks/random/P0.7N4L75M100T100-7.mltl,0.03,13941.6,sat
/home/michele/mltlsat/Benchmarks/random/P0.7N4L75M100T100-8.mltl,0.03,16996,sat
/home/michele/mltlsat/Benchmarks/random/P0.7N4L75M100T100-9.mltl,0.0,7788.8,sat
/home/michele/mltlsat/Benchmarks/random/P0.7N4L80M100T100-10.mltl,0.03,10875.2,sat
/home/michele/mltlsat/Benchmarks/random/P0.7N4L80M100T100-1.mltl,0.0,9324,sat
/home/michele/mltlsat/Benchmarks/random/P0.7N4L80M100T100-2.mltl,0.18,22848.8,sat
/home/michele/mltlsat/Benchmarks/random/P0.7N4L80M100T100-3.mltl,-1,-1,TO
/home/michele/mltlsat/Benchmarks/random/P0.7N4L80M100T100-4.mltl,0.0,7798.4,sat
/home/michele/mltlsat/Benchmarks/random/P0.7N4L80M100T100-5.mltl,0.662,63116.8,sat
/home/michele/mltlsat/Benchmarks/random/P0.7N4L80M100T100-6.mltl,0.0,7810.4,sat
/home/michele/mltlsat/Benchmarks/random/P0.7N4L80M100T100-7.mltl,0.912,27754.4,sat
/home/michele/mltlsat/Benchmarks/random/P0.7N4L80M100T100-8.mltl,0.0,7781.6,sat
/home/michele/mltlsat/Benchmarks/random/P0.7N4L80M100T100-9.mltl,0.02,12402.4,sat
/home/michele/mltlsat/Benchmarks/random/P0.7N4L85M100T100-10.mltl,-1,-1,TO
/home/michele/mltlsat/Benchmarks/random/P0.7N4L85M100T100-1.mltl,-1,-1,TO
/home/michele/mltlsat/Benchmarks/random/P0.7N4L85M100T100-2.mltl,0.548,36984.8,sat
/home/michele/mltlsat/Benchmarks/random/P0.7N4L85M100T100-3.mltl,0.32,27767.2,sat
/home/michele/mltlsat/Benchmarks/random/P0.7N4L85M100T100-4.mltl,-1,-1,TO
/home/michele/mltlsat/Benchmarks/random/P0.7N4L85M100T100-5.mltl,0.0,9319.2,sat
/home/michele/mltlsat/Benchmarks/random/P0.7N4L85M100T100-6.mltl,0.01,10856,sat
/home/michele/mltlsat/Benchmarks/random/P0.7N4L85M100T100-7.mltl,0.0,7792,sat
/home/michele/mltlsat/Benchmarks/random/P0.7N4L85M100T100-8.mltl,-1,-1,TO
/home/michele/mltlsat/Benchmarks/random/P0.7N4L85M100T100-9.mltl,0.0,9327.2,sat
/home/michele/mltlsat/Benchmarks/random/P0.7N4L90M100T100-10.mltl,0.0,7759.2,sat
/home/michele/mltlsat/Benchmarks/random/P0.7N4L90M100T100-1.mltl,2.556,13612.8,sat
/home/michele/mltlsat/Benchmarks/random/P0.7N4L90M100T100-2.mltl,0.24000000000000002,23124,sat
/home/michele/mltlsat/Benchmarks/random/P0.7N4L90M100T100-3.mltl,0.042,10872.8,sat
/home/michele/mltlsat/Benchmarks/random/P0.7N4L90M100T100-4.mltl,-1,-1,TO
/home/michele/mltlsat/Benchmarks/random/P0.7N4L90M100T100-5.mltl,-1,-1,TO
/home/michele/mltlsat/Benchmarks/random/P0.7N4L90M100T100-6.mltl,-1,-1,TO
/home/michele/mltlsat/Benchmarks/random/P0.7N4L90M100T100-7.mltl,0.182,53871.2,sat
/home/michele/mltlsat/Benchmarks/random/P0.7N4L90M100T100-8.mltl,-1,-1,TO
/home/michele/mltlsat/Benchmarks/random/P0.7N4L90M100T100-9.mltl,-1,-1,TO
/home/michele/mltlsat/Benchmarks/random/P0.7N4L95M100T100-10.mltl,0.0,9336,sat
/home/michele/mltlsat/Benchmarks/random/P0.7N4L95M100T100-1.mltl,-1,-1,TO
/home/michele/mltlsat/Benchmarks/random/P0.7N4L95M100T100-2.mltl,-1,-1,TO
/home/michele/mltlsat/Benchmarks/random/P0.7N4L95M100T100-3.mltl,-1,-1,TO
/home/michele/mltlsat/Benchmarks/random/P0.7N4L95M100T100-4.mltl,1.45,21304.8,sat
/home/michele/mltlsat/Benchmarks/random/P0.7N4L95M100T100-5.mltl,0.06,12400.8,sat
/home/michele/mltlsat/Benchmarks/random/P0.7N4L95M100T100-6.mltl,0.2,24696,sat
/home/michele/mltlsat/Benchmarks/random/P0.7N4L95M100T100-7.mltl,0.0,9324,sat
/home/michele/mltlsat/Benchmarks/random/P0.7N4L95M100T100-8.mltl,0.0,7798.4,unsat
/home/michele/mltlsat/Benchmarks/random/P0.7N4L95M100T100-9.mltl,0.01,9324,sat
/home/michele/mltlsat/Benchmarks/random/P0.7N5L100M100T100-10.mltl,-1,-1,TO
/home/michele/mltlsat/Benchmarks/random/P0.7N5L100M100T100-1.mltl,39.4,24713.6,sat
/home/michele/mltlsat/Benchmarks/random/P0.7N5L100M100T100-2.mltl,0.2,12411.2,sat
/home/michele/mltlsat/Benchmarks/random/P0.7N5L100M100T100-3.mltl,0.0,9329.6,sat
/home/michele/mltlsat/Benchmarks/random/P0.7N5L100M100T100-4.mltl,0.02,18552.8,sat
/home/michele/mltlsat/Benchmarks/random/P0.7N5L100M100T100-5.mltl,0.11,15460,sat
/home/michele/mltlsat/Benchmarks/random/P0.7N5L100M100T100-6.mltl,0.12,10895.2,sat
/home/michele/mltlsat/Benchmarks/random/P0.7N5L100M100T100-7.mltl,35.124,5348768.8,sat
/home/michele/mltlsat/Benchmarks/random/P0.7N5L100M100T100-8.mltl,0.962,63097.6,sat
/home/michele/mltlsat/Benchmarks/random/P0.7N5L100M100T100-9.mltl,-1,-1,TO
/home/michele/mltlsat/Benchmarks/random/P0.7N5L10M100T100-10.mltl,0.0,9344,sat
/home/michele/mltlsat/Benchmarks/random/P0.7N5L10M100T100-1.mltl,0.0,9318.4,sat
/home/michele/mltlsat/Benchmarks/random/P0.7N5L10M100T100-2.mltl,0.042,12412.8,sat
/home/michele/mltlsat/Benchmarks/random/P0.7N5L10M100T100-3.mltl,0.0,7824,sat
/home/michele/mltlsat/Benchmarks/random/P0.7N5L10M100T100-4.mltl,0.057999999999999996,12404,sat
/home/michele/mltlsat/Benchmarks/random/P0.7N5L10M100T100-5.mltl,0.0,7820,sat
/home/michele/mltlsat/Benchmarks/random/P0.7N5L10M100T100-6.mltl,0.0,7812.8,sat
/home/michele/mltlsat/Benchmarks/random/P0.7N5L10M100T100-7.mltl,0.0,7825.6,sat
/home/michele/mltlsat/Benchmarks/random/P0.7N5L10M100T100-8.mltl,0.0,9335.2,sat
/home/michele/mltlsat/Benchmarks/random/P0.7N5L10M100T100-9.mltl,0.0,9344,sat
/home/michele/mltlsat/Benchmarks/random/P0.7N5L15M100T100-10.mltl,0.0,7793.6,sat
/home/michele/mltlsat/Benchmarks/random/P0.7N5L15M100T100-1.mltl,0.0,9337.6,sat
/home/michele/mltlsat/Benchmarks/random/P0.7N5L15M100T100-2.mltl,0.082,10869.6,sat
/home/michele/mltlsat/Benchmarks/random/P0.7N5L15M100T100-3.mltl,0.0,9344,sat
/home/michele/mltlsat/Benchmarks/random/P0.7N5L15M100T100-4.mltl,0.012,10860,sat
/home/michele/mltlsat/Benchmarks/random/P0.7N5L15M100T100-5.mltl,0.0,7805.6,sat
/home/michele/mltlsat/Benchmarks/random/P0.7N5L15M100T100-6.mltl,0.0,7787.2,sat
/home/michele/mltlsat/Benchmarks/random/P0.7N5L15M100T100-7.mltl,0.07200000000000001,12416,sat
/home/michele/mltlsat/Benchmarks/random/P0.7N5L15M100T100-8.mltl,0.0,7795.2,sat
/home/michele/mltlsat/Benchmarks/random/P0.7N5L15M100T100-9.mltl,0.0,7804.8,sat
/home/michele/mltlsat/Benchmarks/random/P0.7N5L20M100T100-10.mltl,0.0,7804,sat
/home/michele/mltlsat/Benchmarks/random/P0.7N5L20M100T100-1.mltl,0.0,9325.6,sat
/home/michele/mltlsat/Benchmarks/random/P0.7N5L20M100T100-2.mltl,0.0,7800,sat
/home/michele/mltlsat/Benchmarks/random/P0.7N5L20M100T100-3.mltl,0.0,7811.2,sat
/home/michele/mltlsat/Benchmarks/random/P0.7N5L20M100T100-4.mltl,0.0,7825.6,sat
/home/michele/mltlsat/Benchmarks/random/P0.7N5L20M100T100-5.mltl,0.0,9318.4,sat
/home/michele/mltlsat/Benchmarks/random/P0.7N5L20M100T100-6.mltl,0.0,7778.4,sat
/home/michele/mltlsat/Benchmarks/random/P0.7N5L20M100T100-7.mltl,0.0,7813.6,sat
/home/michele/mltlsat/Benchmarks/random/P0.7N5L20M100T100-8.mltl,0.0,7786.4,sat
/home/michele/mltlsat/Benchmarks/random/P0.7N5L20M100T100-9.mltl,-1,-1,TO
/home/michele/mltlsat/Benchmarks/random/P0.7N5L25M100T100-10.mltl,0.01,10916,sat
/home/michele/mltlsat/Benchmarks/random/P0.7N5L25M100T100-1.mltl,0.0,7808,sat
/home/michele/mltlsat/Benchmarks/random/P0.7N5L25M100T100-2.mltl,0.0,9317.6,sat
/home/michele/mltlsat/Benchmarks/random/P0.7N5L25M100T100-3.mltl,0.0,9339.2,sat
/home/michele/mltlsat/Benchmarks/random/P0.7N5L25M100T100-4.mltl,0.182,21615.2,sat
/home/michele/mltlsat/Benchmarks/random/P0.7N5L25M100T100-5.mltl,0.0,10864,sat
/home/michele/mltlsat/Benchmarks/random/P0.7N5L25M100T100-6.mltl,0.0,12412,sat
/home/michele/mltlsat/Benchmarks/random/P0.7N5L25M100T100-7.mltl,0.0,9373.6,sat
/home/michele/mltlsat/Benchmarks/random/P0.7N5L25M100T100-8.mltl,0.0,7784.8,sat
/home/michele/mltlsat/Benchmarks/random/P0.7N5L25M100T100-9.mltl,0.0,7823.2,sat
/home/michele/mltlsat/Benchmarks/random/P0.7N5L30M100T100-10.mltl,0.02,10861.6,sat
/home/michele/mltlsat/Benchmarks/random/P0.7N5L30M100T100-1.mltl,0.216,36980.8,sat
/home/michele/mltlsat/Benchmarks/random/P0.7N5L30M100T100-2.mltl,0.01,10879.2,sat
/home/michele/mltlsat/Benchmarks/random/P0.7N5L30M100T100-3.mltl,0.0,7812.8,sat
/home/michele/mltlsat/Benchmarks/random/P0.7N5L30M100T100-4.mltl,0.0,9329.6,sat
/home/michele/mltlsat/Benchmarks/random/P0.7N5L30M100T100-5.mltl,0.114,15481.6,sat
/home/michele/mltlsat/Benchmarks/random/P0.7N5L30M100T100-6.mltl,0.02,10870.4,sat
/home/michele/mltlsat/Benchmarks/random/P0.7N5L30M100T100-7.mltl,10.364,14564.8,sat
/home/michele/mltlsat/Benchmarks/random/P0.7N5L30M100T100-8.mltl,0.01,12414.4,sat
/home/michele/mltlsat/Benchmarks/random/P0.7N5L30M100T100-9.mltl,-1,-1,TO
/home/michele/mltlsat/Benchmarks/random/P0.7N5L35M100T100-10.mltl,0.04,9316,sat
/home/michele/mltlsat/Benchmarks/random/P0.7N5L35M100T100-1.mltl,0.02,12390.4,sat
/home/michele/mltlsat/Benchmarks/random/P0.7N5L35M100T100-2.mltl,-1,-1,TO
/home/michele/mltlsat/Benchmarks/random/P0.7N5L35M100T100-3.mltl,0.03,18552,sat
/home/michele/mltlsat/Benchmarks/random/P0.7N5L35M100T100-4.mltl,0.03,10881.6,sat
/home/michele/mltlsat/Benchmarks/random/P0.7N5L35M100T100-5.mltl,0.01,13660,sat
/home/michele/mltlsat/Benchmarks/random/P0.7N5L35M100T100-6.mltl,0.0,9316,sat
/home/michele/mltlsat/Benchmarks/random/P0.7N5L35M100T100-7.mltl,0.02,9331.2,sat
/home/michele/mltlsat/Benchmarks/random/P0.7N5L35M100T100-8.mltl,0.0,7808.8,sat
/home/michele/mltlsat/Benchmarks/random/P0.7N5L35M100T100-9.mltl,0.0,9334.4,sat
/home/michele/mltlsat/Benchmarks/random/P0.7N5L40M100T100-10.mltl,0.03,18563.2,sat
/home/michele/mltlsat/Benchmarks/random/P0.7N5L40M100T100-1.mltl,0.0,10883.2,sat
/home/michele/mltlsat/Benchmarks/random/P0.7N5L40M100T100-2.mltl,0.0,9321.6,sat
/home/michele/mltlsat/Benchmarks/random/P0.7N5L40M100T100-3.mltl,-1,-1,TO
/home/michele/mltlsat/Benchmarks/random/P0.7N5L40M100T100-4.mltl,-1,-1,TO
/home/michele/mltlsat/Benchmarks/random/P0.7N5L40M100T100-5.mltl,0.748,13632.8,sat
/home/michele/mltlsat/Benchmarks/random/P0.7N5L40M100T100-6.mltl,0.0,7783.2,sat
/home/michele/mltlsat/Benchmarks/random/P0.7N5L40M100T100-7.mltl,0.0,9328.8,sat
/home/michele/mltlsat/Benchmarks/random/P0.7N5L40M100T100-8.mltl,0.0,9358.4,sat
/home/michele/mltlsat/Benchmarks/random/P0.7N5L40M100T100-9.mltl,0.0,10863.2,sat
/home/michele/mltlsat/Benchmarks/random/P0.7N5L45M100T100-10.mltl,-1,-1,TO
/home/michele/mltlsat/Benchmarks/random/P0.7N5L45M100T100-1.mltl,-1,-1,TO
/home/michele/mltlsat/Benchmarks/random/P0.7N5L45M100T100-2.mltl,3.036,76908.8,sat
/home/michele/mltlsat/Benchmarks/random/P0.7N5L45M100T100-3.mltl,0.0,9341.6,sat
/home/michele/mltlsat/Benchmarks/random/P0.7N5L45M100T100-4.mltl,4.298,50488.8,sat
/home/michele/mltlsat/Benchmarks/random/P0.7N5L45M100T100-5.mltl,0.02,18560,sat
/home/michele/mltlsat/Benchmarks/random/P0.7N5L45M100T100-6.mltl,0.05,15480,sat
/home/michele/mltlsat/Benchmarks/random/P0.7N5L45M100T100-7.mltl,0.0,9023.2,sat
/home/michele/mltlsat/Benchmarks/random/P0.7N5L45M100T100-8.mltl,0.0,7792.8,sat
/home/michele/mltlsat/Benchmarks/random/P0.7N5L45M100T100-9.mltl,0.0,9350.4,sat
/home/michele/mltlsat/Benchmarks/random/P0.7N5L50M100T100-10.mltl,0.01,10883.2,sat
/home/michele/mltlsat/Benchmarks/random/P0.7N5L50M100T100-1.mltl,0.042,12401.6,sat
/home/michele/mltlsat/Benchmarks/random/P0.7N5L50M100T100-2.mltl,0.0,7780,sat
/home/michele/mltlsat/Benchmarks/random/P0.7N5L50M100T100-3.mltl,0.0,9363.2,sat
/home/michele/mltlsat/Benchmarks/random/P0.7N5L50M100T100-4.mltl,0.0,7790.4,sat
/home/michele/mltlsat/Benchmarks/random/P0.7N5L50M100T100-5.mltl,0.12,15485.6,sat
/home/michele/mltlsat/Benchmarks/random/P0.7N5L50M100T100-6.mltl,0.178,27762.4,sat
/home/michele/mltlsat/Benchmarks/random/P0.7N5L50M100T100-7.mltl,1.46,101493.6,sat
/home/michele/mltlsat/Benchmarks/random/P0.7N5L50M100T100-8.mltl,0.03,12416,sat
/home/michele/mltlsat/Benchmarks/random/P0.7N5L50M100T100-9.mltl,0.908,35459.2,sat
/home/michele/mltlsat/Benchmarks/random/P0.7N5L55M100T100-10.mltl,0.274,13933.6,sat
/home/michele/mltlsat/Benchmarks/random/P0.7N5L55M100T100-1.mltl,0.0,7805.6,sat
/home/michele/mltlsat/Benchmarks/random/P0.7N5L55M100T100-2.mltl,0.082,10860.8,sat
/home/michele/mltlsat/Benchmarks/random/P0.7N5L55M100T100-3.mltl,0.032,12411.2,sat
/home/michele/mltlsat/Benchmarks/random/P0.7N5L55M100T100-4.mltl,-1,-1,TO
/home/michele/mltlsat/Benchmarks/random/P0.7N5L55M100T100-5.mltl,0.01,10563.2,sat
/home/michele/mltlsat/Benchmarks/random/P0.7N5L55M100T100-6.mltl,0.0,9308.8,sat
/home/michele/mltlsat/Benchmarks/random/P0.7N5L55M100T100-7.mltl,0.314,35471.2,sat
/home/michele/mltlsat/Benchmarks/random/P0.7N5L55M100T100-8.mltl,0.198,18548,sat
/home/michele/mltlsat/Benchmarks/random/P0.7N5L55M100T100-9.mltl,0.0,7812.8,sat
/home/michele/mltlsat/Benchmarks/random/P0.7N5L5M100T100-10.mltl,0.0,7795.2,sat
/home/michele/mltlsat/Benchmarks/random/P0.7N5L5M100T100-1.mltl,0.0,9027.2,sat
/home/michele/mltlsat/Benchmarks/random/P0.7N5L5M100T100-2.mltl,0.0,7811.2,sat
/home/michele/mltlsat/Benchmarks/random/P0.7N5L5M100T100-3.mltl,0.0,7780,sat
/home/michele/mltlsat/Benchmarks/random/P0.7N5L5M100T100-4.mltl,0.0,7800.8,sat
/home/michele/mltlsat/Benchmarks/random/P0.7N5L5M100T100-5.mltl,0.0,9330.4,sat
/home/michele/mltlsat/Benchmarks/random/P0.7N5L5M100T100-6.mltl,0.0,7812.8,sat
/home/michele/mltlsat/Benchmarks/random/P0.7N5L5M100T100-7.mltl,0.0,7836.8,sat
/home/michele/mltlsat/Benchmarks/random/P0.7N5L5M100T100-8.mltl,0.0,7804,sat
/home/michele/mltlsat/Benchmarks/random/P0.7N5L5M100T100-9.mltl,0.0,9349.6,sat
/home/michele/mltlsat/Benchmarks/random/P0.7N5L60M100T100-10.mltl,2.074,184117.6,sat
/home/michele/mltlsat/Benchmarks/random/P0.7N5L60M100T100-1.mltl,0.0,9327.2,sat
/home/michele/mltlsat/Benchmarks/random/P0.7N5L60M100T100-2.mltl,-1,-1,TO
/home/michele/mltlsat/Benchmarks/random/P0.7N5L60M100T100-3.mltl,0.13,18552,sat
/home/michele/mltlsat/Benchmarks/random/P0.7N5L60M100T100-4.mltl,-1,-1,TO
/home/michele/mltlsat/Benchmarks/random/P0.7N5L60M100T100-5.mltl,-1,-1,TO
/home/michele/mltlsat/Benchmarks/random/P0.7N5L60M100T100-6.mltl,0.02,12396,sat
/home/michele/mltlsat/Benchmarks/random/P0.7N5L60M100T100-7.mltl,0.588,50488.8,sat
/home/michele/mltlsat/Benchmarks/random/P0.7N5L60M100T100-8.mltl,0.0,7780,sat
/home/michele/mltlsat/Benchmarks/random/P0.7N5L60M100T100-9.mltl,0.0,9347.2,sat
/home/michele/mltlsat/Benchmarks/random/P0.7N5L65M100T100-10.mltl,0.02,10863.2,sat
/home/michele/mltlsat/Benchmarks/random/P0.7N5L65M100T100-1.mltl,0.23,12088,sat
/home/michele/mltlsat/Benchmarks/random/P0.7N5L65M100T100-2.mltl,0.0,9352.8,sat
/home/michele/mltlsat/Benchmarks/random/P0.7N5L65M100T100-3.mltl,0.0,9328,sat
/home/michele/mltlsat/Benchmarks/random/P0.7N5L65M100T100-4.mltl,14.044,14536,sat
/home/michele/mltlsat/Benchmarks/random/P0.7N5L65M100T100-5.mltl,-1,-1,TO
/home/michele/mltlsat/Benchmarks/random/P0.7N5L65M100T100-6.mltl,0.09,23158.4,sat
/home/michele/mltlsat/Benchmarks/random/P0.7N5L65M100T100-7.mltl,0.02,12395.2,sat
/home/michele/mltlsat/Benchmarks/random/P0.7N5L65M100T100-8.mltl,0.01,10871.2,sat
/home/michele/mltlsat/Benchmarks/random/P0.7N5L65M100T100-9.mltl,0.01,10855.2,sat
/home/michele/mltlsat/Benchmarks/random/P0.7N5L70M100T100-10.mltl,0.08,10864,sat
/home/michele/mltlsat/Benchmarks/random/P0.7N5L70M100T100-1.mltl,0.04,15461.6,sat
/home/michele/mltlsat/Benchmarks/random/P0.7N5L70M100T100-2.mltl,-1,-1,TO
/home/michele/mltlsat/Benchmarks/random/P0.7N5L70M100T100-3.mltl,0.54,24696.8,sat
/home/michele/mltlsat/Benchmarks/random/P0.7N5L70M100T100-4.mltl,-1,-1,TO
/home/michele/mltlsat/Benchmarks/random/P0.7N5L70M100T100-5.mltl,0.15,35456,sat
/home/michele/mltlsat/Benchmarks/random/P0.7N5L70M100T100-6.mltl,0.0,9351.2,sat
/home/michele/mltlsat/Benchmarks/random/P0.7N5L70M100T100-7.mltl,0.0,7778.4,sat
/home/michele/mltlsat/Benchmarks/random/P0.7N5L70M100T100-8.mltl,0.0,7790.4,sat
/home/michele/mltlsat/Benchmarks/random/P0.7N5L70M100T100-9.mltl,0.01,9352,sat
/home/michele/mltlsat/Benchmarks/random/P0.7N5L75M100T100-10.mltl,-1,-1,TO
/home/michele/mltlsat/Benchmarks/random/P0.7N5L75M100T100-1.mltl,0.0,9038.4,sat
/home/michele/mltlsat/Benchmarks/random/P0.7N5L75M100T100-2.mltl,1.934,33610.4,sat
/home/michele/mltlsat/Benchmarks/random/P0.7N5L75M100T100-3.mltl,2.382,13941.6,sat
/home/michele/mltlsat/Benchmarks/random/P0.7N5L75M100T100-4.mltl,0.01,9343.2,sat
/home/michele/mltlsat/Benchmarks/random/P0.7N5L75M100T100-5.mltl,0.38,21612.8,sat
/home/michele/mltlsat/Benchmarks/random/P0.7N5L75M100T100-6.mltl,-1,-1,TO
/home/michele/mltlsat/Benchmarks/random/P0.7N5L75M100T100-7.mltl,0.02,10897.6,sat
/home/michele/mltlsat/Benchmarks/random/P0.7N5L75M100T100-8.mltl,0.0,9353.6,sat
/home/michele/mltlsat/Benchmarks/random/P0.7N5L75M100T100-9.mltl,0.0,7788,sat
/home/michele/mltlsat/Benchmarks/random/P0.7N5L80M100T100-10.mltl,0.0,9323.2,sat
/home/michele/mltlsat/Benchmarks/random/P0.7N5L80M100T100-1.mltl,0.03,9320,sat
/home/michele/mltlsat/Benchmarks/random/P0.7N5L80M100T100-2.mltl,-1,-1,TO
/home/michele/mltlsat/Benchmarks/random/P0.7N5L80M100T100-3.mltl,0.08,13636,sat
/home/michele/mltlsat/Benchmarks/random/P0.7N5L80M100T100-4.mltl,0.0,7792,sat
/home/michele/mltlsat/Benchmarks/random/P0.7N5L80M100T100-5.mltl,0.02,13932,sat
/home/michele/mltlsat/Benchmarks/random/P0.7N5L80M100T100-6.mltl,0.452,18529.6,sat
/home/michele/mltlsat/Benchmarks/random/P0.7N5L80M100T100-7.mltl,0.372,41596,sat
/home/michele/mltlsat/Benchmarks/random/P0.7N5L80M100T100-8.mltl,0.0,9344.8,sat
/home/michele/mltlsat/Benchmarks/random/P0.7N5L80M100T100-9.mltl,0.01,9352,sat
/home/michele/mltlsat/Benchmarks/random/P0.7N5L85M100T100-10.mltl,1.008,448624.8,sat
/home/michele/mltlsat/Benchmarks/random/P0.7N5L85M100T100-1.mltl,0.0,10871.2,sat
/home/michele/mltlsat/Benchmarks/random/P0.7N5L85M100T100-2.mltl,0.01,13948.8,sat
/home/michele/mltlsat/Benchmarks/random/P0.7N5L85M100T100-3.mltl,0.0,7793.6,sat
/home/michele/mltlsat/Benchmarks/random/P0.7N5L85M100T100-4.mltl,0.0,9344,sat
/home/michele/mltlsat/Benchmarks/random/P0.7N5L85M100T100-5.mltl,0.09,13632,sat
/home/michele/mltlsat/Benchmarks/random/P0.7N5L85M100T100-6.mltl,-1,-1,TO
/home/michele/mltlsat/Benchmarks/random/P0.7N5L85M100T100-7.mltl,48.141999999999996,1009252,sat
/home/michele/mltlsat/Benchmarks/random/P0.7N5L85M100T100-8.mltl,11.818,12404.8,sat
/home/michele/mltlsat/Benchmarks/random/P0.7N5L85M100T100-9.mltl,-1,-1,TO
/home/michele/mltlsat/Benchmarks/random/P0.7N5L90M100T100-10.mltl,-1,-1,TO
/home/michele/mltlsat/Benchmarks/random/P0.7N5L90M100T100-1.mltl,-1,-1,TO
/home/michele/mltlsat/Benchmarks/random/P0.7N5L90M100T100-2.mltl,-1,-1,TO
/home/michele/mltlsat/Benchmarks/random/P0.7N5L90M100T100-3.mltl,-1,-1,TO
/home/michele/mltlsat/Benchmarks/random/P0.7N5L90M100T100-4.mltl,17.808,108573.6,sat
/home/michele/mltlsat/Benchmarks/random/P0.7N5L90M100T100-5.mltl,-1,-1,TO
/home/michele/mltlsat/Benchmarks/random/P0.7N5L90M100T100-6.mltl,-1,-1,TO
/home/michele/mltlsat/Benchmarks/random/P0.7N5L90M100T100-7.mltl,-1,-1,TO
/home/michele/mltlsat/Benchmarks/random/P0.7N5L90M100T100-8.mltl,-1,-1,TO
/home/michele/mltlsat/Benchmarks/random/P0.7N5L90M100T100-9.mltl,-1,-1,TO
/home/michele/mltlsat/Benchmarks/random/P0.7N5L95M100T100-10.mltl,0.07,17019.2,sat
/home/michele/mltlsat/Benchmarks/random/P0.7N5L95M100T100-1.mltl,0.01,10874.4,sat
/home/michele/mltlsat/Benchmarks/random/P0.7N5L95M100T100-2.mltl,0.0,9315.2,sat
/home/michele/mltlsat/Benchmarks/random/P0.7N5L95M100T100-3.mltl,0.04,13936,sat
/home/michele/mltlsat/Benchmarks/random/P0.7N5L95M100T100-4.mltl,0.0,7808,sat
/home/michele/mltlsat/Benchmarks/random/P0.7N5L95M100T100-5.mltl,-1,-1,TO
/home/michele/mltlsat/Benchmarks/random/P0.7N5L95M100T100-6.mltl,0.4,9339.2,sat
/home/michele/mltlsat/Benchmarks/random/P0.7N5L95M100T100-7.mltl,0.0,9018.4,sat
/home/michele/mltlsat/Benchmarks/random/P0.7N5L95M100T100-8.mltl,-1,-1,TO
/home/michele/mltlsat/Benchmarks/random/P0.7N5L95M100T100-9.mltl,-1,-1,TO
/home/michele/mltlsat/Benchmarks/random/P0.95N1L100M100T100-10.mltl,0.0,9345.6,sat
/home/michele/mltlsat/Benchmarks/random/P0.95N1L100M100T100-1.mltl,0.05,12384.8,sat
/home/michele/mltlsat/Benchmarks/random/P0.95N1L100M100T100-2.mltl,-1,-1,TO
/home/michele/mltlsat/Benchmarks/random/P0.95N1L100M100T100-3.mltl,-1,-1,TO
/home/michele/mltlsat/Benchmarks/random/P0.95N1L100M100T100-4.mltl,7.176,2248214.4,sat
/home/michele/mltlsat/Benchmarks/random/P0.95N1L100M100T100-5.mltl,-1,-1,TO
/home/michele/mltlsat/Benchmarks/random/P0.95N1L100M100T100-6.mltl,8.286,21012.8,sat
/home/michele/mltlsat/Benchmarks/random/P0.95N1L100M100T100-7.mltl,-1,-1,TO
/home/michele/mltlsat/Benchmarks/random/P0.95N1L100M100T100-8.mltl,-1,-1,TO
/home/michele/mltlsat/Benchmarks/random/P0.95N1L100M100T100-9.mltl,-1,-1,TO
/home/michele/mltlsat/Benchmarks/random/P0.95N1L10M100T100-10.mltl,0.02,10869.6,sat
/home/michele/mltlsat/Benchmarks/random/P0.95N1L10M100T100-1.mltl,0.494,21633.6,sat
/home/michele/mltlsat/Benchmarks/random/P0.95N1L10M100T100-2.mltl,0.0,9324.8,sat
/home/michele/mltlsat/Benchmarks/random/P0.95N1L10M100T100-3.mltl,0.0,12407.2,sat
/home/michele/mltlsat/Benchmarks/random/P0.95N1L10M100T100-4.mltl,0.024,10886.4,sat
/home/michele/mltlsat/Benchmarks/random/P0.95N1L10M100T100-5.mltl,0.0,9337.6,sat
/home/michele/mltlsat/Benchmarks/random/P0.95N1L10M100T100-6.mltl,0.0,9316.8,sat
/home/michele/mltlsat/Benchmarks/random/P0.95N1L10M100T100-7.mltl,0.0,9328,sat
/home/michele/mltlsat/Benchmarks/random/P0.95N1L10M100T100-8.mltl,0.0,7796.8,sat
/home/michele/mltlsat/Benchmarks/random/P0.95N1L10M100T100-9.mltl,0.0,9325.6,sat
/home/michele/mltlsat/Benchmarks/random/P0.95N1L15M100T100-10.mltl,-1,-1,TO
/home/michele/mltlsat/Benchmarks/random/P0.95N1L15M100T100-1.mltl,0.0,9328.8,sat
/home/michele/mltlsat/Benchmarks/random/P0.95N1L15M100T100-2.mltl,0.0,7800.8,sat
/home/michele/mltlsat/Benchmarks/random/P0.95N1L15M100T100-3.mltl,0.01,9339.2,sat
/home/michele/mltlsat/Benchmarks/random/P0.95N1L15M100T100-4.mltl,0.0,9324,sat
/home/michele/mltlsat/Benchmarks/random/P0.95N1L15M100T100-5.mltl,0.0,9328,sat
/home/michele/mltlsat/Benchmarks/random/P0.95N1L15M100T100-6.mltl,0.0,9339.2,sat
/home/michele/mltlsat/Benchmarks/random/P0.95N1L15M100T100-7.mltl,0.04,12433.6,sat
/home/michele/mltlsat/Benchmarks/random/P0.95N1L15M100T100-8.mltl,0.0,9355.2,sat
/home/michele/mltlsat/Benchmarks/random/P0.95N1L15M100T100-9.mltl,0.0,9341.6,sat
/home/michele/mltlsat/Benchmarks/random/P0.95N1L20M100T100-10.mltl,0.01,10863.2,sat
/home/michele/mltlsat/Benchmarks/random/P0.95N1L20M100T100-1.mltl,-1,-1,TO
/home/michele/mltlsat/Benchmarks/random/P0.95N1L20M100T100-2.mltl,0.0,9345.6,sat
/home/michele/mltlsat/Benchmarks/random/P0.95N1L20M100T100-3.mltl,0.01,10883.2,sat
/home/michele/mltlsat/Benchmarks/random/P0.95N1L20M100T100-4.mltl,0.03,9348,sat
/home/michele/mltlsat/Benchmarks/random/P0.95N1L20M100T100-5.mltl,0.0,7827.2,sat
/home/michele/mltlsat/Benchmarks/random/P0.95N1L20M100T100-6.mltl,0.33,159862.4,sat
/home/michele/mltlsat/Benchmarks/random/P0.95N1L20M100T100-7.mltl,0.0,9339.2,sat
/home/michele/mltlsat/Benchmarks/random/P0.95N1L20M100T100-8.mltl,0.0,9315.2,sat
/home/michele/mltlsat/Benchmarks/random/P0.95N1L20M100T100-9.mltl,0.17400000000000002,16998.4,sat
/home/michele/mltlsat/Benchmarks/random/P0.95N1L25M100T100-10.mltl,0.38,24398.4,sat
/home/michele/mltlsat/Benchmarks/random/P0.95N1L25M100T100-1.mltl,-1,-1,TO
/home/michele/mltlsat/Benchmarks/random/P0.95N1L25M100T100-2.mltl,0.0,9328.8,sat
/home/michele/mltlsat/Benchmarks/random/P0.95N1L25M100T100-3.mltl,0.0,7787.2,sat
/home/michele/mltlsat/Benchmarks/random/P0.95N1L25M100T100-4.mltl,0.02,12404.8,sat
/home/michele/mltlsat/Benchmarks/random/P0.95N1L25M100T100-5.mltl,0.05,15468.8,sat
/home/michele/mltlsat/Benchmarks/random/P0.95N1L25M100T100-6.mltl,0.16,70759.2,sat
/home/michele/mltlsat/Benchmarks/random/P0.95N1L25M100T100-7.mltl,0.03,12400.8,sat
/home/michele/mltlsat/Benchmarks/random/P0.95N1L25M100T100-8.mltl,0.36,177991.2,sat
/home/michele/mltlsat/Benchmarks/random/P0.95N1L25M100T100-9.mltl,0.09,15463.2,sat
/home/michele/mltlsat/Benchmarks/random/P0.95N1L30M100T100-10.mltl,0.622,18532.8,sat
/home/michele/mltlsat/Benchmarks/random/P0.95N1L30M100T100-1.mltl,7.97,43116.8,sat
/home/michele/mltlsat/Benchmarks/random/P0.95N1L30M100T100-2.mltl,0.0,10903.2,sat
/home/michele/mltlsat/Benchmarks/random/P0.95N1L30M100T100-3.mltl,0.0,9328.8,sat
/home/michele/mltlsat/Benchmarks/random/P0.95N1L30M100T100-4.mltl,1.478,19784.8,sat
/home/michele/mltlsat/Benchmarks/random/P0.95N1L30M100T100-5.mltl,-1,-1,TO
/home/michele/mltlsat/Benchmarks/random/P0.95N1L30M100T100-6.mltl,-1,-1,TO
/home/michele/mltlsat/Benchmarks/random/P0.95N1L30M100T100-7.mltl,-1,-1,TO
/home/michele/mltlsat/Benchmarks/random/P0.95N1L30M100T100-8.mltl,0.01,12397.6,sat
/home/michele/mltlsat/Benchmarks/random/P0.95N1L30M100T100-9.mltl,0.01,9375.2,sat
/home/michele/mltlsat/Benchmarks/random/P0.95N1L35M100T100-10.mltl,2.58,23777.6,sat
/home/michele/mltlsat/Benchmarks/random/P0.95N1L35M100T100-1.mltl,0.22,13908.8,sat
/home/michele/mltlsat/Benchmarks/random/P0.95N1L35M100T100-2.mltl,-1,-1,TO
/home/michele/mltlsat/Benchmarks/random/P0.95N1L35M100T100-3.mltl,8.718,22868.8,sat
/home/michele/mltlsat/Benchmarks/random/P0.95N1L35M100T100-4.mltl,0.008,12402.4,sat
/home/michele/mltlsat/Benchmarks/random/P0.95N1L35M100T100-5.mltl,0.21,18587.2,sat
/home/michele/mltlsat/Benchmarks/random/P0.95N1L35M100T100-6.mltl,-1,-1,TO
/home/michele/mltlsat/Benchmarks/random/P0.95N1L35M100T100-7.mltl,-1,-1,TO
/home/michele/mltlsat/Benchmarks/random/P0.95N1L35M100T100-8.mltl,0.07,12068.8,sat
/home/michele/mltlsat/Benchmarks/random/P0.95N1L35M100T100-9.mltl,0.0,9347.2,sat
/home/michele/mltlsat/Benchmarks/random/P0.95N1L40M100T100-10.mltl,0.132,17010.4,sat
/home/michele/mltlsat/Benchmarks/random/P0.95N1L40M100T100-1.mltl,0.0,9340,unsat
/home/michele/mltlsat/Benchmarks/random/P0.95N1L40M100T100-2.mltl,-1,-1,TO
/home/michele/mltlsat/Benchmarks/random/P0.95N1L40M100T100-3.mltl,-1,-1,TO
/home/michele/mltlsat/Benchmarks/random/P0.95N1L40M100T100-4.mltl,-1,-1,TO
/home/michele/mltlsat/Benchmarks/random/P0.95N1L40M100T100-5.mltl,0.0,7793.6,sat
/home/michele/mltlsat/Benchmarks/random/P0.95N1L40M100T100-6.mltl,-1,-1,TO
/home/michele/mltlsat/Benchmarks/random/P0.95N1L40M100T100-7.mltl,5.348,53858.4,sat
/home/michele/mltlsat/Benchmarks/random/P0.95N1L40M100T100-8.mltl,80.586,89837.6,sat
/home/michele/mltlsat/Benchmarks/random/P0.95N1L40M100T100-9.mltl,0.03,16985.6,sat
/home/michele/mltlsat/Benchmarks/random/P0.95N1L45M100T100-10.mltl,-1,-1,TO
/home/michele/mltlsat/Benchmarks/random/P0.95N1L45M100T100-1.mltl,14.988,48640.8,sat
/home/michele/mltlsat/Benchmarks/random/P0.95N1L45M100T100-2.mltl,3.344,67699.2,sat
/home/michele/mltlsat/Benchmarks/random/P0.95N1L45M100T100-3.mltl,0.0,9330.4,sat
/home/michele/mltlsat/Benchmarks/random/P0.95N1L45M100T100-4.mltl,-1,-1,TO
/home/michele/mltlsat/Benchmarks/random/P0.95N1L45M100T100-5.mltl,-1,-1,TO
/home/michele/mltlsat/Benchmarks/random/P0.95N1L45M100T100-6.mltl,0.304,118380,sat
/home/michele/mltlsat/Benchmarks/random/P0.95N1L45M100T100-7.mltl,0.0,10868,sat
/home/michele/mltlsat/Benchmarks/random/P0.95N1L45M100T100-8.mltl,0.057999999999999996,17015.2,sat
/home/michele/mltlsat/Benchmarks/random/P0.95N1L45M100T100-9.mltl,0.016,17023.2,sat
/home/michele/mltlsat/Benchmarks/random/P0.95N1L50M100T100-10.mltl,-1,-1,TO
/home/michele/mltlsat/Benchmarks/random/P0.95N1L50M100T100-1.mltl,0.0,9336,sat
/home/michele/mltlsat/Benchmarks/random/P0.95N1L50M100T100-2.mltl,0.0,10900.8,sat
/home/michele/mltlsat/Benchmarks/random/P0.95N1L50M100T100-3.mltl,0.042,12383.2,sat
/home/michele/mltlsat/Benchmarks/random/P0.95N1L50M100T100-4.mltl,0.04,10860,sat
/home/michele/mltlsat/Benchmarks/random/P0.95N1L50M100T100-5.mltl,0.0,9343.2,sat
/home/michele/mltlsat/Benchmarks/random/P0.95N1L50M100T100-6.mltl,-1,-1,TO
/home/michele/mltlsat/Benchmarks/random/P0.95N1L50M100T100-7.mltl,0.0,9338.4,sat
/home/michele/mltlsat/Benchmarks/random/P0.95N1L50M100T100-8.mltl,0.25,18240.8,sat
/home/michele/mltlsat/Benchmarks/random/P0.95N1L50M100T100-9.mltl,0.084,18564,sat
/home/michele/mltlsat/Benchmarks/random/P0.95N1L55M100T100-10.mltl,0.0,10865.6,sat
/home/michele/mltlsat/Benchmarks/random/P0.95N1L55M100T100-1.mltl,0.904,40050.4,sat
/home/michele/mltlsat/Benchmarks/random/P0.95N1L55M100T100-2.mltl,-1,-1,TO
/home/michele/mltlsat/Benchmarks/random/P0.95N1L55M100T100-3.mltl,-1,-1,TO
/home/michele/mltlsat/Benchmarks/random/P0.95N1L55M100T100-4.mltl,-1,-1,TO
/home/michele/mltlsat/Benchmarks/random/P0.95N1L55M100T100-5.mltl,0.12,18536.8,sat
/home/michele/mltlsat/Benchmarks/random/P0.95N1L55M100T100-6.mltl,-1,-1,TO
/home/michele/mltlsat/Benchmarks/random/P0.95N1L55M100T100-7.mltl,-1,-1,TO
/home/michele/mltlsat/Benchmarks/random/P0.95N1L55M100T100-8.mltl,0.42,32049.6,sat
/home/michele/mltlsat/Benchmarks/random/P0.95N1L55M100T100-9.mltl,0.0,7807.2,sat
/home/michele/mltlsat/Benchmarks/random/P0.95N1L5M100T100-10.mltl,0.01,10900,sat
/home/michele/mltlsat/Benchmarks/random/P0.95N1L5M100T100-1.mltl,0.0,9316,sat
/home/michele/mltlsat/Benchmarks/random/P0.95N1L5M100T100-2.mltl,0.0,9328.8,sat
/home/michele/mltlsat/Benchmarks/random/P0.95N1L5M100T100-3.mltl,0.0,9351.2,sat
/home/michele/mltlsat/Benchmarks/random/P0.95N1L5M100T100-4.mltl,0.0,9348,sat
/home/michele/mltlsat/Benchmarks/random/P0.95N1L5M100T100-5.mltl,0.0,7776,sat
/home/michele/mltlsat/Benchmarks/random/P0.95N1L5M100T100-6.mltl,0.0,7801.6,sat
/home/michele/mltlsat/Benchmarks/random/P0.95N1L5M100T100-7.mltl,0.0,7770.4,sat
/home/michele/mltlsat/Benchmarks/random/P0.95N1L5M100T100-8.mltl,0.0,7806.4,sat
/home/michele/mltlsat/Benchmarks/random/P0.95N1L5M100T100-9.mltl,0.0,7771.2,sat
/home/michele/mltlsat/Benchmarks/random/P0.95N1L60M100T100-10.mltl,53.83,934292.8,sat
/home/michele/mltlsat/Benchmarks/random/P0.95N1L60M100T100-1.mltl,-1,-1,TO
/home/michele/mltlsat/Benchmarks/random/P0.95N1L60M100T100-2.mltl,0.0,9303.2,sat
/home/michele/mltlsat/Benchmarks/random/P0.95N1L60M100T100-3.mltl,-1,-1,TO
/home/michele/mltlsat/Benchmarks/random/P0.95N1L60M100T100-4.mltl,2.87,32367.2,sat
/home/michele/mltlsat/Benchmarks/random/P0.95N1L60M100T100-5.mltl,-1,-1,TO
/home/michele/mltlsat/Benchmarks/random/P0.95N1L60M100T100-6.mltl,0.528,33887.2,sat
/home/michele/mltlsat/Benchmarks/random/P0.95N1L60M100T100-7.mltl,-1,-1,TO
/home/michele/mltlsat/Benchmarks/random/P0.95N1L60M100T100-8.mltl,-1,-1,TO
/home/michele/mltlsat/Benchmarks/random/P0.95N1L60M100T100-9.mltl,0.03,15480,sat
/home/michele/mltlsat/Benchmarks/random/P0.95N1L65M100T100-10.mltl,0.03,13939.2,sat
/home/michele/mltlsat/Benchmarks/random/P0.95N1L65M100T100-1.mltl,0.062,10891.2,sat
/home/michele/mltlsat/Benchmarks/random/P0.95N1L65M100T100-2.mltl,-1,-1,TO
/home/michele/mltlsat/Benchmarks/random/P0.95N1L65M100T100-3.mltl,-1,-1,TO
/home/michele/mltlsat/Benchmarks/random/P0.95N1L65M100T100-4.mltl,-1,-1,TO
/home/michele/mltlsat/Benchmarks/random/P0.95N1L65M100T100-5.mltl,82.51,43125.6,sat
/home/michele/mltlsat/Benchmarks/random/P0.95N1L65M100T100-6.mltl,0.0,9349.6,sat
/home/michele/mltlsat/Benchmarks/random/P0.95N1L65M100T100-7.mltl,-1,-1,TO
/home/michele/mltlsat/Benchmarks/random/P0.95N1L65M100T100-8.mltl,-1,-1,TO
/home/michele/mltlsat/Benchmarks/random/P0.95N1L65M100T100-9.mltl,-1,-1,TO
/home/michele/mltlsat/Benchmarks/random/P0.95N1L70M100T100-10.mltl,-1,-1,TO
/home/michele/mltlsat/Benchmarks/random/P0.95N1L70M100T100-1.mltl,1.162,38516.8,sat
/home/michele/mltlsat/Benchmarks/random/P0.95N1L70M100T100-2.mltl,-1,-1,TO
/home/michele/mltlsat/Benchmarks/random/P0.95N1L70M100T100-3.mltl,-1,-1,TO
/home/michele/mltlsat/Benchmarks/random/P0.95N1L70M100T100-4.mltl,0.014,15494.4,sat
/home/michele/mltlsat/Benchmarks/random/P0.95N1L70M100T100-5.mltl,-1,-1,TO
/home/michele/mltlsat/Benchmarks/random/P0.95N1L70M100T100-6.mltl,0.0,7785.6,sat
/home/michele/mltlsat/Benchmarks/random/P0.95N1L70M100T100-7.mltl,-1,-1,TO
/home/michele/mltlsat/Benchmarks/random/P0.95N1L70M100T100-8.mltl,0.05,13984.8,sat
/home/michele/mltlsat/Benchmarks/random/P0.95N1L70M100T100-9.mltl,0.0,10894.4,sat
/home/michele/mltlsat/Benchmarks/random/P0.95N1L75M100T100-10.mltl,-1,-1,TO
/home/michele/mltlsat/Benchmarks/random/P0.95N1L75M100T100-1.mltl,-1,-1,TO
/home/michele/mltlsat/Benchmarks/random/P0.95N1L75M100T100-2.mltl,0.03,9325.6,sat
/home/michele/mltlsat/Benchmarks/random/P0.95N1L75M100T100-3.mltl,0.0,10868.8,sat
/home/michele/mltlsat/Benchmarks/random/P0.95N1L75M100T100-4.mltl,-1,-1,TO
/home/michele/mltlsat/Benchmarks/random/P0.95N1L75M100T100-5.mltl,94.274,643399.2,sat
/home/michele/mltlsat/Benchmarks/random/P0.95N1L75M100T100-6.mltl,-1,-1,TO
/home/michele/mltlsat/Benchmarks/random/P0.95N1L75M100T100-7.mltl,-1,-1,TO
/home/michele/mltlsat/Benchmarks/random/P0.95N1L75M100T100-8.mltl,1.598,33887.2,sat
/home/michele/mltlsat/Benchmarks/random/P0.95N1L75M100T100-9.mltl,0.0,9324,sat
/home/michele/mltlsat/Benchmarks/random/P0.95N1L80M100T100-10.mltl,-1,-1,TO
/home/michele/mltlsat/Benchmarks/random/P0.95N1L80M100T100-1.mltl,-1,-1,TO
/home/michele/mltlsat/Benchmarks/random/P0.95N1L80M100T100-2.mltl,-1,-1,TO
/home/michele/mltlsat/Benchmarks/random/P0.95N1L80M100T100-3.mltl,-1,-1,TO
/home/michele/mltlsat/Benchmarks/random/P0.95N1L80M100T100-4.mltl,0.01,13948,sat
/home/michele/mltlsat/Benchmarks/random/P0.95N1L80M100T100-5.mltl,-1,-1,TO
/home/michele/mltlsat/Benchmarks/random/P0.95N1L80M100T100-6.mltl,-1,-1,TO
/home/michele/mltlsat/Benchmarks/random/P0.95N1L80M100T100-7.mltl,-1,-1,TO
/home/michele/mltlsat/Benchmarks/random/P0.95N1L80M100T100-8.mltl,0.0,9340,sat
/home/michele/mltlsat/Benchmarks/random/P0.95N1L80M100T100-9.mltl,-1,-1,TO
/home/michele/mltlsat/Benchmarks/random/P0.95N1L85M100T100-10.mltl,0.048,15490.4,sat
/home/michele/mltlsat/Benchmarks/random/P0.95N1L85M100T100-1.mltl,-1,-1,TO
/home/michele/mltlsat/Benchmarks/random/P0.95N1L85M100T100-2.mltl,-1,-1,TO
/home/michele/mltlsat/Benchmarks/random/P0.95N1L85M100T100-3.mltl,-1,-1,TO
/home/michele/mltlsat/Benchmarks/random/P0.95N1L85M100T100-4.mltl,23.858,21608.8,sat
/home/michele/mltlsat/Benchmarks/random/P0.95N1L85M100T100-5.mltl,0.018000000000000002,17023.2,sat
/home/michele/mltlsat/Benchmarks/random/P0.95N1L85M100T100-6.mltl,19.272,21923.2,sat
/home/michele/mltlsat/Benchmarks/random/P0.95N1L85M100T100-7.mltl,0.0,9312.8,sat
/home/michele/mltlsat/Benchmarks/random/P0.95N1L85M100T100-8.mltl,-1,-1,TO
/home/michele/mltlsat/Benchmarks/random/P0.95N1L85M100T100-9.mltl,-1,-1,TO
/home/michele/mltlsat/Benchmarks/random/P0.95N1L90M100T100-10.mltl,18.448,946883.2,sat
/home/michele/mltlsat/Benchmarks/random/P0.95N1L90M100T100-1.mltl,0.012,15488.8,sat
/home/michele/mltlsat/Benchmarks/random/P0.95N1L90M100T100-2.mltl,0.39,35443.2,sat
/home/michele/mltlsat/Benchmarks/random/P0.95N1L90M100T100-3.mltl,-1,-1,TO
/home/michele/mltlsat/Benchmarks/random/P0.95N1L90M100T100-4.mltl,0.358,36986.4,sat
/home/michele/mltlsat/Benchmarks/random/P0.95N1L90M100T100-5.mltl,0.002,10872.8,sat
/home/michele/mltlsat/Benchmarks/random/P0.95N1L90M100T100-6.mltl,-1,-1,TO
/home/michele/mltlsat/Benchmarks/random/P0.95N1L90M100T100-7.mltl,0.086,35456.8,sat
/home/michele/mltlsat/Benchmarks/random/P0.95N1L90M100T100-8.mltl,0.31,24704.8,sat
/home/michele/mltlsat/Benchmarks/random/P0.95N1L90M100T100-9.mltl,-1,-1,TO
/home/michele/mltlsat/Benchmarks/random/P0.95N1L95M100T100-10.mltl,-1,-1,TO
/home/michele/mltlsat/Benchmarks/random/P0.95N1L95M100T100-1.mltl,-1,-1,TO
/home/michele/mltlsat/Benchmarks/random/P0.95N1L95M100T100-2.mltl,-1,-1,TO
/home/michele/mltlsat/Benchmarks/random/P0.95N1L95M100T100-3.mltl,0.05,20080,sat
/home/michele/mltlsat/Benchmarks/random/P0.95N1L95M100T100-4.mltl,0.02,18556,sat
/home/michele/mltlsat/Benchmarks/random/P0.95N1L95M100T100-5.mltl,0.02,18577.6,sat
/home/michele/mltlsat/Benchmarks/random/P0.95N1L95M100T100-6.mltl,0.976,33908,sat
/home/michele/mltlsat/Benchmarks/random/P0.95N1L95M100T100-7.mltl,-1,-1,TO
/home/michele/mltlsat/Benchmarks/random/P0.95N1L95M100T100-8.mltl,-1,-1,TO
/home/michele/mltlsat/Benchmarks/random/P0.95N1L95M100T100-9.mltl,-1,-1,TO
/home/michele/mltlsat/Benchmarks/random/P0.95N2L100M100T100-10.mltl,-1,-1,TO
/home/michele/mltlsat/Benchmarks/random/P0.95N2L100M100T100-1.mltl,-1,-1,TO
/home/michele/mltlsat/Benchmarks/random/P0.95N2L100M100T100-2.mltl,0.02,13949.6,sat
/home/michele/mltlsat/Benchmarks/random/P0.95N2L100M100T100-3.mltl,-1,-1,TO
/home/michele/mltlsat/Benchmarks/random/P0.95N2L100M100T100-4.mltl,0.03,20055.2,sat
/home/michele/mltlsat/Benchmarks/random/P0.95N2L100M100T100-5.mltl,4.51,27796.8,sat
/home/michele/mltlsat/Benchmarks/random/P0.95N2L100M100T100-6.mltl,-1,-1,TO
/home/michele/mltlsat/Benchmarks/random/P0.95N2L100M100T100-7.mltl,0.572,53892,sat
/home/michele/mltlsat/Benchmarks/random/P0.95N2L100M100T100-8.mltl,0.0,7815.2,sat
/home/michele/mltlsat/Benchmarks/random/P0.95N2L100M100T100-9.mltl,-1,-1,TO
/home/michele/mltlsat/Benchmarks/random/P0.95N2L10M100T100-10.mltl,0.02,12408,sat
/home/michele/mltlsat/Benchmarks/random/P0.95N2L10M100T100-1.mltl,0.01,9332.8,sat
/home/michele/mltlsat/Benchmarks/random/P0.95N2L10M100T100-2.mltl,0.0,9307.2,sat
/home/michele/mltlsat/Benchmarks/random/P0.95N2L10M100T100-3.mltl,0.0,7802.4,sat
/home/michele/mltlsat/Benchmarks/random/P0.95N2L10M100T100-4.mltl,0.0,7800,sat
/home/michele/mltlsat/Benchmarks/random/P0.95N2L10M100T100-5.mltl,0.0,9339.2,sat
/home/michele/mltlsat/Benchmarks/random/P0.95N2L10M100T100-6.mltl,0.0,9335.2,sat
/home/michele/mltlsat/Benchmarks/random/P0.95N2L10M100T100-7.mltl,0.01,10873.6,sat
/home/michele/mltlsat/Benchmarks/random/P0.95N2L10M100T100-8.mltl,0.0,7793.6,sat
/home/michele/mltlsat/Benchmarks/random/P0.95N2L10M100T100-9.mltl,0.0,9316,sat
/home/michele/mltlsat/Benchmarks/random/P0.95N2L15M100T100-10.mltl,0.0,9317.6,sat
/home/michele/mltlsat/Benchmarks/random/P0.95N2L15M100T100-1.mltl,0.0,12402.4,sat
/home/michele/mltlsat/Benchmarks/random/P0.95N2L15M100T100-2.mltl,0.0,10878.4,sat
/home/michele/mltlsat/Benchmarks/random/P0.95N2L15M100T100-3.mltl,0.094,12115.2,sat
/home/michele/mltlsat/Benchmarks/random/P0.95N2L15M100T100-4.mltl,0.01,10846.4,sat
/home/michele/mltlsat/Benchmarks/random/P0.95N2L15M100T100-5.mltl,-1,-1,TO
/home/michele/mltlsat/Benchmarks/random/P0.95N2L15M100T100-6.mltl,0.0,10868.8,sat
/home/michele/mltlsat/Benchmarks/random/P0.95N2L15M100T100-7.mltl,0.01,9346.4,sat
/home/michele/mltlsat/Benchmarks/random/P0.95N2L15M100T100-8.mltl,0.0,7808.8,sat
/home/michele/mltlsat/Benchmarks/random/P0.95N2L15M100T100-9.mltl,0.508,24699.2,sat
/home/michele/mltlsat/Benchmarks/random/P0.95N2L20M100T100-10.mltl,0.0,7774.4,sat
/home/michele/mltlsat/Benchmarks/random/P0.95N2L20M100T100-1.mltl,0.0,9357.6,sat
/home/michele/mltlsat/Benchmarks/random/P0.95N2L20M100T100-2.mltl,0.0,9340,sat
/home/michele/mltlsat/Benchmarks/random/P0.95N2L20M100T100-3.mltl,0.0,10872,unsat
/home/michele/mltlsat/Benchmarks/random/P0.95N2L20M100T100-4.mltl,0.13,15470.4,sat
/home/michele/mltlsat/Benchmarks/random/P0.95N2L20M100T100-5.mltl,0.328,13928,sat
/home/michele/mltlsat/Benchmarks/random/P0.95N2L20M100T100-6.mltl,0.0,9340.8,sat
/home/michele/mltlsat/Benchmarks/random/P0.95N2L20M100T100-7.mltl,0.09,16696,sat
/home/michele/mltlsat/Benchmarks/random/P0.95N2L20M100T100-8.mltl,0.0,10852.8,sat
/home/michele/mltlsat/Benchmarks/random/P0.95N2L20M100T100-9.mltl,0.06,13640.8,sat
/home/michele/mltlsat/Benchmarks/random/P0.95N2L25M100T100-10.mltl,0.0,7804,sat
/home/michele/mltlsat/Benchmarks/random/P0.95N2L25M100T100-1.mltl,0.0,10868.8,sat
/home/michele/mltlsat/Benchmarks/random/P0.95N2L25M100T100-2.mltl,-1,-1,TO
/home/michele/mltlsat/Benchmarks/random/P0.95N2L25M100T100-3.mltl,0.208,32367.2,sat
/home/michele/mltlsat/Benchmarks/random/P0.95N2L25M100T100-4.mltl,-1,-1,TO
/home/michele/mltlsat/Benchmarks/random/P0.95N2L25M100T100-5.mltl,0.42,23165.6,sat
/home/michele/mltlsat/Benchmarks/random/P0.95N2L25M100T100-6.mltl,0.0,9328.8,sat
/home/michele/mltlsat/Benchmarks/random/P0.95N2L25M100T100-7.mltl,0.01,10890.4,sat
/home/michele/mltlsat/Benchmarks/random/P0.95N2L25M100T100-8.mltl,-1,-1,TO
/home/michele/mltlsat/Benchmarks/random/P0.95N2L25M100T100-9.mltl,0.0,9324.8,sat
/home/michele/mltlsat/Benchmarks/random/P0.95N2L30M100T100-10.mltl,0.0,9344,sat
/home/michele/mltlsat/Benchmarks/random/P0.95N2L30M100T100-1.mltl,0.06,13620.8,sat
/home/michele/mltlsat/Benchmarks/random/P0.95N2L30M100T100-2.mltl,-1,-1,TO
/home/michele/mltlsat/Benchmarks/random/P0.95N2L30M100T100-3.mltl,-1,-1,TO
/home/michele/mltlsat/Benchmarks/random/P0.95N2L30M100T100-4.mltl,0.0,10857.6,sat
/home/michele/mltlsat/Benchmarks/random/P0.95N2L30M100T100-5.mltl,0.0,10884.8,sat
/home/michele/mltlsat/Benchmarks/random/P0.95N2L30M100T100-6.mltl,0.194,38502.4,sat
/home/michele/mltlsat/Benchmarks/random/P0.95N2L30M100T100-7.mltl,0.03,10884,sat
/home/michele/mltlsat/Benchmarks/random/P0.95N2L30M100T100-8.mltl,0.02,10849.6,sat
/home/michele/mltlsat/Benchmarks/random/P0.95N2L30M100T100-9.mltl,0.02,15472,sat
/home/michele/mltlsat/Benchmarks/random/P0.95N2L35M100T100-10.mltl,7.57,2681050.4,sat
/home/michele/mltlsat/Benchmarks/random/P0.95N2L35M100T100-1.mltl,20.0,523900.8,sat
/home/michele/mltlsat/Benchmarks/random/P0.95N2L35M100T100-2.mltl,2.802,82750.4,sat
/home/michele/mltlsat/Benchmarks/random/P0.95N2L35M100T100-3.mltl,0.014,12401.6,sat
/home/michele/mltlsat/Benchmarks/random/P0.95N2L35M100T100-4.mltl,20.43,12390.4,sat
/home/michele/mltlsat/Benchmarks/random/P0.95N2L35M100T100-5.mltl,-1,-1,TO
/home/michele/mltlsat/Benchmarks/random/P0.95N2L35M100T100-6.mltl,0.0,10865.6,sat
/home/michele/mltlsat/Benchmarks/random/P0.95N2L35M100T100-7.mltl,-1,-1,TO
/home/michele/mltlsat/Benchmarks/random/P0.95N2L35M100T100-8.mltl,-1,-1,TO
/home/michele/mltlsat/Benchmarks/random/P0.95N2L35M100T100-9.mltl,-1,-1,TO
/home/michele/mltlsat/Benchmarks/random/P0.95N2L40M100T100-10.mltl,0.0,9333.6,sat
/home/michele/mltlsat/Benchmarks/random/P0.95N2L40M100T100-1.mltl,0.0,10880.8,sat
/home/michele/mltlsat/Benchmarks/random/P0.95N2L40M100T100-2.mltl,-1,-1,TO
/home/michele/mltlsat/Benchmarks/random/P0.95N2L40M100T100-3.mltl,-1,-1,TO
/home/michele/mltlsat/Benchmarks/random/P0.95N2L40M100T100-4.mltl,-1,-1,TO
/home/michele/mltlsat/Benchmarks/random/P0.95N2L40M100T100-5.mltl,-1,-1,TO
/home/michele/mltlsat/Benchmarks/random/P0.95N2L40M100T100-6.mltl,0.164,15496.8,sat
/home/michele/mltlsat/Benchmarks/random/P0.95N2L40M100T100-7.mltl,31.252,81846.4,sat
/home/michele/mltlsat/Benchmarks/random/P0.95N2L40M100T100-8.mltl,0.08,13934.4,sat
/home/michele/mltlsat/Benchmarks/random/P0.95N2L40M100T100-9.mltl,-1,-1,TO
/home/michele/mltlsat/Benchmarks/random/P0.95N2L45M100T100-10.mltl,54.224000000000004,151580,sat
/home/michele/mltlsat/Benchmarks/random/P0.95N2L45M100T100-1.mltl,0.0,10846.4,sat
/home/michele/mltlsat/Benchmarks/random/P0.95N2L45M100T100-2.mltl,-1,-1,TO
/home/michele/mltlsat/Benchmarks/random/P0.95N2L45M100T100-3.mltl,0.39,40056.8,sat
/home/michele/mltlsat/Benchmarks/random/P0.95N2L45M100T100-4.mltl,0.0,9326.4,sat
/home/michele/mltlsat/Benchmarks/random/P0.95N2L45M100T100-5.mltl,-1,-1,TO
/home/michele/mltlsat/Benchmarks/random/P0.95N2L45M100T100-6.mltl,-1,-1,TO
/home/michele/mltlsat/Benchmarks/random/P0.95N2L45M100T100-7.mltl,0.086,16698.4,sat
/home/michele/mltlsat/Benchmarks/random/P0.95N2L45M100T100-8.mltl,2.308,27760.8,sat
/home/michele/mltlsat/Benchmarks/random/P0.95N2L45M100T100-9.mltl,0.016,15458.4,sat
/home/michele/mltlsat/Benchmarks/random/P0.95N2L50M100T100-10.mltl,-1,-1,TO
/home/michele/mltlsat/Benchmarks/random/P0.95N2L50M100T100-1.mltl,0.3,27769.6,sat
/home/michele/mltlsat/Benchmarks/random/P0.95N2L50M100T100-2.mltl,-1,-1,TO
/home/michele/mltlsat/Benchmarks/random/P0.95N2L50M100T100-3.mltl,0.01,12410.4,sat
/home/michele/mltlsat/Benchmarks/random/P0.95N2L50M100T100-4.mltl,0.298,24695.2,sat
/home/michele/mltlsat/Benchmarks/random/P0.95N2L50M100T100-5.mltl,8.302,78470.4,sat
/home/michele/mltlsat/Benchmarks/random/P0.95N2L50M100T100-6.mltl,76.47,13944,sat
/home/michele/mltlsat/Benchmarks/random/P0.95N2L50M100T100-7.mltl,0.15,18570.4,sat
/home/michele/mltlsat/Benchmarks/random/P0.95N2L50M100T100-8.mltl,32.194,85534.4,sat
/home/michele/mltlsat/Benchmarks/random/P0.95N2L50M100T100-9.mltl,-1,-1,TO
/home/michele/mltlsat/Benchmarks/random/P0.95N2L55M100T100-10.mltl,0.122,33905.6,sat
/home/michele/mltlsat/Benchmarks/random/P0.95N2L55M100T100-1.mltl,3.358,35414.4,sat
/home/michele/mltlsat/Benchmarks/random/P0.95N2L55M100T100-2.mltl,-1,-1,TO
/home/michele/mltlsat/Benchmarks/random/P0.95N2L55M100T100-3.mltl,0.0,9336.8,sat
/home/michele/mltlsat/Benchmarks/random/P0.95N2L55M100T100-4.mltl,0.0,9330.4,sat
/home/michele/mltlsat/Benchmarks/random/P0.95N2L55M100T100-5.mltl,0.04,12417.6,sat
/home/michele/mltlsat/Benchmarks/random/P0.95N2L55M100T100-6.mltl,0.156,19810.4,sat
/home/michele/mltlsat/Benchmarks/random/P0.95N2L55M100T100-7.mltl,0.0,9324.8,sat
/home/michele/mltlsat/Benchmarks/random/P0.95N2L55M100T100-8.mltl,0.0,10868.8,sat
/home/michele/mltlsat/Benchmarks/random/P0.95N2L55M100T100-9.mltl,106.794,22831.2,sat
/home/michele/mltlsat/Benchmarks/random/P0.95N2L5M100T100-10.mltl,0.0,9328.8,sat
/home/michele/mltlsat/Benchmarks/random/P0.95N2L5M100T100-1.mltl,0.0,9324,sat
/home/michele/mltlsat/Benchmarks/random/P0.95N2L5M100T100-2.mltl,0.0,7816.8,sat
/home/michele/mltlsat/Benchmarks/random/P0.95N2L5M100T100-3.mltl,0.0,7804,sat
/home/michele/mltlsat/Benchmarks/random/P0.95N2L5M100T100-4.mltl,0.0,7787.2,sat
/home/michele/mltlsat/Benchmarks/random/P0.95N2L5M100T100-5.mltl,0.0,9318.4,sat
/home/michele/mltlsat/Benchmarks/random/P0.95N2L5M100T100-6.mltl,0.0,7807.2,sat
/home/michele/mltlsat/Benchmarks/random/P0.95N2L5M100T100-7.mltl,0.0,10860.8,sat
/home/michele/mltlsat/Benchmarks/random/P0.95N2L5M100T100-8.mltl,0.0,7816.8,sat
/home/michele/mltlsat/Benchmarks/random/P0.95N2L5M100T100-9.mltl,0.0,7790.4,sat
/home/michele/mltlsat/Benchmarks/random/P0.95N2L60M100T100-10.mltl,-1,-1,TO
/home/michele/mltlsat/Benchmarks/random/P0.95N2L60M100T100-1.mltl,-1,-1,TO
/home/michele/mltlsat/Benchmarks/random/P0.95N2L60M100T100-2.mltl,-1,-1,TO
/home/michele/mltlsat/Benchmarks/random/P0.95N2L60M100T100-3.mltl,-1,-1,TO
/home/michele/mltlsat/Benchmarks/random/P0.95N2L60M100T100-4.mltl,0.01,13972,sat
/home/michele/mltlsat/Benchmarks/random/P0.95N2L60M100T100-5.mltl,-1,-1,TO
/home/michele/mltlsat/Benchmarks/random/P0.95N2L60M100T100-6.mltl,0.01,13938.4,sat
/home/michele/mltlsat/Benchmarks/random/P0.95N2L60M100T100-7.mltl,0.01,13930.4,sat
/home/michele/mltlsat/Benchmarks/random/P0.95N2L60M100T100-8.mltl,0.05,13932.8,sat
/home/michele/mltlsat/Benchmarks/random/P0.95N2L60M100T100-9.mltl,0.0,9343.2,sat
/home/michele/mltlsat/Benchmarks/random/P0.95N2L65M100T100-10.mltl,0.01,13928,sat
/home/michele/mltlsat/Benchmarks/random/P0.95N2L65M100T100-1.mltl,0.02,18534.4,sat
/home/michele/mltlsat/Benchmarks/random/P0.95N2L65M100T100-2.mltl,-1,-1,TO
/home/michele/mltlsat/Benchmarks/random/P0.95N2L65M100T100-3.mltl,-1,-1,TO
/home/michele/mltlsat/Benchmarks/random/P0.95N2L65M100T100-4.mltl,32.806,19796,sat
/home/michele/mltlsat/Benchmarks/random/P0.95N2L65M100T100-5.mltl,-1,-1,TO
/home/michele/mltlsat/Benchmarks/random/P0.95N2L65M100T100-6.mltl,0.134,69243.2,sat
/home/michele/mltlsat/Benchmarks/random/P0.95N2L65M100T100-7.mltl,-1,-1,TO
/home/michele/mltlsat/Benchmarks/random/P0.95N2L65M100T100-8.mltl,1.448,39458.4,sat
/home/michele/mltlsat/Benchmarks/random/P0.95N2L65M100T100-9.mltl,0.03,15473.6,sat
/home/michele/mltlsat/Benchmarks/random/P0.95N2L70M100T100-10.mltl,-1,-1,TO
/home/michele/mltlsat/Benchmarks/random/P0.95N2L70M100T100-1.mltl,-1,-1,TO
/home/michele/mltlsat/Benchmarks/random/P0.95N2L70M100T100-2.mltl,-1,-1,TO
/home/michele/mltlsat/Benchmarks/random/P0.95N2L70M100T100-3.mltl,-1,-1,TO
/home/michele/mltlsat/Benchmarks/random/P0.95N2L70M100T100-4.mltl,0.086,15468.8,sat
/home/michele/mltlsat/Benchmarks/random/P0.95N2L70M100T100-5.mltl,3.708,41882.4,sat
/home/michele/mltlsat/Benchmarks/random/P0.95N2L70M100T100-6.mltl,-1,-1,TO
/home/michele/mltlsat/Benchmarks/random/P0.95N2L70M100T100-7.mltl,-1,-1,TO
/home/michele/mltlsat/Benchmarks/random/P0.95N2L70M100T100-8.mltl,0.0,7792.8,sat
/home/michele/mltlsat/Benchmarks/random/P0.95N2L70M100T100-9.mltl,0.04,24676.8,sat
/home/michele/mltlsat/Benchmarks/random/P0.95N2L75M100T100-10.mltl,-1,-1,TO
/home/michele/mltlsat/Benchmarks/random/P0.95N2L75M100T100-1.mltl,-1,-1,TO
/home/michele/mltlsat/Benchmarks/random/P0.95N2L75M100T100-2.mltl,0.02,12393.6,sat
/home/michele/mltlsat/Benchmarks/random/P0.95N2L75M100T100-3.mltl,1.266,46181.6,sat
/home/michele/mltlsat/Benchmarks/random/P0.95N2L75M100T100-4.mltl,-1,-1,TO
/home/michele/mltlsat/Benchmarks/random/P0.95N2L75M100T100-5.mltl,-1,-1,TO
/home/michele/mltlsat/Benchmarks/random/P0.95N2L75M100T100-6.mltl,0.19,13926.4,sat
/home/michele/mltlsat/Benchmarks/random/P0.95N2L75M100T100-7.mltl,0.01,12435.2,sat
/home/michele/mltlsat/Benchmarks/random/P0.95N2L75M100T100-8.mltl,-1,-1,TO
/home/michele/mltlsat/Benchmarks/random/P0.95N2L75M100T100-9.mltl,0.016,12416.8,sat
/home/michele/mltlsat/Benchmarks/random/P0.95N2L80M100T100-10.mltl,0.668,15478.4,sat
/home/michele/mltlsat/Benchmarks/random/P0.95N2L80M100T100-1.mltl,4.254,223738.4,sat
/home/michele/mltlsat/Benchmarks/random/P0.95N2L80M100T100-2.mltl,0.0,9384,sat
/home/michele/mltlsat/Benchmarks/random/P0.95N2L80M100T100-3.mltl,-1,-1,TO
/home/michele/mltlsat/Benchmarks/random/P0.95N2L80M100T100-4.mltl,-1,-1,TO
/home/michele/mltlsat/Benchmarks/random/P0.95N2L80M100T100-5.mltl,-1,-1,TO
/home/michele/mltlsat/Benchmarks/random/P0.95N2L80M100T100-6.mltl,0.0,10876,sat
/home/michele/mltlsat/Benchmarks/random/P0.95N2L80M100T100-7.mltl,0.002,12414.4,sat
/home/michele/mltlsat/Benchmarks/random/P0.95N2L80M100T100-8.mltl,-1,-1,TO
/home/michele/mltlsat/Benchmarks/random/P0.95N2L80M100T100-9.mltl,-1,-1,TO
/home/michele/mltlsat/Benchmarks/random/P0.95N2L85M100T100-10.mltl,-1,-1,TO
/home/michele/mltlsat/Benchmarks/random/P0.95N2L85M100T100-1.mltl,0.656,20070.4,sat
/home/michele/mltlsat/Benchmarks/random/P0.95N2L85M100T100-2.mltl,-1,-1,TO
/home/michele/mltlsat/Benchmarks/random/P0.95N2L85M100T100-3.mltl,-1,-1,TO
/home/michele/mltlsat/Benchmarks/random/P0.95N2L85M100T100-4.mltl,-1,-1,TO
/home/michele/mltlsat/Benchmarks/random/P0.95N2L85M100T100-5.mltl,0.0,7780.8,sat
/home/michele/mltlsat/Benchmarks/random/P0.95N2L85M100T100-6.mltl,-1,-1,TO
/home/michele/mltlsat/Benchmarks/random/P0.95N2L85M100T100-7.mltl,0.0,9313.6,sat
/home/michele/mltlsat/Benchmarks/random/P0.95N2L85M100T100-8.mltl,0.0,7800,sat
/home/michele/mltlsat/Benchmarks/random/P0.95N2L85M100T100-9.mltl,37.584,90744.8,sat
/home/michele/mltlsat/Benchmarks/random/P0.95N2L90M100T100-10.mltl,0.03,9347.2,sat
/home/michele/mltlsat/Benchmarks/random/P0.95N2L90M100T100-1.mltl,-1,-1,TO
/home/michele/mltlsat/Benchmarks/random/P0.95N2L90M100T100-2.mltl,-1,-1,TO
/home/michele/mltlsat/Benchmarks/random/P0.95N2L90M100T100-3.mltl,0.0,9352,sat
/home/michele/mltlsat/Benchmarks/random/P0.95N2L90M100T100-4.mltl,-1,-1,TO
/home/michele/mltlsat/Benchmarks/random/P0.95N2L90M100T100-5.mltl,-1,-1,TO
/home/michele/mltlsat/Benchmarks/random/P0.95N2L90M100T100-6.mltl,-1,-1,TO
/home/michele/mltlsat/Benchmarks/random/P0.95N2L90M100T100-7.mltl,-1,-1,TO
/home/michele/mltlsat/Benchmarks/random/P0.95N2L90M100T100-8.mltl,-1,-1,TO
/home/michele/mltlsat/Benchmarks/random/P0.95N2L90M100T100-9.mltl,-1,-1,TO
/home/michele/mltlsat/Benchmarks/random/P0.95N2L95M100T100-10.mltl,-1,-1,TO
/home/michele/mltlsat/Benchmarks/random/P0.95N2L95M100T100-1.mltl,-1,-1,TO
/home/michele/mltlsat/Benchmarks/random/P0.95N2L95M100T100-2.mltl,-1,-1,TO
/home/michele/mltlsat/Benchmarks/random/P0.95N2L95M100T100-3.mltl,0.0,7777.6,sat
/home/michele/mltlsat/Benchmarks/random/P0.95N2L95M100T100-4.mltl,-1,-1,TO
/home/michele/mltlsat/Benchmarks/random/P0.95N2L95M100T100-5.mltl,0.02,13928,sat
/home/michele/mltlsat/Benchmarks/random/P0.95N2L95M100T100-6.mltl,-1,-1,TO
/home/michele/mltlsat/Benchmarks/random/P0.95N2L95M100T100-7.mltl,3.896,87352.8,sat
/home/michele/mltlsat/Benchmarks/random/P0.95N2L95M100T100-8.mltl,-1,-1,TO
/home/michele/mltlsat/Benchmarks/random/P0.95N2L95M100T100-9.mltl,0.04,27768.8,sat
/home/michele/mltlsat/Benchmarks/random/P0.95N3L100M100T100-10.mltl,-1,-1,TO
/home/michele/mltlsat/Benchmarks/random/P0.95N3L100M100T100-1.mltl,0.01,12408,sat
/home/michele/mltlsat/Benchmarks/random/P0.95N3L100M100T100-2.mltl,11.65,21602.4,sat
/home/michele/mltlsat/Benchmarks/random/P0.95N3L100M100T100-3.mltl,0.002,10876.8,sat
/home/michele/mltlsat/Benchmarks/random/P0.95N3L100M100T100-4.mltl,0.01,10861.6,sat
/home/michele/mltlsat/Benchmarks/random/P0.95N3L100M100T100-5.mltl,-1,-1,TO
/home/michele/mltlsat/Benchmarks/random/P0.95N3L100M100T100-6.mltl,-1,-1,TO
/home/michele/mltlsat/Benchmarks/random/P0.95N3L100M100T100-7.mltl,0.912,13917.6,sat
/home/michele/mltlsat/Benchmarks/random/P0.95N3L100M100T100-8.mltl,0.01,12101.6,sat
/home/michele/mltlsat/Benchmarks/random/P0.95N3L100M100T100-9.mltl,0.01,10848.8,sat
/home/michele/mltlsat/Benchmarks/random/P0.95N3L10M100T100-10.mltl,0.0,9312.8,sat
/home/michele/mltlsat/Benchmarks/random/P0.95N3L10M100T100-1.mltl,0.0,7794.4,sat
/home/michele/mltlsat/Benchmarks/random/P0.95N3L10M100T100-2.mltl,0.09,15152,sat
/home/michele/mltlsat/Benchmarks/random/P0.95N3L10M100T100-3.mltl,0.0,7795.2,sat
/home/michele/mltlsat/Benchmarks/random/P0.95N3L10M100T100-4.mltl,0.0,9322.4,sat
/home/michele/mltlsat/Benchmarks/random/P0.95N3L10M100T100-5.mltl,0.0,10880,sat
/home/michele/mltlsat/Benchmarks/random/P0.95N3L10M100T100-6.mltl,0.0,7818.4,sat
/home/michele/mltlsat/Benchmarks/random/P0.95N3L10M100T100-7.mltl,0.0,9324.8,sat
/home/michele/mltlsat/Benchmarks/random/P0.95N3L10M100T100-8.mltl,0.01,10876,sat
/home/michele/mltlsat/Benchmarks/random/P0.95N3L10M100T100-9.mltl,0.0,9348,sat
/home/michele/mltlsat/Benchmarks/random/P0.95N3L15M100T100-10.mltl,0.0,10860.8,sat
/home/michele/mltlsat/Benchmarks/random/P0.95N3L15M100T100-1.mltl,0.0,7785.6,sat
/home/michele/mltlsat/Benchmarks/random/P0.95N3L15M100T100-2.mltl,0.0,9347.2,sat
/home/michele/mltlsat/Benchmarks/random/P0.95N3L15M100T100-3.mltl,1.328,12401.6,sat
/home/michele/mltlsat/Benchmarks/random/P0.95N3L15M100T100-4.mltl,0.21,15186.4,sat
/home/michele/mltlsat/Benchmarks/random/P0.95N3L15M100T100-5.mltl,0.01,10863.2,sat
/home/michele/mltlsat/Benchmarks/random/P0.95N3L15M100T100-6.mltl,0.0,10884.8,sat
/home/michele/mltlsat/Benchmarks/random/P0.95N3L15M100T100-7.mltl,0.0,10881.6,sat
/home/michele/mltlsat/Benchmarks/random/P0.95N3L15M100T100-8.mltl,0.0,9349.6,sat
/home/michele/mltlsat/Benchmarks/random/P0.95N3L15M100T100-9.mltl,-1,-1,TO
/home/michele/mltlsat/Benchmarks/random/P0.95N3L20M100T100-10.mltl,0.02,17029.6,sat
/home/michele/mltlsat/Benchmarks/random/P0.95N3L20M100T100-1.mltl,0.0,9315.2,sat
/home/michele/mltlsat/Benchmarks/random/P0.95N3L20M100T100-2.mltl,0.01,10866.4,sat
/home/michele/mltlsat/Benchmarks/random/P0.95N3L20M100T100-3.mltl,0.04,13937.6,sat
/home/michele/mltlsat/Benchmarks/random/P0.95N3L20M100T100-4.mltl,0.0,7792,sat
/home/michele/mltlsat/Benchmarks/random/P0.95N3L20M100T100-5.mltl,2.402,96598.4,sat
/home/michele/mltlsat/Benchmarks/random/P0.95N3L20M100T100-6.mltl,0.0,7796.8,sat
/home/michele/mltlsat/Benchmarks/random/P0.95N3L20M100T100-7.mltl,-1,-1,TO
/home/michele/mltlsat/Benchmarks/random/P0.95N3L20M100T100-8.mltl,0.546,18548,sat
/home/michele/mltlsat/Benchmarks/random/P0.95N3L20M100T100-9.mltl,0.09,17019.2,sat
/home/michele/mltlsat/Benchmarks/random/P0.95N3L25M100T100-10.mltl,0.01,12388,sat
/home/michele/mltlsat/Benchmarks/random/P0.95N3L25M100T100-1.mltl,0.0,9320,sat
/home/michele/mltlsat/Benchmarks/random/P0.95N3L25M100T100-2.mltl,0.0,7785.6,sat
/home/michele/mltlsat/Benchmarks/random/P0.95N3L25M100T100-3.mltl,0.094,13946.4,sat
/home/michele/mltlsat/Benchmarks/random/P0.95N3L25M100T100-4.mltl,-1,-1,TO
/home/michele/mltlsat/Benchmarks/random/P0.95N3L25M100T100-5.mltl,0.022,12400.8,sat
/home/michele/mltlsat/Benchmarks/random/P0.95N3L25M100T100-6.mltl,2.56,13334.4,sat
/home/michele/mltlsat/Benchmarks/random/P0.95N3L25M100T100-7.mltl,-1,-1,TO
/home/michele/mltlsat/Benchmarks/random/P0.95N3L25M100T100-8.mltl,0.0,9310.4,sat
/home/michele/mltlsat/Benchmarks/random/P0.95N3L25M100T100-9.mltl,0.05,15473.6,sat
/home/michele/mltlsat/Benchmarks/random/P0.95N3L30M100T100-10.mltl,0.0,9347.2,sat
/home/michele/mltlsat/Benchmarks/random/P0.95N3L30M100T100-1.mltl,0.03,17008,sat
/home/michele/mltlsat/Benchmarks/random/P0.95N3L30M100T100-2.mltl,0.0,10888,sat
/home/michele/mltlsat/Benchmarks/random/P0.95N3L30M100T100-3.mltl,0.0,9352,sat
/home/michele/mltlsat/Benchmarks/random/P0.95N3L30M100T100-4.mltl,0.114,16700.8,sat
/home/michele/mltlsat/Benchmarks/random/P0.95N3L30M100T100-5.mltl,0.03,13952,sat
/home/michele/mltlsat/Benchmarks/random/P0.95N3L30M100T100-6.mltl,0.0,9322.4,sat
/home/michele/mltlsat/Benchmarks/random/P0.95N3L30M100T100-7.mltl,0.374,12395.2,sat
/home/michele/mltlsat/Benchmarks/random/P0.95N3L30M100T100-8.mltl,0.06,13940,sat
/home/michele/mltlsat/Benchmarks/random/P0.95N3L30M100T100-9.mltl,0.014,10881.6,sat
/home/michele/mltlsat/Benchmarks/random/P0.95N3L35M100T100-10.mltl,-1,-1,TO
/home/michele/mltlsat/Benchmarks/random/P0.95N3L35M100T100-1.mltl,-1,-1,TO
/home/michele/mltlsat/Benchmarks/random/P0.95N3L35M100T100-2.mltl,-1,-1,TO
/home/michele/mltlsat/Benchmarks/random/P0.95N3L35M100T100-3.mltl,-1,-1,TO
/home/michele/mltlsat/Benchmarks/random/P0.95N3L35M100T100-4.mltl,0.024,13952,sat
/home/michele/mltlsat/Benchmarks/random/P0.95N3L35M100T100-5.mltl,0.0,7796,sat
/home/michele/mltlsat/Benchmarks/random/P0.95N3L35M100T100-6.mltl,-1,-1,TO
/home/michele/mltlsat/Benchmarks/random/P0.95N3L35M100T100-7.mltl,-1,-1,TO
/home/michele/mltlsat/Benchmarks/random/P0.95N3L35M100T100-8.mltl,0.0,10852.8,sat
/home/michele/mltlsat/Benchmarks/random/P0.95N3L35M100T100-9.mltl,-1,-1,TO
/home/michele/mltlsat/Benchmarks/random/P0.95N3L40M100T100-10.mltl,-1,-1,TO
/home/michele/mltlsat/Benchmarks/random/P0.95N3L40M100T100-1.mltl,-1,-1,TO
/home/michele/mltlsat/Benchmarks/random/P0.95N3L40M100T100-2.mltl,69.03,72684,sat
/home/michele/mltlsat/Benchmarks/random/P0.95N3L40M100T100-3.mltl,-1,-1,TO
/home/michele/mltlsat/Benchmarks/random/P0.95N3L40M100T100-4.mltl,0.01,13996,sat
/home/michele/mltlsat/Benchmarks/random/P0.95N3L40M100T100-5.mltl,0.0,7817.6,sat
/home/michele/mltlsat/Benchmarks/random/P0.95N3L40M100T100-6.mltl,0.02,10856,sat
/home/michele/mltlsat/Benchmarks/random/P0.95N3L40M100T100-7.mltl,0.0,7778.4,sat
/home/michele/mltlsat/Benchmarks/random/P0.95N3L40M100T100-8.mltl,-1,-1,TO
/home/michele/mltlsat/Benchmarks/random/P0.95N3L40M100T100-9.mltl,-1,-1,TO
/home/michele/mltlsat/Benchmarks/random/P0.95N3L45M100T100-10.mltl,-1,-1,TO
/home/michele/mltlsat/Benchmarks/random/P0.95N3L45M100T100-1.mltl,0.52,50816,sat
/home/michele/mltlsat/Benchmarks/random/P0.95N3L45M100T100-2.mltl,0.0,9329.6,sat
/home/michele/mltlsat/Benchmarks/random/P0.95N3L45M100T100-3.mltl,0.04,12400.8,sat
/home/michele/mltlsat/Benchmarks/random/P0.95N3L45M100T100-4.mltl,-1,-1,TO
/home/michele/mltlsat/Benchmarks/random/P0.95N3L45M100T100-5.mltl,0.0,9320.8,sat
/home/michele/mltlsat/Benchmarks/random/P0.95N3L45M100T100-6.mltl,0.0,10868.8,sat
/home/michele/mltlsat/Benchmarks/random/P0.95N3L45M100T100-7.mltl,0.03,12381.6,sat
/home/michele/mltlsat/Benchmarks/random/P0.95N3L45M100T100-8.mltl,73.202,298735.2,sat
/home/michele/mltlsat/Benchmarks/random/P0.95N3L45M100T100-9.mltl,0.0,9325.6,sat
/home/michele/mltlsat/Benchmarks/random/P0.95N3L50M100T100-10.mltl,-1,-1,TO
/home/michele/mltlsat/Benchmarks/random/P0.95N3L50M100T100-1.mltl,0.062,18555.2,sat
/home/michele/mltlsat/Benchmarks/random/P0.95N3L50M100T100-2.mltl,-1,-1,TO
/home/michele/mltlsat/Benchmarks/random/P0.95N3L50M100T100-3.mltl,-1,-1,TO
/home/michele/mltlsat/Benchmarks/random/P0.95N3L50M100T100-4.mltl,-1,-1,TO
/home/michele/mltlsat/Benchmarks/random/P0.95N3L50M100T100-5.mltl,0.71,15459.2,sat
/home/michele/mltlsat/Benchmarks/random/P0.95N3L50M100T100-6.mltl,-1,-1,TO
/home/michele/mltlsat/Benchmarks/random/P0.95N3L50M100T100-7.mltl,0.0,9342.4,sat
/home/michele/mltlsat/Benchmarks/random/P0.95N3L50M100T100-8.mltl,0.01,13952.8,sat
/home/michele/mltlsat/Benchmarks/random/P0.95N3L50M100T100-9.mltl,0.34400000000000003,18544,sat
/home/michele/mltlsat/Benchmarks/random/P0.95N3L55M100T100-10.mltl,0.01,9353.6,sat
/home/michele/mltlsat/Benchmarks/random/P0.95N3L55M100T100-1.mltl,-1,-1,TO
/home/michele/mltlsat/Benchmarks/random/P0.95N3L55M100T100-2.mltl,-1,-1,TO
/home/michele/mltlsat/Benchmarks/random/P0.95N3L55M100T100-3.mltl,-1,-1,TO
/home/michele/mltlsat/Benchmarks/random/P0.95N3L55M100T100-4.mltl,-1,-1,TO
/home/michele/mltlsat/Benchmarks/random/P0.95N3L55M100T100-5.mltl,0.04,17024,sat
/home/michele/mltlsat/Benchmarks/random/P0.95N3L55M100T100-6.mltl,-1,-1,TO
/home/michele/mltlsat/Benchmarks/random/P0.95N3L55M100T100-7.mltl,-1,-1,TO
/home/michele/mltlsat/Benchmarks/random/P0.95N3L55M100T100-8.mltl,0.004,10864,sat
/home/michele/mltlsat/Benchmarks/random/P0.95N3L55M100T100-9.mltl,-1,-1,TO
/home/michele/mltlsat/Benchmarks/random/P0.95N3L5M100T100-10.mltl,0.0,9315.2,sat
/home/michele/mltlsat/Benchmarks/random/P0.95N3L5M100T100-1.mltl,0.0,7819.2,sat
/home/michele/mltlsat/Benchmarks/random/P0.95N3L5M100T100-2.mltl,0.0,7808,sat
/home/michele/mltlsat/Benchmarks/random/P0.95N3L5M100T100-3.mltl,0.0,7788.8,sat
/home/michele/mltlsat/Benchmarks/random/P0.95N3L5M100T100-4.mltl,0.0,7797.6,sat
/home/michele/mltlsat/Benchmarks/random/P0.95N3L5M100T100-5.mltl,0.0,9340,sat
/home/michele/mltlsat/Benchmarks/random/P0.95N3L5M100T100-6.mltl,0.0,7800,sat
/home/michele/mltlsat/Benchmarks/random/P0.95N3L5M100T100-7.mltl,0.0,7789.6,sat
/home/michele/mltlsat/Benchmarks/random/P0.95N3L5M100T100-8.mltl,0.0,7795.2,sat
/home/michele/mltlsat/Benchmarks/random/P0.95N3L5M100T100-9.mltl,0.0,9365.6,sat
/home/michele/mltlsat/Benchmarks/random/P0.95N3L60M100T100-10.mltl,0.0,9354.4,sat
/home/michele/mltlsat/Benchmarks/random/P0.95N3L60M100T100-1.mltl,-1,-1,TO
/home/michele/mltlsat/Benchmarks/random/P0.95N3L60M100T100-2.mltl,0.0,7791.2,sat
/home/michele/mltlsat/Benchmarks/random/P0.95N3L60M100T100-3.mltl,0.0,10841.6,sat
/home/michele/mltlsat/Benchmarks/random/P0.95N3L60M100T100-4.mltl,0.01,10876,sat
/home/michele/mltlsat/Benchmarks/random/P0.95N3L60M100T100-5.mltl,0.0,9345.6,sat
/home/michele/mltlsat/Benchmarks/random/P0.95N3L60M100T100-6.mltl,-1,-1,TO
/home/michele/mltlsat/Benchmarks/random/P0.95N3L60M100T100-7.mltl,-1,-1,TO
/home/michele/mltlsat/Benchmarks/random/P0.95N3L60M100T100-8.mltl,0.0,7810.4,sat
/home/michele/mltlsat/Benchmarks/random/P0.95N3L60M100T100-9.mltl,-1,-1,TO
/home/michele/mltlsat/Benchmarks/random/P0.95N3L65M100T100-10.mltl,0.254,15490.4,sat
/home/michele/mltlsat/Benchmarks/random/P0.95N3L65M100T100-1.mltl,82.538,57873.6,sat
/home/michele/mltlsat/Benchmarks/random/P0.95N3L65M100T100-2.mltl,0.452,35463.2,sat
/home/michele/mltlsat/Benchmarks/random/P0.95N3L65M100T100-3.mltl,0.156,18254.4,sat
/home/michele/mltlsat/Benchmarks/random/P0.95N3L65M100T100-4.mltl,-1,-1,TO
/home/michele/mltlsat/Benchmarks/random/P0.95N3L65M100T100-5.mltl,-1,-1,TO
/home/michele/mltlsat/Benchmarks/random/P0.95N3L65M100T100-6.mltl,0.032,12397.6,sat
/home/michele/mltlsat/Benchmarks/random/P0.95N3L65M100T100-7.mltl,8.424,36359.2,sat
/home/michele/mltlsat/Benchmarks/random/P0.95N3L65M100T100-8.mltl,38.582,263673.6,sat
/home/michele/mltlsat/Benchmarks/random/P0.95N3L65M100T100-9.mltl,-1,-1,TO
/home/michele/mltlsat/Benchmarks/random/P0.95N3L70M100T100-10.mltl,0.052000000000000005,21639.2,sat
/home/michele/mltlsat/Benchmarks/random/P0.95N3L70M100T100-1.mltl,0.03,23139.2,sat
/home/michele/mltlsat/Benchmarks/random/P0.95N3L70M100T100-2.mltl,-1,-1,TO
/home/michele/mltlsat/Benchmarks/random/P0.95N3L70M100T100-3.mltl,-1,-1,TO
/home/michele/mltlsat/Benchmarks/random/P0.95N3L70M100T100-4.mltl,-1,-1,TO
/home/michele/mltlsat/Benchmarks/random/P0.95N3L70M100T100-5.mltl,-1,-1,TO
/home/michele/mltlsat/Benchmarks/random/P0.95N3L70M100T100-6.mltl,-1,-1,TO
/home/michele/mltlsat/Benchmarks/random/P0.95N3L70M100T100-7.mltl,-1,-1,TO
/home/michele/mltlsat/Benchmarks/random/P0.95N3L70M100T100-8.mltl,-1,-1,TO
/home/michele/mltlsat/Benchmarks/random/P0.95N3L70M100T100-9.mltl,-1,-1,TO
/home/michele/mltlsat/Benchmarks/random/P0.95N3L75M100T100-10.mltl,1.124,198270.4,sat
/home/michele/mltlsat/Benchmarks/random/P0.95N3L75M100T100-1.mltl,-1,-1,TO
/home/michele/mltlsat/Benchmarks/random/P0.95N3L75M100T100-2.mltl,0.556,29002.4,sat
/home/michele/mltlsat/Benchmarks/random/P0.95N3L75M100T100-3.mltl,0.01,13952.8,sat
/home/michele/mltlsat/Benchmarks/random/P0.95N3L75M100T100-4.mltl,0.012,16998.4,sat
/home/michele/mltlsat/Benchmarks/random/P0.95N3L75M100T100-5.mltl,-1,-1,TO
/home/michele/mltlsat/Benchmarks/random/P0.95N3L75M100T100-6.mltl,-1,-1,TO
/home/michele/mltlsat/Benchmarks/random/P0.95N3L75M100T100-7.mltl,-1,-1,TO
/home/michele/mltlsat/Benchmarks/random/P0.95N3L75M100T100-8.mltl,-1,-1,TO
/home/michele/mltlsat/Benchmarks/random/P0.95N3L75M100T100-9.mltl,-1,-1,TO
/home/michele/mltlsat/Benchmarks/random/P0.95N3L80M100T100-10.mltl,0.0,7810.4,sat
/home/michele/mltlsat/Benchmarks/random/P0.95N3L80M100T100-1.mltl,87.542,78435.2,sat
/home/michele/mltlsat/Benchmarks/random/P0.95N3L80M100T100-2.mltl,-1,-1,TO
/home/michele/mltlsat/Benchmarks/random/P0.95N3L80M100T100-3.mltl,3.152,170606.4,sat
/home/michele/mltlsat/Benchmarks/random/P0.95N3L80M100T100-4.mltl,0.03,10563.2,sat
/home/michele/mltlsat/Benchmarks/random/P0.95N3L80M100T100-5.mltl,-1,-1,TO
/home/michele/mltlsat/Benchmarks/random/P0.95N3L80M100T100-6.mltl,-1,-1,TO
/home/michele/mltlsat/Benchmarks/random/P0.95N3L80M100T100-7.mltl,-1,-1,TO
/home/michele/mltlsat/Benchmarks/random/P0.95N3L80M100T100-8.mltl,0.0,12389.6,sat
/home/michele/mltlsat/Benchmarks/random/P0.95N3L80M100T100-9.mltl,1.212,293484,sat
/home/michele/mltlsat/Benchmarks/random/P0.95N3L85M100T100-10.mltl,0.0,7798.4,sat
/home/michele/mltlsat/Benchmarks/random/P0.95N3L85M100T100-1.mltl,-1,-1,TO
/home/michele/mltlsat/Benchmarks/random/P0.95N3L85M100T100-2.mltl,-1,-1,TO
/home/michele/mltlsat/Benchmarks/random/P0.95N3L85M100T100-3.mltl,-1,-1,TO
/home/michele/mltlsat/Benchmarks/random/P0.95N3L85M100T100-4.mltl,0.0,7796.8,sat
/home/michele/mltlsat/Benchmarks/random/P0.95N3L85M100T100-5.mltl,0.0,9316,sat
/home/michele/mltlsat/Benchmarks/random/P0.95N3L85M100T100-6.mltl,0.04,16694.4,sat
/home/michele/mltlsat/Benchmarks/random/P0.95N3L85M100T100-7.mltl,-1,-1,TO
/home/michele/mltlsat/Benchmarks/random/P0.95N3L85M100T100-8.mltl,-1,-1,TO
/home/michele/mltlsat/Benchmarks/random/P0.95N3L85M100T100-9.mltl,0.0,9343.2,sat
/home/michele/mltlsat/Benchmarks/random/P0.95N3L90M100T100-10.mltl,6.742,1575451.2,sat
/home/michele/mltlsat/Benchmarks/random/P0.95N3L90M100T100-1.mltl,0.0,9341.6,sat
/home/michele/mltlsat/Benchmarks/random/P0.95N3L90M100T100-2.mltl,-1,-1,TO
/home/michele/mltlsat/Benchmarks/random/P0.95N3L90M100T100-3.mltl,95.008,174932.8,sat
/home/michele/mltlsat/Benchmarks/random/P0.95N3L90M100T100-4.mltl,6.9479999999999995,56949.6,sat
/home/michele/mltlsat/Benchmarks/random/P0.95N3L90M100T100-5.mltl,0.02,12415.2,sat
/home/michele/mltlsat/Benchmarks/random/P0.95N3L90M100T100-6.mltl,-1,-1,TO
/home/michele/mltlsat/Benchmarks/random/P0.95N3L90M100T100-7.mltl,11.306,46828.8,sat
/home/michele/mltlsat/Benchmarks/random/P0.95N3L90M100T100-8.mltl,0.02,18553.6,sat
/home/michele/mltlsat/Benchmarks/random/P0.95N3L90M100T100-9.mltl,22.482,813894.4,sat
/home/michele/mltlsat/Benchmarks/random/P0.95N3L95M100T100-10.mltl,-1,-1,TO
/home/michele/mltlsat/Benchmarks/random/P0.95N3L95M100T100-1.mltl,0.062,33908.8,sat
/home/michele/mltlsat/Benchmarks/random/P0.95N3L95M100T100-2.mltl,0.03,13928.8,sat
/home/michele/mltlsat/Benchmarks/random/P0.95N3L95M100T100-3.mltl,0.882,30818.4,sat
/home/michele/mltlsat/Benchmarks/random/P0.95N3L95M100T100-4.mltl,0.05,18524.8,sat
/home/michele/mltlsat/Benchmarks/random/P0.95N3L95M100T100-5.mltl,-1,-1,TO
/home/michele/mltlsat/Benchmarks/random/P0.95N3L95M100T100-6.mltl,18.224,19187.2,sat
/home/michele/mltlsat/Benchmarks/random/P0.95N3L95M100T100-7.mltl,-1,-1,TO
/home/michele/mltlsat/Benchmarks/random/P0.95N3L95M100T100-8.mltl,0.03,15464.8,sat
/home/michele/mltlsat/Benchmarks/random/P0.95N3L95M100T100-9.mltl,-1,-1,TO
/home/michele/mltlsat/Benchmarks/random/P0.95N4L100M100T100-10.mltl,0.01,10866.4,sat
/home/michele/mltlsat/Benchmarks/random/P0.95N4L100M100T100-1.mltl,-1,-1,TO
/home/michele/mltlsat/Benchmarks/random/P0.95N4L100M100T100-2.mltl,-1,-1,TO
/home/michele/mltlsat/Benchmarks/random/P0.95N4L100M100T100-3.mltl,0.0,10883.2,sat
/home/michele/mltlsat/Benchmarks/random/P0.95N4L100M100T100-4.mltl,1.308,158320,sat
/home/michele/mltlsat/Benchmarks/random/P0.95N4L100M100T100-5.mltl,0.1,35438.4,sat
/home/michele/mltlsat/Benchmarks/random/P0.95N4L100M100T100-6.mltl,-1,-1,TO
/home/michele/mltlsat/Benchmarks/random/P0.95N4L100M100T100-7.mltl,-1,-1,TO
/home/michele/mltlsat/Benchmarks/random/P0.95N4L100M100T100-8.mltl,0.0,10867.2,sat
/home/michele/mltlsat/Benchmarks/random/P0.95N4L100M100T100-9.mltl,0.01,12431.2,sat
/home/michele/mltlsat/Benchmarks/random/P0.95N4L10M100T100-10.mltl,0.0,10852.8,sat
/home/michele/mltlsat/Benchmarks/random/P0.95N4L10M100T100-1.mltl,0.0,9331.2,sat
/home/michele/mltlsat/Benchmarks/random/P0.95N4L10M100T100-2.mltl,0.0,9349.6,sat
/home/michele/mltlsat/Benchmarks/random/P0.95N4L10M100T100-3.mltl,0.05,12400,sat
/home/michele/mltlsat/Benchmarks/random/P0.95N4L10M100T100-4.mltl,0.0,7791.2,sat
/home/michele/mltlsat/Benchmarks/random/P0.95N4L10M100T100-5.mltl,0.0,9343.2,sat
/home/michele/mltlsat/Benchmarks/random/P0.95N4L10M100T100-6.mltl,0.0,7781.6,sat
/home/michele/mltlsat/Benchmarks/random/P0.95N4L10M100T100-7.mltl,0.0,8996.8,sat
/home/michele/mltlsat/Benchmarks/random/P0.95N4L10M100T100-8.mltl,0.0,9349.6,sat
/home/michele/mltlsat/Benchmarks/random/P0.95N4L10M100T100-9.mltl,0.0,9344,sat
/home/michele/mltlsat/Benchmarks/random/P0.95N4L15M100T100-10.mltl,0.0,7790.4,sat
/home/michele/mltlsat/Benchmarks/random/P0.95N4L15M100T100-1.mltl,0.01,10866.4,sat
/home/michele/mltlsat/Benchmarks/random/P0.95N4L15M100T100-2.mltl,0.0,8723.2,sat
/home/michele/mltlsat/Benchmarks/random/P0.95N4L15M100T100-3.mltl,0.1,12391.2,sat
/home/michele/mltlsat/Benchmarks/random/P0.95N4L15M100T100-4.mltl,0.0,10836,sat
/home/michele/mltlsat/Benchmarks/random/P0.95N4L15M100T100-5.mltl,0.0,7807.2,sat
/home/michele/mltlsat/Benchmarks/random/P0.95N4L15M100T100-6.mltl,0.0,7812,sat
/home/michele/mltlsat/Benchmarks/random/P0.95N4L15M100T100-7.mltl,0.0,9327.2,sat
/home/michele/mltlsat/Benchmarks/random/P0.95N4L15M100T100-8.mltl,0.052000000000000005,10876.8,sat
/home/michele/mltlsat/Benchmarks/random/P0.95N4L15M100T100-9.mltl,0.136,15465.6,sat
/home/michele/mltlsat/Benchmarks/random/P0.95N4L20M100T100-10.mltl,0.0,9328.8,sat
/home/michele/mltlsat/Benchmarks/random/P0.95N4L20M100T100-1.mltl,-1,-1,TO
/home/michele/mltlsat/Benchmarks/random/P0.95N4L20M100T100-2.mltl,0.0,9314.4,sat
/home/michele/mltlsat/Benchmarks/random/P0.95N4L20M100T100-3.mltl,17.678,46527.2,sat
/home/michele/mltlsat/Benchmarks/random/P0.95N4L20M100T100-4.mltl,94.402,80000.8,sat
/home/michele/mltlsat/Benchmarks/random/P0.95N4L20M100T100-5.mltl,0.044000000000000004,29286.4,sat
/home/michele/mltlsat/Benchmarks/random/P0.95N4L20M100T100-6.mltl,0.0,10868.8,sat
/home/michele/mltlsat/Benchmarks/random/P0.95N4L20M100T100-7.mltl,0.14200000000000002,13946.4,sat
/home/michele/mltlsat/Benchmarks/random/P0.95N4L20M100T100-8.mltl,0.0,9315.2,sat
/home/michele/mltlsat/Benchmarks/random/P0.95N4L20M100T100-9.mltl,-1,-1,TO
/home/michele/mltlsat/Benchmarks/random/P0.95N4L25M100T100-10.mltl,2.222,41579.2,sat
/home/michele/mltlsat/Benchmarks/random/P0.95N4L25M100T100-1.mltl,0.0,9319.2,sat
/home/michele/mltlsat/Benchmarks/random/P0.95N4L25M100T100-2.mltl,0.05,12414.4,sat
/home/michele/mltlsat/Benchmarks/random/P0.95N4L25M100T100-3.mltl,0.006,10864.8,sat
/home/michele/mltlsat/Benchmarks/random/P0.95N4L25M100T100-4.mltl,0.0,10877.6,sat
/home/michele/mltlsat/Benchmarks/random/P0.95N4L25M100T100-5.mltl,0.0,10887.2,sat
/home/michele/mltlsat/Benchmarks/random/P0.95N4L25M100T100-6.mltl,0.248,34828,sat
/home/michele/mltlsat/Benchmarks/random/P0.95N4L25M100T100-7.mltl,0.582,21608,sat
/home/michele/mltlsat/Benchmarks/random/P0.95N4L25M100T100-8.mltl,12.076,16704,sat
/home/michele/mltlsat/Benchmarks/random/P0.95N4L25M100T100-9.mltl,0.0,9337.6,sat
/home/michele/mltlsat/Benchmarks/random/P0.95N4L30M100T100-10.mltl,0.01,12403.2,sat
/home/michele/mltlsat/Benchmarks/random/P0.95N4L30M100T100-1.mltl,0.0,9356,sat
/home/michele/mltlsat/Benchmarks/random/P0.95N4L30M100T100-2.mltl,-1,-1,TO
/home/michele/mltlsat/Benchmarks/random/P0.95N4L30M100T100-3.mltl,1.456,13944.8,sat
/home/michele/mltlsat/Benchmarks/random/P0.95N4L30M100T100-4.mltl,0.01,12415.2,sat
/home/michele/mltlsat/Benchmarks/random/P0.95N4L30M100T100-5.mltl,-1,-1,TO
/home/michele/mltlsat/Benchmarks/random/P0.95N4L30M100T100-6.mltl,1.32,19768.8,sat
/home/michele/mltlsat/Benchmarks/random/P0.95N4L30M100T100-7.mltl,0.0,9301.6,sat
/home/michele/mltlsat/Benchmarks/random/P0.95N4L30M100T100-8.mltl,0.124,13965.6,sat
/home/michele/mltlsat/Benchmarks/random/P0.95N4L30M100T100-9.mltl,0.0,7779.2,sat
/home/michele/mltlsat/Benchmarks/random/P0.95N4L35M100T100-10.mltl,0.02,13948.8,sat
/home/michele/mltlsat/Benchmarks/random/P0.95N4L35M100T100-1.mltl,-1,-1,TO
/home/michele/mltlsat/Benchmarks/random/P0.95N4L35M100T100-2.mltl,0.28,32348,sat
/home/michele/mltlsat/Benchmarks/random/P0.95N4L35M100T100-3.mltl,0.002,10872,sat
/home/michele/mltlsat/Benchmarks/random/P0.95N4L35M100T100-4.mltl,2.928,16104.8,sat
/home/michele/mltlsat/Benchmarks/random/P0.95N4L35M100T100-5.mltl,5.038,49873.6,sat
/home/michele/mltlsat/Benchmarks/random/P0.95N4L35M100T100-6.mltl,0.0,10859.2,sat
/home/michele/mltlsat/Benchmarks/random/P0.95N4L35M100T100-7.mltl,0.932,27777.6,sat
/home/michele/mltlsat/Benchmarks/random/P0.95N4L35M100T100-8.mltl,0.0,9332.8,sat
/home/michele/mltlsat/Benchmarks/random/P0.95N4L35M100T100-9.mltl,0.0,12392.8,sat
/home/michele/mltlsat/Benchmarks/random/P0.95N4L40M100T100-10.mltl,4.192,30523.2,sat
/home/michele/mltlsat/Benchmarks/random/P0.95N4L40M100T100-1.mltl,0.0,7784,sat
/home/michele/mltlsat/Benchmarks/random/P0.95N4L40M100T100-2.mltl,1.69,21295.2,sat
/home/michele/mltlsat/Benchmarks/random/P0.95N4L40M100T100-3.mltl,0.0,10877.6,sat
/home/michele/mltlsat/Benchmarks/random/P0.95N4L40M100T100-4.mltl,0.0,9344,sat
/home/michele/mltlsat/Benchmarks/random/P0.95N4L40M100T100-5.mltl,0.27,25917.6,sat
/home/michele/mltlsat/Benchmarks/random/P0.95N4L40M100T100-6.mltl,-1,-1,TO
/home/michele/mltlsat/Benchmarks/random/P0.95N4L40M100T100-7.mltl,0.01,10846.4,sat
/home/michele/mltlsat/Benchmarks/random/P0.95N4L40M100T100-8.mltl,0.01,9342.4,sat
/home/michele/mltlsat/Benchmarks/random/P0.95N4L40M100T100-9.mltl,0.02,12408.8,sat
/home/michele/mltlsat/Benchmarks/random/P0.95N4L45M100T100-10.mltl,1.116,36696,sat
/home/michele/mltlsat/Benchmarks/random/P0.95N4L45M100T100-1.mltl,0.106,20073.6,sat
/home/michele/mltlsat/Benchmarks/random/P0.95N4L45M100T100-2.mltl,0.05,15469.6,sat
/home/michele/mltlsat/Benchmarks/random/P0.95N4L45M100T100-3.mltl,-1,-1,TO
/home/michele/mltlsat/Benchmarks/random/P0.95N4L45M100T100-4.mltl,-1,-1,TO
/home/michele/mltlsat/Benchmarks/random/P0.95N4L45M100T100-5.mltl,0.02,7831.2,sat
/home/michele/mltlsat/Benchmarks/random/P0.95N4L45M100T100-6.mltl,51.016,17318.4,sat
/home/michele/mltlsat/Benchmarks/random/P0.95N4L45M100T100-7.mltl,-1,-1,TO
/home/michele/mltlsat/Benchmarks/random/P0.95N4L45M100T100-8.mltl,0.02,10880.8,sat
/home/michele/mltlsat/Benchmarks/random/P0.95N4L45M100T100-9.mltl,-1,-1,TO
/home/michele/mltlsat/Benchmarks/random/P0.95N4L50M100T100-10.mltl,0.52,12399.2,sat
/home/michele/mltlsat/Benchmarks/random/P0.95N4L50M100T100-1.mltl,25.82,27764,sat
/home/michele/mltlsat/Benchmarks/random/P0.95N4L50M100T100-2.mltl,0.01,10850.4,sat
/home/michele/mltlsat/Benchmarks/random/P0.95N4L50M100T100-3.mltl,-1,-1,TO
/home/michele/mltlsat/Benchmarks/random/P0.95N4L50M100T100-4.mltl,0.11599999999999999,15487.2,sat
/home/michele/mltlsat/Benchmarks/random/P0.95N4L50M100T100-5.mltl,0.07,33928.8,sat
/home/michele/mltlsat/Benchmarks/random/P0.95N4L50M100T100-6.mltl,-1,-1,TO
/home/michele/mltlsat/Benchmarks/random/P0.95N4L50M100T100-7.mltl,0.02,12400.8,sat
/home/michele/mltlsat/Benchmarks/random/P0.95N4L50M100T100-8.mltl,0.0,7860,sat
/home/michele/mltlsat/Benchmarks/random/P0.95N4L50M100T100-9.mltl,-1,-1,TO
/home/michele/mltlsat/Benchmarks/random/P0.95N4L55M100T100-10.mltl,0.0,10868.8,sat
/home/michele/mltlsat/Benchmarks/random/P0.95N4L55M100T100-1.mltl,-1,-1,TO
/home/michele/mltlsat/Benchmarks/random/P0.95N4L55M100T100-2.mltl,0.61,155241.6,sat
/home/michele/mltlsat/Benchmarks/random/P0.95N4L55M100T100-3.mltl,0.158,15480,sat
/home/michele/mltlsat/Benchmarks/random/P0.95N4L55M100T100-4.mltl,-1,-1,TO
/home/michele/mltlsat/Benchmarks/random/P0.95N4L55M100T100-5.mltl,-1,-1,TO
/home/michele/mltlsat/Benchmarks/random/P0.95N4L55M100T100-6.mltl,0.028,12384,sat
/home/michele/mltlsat/Benchmarks/random/P0.95N4L55M100T100-7.mltl,-1,-1,TO
/home/michele/mltlsat/Benchmarks/random/P0.95N4L55M100T100-8.mltl,0.22,21638.4,sat
/home/michele/mltlsat/Benchmarks/random/P0.95N4L55M100T100-9.mltl,0.07,15489.6,sat
/home/michele/mltlsat/Benchmarks/random/P0.95N4L5M100T100-10.mltl,0.0,7797.6,sat
/home/michele/mltlsat/Benchmarks/random/P0.95N4L5M100T100-1.mltl,0.0,7777.6,sat
/home/michele/mltlsat/Benchmarks/random/P0.95N4L5M100T100-2.mltl,0.0,7808.8,sat
/home/michele/mltlsat/Benchmarks/random/P0.95N4L5M100T100-3.mltl,0.0,9344,sat
/home/michele/mltlsat/Benchmarks/random/P0.95N4L5M100T100-4.mltl,0.0,9331.2,sat
/home/michele/mltlsat/Benchmarks/random/P0.95N4L5M100T100-5.mltl,0.0,7794.4,sat
/home/michele/mltlsat/Benchmarks/random/P0.95N4L5M100T100-6.mltl,0.0,7776.8,sat
/home/michele/mltlsat/Benchmarks/random/P0.95N4L5M100T100-7.mltl,0.0,9322.4,sat
/home/michele/mltlsat/Benchmarks/random/P0.95N4L5M100T100-8.mltl,0.0,7810.4,sat
/home/michele/mltlsat/Benchmarks/random/P0.95N4L5M100T100-9.mltl,0.0,9320,sat
/home/michele/mltlsat/Benchmarks/random/P0.95N4L60M100T100-10.mltl,1.078,39738.4,sat
/home/michele/mltlsat/Benchmarks/random/P0.95N4L60M100T100-1.mltl,0.002,10880,sat
/home/michele/mltlsat/Benchmarks/random/P0.95N4L60M100T100-2.mltl,0.0,9332,sat
/home/michele/mltlsat/Benchmarks/random/P0.95N4L60M100T100-3.mltl,1.554,72311.2,sat
/home/michele/mltlsat/Benchmarks/random/P0.95N4L60M100T100-4.mltl,-1,-1,TO
/home/michele/mltlsat/Benchmarks/random/P0.95N4L60M100T100-5.mltl,1.704,230188,sat
/home/michele/mltlsat/Benchmarks/random/P0.95N4L60M100T100-6.mltl,0.152,55422.4,sat
/home/michele/mltlsat/Benchmarks/random/P0.95N4L60M100T100-7.mltl,0.0,9335.2,sat
/home/michele/mltlsat/Benchmarks/random/P0.95N4L60M100T100-8.mltl,-1,-1,TO
/home/michele/mltlsat/Benchmarks/random/P0.95N4L60M100T100-9.mltl,-1,-1,TO
/home/michele/mltlsat/Benchmarks/random/P0.95N4L65M100T100-10.mltl,-1,-1,TO
/home/michele/mltlsat/Benchmarks/random/P0.95N4L65M100T100-1.mltl,104.066,19777.6,sat
/home/michele/mltlsat/Benchmarks/random/P0.95N4L65M100T100-2.mltl,0.13,20076,sat
/home/michele/mltlsat/Benchmarks/random/P0.95N4L65M100T100-3.mltl,105.03,23473.6,sat
/home/michele/mltlsat/Benchmarks/random/P0.95N4L65M100T100-4.mltl,-1,-1,TO
/home/michele/mltlsat/Benchmarks/random/P0.95N4L65M100T100-5.mltl,-1,-1,TO
/home/michele/mltlsat/Benchmarks/random/P0.95N4L65M100T100-6.mltl,-1,-1,TO
/home/michele/mltlsat/Benchmarks/random/P0.95N4L65M100T100-7.mltl,0.01,13928,sat
/home/michele/mltlsat/Benchmarks/random/P0.95N4L65M100T100-8.mltl,0.0,9326.4,sat
/home/michele/mltlsat/Benchmarks/random/P0.95N4L65M100T100-9.mltl,0.0,9334.4,sat
/home/michele/mltlsat/Benchmarks/random/P0.95N4L70M100T100-10.mltl,0.0,10868,sat
/home/michele/mltlsat/Benchmarks/random/P0.95N4L70M100T100-1.mltl,-1,-1,TO
/home/michele/mltlsat/Benchmarks/random/P0.95N4L70M100T100-2.mltl,0.0,9359.2,sat
/home/michele/mltlsat/Benchmarks/random/P0.95N4L70M100T100-3.mltl,-1,-1,TO
/home/michele/mltlsat/Benchmarks/random/P0.95N4L70M100T100-4.mltl,0.0,10856,sat
/home/michele/mltlsat/Benchmarks/random/P0.95N4L70M100T100-5.mltl,-1,-1,TO
/home/michele/mltlsat/Benchmarks/random/P0.95N4L70M100T100-6.mltl,-1,-1,TO
/home/michele/mltlsat/Benchmarks/random/P0.95N4L70M100T100-7.mltl,0.0,7812,sat
/home/michele/mltlsat/Benchmarks/random/P0.95N4L70M100T100-8.mltl,0.348,27751.2,sat
/home/michele/mltlsat/Benchmarks/random/P0.95N4L70M100T100-9.mltl,0.0,9340.8,sat
/home/michele/mltlsat/Benchmarks/random/P0.95N4L75M100T100-10.mltl,1.72,35424.8,sat
/home/michele/mltlsat/Benchmarks/random/P0.95N4L75M100T100-1.mltl,0.02,13945.6,sat
/home/michele/mltlsat/Benchmarks/random/P0.95N4L75M100T100-2.mltl,1.21,96881.6,sat
/home/michele/mltlsat/Benchmarks/random/P0.95N4L75M100T100-3.mltl,0.02,18544.8,sat
/home/michele/mltlsat/Benchmarks/random/P0.95N4L75M100T100-4.mltl,-1,-1,TO
/home/michele/mltlsat/Benchmarks/random/P0.95N4L75M100T100-5.mltl,-1,-1,TO
/home/michele/mltlsat/Benchmarks/random/P0.95N4L75M100T100-6.mltl,0.0,9343.2,sat
/home/michele/mltlsat/Benchmarks/random/P0.95N4L75M100T100-7.mltl,-1,-1,TO
/home/michele/mltlsat/Benchmarks/random/P0.95N4L75M100T100-8.mltl,-1,-1,TO
/home/michele/mltlsat/Benchmarks/random/P0.95N4L75M100T100-9.mltl,-1,-1,TO
/home/michele/mltlsat/Benchmarks/random/P0.95N4L80M100T100-10.mltl,-1,-1,TO
/home/michele/mltlsat/Benchmarks/random/P0.95N4L80M100T100-1.mltl,-1,-1,TO
/home/michele/mltlsat/Benchmarks/random/P0.95N4L80M100T100-2.mltl,0.0,9323.2,sat
/home/michele/mltlsat/Benchmarks/random/P0.95N4L80M100T100-3.mltl,0.02,17021.6,sat
/home/michele/mltlsat/Benchmarks/random/P0.95N4L80M100T100-4.mltl,0.04,10884,sat
/home/michele/mltlsat/Benchmarks/random/P0.95N4L80M100T100-5.mltl,0.0,9320,sat
/home/michele/mltlsat/Benchmarks/random/P0.95N4L80M100T100-6.mltl,0.202,17026.4,sat
/home/michele/mltlsat/Benchmarks/random/P0.95N4L80M100T100-7.mltl,0.036,13940,sat
/home/michele/mltlsat/Benchmarks/random/P0.95N4L80M100T100-8.mltl,0.002,12440,sat
/home/michele/mltlsat/Benchmarks/random/P0.95N4L80M100T100-9.mltl,-1,-1,TO
/home/michele/mltlsat/Benchmarks/random/P0.95N4L85M100T100-10.mltl,0.0,7817.6,sat
/home/michele/mltlsat/Benchmarks/random/P0.95N4L85M100T100-1.mltl,-1,-1,TO
/home/michele/mltlsat/Benchmarks/random/P0.95N4L85M100T100-2.mltl,-1,-1,TO
/home/michele/mltlsat/Benchmarks/random/P0.95N4L85M100T100-3.mltl,9.232,75058.4,sat
/home/michele/mltlsat/Benchmarks/random/P0.95N4L85M100T100-4.mltl,-1,-1,TO
/home/michele/mltlsat/Benchmarks/random/P0.95N4L85M100T100-5.mltl,-1,-1,TO
/home/michele/mltlsat/Benchmarks/random/P0.95N4L85M100T100-6.mltl,0.3,22852,sat
/home/michele/mltlsat/Benchmarks/random/P0.95N4L85M100T100-7.mltl,-1,-1,TO
/home/michele/mltlsat/Benchmarks/random/P0.95N4L85M100T100-8.mltl,0.0,7800,sat
/home/michele/mltlsat/Benchmarks/random/P0.95N4L85M100T100-9.mltl,0.01,12384,sat
/home/michele/mltlsat/Benchmarks/random/P0.95N4L90M100T100-10.mltl,-1,-1,TO
/home/michele/mltlsat/Benchmarks/random/P0.95N4L90M100T100-1.mltl,2.38,52041.6,sat
/home/michele/mltlsat/Benchmarks/random/P0.95N4L90M100T100-2.mltl,0.02,10854.4,sat
/home/michele/mltlsat/Benchmarks/random/P0.95N4L90M100T100-3.mltl,-1,-1,TO
/home/michele/mltlsat/Benchmarks/random/P0.95N4L90M100T100-4.mltl,-1,-1,TO
/home/michele/mltlsat/Benchmarks/random/P0.95N4L90M100T100-5.mltl,-1,-1,TO
/home/michele/mltlsat/Benchmarks/random/P0.95N4L90M100T100-6.mltl,0.192,99983.2,sat
/home/michele/mltlsat/Benchmarks/random/P0.95N4L90M100T100-7.mltl,-1,-1,TO
/home/michele/mltlsat/Benchmarks/random/P0.95N4L90M100T100-8.mltl,0.0,10552.8,sat
/home/michele/mltlsat/Benchmarks/random/P0.95N4L90M100T100-9.mltl,7.842,74462.4,sat
/home/michele/mltlsat/Benchmarks/random/P0.95N4L95M100T100-10.mltl,-1,-1,TO
/home/michele/mltlsat/Benchmarks/random/P0.95N4L95M100T100-1.mltl,0.0,9347.2,sat
/home/michele/mltlsat/Benchmarks/random/P0.95N4L95M100T100-2.mltl,-1,-1,TO
/home/michele/mltlsat/Benchmarks/random/P0.95N4L95M100T100-3.mltl,-1,-1,TO
/home/michele/mltlsat/Benchmarks/random/P0.95N4L95M100T100-4.mltl,-1,-1,TO
/home/michele/mltlsat/Benchmarks/random/P0.95N4L95M100T100-5.mltl,-1,-1,TO
/home/michele/mltlsat/Benchmarks/random/P0.95N4L95M100T100-6.mltl,0.39,27744,sat
/home/michele/mltlsat/Benchmarks/random/P0.95N4L95M100T100-7.mltl,-1,-1,TO
/home/michele/mltlsat/Benchmarks/random/P0.95N4L95M100T100-8.mltl,0.0,9347.2,sat
/home/michele/mltlsat/Benchmarks/random/P0.95N4L95M100T100-9.mltl,0.12,16718.4,sat
/home/michele/mltlsat/Benchmarks/random/P0.95N5L100M100T100-10.mltl,-1,-1,TO
/home/michele/mltlsat/Benchmarks/random/P0.95N5L100M100T100-1.mltl,-1,-1,TO
/home/michele/mltlsat/Benchmarks/random/P0.95N5L100M100T100-2.mltl,5.968,161106.4,sat
/home/michele/mltlsat/Benchmarks/random/P0.95N5L100M100T100-3.mltl,0.01,10881.6,sat
/home/michele/mltlsat/Benchmarks/random/P0.95N5L100M100T100-4.mltl,1.69,677483.2,sat
/home/michele/mltlsat/Benchmarks/random/P0.95N5L100M100T100-5.mltl,0.112,27763.2,sat
/home/michele/mltlsat/Benchmarks/random/P0.95N5L100M100T100-6.mltl,-1,-1,TO
/home/michele/mltlsat/Benchmarks/random/P0.95N5L100M100T100-7.mltl,-1,-1,TO
/home/michele/mltlsat/Benchmarks/random/P0.95N5L100M100T100-8.mltl,-1,-1,TO
/home/michele/mltlsat/Benchmarks/random/P0.95N5L100M100T100-9.mltl,22.268,1909055.2,sat
/home/michele/mltlsat/Benchmarks/random/P0.95N5L10M100T100-10.mltl,0.01,10900.8,sat
/home/michele/mltlsat/Benchmarks/random/P0.95N5L10M100T100-1.mltl,0.01,10865.6,sat
/home/michele/mltlsat/Benchmarks/random/P0.95N5L10M100T100-2.mltl,0.0,9324,sat
/home/michele/mltlsat/Benchmarks/random/P0.95N5L10M100T100-3.mltl,0.0,7800,sat
/home/michele/mltlsat/Benchmarks/random/P0.95N5L10M100T100-4.mltl,0.0,9331.2,sat
/home/michele/mltlsat/Benchmarks/random/P0.95N5L10M100T100-5.mltl,0.28200000000000003,18559.2,sat
/home/michele/mltlsat/Benchmarks/random/P0.95N5L10M100T100-6.mltl,0.01,10856,sat
/home/michele/mltlsat/Benchmarks/random/P0.95N5L10M100T100-7.mltl,0.0,9340,sat
/home/michele/mltlsat/Benchmarks/random/P0.95N5L10M100T100-8.mltl,0.0,9335.2,sat
/home/michele/mltlsat/Benchmarks/random/P0.95N5L10M100T100-9.mltl,0.0,9322.4,sat
/home/michele/mltlsat/Benchmarks/random/P0.95N5L15M100T100-10.mltl,0.0,9318.4,sat
/home/michele/mltlsat/Benchmarks/random/P0.95N5L15M100T100-1.mltl,0.0,9342.4,sat
/home/michele/mltlsat/Benchmarks/random/P0.95N5L15M100T100-2.mltl,0.382,17034.4,sat
/home/michele/mltlsat/Benchmarks/random/P0.95N5L15M100T100-3.mltl,0.002,9316.8,sat
/home/michele/mltlsat/Benchmarks/random/P0.95N5L15M100T100-4.mltl,0.0,9332,sat
/home/michele/mltlsat/Benchmarks/random/P0.95N5L15M100T100-5.mltl,0.09,12416.8,sat
/home/michele/mltlsat/Benchmarks/random/P0.95N5L15M100T100-6.mltl,0.0,10858.4,sat
/home/michele/mltlsat/Benchmarks/random/P0.95N5L15M100T100-7.mltl,0.0,7810.4,sat
/home/michele/mltlsat/Benchmarks/random/P0.95N5L15M100T100-8.mltl,0.0,7832.8,sat
/home/michele/mltlsat/Benchmarks/random/P0.95N5L15M100T100-9.mltl,0.0,9325.6,sat
/home/michele/mltlsat/Benchmarks/random/P0.95N5L20M100T100-10.mltl,0.05,13956,sat
/home/michele/mltlsat/Benchmarks/random/P0.95N5L20M100T100-1.mltl,0.472,23161.6,sat
/home/michele/mltlsat/Benchmarks/random/P0.95N5L20M100T100-2.mltl,0.43,71708,sat
/home/michele/mltlsat/Benchmarks/random/P0.95N5L20M100T100-3.mltl,0.004,10877.6,sat
/home/michele/mltlsat/Benchmarks/random/P0.95N5L20M100T100-4.mltl,0.0,9311.2,sat
/home/michele/mltlsat/Benchmarks/random/P0.95N5L20M100T100-5.mltl,0.0,9331.2,sat
/home/michele/mltlsat/Benchmarks/random/P0.95N5L20M100T100-6.mltl,0.0,7798.4,sat
/home/michele/mltlsat/Benchmarks/random/P0.95N5L20M100T100-7.mltl,-1,-1,TO
/home/michele/mltlsat/Benchmarks/random/P0.95N5L20M100T100-8.mltl,0.004,12380,sat
/home/michele/mltlsat/Benchmarks/random/P0.95N5L20M100T100-9.mltl,0.0,9312,sat
/home/michele/mltlsat/Benchmarks/random/P0.95N5L25M100T100-10.mltl,0.012,12377.6,sat
/home/michele/mltlsat/Benchmarks/random/P0.95N5L25M100T100-1.mltl,0.0,9324.8,sat
/home/michele/mltlsat/Benchmarks/random/P0.95N5L25M100T100-2.mltl,0.0,9342.4,sat
/home/michele/mltlsat/Benchmarks/random/P0.95N5L25M100T100-3.mltl,0.05,12415.2,sat
/home/michele/mltlsat/Benchmarks/random/P0.95N5L25M100T100-4.mltl,0.02,15484,sat
/home/michele/mltlsat/Benchmarks/random/P0.95N5L25M100T100-5.mltl,0.03,13943.2,sat
/home/michele/mltlsat/Benchmarks/random/P0.95N5L25M100T100-6.mltl,-1,-1,TO
/home/michele/mltlsat/Benchmarks/random/P0.95N5L25M100T100-7.mltl,0.01,10892.8,sat
/home/michele/mltlsat/Benchmarks/random/P0.95N5L25M100T100-8.mltl,-1,-1,TO
/home/michele/mltlsat/Benchmarks/random/P0.95N5L25M100T100-9.mltl,0.132,64620.8,sat
/home/michele/mltlsat/Benchmarks/random/P0.95N5L30M100T100-10.mltl,0.0,7801.6,sat
/home/michele/mltlsat/Benchmarks/random/P0.95N5L30M100T100-1.mltl,0.01,12417.6,sat
/home/michele/mltlsat/Benchmarks/random/P0.95N5L30M100T100-2.mltl,0.118,13944,sat
/home/michele/mltlsat/Benchmarks/random/P0.95N5L30M100T100-3.mltl,-1,-1,TO
/home/michele/mltlsat/Benchmarks/random/P0.95N5L30M100T100-4.mltl,1.262,30836.8,sat
/home/michele/mltlsat/Benchmarks/random/P0.95N5L30M100T100-5.mltl,0.0,10897.6,sat
/home/michele/mltlsat/Benchmarks/random/P0.95N5L30M100T100-6.mltl,0.0,7777.6,sat
/home/michele/mltlsat/Benchmarks/random/P0.95N5L30M100T100-7.mltl,-1,-1,TO
/home/michele/mltlsat/Benchmarks/random/P0.95N5L30M100T100-8.mltl,0.0,10875.2,sat
/home/michele/mltlsat/Benchmarks/random/P0.95N5L30M100T100-9.mltl,0.054,12382.4,sat
/home/michele/mltlsat/Benchmarks/random/P0.95N5L35M100T100-10.mltl,-1,-1,TO
/home/michele/mltlsat/Benchmarks/random/P0.95N5L35M100T100-1.mltl,1.384,30836.8,sat
/home/michele/mltlsat/Benchmarks/random/P0.95N5L35M100T100-2.mltl,0.0,9317.6,sat
/home/michele/mltlsat/Benchmarks/random/P0.95N5L35M100T100-3.mltl,3.208,21326.4,sat
/home/michele/mltlsat/Benchmarks/random/P0.95N5L35M100T100-4.mltl,1.634,61578.4,sat
/home/michele/mltlsat/Benchmarks/random/P0.95N5L35M100T100-5.mltl,0.196,15464,sat
/home/michele/mltlsat/Benchmarks/random/P0.95N5L35M100T100-6.mltl,0.0,10868.8,sat
/home/michele/mltlsat/Benchmarks/random/P0.95N5L35M100T100-7.mltl,3.384,19764.8,sat
/home/michele/mltlsat/Benchmarks/random/P0.95N5L35M100T100-8.mltl,0.032,23174.4,sat
/home/michele/mltlsat/Benchmarks/random/P0.95N5L35M100T100-9.mltl,0.0,7794.4,sat
/home/michele/mltlsat/Benchmarks/random/P0.95N5L40M100T100-10.mltl,2.904,40031.2,sat
/home/michele/mltlsat/Benchmarks/random/P0.95N5L40M100T100-1.mltl,0.452,30858.4,sat
/home/michele/mltlsat/Benchmarks/random/P0.95N5L40M100T100-2.mltl,2.598,26242.4,sat
/home/michele/mltlsat/Benchmarks/random/P0.95N5L40M100T100-3.mltl,-1,-1,TO
/home/michele/mltlsat/Benchmarks/random/P0.95N5L40M100T100-4.mltl,6.446,65864.8,sat
/home/michele/mltlsat/Benchmarks/random/P0.95N5L40M100T100-5.mltl,1.75,12412,sat
/home/michele/mltlsat/Benchmarks/random/P0.95N5L40M100T100-6.mltl,0.0,9353.6,sat
/home/michele/mltlsat/Benchmarks/random/P0.95N5L40M100T100-7.mltl,0.0,7803.2,sat
/home/michele/mltlsat/Benchmarks/random/P0.95N5L40M100T100-8.mltl,0.0,9362.4,sat
/home/michele/mltlsat/Benchmarks/random/P0.95N5L40M100T100-9.mltl,0.212,15182.4,sat
/home/michele/mltlsat/Benchmarks/random/P0.95N5L45M100T100-10.mltl,0.01,10904,sat
/home/michele/mltlsat/Benchmarks/random/P0.95N5L45M100T100-1.mltl,0.0,7808.8,sat
/home/michele/mltlsat/Benchmarks/random/P0.95N5L45M100T100-2.mltl,1.014,107352,sat
/home/michele/mltlsat/Benchmarks/random/P0.95N5L45M100T100-3.mltl,2.854,15487.2,sat
/home/michele/mltlsat/Benchmarks/random/P0.95N5L45M100T100-4.mltl,0.11,12402.4,sat
/home/michele/mltlsat/Benchmarks/random/P0.95N5L45M100T100-5.mltl,-1,-1,TO
/home/michele/mltlsat/Benchmarks/random/P0.95N5L45M100T100-6.mltl,0.088,10892.8,sat
/home/michele/mltlsat/Benchmarks/random/P0.95N5L45M100T100-7.mltl,0.12,9348,sat
/home/michele/mltlsat/Benchmarks/random/P0.95N5L45M100T100-8.mltl,-1,-1,TO
/home/michele/mltlsat/Benchmarks/random/P0.95N5L45M100T100-9.mltl,0.0,9335.2,sat
/home/michele/mltlsat/Benchmarks/random/P0.95N5L50M100T100-10.mltl,0.0,9336,sat
/home/michele/mltlsat/Benchmarks/random/P0.95N5L50M100T100-1.mltl,0.02,12406.4,sat
/home/michele/mltlsat/Benchmarks/random/P0.95N5L50M100T100-2.mltl,0.08,15484.8,sat
/home/michele/mltlsat/Benchmarks/random/P0.95N5L50M100T100-3.mltl,-1,-1,TO
/home/michele/mltlsat/Benchmarks/random/P0.95N5L50M100T100-4.mltl,0.0,9325.6,sat
/home/michele/mltlsat/Benchmarks/random/P0.95N5L50M100T100-5.mltl,0.0,9034.4,sat
/home/michele/mltlsat/Benchmarks/random/P0.95N5L50M100T100-6.mltl,-1,-1,TO
/home/michele/mltlsat/Benchmarks/random/P0.95N5L50M100T100-7.mltl,1.976,765036.8,sat
/home/michele/mltlsat/Benchmarks/random/P0.95N5L50M100T100-8.mltl,0.02,10880.8,sat
/home/michele/mltlsat/Benchmarks/random/P0.95N5L50M100T100-9.mltl,-1,-1,TO
/home/michele/mltlsat/Benchmarks/random/P0.95N5L55M100T100-10.mltl,-1,-1,TO
/home/michele/mltlsat/Benchmarks/random/P0.95N5L55M100T100-1.mltl,-1,-1,TO
/home/michele/mltlsat/Benchmarks/random/P0.95N5L55M100T100-2.mltl,-1,-1,TO
/home/michele/mltlsat/Benchmarks/random/P0.95N5L55M100T100-3.mltl,0.01,12392,sat
/home/michele/mltlsat/Benchmarks/random/P0.95N5L55M100T100-4.mltl,0.0,9332.8,sat
/home/michele/mltlsat/Benchmarks/random/P0.95N5L55M100T100-5.mltl,0.04,25915.2,sat
/home/michele/mltlsat/Benchmarks/random/P0.95N5L55M100T100-6.mltl,5.148,15492.8,sat
/home/michele/mltlsat/Benchmarks/random/P0.95N5L55M100T100-7.mltl,1.17,103029.6,sat
/home/michele/mltlsat/Benchmarks/random/P0.95N5L55M100T100-8.mltl,-1,-1,TO
/home/michele/mltlsat/Benchmarks/random/P0.95N5L55M100T100-9.mltl,-1,-1,TO
/home/michele/mltlsat/Benchmarks/random/P0.95N5L5M100T100-10.mltl,0.0,7827.2,sat
/home/michele/mltlsat/Benchmarks/random/P0.95N5L5M100T100-1.mltl,0.0,7792,sat
/home/michele/mltlsat/Benchmarks/random/P0.95N5L5M100T100-2.mltl,0.0,9332,sat
/home/michele/mltlsat/Benchmarks/random/P0.95N5L5M100T100-3.mltl,0.02,10870.4,sat
/home/michele/mltlsat/Benchmarks/random/P0.95N5L5M100T100-4.mltl,0.0,9313.6,sat
/home/michele/mltlsat/Benchmarks/random/P0.95N5L5M100T100-5.mltl,0.0,7792.8,sat
/home/michele/mltlsat/Benchmarks/random/P0.95N5L5M100T100-6.mltl,0.0,9318.4,sat
/home/michele/mltlsat/Benchmarks/random/P0.95N5L5M100T100-7.mltl,0.0,7791.2,sat
/home/michele/mltlsat/Benchmarks/random/P0.95N5L5M100T100-8.mltl,0.0,7781.6,sat
/home/michele/mltlsat/Benchmarks/random/P0.95N5L5M100T100-9.mltl,0.0,7803.2,sat
/home/michele/mltlsat/Benchmarks/random/P0.95N5L60M100T100-10.mltl,-1,-1,TO
/home/michele/mltlsat/Benchmarks/random/P0.95N5L60M100T100-1.mltl,0.0,9329.6,sat
/home/michele/mltlsat/Benchmarks/random/P0.95N5L60M100T100-2.mltl,-1,-1,TO
/home/michele/mltlsat/Benchmarks/random/P0.95N5L60M100T100-3.mltl,0.3,32369.6,sat
/home/michele/mltlsat/Benchmarks/random/P0.95N5L60M100T100-4.mltl,-1,-1,TO
/home/michele/mltlsat/Benchmarks/random/P0.95N5L60M100T100-5.mltl,0.01,12396,sat
/home/michele/mltlsat/Benchmarks/random/P0.95N5L60M100T100-6.mltl,0.0,9332.8,sat
/home/michele/mltlsat/Benchmarks/random/P0.95N5L60M100T100-7.mltl,0.26,13931.2,sat
/home/michele/mltlsat/Benchmarks/random/P0.95N5L60M100T100-8.mltl,0.0,7820,sat
/home/michele/mltlsat/Benchmarks/random/P0.95N5L60M100T100-9.mltl,9.326,109780,sat
/home/michele/mltlsat/Benchmarks/random/P0.95N5L65M100T100-10.mltl,0.446,13948.8,sat
/home/michele/mltlsat/Benchmarks/random/P0.95N5L65M100T100-1.mltl,-1,-1,TO
/home/michele/mltlsat/Benchmarks/random/P0.95N5L65M100T100-2.mltl,-1,-1,TO
/home/michele/mltlsat/Benchmarks/random/P0.95N5L65M100T100-3.mltl,0.0,9336,sat
/home/michele/mltlsat/Benchmarks/random/P0.95N5L65M100T100-4.mltl,0.002,12424,sat
/home/michele/mltlsat/Benchmarks/random/P0.95N5L65M100T100-5.mltl,-1,-1,TO
/home/michele/mltlsat/Benchmarks/random/P0.95N5L65M100T100-6.mltl,0.0,7805.6,sat
/home/michele/mltlsat/Benchmarks/random/P0.95N5L65M100T100-7.mltl,7.327999999999999,89203.2,sat
/home/michele/mltlsat/Benchmarks/random/P0.95N5L65M100T100-8.mltl,-1,-1,TO
/home/michele/mltlsat/Benchmarks/random/P0.95N5L65M100T100-9.mltl,-1,-1,TO
/home/michele/mltlsat/Benchmarks/random/P0.95N5L70M100T100-10.mltl,-1,-1,TO
/home/michele/mltlsat/Benchmarks/random/P0.95N5L70M100T100-1.mltl,0.0,9357.6,sat
/home/michele/mltlsat/Benchmarks/random/P0.95N5L70M100T100-2.mltl,0.01,12408.8,sat
/home/michele/mltlsat/Benchmarks/random/P0.95N5L70M100T100-3.mltl,-1,-1,TO
/home/michele/mltlsat/Benchmarks/random/P0.95N5L70M100T100-4.mltl,28.532,260007.2,sat
/home/michele/mltlsat/Benchmarks/random/P0.95N5L70M100T100-5.mltl,-1,-1,TO
/home/michele/mltlsat/Benchmarks/random/P0.95N5L70M100T100-6.mltl,0.0,9352.8,sat
/home/michele/mltlsat/Benchmarks/random/P0.95N5L70M100T100-7.mltl,-1,-1,TO
/home/michele/mltlsat/Benchmarks/random/P0.95N5L70M100T100-8.mltl,0.194,26227.2,sat
/home/michele/mltlsat/Benchmarks/random/P0.95N5L70M100T100-9.mltl,-1,-1,TO
/home/michele/mltlsat/Benchmarks/random/P0.95N5L75M100T100-10.mltl,-1,-1,TO
/home/michele/mltlsat/Benchmarks/random/P0.95N5L75M100T100-1.mltl,0.078,15485.6,sat
/home/michele/mltlsat/Benchmarks/random/P0.95N5L75M100T100-2.mltl,2.602,22528.8,sat
/home/michele/mltlsat/Benchmarks/random/P0.95N5L75M100T100-3.mltl,-1,-1,TO
/home/michele/mltlsat/Benchmarks/random/P0.95N5L75M100T100-4.mltl,2.2359999999999998,28694.4,sat
/home/michele/mltlsat/Benchmarks/random/P0.95N5L75M100T100-5.mltl,-1,-1,TO
/home/michele/mltlsat/Benchmarks/random/P0.95N5L75M100T100-6.mltl,0.01,13944.8,sat
/home/michele/mltlsat/Benchmarks/random/P0.95N5L75M100T100-7.mltl,-1,-1,TO
/home/michele/mltlsat/Benchmarks/random/P0.95N5L75M100T100-8.mltl,-1,-1,TO
/home/michele/mltlsat/Benchmarks/random/P0.95N5L75M100T100-9.mltl,-1,-1,TO
/home/michele/mltlsat/Benchmarks/random/P0.95N5L80M100T100-10.mltl,0.0,7793.6,sat
/home/michele/mltlsat/Benchmarks/random/P0.95N5L80M100T100-1.mltl,-1,-1,TO
/home/michele/mltlsat/Benchmarks/random/P0.95N5L80M100T100-2.mltl,0.286,32372.8,sat
/home/michele/mltlsat/Benchmarks/random/P0.95N5L80M100T100-3.mltl,-1,-1,TO
/home/michele/mltlsat/Benchmarks/random/P0.95N5L80M100T100-4.mltl,-1,-1,TO
/home/michele/mltlsat/Benchmarks/random/P0.95N5L80M100T100-5.mltl,0.1,21625.6,sat
/home/michele/mltlsat/Benchmarks/random/P0.95N5L80M100T100-6.mltl,0.09,10859.2,sat
/home/michele/mltlsat/Benchmarks/random/P0.95N5L80M100T100-7.mltl,0.604,15498.4,sat
/home/michele/mltlsat/Benchmarks/random/P0.95N5L80M100T100-8.mltl,-1,-1,TO
/home/michele/mltlsat/Benchmarks/random/P0.95N5L80M100T100-9.mltl,0.0,10880,sat
/home/michele/mltlsat/Benchmarks/random/P0.95N5L85M100T100-10.mltl,-1,-1,TO
/home/michele/mltlsat/Benchmarks/random/P0.95N5L85M100T100-1.mltl,0.84,19753.6,sat
/home/michele/mltlsat/Benchmarks/random/P0.95N5L85M100T100-2.mltl,-1,-1,TO
/home/michele/mltlsat/Benchmarks/random/P0.95N5L85M100T100-3.mltl,0.0,9313.6,sat
/home/michele/mltlsat/Benchmarks/random/P0.95N5L85M100T100-4.mltl,-1,-1,TO
/home/michele/mltlsat/Benchmarks/random/P0.95N5L85M100T100-5.mltl,-1,-1,TO
/home/michele/mltlsat/Benchmarks/random/P0.95N5L85M100T100-6.mltl,0.01,12430.4,sat
/home/michele/mltlsat/Benchmarks/random/P0.95N5L85M100T100-7.mltl,17.538,866428.8,sat
/home/michele/mltlsat/Benchmarks/random/P0.95N5L85M100T100-8.mltl,-1,-1,TO
/home/michele/mltlsat/Benchmarks/random/P0.95N5L85M100T100-9.mltl,0.016,10882.4,sat
/home/michele/mltlsat/Benchmarks/random/P0.95N5L90M100T100-10.mltl,-1,-1,TO
/home/michele/mltlsat/Benchmarks/random/P0.95N5L90M100T100-1.mltl,-1,-1,TO
/home/michele/mltlsat/Benchmarks/random/P0.95N5L90M100T100-2.mltl,0.0,7803.2,sat
/home/michele/mltlsat/Benchmarks/random/P0.95N5L90M100T100-3.mltl,-1,-1,TO
/home/michele/mltlsat/Benchmarks/random/P0.95N5L90M100T100-4.mltl,-1,-1,TO
/home/michele/mltlsat/Benchmarks/random/P0.95N5L90M100T100-5.mltl,11.26,270464.8,sat
/home/michele/mltlsat/Benchmarks/random/P0.95N5L90M100T100-6.mltl,-1,-1,TO
/home/michele/mltlsat/Benchmarks/random/P0.95N5L90M100T100-7.mltl,-1,-1,TO
/home/michele/mltlsat/Benchmarks/random/P0.95N5L90M100T100-8.mltl,-1,-1,TO
/home/michele/mltlsat/Benchmarks/random/P0.95N5L90M100T100-9.mltl,0.01,13943.2,sat
/home/michele/mltlsat/Benchmarks/random/P0.95N5L95M100T100-10.mltl,-1,-1,TO
/home/michele/mltlsat/Benchmarks/random/P0.95N5L95M100T100-1.mltl,-1,-1,TO
/home/michele/mltlsat/Benchmarks/random/P0.95N5L95M100T100-2.mltl,-1,-1,TO
/home/michele/mltlsat/Benchmarks/random/P0.95N5L95M100T100-3.mltl,0.02,17014.4,sat
/home/michele/mltlsat/Benchmarks/random/P0.95N5L95M100T100-4.mltl,-1,-1,TO
/home/michele/mltlsat/Benchmarks/random/P0.95N5L95M100T100-5.mltl,0.02,13970.4,sat
/home/michele/mltlsat/Benchmarks/random/P0.95N5L95M100T100-6.mltl,-1,-1,TO
/home/michele/mltlsat/Benchmarks/random/P0.95N5L95M100T100-7.mltl,0.01,12403.2,sat
/home/michele/mltlsat/Benchmarks/random/P0.95N5L95M100T100-8.mltl,1.566,56953.6,sat
/home/michele/mltlsat/Benchmarks/random/P0.95N5L95M100T100-9.mltl,-1,-1,TO
