Name,Time (s),Total memory (KiB),Result
/home/michele/mltlsat/Benchmarks/random0/P0.333333333333333N1L100M100T100-10.mltl,0.0,7816,sat
/home/michele/mltlsat/Benchmarks/random0/P0.333333333333333N1L100M100T100-1.mltl,0.0,7809.6,sat
/home/michele/mltlsat/Benchmarks/random0/P0.333333333333333N1L100M100T100-2.mltl,0.0,7814.4,sat
/home/michele/mltlsat/Benchmarks/random0/P0.333333333333333N1L100M100T100-3.mltl,-1,-1,TO
/home/michele/mltlsat/Benchmarks/random0/P0.333333333333333N1L100M100T100-4.mltl,0.0,7491.2,sat
/home/michele/mltlsat/Benchmarks/random0/P0.333333333333333N1L100M100T100-5.mltl,0.01,12416.8,sat
/home/michele/mltlsat/Benchmarks/random0/P0.333333333333333N1L100M100T100-6.mltl,0.012,10861.6,sat
/home/michele/mltlsat/Benchmarks/random0/P0.333333333333333N1L100M100T100-7.mltl,0.0,7824,sat
/home/michele/mltlsat/Benchmarks/random0/P0.333333333333333N1L100M100T100-8.mltl,0.0,7806.4,sat
/home/michele/mltlsat/Benchmarks/random0/P0.333333333333333N1L100M100T100-9.mltl,0.0,9348,sat
/home/michele/mltlsat/Benchmarks/random0/P0.333333333333333N1L10M100T100-10.mltl,0.0,7812,sat
/home/michele/mltlsat/Benchmarks/random0/P0.333333333333333N1L10M100T100-1.mltl,0.0,7810.4,unsat
/home/michele/mltlsat/Benchmarks/random0/P0.333333333333333N1L10M100T100-2.mltl,0.0,7484.8,sat
/home/michele/mltlsat/Benchmarks/random0/P0.333333333333333N1L10M100T100-3.mltl,0.0,7822.4,sat
/home/michele/mltlsat/Benchmarks/random0/P0.333333333333333N1L10M100T100-4.mltl,0.0,7806.4,sat
/home/michele/mltlsat/Benchmarks/random0/P0.333333333333333N1L10M100T100-5.mltl,0.0,7790.4,sat
/home/michele/mltlsat/Benchmarks/random0/P0.333333333333333N1L10M100T100-6.mltl,0.0,9316,sat
/home/michele/mltlsat/Benchmarks/random0/P0.333333333333333N1L10M100T100-7.mltl,0.0,7797.6,sat
/home/michele/mltlsat/Benchmarks/random0/P0.333333333333333N1L10M100T100-8.mltl,0.0,7798.4,sat
/home/michele/mltlsat/Benchmarks/random0/P0.333333333333333N1L10M100T100-9.mltl,0.0,7791.2,unsat
/home/michele/mltlsat/Benchmarks/random0/P0.333333333333333N1L15M100T100-10.mltl,0.0,7811.2,sat
/home/michele/mltlsat/Benchmarks/random0/P0.333333333333333N1L15M100T100-1.mltl,0.0,7832,sat
/home/michele/mltlsat/Benchmarks/random0/P0.333333333333333N1L15M100T100-2.mltl,0.0,7800.8,sat
/home/michele/mltlsat/Benchmarks/random0/P0.333333333333333N1L15M100T100-3.mltl,0.0,7477.6,sat
/home/michele/mltlsat/Benchmarks/random0/P0.333333333333333N1L15M100T100-4.mltl,0.0,7820.8,unsat
/home/michele/mltlsat/Benchmarks/random0/P0.333333333333333N1L15M100T100-5.mltl,0.0,7775.2,sat
/home/michele/mltlsat/Benchmarks/random0/P0.333333333333333N1L15M100T100-6.mltl,0.0,7792,sat
/home/michele/mltlsat/Benchmarks/random0/P0.333333333333333N1L15M100T100-7.mltl,0.0,7804.8,unsat
/home/michele/mltlsat/Benchmarks/random0/P0.333333333333333N1L15M100T100-8.mltl,0.0,7800.8,sat
/home/michele/mltlsat/Benchmarks/random0/P0.333333333333333N1L15M100T100-9.mltl,0.0,9353.6,sat
/home/michele/mltlsat/Benchmarks/random0/P0.333333333333333N1L20M100T100-10.mltl,0.0,7480.8,sat
/home/michele/mltlsat/Benchmarks/random0/P0.333333333333333N1L20M100T100-1.mltl,0.0,7808,sat
/home/michele/mltlsat/Benchmarks/random0/P0.333333333333333N1L20M100T100-2.mltl,0.0,7779.2,unsat
/home/michele/mltlsat/Benchmarks/random0/P0.333333333333333N1L20M100T100-3.mltl,0.0,7808.8,sat
/home/michele/mltlsat/Benchmarks/random0/P0.333333333333333N1L20M100T100-4.mltl,0.0,9366.4,sat
/home/michele/mltlsat/Benchmarks/random0/P0.333333333333333N1L20M100T100-5.mltl,0.0,7776,unsat
/home/michele/mltlsat/Benchmarks/random0/P0.333333333333333N1L20M100T100-6.mltl,0.0,7784.8,sat
/home/michele/mltlsat/Benchmarks/random0/P0.333333333333333N1L20M100T100-7.mltl,0.0,7812.8,sat
/home/michele/mltlsat/Benchmarks/random0/P0.333333333333333N1L20M100T100-8.mltl,0.0,7800,unsat
/home/michele/mltlsat/Benchmarks/random0/P0.333333333333333N1L20M100T100-9.mltl,0.0,7786.4,sat
/home/michele/mltlsat/Benchmarks/random0/P0.333333333333333N1L25M100T100-10.mltl,0.0,7797.6,sat
/home/michele/mltlsat/Benchmarks/random0/P0.333333333333333N1L25M100T100-1.mltl,0.01,9317.6,sat
/home/michele/mltlsat/Benchmarks/random0/P0.333333333333333N1L25M100T100-2.mltl,0.0,7804.8,unsat
/home/michele/mltlsat/Benchmarks/random0/P0.333333333333333N1L25M100T100-3.mltl,0.0,7813.6,sat
/home/michele/mltlsat/Benchmarks/random0/P0.333333333333333N1L25M100T100-4.mltl,0.0,7780,sat
/home/michele/mltlsat/Benchmarks/random0/P0.333333333333333N1L25M100T100-5.mltl,0.0,7814.4,sat
/home/michele/mltlsat/Benchmarks/random0/P0.333333333333333N1L25M100T100-6.mltl,0.0,7851.2,sat
/home/michele/mltlsat/Benchmarks/random0/P0.333333333333333N1L25M100T100-7.mltl,0.014,9319.2,sat
/home/michele/mltlsat/Benchmarks/random0/P0.333333333333333N1L25M100T100-8.mltl,0.0,7806.4,sat
/home/michele/mltlsat/Benchmarks/random0/P0.333333333333333N1L25M100T100-9.mltl,0.0,7816,sat
/home/michele/mltlsat/Benchmarks/random0/P0.333333333333333N1L30M100T100-10.mltl,0.0,7792.8,sat
/home/michele/mltlsat/Benchmarks/random0/P0.333333333333333N1L30M100T100-1.mltl,0.0,7816,sat
/home/michele/mltlsat/Benchmarks/random0/P0.333333333333333N1L30M100T100-2.mltl,0.14,21336,sat
/home/michele/mltlsat/Benchmarks/random0/P0.333333333333333N1L30M100T100-3.mltl,0.0,7828,sat
/home/michele/mltlsat/Benchmarks/random0/P0.333333333333333N1L30M100T100-4.mltl,0.0,7768.8,sat
/home/michele/mltlsat/Benchmarks/random0/P0.333333333333333N1L30M100T100-5.mltl,0.0,7839.2,sat
/home/michele/mltlsat/Benchmarks/random0/P0.333333333333333N1L30M100T100-6.mltl,0.0,7816,unsat
/home/michele/mltlsat/Benchmarks/random0/P0.333333333333333N1L30M100T100-7.mltl,0.0,7475.2,sat
/home/michele/mltlsat/Benchmarks/random0/P0.333333333333333N1L30M100T100-8.mltl,0.0,9368.8,sat
/home/michele/mltlsat/Benchmarks/random0/P0.333333333333333N1L30M100T100-9.mltl,0.0,7813.6,sat
/home/michele/mltlsat/Benchmarks/random0/P0.333333333333333N1L35M100T100-10.mltl,0.0,7805.6,sat
/home/michele/mltlsat/Benchmarks/random0/P0.333333333333333N1L35M100T100-1.mltl,0.0,7771.2,sat
/home/michele/mltlsat/Benchmarks/random0/P0.333333333333333N1L35M100T100-2.mltl,0.0,7817.6,unsat
/home/michele/mltlsat/Benchmarks/random0/P0.333333333333333N1L35M100T100-3.mltl,0.0,7826.4,unsat
/home/michele/mltlsat/Benchmarks/random0/P0.333333333333333N1L35M100T100-4.mltl,0.0,7775.2,sat
/home/michele/mltlsat/Benchmarks/random0/P0.333333333333333N1L35M100T100-5.mltl,0.0,7796.8,sat
/home/michele/mltlsat/Benchmarks/random0/P0.333333333333333N1L35M100T100-6.mltl,0.0,7804.8,sat
/home/michele/mltlsat/Benchmarks/random0/P0.333333333333333N1L35M100T100-7.mltl,0.0,7804.8,sat
/home/michele/mltlsat/Benchmarks/random0/P0.333333333333333N1L35M100T100-8.mltl,0.0,7797.6,sat
/home/michele/mltlsat/Benchmarks/random0/P0.333333333333333N1L35M100T100-9.mltl,0.0,7796,sat
/home/michele/mltlsat/Benchmarks/random0/P0.333333333333333N1L40M100T100-10.mltl,0.0,7799.2,sat
/home/michele/mltlsat/Benchmarks/random0/P0.333333333333333N1L40M100T100-1.mltl,0.0,7529.6,sat
/home/michele/mltlsat/Benchmarks/random0/P0.333333333333333N1L40M100T100-2.mltl,0.002,7512,sat
/home/michele/mltlsat/Benchmarks/random0/P0.333333333333333N1L40M100T100-3.mltl,0.0,7805.6,sat
/home/michele/mltlsat/Benchmarks/random0/P0.333333333333333N1L40M100T100-4.mltl,0.0,9341.6,sat
/home/michele/mltlsat/Benchmarks/random0/P0.333333333333333N1L40M100T100-5.mltl,0.0,7808.8,sat
/home/michele/mltlsat/Benchmarks/random0/P0.333333333333333N1L40M100T100-6.mltl,0.0,7784.8,sat
/home/michele/mltlsat/Benchmarks/random0/P0.333333333333333N1L40M100T100-7.mltl,0.0,7820.8,sat
/home/michele/mltlsat/Benchmarks/random0/P0.333333333333333N1L40M100T100-8.mltl,0.0,7513.6,sat
/home/michele/mltlsat/Benchmarks/random0/P0.333333333333333N1L40M100T100-9.mltl,0.0,7787.2,sat
/home/michele/mltlsat/Benchmarks/random0/P0.333333333333333N1L45M100T100-10.mltl,0.0,7788,sat
/home/michele/mltlsat/Benchmarks/random0/P0.333333333333333N1L45M100T100-1.mltl,0.0,7472.8,unsat
/home/michele/mltlsat/Benchmarks/random0/P0.333333333333333N1L45M100T100-2.mltl,0.0,7820,sat
/home/michele/mltlsat/Benchmarks/random0/P0.333333333333333N1L45M100T100-3.mltl,0.0,7801.6,sat
/home/michele/mltlsat/Benchmarks/random0/P0.333333333333333N1L45M100T100-4.mltl,0.0,7801.6,sat
/home/michele/mltlsat/Benchmarks/random0/P0.333333333333333N1L45M100T100-5.mltl,0.0,7792.8,sat
/home/michele/mltlsat/Benchmarks/random0/P0.333333333333333N1L45M100T100-6.mltl,0.0,7805.6,sat
/home/michele/mltlsat/Benchmarks/random0/P0.333333333333333N1L45M100T100-7.mltl,0.0,7472.8,sat
/home/michele/mltlsat/Benchmarks/random0/P0.333333333333333N1L45M100T100-8.mltl,0.0,7789.6,sat
/home/michele/mltlsat/Benchmarks/random0/P0.333333333333333N1L45M100T100-9.mltl,0.0,7797.6,sat
/home/michele/mltlsat/Benchmarks/random0/P0.333333333333333N1L50M100T100-10.mltl,0.0,7819.2,sat
/home/michele/mltlsat/Benchmarks/random0/P0.333333333333333N1L50M100T100-1.mltl,0.0,7760.8,sat
/home/michele/mltlsat/Benchmarks/random0/P0.333333333333333N1L50M100T100-2.mltl,0.002,9351.2,sat
/home/michele/mltlsat/Benchmarks/random0/P0.333333333333333N1L50M100T100-3.mltl,0.0,7836,sat
/home/michele/mltlsat/Benchmarks/random0/P0.333333333333333N1L50M100T100-4.mltl,0.0,7496.8,sat
/home/michele/mltlsat/Benchmarks/random0/P0.333333333333333N1L50M100T100-5.mltl,0.0,7792,sat
/home/michele/mltlsat/Benchmarks/random0/P0.333333333333333N1L50M100T100-6.mltl,0.0,7777.6,sat
/home/michele/mltlsat/Benchmarks/random0/P0.333333333333333N1L50M100T100-7.mltl,0.0,7816.8,sat
/home/michele/mltlsat/Benchmarks/random0/P0.333333333333333N1L50M100T100-8.mltl,0.0,7787.2,unsat
/home/michele/mltlsat/Benchmarks/random0/P0.333333333333333N1L50M100T100-9.mltl,0.0,7824,sat
/home/michele/mltlsat/Benchmarks/random0/P0.333333333333333N1L55M100T100-10.mltl,0.0,7786.4,sat
/home/michele/mltlsat/Benchmarks/random0/P0.333333333333333N1L55M100T100-1.mltl,0.0,7803.2,sat
/home/michele/mltlsat/Benchmarks/random0/P0.333333333333333N1L55M100T100-2.mltl,0.0,7823.2,sat
/home/michele/mltlsat/Benchmarks/random0/P0.333333333333333N1L55M100T100-3.mltl,0.0,7816.8,sat
/home/michele/mltlsat/Benchmarks/random0/P0.333333333333333N1L55M100T100-4.mltl,0.0,7776.8,sat
/home/michele/mltlsat/Benchmarks/random0/P0.333333333333333N1L55M100T100-5.mltl,0.0,7790.4,unsat
/home/michele/mltlsat/Benchmarks/random0/P0.333333333333333N1L55M100T100-6.mltl,0.0,7799.2,unsat
/home/michele/mltlsat/Benchmarks/random0/P0.333333333333333N1L55M100T100-7.mltl,0.0,7802.4,sat
/home/michele/mltlsat/Benchmarks/random0/P0.333333333333333N1L55M100T100-8.mltl,0.004,10858.4,sat
/home/michele/mltlsat/Benchmarks/random0/P0.333333333333333N1L55M100T100-9.mltl,0.0,7804,sat
/home/michele/mltlsat/Benchmarks/random0/P0.333333333333333N1L5M100T100-10.mltl,0.0,7784.8,sat
/home/michele/mltlsat/Benchmarks/random0/P0.333333333333333N1L5M100T100-1.mltl,0.0,7797.6,sat
/home/michele/mltlsat/Benchmarks/random0/P0.333333333333333N1L5M100T100-2.mltl,0.0,7804,unsat
/home/michele/mltlsat/Benchmarks/random0/P0.333333333333333N1L5M100T100-3.mltl,0.0,7792.8,sat
/home/michele/mltlsat/Benchmarks/random0/P0.333333333333333N1L5M100T100-4.mltl,0.0,7808.8,sat
/home/michele/mltlsat/Benchmarks/random0/P0.333333333333333N1L5M100T100-5.mltl,0.0,7800.8,sat
/home/michele/mltlsat/Benchmarks/random0/P0.333333333333333N1L5M100T100-6.mltl,0.0,7162.4,sat
/home/michele/mltlsat/Benchmarks/random0/P0.333333333333333N1L5M100T100-7.mltl,0.0,7524.8,sat
/home/michele/mltlsat/Benchmarks/random0/P0.333333333333333N1L5M100T100-8.mltl,0.0,7800,sat
/home/michele/mltlsat/Benchmarks/random0/P0.333333333333333N1L5M100T100-9.mltl,0.0,7795.2,sat
/home/michele/mltlsat/Benchmarks/random0/P0.333333333333333N1L60M100T100-10.mltl,0.0,7823.2,sat
/home/michele/mltlsat/Benchmarks/random0/P0.333333333333333N1L60M100T100-1.mltl,0.0,7778.4,sat
/home/michele/mltlsat/Benchmarks/random0/P0.333333333333333N1L60M100T100-2.mltl,0.0,7815.2,sat
/home/michele/mltlsat/Benchmarks/random0/P0.333333333333333N1L60M100T100-3.mltl,0.0,7812.8,unsat
/home/michele/mltlsat/Benchmarks/random0/P0.333333333333333N1L60M100T100-4.mltl,0.0,7813.6,sat
/home/michele/mltlsat/Benchmarks/random0/P0.333333333333333N1L60M100T100-5.mltl,0.0,7802.4,unsat
/home/michele/mltlsat/Benchmarks/random0/P0.333333333333333N1L60M100T100-6.mltl,0.0,7794.4,unsat
/home/michele/mltlsat/Benchmarks/random0/P0.333333333333333N1L60M100T100-7.mltl,0.0,7519.2,sat
/home/michele/mltlsat/Benchmarks/random0/P0.333333333333333N1L60M100T100-8.mltl,0.0,9376,sat
/home/michele/mltlsat/Benchmarks/random0/P0.333333333333333N1L60M100T100-9.mltl,0.0,7794.4,sat
/home/michele/mltlsat/Benchmarks/random0/P0.333333333333333N1L65M100T100-10.mltl,0.0,7796,sat
/home/michele/mltlsat/Benchmarks/random0/P0.333333333333333N1L65M100T100-1.mltl,0.0,7787.2,sat
/home/michele/mltlsat/Benchmarks/random0/P0.333333333333333N1L65M100T100-2.mltl,0.0,7796.8,unsat
/home/michele/mltlsat/Benchmarks/random0/P0.333333333333333N1L65M100T100-3.mltl,0.0,7796,unsat
/home/michele/mltlsat/Benchmarks/random0/P0.333333333333333N1L65M100T100-4.mltl,0.0,7792.8,unsat
/home/michele/mltlsat/Benchmarks/random0/P0.333333333333333N1L65M100T100-5.mltl,0.012,9324.8,sat
/home/michele/mltlsat/Benchmarks/random0/P0.333333333333333N1L65M100T100-6.mltl,0.0,7785.6,unsat
/home/michele/mltlsat/Benchmarks/random0/P0.333333333333333N1L65M100T100-7.mltl,0.0,7766.4,sat
/home/michele/mltlsat/Benchmarks/random0/P0.333333333333333N1L65M100T100-8.mltl,0.0,9318.4,sat
/home/michele/mltlsat/Benchmarks/random0/P0.333333333333333N1L65M100T100-9.mltl,0.0,7812,sat
/home/michele/mltlsat/Benchmarks/random0/P0.333333333333333N1L70M100T100-10.mltl,0.0,7801.6,sat
/home/michele/mltlsat/Benchmarks/random0/P0.333333333333333N1L70M100T100-1.mltl,0.0,7825.6,sat
/home/michele/mltlsat/Benchmarks/random0/P0.333333333333333N1L70M100T100-2.mltl,0.0,7812,sat
/home/michele/mltlsat/Benchmarks/random0/P0.333333333333333N1L70M100T100-3.mltl,0.0,7830.4,sat
/home/michele/mltlsat/Benchmarks/random0/P0.333333333333333N1L70M100T100-4.mltl,0.004,10873.6,sat
/home/michele/mltlsat/Benchmarks/random0/P0.333333333333333N1L70M100T100-5.mltl,0.01,7783.2,unsat
/home/michele/mltlsat/Benchmarks/random0/P0.333333333333333N1L70M100T100-6.mltl,0.0,7778.4,sat
/home/michele/mltlsat/Benchmarks/random0/P0.333333333333333N1L70M100T100-7.mltl,0.0,7774.4,unsat
/home/michele/mltlsat/Benchmarks/random0/P0.333333333333333N1L70M100T100-8.mltl,0.0,7806.4,sat
/home/michele/mltlsat/Benchmarks/random0/P0.333333333333333N1L70M100T100-9.mltl,0.022,9342.4,unsat
/home/michele/mltlsat/Benchmarks/random0/P0.333333333333333N1L75M100T100-10.mltl,0.0,7812.8,sat
/home/michele/mltlsat/Benchmarks/random0/P0.333333333333333N1L75M100T100-1.mltl,0.0,7837.6,sat
/home/michele/mltlsat/Benchmarks/random0/P0.333333333333333N1L75M100T100-2.mltl,0.0,7800.8,sat
/home/michele/mltlsat/Benchmarks/random0/P0.333333333333333N1L75M100T100-3.mltl,0.0,7797.6,unsat
/home/michele/mltlsat/Benchmarks/random0/P0.333333333333333N1L75M100T100-4.mltl,0.0,7804.8,sat
/home/michele/mltlsat/Benchmarks/random0/P0.333333333333333N1L75M100T100-5.mltl,0.0,7784,sat
/home/michele/mltlsat/Benchmarks/random0/P0.333333333333333N1L75M100T100-6.mltl,0.0,7812.8,unsat
/home/michele/mltlsat/Benchmarks/random0/P0.333333333333333N1L75M100T100-7.mltl,0.0,7799.2,sat
/home/michele/mltlsat/Benchmarks/random0/P0.333333333333333N1L75M100T100-8.mltl,0.0,7804.8,sat
/home/michele/mltlsat/Benchmarks/random0/P0.333333333333333N1L75M100T100-9.mltl,0.01,9356,unsat
/home/michele/mltlsat/Benchmarks/random0/P0.333333333333333N1L80M100T100-10.mltl,0.0,7785.6,sat
/home/michele/mltlsat/Benchmarks/random0/P0.333333333333333N1L80M100T100-1.mltl,0.0,7797.6,sat
/home/michele/mltlsat/Benchmarks/random0/P0.333333333333333N1L80M100T100-2.mltl,-1,-1,TO
/home/michele/mltlsat/Benchmarks/random0/P0.333333333333333N1L80M100T100-3.mltl,0.0,7822.4,sat
/home/michele/mltlsat/Benchmarks/random0/P0.333333333333333N1L80M100T100-4.mltl,0.0,7815.2,sat
/home/michele/mltlsat/Benchmarks/random0/P0.333333333333333N1L80M100T100-5.mltl,0.0,7800,unsat
/home/michele/mltlsat/Benchmarks/random0/P0.333333333333333N1L80M100T100-6.mltl,0.01,9345.6,sat
/home/michele/mltlsat/Benchmarks/random0/P0.333333333333333N1L80M100T100-7.mltl,0.012,9323.2,unsat
/home/michele/mltlsat/Benchmarks/random0/P0.333333333333333N1L80M100T100-8.mltl,0.0,7798.4,sat
/home/michele/mltlsat/Benchmarks/random0/P0.333333333333333N1L80M100T100-9.mltl,0.0,7788,sat
/home/michele/mltlsat/Benchmarks/random0/P0.333333333333333N1L85M100T100-10.mltl,0.0,9336,sat
/home/michele/mltlsat/Benchmarks/random0/P0.333333333333333N1L85M100T100-1.mltl,0.0,7788.8,sat
/home/michele/mltlsat/Benchmarks/random0/P0.333333333333333N1L85M100T100-2.mltl,0.0,7484,sat
/home/michele/mltlsat/Benchmarks/random0/P0.333333333333333N1L85M100T100-3.mltl,0.0,7808.8,unsat
/home/michele/mltlsat/Benchmarks/random0/P0.333333333333333N1L85M100T100-4.mltl,0.0,7758.4,sat
/home/michele/mltlsat/Benchmarks/random0/P0.333333333333333N1L85M100T100-5.mltl,0.0,7822.4,sat
/home/michele/mltlsat/Benchmarks/random0/P0.333333333333333N1L85M100T100-6.mltl,0.0,7800,sat
/home/michele/mltlsat/Benchmarks/random0/P0.333333333333333N1L85M100T100-7.mltl,0.0,7789.6,sat
/home/michele/mltlsat/Benchmarks/random0/P0.333333333333333N1L85M100T100-8.mltl,0.0,7486.4,sat
/home/michele/mltlsat/Benchmarks/random0/P0.333333333333333N1L85M100T100-9.mltl,0.0,7812.8,sat
/home/michele/mltlsat/Benchmarks/random0/P0.333333333333333N1L90M100T100-10.mltl,0.0,7786.4,sat
/home/michele/mltlsat/Benchmarks/random0/P0.333333333333333N1L90M100T100-1.mltl,0.0,7796,sat
/home/michele/mltlsat/Benchmarks/random0/P0.333333333333333N1L90M100T100-2.mltl,0.006,9321.6,sat
/home/michele/mltlsat/Benchmarks/random0/P0.333333333333333N1L90M100T100-3.mltl,0.0,7814.4,unsat
/home/michele/mltlsat/Benchmarks/random0/P0.333333333333333N1L90M100T100-4.mltl,0.0,7821.6,sat
/home/michele/mltlsat/Benchmarks/random0/P0.333333333333333N1L90M100T100-5.mltl,0.0,9356.8,unsat
/home/michele/mltlsat/Benchmarks/random0/P0.333333333333333N1L90M100T100-6.mltl,0.0,7817.6,unsat
/home/michele/mltlsat/Benchmarks/random0/P0.333333333333333N1L90M100T100-7.mltl,0.0,7816.8,unsat
/home/michele/mltlsat/Benchmarks/random0/P0.333333333333333N1L90M100T100-8.mltl,0.0,7786.4,sat
/home/michele/mltlsat/Benchmarks/random0/P0.333333333333333N1L90M100T100-9.mltl,0.0,7482.4,sat
/home/michele/mltlsat/Benchmarks/random0/P0.333333333333333N1L95M100T100-10.mltl,0.0,7785.6,sat
/home/michele/mltlsat/Benchmarks/random0/P0.333333333333333N1L95M100T100-1.mltl,0.0,7800,unsat
/home/michele/mltlsat/Benchmarks/random0/P0.333333333333333N1L95M100T100-2.mltl,0.0,9302.4,sat
/home/michele/mltlsat/Benchmarks/random0/P0.333333333333333N1L95M100T100-3.mltl,0.0,7819.2,unsat
/home/michele/mltlsat/Benchmarks/random0/P0.333333333333333N1L95M100T100-4.mltl,0.012,13974.4,sat
/home/michele/mltlsat/Benchmarks/random0/P0.333333333333333N1L95M100T100-5.mltl,0.0,7818.4,sat
/home/michele/mltlsat/Benchmarks/random0/P0.333333333333333N1L95M100T100-6.mltl,0.01,9349.6,sat
/home/michele/mltlsat/Benchmarks/random0/P0.333333333333333N1L95M100T100-7.mltl,0.01,9352.8,sat
/home/michele/mltlsat/Benchmarks/random0/P0.333333333333333N1L95M100T100-8.mltl,0.0,7788,sat
/home/michele/mltlsat/Benchmarks/random0/P0.333333333333333N1L95M100T100-9.mltl,0.0,7815.2,unsat
/home/michele/mltlsat/Benchmarks/random0/P0.333333333333333N2L100M100T100-10.mltl,0.0,7780.8,sat
/home/michele/mltlsat/Benchmarks/random0/P0.333333333333333N2L100M100T100-1.mltl,0.0,7790.4,sat
/home/michele/mltlsat/Benchmarks/random0/P0.333333333333333N2L100M100T100-2.mltl,0.0,7788.8,sat
/home/michele/mltlsat/Benchmarks/random0/P0.333333333333333N2L100M100T100-3.mltl,0.0,7816.8,sat
/home/michele/mltlsat/Benchmarks/random0/P0.333333333333333N2L100M100T100-4.mltl,0.0,7784.8,sat
/home/michele/mltlsat/Benchmarks/random0/P0.333333333333333N2L100M100T100-5.mltl,0.0,7790.4,unsat
/home/michele/mltlsat/Benchmarks/random0/P0.333333333333333N2L100M100T100-6.mltl,0.0,7793.6,unsat
/home/michele/mltlsat/Benchmarks/random0/P0.333333333333333N2L100M100T100-7.mltl,0.0,9344,sat
/home/michele/mltlsat/Benchmarks/random0/P0.333333333333333N2L100M100T100-8.mltl,0.0,7796,sat
/home/michele/mltlsat/Benchmarks/random0/P0.333333333333333N2L100M100T100-9.mltl,0.0,7768.8,sat
/home/michele/mltlsat/Benchmarks/random0/P0.333333333333333N2L10M100T100-10.mltl,0.0,7811.2,sat
/home/michele/mltlsat/Benchmarks/random0/P0.333333333333333N2L10M100T100-1.mltl,0.0,7799.2,sat
/home/michele/mltlsat/Benchmarks/random0/P0.333333333333333N2L10M100T100-2.mltl,0.0,7801.6,sat
/home/michele/mltlsat/Benchmarks/random0/P0.333333333333333N2L10M100T100-3.mltl,0.01,9348,sat
/home/michele/mltlsat/Benchmarks/random0/P0.333333333333333N2L10M100T100-4.mltl,0.0,7832,sat
/home/michele/mltlsat/Benchmarks/random0/P0.333333333333333N2L10M100T100-5.mltl,0.0,7808.8,sat
/home/michele/mltlsat/Benchmarks/random0/P0.333333333333333N2L10M100T100-6.mltl,0.0,7791.2,sat
/home/michele/mltlsat/Benchmarks/random0/P0.333333333333333N2L10M100T100-7.mltl,0.0,7787.2,sat
/home/michele/mltlsat/Benchmarks/random0/P0.333333333333333N2L10M100T100-8.mltl,0.0,7770.4,unsat
/home/michele/mltlsat/Benchmarks/random0/P0.333333333333333N2L10M100T100-9.mltl,0.0,7801.6,sat
/home/michele/mltlsat/Benchmarks/random0/P0.333333333333333N2L15M100T100-10.mltl,0.0,7778.4,sat
/home/michele/mltlsat/Benchmarks/random0/P0.333333333333333N2L15M100T100-1.mltl,0.0,7820.8,sat
/home/michele/mltlsat/Benchmarks/random0/P0.333333333333333N2L15M100T100-2.mltl,0.0,7796.8,sat
/home/michele/mltlsat/Benchmarks/random0/P0.333333333333333N2L15M100T100-3.mltl,0.0,7811.2,unsat
/home/michele/mltlsat/Benchmarks/random0/P0.333333333333333N2L15M100T100-4.mltl,0.0,7822.4,sat
/home/michele/mltlsat/Benchmarks/random0/P0.333333333333333N2L15M100T100-5.mltl,0.0,7832,sat
/home/michele/mltlsat/Benchmarks/random0/P0.333333333333333N2L15M100T100-6.mltl,0.0,7824.8,sat
/home/michele/mltlsat/Benchmarks/random0/P0.333333333333333N2L15M100T100-7.mltl,0.0,7798.4,sat
/home/michele/mltlsat/Benchmarks/random0/P0.333333333333333N2L15M100T100-8.mltl,0.0,7816,sat
/home/michele/mltlsat/Benchmarks/random0/P0.333333333333333N2L15M100T100-9.mltl,0.0,7789.6,sat
/home/michele/mltlsat/Benchmarks/random0/P0.333333333333333N2L20M100T100-10.mltl,0.0,7783.2,sat
/home/michele/mltlsat/Benchmarks/random0/P0.333333333333333N2L20M100T100-1.mltl,0.0,7814.4,sat
/home/michele/mltlsat/Benchmarks/random0/P0.333333333333333N2L20M100T100-2.mltl,0.0,7778.4,sat
/home/michele/mltlsat/Benchmarks/random0/P0.333333333333333N2L20M100T100-3.mltl,0.0,7820,sat
/home/michele/mltlsat/Benchmarks/random0/P0.333333333333333N2L20M100T100-4.mltl,0.0,7822.4,unsat
/home/michele/mltlsat/Benchmarks/random0/P0.333333333333333N2L20M100T100-5.mltl,0.0,7820.8,unsat
/home/michele/mltlsat/Benchmarks/random0/P0.333333333333333N2L20M100T100-6.mltl,0.0,7492.8,sat
/home/michele/mltlsat/Benchmarks/random0/P0.333333333333333N2L20M100T100-7.mltl,0.0,7807.2,sat
/home/michele/mltlsat/Benchmarks/random0/P0.333333333333333N2L20M100T100-8.mltl,0.0,7804,unsat
/home/michele/mltlsat/Benchmarks/random0/P0.333333333333333N2L20M100T100-9.mltl,0.004,9340.8,sat
/home/michele/mltlsat/Benchmarks/random0/P0.333333333333333N2L25M100T100-10.mltl,0.0,7784.8,unsat
/home/michele/mltlsat/Benchmarks/random0/P0.333333333333333N2L25M100T100-1.mltl,0.0,7812.8,sat
/home/michele/mltlsat/Benchmarks/random0/P0.333333333333333N2L25M100T100-2.mltl,0.0,7801.6,sat
/home/michele/mltlsat/Benchmarks/random0/P0.333333333333333N2L25M100T100-3.mltl,0.0,7793.6,sat
/home/michele/mltlsat/Benchmarks/random0/P0.333333333333333N2L25M100T100-4.mltl,0.0,7798.4,sat
/home/michele/mltlsat/Benchmarks/random0/P0.333333333333333N2L25M100T100-5.mltl,0.0,7827.2,sat
/home/michele/mltlsat/Benchmarks/random0/P0.333333333333333N2L25M100T100-6.mltl,0.0,7792.8,sat
/home/michele/mltlsat/Benchmarks/random0/P0.333333333333333N2L25M100T100-7.mltl,0.0,7829.6,unsat
/home/michele/mltlsat/Benchmarks/random0/P0.333333333333333N2L25M100T100-8.mltl,0.0,7808,unsat
/home/michele/mltlsat/Benchmarks/random0/P0.333333333333333N2L25M100T100-9.mltl,0.01,9317.6,sat
/home/michele/mltlsat/Benchmarks/random0/P0.333333333333333N2L30M100T100-10.mltl,0.0,7794.4,sat
/home/michele/mltlsat/Benchmarks/random0/P0.333333333333333N2L30M100T100-1.mltl,0.0,7836,sat
/home/michele/mltlsat/Benchmarks/random0/P0.333333333333333N2L30M100T100-2.mltl,0.0,7816.8,sat
/home/michele/mltlsat/Benchmarks/random0/P0.333333333333333N2L30M100T100-3.mltl,0.0,7840,sat
/home/michele/mltlsat/Benchmarks/random0/P0.333333333333333N2L30M100T100-4.mltl,0.0,7798.4,sat
/home/michele/mltlsat/Benchmarks/random0/P0.333333333333333N2L30M100T100-5.mltl,0.0,9367.2,sat
/home/michele/mltlsat/Benchmarks/random0/P0.333333333333333N2L30M100T100-6.mltl,0.0,7809.6,sat
/home/michele/mltlsat/Benchmarks/random0/P0.333333333333333N2L30M100T100-7.mltl,0.0,7813.6,sat
/home/michele/mltlsat/Benchmarks/random0/P0.333333333333333N2L30M100T100-8.mltl,0.0,7827.2,unsat
/home/michele/mltlsat/Benchmarks/random0/P0.333333333333333N2L30M100T100-9.mltl,0.0,7792,unsat
/home/michele/mltlsat/Benchmarks/random0/P0.333333333333333N2L35M100T100-10.mltl,0.0,9353.6,sat
/home/michele/mltlsat/Benchmarks/random0/P0.333333333333333N2L35M100T100-1.mltl,0.0,7809.6,sat
/home/michele/mltlsat/Benchmarks/random0/P0.333333333333333N2L35M100T100-2.mltl,0.0,10593.6,sat
/home/michele/mltlsat/Benchmarks/random0/P0.333333333333333N2L35M100T100-3.mltl,0.0,7790.4,sat
/home/michele/mltlsat/Benchmarks/random0/P0.333333333333333N2L35M100T100-4.mltl,0.0,7780,sat
/home/michele/mltlsat/Benchmarks/random0/P0.333333333333333N2L35M100T100-5.mltl,0.0,7797.6,sat
/home/michele/mltlsat/Benchmarks/random0/P0.333333333333333N2L35M100T100-6.mltl,0.0,7815.2,sat
/home/michele/mltlsat/Benchmarks/random0/P0.333333333333333N2L35M100T100-7.mltl,29.846,368460.8,sat
/home/michele/mltlsat/Benchmarks/random0/P0.333333333333333N2L35M100T100-8.mltl,0.004,9343.2,sat
/home/michele/mltlsat/Benchmarks/random0/P0.333333333333333N2L35M100T100-9.mltl,0.0,7776,sat
/home/michele/mltlsat/Benchmarks/random0/P0.333333333333333N2L40M100T100-10.mltl,0.0,7782.4,unsat
/home/michele/mltlsat/Benchmarks/random0/P0.333333333333333N2L40M100T100-1.mltl,0.0,7811.2,sat
/home/michele/mltlsat/Benchmarks/random0/P0.333333333333333N2L40M100T100-2.mltl,0.0,7826.4,sat
/home/michele/mltlsat/Benchmarks/random0/P0.333333333333333N2L40M100T100-3.mltl,0.0,7783.2,unsat
/home/michele/mltlsat/Benchmarks/random0/P0.333333333333333N2L40M100T100-4.mltl,0.0,7503.2,sat
/home/michele/mltlsat/Benchmarks/random0/P0.333333333333333N2L40M100T100-5.mltl,0.0,7777.6,sat
/home/michele/mltlsat/Benchmarks/random0/P0.333333333333333N2L40M100T100-6.mltl,0.0,7829.6,unsat
/home/michele/mltlsat/Benchmarks/random0/P0.333333333333333N2L40M100T100-7.mltl,0.0,7784,sat
/home/michele/mltlsat/Benchmarks/random0/P0.333333333333333N2L40M100T100-8.mltl,0.0,7797.6,sat
/home/michele/mltlsat/Benchmarks/random0/P0.333333333333333N2L40M100T100-9.mltl,0.0,7803.2,sat
/home/michele/mltlsat/Benchmarks/random0/P0.333333333333333N2L45M100T100-10.mltl,0.0,7784,sat
/home/michele/mltlsat/Benchmarks/random0/P0.333333333333333N2L45M100T100-1.mltl,0.0,7782.4,sat
/home/michele/mltlsat/Benchmarks/random0/P0.333333333333333N2L45M100T100-2.mltl,0.0,7792,sat
/home/michele/mltlsat/Benchmarks/random0/P0.333333333333333N2L45M100T100-3.mltl,0.0,7829.6,sat
/home/michele/mltlsat/Benchmarks/random0/P0.333333333333333N2L45M100T100-4.mltl,0.0,7797.6,sat
/home/michele/mltlsat/Benchmarks/random0/P0.333333333333333N2L45M100T100-5.mltl,0.0,7791.2,sat
/home/michele/mltlsat/Benchmarks/random0/P0.333333333333333N2L45M100T100-6.mltl,0.0,7786.4,unsat
/home/michele/mltlsat/Benchmarks/random0/P0.333333333333333N2L45M100T100-7.mltl,0.0,7801.6,sat
/home/michele/mltlsat/Benchmarks/random0/P0.333333333333333N2L45M100T100-8.mltl,0.0,9312.8,sat
/home/michele/mltlsat/Benchmarks/random0/P0.333333333333333N2L45M100T100-9.mltl,0.0,9328.8,sat
/home/michele/mltlsat/Benchmarks/random0/P0.333333333333333N2L50M100T100-10.mltl,0.0,7794.4,sat
/home/michele/mltlsat/Benchmarks/random0/P0.333333333333333N2L50M100T100-1.mltl,0.0,7824.8,sat
/home/michele/mltlsat/Benchmarks/random0/P0.333333333333333N2L50M100T100-2.mltl,0.0,10875.2,sat
/home/michele/mltlsat/Benchmarks/random0/P0.333333333333333N2L50M100T100-3.mltl,0.0,7856,sat
/home/michele/mltlsat/Benchmarks/random0/P0.333333333333333N2L50M100T100-4.mltl,0.0,7813.6,sat
/home/michele/mltlsat/Benchmarks/random0/P0.333333333333333N2L50M100T100-5.mltl,0.0,7808.8,sat
/home/michele/mltlsat/Benchmarks/random0/P0.333333333333333N2L50M100T100-6.mltl,0.0,7811.2,sat
/home/michele/mltlsat/Benchmarks/random0/P0.333333333333333N2L50M100T100-7.mltl,0.02,12400.8,sat
/home/michele/mltlsat/Benchmarks/random0/P0.333333333333333N2L50M100T100-8.mltl,0.0,7796.8,sat
/home/michele/mltlsat/Benchmarks/random0/P0.333333333333333N2L50M100T100-9.mltl,0.02,9324.8,sat
/home/michele/mltlsat/Benchmarks/random0/P0.333333333333333N2L55M100T100-10.mltl,0.012,9356,sat
/home/michele/mltlsat/Benchmarks/random0/P0.333333333333333N2L55M100T100-1.mltl,0.0,7812.8,sat
/home/michele/mltlsat/Benchmarks/random0/P0.333333333333333N2L55M100T100-2.mltl,0.0,7799.2,sat
/home/michele/mltlsat/Benchmarks/random0/P0.333333333333333N2L55M100T100-3.mltl,0.0,7804,sat
/home/michele/mltlsat/Benchmarks/random0/P0.333333333333333N2L55M100T100-4.mltl,0.0,7488,sat
/home/michele/mltlsat/Benchmarks/random0/P0.333333333333333N2L55M100T100-5.mltl,-1,-1,TO
/home/michele/mltlsat/Benchmarks/random0/P0.333333333333333N2L55M100T100-6.mltl,0.0,7779.2,sat
/home/michele/mltlsat/Benchmarks/random0/P0.333333333333333N2L55M100T100-7.mltl,0.0,9340,sat
/home/michele/mltlsat/Benchmarks/random0/P0.333333333333333N2L55M100T100-8.mltl,-1,-1,TO
/home/michele/mltlsat/Benchmarks/random0/P0.333333333333333N2L55M100T100-9.mltl,0.0,7811.2,sat
/home/michele/mltlsat/Benchmarks/random0/P0.333333333333333N2L5M100T100-10.mltl,0.0,7840,sat
/home/michele/mltlsat/Benchmarks/random0/P0.333333333333333N2L5M100T100-1.mltl,0.0,7812.8,sat
/home/michele/mltlsat/Benchmarks/random0/P0.333333333333333N2L5M100T100-2.mltl,0.0,7804,sat
/home/michele/mltlsat/Benchmarks/random0/P0.333333333333333N2L5M100T100-3.mltl,0.0,7775.2,sat
/home/michele/mltlsat/Benchmarks/random0/P0.333333333333333N2L5M100T100-4.mltl,0.0,7796.8,sat
/home/michele/mltlsat/Benchmarks/random0/P0.333333333333333N2L5M100T100-5.mltl,0.0,7789.6,sat
/home/michele/mltlsat/Benchmarks/random0/P0.333333333333333N2L5M100T100-6.mltl,0.0,7788,sat
/home/michele/mltlsat/Benchmarks/random0/P0.333333333333333N2L5M100T100-7.mltl,0.0,7779.2,sat
/home/michele/mltlsat/Benchmarks/random0/P0.333333333333333N2L5M100T100-8.mltl,0.0,7792.8,sat
/home/michele/mltlsat/Benchmarks/random0/P0.333333333333333N2L5M100T100-9.mltl,0.0,7795.2,sat
/home/michele/mltlsat/Benchmarks/random0/P0.333333333333333N2L60M100T100-10.mltl,0.01,12407.2,sat
/home/michele/mltlsat/Benchmarks/random0/P0.333333333333333N2L60M100T100-1.mltl,0.02,10850.4,sat
/home/michele/mltlsat/Benchmarks/random0/P0.333333333333333N2L60M100T100-2.mltl,0.0,7811.2,sat
/home/michele/mltlsat/Benchmarks/random0/P0.333333333333333N2L60M100T100-3.mltl,0.0,7480,sat
/home/michele/mltlsat/Benchmarks/random0/P0.333333333333333N2L60M100T100-4.mltl,0.0,7808.8,sat
/home/michele/mltlsat/Benchmarks/random0/P0.333333333333333N2L60M100T100-5.mltl,0.0,7807.2,unsat
/home/michele/mltlsat/Benchmarks/random0/P0.333333333333333N2L60M100T100-6.mltl,0.0,7771.2,sat
/home/michele/mltlsat/Benchmarks/random0/P0.333333333333333N2L60M100T100-7.mltl,0.0,9319.2,sat
/home/michele/mltlsat/Benchmarks/random0/P0.333333333333333N2L60M100T100-8.mltl,0.0,7820,sat
/home/michele/mltlsat/Benchmarks/random0/P0.333333333333333N2L60M100T100-9.mltl,0.0,7802.4,sat
/home/michele/mltlsat/Benchmarks/random0/P0.333333333333333N2L65M100T100-10.mltl,0.01,9352,sat
/home/michele/mltlsat/Benchmarks/random0/P0.333333333333333N2L65M100T100-1.mltl,0.0,7804.8,unsat
/home/michele/mltlsat/Benchmarks/random0/P0.333333333333333N2L65M100T100-2.mltl,0.0,7809.6,sat
/home/michele/mltlsat/Benchmarks/random0/P0.333333333333333N2L65M100T100-3.mltl,0.0,7805.6,sat
/home/michele/mltlsat/Benchmarks/random0/P0.333333333333333N2L65M100T100-4.mltl,0.0,7776.8,sat
/home/michele/mltlsat/Benchmarks/random0/P0.333333333333333N2L65M100T100-5.mltl,0.0,7801.6,unsat
/home/michele/mltlsat/Benchmarks/random0/P0.333333333333333N2L65M100T100-6.mltl,0.0,7823.2,sat
/home/michele/mltlsat/Benchmarks/random0/P0.333333333333333N2L65M100T100-7.mltl,0.0,7806.4,sat
/home/michele/mltlsat/Benchmarks/random0/P0.333333333333333N2L65M100T100-8.mltl,0.0,7794.4,sat
/home/michele/mltlsat/Benchmarks/random0/P0.333333333333333N2L65M100T100-9.mltl,0.0,9360.8,sat
/home/michele/mltlsat/Benchmarks/random0/P0.333333333333333N2L70M100T100-10.mltl,0.0,7495.2,sat
/home/michele/mltlsat/Benchmarks/random0/P0.333333333333333N2L70M100T100-1.mltl,0.056,18247.2,sat
/home/michele/mltlsat/Benchmarks/random0/P0.333333333333333N2L70M100T100-2.mltl,0.0,7816.8,sat
/home/michele/mltlsat/Benchmarks/random0/P0.333333333333333N2L70M100T100-3.mltl,0.0,9335.2,sat
/home/michele/mltlsat/Benchmarks/random0/P0.333333333333333N2L70M100T100-4.mltl,0.0,7791.2,sat
/home/michele/mltlsat/Benchmarks/random0/P0.333333333333333N2L70M100T100-5.mltl,0.0,7798.4,sat
/home/michele/mltlsat/Benchmarks/random0/P0.333333333333333N2L70M100T100-6.mltl,0.0,7801.6,sat
/home/michele/mltlsat/Benchmarks/random0/P0.333333333333333N2L70M100T100-7.mltl,0.0,7799.2,sat
/home/michele/mltlsat/Benchmarks/random0/P0.333333333333333N2L70M100T100-8.mltl,0.0,7816,unsat
/home/michele/mltlsat/Benchmarks/random0/P0.333333333333333N2L70M100T100-9.mltl,0.01,9324.8,sat
/home/michele/mltlsat/Benchmarks/random0/P0.333333333333333N2L75M100T100-10.mltl,0.04,13944,sat
/home/michele/mltlsat/Benchmarks/random0/P0.333333333333333N2L75M100T100-1.mltl,0.0,7815.2,sat
/home/michele/mltlsat/Benchmarks/random0/P0.333333333333333N2L75M100T100-2.mltl,0.0,7791.2,sat
/home/michele/mltlsat/Benchmarks/random0/P0.333333333333333N2L75M100T100-3.mltl,0.0,7819.2,sat
/home/michele/mltlsat/Benchmarks/random0/P0.333333333333333N2L75M100T100-4.mltl,0.0,7807.2,sat
/home/michele/mltlsat/Benchmarks/random0/P0.333333333333333N2L75M100T100-5.mltl,0.0,9347.2,sat
/home/michele/mltlsat/Benchmarks/random0/P0.333333333333333N2L75M100T100-6.mltl,0.0,7767.2,sat
/home/michele/mltlsat/Benchmarks/random0/P0.333333333333333N2L75M100T100-7.mltl,0.0,7788,sat
/home/michele/mltlsat/Benchmarks/random0/P0.333333333333333N2L75M100T100-8.mltl,0.0,7825.6,sat
/home/michele/mltlsat/Benchmarks/random0/P0.333333333333333N2L75M100T100-9.mltl,0.0,7837.6,sat
/home/michele/mltlsat/Benchmarks/random0/P0.333333333333333N2L80M100T100-10.mltl,0.394,10885.6,sat
/home/michele/mltlsat/Benchmarks/random0/P0.333333333333333N2L80M100T100-1.mltl,0.0,7808.8,sat
/home/michele/mltlsat/Benchmarks/random0/P0.333333333333333N2L80M100T100-2.mltl,0.0,7798.4,sat
/home/michele/mltlsat/Benchmarks/random0/P0.333333333333333N2L80M100T100-3.mltl,0.0,7797.6,sat
/home/michele/mltlsat/Benchmarks/random0/P0.333333333333333N2L80M100T100-4.mltl,0.006,9343.2,unsat
/home/michele/mltlsat/Benchmarks/random0/P0.333333333333333N2L80M100T100-5.mltl,0.0,7785.6,sat
/home/michele/mltlsat/Benchmarks/random0/P0.333333333333333N2L80M100T100-6.mltl,0.002,9024,sat
/home/michele/mltlsat/Benchmarks/random0/P0.333333333333333N2L80M100T100-7.mltl,0.0,9022.4,sat
/home/michele/mltlsat/Benchmarks/random0/P0.333333333333333N2L80M100T100-8.mltl,0.0,9343.2,sat
/home/michele/mltlsat/Benchmarks/random0/P0.333333333333333N2L80M100T100-9.mltl,0.0,7770.4,sat
/home/michele/mltlsat/Benchmarks/random0/P0.333333333333333N2L85M100T100-10.mltl,0.0,7776.8,sat
/home/michele/mltlsat/Benchmarks/random0/P0.333333333333333N2L85M100T100-1.mltl,0.0,7785.6,sat
/home/michele/mltlsat/Benchmarks/random0/P0.333333333333333N2L85M100T100-2.mltl,0.0,7796.8,sat
/home/michele/mltlsat/Benchmarks/random0/P0.333333333333333N2L85M100T100-3.mltl,0.0,7832,unsat
/home/michele/mltlsat/Benchmarks/random0/P0.333333333333333N2L85M100T100-4.mltl,0.0,7827.2,sat
/home/michele/mltlsat/Benchmarks/random0/P0.333333333333333N2L85M100T100-5.mltl,0.0,7813.6,sat
/home/michele/mltlsat/Benchmarks/random0/P0.333333333333333N2L85M100T100-6.mltl,0.0,7797.6,sat
/home/michele/mltlsat/Benchmarks/random0/P0.333333333333333N2L85M100T100-7.mltl,0.0,7804.8,sat
/home/michele/mltlsat/Benchmarks/random0/P0.333333333333333N2L85M100T100-8.mltl,0.0,7799.2,unsat
/home/michele/mltlsat/Benchmarks/random0/P0.333333333333333N2L85M100T100-9.mltl,0.0,7831.2,unsat
/home/michele/mltlsat/Benchmarks/random0/P0.333333333333333N2L90M100T100-10.mltl,0.0,7788.8,sat
/home/michele/mltlsat/Benchmarks/random0/P0.333333333333333N2L90M100T100-1.mltl,0.0,10875.2,sat
/home/michele/mltlsat/Benchmarks/random0/P0.333333333333333N2L90M100T100-2.mltl,0.0,7804.8,sat
/home/michele/mltlsat/Benchmarks/random0/P0.333333333333333N2L90M100T100-3.mltl,0.0,7808,sat
/home/michele/mltlsat/Benchmarks/random0/P0.333333333333333N2L90M100T100-4.mltl,0.0,7821.6,sat
/home/michele/mltlsat/Benchmarks/random0/P0.333333333333333N2L90M100T100-5.mltl,0.0,7802.4,sat
/home/michele/mltlsat/Benchmarks/random0/P0.333333333333333N2L90M100T100-6.mltl,0.0,7810.4,sat
/home/michele/mltlsat/Benchmarks/random0/P0.333333333333333N2L90M100T100-7.mltl,0.0,7812,sat
/home/michele/mltlsat/Benchmarks/random0/P0.333333333333333N2L90M100T100-8.mltl,0.0,7813.6,sat
/home/michele/mltlsat/Benchmarks/random0/P0.333333333333333N2L90M100T100-9.mltl,0.0,7827.2,sat
/home/michele/mltlsat/Benchmarks/random0/P0.333333333333333N2L95M100T100-10.mltl,0.01,10878.4,sat
/home/michele/mltlsat/Benchmarks/random0/P0.333333333333333N2L95M100T100-1.mltl,0.0,9342.4,sat
/home/michele/mltlsat/Benchmarks/random0/P0.333333333333333N2L95M100T100-2.mltl,0.04,15456.8,sat
/home/michele/mltlsat/Benchmarks/random0/P0.333333333333333N2L95M100T100-3.mltl,-1,-1,TO
/home/michele/mltlsat/Benchmarks/random0/P0.333333333333333N2L95M100T100-4.mltl,-1,-1,TO
/home/michele/mltlsat/Benchmarks/random0/P0.333333333333333N2L95M100T100-5.mltl,0.0,7808.8,sat
/home/michele/mltlsat/Benchmarks/random0/P0.333333333333333N2L95M100T100-6.mltl,0.0,7797.6,sat
/home/michele/mltlsat/Benchmarks/random0/P0.333333333333333N2L95M100T100-7.mltl,0.0,9371.2,sat
/home/michele/mltlsat/Benchmarks/random0/P0.333333333333333N2L95M100T100-8.mltl,0.0,7817.6,sat
/home/michele/mltlsat/Benchmarks/random0/P0.333333333333333N2L95M100T100-9.mltl,0.0,7808,unsat
/home/michele/mltlsat/Benchmarks/random0/P0.333333333333333N3L100M100T100-10.mltl,0.0,7816,sat
/home/michele/mltlsat/Benchmarks/random0/P0.333333333333333N3L100M100T100-1.mltl,0.0,7797.6,sat
/home/michele/mltlsat/Benchmarks/random0/P0.333333333333333N3L100M100T100-2.mltl,0.0,7789.6,sat
/home/michele/mltlsat/Benchmarks/random0/P0.333333333333333N3L100M100T100-3.mltl,0.002,9360.8,sat
/home/michele/mltlsat/Benchmarks/random0/P0.333333333333333N3L100M100T100-4.mltl,0.012,9364.8,sat
/home/michele/mltlsat/Benchmarks/random0/P0.333333333333333N3L100M100T100-5.mltl,0.0,7785.6,sat
/home/michele/mltlsat/Benchmarks/random0/P0.333333333333333N3L100M100T100-6.mltl,0.0,7812,sat
/home/michele/mltlsat/Benchmarks/random0/P0.333333333333333N3L100M100T100-7.mltl,0.0,7827.2,unsat
/home/michele/mltlsat/Benchmarks/random0/P0.333333333333333N3L100M100T100-8.mltl,0.01,13937.6,sat
/home/michele/mltlsat/Benchmarks/random0/P0.333333333333333N3L100M100T100-9.mltl,0.0,7820.8,unsat
/home/michele/mltlsat/Benchmarks/random0/P0.333333333333333N3L10M100T100-10.mltl,0.0,7791.2,unsat
/home/michele/mltlsat/Benchmarks/random0/P0.333333333333333N3L10M100T100-1.mltl,0.0,7790.4,sat
/home/michele/mltlsat/Benchmarks/random0/P0.333333333333333N3L10M100T100-2.mltl,0.0,7477.6,sat
/home/michele/mltlsat/Benchmarks/random0/P0.333333333333333N3L10M100T100-3.mltl,0.0,7813.6,sat
/home/michele/mltlsat/Benchmarks/random0/P0.333333333333333N3L10M100T100-4.mltl,0.0,7782.4,sat
/home/michele/mltlsat/Benchmarks/random0/P0.333333333333333N3L10M100T100-5.mltl,0.0,7803.2,sat
/home/michele/mltlsat/Benchmarks/random0/P0.333333333333333N3L10M100T100-6.mltl,0.0,7774.4,sat
/home/michele/mltlsat/Benchmarks/random0/P0.333333333333333N3L10M100T100-7.mltl,0.0,7815.2,sat
/home/michele/mltlsat/Benchmarks/random0/P0.333333333333333N3L10M100T100-8.mltl,0.0,7810.4,sat
/home/michele/mltlsat/Benchmarks/random0/P0.333333333333333N3L10M100T100-9.mltl,0.0,7810.4,sat
/home/michele/mltlsat/Benchmarks/random0/P0.333333333333333N3L15M100T100-10.mltl,0.0,7780.8,sat
/home/michele/mltlsat/Benchmarks/random0/P0.333333333333333N3L15M100T100-1.mltl,0.0,7484.8,sat
/home/michele/mltlsat/Benchmarks/random0/P0.333333333333333N3L15M100T100-2.mltl,0.0,7789.6,sat
/home/michele/mltlsat/Benchmarks/random0/P0.333333333333333N3L15M100T100-3.mltl,0.036,12415.2,sat
/home/michele/mltlsat/Benchmarks/random0/P0.333333333333333N3L15M100T100-4.mltl,0.0,7808.8,sat
/home/michele/mltlsat/Benchmarks/random0/P0.333333333333333N3L15M100T100-5.mltl,0.0,7807.2,sat
/home/michele/mltlsat/Benchmarks/random0/P0.333333333333333N3L15M100T100-6.mltl,0.0,7814.4,sat
/home/michele/mltlsat/Benchmarks/random0/P0.333333333333333N3L15M100T100-7.mltl,0.0,9334.4,sat
/home/michele/mltlsat/Benchmarks/random0/P0.333333333333333N3L15M100T100-8.mltl,0.0,7794.4,sat
/home/michele/mltlsat/Benchmarks/random0/P0.333333333333333N3L15M100T100-9.mltl,0.0,7775.2,sat
/home/michele/mltlsat/Benchmarks/random0/P0.333333333333333N3L20M100T100-10.mltl,0.0,7807.2,sat
/home/michele/mltlsat/Benchmarks/random0/P0.333333333333333N3L20M100T100-1.mltl,0.0,7784,sat
/home/michele/mltlsat/Benchmarks/random0/P0.333333333333333N3L20M100T100-2.mltl,0.0,8736.8,sat
/home/michele/mltlsat/Benchmarks/random0/P0.333333333333333N3L20M100T100-3.mltl,0.0,7808.8,sat
/home/michele/mltlsat/Benchmarks/random0/P0.333333333333333N3L20M100T100-4.mltl,0.0,7821.6,sat
/home/michele/mltlsat/Benchmarks/random0/P0.333333333333333N3L20M100T100-5.mltl,0.0,7784.8,sat
/home/michele/mltlsat/Benchmarks/random0/P0.333333333333333N3L20M100T100-6.mltl,0.0,7799.2,sat
/home/michele/mltlsat/Benchmarks/random0/P0.333333333333333N3L20M100T100-7.mltl,0.0,7797.6,sat
/home/michele/mltlsat/Benchmarks/random0/P0.333333333333333N3L20M100T100-8.mltl,0.0,7804.8,sat
/home/michele/mltlsat/Benchmarks/random0/P0.333333333333333N3L20M100T100-9.mltl,0.0,7815.2,sat
/home/michele/mltlsat/Benchmarks/random0/P0.333333333333333N3L25M100T100-10.mltl,0.0,7805.6,sat
/home/michele/mltlsat/Benchmarks/random0/P0.333333333333333N3L25M100T100-1.mltl,0.0,7801.6,sat
/home/michele/mltlsat/Benchmarks/random0/P0.333333333333333N3L25M100T100-2.mltl,0.0,7796.8,sat
/home/michele/mltlsat/Benchmarks/random0/P0.333333333333333N3L25M100T100-3.mltl,0.0,7793.6,sat
/home/michele/mltlsat/Benchmarks/random0/P0.333333333333333N3L25M100T100-4.mltl,0.0,7798.4,sat
/home/michele/mltlsat/Benchmarks/random0/P0.333333333333333N3L25M100T100-5.mltl,0.0,7805.6,sat
/home/michele/mltlsat/Benchmarks/random0/P0.333333333333333N3L25M100T100-6.mltl,0.0,7806.4,sat
/home/michele/mltlsat/Benchmarks/random0/P0.333333333333333N3L25M100T100-7.mltl,0.0,7825.6,unsat
/home/michele/mltlsat/Benchmarks/random0/P0.333333333333333N3L25M100T100-8.mltl,0.0,7812.8,sat
/home/michele/mltlsat/Benchmarks/random0/P0.333333333333333N3L25M100T100-9.mltl,0.0,7822.4,unsat
/home/michele/mltlsat/Benchmarks/random0/P0.333333333333333N3L30M100T100-10.mltl,0.0,7808.8,sat
/home/michele/mltlsat/Benchmarks/random0/P0.333333333333333N3L30M100T100-1.mltl,0.0,7828,sat
/home/michele/mltlsat/Benchmarks/random0/P0.333333333333333N3L30M100T100-2.mltl,0.0,7814.4,sat
/home/michele/mltlsat/Benchmarks/random0/P0.333333333333333N3L30M100T100-3.mltl,0.0,7843.2,sat
/home/michele/mltlsat/Benchmarks/random0/P0.333333333333333N3L30M100T100-4.mltl,0.0,7500,sat
/home/michele/mltlsat/Benchmarks/random0/P0.333333333333333N3L30M100T100-5.mltl,0.0,7834.4,sat
/home/michele/mltlsat/Benchmarks/random0/P0.333333333333333N3L30M100T100-6.mltl,0.0,7802.4,sat
/home/michele/mltlsat/Benchmarks/random0/P0.333333333333333N3L30M100T100-7.mltl,0.0,7811.2,sat
/home/michele/mltlsat/Benchmarks/random0/P0.333333333333333N3L30M100T100-8.mltl,0.0,7816,sat
/home/michele/mltlsat/Benchmarks/random0/P0.333333333333333N3L30M100T100-9.mltl,0.0,7771.2,sat
/home/michele/mltlsat/Benchmarks/random0/P0.333333333333333N3L35M100T100-10.mltl,0.0,7855.2,sat
/home/michele/mltlsat/Benchmarks/random0/P0.333333333333333N3L35M100T100-1.mltl,0.0,7791.2,sat
/home/michele/mltlsat/Benchmarks/random0/P0.333333333333333N3L35M100T100-2.mltl,0.0,7796.8,sat
/home/michele/mltlsat/Benchmarks/random0/P0.333333333333333N3L35M100T100-3.mltl,0.016,10887.2,sat
/home/michele/mltlsat/Benchmarks/random0/P0.333333333333333N3L35M100T100-4.mltl,0.994,42825.6,sat
/home/michele/mltlsat/Benchmarks/random0/P0.333333333333333N3L35M100T100-5.mltl,0.0,7807.2,sat
/home/michele/mltlsat/Benchmarks/random0/P0.333333333333333N3L35M100T100-6.mltl,0.0,7809.6,sat
/home/michele/mltlsat/Benchmarks/random0/P0.333333333333333N3L35M100T100-7.mltl,0.002,9342.4,sat
/home/michele/mltlsat/Benchmarks/random0/P0.333333333333333N3L35M100T100-8.mltl,0.02,10902.4,sat
/home/michele/mltlsat/Benchmarks/random0/P0.333333333333333N3L35M100T100-9.mltl,0.192,27777.6,sat
/home/michele/mltlsat/Benchmarks/random0/P0.333333333333333N3L40M100T100-10.mltl,0.0,7792,unsat
/home/michele/mltlsat/Benchmarks/random0/P0.333333333333333N3L40M100T100-1.mltl,0.0,7791.2,sat
/home/michele/mltlsat/Benchmarks/random0/P0.333333333333333N3L40M100T100-2.mltl,0.0,7796.8,sat
/home/michele/mltlsat/Benchmarks/random0/P0.333333333333333N3L40M100T100-3.mltl,0.0,7809.6,sat
/home/michele/mltlsat/Benchmarks/random0/P0.333333333333333N3L40M100T100-4.mltl,0.0,7809.6,sat
/home/michele/mltlsat/Benchmarks/random0/P0.333333333333333N3L40M100T100-5.mltl,0.0,7808,sat
/home/michele/mltlsat/Benchmarks/random0/P0.333333333333333N3L40M100T100-6.mltl,0.0,7789.6,sat
/home/michele/mltlsat/Benchmarks/random0/P0.333333333333333N3L40M100T100-7.mltl,0.01,10888,sat
/home/michele/mltlsat/Benchmarks/random0/P0.333333333333333N3L40M100T100-8.mltl,0.0,7786.4,sat
/home/michele/mltlsat/Benchmarks/random0/P0.333333333333333N3L40M100T100-9.mltl,0.0,7824,sat
/home/michele/mltlsat/Benchmarks/random0/P0.333333333333333N3L45M100T100-10.mltl,0.0,7805.6,sat
/home/michele/mltlsat/Benchmarks/random0/P0.333333333333333N3L45M100T100-1.mltl,0.0,9330.4,sat
/home/michele/mltlsat/Benchmarks/random0/P0.333333333333333N3L45M100T100-2.mltl,0.0,7494.4,sat
/home/michele/mltlsat/Benchmarks/random0/P0.333333333333333N3L45M100T100-3.mltl,0.0,7801.6,sat
/home/michele/mltlsat/Benchmarks/random0/P0.333333333333333N3L45M100T100-4.mltl,0.0,7794.4,unsat
/home/michele/mltlsat/Benchmarks/random0/P0.333333333333333N3L45M100T100-5.mltl,0.0,7808,sat
/home/michele/mltlsat/Benchmarks/random0/P0.333333333333333N3L45M100T100-6.mltl,0.0,7791.2,sat
/home/michele/mltlsat/Benchmarks/random0/P0.333333333333333N3L45M100T100-7.mltl,0.0,7815.2,sat
/home/michele/mltlsat/Benchmarks/random0/P0.333333333333333N3L45M100T100-8.mltl,0.0,7808,sat
/home/michele/mltlsat/Benchmarks/random0/P0.333333333333333N3L45M100T100-9.mltl,0.0,7807.2,sat
/home/michele/mltlsat/Benchmarks/random0/P0.333333333333333N3L50M100T100-10.mltl,0.0,7792.8,sat
/home/michele/mltlsat/Benchmarks/random0/P0.333333333333333N3L50M100T100-1.mltl,0.0,9326.4,sat
/home/michele/mltlsat/Benchmarks/random0/P0.333333333333333N3L50M100T100-2.mltl,0.0,7808,unsat
/home/michele/mltlsat/Benchmarks/random0/P0.333333333333333N3L50M100T100-3.mltl,0.05,11485.6,sat
/home/michele/mltlsat/Benchmarks/random0/P0.333333333333333N3L50M100T100-4.mltl,0.0,7478.4,sat
/home/michele/mltlsat/Benchmarks/random0/P0.333333333333333N3L50M100T100-5.mltl,0.0,7805.6,sat
/home/michele/mltlsat/Benchmarks/random0/P0.333333333333333N3L50M100T100-6.mltl,0.0,7510.4,sat
/home/michele/mltlsat/Benchmarks/random0/P0.333333333333333N3L50M100T100-7.mltl,0.0,7799.2,sat
/home/michele/mltlsat/Benchmarks/random0/P0.333333333333333N3L50M100T100-8.mltl,0.0,7820,unsat
/home/michele/mltlsat/Benchmarks/random0/P0.333333333333333N3L50M100T100-9.mltl,0.0,7780,sat
/home/michele/mltlsat/Benchmarks/random0/P0.333333333333333N3L55M100T100-10.mltl,0.0,7791.2,sat
/home/michele/mltlsat/Benchmarks/random0/P0.333333333333333N3L55M100T100-1.mltl,0.0,7823.2,sat
/home/michele/mltlsat/Benchmarks/random0/P0.333333333333333N3L55M100T100-2.mltl,0.0,7816.8,sat
/home/michele/mltlsat/Benchmarks/random0/P0.333333333333333N3L55M100T100-3.mltl,0.0,7815.2,sat
/home/michele/mltlsat/Benchmarks/random0/P0.333333333333333N3L55M100T100-4.mltl,0.0,7819.2,unsat
/home/michele/mltlsat/Benchmarks/random0/P0.333333333333333N3L55M100T100-5.mltl,0.0,7782.4,sat
/home/michele/mltlsat/Benchmarks/random0/P0.333333333333333N3L55M100T100-6.mltl,0.0,7819.2,sat
/home/michele/mltlsat/Benchmarks/random0/P0.333333333333333N3L55M100T100-7.mltl,0.0,7795.2,sat
/home/michele/mltlsat/Benchmarks/random0/P0.333333333333333N3L55M100T100-8.mltl,0.0,7821.6,sat
/home/michele/mltlsat/Benchmarks/random0/P0.333333333333333N3L55M100T100-9.mltl,0.0,7813.6,sat
/home/michele/mltlsat/Benchmarks/random0/P0.333333333333333N3L5M100T100-10.mltl,0.0,7801.6,sat
/home/michele/mltlsat/Benchmarks/random0/P0.333333333333333N3L5M100T100-1.mltl,0.0,7788,sat
/home/michele/mltlsat/Benchmarks/random0/P0.333333333333333N3L5M100T100-2.mltl,0.0,7814.4,sat
/home/michele/mltlsat/Benchmarks/random0/P0.333333333333333N3L5M100T100-3.mltl,0.0,7800,sat
/home/michele/mltlsat/Benchmarks/random0/P0.333333333333333N3L5M100T100-4.mltl,0.0,7781.6,sat
/home/michele/mltlsat/Benchmarks/random0/P0.333333333333333N3L5M100T100-5.mltl,0.0,7825.6,sat
/home/michele/mltlsat/Benchmarks/random0/P0.333333333333333N3L5M100T100-6.mltl,0.0,7812.8,sat
/home/michele/mltlsat/Benchmarks/random0/P0.333333333333333N3L5M100T100-7.mltl,0.0,7804.8,sat
/home/michele/mltlsat/Benchmarks/random0/P0.333333333333333N3L5M100T100-8.mltl,0.0,7804.8,sat
/home/michele/mltlsat/Benchmarks/random0/P0.333333333333333N3L5M100T100-9.mltl,0.0,7802.4,sat
/home/michele/mltlsat/Benchmarks/random0/P0.333333333333333N3L60M100T100-10.mltl,0.0,7822.4,sat
/home/michele/mltlsat/Benchmarks/random0/P0.333333333333333N3L60M100T100-1.mltl,0.0,7803.2,sat
/home/michele/mltlsat/Benchmarks/random0/P0.333333333333333N3L60M100T100-2.mltl,0.0,7787.2,unsat
/home/michele/mltlsat/Benchmarks/random0/P0.333333333333333N3L60M100T100-3.mltl,0.0,7792.8,sat
/home/michele/mltlsat/Benchmarks/random0/P0.333333333333333N3L60M100T100-4.mltl,0.0,7824,sat
/home/michele/mltlsat/Benchmarks/random0/P0.333333333333333N3L60M100T100-5.mltl,0.132,9028,sat
/home/michele/mltlsat/Benchmarks/random0/P0.333333333333333N3L60M100T100-6.mltl,0.0,7792,sat
/home/michele/mltlsat/Benchmarks/random0/P0.333333333333333N3L60M100T100-7.mltl,0.0,7800,unsat
/home/michele/mltlsat/Benchmarks/random0/P0.333333333333333N3L60M100T100-8.mltl,0.0,9321.6,sat
/home/michele/mltlsat/Benchmarks/random0/P0.333333333333333N3L60M100T100-9.mltl,0.01,10871.2,sat
/home/michele/mltlsat/Benchmarks/random0/P0.333333333333333N3L65M100T100-10.mltl,0.0,7775.2,sat
/home/michele/mltlsat/Benchmarks/random0/P0.333333333333333N3L65M100T100-1.mltl,0.0,7817.6,unsat
/home/michele/mltlsat/Benchmarks/random0/P0.333333333333333N3L65M100T100-2.mltl,0.0,7500,sat
/home/michele/mltlsat/Benchmarks/random0/P0.333333333333333N3L65M100T100-3.mltl,0.0,7824.8,unsat
/home/michele/mltlsat/Benchmarks/random0/P0.333333333333333N3L65M100T100-4.mltl,0.0,9340.8,sat
/home/michele/mltlsat/Benchmarks/random0/P0.333333333333333N3L65M100T100-5.mltl,0.0,7798.4,sat
/home/michele/mltlsat/Benchmarks/random0/P0.333333333333333N3L65M100T100-6.mltl,0.0,7808.8,sat
/home/michele/mltlsat/Benchmarks/random0/P0.333333333333333N3L65M100T100-7.mltl,0.0,9336.8,sat
/home/michele/mltlsat/Benchmarks/random0/P0.333333333333333N3L65M100T100-8.mltl,0.0,7834.4,sat
/home/michele/mltlsat/Benchmarks/random0/P0.333333333333333N3L65M100T100-9.mltl,0.0,7815.2,sat
/home/michele/mltlsat/Benchmarks/random0/P0.333333333333333N3L70M100T100-10.mltl,0.0,7796.8,sat
/home/michele/mltlsat/Benchmarks/random0/P0.333333333333333N3L70M100T100-1.mltl,0.008,7798.4,unsat
/home/michele/mltlsat/Benchmarks/random0/P0.333333333333333N3L70M100T100-2.mltl,0.0,7797.6,sat
/home/michele/mltlsat/Benchmarks/random0/P0.333333333333333N3L70M100T100-3.mltl,0.0,7794.4,sat
/home/michele/mltlsat/Benchmarks/random0/P0.333333333333333N3L70M100T100-4.mltl,0.0,7799.2,sat
/home/michele/mltlsat/Benchmarks/random0/P0.333333333333333N3L70M100T100-5.mltl,0.0,7804,sat
/home/michele/mltlsat/Benchmarks/random0/P0.333333333333333N3L70M100T100-6.mltl,0.0,7806.4,sat
/home/michele/mltlsat/Benchmarks/random0/P0.333333333333333N3L70M100T100-7.mltl,0.05,20091.2,sat
/home/michele/mltlsat/Benchmarks/random0/P0.333333333333333N3L70M100T100-8.mltl,0.02,12401.6,sat
/home/michele/mltlsat/Benchmarks/random0/P0.333333333333333N3L70M100T100-9.mltl,0.0,7811.2,sat
/home/michele/mltlsat/Benchmarks/random0/P0.333333333333333N3L75M100T100-10.mltl,0.0,7828.8,sat
/home/michele/mltlsat/Benchmarks/random0/P0.333333333333333N3L75M100T100-1.mltl,0.0,7772,sat
/home/michele/mltlsat/Benchmarks/random0/P0.333333333333333N3L75M100T100-2.mltl,0.0,7796.8,sat
/home/michele/mltlsat/Benchmarks/random0/P0.333333333333333N3L75M100T100-3.mltl,0.0,7788,unsat
/home/michele/mltlsat/Benchmarks/random0/P0.333333333333333N3L75M100T100-4.mltl,0.0,7795.2,sat
/home/michele/mltlsat/Benchmarks/random0/P0.333333333333333N3L75M100T100-5.mltl,0.0,7810.4,unsat
/home/michele/mltlsat/Benchmarks/random0/P0.333333333333333N3L75M100T100-6.mltl,0.002,9352,sat
/home/michele/mltlsat/Benchmarks/random0/P0.333333333333333N3L75M100T100-7.mltl,0.0,7791.2,sat
/home/michele/mltlsat/Benchmarks/random0/P0.333333333333333N3L75M100T100-8.mltl,0.05,21615.2,sat
/home/michele/mltlsat/Benchmarks/random0/P0.333333333333333N3L75M100T100-9.mltl,0.1,24698.4,sat
/home/michele/mltlsat/Benchmarks/random0/P0.333333333333333N3L80M100T100-10.mltl,0.0,7791.2,sat
/home/michele/mltlsat/Benchmarks/random0/P0.333333333333333N3L80M100T100-1.mltl,0.214,68584,sat
/home/michele/mltlsat/Benchmarks/random0/P0.333333333333333N3L80M100T100-2.mltl,0.0,7802.4,sat
/home/michele/mltlsat/Benchmarks/random0/P0.333333333333333N3L80M100T100-3.mltl,0.0,7828,sat
/home/michele/mltlsat/Benchmarks/random0/P0.333333333333333N3L80M100T100-4.mltl,0.034,13931.2,sat
/home/michele/mltlsat/Benchmarks/random0/P0.333333333333333N3L80M100T100-5.mltl,0.0,9336.8,sat
/home/michele/mltlsat/Benchmarks/random0/P0.333333333333333N3L80M100T100-6.mltl,0.008,10841.6,sat
/home/michele/mltlsat/Benchmarks/random0/P0.333333333333333N3L80M100T100-7.mltl,0.0,7835.2,unsat
/home/michele/mltlsat/Benchmarks/random0/P0.333333333333333N3L80M100T100-8.mltl,0.01,9358.4,sat
/home/michele/mltlsat/Benchmarks/random0/P0.333333333333333N3L80M100T100-9.mltl,0.0,7798.4,sat
/home/michele/mltlsat/Benchmarks/random0/P0.333333333333333N3L85M100T100-10.mltl,0.0,7806.4,sat
/home/michele/mltlsat/Benchmarks/random0/P0.333333333333333N3L85M100T100-1.mltl,0.01,7802.4,unsat
/home/michele/mltlsat/Benchmarks/random0/P0.333333333333333N3L85M100T100-2.mltl,0.0,7804.8,sat
/home/michele/mltlsat/Benchmarks/random0/P0.333333333333333N3L85M100T100-3.mltl,0.0,7783.2,sat
/home/michele/mltlsat/Benchmarks/random0/P0.333333333333333N3L85M100T100-4.mltl,-1,-1,TO
/home/michele/mltlsat/Benchmarks/random0/P0.333333333333333N3L85M100T100-5.mltl,0.0,7848,unsat
/home/michele/mltlsat/Benchmarks/random0/P0.333333333333333N3L85M100T100-6.mltl,0.0,7812,sat
/home/michele/mltlsat/Benchmarks/random0/P0.333333333333333N3L85M100T100-7.mltl,0.01,13936,sat
/home/michele/mltlsat/Benchmarks/random0/P0.333333333333333N3L85M100T100-8.mltl,0.01,10876.8,sat
/home/michele/mltlsat/Benchmarks/random0/P0.333333333333333N3L85M100T100-9.mltl,0.0,7800.8,sat
/home/michele/mltlsat/Benchmarks/random0/P0.333333333333333N3L90M100T100-10.mltl,0.0,7774.4,sat
/home/michele/mltlsat/Benchmarks/random0/P0.333333333333333N3L90M100T100-1.mltl,0.0,7798.4,sat
/home/michele/mltlsat/Benchmarks/random0/P0.333333333333333N3L90M100T100-2.mltl,0.0,7782.4,sat
/home/michele/mltlsat/Benchmarks/random0/P0.333333333333333N3L90M100T100-3.mltl,0.0,7820.8,sat
/home/michele/mltlsat/Benchmarks/random0/P0.333333333333333N3L90M100T100-4.mltl,0.0,7788,sat
/home/michele/mltlsat/Benchmarks/random0/P0.333333333333333N3L90M100T100-5.mltl,0.0,7783.2,sat
/home/michele/mltlsat/Benchmarks/random0/P0.333333333333333N3L90M100T100-6.mltl,0.0,7810.4,sat
/home/michele/mltlsat/Benchmarks/random0/P0.333333333333333N3L90M100T100-7.mltl,0.0,9330.4,sat
/home/michele/mltlsat/Benchmarks/random0/P0.333333333333333N3L90M100T100-8.mltl,0.0,7792,sat
/home/michele/mltlsat/Benchmarks/random0/P0.333333333333333N3L90M100T100-9.mltl,0.0,7784.8,unsat
/home/michele/mltlsat/Benchmarks/random0/P0.333333333333333N3L95M100T100-10.mltl,0.0,7784,sat
/home/michele/mltlsat/Benchmarks/random0/P0.333333333333333N3L95M100T100-1.mltl,0.0,7813.6,sat
/home/michele/mltlsat/Benchmarks/random0/P0.333333333333333N3L95M100T100-2.mltl,0.0,7794.4,sat
/home/michele/mltlsat/Benchmarks/random0/P0.333333333333333N3L95M100T100-3.mltl,0.0,7784,sat
/home/michele/mltlsat/Benchmarks/random0/P0.333333333333333N3L95M100T100-4.mltl,0.0,7836,sat
/home/michele/mltlsat/Benchmarks/random0/P0.333333333333333N3L95M100T100-5.mltl,0.01,10879.2,sat
/home/michele/mltlsat/Benchmarks/random0/P0.333333333333333N3L95M100T100-6.mltl,0.0,7789.6,sat
/home/michele/mltlsat/Benchmarks/random0/P0.333333333333333N3L95M100T100-7.mltl,0.0,7806.4,unsat
/home/michele/mltlsat/Benchmarks/random0/P0.333333333333333N3L95M100T100-8.mltl,0.0,7780.8,sat
/home/michele/mltlsat/Benchmarks/random0/P0.333333333333333N3L95M100T100-9.mltl,0.01,9332,sat
/home/michele/mltlsat/Benchmarks/random0/P0.333333333333333N4L100M100T100-10.mltl,0.0,7841.6,sat
/home/michele/mltlsat/Benchmarks/random0/P0.333333333333333N4L100M100T100-1.mltl,0.0,7488,sat
/home/michele/mltlsat/Benchmarks/random0/P0.333333333333333N4L100M100T100-2.mltl,0.0,7784,sat
/home/michele/mltlsat/Benchmarks/random0/P0.333333333333333N4L100M100T100-3.mltl,0.0,7817.6,sat
/home/michele/mltlsat/Benchmarks/random0/P0.333333333333333N4L100M100T100-4.mltl,0.0,7808.8,sat
/home/michele/mltlsat/Benchmarks/random0/P0.333333333333333N4L100M100T100-5.mltl,0.02,10851.2,sat
/home/michele/mltlsat/Benchmarks/random0/P0.333333333333333N4L100M100T100-6.mltl,0.0,7807.2,sat
/home/michele/mltlsat/Benchmarks/random0/P0.333333333333333N4L100M100T100-7.mltl,0.0,7803.2,sat
/home/michele/mltlsat/Benchmarks/random0/P0.333333333333333N4L100M100T100-8.mltl,0.024,10880,sat
/home/michele/mltlsat/Benchmarks/random0/P0.333333333333333N4L100M100T100-9.mltl,0.0,7832.8,sat
/home/michele/mltlsat/Benchmarks/random0/P0.333333333333333N4L10M100T100-10.mltl,0.0,7785.6,sat
/home/michele/mltlsat/Benchmarks/random0/P0.333333333333333N4L10M100T100-1.mltl,0.0,7832.8,sat
/home/michele/mltlsat/Benchmarks/random0/P0.333333333333333N4L10M100T100-2.mltl,0.0,7793.6,sat
/home/michele/mltlsat/Benchmarks/random0/P0.333333333333333N4L10M100T100-3.mltl,0.0,7820.8,sat
/home/michele/mltlsat/Benchmarks/random0/P0.333333333333333N4L10M100T100-4.mltl,0.0,7824.8,sat
/home/michele/mltlsat/Benchmarks/random0/P0.333333333333333N4L10M100T100-5.mltl,0.0,7797.6,unsat
/home/michele/mltlsat/Benchmarks/random0/P0.333333333333333N4L10M100T100-6.mltl,0.0,7835.2,sat
/home/michele/mltlsat/Benchmarks/random0/P0.333333333333333N4L10M100T100-7.mltl,0.0,7797.6,sat
/home/michele/mltlsat/Benchmarks/random0/P0.333333333333333N4L10M100T100-8.mltl,0.0,9366.4,sat
/home/michele/mltlsat/Benchmarks/random0/P0.333333333333333N4L10M100T100-9.mltl,0.0,7809.6,sat
/home/michele/mltlsat/Benchmarks/random0/P0.333333333333333N4L15M100T100-10.mltl,0.0,7799.2,sat
/home/michele/mltlsat/Benchmarks/random0/P0.333333333333333N4L15M100T100-1.mltl,0.0,7799.2,sat
/home/michele/mltlsat/Benchmarks/random0/P0.333333333333333N4L15M100T100-2.mltl,0.0,7796,sat
/home/michele/mltlsat/Benchmarks/random0/P0.333333333333333N4L15M100T100-3.mltl,0.0,7789.6,sat
/home/michele/mltlsat/Benchmarks/random0/P0.333333333333333N4L15M100T100-4.mltl,0.0,7800,unsat
/home/michele/mltlsat/Benchmarks/random0/P0.333333333333333N4L15M100T100-5.mltl,0.0,7788,sat
/home/michele/mltlsat/Benchmarks/random0/P0.333333333333333N4L15M100T100-6.mltl,0.012,10918.4,sat
/home/michele/mltlsat/Benchmarks/random0/P0.333333333333333N4L15M100T100-7.mltl,0.0,7810.4,sat
/home/michele/mltlsat/Benchmarks/random0/P0.333333333333333N4L15M100T100-8.mltl,0.0,7504.8,sat
/home/michele/mltlsat/Benchmarks/random0/P0.333333333333333N4L15M100T100-9.mltl,0.0,7814.4,sat
/home/michele/mltlsat/Benchmarks/random0/P0.333333333333333N4L20M100T100-10.mltl,0.0,7798.4,sat
/home/michele/mltlsat/Benchmarks/random0/P0.333333333333333N4L20M100T100-1.mltl,0.0,7806.4,sat
/home/michele/mltlsat/Benchmarks/random0/P0.333333333333333N4L20M100T100-2.mltl,0.0,7807.2,sat
/home/michele/mltlsat/Benchmarks/random0/P0.333333333333333N4L20M100T100-3.mltl,0.0,7812,sat
/home/michele/mltlsat/Benchmarks/random0/P0.333333333333333N4L20M100T100-4.mltl,0.0,7792.8,sat
/home/michele/mltlsat/Benchmarks/random0/P0.333333333333333N4L20M100T100-5.mltl,0.0,7479.2,sat
/home/michele/mltlsat/Benchmarks/random0/P0.333333333333333N4L20M100T100-6.mltl,0.0,7817.6,sat
/home/michele/mltlsat/Benchmarks/random0/P0.333333333333333N4L20M100T100-7.mltl,0.0,7801.6,sat
/home/michele/mltlsat/Benchmarks/random0/P0.333333333333333N4L20M100T100-8.mltl,0.0,7787.2,sat
/home/michele/mltlsat/Benchmarks/random0/P0.333333333333333N4L20M100T100-9.mltl,0.0,9313.6,sat
/home/michele/mltlsat/Benchmarks/random0/P0.333333333333333N4L25M100T100-10.mltl,0.0,7805.6,sat
/home/michele/mltlsat/Benchmarks/random0/P0.333333333333333N4L25M100T100-1.mltl,0.0,7821.6,sat
/home/michele/mltlsat/Benchmarks/random0/P0.333333333333333N4L25M100T100-2.mltl,0.0,7785.6,unsat
/home/michele/mltlsat/Benchmarks/random0/P0.333333333333333N4L25M100T100-3.mltl,0.0,7500.8,sat
/home/michele/mltlsat/Benchmarks/random0/P0.333333333333333N4L25M100T100-4.mltl,0.0,7800.8,sat
/home/michele/mltlsat/Benchmarks/random0/P0.333333333333333N4L25M100T100-5.mltl,0.0,7809.6,sat
/home/michele/mltlsat/Benchmarks/random0/P0.333333333333333N4L25M100T100-6.mltl,0.0,7793.6,sat
/home/michele/mltlsat/Benchmarks/random0/P0.333333333333333N4L25M100T100-7.mltl,0.0,7772.8,sat
/home/michele/mltlsat/Benchmarks/random0/P0.333333333333333N4L25M100T100-8.mltl,0.0,7829.6,sat
/home/michele/mltlsat/Benchmarks/random0/P0.333333333333333N4L25M100T100-9.mltl,0.0,7812,sat
/home/michele/mltlsat/Benchmarks/random0/P0.333333333333333N4L30M100T100-10.mltl,0.01,9324,sat
/home/michele/mltlsat/Benchmarks/random0/P0.333333333333333N4L30M100T100-1.mltl,0.0,7797.6,sat
/home/michele/mltlsat/Benchmarks/random0/P0.333333333333333N4L30M100T100-2.mltl,0.0,7820.8,sat
/home/michele/mltlsat/Benchmarks/random0/P0.333333333333333N4L30M100T100-3.mltl,0.0,7823.2,sat
/home/michele/mltlsat/Benchmarks/random0/P0.333333333333333N4L30M100T100-4.mltl,0.0,7806.4,sat
/home/michele/mltlsat/Benchmarks/random0/P0.333333333333333N4L30M100T100-5.mltl,1.582,60014.4,sat
/home/michele/mltlsat/Benchmarks/random0/P0.333333333333333N4L30M100T100-6.mltl,0.0,7782.4,sat
/home/michele/mltlsat/Benchmarks/random0/P0.333333333333333N4L30M100T100-7.mltl,0.0,7789.6,sat
/home/michele/mltlsat/Benchmarks/random0/P0.333333333333333N4L30M100T100-8.mltl,0.0,7800.8,sat
/home/michele/mltlsat/Benchmarks/random0/P0.333333333333333N4L30M100T100-9.mltl,0.0,7771.2,sat
/home/michele/mltlsat/Benchmarks/random0/P0.333333333333333N4L35M100T100-10.mltl,0.0,7780.8,sat
/home/michele/mltlsat/Benchmarks/random0/P0.333333333333333N4L35M100T100-1.mltl,0.0,7796,sat
/home/michele/mltlsat/Benchmarks/random0/P0.333333333333333N4L35M100T100-2.mltl,0.0,7780,sat
/home/michele/mltlsat/Benchmarks/random0/P0.333333333333333N4L35M100T100-3.mltl,0.0,7811.2,sat
/home/michele/mltlsat/Benchmarks/random0/P0.333333333333333N4L35M100T100-4.mltl,0.0,7797.6,sat
/home/michele/mltlsat/Benchmarks/random0/P0.333333333333333N4L35M100T100-5.mltl,0.0,7806.4,sat
/home/michele/mltlsat/Benchmarks/random0/P0.333333333333333N4L35M100T100-6.mltl,0.0,7808,sat
/home/michele/mltlsat/Benchmarks/random0/P0.333333333333333N4L35M100T100-7.mltl,0.0,7802.4,sat
/home/michele/mltlsat/Benchmarks/random0/P0.333333333333333N4L35M100T100-8.mltl,0.0,7770.4,sat
/home/michele/mltlsat/Benchmarks/random0/P0.333333333333333N4L35M100T100-9.mltl,0.01,10860.8,sat
/home/michele/mltlsat/Benchmarks/random0/P0.333333333333333N4L40M100T100-10.mltl,0.0,7822.4,unsat
/home/michele/mltlsat/Benchmarks/random0/P0.333333333333333N4L40M100T100-1.mltl,0.0,7810.4,unsat
/home/michele/mltlsat/Benchmarks/random0/P0.333333333333333N4L40M100T100-2.mltl,0.0,7832,sat
/home/michele/mltlsat/Benchmarks/random0/P0.333333333333333N4L40M100T100-3.mltl,0.0,7808,sat
/home/michele/mltlsat/Benchmarks/random0/P0.333333333333333N4L40M100T100-4.mltl,0.0,7799.2,sat
/home/michele/mltlsat/Benchmarks/random0/P0.333333333333333N4L40M100T100-5.mltl,2.89,73864,sat
/home/michele/mltlsat/Benchmarks/random0/P0.333333333333333N4L40M100T100-6.mltl,0.0,7788.8,sat
/home/michele/mltlsat/Benchmarks/random0/P0.333333333333333N4L40M100T100-7.mltl,0.0,7798.4,sat
/home/michele/mltlsat/Benchmarks/random0/P0.333333333333333N4L40M100T100-8.mltl,0.0,7782.4,sat
/home/michele/mltlsat/Benchmarks/random0/P0.333333333333333N4L40M100T100-9.mltl,0.0,7833.6,unsat
/home/michele/mltlsat/Benchmarks/random0/P0.333333333333333N4L45M100T100-10.mltl,0.01,10862.4,sat
/home/michele/mltlsat/Benchmarks/random0/P0.333333333333333N4L45M100T100-1.mltl,0.0,7814.4,sat
/home/michele/mltlsat/Benchmarks/random0/P0.333333333333333N4L45M100T100-2.mltl,0.0,7822.4,sat
/home/michele/mltlsat/Benchmarks/random0/P0.333333333333333N4L45M100T100-3.mltl,0.0,9348,sat
/home/michele/mltlsat/Benchmarks/random0/P0.333333333333333N4L45M100T100-4.mltl,0.0,7814.4,sat
/home/michele/mltlsat/Benchmarks/random0/P0.333333333333333N4L45M100T100-5.mltl,0.0,7807.2,sat
/home/michele/mltlsat/Benchmarks/random0/P0.333333333333333N4L45M100T100-6.mltl,0.0,7798.4,sat
/home/michele/mltlsat/Benchmarks/random0/P0.333333333333333N4L45M100T100-7.mltl,0.0,7794.4,unsat
/home/michele/mltlsat/Benchmarks/random0/P0.333333333333333N4L45M100T100-8.mltl,0.0,7812.8,sat
/home/michele/mltlsat/Benchmarks/random0/P0.333333333333333N4L45M100T100-9.mltl,0.0,7807.2,sat
/home/michele/mltlsat/Benchmarks/random0/P0.333333333333333N4L50M100T100-10.mltl,0.0,7805.6,sat
/home/michele/mltlsat/Benchmarks/random0/P0.333333333333333N4L50M100T100-1.mltl,0.008,9367.2,sat
/home/michele/mltlsat/Benchmarks/random0/P0.333333333333333N4L50M100T100-2.mltl,0.0,7805.6,sat
/home/michele/mltlsat/Benchmarks/random0/P0.333333333333333N4L50M100T100-3.mltl,0.02,10872.8,sat
/home/michele/mltlsat/Benchmarks/random0/P0.333333333333333N4L50M100T100-4.mltl,0.0,7810.4,unsat
/home/michele/mltlsat/Benchmarks/random0/P0.333333333333333N4L50M100T100-5.mltl,0.0,7801.6,sat
/home/michele/mltlsat/Benchmarks/random0/P0.333333333333333N4L50M100T100-6.mltl,0.0,7779.2,sat
/home/michele/mltlsat/Benchmarks/random0/P0.333333333333333N4L50M100T100-7.mltl,0.0,7784,sat
/home/michele/mltlsat/Benchmarks/random0/P0.333333333333333N4L50M100T100-8.mltl,0.0,7812,sat
/home/michele/mltlsat/Benchmarks/random0/P0.333333333333333N4L50M100T100-9.mltl,0.02,13956,sat
/home/michele/mltlsat/Benchmarks/random0/P0.333333333333333N4L55M100T100-10.mltl,0.0,7810.4,sat
/home/michele/mltlsat/Benchmarks/random0/P0.333333333333333N4L55M100T100-1.mltl,0.0,7819.2,sat
/home/michele/mltlsat/Benchmarks/random0/P0.333333333333333N4L55M100T100-2.mltl,0.06,15483.2,sat
/home/michele/mltlsat/Benchmarks/random0/P0.333333333333333N4L55M100T100-3.mltl,0.0,7789.6,sat
/home/michele/mltlsat/Benchmarks/random0/P0.333333333333333N4L55M100T100-4.mltl,0.01,8740,sat
/home/michele/mltlsat/Benchmarks/random0/P0.333333333333333N4L55M100T100-5.mltl,0.0,9327.2,sat
/home/michele/mltlsat/Benchmarks/random0/P0.333333333333333N4L55M100T100-6.mltl,0.0,7768,sat
/home/michele/mltlsat/Benchmarks/random0/P0.333333333333333N4L55M100T100-7.mltl,0.01,12400,sat
/home/michele/mltlsat/Benchmarks/random0/P0.333333333333333N4L55M100T100-8.mltl,0.0,7809.6,sat
/home/michele/mltlsat/Benchmarks/random0/P0.333333333333333N4L55M100T100-9.mltl,0.0,7794.4,sat
/home/michele/mltlsat/Benchmarks/random0/P0.333333333333333N4L5M100T100-10.mltl,0.0,7795.2,sat
/home/michele/mltlsat/Benchmarks/random0/P0.333333333333333N4L5M100T100-1.mltl,0.0,7825.6,sat
/home/michele/mltlsat/Benchmarks/random0/P0.333333333333333N4L5M100T100-2.mltl,0.0,7783.2,sat
/home/michele/mltlsat/Benchmarks/random0/P0.333333333333333N4L5M100T100-3.mltl,0.0,7483.2,unsat
/home/michele/mltlsat/Benchmarks/random0/P0.333333333333333N4L5M100T100-4.mltl,0.0,7834.4,sat
/home/michele/mltlsat/Benchmarks/random0/P0.333333333333333N4L5M100T100-5.mltl,0.0,7817.6,sat
/home/michele/mltlsat/Benchmarks/random0/P0.333333333333333N4L5M100T100-6.mltl,0.0,7805.6,sat
/home/michele/mltlsat/Benchmarks/random0/P0.333333333333333N4L5M100T100-7.mltl,0.0,7808,sat
/home/michele/mltlsat/Benchmarks/random0/P0.333333333333333N4L5M100T100-8.mltl,0.0,7811.2,sat
/home/michele/mltlsat/Benchmarks/random0/P0.333333333333333N4L5M100T100-9.mltl,0.0,7801.6,sat
/home/michele/mltlsat/Benchmarks/random0/P0.333333333333333N4L60M100T100-10.mltl,0.0,7808.8,sat
/home/michele/mltlsat/Benchmarks/random0/P0.333333333333333N4L60M100T100-1.mltl,0.0,7804,sat
/home/michele/mltlsat/Benchmarks/random0/P0.333333333333333N4L60M100T100-2.mltl,0.0,9336.8,sat
/home/michele/mltlsat/Benchmarks/random0/P0.333333333333333N4L60M100T100-3.mltl,0.0,7791.2,sat
/home/michele/mltlsat/Benchmarks/random0/P0.333333333333333N4L60M100T100-4.mltl,0.0,7820,sat
/home/michele/mltlsat/Benchmarks/random0/P0.333333333333333N4L60M100T100-5.mltl,0.0,7804,sat
/home/michele/mltlsat/Benchmarks/random0/P0.333333333333333N4L60M100T100-6.mltl,0.0,7792,sat
/home/michele/mltlsat/Benchmarks/random0/P0.333333333333333N4L60M100T100-7.mltl,0.0,7784,sat
/home/michele/mltlsat/Benchmarks/random0/P0.333333333333333N4L60M100T100-8.mltl,0.0,7798.4,sat
/home/michele/mltlsat/Benchmarks/random0/P0.333333333333333N4L60M100T100-9.mltl,0.0,7783.2,sat
/home/michele/mltlsat/Benchmarks/random0/P0.333333333333333N4L65M100T100-10.mltl,7.434,153712.8,sat
/home/michele/mltlsat/Benchmarks/random0/P0.333333333333333N4L65M100T100-1.mltl,0.0,10914.4,sat
/home/michele/mltlsat/Benchmarks/random0/P0.333333333333333N4L65M100T100-2.mltl,0.0,7784.8,sat
/home/michele/mltlsat/Benchmarks/random0/P0.333333333333333N4L65M100T100-3.mltl,0.002,10884.8,sat
/home/michele/mltlsat/Benchmarks/random0/P0.333333333333333N4L65M100T100-4.mltl,0.0,9331.2,sat
/home/michele/mltlsat/Benchmarks/random0/P0.333333333333333N4L65M100T100-5.mltl,0.082,21616,sat
/home/michele/mltlsat/Benchmarks/random0/P0.333333333333333N4L65M100T100-6.mltl,0.0,7799.2,sat
/home/michele/mltlsat/Benchmarks/random0/P0.333333333333333N4L65M100T100-7.mltl,0.0,7772,unsat
/home/michele/mltlsat/Benchmarks/random0/P0.333333333333333N4L65M100T100-8.mltl,0.0,7799.2,sat
/home/michele/mltlsat/Benchmarks/random0/P0.333333333333333N4L65M100T100-9.mltl,0.0,7837.6,sat
/home/michele/mltlsat/Benchmarks/random0/P0.333333333333333N4L70M100T100-10.mltl,-1,-1,TO
/home/michele/mltlsat/Benchmarks/random0/P0.333333333333333N4L70M100T100-1.mltl,0.0,7789.6,sat
/home/michele/mltlsat/Benchmarks/random0/P0.333333333333333N4L70M100T100-2.mltl,0.0,7803.2,sat
/home/michele/mltlsat/Benchmarks/random0/P0.333333333333333N4L70M100T100-3.mltl,0.06,24683.2,sat
/home/michele/mltlsat/Benchmarks/random0/P0.333333333333333N4L70M100T100-4.mltl,0.01,9323.2,sat
/home/michele/mltlsat/Benchmarks/random0/P0.333333333333333N4L70M100T100-5.mltl,0.0,7810.4,sat
/home/michele/mltlsat/Benchmarks/random0/P0.333333333333333N4L70M100T100-6.mltl,0.0,7788.8,unsat
/home/michele/mltlsat/Benchmarks/random0/P0.333333333333333N4L70M100T100-7.mltl,0.0,7848,sat
/home/michele/mltlsat/Benchmarks/random0/P0.333333333333333N4L70M100T100-8.mltl,0.0,7773.6,unsat
/home/michele/mltlsat/Benchmarks/random0/P0.333333333333333N4L70M100T100-9.mltl,0.06,21628.8,sat
/home/michele/mltlsat/Benchmarks/random0/P0.333333333333333N4L75M100T100-10.mltl,0.0,7784.8,sat
/home/michele/mltlsat/Benchmarks/random0/P0.333333333333333N4L75M100T100-1.mltl,0.0,7787.2,sat
/home/michele/mltlsat/Benchmarks/random0/P0.333333333333333N4L75M100T100-2.mltl,0.0,7788,unsat
/home/michele/mltlsat/Benchmarks/random0/P0.333333333333333N4L75M100T100-3.mltl,0.0,7780.8,unsat
/home/michele/mltlsat/Benchmarks/random0/P0.333333333333333N4L75M100T100-4.mltl,0.0,7792,sat
/home/michele/mltlsat/Benchmarks/random0/P0.333333333333333N4L75M100T100-5.mltl,0.0,7815.2,sat
/home/michele/mltlsat/Benchmarks/random0/P0.333333333333333N4L75M100T100-6.mltl,0.0,7816,sat
/home/michele/mltlsat/Benchmarks/random0/P0.333333333333333N4L75M100T100-7.mltl,9.554,2063270.4,sat
/home/michele/mltlsat/Benchmarks/random0/P0.333333333333333N4L75M100T100-8.mltl,0.0,9312,sat
/home/michele/mltlsat/Benchmarks/random0/P0.333333333333333N4L75M100T100-9.mltl,0.0,7794.4,sat
/home/michele/mltlsat/Benchmarks/random0/P0.333333333333333N4L80M100T100-10.mltl,0.02,12425.6,sat
/home/michele/mltlsat/Benchmarks/random0/P0.333333333333333N4L80M100T100-1.mltl,0.0,7800.8,sat
/home/michele/mltlsat/Benchmarks/random0/P0.333333333333333N4L80M100T100-2.mltl,0.0,7830.4,sat
/home/michele/mltlsat/Benchmarks/random0/P0.333333333333333N4L80M100T100-3.mltl,0.0,7801.6,sat
/home/michele/mltlsat/Benchmarks/random0/P0.333333333333333N4L80M100T100-4.mltl,0.0,9332.8,sat
/home/michele/mltlsat/Benchmarks/random0/P0.333333333333333N4L80M100T100-5.mltl,0.0,7784,sat
/home/michele/mltlsat/Benchmarks/random0/P0.333333333333333N4L80M100T100-6.mltl,0.0,7774.4,sat
/home/michele/mltlsat/Benchmarks/random0/P0.333333333333333N4L80M100T100-7.mltl,0.0,8721.6,sat
/home/michele/mltlsat/Benchmarks/random0/P0.333333333333333N4L80M100T100-8.mltl,0.0,7782.4,sat
/home/michele/mltlsat/Benchmarks/random0/P0.333333333333333N4L80M100T100-9.mltl,0.01,12374.4,sat
/home/michele/mltlsat/Benchmarks/random0/P0.333333333333333N4L85M100T100-10.mltl,0.0,7781.6,sat
/home/michele/mltlsat/Benchmarks/random0/P0.333333333333333N4L85M100T100-1.mltl,0.012,15461.6,sat
/home/michele/mltlsat/Benchmarks/random0/P0.333333333333333N4L85M100T100-2.mltl,0.0,7791.2,sat
/home/michele/mltlsat/Benchmarks/random0/P0.333333333333333N4L85M100T100-3.mltl,0.0,7824.8,sat
/home/michele/mltlsat/Benchmarks/random0/P0.333333333333333N4L85M100T100-4.mltl,0.0,9309.6,sat
/home/michele/mltlsat/Benchmarks/random0/P0.333333333333333N4L85M100T100-5.mltl,0.0,7812,sat
/home/michele/mltlsat/Benchmarks/random0/P0.333333333333333N4L85M100T100-6.mltl,0.07200000000000001,9322.4,unsat
/home/michele/mltlsat/Benchmarks/random0/P0.333333333333333N4L85M100T100-7.mltl,0.0,7780.8,sat
/home/michele/mltlsat/Benchmarks/random0/P0.333333333333333N4L85M100T100-8.mltl,0.0,7785.6,sat
/home/michele/mltlsat/Benchmarks/random0/P0.333333333333333N4L85M100T100-9.mltl,0.0,7795.2,sat
/home/michele/mltlsat/Benchmarks/random0/P0.333333333333333N4L90M100T100-10.mltl,0.0,9374.4,sat
/home/michele/mltlsat/Benchmarks/random0/P0.333333333333333N4L90M100T100-1.mltl,0.0,7799.2,sat
/home/michele/mltlsat/Benchmarks/random0/P0.333333333333333N4L90M100T100-2.mltl,0.0,7784.8,sat
/home/michele/mltlsat/Benchmarks/random0/P0.333333333333333N4L90M100T100-3.mltl,0.0,7804,sat
/home/michele/mltlsat/Benchmarks/random0/P0.333333333333333N4L90M100T100-4.mltl,0.0,7773.6,sat
/home/michele/mltlsat/Benchmarks/random0/P0.333333333333333N4L90M100T100-5.mltl,0.0,7793.6,sat
/home/michele/mltlsat/Benchmarks/random0/P0.333333333333333N4L90M100T100-6.mltl,0.02,9345.6,sat
/home/michele/mltlsat/Benchmarks/random0/P0.333333333333333N4L90M100T100-7.mltl,0.0,9349.6,sat
/home/michele/mltlsat/Benchmarks/random0/P0.333333333333333N4L90M100T100-8.mltl,0.024,20090.4,sat
/home/michele/mltlsat/Benchmarks/random0/P0.333333333333333N4L90M100T100-9.mltl,0.0,7802.4,sat
/home/michele/mltlsat/Benchmarks/random0/P0.333333333333333N4L95M100T100-10.mltl,0.168,61546.4,sat
/home/michele/mltlsat/Benchmarks/random0/P0.333333333333333N4L95M100T100-1.mltl,0.712,70476.8,sat
/home/michele/mltlsat/Benchmarks/random0/P0.333333333333333N4L95M100T100-2.mltl,0.0,7773.6,sat
/home/michele/mltlsat/Benchmarks/random0/P0.333333333333333N4L95M100T100-3.mltl,0.002,9343.2,sat
/home/michele/mltlsat/Benchmarks/random0/P0.333333333333333N4L95M100T100-4.mltl,0.0,7800.8,sat
/home/michele/mltlsat/Benchmarks/random0/P0.333333333333333N4L95M100T100-5.mltl,0.0,7808.8,sat
/home/michele/mltlsat/Benchmarks/random0/P0.333333333333333N4L95M100T100-6.mltl,0.0,7793.6,sat
/home/michele/mltlsat/Benchmarks/random0/P0.333333333333333N4L95M100T100-7.mltl,0.0,7807.2,sat
/home/michele/mltlsat/Benchmarks/random0/P0.333333333333333N4L95M100T100-8.mltl,0.0,7801.6,sat
/home/michele/mltlsat/Benchmarks/random0/P0.333333333333333N4L95M100T100-9.mltl,0.0,7468.8,unsat
/home/michele/mltlsat/Benchmarks/random0/P0.333333333333333N5L100M100T100-10.mltl,0.0,7788,sat
/home/michele/mltlsat/Benchmarks/random0/P0.333333333333333N5L100M100T100-1.mltl,0.0,7804.8,sat
/home/michele/mltlsat/Benchmarks/random0/P0.333333333333333N5L100M100T100-2.mltl,0.0,7785.6,sat
/home/michele/mltlsat/Benchmarks/random0/P0.333333333333333N5L100M100T100-3.mltl,0.01,10896,sat
/home/michele/mltlsat/Benchmarks/random0/P0.333333333333333N5L100M100T100-4.mltl,0.0,7832,sat
/home/michele/mltlsat/Benchmarks/random0/P0.333333333333333N5L100M100T100-5.mltl,0.0,7804,sat
/home/michele/mltlsat/Benchmarks/random0/P0.333333333333333N5L100M100T100-6.mltl,0.0,7816.8,sat
/home/michele/mltlsat/Benchmarks/random0/P0.333333333333333N5L100M100T100-7.mltl,0.0,7778.4,sat
/home/michele/mltlsat/Benchmarks/random0/P0.333333333333333N5L100M100T100-8.mltl,0.0,7820,sat
/home/michele/mltlsat/Benchmarks/random0/P0.333333333333333N5L100M100T100-9.mltl,0.0,7780,sat
/home/michele/mltlsat/Benchmarks/random0/P0.333333333333333N5L10M100T100-10.mltl,0.0,7784.8,sat
/home/michele/mltlsat/Benchmarks/random0/P0.333333333333333N5L10M100T100-1.mltl,0.0,7837.6,sat
/home/michele/mltlsat/Benchmarks/random0/P0.333333333333333N5L10M100T100-2.mltl,0.0,9315.2,sat
/home/michele/mltlsat/Benchmarks/random0/P0.333333333333333N5L10M100T100-3.mltl,0.01,9348.8,sat
/home/michele/mltlsat/Benchmarks/random0/P0.333333333333333N5L10M100T100-4.mltl,0.0,7821.6,sat
/home/michele/mltlsat/Benchmarks/random0/P0.333333333333333N5L10M100T100-5.mltl,0.0,7812,sat
/home/michele/mltlsat/Benchmarks/random0/P0.333333333333333N5L10M100T100-6.mltl,0.0,7792,sat
/home/michele/mltlsat/Benchmarks/random0/P0.333333333333333N5L10M100T100-7.mltl,0.0,7805.6,sat
/home/michele/mltlsat/Benchmarks/random0/P0.333333333333333N5L10M100T100-8.mltl,0.0,7789.6,sat
/home/michele/mltlsat/Benchmarks/random0/P0.333333333333333N5L10M100T100-9.mltl,0.0,7776.8,sat
/home/michele/mltlsat/Benchmarks/random0/P0.333333333333333N5L15M100T100-10.mltl,0.0,7809.6,sat
/home/michele/mltlsat/Benchmarks/random0/P0.333333333333333N5L15M100T100-1.mltl,0.0,7795.2,sat
/home/michele/mltlsat/Benchmarks/random0/P0.333333333333333N5L15M100T100-2.mltl,0.0,7784.8,sat
/home/michele/mltlsat/Benchmarks/random0/P0.333333333333333N5L15M100T100-3.mltl,0.0,7812.8,sat
/home/michele/mltlsat/Benchmarks/random0/P0.333333333333333N5L15M100T100-4.mltl,0.0,7804,sat
/home/michele/mltlsat/Benchmarks/random0/P0.333333333333333N5L15M100T100-5.mltl,0.0,9351.2,sat
/home/michele/mltlsat/Benchmarks/random0/P0.333333333333333N5L15M100T100-6.mltl,0.0,7780,sat
/home/michele/mltlsat/Benchmarks/random0/P0.333333333333333N5L15M100T100-7.mltl,0.0,7823.2,sat
/home/michele/mltlsat/Benchmarks/random0/P0.333333333333333N5L15M100T100-8.mltl,0.0,7810.4,sat
/home/michele/mltlsat/Benchmarks/random0/P0.333333333333333N5L15M100T100-9.mltl,0.0,7791.2,sat
/home/michele/mltlsat/Benchmarks/random0/P0.333333333333333N5L20M100T100-10.mltl,0.0,7806.4,sat
/home/michele/mltlsat/Benchmarks/random0/P0.333333333333333N5L20M100T100-1.mltl,0.0,7802.4,sat
/home/michele/mltlsat/Benchmarks/random0/P0.333333333333333N5L20M100T100-2.mltl,0.0,7786.4,sat
/home/michele/mltlsat/Benchmarks/random0/P0.333333333333333N5L20M100T100-3.mltl,0.0,7792.8,sat
/home/michele/mltlsat/Benchmarks/random0/P0.333333333333333N5L20M100T100-4.mltl,0.0,7784.8,sat
/home/michele/mltlsat/Benchmarks/random0/P0.333333333333333N5L20M100T100-5.mltl,0.0,7783.2,sat
/home/michele/mltlsat/Benchmarks/random0/P0.333333333333333N5L20M100T100-6.mltl,0.0,7794.4,sat
/home/michele/mltlsat/Benchmarks/random0/P0.333333333333333N5L20M100T100-7.mltl,0.0,7794.4,sat
/home/michele/mltlsat/Benchmarks/random0/P0.333333333333333N5L20M100T100-8.mltl,0.0,7816.8,sat
/home/michele/mltlsat/Benchmarks/random0/P0.333333333333333N5L20M100T100-9.mltl,0.0,7833.6,sat
/home/michele/mltlsat/Benchmarks/random0/P0.333333333333333N5L25M100T100-10.mltl,0.0,7766.4,sat
/home/michele/mltlsat/Benchmarks/random0/P0.333333333333333N5L25M100T100-1.mltl,0.0,7791.2,sat
/home/michele/mltlsat/Benchmarks/random0/P0.333333333333333N5L25M100T100-2.mltl,0.0,7777.6,sat
/home/michele/mltlsat/Benchmarks/random0/P0.333333333333333N5L25M100T100-3.mltl,0.0,7792.8,sat
/home/michele/mltlsat/Benchmarks/random0/P0.333333333333333N5L25M100T100-4.mltl,0.0,7777.6,sat
/home/michele/mltlsat/Benchmarks/random0/P0.333333333333333N5L25M100T100-5.mltl,0.0,7774.4,sat
/home/michele/mltlsat/Benchmarks/random0/P0.333333333333333N5L25M100T100-6.mltl,0.0,7797.6,sat
/home/michele/mltlsat/Benchmarks/random0/P0.333333333333333N5L25M100T100-7.mltl,0.0,7780,sat
/home/michele/mltlsat/Benchmarks/random0/P0.333333333333333N5L25M100T100-8.mltl,0.0,7769.6,sat
/home/michele/mltlsat/Benchmarks/random0/P0.333333333333333N5L25M100T100-9.mltl,0.0,7780.8,sat
/home/michele/mltlsat/Benchmarks/random0/P0.333333333333333N5L30M100T100-10.mltl,0.0,7772,unsat
/home/michele/mltlsat/Benchmarks/random0/P0.333333333333333N5L30M100T100-1.mltl,0.0,7810.4,sat
/home/michele/mltlsat/Benchmarks/random0/P0.333333333333333N5L30M100T100-2.mltl,0.0,7787.2,sat
/home/michele/mltlsat/Benchmarks/random0/P0.333333333333333N5L30M100T100-3.mltl,0.0,7808.8,sat
/home/michele/mltlsat/Benchmarks/random0/P0.333333333333333N5L30M100T100-4.mltl,0.0,7802.4,sat
/home/michele/mltlsat/Benchmarks/random0/P0.333333333333333N5L30M100T100-5.mltl,0.0,7790.4,sat
/home/michele/mltlsat/Benchmarks/random0/P0.333333333333333N5L30M100T100-6.mltl,0.0,7785.6,sat
/home/michele/mltlsat/Benchmarks/random0/P0.333333333333333N5L30M100T100-7.mltl,0.0,7797.6,sat
/home/michele/mltlsat/Benchmarks/random0/P0.333333333333333N5L30M100T100-8.mltl,0.0,9335.2,sat
/home/michele/mltlsat/Benchmarks/random0/P0.333333333333333N5L30M100T100-9.mltl,0.0,7814.4,sat
/home/michele/mltlsat/Benchmarks/random0/P0.333333333333333N5L35M100T100-10.mltl,0.0,7504.8,sat
/home/michele/mltlsat/Benchmarks/random0/P0.333333333333333N5L35M100T100-1.mltl,0.0,7758.4,sat
/home/michele/mltlsat/Benchmarks/random0/P0.333333333333333N5L35M100T100-2.mltl,0.0,7507.2,sat
/home/michele/mltlsat/Benchmarks/random0/P0.333333333333333N5L35M100T100-3.mltl,0.0,7784.8,sat
/home/michele/mltlsat/Benchmarks/random0/P0.333333333333333N5L35M100T100-4.mltl,0.0,7827.2,sat
/home/michele/mltlsat/Benchmarks/random0/P0.333333333333333N5L35M100T100-5.mltl,0.0,7785.6,sat
/home/michele/mltlsat/Benchmarks/random0/P0.333333333333333N5L35M100T100-6.mltl,0.0,7816,sat
/home/michele/mltlsat/Benchmarks/random0/P0.333333333333333N5L35M100T100-7.mltl,0.002,7801.6,sat
/home/michele/mltlsat/Benchmarks/random0/P0.333333333333333N5L35M100T100-8.mltl,0.0,7783.2,sat
/home/michele/mltlsat/Benchmarks/random0/P0.333333333333333N5L35M100T100-9.mltl,0.0,7807.2,sat
/home/michele/mltlsat/Benchmarks/random0/P0.333333333333333N5L40M100T100-10.mltl,0.042,7514.4,unsat
/home/michele/mltlsat/Benchmarks/random0/P0.333333333333333N5L40M100T100-1.mltl,0.02,12414.4,sat
/home/michele/mltlsat/Benchmarks/random0/P0.333333333333333N5L40M100T100-2.mltl,0.0,7798.4,sat
/home/michele/mltlsat/Benchmarks/random0/P0.333333333333333N5L40M100T100-3.mltl,0.004,9339.2,sat
/home/michele/mltlsat/Benchmarks/random0/P0.333333333333333N5L40M100T100-4.mltl,0.0,7800,sat
/home/michele/mltlsat/Benchmarks/random0/P0.333333333333333N5L40M100T100-5.mltl,0.0,7822.4,sat
/home/michele/mltlsat/Benchmarks/random0/P0.333333333333333N5L40M100T100-6.mltl,0.0,7777.6,sat
/home/michele/mltlsat/Benchmarks/random0/P0.333333333333333N5L40M100T100-7.mltl,0.0,7800,sat
/home/michele/mltlsat/Benchmarks/random0/P0.333333333333333N5L40M100T100-8.mltl,0.0,7817.6,sat
/home/michele/mltlsat/Benchmarks/random0/P0.333333333333333N5L40M100T100-9.mltl,0.01,9326.4,sat
/home/michele/mltlsat/Benchmarks/random0/P0.333333333333333N5L45M100T100-10.mltl,0.0,7811.2,sat
/home/michele/mltlsat/Benchmarks/random0/P0.333333333333333N5L45M100T100-1.mltl,0.0,7808.8,sat
/home/michele/mltlsat/Benchmarks/random0/P0.333333333333333N5L45M100T100-2.mltl,0.0,7835.2,sat
/home/michele/mltlsat/Benchmarks/random0/P0.333333333333333N5L45M100T100-3.mltl,0.0,7184,sat
/home/michele/mltlsat/Benchmarks/random0/P0.333333333333333N5L45M100T100-4.mltl,0.0,7792.8,sat
/home/michele/mltlsat/Benchmarks/random0/P0.333333333333333N5L45M100T100-5.mltl,0.0,7796.8,sat
/home/michele/mltlsat/Benchmarks/random0/P0.333333333333333N5L45M100T100-6.mltl,0.0,7796.8,sat
/home/michele/mltlsat/Benchmarks/random0/P0.333333333333333N5L45M100T100-7.mltl,0.0,7820,sat
/home/michele/mltlsat/Benchmarks/random0/P0.333333333333333N5L45M100T100-8.mltl,0.0,7767.2,sat
/home/michele/mltlsat/Benchmarks/random0/P0.333333333333333N5L45M100T100-9.mltl,0.0,7823.2,sat
/home/michele/mltlsat/Benchmarks/random0/P0.333333333333333N5L50M100T100-10.mltl,0.0,7794.4,sat
/home/michele/mltlsat/Benchmarks/random0/P0.333333333333333N5L50M100T100-1.mltl,0.0,7792,sat
/home/michele/mltlsat/Benchmarks/random0/P0.333333333333333N5L50M100T100-2.mltl,0.052000000000000005,10889.6,sat
/home/michele/mltlsat/Benchmarks/random0/P0.333333333333333N5L50M100T100-3.mltl,0.0,7803.2,sat
/home/michele/mltlsat/Benchmarks/random0/P0.333333333333333N5L50M100T100-4.mltl,0.0,7774.4,sat
/home/michele/mltlsat/Benchmarks/random0/P0.333333333333333N5L50M100T100-5.mltl,0.022,16692.8,sat
/home/michele/mltlsat/Benchmarks/random0/P0.333333333333333N5L50M100T100-6.mltl,0.0,9330.4,sat
/home/michele/mltlsat/Benchmarks/random0/P0.333333333333333N5L50M100T100-7.mltl,0.0,7782.4,sat
/home/michele/mltlsat/Benchmarks/random0/P0.333333333333333N5L50M100T100-8.mltl,0.0,7768,sat
/home/michele/mltlsat/Benchmarks/random0/P0.333333333333333N5L50M100T100-9.mltl,0.0,7818.4,sat
/home/michele/mltlsat/Benchmarks/random0/P0.333333333333333N5L55M100T100-10.mltl,0.0,7786.4,sat
/home/michele/mltlsat/Benchmarks/random0/P0.333333333333333N5L55M100T100-1.mltl,0.0,7824.8,sat
/home/michele/mltlsat/Benchmarks/random0/P0.333333333333333N5L55M100T100-2.mltl,0.0,7786.4,sat
/home/michele/mltlsat/Benchmarks/random0/P0.333333333333333N5L55M100T100-3.mltl,0.0,7795.2,sat
/home/michele/mltlsat/Benchmarks/random0/P0.333333333333333N5L55M100T100-4.mltl,0.0,7815.2,sat
/home/michele/mltlsat/Benchmarks/random0/P0.333333333333333N5L55M100T100-5.mltl,0.0,7788.8,sat
/home/michele/mltlsat/Benchmarks/random0/P0.333333333333333N5L55M100T100-6.mltl,0.0,7800,sat
/home/michele/mltlsat/Benchmarks/random0/P0.333333333333333N5L55M100T100-7.mltl,0.0,7778.4,sat
/home/michele/mltlsat/Benchmarks/random0/P0.333333333333333N5L55M100T100-8.mltl,0.0,7801.6,sat
/home/michele/mltlsat/Benchmarks/random0/P0.333333333333333N5L55M100T100-9.mltl,0.0,7796,sat
/home/michele/mltlsat/Benchmarks/random0/P0.333333333333333N5L5M100T100-10.mltl,0.0,7800.8,sat
/home/michele/mltlsat/Benchmarks/random0/P0.333333333333333N5L5M100T100-1.mltl,0.0,7821.6,sat
/home/michele/mltlsat/Benchmarks/random0/P0.333333333333333N5L5M100T100-2.mltl,0.0,7784.8,sat
/home/michele/mltlsat/Benchmarks/random0/P0.333333333333333N5L5M100T100-3.mltl,0.0,7776,sat
/home/michele/mltlsat/Benchmarks/random0/P0.333333333333333N5L5M100T100-4.mltl,0.0,7804.8,sat
/home/michele/mltlsat/Benchmarks/random0/P0.333333333333333N5L5M100T100-5.mltl,0.0,7803.2,sat
/home/michele/mltlsat/Benchmarks/random0/P0.333333333333333N5L5M100T100-6.mltl,0.0,7840.8,sat
/home/michele/mltlsat/Benchmarks/random0/P0.333333333333333N5L5M100T100-7.mltl,0.0,7796.8,sat
/home/michele/mltlsat/Benchmarks/random0/P0.333333333333333N5L5M100T100-8.mltl,0.0,7786.4,sat
/home/michele/mltlsat/Benchmarks/random0/P0.333333333333333N5L5M100T100-9.mltl,0.0,7803.2,sat
/home/michele/mltlsat/Benchmarks/random0/P0.333333333333333N5L60M100T100-10.mltl,0.002,9338.4,sat
/home/michele/mltlsat/Benchmarks/random0/P0.333333333333333N5L60M100T100-1.mltl,0.0,9298.4,sat
/home/michele/mltlsat/Benchmarks/random0/P0.333333333333333N5L60M100T100-2.mltl,0.0,7799.2,unsat
/home/michele/mltlsat/Benchmarks/random0/P0.333333333333333N5L60M100T100-3.mltl,0.03,14855.2,sat
/home/michele/mltlsat/Benchmarks/random0/P0.333333333333333N5L60M100T100-4.mltl,0.752,224377.6,sat
/home/michele/mltlsat/Benchmarks/random0/P0.333333333333333N5L60M100T100-5.mltl,0.0,7819.2,sat
/home/michele/mltlsat/Benchmarks/random0/P0.333333333333333N5L60M100T100-6.mltl,0.0,7812,unsat
/home/michele/mltlsat/Benchmarks/random0/P0.333333333333333N5L60M100T100-7.mltl,0.0,7778.4,sat
/home/michele/mltlsat/Benchmarks/random0/P0.333333333333333N5L60M100T100-8.mltl,0.0,7791.2,sat
/home/michele/mltlsat/Benchmarks/random0/P0.333333333333333N5L60M100T100-9.mltl,0.0,7796,sat
/home/michele/mltlsat/Benchmarks/random0/P0.333333333333333N5L65M100T100-10.mltl,0.0,7793.6,sat
/home/michele/mltlsat/Benchmarks/random0/P0.333333333333333N5L65M100T100-1.mltl,0.0,7763.2,sat
/home/michele/mltlsat/Benchmarks/random0/P0.333333333333333N5L65M100T100-2.mltl,0.0,9359.2,unsat
/home/michele/mltlsat/Benchmarks/random0/P0.333333333333333N5L65M100T100-3.mltl,0.01,9328.8,sat
/home/michele/mltlsat/Benchmarks/random0/P0.333333333333333N5L65M100T100-4.mltl,0.02,9318.4,sat
/home/michele/mltlsat/Benchmarks/random0/P0.333333333333333N5L65M100T100-5.mltl,0.0,7820.8,unsat
/home/michele/mltlsat/Benchmarks/random0/P0.333333333333333N5L65M100T100-6.mltl,0.01,9350.4,sat
/home/michele/mltlsat/Benchmarks/random0/P0.333333333333333N5L65M100T100-7.mltl,0.0,7772.8,sat
/home/michele/mltlsat/Benchmarks/random0/P0.333333333333333N5L65M100T100-8.mltl,0.03,20077.6,sat
/home/michele/mltlsat/Benchmarks/random0/P0.333333333333333N5L65M100T100-9.mltl,0.024,10866.4,sat
/home/michele/mltlsat/Benchmarks/random0/P0.333333333333333N5L70M100T100-10.mltl,-1,-1,TO
/home/michele/mltlsat/Benchmarks/random0/P0.333333333333333N5L70M100T100-1.mltl,0.0,7785.6,sat
/home/michele/mltlsat/Benchmarks/random0/P0.333333333333333N5L70M100T100-2.mltl,0.0,7797.6,unsat
/home/michele/mltlsat/Benchmarks/random0/P0.333333333333333N5L70M100T100-3.mltl,0.0,7829.6,unsat
/home/michele/mltlsat/Benchmarks/random0/P0.333333333333333N5L70M100T100-4.mltl,0.0,7788,sat
/home/michele/mltlsat/Benchmarks/random0/P0.333333333333333N5L70M100T100-5.mltl,0.0,7796,sat
/home/michele/mltlsat/Benchmarks/random0/P0.333333333333333N5L70M100T100-6.mltl,0.0,7794.4,sat
/home/michele/mltlsat/Benchmarks/random0/P0.333333333333333N5L70M100T100-7.mltl,0.0,7804,sat
/home/michele/mltlsat/Benchmarks/random0/P0.333333333333333N5L70M100T100-8.mltl,0.0,7814.4,sat
/home/michele/mltlsat/Benchmarks/random0/P0.333333333333333N5L70M100T100-9.mltl,0.0,7781.6,sat
/home/michele/mltlsat/Benchmarks/random0/P0.333333333333333N5L75M100T100-10.mltl,0.0,7807.2,sat
/home/michele/mltlsat/Benchmarks/random0/P0.333333333333333N5L75M100T100-1.mltl,0.0,7808,sat
/home/michele/mltlsat/Benchmarks/random0/P0.333333333333333N5L75M100T100-2.mltl,0.0,7778.4,sat
/home/michele/mltlsat/Benchmarks/random0/P0.333333333333333N5L75M100T100-3.mltl,0.14,29324.8,sat
/home/michele/mltlsat/Benchmarks/random0/P0.333333333333333N5L75M100T100-4.mltl,-1,-1,TO
/home/michele/mltlsat/Benchmarks/random0/P0.333333333333333N5L75M100T100-5.mltl,0.0,7792.8,sat
/home/michele/mltlsat/Benchmarks/random0/P0.333333333333333N5L75M100T100-6.mltl,0.0,9304.8,sat
/home/michele/mltlsat/Benchmarks/random0/P0.333333333333333N5L75M100T100-7.mltl,0.0,9343.2,sat
/home/michele/mltlsat/Benchmarks/random0/P0.333333333333333N5L75M100T100-8.mltl,0.02,15476,sat
/home/michele/mltlsat/Benchmarks/random0/P0.333333333333333N5L75M100T100-9.mltl,0.0,7799.2,sat
/home/michele/mltlsat/Benchmarks/random0/P0.333333333333333N5L80M100T100-10.mltl,0.0,7809.6,sat
/home/michele/mltlsat/Benchmarks/random0/P0.333333333333333N5L80M100T100-1.mltl,0.0,7780.8,sat
/home/michele/mltlsat/Benchmarks/random0/P0.333333333333333N5L80M100T100-2.mltl,0.0,7485.6,sat
/home/michele/mltlsat/Benchmarks/random0/P0.333333333333333N5L80M100T100-3.mltl,0.0,7812,sat
/home/michele/mltlsat/Benchmarks/random0/P0.333333333333333N5L80M100T100-4.mltl,0.01,9332.8,sat
/home/michele/mltlsat/Benchmarks/random0/P0.333333333333333N5L80M100T100-5.mltl,1.46,24388,sat
/home/michele/mltlsat/Benchmarks/random0/P0.333333333333333N5L80M100T100-6.mltl,0.0,9339.2,unsat
/home/michele/mltlsat/Benchmarks/random0/P0.333333333333333N5L80M100T100-7.mltl,0.01,10874.4,sat
/home/michele/mltlsat/Benchmarks/random0/P0.333333333333333N5L80M100T100-8.mltl,0.0,9333.6,sat
/home/michele/mltlsat/Benchmarks/random0/P0.333333333333333N5L80M100T100-9.mltl,0.0,7792.8,sat
/home/michele/mltlsat/Benchmarks/random0/P0.333333333333333N5L85M100T100-10.mltl,0.0,7782.4,sat
/home/michele/mltlsat/Benchmarks/random0/P0.333333333333333N5L85M100T100-1.mltl,0.03,10903.2,sat
/home/michele/mltlsat/Benchmarks/random0/P0.333333333333333N5L85M100T100-2.mltl,0.0,7515.2,sat
/home/michele/mltlsat/Benchmarks/random0/P0.333333333333333N5L85M100T100-3.mltl,-1,-1,OOM
/home/michele/mltlsat/Benchmarks/random0/P0.333333333333333N5L85M100T100-4.mltl,0.0,7800.8,sat
/home/michele/mltlsat/Benchmarks/random0/P0.333333333333333N5L85M100T100-5.mltl,0.0,9312.8,sat
/home/michele/mltlsat/Benchmarks/random0/P0.333333333333333N5L85M100T100-6.mltl,0.01,9324.8,sat
/home/michele/mltlsat/Benchmarks/random0/P0.333333333333333N5L85M100T100-7.mltl,0.01,9323.2,sat
/home/michele/mltlsat/Benchmarks/random0/P0.333333333333333N5L85M100T100-8.mltl,0.01,9337.6,sat
/home/michele/mltlsat/Benchmarks/random0/P0.333333333333333N5L85M100T100-9.mltl,0.0,7796,sat
/home/michele/mltlsat/Benchmarks/random0/P0.333333333333333N5L90M100T100-10.mltl,0.0,7792.8,sat
/home/michele/mltlsat/Benchmarks/random0/P0.333333333333333N5L90M100T100-1.mltl,0.0,7792,sat
/home/michele/mltlsat/Benchmarks/random0/P0.333333333333333N5L90M100T100-2.mltl,0.0,7793.6,sat
/home/michele/mltlsat/Benchmarks/random0/P0.333333333333333N5L90M100T100-3.mltl,0.0,9316,sat
/home/michele/mltlsat/Benchmarks/random0/P0.333333333333333N5L90M100T100-4.mltl,1.726,45877.6,sat
/home/michele/mltlsat/Benchmarks/random0/P0.333333333333333N5L90M100T100-5.mltl,0.362,10880.8,sat
/home/michele/mltlsat/Benchmarks/random0/P0.333333333333333N5L90M100T100-6.mltl,0.054,21620,sat
/home/michele/mltlsat/Benchmarks/random0/P0.333333333333333N5L90M100T100-7.mltl,0.01,9356,sat
/home/michele/mltlsat/Benchmarks/random0/P0.333333333333333N5L90M100T100-8.mltl,0.088,24713.6,sat
/home/michele/mltlsat/Benchmarks/random0/P0.333333333333333N5L90M100T100-9.mltl,0.0,7789.6,sat
/home/michele/mltlsat/Benchmarks/random0/P0.333333333333333N5L95M100T100-10.mltl,0.0,9331.2,sat
/home/michele/mltlsat/Benchmarks/random0/P0.333333333333333N5L95M100T100-1.mltl,0.014,13964.8,sat
/home/michele/mltlsat/Benchmarks/random0/P0.333333333333333N5L95M100T100-2.mltl,0.0,7796,sat
/home/michele/mltlsat/Benchmarks/random0/P0.333333333333333N5L95M100T100-3.mltl,0.14400000000000002,15472,sat
/home/michele/mltlsat/Benchmarks/random0/P0.333333333333333N5L95M100T100-4.mltl,0.002,9346.4,unsat
/home/michele/mltlsat/Benchmarks/random0/P0.333333333333333N5L95M100T100-5.mltl,0.0,7789.6,sat
/home/michele/mltlsat/Benchmarks/random0/P0.333333333333333N5L95M100T100-6.mltl,0.0,7794.4,sat
/home/michele/mltlsat/Benchmarks/random0/P0.333333333333333N5L95M100T100-7.mltl,0.0,7799.2,sat
/home/michele/mltlsat/Benchmarks/random0/P0.333333333333333N5L95M100T100-8.mltl,0.028,18237.6,sat
/home/michele/mltlsat/Benchmarks/random0/P0.333333333333333N5L95M100T100-9.mltl,0.008,10877.6,sat
/home/michele/mltlsat/Benchmarks/random0/P0.5N1L100M100T100-10.mltl,0.0,7777.6,sat
/home/michele/mltlsat/Benchmarks/random0/P0.5N1L100M100T100-1.mltl,0.0,7786.4,unsat
/home/michele/mltlsat/Benchmarks/random0/P0.5N1L100M100T100-2.mltl,0.0,7776.8,sat
/home/michele/mltlsat/Benchmarks/random0/P0.5N1L100M100T100-3.mltl,0.02,15447.2,sat
/home/michele/mltlsat/Benchmarks/random0/P0.5N1L100M100T100-4.mltl,0.01,9323.2,sat
/home/michele/mltlsat/Benchmarks/random0/P0.5N1L100M100T100-5.mltl,66.746,19461.6,sat
/home/michele/mltlsat/Benchmarks/random0/P0.5N1L100M100T100-6.mltl,0.0,9335.2,sat
/home/michele/mltlsat/Benchmarks/random0/P0.5N1L100M100T100-7.mltl,0.0,7788,sat
/home/michele/mltlsat/Benchmarks/random0/P0.5N1L100M100T100-8.mltl,0.0,9330.4,sat
/home/michele/mltlsat/Benchmarks/random0/P0.5N1L100M100T100-9.mltl,0.0,7795.2,sat
/home/michele/mltlsat/Benchmarks/random0/P0.5N1L10M100T100-10.mltl,0.0,7823.2,unsat
/home/michele/mltlsat/Benchmarks/random0/P0.5N1L10M100T100-1.mltl,0.0,7484.8,sat
/home/michele/mltlsat/Benchmarks/random0/P0.5N1L10M100T100-2.mltl,0.0,7808,sat
/home/michele/mltlsat/Benchmarks/random0/P0.5N1L10M100T100-3.mltl,0.0,7784.8,sat
/home/michele/mltlsat/Benchmarks/random0/P0.5N1L10M100T100-4.mltl,0.0,7787.2,unsat
/home/michele/mltlsat/Benchmarks/random0/P0.5N1L10M100T100-5.mltl,0.0,7817.6,sat
/home/michele/mltlsat/Benchmarks/random0/P0.5N1L10M100T100-6.mltl,0.0,7818.4,sat
/home/michele/mltlsat/Benchmarks/random0/P0.5N1L10M100T100-7.mltl,0.0,7782.4,sat
/home/michele/mltlsat/Benchmarks/random0/P0.5N1L10M100T100-8.mltl,0.0,7803.2,sat
/home/michele/mltlsat/Benchmarks/random0/P0.5N1L10M100T100-9.mltl,0.0,7807.2,sat
/home/michele/mltlsat/Benchmarks/random0/P0.5N1L15M100T100-10.mltl,0.0,7809.6,sat
/home/michele/mltlsat/Benchmarks/random0/P0.5N1L15M100T100-1.mltl,0.002,7830.4,sat
/home/michele/mltlsat/Benchmarks/random0/P0.5N1L15M100T100-2.mltl,0.0,7800.8,sat
/home/michele/mltlsat/Benchmarks/random0/P0.5N1L15M100T100-3.mltl,0.0,7777.6,sat
/home/michele/mltlsat/Benchmarks/random0/P0.5N1L15M100T100-4.mltl,0.0,7800,sat
/home/michele/mltlsat/Benchmarks/random0/P0.5N1L15M100T100-5.mltl,0.0,7805.6,sat
/home/michele/mltlsat/Benchmarks/random0/P0.5N1L15M100T100-6.mltl,0.0,9328,unsat
/home/michele/mltlsat/Benchmarks/random0/P0.5N1L15M100T100-7.mltl,0.0,7797.6,unsat
/home/michele/mltlsat/Benchmarks/random0/P0.5N1L15M100T100-8.mltl,0.0,7811.2,sat
/home/michele/mltlsat/Benchmarks/random0/P0.5N1L15M100T100-9.mltl,0.0,9352.8,sat
/home/michele/mltlsat/Benchmarks/random0/P0.5N1L20M100T100-10.mltl,0.0,7795.2,sat
/home/michele/mltlsat/Benchmarks/random0/P0.5N1L20M100T100-1.mltl,-1,-1,TO
/home/michele/mltlsat/Benchmarks/random0/P0.5N1L20M100T100-2.mltl,0.0,7780.8,sat
/home/michele/mltlsat/Benchmarks/random0/P0.5N1L20M100T100-3.mltl,0.0,7808,unsat
/home/michele/mltlsat/Benchmarks/random0/P0.5N1L20M100T100-4.mltl,0.0,7821.6,sat
/home/michele/mltlsat/Benchmarks/random0/P0.5N1L20M100T100-5.mltl,0.0,7785.6,sat
/home/michele/mltlsat/Benchmarks/random0/P0.5N1L20M100T100-6.mltl,0.0,7812.8,sat
/home/michele/mltlsat/Benchmarks/random0/P0.5N1L20M100T100-7.mltl,0.0,9360,sat
/home/michele/mltlsat/Benchmarks/random0/P0.5N1L20M100T100-8.mltl,0.0,7822.4,unsat
/home/michele/mltlsat/Benchmarks/random0/P0.5N1L20M100T100-9.mltl,0.0,7808,unsat
/home/michele/mltlsat/Benchmarks/random0/P0.5N1L25M100T100-10.mltl,0.0,7815.2,sat
/home/michele/mltlsat/Benchmarks/random0/P0.5N1L25M100T100-1.mltl,0.0,7500.8,sat
/home/michele/mltlsat/Benchmarks/random0/P0.5N1L25M100T100-2.mltl,0.0,7791.2,sat
/home/michele/mltlsat/Benchmarks/random0/P0.5N1L25M100T100-3.mltl,0.0,7804.8,sat
/home/michele/mltlsat/Benchmarks/random0/P0.5N1L25M100T100-4.mltl,0.0,7802.4,sat
/home/michele/mltlsat/Benchmarks/random0/P0.5N1L25M100T100-5.mltl,0.004,9335.2,sat
/home/michele/mltlsat/Benchmarks/random0/P0.5N1L25M100T100-6.mltl,0.0,7789.6,sat
/home/michele/mltlsat/Benchmarks/random0/P0.5N1L25M100T100-7.mltl,0.0,7790.4,sat
/home/michele/mltlsat/Benchmarks/random0/P0.5N1L25M100T100-8.mltl,0.0,7817.6,sat
/home/michele/mltlsat/Benchmarks/random0/P0.5N1L25M100T100-9.mltl,0.0,7804.8,sat
/home/michele/mltlsat/Benchmarks/random0/P0.5N1L30M100T100-10.mltl,0.01,9330.4,sat
/home/michele/mltlsat/Benchmarks/random0/P0.5N1L30M100T100-1.mltl,0.0,7800.8,sat
/home/michele/mltlsat/Benchmarks/random0/P0.5N1L30M100T100-2.mltl,0.0,7782.4,sat
/home/michele/mltlsat/Benchmarks/random0/P0.5N1L30M100T100-3.mltl,0.0,7797.6,sat
/home/michele/mltlsat/Benchmarks/random0/P0.5N1L30M100T100-4.mltl,0.0,7815.2,sat
/home/michele/mltlsat/Benchmarks/random0/P0.5N1L30M100T100-5.mltl,0.0,7788,unsat
/home/michele/mltlsat/Benchmarks/random0/P0.5N1L30M100T100-6.mltl,0.0,9315.2,sat
/home/michele/mltlsat/Benchmarks/random0/P0.5N1L30M100T100-7.mltl,0.0,7784.8,sat
/home/michele/mltlsat/Benchmarks/random0/P0.5N1L30M100T100-8.mltl,-1,-1,OOM
/home/michele/mltlsat/Benchmarks/random0/P0.5N1L30M100T100-9.mltl,0.0,7802.4,unsat
/home/michele/mltlsat/Benchmarks/random0/P0.5N1L35M100T100-10.mltl,0.0,7803.2,sat
/home/michele/mltlsat/Benchmarks/random0/P0.5N1L35M100T100-1.mltl,0.0,7800.8,sat
/home/michele/mltlsat/Benchmarks/random0/P0.5N1L35M100T100-2.mltl,0.0,7787.2,sat
/home/michele/mltlsat/Benchmarks/random0/P0.5N1L35M100T100-3.mltl,0.0,7779.2,sat
/home/michele/mltlsat/Benchmarks/random0/P0.5N1L35M100T100-4.mltl,0.0,7816.8,sat
/home/michele/mltlsat/Benchmarks/random0/P0.5N1L35M100T100-5.mltl,0.0,7789.6,sat
/home/michele/mltlsat/Benchmarks/random0/P0.5N1L35M100T100-6.mltl,0.0,7788.8,sat
/home/michele/mltlsat/Benchmarks/random0/P0.5N1L35M100T100-7.mltl,0.0,7796,sat
/home/michele/mltlsat/Benchmarks/random0/P0.5N1L35M100T100-8.mltl,0.016,13939.2,sat
/home/michele/mltlsat/Benchmarks/random0/P0.5N1L35M100T100-9.mltl,0.0,7806.4,sat
/home/michele/mltlsat/Benchmarks/random0/P0.5N1L40M100T100-10.mltl,0.0,7808.8,unsat
/home/michele/mltlsat/Benchmarks/random0/P0.5N1L40M100T100-1.mltl,0.022,12106.4,sat
/home/michele/mltlsat/Benchmarks/random0/P0.5N1L40M100T100-2.mltl,0.0,7801.6,sat
/home/michele/mltlsat/Benchmarks/random0/P0.5N1L40M100T100-3.mltl,0.0,9349.6,sat
/home/michele/mltlsat/Benchmarks/random0/P0.5N1L40M100T100-4.mltl,0.0,9316,sat
/home/michele/mltlsat/Benchmarks/random0/P0.5N1L40M100T100-5.mltl,0.0,7795.2,sat
/home/michele/mltlsat/Benchmarks/random0/P0.5N1L40M100T100-6.mltl,0.0,7783.2,sat
/home/michele/mltlsat/Benchmarks/random0/P0.5N1L40M100T100-7.mltl,0.0,7795.2,sat
/home/michele/mltlsat/Benchmarks/random0/P0.5N1L40M100T100-8.mltl,0.0,7796.8,sat
/home/michele/mltlsat/Benchmarks/random0/P0.5N1L40M100T100-9.mltl,0.0,7800.8,sat
/home/michele/mltlsat/Benchmarks/random0/P0.5N1L45M100T100-10.mltl,0.352,12408,sat
/home/michele/mltlsat/Benchmarks/random0/P0.5N1L45M100T100-1.mltl,0.02,10868,sat
/home/michele/mltlsat/Benchmarks/random0/P0.5N1L45M100T100-2.mltl,0.0,7795.2,sat
/home/michele/mltlsat/Benchmarks/random0/P0.5N1L45M100T100-3.mltl,0.0,7824,sat
/home/michele/mltlsat/Benchmarks/random0/P0.5N1L45M100T100-4.mltl,0.0,7812,sat
/home/michele/mltlsat/Benchmarks/random0/P0.5N1L45M100T100-5.mltl,0.0,7798.4,sat
/home/michele/mltlsat/Benchmarks/random0/P0.5N1L45M100T100-6.mltl,0.02,10876.8,sat
/home/michele/mltlsat/Benchmarks/random0/P0.5N1L45M100T100-7.mltl,0.0,9324.8,sat
/home/michele/mltlsat/Benchmarks/random0/P0.5N1L45M100T100-8.mltl,0.0,9317.6,sat
/home/michele/mltlsat/Benchmarks/random0/P0.5N1L45M100T100-9.mltl,0.0,7812,sat
/home/michele/mltlsat/Benchmarks/random0/P0.5N1L50M100T100-10.mltl,0.0,7827.2,unsat
/home/michele/mltlsat/Benchmarks/random0/P0.5N1L50M100T100-1.mltl,0.02,16988.8,sat
/home/michele/mltlsat/Benchmarks/random0/P0.5N1L50M100T100-2.mltl,0.0,7828,sat
/home/michele/mltlsat/Benchmarks/random0/P0.5N1L50M100T100-3.mltl,0.0,7800,unsat
/home/michele/mltlsat/Benchmarks/random0/P0.5N1L50M100T100-4.mltl,1.148,10856.8,sat
/home/michele/mltlsat/Benchmarks/random0/P0.5N1L50M100T100-5.mltl,0.0,7793.6,unsat
/home/michele/mltlsat/Benchmarks/random0/P0.5N1L50M100T100-6.mltl,0.0,7782.4,sat
/home/michele/mltlsat/Benchmarks/random0/P0.5N1L50M100T100-7.mltl,0.0,7792,sat
/home/michele/mltlsat/Benchmarks/random0/P0.5N1L50M100T100-8.mltl,0.0,7800,sat
/home/michele/mltlsat/Benchmarks/random0/P0.5N1L50M100T100-9.mltl,0.0,9351.2,sat
/home/michele/mltlsat/Benchmarks/random0/P0.5N1L55M100T100-10.mltl,0.0,7797.6,unsat
/home/michele/mltlsat/Benchmarks/random0/P0.5N1L55M100T100-1.mltl,0.0,7783.2,sat
/home/michele/mltlsat/Benchmarks/random0/P0.5N1L55M100T100-2.mltl,0.01,9375.2,sat
/home/michele/mltlsat/Benchmarks/random0/P0.5N1L55M100T100-3.mltl,0.02,10868,sat
/home/michele/mltlsat/Benchmarks/random0/P0.5N1L55M100T100-4.mltl,0.0,7809.6,sat
/home/michele/mltlsat/Benchmarks/random0/P0.5N1L55M100T100-5.mltl,0.0,7832,sat
/home/michele/mltlsat/Benchmarks/random0/P0.5N1L55M100T100-6.mltl,0.0,7822.4,sat
/home/michele/mltlsat/Benchmarks/random0/P0.5N1L55M100T100-7.mltl,0.0,9311.2,sat
/home/michele/mltlsat/Benchmarks/random0/P0.5N1L55M100T100-8.mltl,0.0,7773.6,sat
/home/michele/mltlsat/Benchmarks/random0/P0.5N1L55M100T100-9.mltl,0.0,9333.6,sat
/home/michele/mltlsat/Benchmarks/random0/P0.5N1L5M100T100-10.mltl,0.0,7797.6,sat
/home/michele/mltlsat/Benchmarks/random0/P0.5N1L5M100T100-1.mltl,0.0,7804.8,unsat
/home/michele/mltlsat/Benchmarks/random0/P0.5N1L5M100T100-2.mltl,0.0,7798.4,sat
/home/michele/mltlsat/Benchmarks/random0/P0.5N1L5M100T100-3.mltl,0.0,7812.8,sat
/home/michele/mltlsat/Benchmarks/random0/P0.5N1L5M100T100-4.mltl,0.0,7796.8,sat
/home/michele/mltlsat/Benchmarks/random0/P0.5N1L5M100T100-5.mltl,0.0,7810.4,sat
/home/michele/mltlsat/Benchmarks/random0/P0.5N1L5M100T100-6.mltl,0.0,7800.8,sat
/home/michele/mltlsat/Benchmarks/random0/P0.5N1L5M100T100-7.mltl,0.0,7828.8,sat
/home/michele/mltlsat/Benchmarks/random0/P0.5N1L5M100T100-8.mltl,0.0,7792.8,sat
/home/michele/mltlsat/Benchmarks/random0/P0.5N1L5M100T100-9.mltl,0.0,7802.4,sat
/home/michele/mltlsat/Benchmarks/random0/P0.5N1L60M100T100-10.mltl,0.0,7802.4,sat
/home/michele/mltlsat/Benchmarks/random0/P0.5N1L60M100T100-1.mltl,0.0,7807.2,unsat
/home/michele/mltlsat/Benchmarks/random0/P0.5N1L60M100T100-2.mltl,0.01,9315.2,sat
/home/michele/mltlsat/Benchmarks/random0/P0.5N1L60M100T100-3.mltl,0.0,7785.6,sat
/home/michele/mltlsat/Benchmarks/random0/P0.5N1L60M100T100-4.mltl,0.01,9303.2,sat
/home/michele/mltlsat/Benchmarks/random0/P0.5N1L60M100T100-5.mltl,0.0,7819.2,unsat
/home/michele/mltlsat/Benchmarks/random0/P0.5N1L60M100T100-6.mltl,0.0,7819.2,sat
/home/michele/mltlsat/Benchmarks/random0/P0.5N1L60M100T100-7.mltl,0.0,9341.6,sat
/home/michele/mltlsat/Benchmarks/random0/P0.5N1L60M100T100-8.mltl,0.0,7800,sat
/home/michele/mltlsat/Benchmarks/random0/P0.5N1L60M100T100-9.mltl,0.0,7781.6,sat
/home/michele/mltlsat/Benchmarks/random0/P0.5N1L65M100T100-10.mltl,0.0,7836,sat
/home/michele/mltlsat/Benchmarks/random0/P0.5N1L65M100T100-1.mltl,0.02,12396,sat
/home/michele/mltlsat/Benchmarks/random0/P0.5N1L65M100T100-2.mltl,0.0,7781.6,sat
/home/michele/mltlsat/Benchmarks/random0/P0.5N1L65M100T100-3.mltl,0.04,24703.2,sat
/home/michele/mltlsat/Benchmarks/random0/P0.5N1L65M100T100-4.mltl,1.904,35442.4,sat
/home/michele/mltlsat/Benchmarks/random0/P0.5N1L65M100T100-5.mltl,0.0,7793.6,sat
/home/michele/mltlsat/Benchmarks/random0/P0.5N1L65M100T100-6.mltl,0.0,7806.4,sat
/home/michele/mltlsat/Benchmarks/random0/P0.5N1L65M100T100-7.mltl,0.0,7804.8,sat
/home/michele/mltlsat/Benchmarks/random0/P0.5N1L65M100T100-8.mltl,0.0,7796.8,sat
/home/michele/mltlsat/Benchmarks/random0/P0.5N1L65M100T100-9.mltl,0.0,7800,sat
/home/michele/mltlsat/Benchmarks/random0/P0.5N1L70M100T100-10.mltl,0.0,7792.8,sat
/home/michele/mltlsat/Benchmarks/random0/P0.5N1L70M100T100-1.mltl,0.0,7774.4,sat
/home/michele/mltlsat/Benchmarks/random0/P0.5N1L70M100T100-2.mltl,0.04,10872,sat
/home/michele/mltlsat/Benchmarks/random0/P0.5N1L70M100T100-3.mltl,-1,-1,TO
/home/michele/mltlsat/Benchmarks/random0/P0.5N1L70M100T100-4.mltl,0.0,7804.8,sat
/home/michele/mltlsat/Benchmarks/random0/P0.5N1L70M100T100-5.mltl,0.0,7808,sat
/home/michele/mltlsat/Benchmarks/random0/P0.5N1L70M100T100-6.mltl,0.0,7824,unsat
/home/michele/mltlsat/Benchmarks/random0/P0.5N1L70M100T100-7.mltl,0.08,9344,sat
/home/michele/mltlsat/Benchmarks/random0/P0.5N1L70M100T100-8.mltl,0.01,9348.8,sat
/home/michele/mltlsat/Benchmarks/random0/P0.5N1L70M100T100-9.mltl,0.0,7782.4,sat
/home/michele/mltlsat/Benchmarks/random0/P0.5N1L75M100T100-10.mltl,0.08,36996.8,sat
/home/michele/mltlsat/Benchmarks/random0/P0.5N1L75M100T100-1.mltl,0.0,7800,sat
/home/michele/mltlsat/Benchmarks/random0/P0.5N1L75M100T100-2.mltl,0.0,7787.2,sat
/home/michele/mltlsat/Benchmarks/random0/P0.5N1L75M100T100-3.mltl,0.0,7776.8,sat
/home/michele/mltlsat/Benchmarks/random0/P0.5N1L75M100T100-4.mltl,0.09,9354.4,sat
/home/michele/mltlsat/Benchmarks/random0/P0.5N1L75M100T100-5.mltl,0.0,7788.8,sat
/home/michele/mltlsat/Benchmarks/random0/P0.5N1L75M100T100-6.mltl,0.0,7789.6,sat
/home/michele/mltlsat/Benchmarks/random0/P0.5N1L75M100T100-7.mltl,0.03,17027.2,sat
/home/michele/mltlsat/Benchmarks/random0/P0.5N1L75M100T100-8.mltl,0.0,7806.4,unsat
/home/michele/mltlsat/Benchmarks/random0/P0.5N1L75M100T100-9.mltl,0.02,12381.6,sat
/home/michele/mltlsat/Benchmarks/random0/P0.5N1L80M100T100-10.mltl,0.0,7823.2,sat
/home/michele/mltlsat/Benchmarks/random0/P0.5N1L80M100T100-1.mltl,0.0,7780.8,sat
/home/michele/mltlsat/Benchmarks/random0/P0.5N1L80M100T100-2.mltl,0.0,7772,sat
/home/michele/mltlsat/Benchmarks/random0/P0.5N1L80M100T100-3.mltl,0.0,7474.4,sat
/home/michele/mltlsat/Benchmarks/random0/P0.5N1L80M100T100-4.mltl,0.0,7786.4,sat
/home/michele/mltlsat/Benchmarks/random0/P0.5N1L80M100T100-5.mltl,0.0,7800.8,sat
/home/michele/mltlsat/Benchmarks/random0/P0.5N1L80M100T100-6.mltl,0.03,12110.4,sat
/home/michele/mltlsat/Benchmarks/random0/P0.5N1L80M100T100-7.mltl,0.124,12403.2,sat
/home/michele/mltlsat/Benchmarks/random0/P0.5N1L80M100T100-8.mltl,0.0,7788.8,unsat
/home/michele/mltlsat/Benchmarks/random0/P0.5N1L80M100T100-9.mltl,0.0,10855.2,sat
/home/michele/mltlsat/Benchmarks/random0/P0.5N1L85M100T100-10.mltl,0.0,10874.4,sat
/home/michele/mltlsat/Benchmarks/random0/P0.5N1L85M100T100-1.mltl,0.0,7792.8,sat
/home/michele/mltlsat/Benchmarks/random0/P0.5N1L85M100T100-2.mltl,0.0,7772,sat
/home/michele/mltlsat/Benchmarks/random0/P0.5N1L85M100T100-3.mltl,-1,-1,TO
/home/michele/mltlsat/Benchmarks/random0/P0.5N1L85M100T100-4.mltl,0.0,7800,unsat
/home/michele/mltlsat/Benchmarks/random0/P0.5N1L85M100T100-5.mltl,0.0,7765.6,sat
/home/michele/mltlsat/Benchmarks/random0/P0.5N1L85M100T100-6.mltl,0.0,7804.8,unsat
/home/michele/mltlsat/Benchmarks/random0/P0.5N1L85M100T100-7.mltl,0.0,7806.4,sat
/home/michele/mltlsat/Benchmarks/random0/P0.5N1L85M100T100-8.mltl,0.0,7798.4,sat
/home/michele/mltlsat/Benchmarks/random0/P0.5N1L85M100T100-9.mltl,0.0,7766.4,sat
/home/michele/mltlsat/Benchmarks/random0/P0.5N1L90M100T100-10.mltl,0.0,7794.4,sat
/home/michele/mltlsat/Benchmarks/random0/P0.5N1L90M100T100-1.mltl,0.0,9344.8,sat
/home/michele/mltlsat/Benchmarks/random0/P0.5N1L90M100T100-2.mltl,0.0,7812,sat
/home/michele/mltlsat/Benchmarks/random0/P0.5N1L90M100T100-3.mltl,0.0,7808,unsat
/home/michele/mltlsat/Benchmarks/random0/P0.5N1L90M100T100-4.mltl,0.0,7799.2,sat
/home/michele/mltlsat/Benchmarks/random0/P0.5N1L90M100T100-5.mltl,0.01,10866.4,sat
/home/michele/mltlsat/Benchmarks/random0/P0.5N1L90M100T100-6.mltl,0.0,7778.4,sat
/home/michele/mltlsat/Benchmarks/random0/P0.5N1L90M100T100-7.mltl,0.0,7804,sat
/home/michele/mltlsat/Benchmarks/random0/P0.5N1L90M100T100-8.mltl,0.01,10866.4,sat
/home/michele/mltlsat/Benchmarks/random0/P0.5N1L90M100T100-9.mltl,0.0,7778.4,unsat
/home/michele/mltlsat/Benchmarks/random0/P0.5N1L95M100T100-10.mltl,0.0,9360.8,sat
/home/michele/mltlsat/Benchmarks/random0/P0.5N1L95M100T100-1.mltl,0.0,9326.4,sat
/home/michele/mltlsat/Benchmarks/random0/P0.5N1L95M100T100-2.mltl,0.0,7780,unsat
/home/michele/mltlsat/Benchmarks/random0/P0.5N1L95M100T100-3.mltl,0.0,7792.8,sat
/home/michele/mltlsat/Benchmarks/random0/P0.5N1L95M100T100-4.mltl,0.02,8724,sat
/home/michele/mltlsat/Benchmarks/random0/P0.5N1L95M100T100-5.mltl,0.0,7779.2,unsat
/home/michele/mltlsat/Benchmarks/random0/P0.5N1L95M100T100-6.mltl,0.01,9336.8,sat
/home/michele/mltlsat/Benchmarks/random0/P0.5N1L95M100T100-7.mltl,0.0,7804.8,sat
/home/michele/mltlsat/Benchmarks/random0/P0.5N1L95M100T100-8.mltl,0.0,7474.4,sat
/home/michele/mltlsat/Benchmarks/random0/P0.5N1L95M100T100-9.mltl,0.0,7824.8,sat
/home/michele/mltlsat/Benchmarks/random0/P0.5N2L100M100T100-10.mltl,0.05,13948.8,sat
/home/michele/mltlsat/Benchmarks/random0/P0.5N2L100M100T100-1.mltl,0.0,7791.2,sat
/home/michele/mltlsat/Benchmarks/random0/P0.5N2L100M100T100-2.mltl,8.26,2320708,sat
/home/michele/mltlsat/Benchmarks/random0/P0.5N2L100M100T100-3.mltl,0.0,7785.6,sat
/home/michele/mltlsat/Benchmarks/random0/P0.5N2L100M100T100-4.mltl,0.01,9320.8,sat
/home/michele/mltlsat/Benchmarks/random0/P0.5N2L100M100T100-5.mltl,0.0,7835.2,sat
/home/michele/mltlsat/Benchmarks/random0/P0.5N2L100M100T100-6.mltl,0.0,9329.6,sat
/home/michele/mltlsat/Benchmarks/random0/P0.5N2L100M100T100-7.mltl,0.15,30536.8,sat
/home/michele/mltlsat/Benchmarks/random0/P0.5N2L100M100T100-8.mltl,0.01,9367.2,sat
/home/michele/mltlsat/Benchmarks/random0/P0.5N2L100M100T100-9.mltl,0.0,7801.6,sat
/home/michele/mltlsat/Benchmarks/random0/P0.5N2L10M100T100-10.mltl,0.0,7804,sat
/home/michele/mltlsat/Benchmarks/random0/P0.5N2L10M100T100-1.mltl,0.0,7788,sat
/home/michele/mltlsat/Benchmarks/random0/P0.5N2L10M100T100-2.mltl,0.0,7800.8,sat
/home/michele/mltlsat/Benchmarks/random0/P0.5N2L10M100T100-3.mltl,0.0,7798.4,sat
/home/michele/mltlsat/Benchmarks/random0/P0.5N2L10M100T100-4.mltl,0.0,9316,sat
/home/michele/mltlsat/Benchmarks/random0/P0.5N2L10M100T100-5.mltl,0.0,7791.2,sat
/home/michele/mltlsat/Benchmarks/random0/P0.5N2L10M100T100-6.mltl,0.0,9312,sat
/home/michele/mltlsat/Benchmarks/random0/P0.5N2L10M100T100-7.mltl,0.0,7819.2,sat
/home/michele/mltlsat/Benchmarks/random0/P0.5N2L10M100T100-8.mltl,0.0,7803.2,sat
/home/michele/mltlsat/Benchmarks/random0/P0.5N2L10M100T100-9.mltl,0.0,7779.2,sat
/home/michele/mltlsat/Benchmarks/random0/P0.5N2L15M100T100-10.mltl,0.0,7792,sat
/home/michele/mltlsat/Benchmarks/random0/P0.5N2L15M100T100-1.mltl,0.0,7828,sat
/home/michele/mltlsat/Benchmarks/random0/P0.5N2L15M100T100-2.mltl,0.0,7818.4,sat
/home/michele/mltlsat/Benchmarks/random0/P0.5N2L15M100T100-3.mltl,0.0,7775.2,sat
/home/michele/mltlsat/Benchmarks/random0/P0.5N2L15M100T100-4.mltl,0.0,7815.2,sat
/home/michele/mltlsat/Benchmarks/random0/P0.5N2L15M100T100-5.mltl,0.0,7799.2,sat
/home/michele/mltlsat/Benchmarks/random0/P0.5N2L15M100T100-6.mltl,0.0,7790.4,sat
/home/michele/mltlsat/Benchmarks/random0/P0.5N2L15M100T100-7.mltl,0.0,7803.2,sat
/home/michele/mltlsat/Benchmarks/random0/P0.5N2L15M100T100-8.mltl,0.0,7782.4,unsat
/home/michele/mltlsat/Benchmarks/random0/P0.5N2L15M100T100-9.mltl,0.0,7800,sat
/home/michele/mltlsat/Benchmarks/random0/P0.5N2L20M100T100-10.mltl,0.0,7797.6,unsat
/home/michele/mltlsat/Benchmarks/random0/P0.5N2L20M100T100-1.mltl,0.01,9330.4,sat
/home/michele/mltlsat/Benchmarks/random0/P0.5N2L20M100T100-2.mltl,0.0,7795.2,sat
/home/michele/mltlsat/Benchmarks/random0/P0.5N2L20M100T100-3.mltl,0.0,9349.6,sat
/home/michele/mltlsat/Benchmarks/random0/P0.5N2L20M100T100-4.mltl,0.0,7819.2,sat
/home/michele/mltlsat/Benchmarks/random0/P0.5N2L20M100T100-5.mltl,0.0,7827.2,sat
/home/michele/mltlsat/Benchmarks/random0/P0.5N2L20M100T100-6.mltl,0.14,9320,unsat
/home/michele/mltlsat/Benchmarks/random0/P0.5N2L20M100T100-7.mltl,0.0,7815.2,unsat
/home/michele/mltlsat/Benchmarks/random0/P0.5N2L20M100T100-8.mltl,0.0,7502.4,sat
/home/michele/mltlsat/Benchmarks/random0/P0.5N2L20M100T100-9.mltl,0.0,7515.2,sat
/home/michele/mltlsat/Benchmarks/random0/P0.5N2L25M100T100-10.mltl,0.0,7793.6,sat
/home/michele/mltlsat/Benchmarks/random0/P0.5N2L25M100T100-1.mltl,0.042,17004.8,sat
/home/michele/mltlsat/Benchmarks/random0/P0.5N2L25M100T100-2.mltl,0.0,7796,sat
/home/michele/mltlsat/Benchmarks/random0/P0.5N2L25M100T100-3.mltl,0.0,9024,sat
/home/michele/mltlsat/Benchmarks/random0/P0.5N2L25M100T100-4.mltl,0.0,7806.4,sat
/home/michele/mltlsat/Benchmarks/random0/P0.5N2L25M100T100-5.mltl,0.0,7780.8,sat
/home/michele/mltlsat/Benchmarks/random0/P0.5N2L25M100T100-6.mltl,0.0,9336.8,sat
/home/michele/mltlsat/Benchmarks/random0/P0.5N2L25M100T100-7.mltl,0.0,7481.6,sat
/home/michele/mltlsat/Benchmarks/random0/P0.5N2L25M100T100-8.mltl,0.0,7788,sat
/home/michele/mltlsat/Benchmarks/random0/P0.5N2L25M100T100-9.mltl,0.0,7777.6,sat
/home/michele/mltlsat/Benchmarks/random0/P0.5N2L30M100T100-10.mltl,0.0,7815.2,sat
/home/michele/mltlsat/Benchmarks/random0/P0.5N2L30M100T100-1.mltl,0.01,9314.4,sat
/home/michele/mltlsat/Benchmarks/random0/P0.5N2L30M100T100-2.mltl,0.0,7813.6,sat
/home/michele/mltlsat/Benchmarks/random0/P0.5N2L30M100T100-3.mltl,0.366,16704.8,sat
/home/michele/mltlsat/Benchmarks/random0/P0.5N2L30M100T100-4.mltl,0.0,7788.8,sat
/home/michele/mltlsat/Benchmarks/random0/P0.5N2L30M100T100-5.mltl,0.0,7824.8,unsat
/home/michele/mltlsat/Benchmarks/random0/P0.5N2L30M100T100-6.mltl,0.01,9332,sat
/home/michele/mltlsat/Benchmarks/random0/P0.5N2L30M100T100-7.mltl,0.3,58468,sat
/home/michele/mltlsat/Benchmarks/random0/P0.5N2L30M100T100-8.mltl,0.0,7806.4,sat
/home/michele/mltlsat/Benchmarks/random0/P0.5N2L30M100T100-9.mltl,0.01,12110.4,sat
/home/michele/mltlsat/Benchmarks/random0/P0.5N2L35M100T100-10.mltl,0.0,7795.2,sat
/home/michele/mltlsat/Benchmarks/random0/P0.5N2L35M100T100-1.mltl,0.03,19764,sat
/home/michele/mltlsat/Benchmarks/random0/P0.5N2L35M100T100-2.mltl,-1,-1,TO
/home/michele/mltlsat/Benchmarks/random0/P0.5N2L35M100T100-3.mltl,-1,-1,TO
/home/michele/mltlsat/Benchmarks/random0/P0.5N2L35M100T100-4.mltl,0.05,10850.4,sat
/home/michele/mltlsat/Benchmarks/random0/P0.5N2L35M100T100-5.mltl,0.0,7812,sat
/home/michele/mltlsat/Benchmarks/random0/P0.5N2L35M100T100-6.mltl,0.0,7818.4,sat
/home/michele/mltlsat/Benchmarks/random0/P0.5N2L35M100T100-7.mltl,0.0,7768.8,sat
/home/michele/mltlsat/Benchmarks/random0/P0.5N2L35M100T100-8.mltl,0.0,7774.4,unsat
/home/michele/mltlsat/Benchmarks/random0/P0.5N2L35M100T100-9.mltl,0.02,12400.8,sat
/home/michele/mltlsat/Benchmarks/random0/P0.5N2L40M100T100-10.mltl,0.0,7799.2,sat
/home/michele/mltlsat/Benchmarks/random0/P0.5N2L40M100T100-1.mltl,0.0,7792.8,sat
/home/michele/mltlsat/Benchmarks/random0/P0.5N2L40M100T100-2.mltl,0.0,7782.4,sat
/home/michele/mltlsat/Benchmarks/random0/P0.5N2L40M100T100-3.mltl,0.0,7796.8,sat
/home/michele/mltlsat/Benchmarks/random0/P0.5N2L40M100T100-4.mltl,0.0,7820,sat
/home/michele/mltlsat/Benchmarks/random0/P0.5N2L40M100T100-5.mltl,0.0,7812,sat
/home/michele/mltlsat/Benchmarks/random0/P0.5N2L40M100T100-6.mltl,0.0,7789.6,unsat
/home/michele/mltlsat/Benchmarks/random0/P0.5N2L40M100T100-7.mltl,0.0,7800.8,sat
/home/michele/mltlsat/Benchmarks/random0/P0.5N2L40M100T100-8.mltl,0.0,7836,sat
/home/michele/mltlsat/Benchmarks/random0/P0.5N2L40M100T100-9.mltl,0.0,7804,unsat
/home/michele/mltlsat/Benchmarks/random0/P0.5N2L45M100T100-10.mltl,0.03,10249.6,sat
/home/michele/mltlsat/Benchmarks/random0/P0.5N2L45M100T100-1.mltl,7.378,1608606.4,sat
/home/michele/mltlsat/Benchmarks/random0/P0.5N2L45M100T100-2.mltl,0.0,7787.2,sat
/home/michele/mltlsat/Benchmarks/random0/P0.5N2L45M100T100-3.mltl,0.01,9353.6,sat
/home/michele/mltlsat/Benchmarks/random0/P0.5N2L45M100T100-4.mltl,0.0,7804.8,sat
/home/michele/mltlsat/Benchmarks/random0/P0.5N2L45M100T100-5.mltl,0.0,7814.4,sat
/home/michele/mltlsat/Benchmarks/random0/P0.5N2L45M100T100-6.mltl,0.0,7795.2,sat
/home/michele/mltlsat/Benchmarks/random0/P0.5N2L45M100T100-7.mltl,0.0,7799.2,sat
/home/michele/mltlsat/Benchmarks/random0/P0.5N2L45M100T100-8.mltl,0.01,9050.4,sat
/home/michele/mltlsat/Benchmarks/random0/P0.5N2L45M100T100-9.mltl,0.0,7787.2,unsat
/home/michele/mltlsat/Benchmarks/random0/P0.5N2L50M100T100-10.mltl,0.0,7784.8,sat
/home/michele/mltlsat/Benchmarks/random0/P0.5N2L50M100T100-1.mltl,0.0,7800.8,sat
/home/michele/mltlsat/Benchmarks/random0/P0.5N2L50M100T100-2.mltl,0.0,7796,sat
/home/michele/mltlsat/Benchmarks/random0/P0.5N2L50M100T100-3.mltl,0.0,7788,sat
/home/michele/mltlsat/Benchmarks/random0/P0.5N2L50M100T100-4.mltl,0.0,7784.8,unsat
/home/michele/mltlsat/Benchmarks/random0/P0.5N2L50M100T100-5.mltl,0.01,9339.2,sat
/home/michele/mltlsat/Benchmarks/random0/P0.5N2L50M100T100-6.mltl,0.0,7781.6,sat
/home/michele/mltlsat/Benchmarks/random0/P0.5N2L50M100T100-7.mltl,0.0,7770.4,unsat
/home/michele/mltlsat/Benchmarks/random0/P0.5N2L50M100T100-8.mltl,0.0,7822.4,unsat
/home/michele/mltlsat/Benchmarks/random0/P0.5N2L50M100T100-9.mltl,0.0,7792.8,sat
/home/michele/mltlsat/Benchmarks/random0/P0.5N2L55M100T100-10.mltl,0.0,7816,sat
/home/michele/mltlsat/Benchmarks/random0/P0.5N2L55M100T100-1.mltl,0.0,7810.4,sat
/home/michele/mltlsat/Benchmarks/random0/P0.5N2L55M100T100-2.mltl,0.0,10872.8,sat
/home/michele/mltlsat/Benchmarks/random0/P0.5N2L55M100T100-3.mltl,0.0,7832.8,sat
/home/michele/mltlsat/Benchmarks/random0/P0.5N2L55M100T100-4.mltl,0.0,7795.2,unsat
/home/michele/mltlsat/Benchmarks/random0/P0.5N2L55M100T100-5.mltl,0.0,7803.2,sat
/home/michele/mltlsat/Benchmarks/random0/P0.5N2L55M100T100-6.mltl,-1,-1,TO
/home/michele/mltlsat/Benchmarks/random0/P0.5N2L55M100T100-7.mltl,0.0,7780.8,sat
/home/michele/mltlsat/Benchmarks/random0/P0.5N2L55M100T100-8.mltl,0.0,7804,sat
/home/michele/mltlsat/Benchmarks/random0/P0.5N2L55M100T100-9.mltl,0.0,7818.4,sat
/home/michele/mltlsat/Benchmarks/random0/P0.5N2L5M100T100-10.mltl,0.0,7799.2,sat
/home/michele/mltlsat/Benchmarks/random0/P0.5N2L5M100T100-1.mltl,0.0,7788.8,sat
/home/michele/mltlsat/Benchmarks/random0/P0.5N2L5M100T100-2.mltl,0.0,7819.2,sat
/home/michele/mltlsat/Benchmarks/random0/P0.5N2L5M100T100-3.mltl,0.0,7819.2,sat
/home/michele/mltlsat/Benchmarks/random0/P0.5N2L5M100T100-4.mltl,0.0,7808.8,sat
/home/michele/mltlsat/Benchmarks/random0/P0.5N2L5M100T100-5.mltl,0.0,7802.4,sat
/home/michele/mltlsat/Benchmarks/random0/P0.5N2L5M100T100-6.mltl,0.0,7802.4,sat
/home/michele/mltlsat/Benchmarks/random0/P0.5N2L5M100T100-7.mltl,0.0,7823.2,sat
/home/michele/mltlsat/Benchmarks/random0/P0.5N2L5M100T100-8.mltl,0.0,7821.6,sat
/home/michele/mltlsat/Benchmarks/random0/P0.5N2L5M100T100-9.mltl,0.0,7814.4,sat
/home/michele/mltlsat/Benchmarks/random0/P0.5N2L60M100T100-10.mltl,0.33,18560.8,sat
/home/michele/mltlsat/Benchmarks/random0/P0.5N2L60M100T100-1.mltl,0.0,7784.8,sat
/home/michele/mltlsat/Benchmarks/random0/P0.5N2L60M100T100-2.mltl,0.0,7814.4,sat
/home/michele/mltlsat/Benchmarks/random0/P0.5N2L60M100T100-3.mltl,0.0,7803.2,unsat
/home/michele/mltlsat/Benchmarks/random0/P0.5N2L60M100T100-4.mltl,0.0,7800,sat
/home/michele/mltlsat/Benchmarks/random0/P0.5N2L60M100T100-5.mltl,0.01,10888.8,sat
/home/michele/mltlsat/Benchmarks/random0/P0.5N2L60M100T100-6.mltl,0.0,9336.8,sat
/home/michele/mltlsat/Benchmarks/random0/P0.5N2L60M100T100-7.mltl,0.0,9332.8,sat
/home/michele/mltlsat/Benchmarks/random0/P0.5N2L60M100T100-8.mltl,0.0,7810.4,unsat
/home/michele/mltlsat/Benchmarks/random0/P0.5N2L60M100T100-9.mltl,0.0,7804,sat
/home/michele/mltlsat/Benchmarks/random0/P0.5N2L65M100T100-10.mltl,0.0,9375.2,sat
/home/michele/mltlsat/Benchmarks/random0/P0.5N2L65M100T100-1.mltl,0.006,9320.8,sat
/home/michele/mltlsat/Benchmarks/random0/P0.5N2L65M100T100-2.mltl,0.0,7779.2,sat
/home/michele/mltlsat/Benchmarks/random0/P0.5N2L65M100T100-3.mltl,0.0,7800.8,sat
/home/michele/mltlsat/Benchmarks/random0/P0.5N2L65M100T100-4.mltl,0.0,7789.6,unsat
/home/michele/mltlsat/Benchmarks/random0/P0.5N2L65M100T100-5.mltl,2.828,22525.6,sat
/home/michele/mltlsat/Benchmarks/random0/P0.5N2L65M100T100-6.mltl,0.01,9330.4,sat
/home/michele/mltlsat/Benchmarks/random0/P0.5N2L65M100T100-7.mltl,0.0,9327.2,sat
/home/michele/mltlsat/Benchmarks/random0/P0.5N2L65M100T100-8.mltl,0.01,13941.6,sat
/home/michele/mltlsat/Benchmarks/random0/P0.5N2L65M100T100-9.mltl,0.0,7784.8,sat
/home/michele/mltlsat/Benchmarks/random0/P0.5N2L70M100T100-10.mltl,0.0,7816,sat
/home/michele/mltlsat/Benchmarks/random0/P0.5N2L70M100T100-1.mltl,0.0,7784.8,sat
/home/michele/mltlsat/Benchmarks/random0/P0.5N2L70M100T100-2.mltl,0.0,7799.2,sat
/home/michele/mltlsat/Benchmarks/random0/P0.5N2L70M100T100-3.mltl,0.0,7788.8,sat
/home/michele/mltlsat/Benchmarks/random0/P0.5N2L70M100T100-4.mltl,0.0,9350.4,sat
/home/michele/mltlsat/Benchmarks/random0/P0.5N2L70M100T100-5.mltl,0.0,7810.4,sat
/home/michele/mltlsat/Benchmarks/random0/P0.5N2L70M100T100-6.mltl,0.0,7808,sat
/home/michele/mltlsat/Benchmarks/random0/P0.5N2L70M100T100-7.mltl,2.306,30540.8,sat
/home/michele/mltlsat/Benchmarks/random0/P0.5N2L70M100T100-8.mltl,0.202,20077.6,sat
/home/michele/mltlsat/Benchmarks/random0/P0.5N2L70M100T100-9.mltl,0.404,39767.2,sat
/home/michele/mltlsat/Benchmarks/random0/P0.5N2L75M100T100-10.mltl,0.018000000000000002,12400.8,sat
/home/michele/mltlsat/Benchmarks/random0/P0.5N2L75M100T100-1.mltl,0.0,7814.4,sat
/home/michele/mltlsat/Benchmarks/random0/P0.5N2L75M100T100-2.mltl,0.01,9323.2,sat
/home/michele/mltlsat/Benchmarks/random0/P0.5N2L75M100T100-3.mltl,-1,-1,TO
/home/michele/mltlsat/Benchmarks/random0/P0.5N2L75M100T100-4.mltl,0.88,16726.4,sat
/home/michele/mltlsat/Benchmarks/random0/P0.5N2L75M100T100-5.mltl,0.01,12398.4,sat
/home/michele/mltlsat/Benchmarks/random0/P0.5N2L75M100T100-6.mltl,0.03,9331.2,sat
/home/michele/mltlsat/Benchmarks/random0/P0.5N2L75M100T100-7.mltl,0.01,10904.8,sat
/home/michele/mltlsat/Benchmarks/random0/P0.5N2L75M100T100-8.mltl,-1,-1,TO
/home/michele/mltlsat/Benchmarks/random0/P0.5N2L75M100T100-9.mltl,-1,-1,TO
/home/michele/mltlsat/Benchmarks/random0/P0.5N2L80M100T100-10.mltl,-1,-1,TO
/home/michele/mltlsat/Benchmarks/random0/P0.5N2L80M100T100-1.mltl,0.0,7782.4,sat
/home/michele/mltlsat/Benchmarks/random0/P0.5N2L80M100T100-2.mltl,-1,-1,TO
/home/michele/mltlsat/Benchmarks/random0/P0.5N2L80M100T100-3.mltl,0.01,12404.8,sat
/home/michele/mltlsat/Benchmarks/random0/P0.5N2L80M100T100-4.mltl,0.0,7784.8,sat
/home/michele/mltlsat/Benchmarks/random0/P0.5N2L80M100T100-5.mltl,0.0,7796,sat
/home/michele/mltlsat/Benchmarks/random0/P0.5N2L80M100T100-6.mltl,0.0,9317.6,sat
/home/michele/mltlsat/Benchmarks/random0/P0.5N2L80M100T100-7.mltl,0.02,12389.6,sat
/home/michele/mltlsat/Benchmarks/random0/P0.5N2L80M100T100-8.mltl,0.0,9340.8,sat
/home/michele/mltlsat/Benchmarks/random0/P0.5N2L80M100T100-9.mltl,0.0,7808,sat
/home/michele/mltlsat/Benchmarks/random0/P0.5N2L85M100T100-10.mltl,0.0,7805.6,sat
/home/michele/mltlsat/Benchmarks/random0/P0.5N2L85M100T100-1.mltl,0.0,7806.4,sat
/home/michele/mltlsat/Benchmarks/random0/P0.5N2L85M100T100-2.mltl,0.0,7810.4,sat
/home/michele/mltlsat/Benchmarks/random0/P0.5N2L85M100T100-3.mltl,2.882,21318.4,sat
/home/michele/mltlsat/Benchmarks/random0/P0.5N2L85M100T100-4.mltl,0.0,7807.2,sat
/home/michele/mltlsat/Benchmarks/random0/P0.5N2L85M100T100-5.mltl,0.15,29300.8,sat
/home/michele/mltlsat/Benchmarks/random0/P0.5N2L85M100T100-6.mltl,0.01,9320,sat
/home/michele/mltlsat/Benchmarks/random0/P0.5N2L85M100T100-7.mltl,0.048,10554.4,sat
/home/michele/mltlsat/Benchmarks/random0/P0.5N2L85M100T100-8.mltl,0.0,7774.4,sat
/home/michele/mltlsat/Benchmarks/random0/P0.5N2L85M100T100-9.mltl,0.806,276592.8,sat
/home/michele/mltlsat/Benchmarks/random0/P0.5N2L90M100T100-10.mltl,0.138,33922.4,sat
/home/michele/mltlsat/Benchmarks/random0/P0.5N2L90M100T100-1.mltl,0.0,7792.8,sat
/home/michele/mltlsat/Benchmarks/random0/P0.5N2L90M100T100-2.mltl,0.896,366922.4,sat
/home/michele/mltlsat/Benchmarks/random0/P0.5N2L90M100T100-3.mltl,0.02,10856.8,sat
/home/michele/mltlsat/Benchmarks/random0/P0.5N2L90M100T100-4.mltl,0.17,9304,unsat
/home/michele/mltlsat/Benchmarks/random0/P0.5N2L90M100T100-5.mltl,0.0,7774.4,sat
/home/michele/mltlsat/Benchmarks/random0/P0.5N2L90M100T100-6.mltl,0.0,7789.6,sat
/home/michele/mltlsat/Benchmarks/random0/P0.5N2L90M100T100-7.mltl,0.0,7796.8,sat
/home/michele/mltlsat/Benchmarks/random0/P0.5N2L90M100T100-8.mltl,0.0,9323.2,sat
/home/michele/mltlsat/Benchmarks/random0/P0.5N2L90M100T100-9.mltl,0.0,7812,unsat
/home/michele/mltlsat/Benchmarks/random0/P0.5N2L95M100T100-10.mltl,0.0,7811.2,sat
/home/michele/mltlsat/Benchmarks/random0/P0.5N2L95M100T100-1.mltl,0.0,7802.4,sat
/home/michele/mltlsat/Benchmarks/random0/P0.5N2L95M100T100-2.mltl,0.0,7773.6,sat
/home/michele/mltlsat/Benchmarks/random0/P0.5N2L95M100T100-3.mltl,0.0,9330.4,sat
/home/michele/mltlsat/Benchmarks/random0/P0.5N2L95M100T100-4.mltl,0.0,7783.2,sat
/home/michele/mltlsat/Benchmarks/random0/P0.5N2L95M100T100-5.mltl,0.04,20092,sat
/home/michele/mltlsat/Benchmarks/random0/P0.5N2L95M100T100-6.mltl,0.0,10856.8,sat
/home/michele/mltlsat/Benchmarks/random0/P0.5N2L95M100T100-7.mltl,0.0,9320.8,sat
/home/michele/mltlsat/Benchmarks/random0/P0.5N2L95M100T100-8.mltl,0.0,7788.8,sat
/home/michele/mltlsat/Benchmarks/random0/P0.5N2L95M100T100-9.mltl,0.02,13931.2,sat
/home/michele/mltlsat/Benchmarks/random0/P0.5N3L100M100T100-10.mltl,0.0,7824.8,sat
/home/michele/mltlsat/Benchmarks/random0/P0.5N3L100M100T100-1.mltl,8.524000000000001,324232,sat
/home/michele/mltlsat/Benchmarks/random0/P0.5N3L100M100T100-2.mltl,0.01,9324,sat
/home/michele/mltlsat/Benchmarks/random0/P0.5N3L100M100T100-3.mltl,0.0,7788.8,sat
/home/michele/mltlsat/Benchmarks/random0/P0.5N3L100M100T100-4.mltl,0.0,9358.4,sat
/home/michele/mltlsat/Benchmarks/random0/P0.5N3L100M100T100-5.mltl,0.0,7788,sat
/home/michele/mltlsat/Benchmarks/random0/P0.5N3L100M100T100-6.mltl,0.0,9324,sat
/home/michele/mltlsat/Benchmarks/random0/P0.5N3L100M100T100-7.mltl,-1,-1,TO
/home/michele/mltlsat/Benchmarks/random0/P0.5N3L100M100T100-8.mltl,0.024,17926.4,sat
/home/michele/mltlsat/Benchmarks/random0/P0.5N3L100M100T100-9.mltl,0.01,9356,unsat
/home/michele/mltlsat/Benchmarks/random0/P0.5N3L10M100T100-10.mltl,0.0,7799.2,sat
/home/michele/mltlsat/Benchmarks/random0/P0.5N3L10M100T100-1.mltl,0.0,7786.4,sat
/home/michele/mltlsat/Benchmarks/random0/P0.5N3L10M100T100-2.mltl,0.0,7783.2,sat
/home/michele/mltlsat/Benchmarks/random0/P0.5N3L10M100T100-3.mltl,0.0,7813.6,sat
/home/michele/mltlsat/Benchmarks/random0/P0.5N3L10M100T100-4.mltl,0.0,7824.8,sat
/home/michele/mltlsat/Benchmarks/random0/P0.5N3L10M100T100-5.mltl,0.0,7806.4,sat
/home/michele/mltlsat/Benchmarks/random0/P0.5N3L10M100T100-6.mltl,0.0,7807.2,sat
/home/michele/mltlsat/Benchmarks/random0/P0.5N3L10M100T100-7.mltl,0.0,9332.8,sat
/home/michele/mltlsat/Benchmarks/random0/P0.5N3L10M100T100-8.mltl,0.0,7801.6,sat
/home/michele/mltlsat/Benchmarks/random0/P0.5N3L10M100T100-9.mltl,0.0,7813.6,sat
/home/michele/mltlsat/Benchmarks/random0/P0.5N3L15M100T100-10.mltl,0.0,7799.2,sat
/home/michele/mltlsat/Benchmarks/random0/P0.5N3L15M100T100-1.mltl,0.0,7790.4,sat
/home/michele/mltlsat/Benchmarks/random0/P0.5N3L15M100T100-2.mltl,0.0,7788,sat
/home/michele/mltlsat/Benchmarks/random0/P0.5N3L15M100T100-3.mltl,0.0,7828,sat
/home/michele/mltlsat/Benchmarks/random0/P0.5N3L15M100T100-4.mltl,0.0,7798.4,sat
/home/michele/mltlsat/Benchmarks/random0/P0.5N3L15M100T100-5.mltl,0.0,7788.8,sat
/home/michele/mltlsat/Benchmarks/random0/P0.5N3L15M100T100-6.mltl,0.0,9333.6,sat
/home/michele/mltlsat/Benchmarks/random0/P0.5N3L15M100T100-7.mltl,0.0,7800,sat
/home/michele/mltlsat/Benchmarks/random0/P0.5N3L15M100T100-8.mltl,0.0,7807.2,sat
/home/michele/mltlsat/Benchmarks/random0/P0.5N3L15M100T100-9.mltl,0.0,7796,sat
/home/michele/mltlsat/Benchmarks/random0/P0.5N3L20M100T100-10.mltl,0.0,7784.8,sat
/home/michele/mltlsat/Benchmarks/random0/P0.5N3L20M100T100-1.mltl,0.0,7795.2,sat
/home/michele/mltlsat/Benchmarks/random0/P0.5N3L20M100T100-2.mltl,0.0,7780.8,sat
/home/michele/mltlsat/Benchmarks/random0/P0.5N3L20M100T100-3.mltl,0.0,7784.8,sat
/home/michele/mltlsat/Benchmarks/random0/P0.5N3L20M100T100-4.mltl,0.0,7819.2,sat
/home/michele/mltlsat/Benchmarks/random0/P0.5N3L20M100T100-5.mltl,0.0,7792,sat
/home/michele/mltlsat/Benchmarks/random0/P0.5N3L20M100T100-6.mltl,0.0,7764,sat
/home/michele/mltlsat/Benchmarks/random0/P0.5N3L20M100T100-7.mltl,0.0,7780,sat
/home/michele/mltlsat/Benchmarks/random0/P0.5N3L20M100T100-8.mltl,0.0,7812.8,sat
/home/michele/mltlsat/Benchmarks/random0/P0.5N3L20M100T100-9.mltl,0.0,7796.8,sat
/home/michele/mltlsat/Benchmarks/random0/P0.5N3L25M100T100-10.mltl,0.0,7788,sat
/home/michele/mltlsat/Benchmarks/random0/P0.5N3L25M100T100-1.mltl,0.0,7800,sat
/home/michele/mltlsat/Benchmarks/random0/P0.5N3L25M100T100-2.mltl,0.318,10872.8,sat
/home/michele/mltlsat/Benchmarks/random0/P0.5N3L25M100T100-3.mltl,0.0,7782.4,sat
/home/michele/mltlsat/Benchmarks/random0/P0.5N3L25M100T100-4.mltl,0.0,9310.4,sat
/home/michele/mltlsat/Benchmarks/random0/P0.5N3L25M100T100-5.mltl,0.0,7796,unsat
/home/michele/mltlsat/Benchmarks/random0/P0.5N3L25M100T100-6.mltl,0.0,7810.4,sat
/home/michele/mltlsat/Benchmarks/random0/P0.5N3L25M100T100-7.mltl,0.0,7814.4,sat
/home/michele/mltlsat/Benchmarks/random0/P0.5N3L25M100T100-8.mltl,0.0,7780,unsat
/home/michele/mltlsat/Benchmarks/random0/P0.5N3L25M100T100-9.mltl,0.0,7788.8,sat
/home/michele/mltlsat/Benchmarks/random0/P0.5N3L30M100T100-10.mltl,0.0,7791.2,sat
/home/michele/mltlsat/Benchmarks/random0/P0.5N3L30M100T100-1.mltl,0.0,7820,sat
/home/michele/mltlsat/Benchmarks/random0/P0.5N3L30M100T100-2.mltl,0.0,7792,sat
/home/michele/mltlsat/Benchmarks/random0/P0.5N3L30M100T100-3.mltl,0.0,7816.8,unsat
/home/michele/mltlsat/Benchmarks/random0/P0.5N3L30M100T100-4.mltl,0.01,10868.8,sat
/home/michele/mltlsat/Benchmarks/random0/P0.5N3L30M100T100-5.mltl,0.0,7784,unsat
/home/michele/mltlsat/Benchmarks/random0/P0.5N3L30M100T100-6.mltl,0.0,9336,sat
/home/michele/mltlsat/Benchmarks/random0/P0.5N3L30M100T100-7.mltl,0.0,7815.2,unsat
/home/michele/mltlsat/Benchmarks/random0/P0.5N3L30M100T100-8.mltl,0.0,7779.2,sat
/home/michele/mltlsat/Benchmarks/random0/P0.5N3L30M100T100-9.mltl,0.0,9352.8,sat
/home/michele/mltlsat/Benchmarks/random0/P0.5N3L35M100T100-10.mltl,0.478,15493.6,sat
/home/michele/mltlsat/Benchmarks/random0/P0.5N3L35M100T100-1.mltl,0.0,7784,sat
/home/michele/mltlsat/Benchmarks/random0/P0.5N3L35M100T100-2.mltl,0.0,7797.6,sat
/home/michele/mltlsat/Benchmarks/random0/P0.5N3L35M100T100-3.mltl,0.0,7786.4,sat
/home/michele/mltlsat/Benchmarks/random0/P0.5N3L35M100T100-4.mltl,0.0,7812,sat
/home/michele/mltlsat/Benchmarks/random0/P0.5N3L35M100T100-5.mltl,-1,-1,TO
/home/michele/mltlsat/Benchmarks/random0/P0.5N3L35M100T100-6.mltl,0.0,7808.8,sat
/home/michele/mltlsat/Benchmarks/random0/P0.5N3L35M100T100-7.mltl,0.0,7791.2,sat
/home/michele/mltlsat/Benchmarks/random0/P0.5N3L35M100T100-8.mltl,0.02,9327.2,sat
/home/michele/mltlsat/Benchmarks/random0/P0.5N3L35M100T100-9.mltl,0.0,7812.8,sat
/home/michele/mltlsat/Benchmarks/random0/P0.5N3L40M100T100-10.mltl,-1,-1,TO
/home/michele/mltlsat/Benchmarks/random0/P0.5N3L40M100T100-1.mltl,0.02,9337.6,sat
/home/michele/mltlsat/Benchmarks/random0/P0.5N3L40M100T100-2.mltl,0.0,7798.4,sat
/home/michele/mltlsat/Benchmarks/random0/P0.5N3L40M100T100-3.mltl,0.0,7780.8,sat
/home/michele/mltlsat/Benchmarks/random0/P0.5N3L40M100T100-4.mltl,0.0,7800.8,sat
/home/michele/mltlsat/Benchmarks/random0/P0.5N3L40M100T100-5.mltl,0.0,7797.6,unsat
/home/michele/mltlsat/Benchmarks/random0/P0.5N3L40M100T100-6.mltl,0.004,9318.4,sat
/home/michele/mltlsat/Benchmarks/random0/P0.5N3L40M100T100-7.mltl,0.01,9336.8,sat
/home/michele/mltlsat/Benchmarks/random0/P0.5N3L40M100T100-8.mltl,0.0,7793.6,sat
/home/michele/mltlsat/Benchmarks/random0/P0.5N3L40M100T100-9.mltl,0.082,15500,sat
/home/michele/mltlsat/Benchmarks/random0/P0.5N3L45M100T100-10.mltl,0.02,9360,sat
/home/michele/mltlsat/Benchmarks/random0/P0.5N3L45M100T100-1.mltl,0.0,7799.2,sat
/home/michele/mltlsat/Benchmarks/random0/P0.5N3L45M100T100-2.mltl,0.0,10844,sat
/home/michele/mltlsat/Benchmarks/random0/P0.5N3L45M100T100-3.mltl,0.0,7828,sat
/home/michele/mltlsat/Benchmarks/random0/P0.5N3L45M100T100-4.mltl,0.476,10855.2,sat
/home/michele/mltlsat/Benchmarks/random0/P0.5N3L45M100T100-5.mltl,0.0,7792,sat
/home/michele/mltlsat/Benchmarks/random0/P0.5N3L45M100T100-6.mltl,0.0,7817.6,unsat
/home/michele/mltlsat/Benchmarks/random0/P0.5N3L45M100T100-7.mltl,0.0,9308,sat
/home/michele/mltlsat/Benchmarks/random0/P0.5N3L45M100T100-8.mltl,0.0,7799.2,sat
/home/michele/mltlsat/Benchmarks/random0/P0.5N3L45M100T100-9.mltl,0.0,7794.4,sat
/home/michele/mltlsat/Benchmarks/random0/P0.5N3L50M100T100-10.mltl,0.0,7819.2,sat
/home/michele/mltlsat/Benchmarks/random0/P0.5N3L50M100T100-1.mltl,0.0,7789.6,sat
/home/michele/mltlsat/Benchmarks/random0/P0.5N3L50M100T100-2.mltl,0.03,21324,sat
/home/michele/mltlsat/Benchmarks/random0/P0.5N3L50M100T100-3.mltl,0.0,7800.8,sat
/home/michele/mltlsat/Benchmarks/random0/P0.5N3L50M100T100-4.mltl,0.0,7780,sat
/home/michele/mltlsat/Benchmarks/random0/P0.5N3L50M100T100-5.mltl,0.02,10864,sat
/home/michele/mltlsat/Benchmarks/random0/P0.5N3L50M100T100-6.mltl,0.02,13940,sat
/home/michele/mltlsat/Benchmarks/random0/P0.5N3L50M100T100-7.mltl,0.04,13934.4,sat
/home/michele/mltlsat/Benchmarks/random0/P0.5N3L50M100T100-8.mltl,0.59,30869.6,sat
/home/michele/mltlsat/Benchmarks/random0/P0.5N3L50M100T100-9.mltl,0.01,9344.8,sat
/home/michele/mltlsat/Benchmarks/random0/P0.5N3L55M100T100-10.mltl,0.0,9323.2,sat
/home/michele/mltlsat/Benchmarks/random0/P0.5N3L55M100T100-1.mltl,3.432,17933.6,sat
/home/michele/mltlsat/Benchmarks/random0/P0.5N3L55M100T100-2.mltl,0.02,13959.2,sat
/home/michele/mltlsat/Benchmarks/random0/P0.5N3L55M100T100-3.mltl,0.0,7834.4,sat
/home/michele/mltlsat/Benchmarks/random0/P0.5N3L55M100T100-4.mltl,0.03,9340,sat
/home/michele/mltlsat/Benchmarks/random0/P0.5N3L55M100T100-5.mltl,0.02,13628,sat
/home/michele/mltlsat/Benchmarks/random0/P0.5N3L55M100T100-6.mltl,0.0,7814.4,sat
/home/michele/mltlsat/Benchmarks/random0/P0.5N3L55M100T100-7.mltl,0.0,7794.4,sat
/home/michele/mltlsat/Benchmarks/random0/P0.5N3L55M100T100-8.mltl,0.0,7792,sat
/home/michele/mltlsat/Benchmarks/random0/P0.5N3L55M100T100-9.mltl,0.0,7789.6,sat
/home/michele/mltlsat/Benchmarks/random0/P0.5N3L5M100T100-10.mltl,0.0,7800.8,sat
/home/michele/mltlsat/Benchmarks/random0/P0.5N3L5M100T100-1.mltl,0.0,7799.2,unsat
/home/michele/mltlsat/Benchmarks/random0/P0.5N3L5M100T100-2.mltl,0.0,7787.2,sat
/home/michele/mltlsat/Benchmarks/random0/P0.5N3L5M100T100-3.mltl,0.0,7792,sat
/home/michele/mltlsat/Benchmarks/random0/P0.5N3L5M100T100-4.mltl,0.0,7819.2,sat
/home/michele/mltlsat/Benchmarks/random0/P0.5N3L5M100T100-5.mltl,0.0,7780,sat
/home/michele/mltlsat/Benchmarks/random0/P0.5N3L5M100T100-6.mltl,0.0,7795.2,sat
/home/michele/mltlsat/Benchmarks/random0/P0.5N3L5M100T100-7.mltl,0.0,7812,sat
/home/michele/mltlsat/Benchmarks/random0/P0.5N3L5M100T100-8.mltl,0.0,7765.6,sat
/home/michele/mltlsat/Benchmarks/random0/P0.5N3L5M100T100-9.mltl,0.0,7796.8,sat
/home/michele/mltlsat/Benchmarks/random0/P0.5N3L60M100T100-10.mltl,0.0,7771.2,sat
/home/michele/mltlsat/Benchmarks/random0/P0.5N3L60M100T100-1.mltl,0.0,7804,sat
/home/michele/mltlsat/Benchmarks/random0/P0.5N3L60M100T100-2.mltl,0.0,7790.4,sat
/home/michele/mltlsat/Benchmarks/random0/P0.5N3L60M100T100-3.mltl,0.768,405309.6,sat
/home/michele/mltlsat/Benchmarks/random0/P0.5N3L60M100T100-4.mltl,0.0,7808.8,sat
/home/michele/mltlsat/Benchmarks/random0/P0.5N3L60M100T100-5.mltl,0.03,10865.6,sat
/home/michele/mltlsat/Benchmarks/random0/P0.5N3L60M100T100-6.mltl,0.0,9340,sat
/home/michele/mltlsat/Benchmarks/random0/P0.5N3L60M100T100-7.mltl,0.0,7819.2,sat
/home/michele/mltlsat/Benchmarks/random0/P0.5N3L60M100T100-8.mltl,0.0,7805.6,sat
/home/michele/mltlsat/Benchmarks/random0/P0.5N3L60M100T100-9.mltl,0.01,12404.8,sat
/home/michele/mltlsat/Benchmarks/random0/P0.5N3L65M100T100-10.mltl,0.03,15480.8,sat
/home/michele/mltlsat/Benchmarks/random0/P0.5N3L65M100T100-1.mltl,0.0,7810.4,sat
/home/michele/mltlsat/Benchmarks/random0/P0.5N3L65M100T100-2.mltl,0.0,9354.4,sat
/home/michele/mltlsat/Benchmarks/random0/P0.5N3L65M100T100-3.mltl,0.17400000000000002,26244,sat
/home/michele/mltlsat/Benchmarks/random0/P0.5N3L65M100T100-4.mltl,0.0,7818.4,sat
/home/michele/mltlsat/Benchmarks/random0/P0.5N3L65M100T100-5.mltl,0.0,7776.8,sat
/home/michele/mltlsat/Benchmarks/random0/P0.5N3L65M100T100-6.mltl,0.0,9310.4,sat
/home/michele/mltlsat/Benchmarks/random0/P0.5N3L65M100T100-7.mltl,0.002,10845.6,sat
/home/michele/mltlsat/Benchmarks/random0/P0.5N3L65M100T100-8.mltl,0.0,7801.6,sat
/home/michele/mltlsat/Benchmarks/random0/P0.5N3L65M100T100-9.mltl,0.01,9334.4,sat
/home/michele/mltlsat/Benchmarks/random0/P0.5N3L70M100T100-10.mltl,0.182,35449.6,sat
/home/michele/mltlsat/Benchmarks/random0/P0.5N3L70M100T100-1.mltl,0.0,9342.4,sat
/home/michele/mltlsat/Benchmarks/random0/P0.5N3L70M100T100-2.mltl,0.0,7796.8,sat
/home/michele/mltlsat/Benchmarks/random0/P0.5N3L70M100T100-3.mltl,0.01,12441.6,sat
/home/michele/mltlsat/Benchmarks/random0/P0.5N3L70M100T100-4.mltl,0.0,7783.2,sat
/home/michele/mltlsat/Benchmarks/random0/P0.5N3L70M100T100-5.mltl,0.0,7790.4,sat
/home/michele/mltlsat/Benchmarks/random0/P0.5N3L70M100T100-6.mltl,0.0,7804.8,sat
/home/michele/mltlsat/Benchmarks/random0/P0.5N3L70M100T100-7.mltl,-1,-1,OOM
/home/michele/mltlsat/Benchmarks/random0/P0.5N3L70M100T100-8.mltl,0.0,7800,sat
/home/michele/mltlsat/Benchmarks/random0/P0.5N3L70M100T100-9.mltl,0.0,7793.6,sat
/home/michele/mltlsat/Benchmarks/random0/P0.5N3L75M100T100-10.mltl,-1,-1,TO
/home/michele/mltlsat/Benchmarks/random0/P0.5N3L75M100T100-1.mltl,0.046,21603.2,sat
/home/michele/mltlsat/Benchmarks/random0/P0.5N3L75M100T100-2.mltl,0.0,7796.8,sat
/home/michele/mltlsat/Benchmarks/random0/P0.5N3L75M100T100-3.mltl,0.09,33896,sat
/home/michele/mltlsat/Benchmarks/random0/P0.5N3L75M100T100-4.mltl,0.0,7810.4,sat
/home/michele/mltlsat/Benchmarks/random0/P0.5N3L75M100T100-5.mltl,0.0,7817.6,sat
/home/michele/mltlsat/Benchmarks/random0/P0.5N3L75M100T100-6.mltl,0.0,7774.4,sat
/home/michele/mltlsat/Benchmarks/random0/P0.5N3L75M100T100-7.mltl,0.0,7824,sat
/home/michele/mltlsat/Benchmarks/random0/P0.5N3L75M100T100-8.mltl,0.0,7802.4,sat
/home/michele/mltlsat/Benchmarks/random0/P0.5N3L75M100T100-9.mltl,0.0,7793.6,unsat
/home/michele/mltlsat/Benchmarks/random0/P0.5N3L80M100T100-10.mltl,0.0,7820,sat
/home/michele/mltlsat/Benchmarks/random0/P0.5N3L80M100T100-1.mltl,0.0,7813.6,sat
/home/michele/mltlsat/Benchmarks/random0/P0.5N3L80M100T100-2.mltl,0.0,9309.6,sat
/home/michele/mltlsat/Benchmarks/random0/P0.5N3L80M100T100-3.mltl,0.656,39744,sat
/home/michele/mltlsat/Benchmarks/random0/P0.5N3L80M100T100-4.mltl,0.0,7819.2,unsat
/home/michele/mltlsat/Benchmarks/random0/P0.5N3L80M100T100-5.mltl,0.0,9349.6,sat
/home/michele/mltlsat/Benchmarks/random0/P0.5N3L80M100T100-6.mltl,0.636,15457.6,unsat
/home/michele/mltlsat/Benchmarks/random0/P0.5N3L80M100T100-7.mltl,0.06,12112.8,sat
/home/michele/mltlsat/Benchmarks/random0/P0.5N3L80M100T100-8.mltl,-1,-1,TO
/home/michele/mltlsat/Benchmarks/random0/P0.5N3L80M100T100-9.mltl,0.0,7787.2,sat
/home/michele/mltlsat/Benchmarks/random0/P0.5N3L85M100T100-10.mltl,0.0,7800,sat
/home/michele/mltlsat/Benchmarks/random0/P0.5N3L85M100T100-1.mltl,0.02,13947.2,sat
/home/michele/mltlsat/Benchmarks/random0/P0.5N3L85M100T100-2.mltl,0.0,7804,sat
/home/michele/mltlsat/Benchmarks/random0/P0.5N3L85M100T100-3.mltl,0.0,10880,sat
/home/michele/mltlsat/Benchmarks/random0/P0.5N3L85M100T100-4.mltl,0.0,7811.2,unsat
/home/michele/mltlsat/Benchmarks/random0/P0.5N3L85M100T100-5.mltl,0.0,7802.4,sat
/home/michele/mltlsat/Benchmarks/random0/P0.5N3L85M100T100-6.mltl,0.0,7804.8,unsat
/home/michele/mltlsat/Benchmarks/random0/P0.5N3L85M100T100-7.mltl,0.02,10869.6,sat
/home/michele/mltlsat/Benchmarks/random0/P0.5N3L85M100T100-8.mltl,0.0,7807.2,sat
/home/michele/mltlsat/Benchmarks/random0/P0.5N3L85M100T100-9.mltl,0.0,7809.6,sat
/home/michele/mltlsat/Benchmarks/random0/P0.5N3L90M100T100-10.mltl,0.324,13979.2,sat
/home/michele/mltlsat/Benchmarks/random0/P0.5N3L90M100T100-1.mltl,0.0,9304.8,sat
/home/michele/mltlsat/Benchmarks/random0/P0.5N3L90M100T100-2.mltl,0.0,7823.2,sat
/home/michele/mltlsat/Benchmarks/random0/P0.5N3L90M100T100-3.mltl,0.0,7804,sat
/home/michele/mltlsat/Benchmarks/random0/P0.5N3L90M100T100-4.mltl,0.02,15458.4,sat
/home/michele/mltlsat/Benchmarks/random0/P0.5N3L90M100T100-5.mltl,0.0,7785.6,sat
/home/michele/mltlsat/Benchmarks/random0/P0.5N3L90M100T100-6.mltl,0.01,9363.2,sat
/home/michele/mltlsat/Benchmarks/random0/P0.5N3L90M100T100-7.mltl,0.0,7796,sat
/home/michele/mltlsat/Benchmarks/random0/P0.5N3L90M100T100-8.mltl,0.0,7809.6,sat
/home/michele/mltlsat/Benchmarks/random0/P0.5N3L90M100T100-9.mltl,0.032,17002.4,sat
/home/michele/mltlsat/Benchmarks/random0/P0.5N3L95M100T100-10.mltl,0.0,7802.4,sat
/home/michele/mltlsat/Benchmarks/random0/P0.5N3L95M100T100-1.mltl,0.02,13932.8,sat
/home/michele/mltlsat/Benchmarks/random0/P0.5N3L95M100T100-2.mltl,0.0,7797.6,sat
/home/michele/mltlsat/Benchmarks/random0/P0.5N3L95M100T100-3.mltl,0.082,13937.6,sat
/home/michele/mltlsat/Benchmarks/random0/P0.5N3L95M100T100-4.mltl,-1,-1,TO
/home/michele/mltlsat/Benchmarks/random0/P0.5N3L95M100T100-5.mltl,-1,-1,TO
/home/michele/mltlsat/Benchmarks/random0/P0.5N3L95M100T100-6.mltl,0.06,15483.2,sat
/home/michele/mltlsat/Benchmarks/random0/P0.5N3L95M100T100-7.mltl,0.08,15484,sat
/home/michele/mltlsat/Benchmarks/random0/P0.5N3L95M100T100-8.mltl,0.0,7802.4,sat
/home/michele/mltlsat/Benchmarks/random0/P0.5N3L95M100T100-9.mltl,0.0,7814.4,sat
/home/michele/mltlsat/Benchmarks/random0/P0.5N4L100M100T100-10.mltl,0.222,44368,sat
/home/michele/mltlsat/Benchmarks/random0/P0.5N4L100M100T100-1.mltl,0.0,9305.6,sat
/home/michele/mltlsat/Benchmarks/random0/P0.5N4L100M100T100-2.mltl,0.17200000000000001,15459.2,sat
/home/michele/mltlsat/Benchmarks/random0/P0.5N4L100M100T100-3.mltl,0.0,7826.4,sat
/home/michele/mltlsat/Benchmarks/random0/P0.5N4L100M100T100-4.mltl,0.0,7792,sat
/home/michele/mltlsat/Benchmarks/random0/P0.5N4L100M100T100-5.mltl,0.0,7788,sat
/home/michele/mltlsat/Benchmarks/random0/P0.5N4L100M100T100-6.mltl,0.02,15152,sat
/home/michele/mltlsat/Benchmarks/random0/P0.5N4L100M100T100-7.mltl,0.0,7796,sat
/home/michele/mltlsat/Benchmarks/random0/P0.5N4L100M100T100-8.mltl,0.01,12380.8,sat
/home/michele/mltlsat/Benchmarks/random0/P0.5N4L100M100T100-9.mltl,0.03,15501.6,sat
/home/michele/mltlsat/Benchmarks/random0/P0.5N4L10M100T100-10.mltl,0.0,9341.6,sat
/home/michele/mltlsat/Benchmarks/random0/P0.5N4L10M100T100-1.mltl,0.0,7781.6,sat
/home/michele/mltlsat/Benchmarks/random0/P0.5N4L10M100T100-2.mltl,0.0,7820.8,sat
/home/michele/mltlsat/Benchmarks/random0/P0.5N4L10M100T100-3.mltl,0.0,7810.4,sat
/home/michele/mltlsat/Benchmarks/random0/P0.5N4L10M100T100-4.mltl,0.0,7808,sat
/home/michele/mltlsat/Benchmarks/random0/P0.5N4L10M100T100-5.mltl,0.0,7786.4,sat
/home/michele/mltlsat/Benchmarks/random0/P0.5N4L10M100T100-6.mltl,0.0,7802.4,sat
/home/michele/mltlsat/Benchmarks/random0/P0.5N4L10M100T100-7.mltl,0.0,7782.4,sat
/home/michele/mltlsat/Benchmarks/random0/P0.5N4L10M100T100-8.mltl,0.0,7779.2,sat
/home/michele/mltlsat/Benchmarks/random0/P0.5N4L10M100T100-9.mltl,0.0,7803.2,sat
/home/michele/mltlsat/Benchmarks/random0/P0.5N4L15M100T100-10.mltl,0.0,7773.6,sat
/home/michele/mltlsat/Benchmarks/random0/P0.5N4L15M100T100-1.mltl,0.0,7804.8,sat
/home/michele/mltlsat/Benchmarks/random0/P0.5N4L15M100T100-2.mltl,0.0,7805.6,sat
/home/michele/mltlsat/Benchmarks/random0/P0.5N4L15M100T100-3.mltl,0.0,7805.6,sat
/home/michele/mltlsat/Benchmarks/random0/P0.5N4L15M100T100-4.mltl,0.0,7795.2,sat
/home/michele/mltlsat/Benchmarks/random0/P0.5N4L15M100T100-5.mltl,0.0,7806.4,sat
/home/michele/mltlsat/Benchmarks/random0/P0.5N4L15M100T100-6.mltl,0.0,7820.8,sat
/home/michele/mltlsat/Benchmarks/random0/P0.5N4L15M100T100-7.mltl,0.0,7792.8,sat
/home/michele/mltlsat/Benchmarks/random0/P0.5N4L15M100T100-8.mltl,0.0,7807.2,sat
/home/michele/mltlsat/Benchmarks/random0/P0.5N4L15M100T100-9.mltl,0.0,7779.2,sat
/home/michele/mltlsat/Benchmarks/random0/P0.5N4L20M100T100-10.mltl,0.0,7794.4,sat
/home/michele/mltlsat/Benchmarks/random0/P0.5N4L20M100T100-1.mltl,-1,-1,TO
/home/michele/mltlsat/Benchmarks/random0/P0.5N4L20M100T100-2.mltl,0.0,7794.4,sat
/home/michele/mltlsat/Benchmarks/random0/P0.5N4L20M100T100-3.mltl,0.0,7816.8,sat
/home/michele/mltlsat/Benchmarks/random0/P0.5N4L20M100T100-4.mltl,0.0,7790.4,sat
/home/michele/mltlsat/Benchmarks/random0/P0.5N4L20M100T100-5.mltl,0.0,9328.8,sat
/home/michele/mltlsat/Benchmarks/random0/P0.5N4L20M100T100-6.mltl,0.0,7793.6,sat
/home/michele/mltlsat/Benchmarks/random0/P0.5N4L20M100T100-7.mltl,0.0,7796.8,sat
/home/michele/mltlsat/Benchmarks/random0/P0.5N4L20M100T100-8.mltl,0.0,7780,sat
/home/michele/mltlsat/Benchmarks/random0/P0.5N4L20M100T100-9.mltl,0.0,7792,sat
/home/michele/mltlsat/Benchmarks/random0/P0.5N4L25M100T100-10.mltl,0.0,7792.8,sat
/home/michele/mltlsat/Benchmarks/random0/P0.5N4L25M100T100-1.mltl,0.0,7780,sat
/home/michele/mltlsat/Benchmarks/random0/P0.5N4L25M100T100-2.mltl,0.0,7808,sat
/home/michele/mltlsat/Benchmarks/random0/P0.5N4L25M100T100-3.mltl,0.0,7792.8,sat
/home/michele/mltlsat/Benchmarks/random0/P0.5N4L25M100T100-4.mltl,0.01,9335.2,sat
/home/michele/mltlsat/Benchmarks/random0/P0.5N4L25M100T100-5.mltl,0.01,12401.6,sat
/home/michele/mltlsat/Benchmarks/random0/P0.5N4L25M100T100-6.mltl,0.0,9340,sat
/home/michele/mltlsat/Benchmarks/random0/P0.5N4L25M100T100-7.mltl,0.0,7803.2,sat
/home/michele/mltlsat/Benchmarks/random0/P0.5N4L25M100T100-8.mltl,0.0,7796,sat
/home/michele/mltlsat/Benchmarks/random0/P0.5N4L25M100T100-9.mltl,0.0,7793.6,sat
/home/michele/mltlsat/Benchmarks/random0/P0.5N4L30M100T100-10.mltl,0.0,9333.6,sat
/home/michele/mltlsat/Benchmarks/random0/P0.5N4L30M100T100-1.mltl,0.0,7811.2,sat
/home/michele/mltlsat/Benchmarks/random0/P0.5N4L30M100T100-2.mltl,0.0,7804.8,sat
/home/michele/mltlsat/Benchmarks/random0/P0.5N4L30M100T100-3.mltl,0.0,7790.4,sat
/home/michele/mltlsat/Benchmarks/random0/P0.5N4L30M100T100-4.mltl,0.0,7820.8,sat
/home/michele/mltlsat/Benchmarks/random0/P0.5N4L30M100T100-5.mltl,0.0,7787.2,sat
/home/michele/mltlsat/Benchmarks/random0/P0.5N4L30M100T100-6.mltl,0.01,9342.4,sat
/home/michele/mltlsat/Benchmarks/random0/P0.5N4L30M100T100-7.mltl,0.0,9308,sat
/home/michele/mltlsat/Benchmarks/random0/P0.5N4L30M100T100-8.mltl,0.0,7810.4,sat
/home/michele/mltlsat/Benchmarks/random0/P0.5N4L30M100T100-9.mltl,0.0,7804.8,sat
/home/michele/mltlsat/Benchmarks/random0/P0.5N4L35M100T100-10.mltl,0.02,12397.6,sat
/home/michele/mltlsat/Benchmarks/random0/P0.5N4L35M100T100-1.mltl,0.0,7798.4,unsat
/home/michele/mltlsat/Benchmarks/random0/P0.5N4L35M100T100-2.mltl,0.0,9331.2,sat
/home/michele/mltlsat/Benchmarks/random0/P0.5N4L35M100T100-3.mltl,0.0,7811.2,sat
/home/michele/mltlsat/Benchmarks/random0/P0.5N4L35M100T100-4.mltl,0.3,10860,sat
/home/michele/mltlsat/Benchmarks/random0/P0.5N4L35M100T100-5.mltl,0.03,10857.6,sat
/home/michele/mltlsat/Benchmarks/random0/P0.5N4L35M100T100-6.mltl,0.02,9343.2,sat
/home/michele/mltlsat/Benchmarks/random0/P0.5N4L35M100T100-7.mltl,0.0,9352,sat
/home/michele/mltlsat/Benchmarks/random0/P0.5N4L35M100T100-8.mltl,0.0,7805.6,sat
/home/michele/mltlsat/Benchmarks/random0/P0.5N4L35M100T100-9.mltl,0.03,18566.4,sat
/home/michele/mltlsat/Benchmarks/random0/P0.5N4L40M100T100-10.mltl,0.0,9332.8,sat
/home/michele/mltlsat/Benchmarks/random0/P0.5N4L40M100T100-1.mltl,0.0,7797.6,sat
/home/michele/mltlsat/Benchmarks/random0/P0.5N4L40M100T100-2.mltl,0.0,7817.6,sat
/home/michele/mltlsat/Benchmarks/random0/P0.5N4L40M100T100-3.mltl,0.0,9357.6,sat
/home/michele/mltlsat/Benchmarks/random0/P0.5N4L40M100T100-4.mltl,0.0,7777.6,sat
/home/michele/mltlsat/Benchmarks/random0/P0.5N4L40M100T100-5.mltl,0.0,7816,sat
/home/michele/mltlsat/Benchmarks/random0/P0.5N4L40M100T100-6.mltl,0.0,9354.4,sat
/home/michele/mltlsat/Benchmarks/random0/P0.5N4L40M100T100-7.mltl,0.0,7811.2,sat
/home/michele/mltlsat/Benchmarks/random0/P0.5N4L40M100T100-8.mltl,0.0,7783.2,sat
/home/michele/mltlsat/Benchmarks/random0/P0.5N4L40M100T100-9.mltl,0.0,9317.6,sat
/home/michele/mltlsat/Benchmarks/random0/P0.5N4L45M100T100-10.mltl,0.01,9323.2,sat
/home/michele/mltlsat/Benchmarks/random0/P0.5N4L45M100T100-1.mltl,0.042,20071.2,sat
/home/michele/mltlsat/Benchmarks/random0/P0.5N4L45M100T100-2.mltl,0.0,7804,sat
/home/michele/mltlsat/Benchmarks/random0/P0.5N4L45M100T100-3.mltl,0.04,24689.6,sat
/home/michele/mltlsat/Benchmarks/random0/P0.5N4L45M100T100-4.mltl,0.16,12394.4,sat
/home/michele/mltlsat/Benchmarks/random0/P0.5N4L45M100T100-5.mltl,0.062,13959.2,sat
/home/michele/mltlsat/Benchmarks/random0/P0.5N4L45M100T100-6.mltl,0.0,7780.8,sat
/home/michele/mltlsat/Benchmarks/random0/P0.5N4L45M100T100-7.mltl,0.0,7814.4,sat
/home/michele/mltlsat/Benchmarks/random0/P0.5N4L45M100T100-8.mltl,0.0,9320,sat
/home/michele/mltlsat/Benchmarks/random0/P0.5N4L45M100T100-9.mltl,0.0,7796.8,sat
/home/michele/mltlsat/Benchmarks/random0/P0.5N4L50M100T100-10.mltl,0.0,7797.6,sat
/home/michele/mltlsat/Benchmarks/random0/P0.5N4L50M100T100-1.mltl,0.0,7805.6,sat
/home/michele/mltlsat/Benchmarks/random0/P0.5N4L50M100T100-2.mltl,0.0,7816,sat
/home/michele/mltlsat/Benchmarks/random0/P0.5N4L50M100T100-3.mltl,0.0,7822.4,sat
/home/michele/mltlsat/Benchmarks/random0/P0.5N4L50M100T100-4.mltl,0.0,9316,sat
/home/michele/mltlsat/Benchmarks/random0/P0.5N4L50M100T100-5.mltl,0.0,7780.8,sat
/home/michele/mltlsat/Benchmarks/random0/P0.5N4L50M100T100-6.mltl,0.01,9340.8,sat
/home/michele/mltlsat/Benchmarks/random0/P0.5N4L50M100T100-7.mltl,0.042,9334.4,sat
/home/michele/mltlsat/Benchmarks/random0/P0.5N4L50M100T100-8.mltl,-1,-1,TO
/home/michele/mltlsat/Benchmarks/random0/P0.5N4L50M100T100-9.mltl,0.01,10843.2,sat
/home/michele/mltlsat/Benchmarks/random0/P0.5N4L55M100T100-10.mltl,0.0,7792.8,sat
/home/michele/mltlsat/Benchmarks/random0/P0.5N4L55M100T100-1.mltl,1.494,10870.4,sat
/home/michele/mltlsat/Benchmarks/random0/P0.5N4L55M100T100-2.mltl,0.0,7780.8,sat
/home/michele/mltlsat/Benchmarks/random0/P0.5N4L55M100T100-3.mltl,0.01,12387.2,sat
/home/michele/mltlsat/Benchmarks/random0/P0.5N4L55M100T100-4.mltl,0.0,7781.6,sat
/home/michele/mltlsat/Benchmarks/random0/P0.5N4L55M100T100-5.mltl,0.07200000000000001,35452.8,sat
/home/michele/mltlsat/Benchmarks/random0/P0.5N4L55M100T100-6.mltl,0.0,7804.8,sat
/home/michele/mltlsat/Benchmarks/random0/P0.5N4L55M100T100-7.mltl,0.006,10915.2,sat
/home/michele/mltlsat/Benchmarks/random0/P0.5N4L55M100T100-8.mltl,0.01,9324,sat
/home/michele/mltlsat/Benchmarks/random0/P0.5N4L55M100T100-9.mltl,0.0,7797.6,sat
/home/michele/mltlsat/Benchmarks/random0/P0.5N4L5M100T100-10.mltl,0.0,7798.4,sat
/home/michele/mltlsat/Benchmarks/random0/P0.5N4L5M100T100-1.mltl,0.0,7785.6,sat
/home/michele/mltlsat/Benchmarks/random0/P0.5N4L5M100T100-2.mltl,0.0,7784,sat
/home/michele/mltlsat/Benchmarks/random0/P0.5N4L5M100T100-3.mltl,0.0,7798.4,sat
/home/michele/mltlsat/Benchmarks/random0/P0.5N4L5M100T100-4.mltl,0.0,7795.2,sat
/home/michele/mltlsat/Benchmarks/random0/P0.5N4L5M100T100-5.mltl,0.0,7844,sat
/home/michele/mltlsat/Benchmarks/random0/P0.5N4L5M100T100-6.mltl,0.0,7792.8,sat
/home/michele/mltlsat/Benchmarks/random0/P0.5N4L5M100T100-7.mltl,0.0,7780,sat
/home/michele/mltlsat/Benchmarks/random0/P0.5N4L5M100T100-8.mltl,0.0,7796,sat
/home/michele/mltlsat/Benchmarks/random0/P0.5N4L5M100T100-9.mltl,0.0,7800,sat
/home/michele/mltlsat/Benchmarks/random0/P0.5N4L60M100T100-10.mltl,0.0,7817.6,sat
/home/michele/mltlsat/Benchmarks/random0/P0.5N4L60M100T100-1.mltl,0.0,7803.2,unsat
/home/michele/mltlsat/Benchmarks/random0/P0.5N4L60M100T100-2.mltl,0.0,7792.8,sat
/home/michele/mltlsat/Benchmarks/random0/P0.5N4L60M100T100-3.mltl,0.0,7799.2,sat
/home/michele/mltlsat/Benchmarks/random0/P0.5N4L60M100T100-4.mltl,0.0,9318.4,sat
/home/michele/mltlsat/Benchmarks/random0/P0.5N4L60M100T100-5.mltl,0.15,25909.6,sat
/home/michele/mltlsat/Benchmarks/random0/P0.5N4L60M100T100-6.mltl,0.0,7819.2,sat
/home/michele/mltlsat/Benchmarks/random0/P0.5N4L60M100T100-7.mltl,0.0,7806.4,sat
/home/michele/mltlsat/Benchmarks/random0/P0.5N4L60M100T100-8.mltl,0.01,10861.6,sat
/home/michele/mltlsat/Benchmarks/random0/P0.5N4L60M100T100-9.mltl,0.0,7792,sat
/home/michele/mltlsat/Benchmarks/random0/P0.5N4L65M100T100-10.mltl,0.11,55436,sat
/home/michele/mltlsat/Benchmarks/random0/P0.5N4L65M100T100-1.mltl,0.042,21281.6,sat
/home/michele/mltlsat/Benchmarks/random0/P0.5N4L65M100T100-2.mltl,0.0,7827.2,unsat
/home/michele/mltlsat/Benchmarks/random0/P0.5N4L65M100T100-3.mltl,0.0,7801.6,sat
/home/michele/mltlsat/Benchmarks/random0/P0.5N4L65M100T100-4.mltl,0.0,7785.6,sat
/home/michele/mltlsat/Benchmarks/random0/P0.5N4L65M100T100-5.mltl,0.0,7784.8,sat
/home/michele/mltlsat/Benchmarks/random0/P0.5N4L65M100T100-6.mltl,8.998,2503503.2,sat
/home/michele/mltlsat/Benchmarks/random0/P0.5N4L65M100T100-7.mltl,0.0,7797.6,sat
/home/michele/mltlsat/Benchmarks/random0/P0.5N4L65M100T100-8.mltl,0.0,7787.2,sat
/home/michele/mltlsat/Benchmarks/random0/P0.5N4L65M100T100-9.mltl,0.0,7801.6,sat
/home/michele/mltlsat/Benchmarks/random0/P0.5N4L70M100T100-10.mltl,0.0,7799.2,sat
/home/michele/mltlsat/Benchmarks/random0/P0.5N4L70M100T100-1.mltl,0.0,7790.4,unsat
/home/michele/mltlsat/Benchmarks/random0/P0.5N4L70M100T100-2.mltl,0.0,7801.6,sat
/home/michele/mltlsat/Benchmarks/random0/P0.5N4L70M100T100-3.mltl,0.008,9341.6,sat
/home/michele/mltlsat/Benchmarks/random0/P0.5N4L70M100T100-4.mltl,0.01,13949.6,sat
/home/michele/mltlsat/Benchmarks/random0/P0.5N4L70M100T100-5.mltl,0.02,13946.4,sat
/home/michele/mltlsat/Benchmarks/random0/P0.5N4L70M100T100-6.mltl,7.674,20098.4,sat
/home/michele/mltlsat/Benchmarks/random0/P0.5N4L70M100T100-7.mltl,0.0,7795.2,sat
/home/michele/mltlsat/Benchmarks/random0/P0.5N4L70M100T100-8.mltl,0.0,7792,sat
/home/michele/mltlsat/Benchmarks/random0/P0.5N4L70M100T100-9.mltl,-1,-1,TO
/home/michele/mltlsat/Benchmarks/random0/P0.5N4L75M100T100-10.mltl,0.0,7794.4,sat
/home/michele/mltlsat/Benchmarks/random0/P0.5N4L75M100T100-1.mltl,-1,-1,TO
/home/michele/mltlsat/Benchmarks/random0/P0.5N4L75M100T100-2.mltl,0.0,7770.4,sat
/home/michele/mltlsat/Benchmarks/random0/P0.5N4L75M100T100-3.mltl,0.0,7792.8,sat
/home/michele/mltlsat/Benchmarks/random0/P0.5N4L75M100T100-4.mltl,0.0,7791.2,sat
/home/michele/mltlsat/Benchmarks/random0/P0.5N4L75M100T100-5.mltl,0.0,7811.2,sat
/home/michele/mltlsat/Benchmarks/random0/P0.5N4L75M100T100-6.mltl,2.78,1039693.6,sat
/home/michele/mltlsat/Benchmarks/random0/P0.5N4L75M100T100-7.mltl,0.0,9369.6,sat
/home/michele/mltlsat/Benchmarks/random0/P0.5N4L75M100T100-8.mltl,0.0,7796,sat
/home/michele/mltlsat/Benchmarks/random0/P0.5N4L75M100T100-9.mltl,0.02,16702.4,sat
/home/michele/mltlsat/Benchmarks/random0/P0.5N4L80M100T100-10.mltl,0.01,9328.8,sat
/home/michele/mltlsat/Benchmarks/random0/P0.5N4L80M100T100-1.mltl,0.0,7784,sat
/home/michele/mltlsat/Benchmarks/random0/P0.5N4L80M100T100-2.mltl,0.0,7780,sat
/home/michele/mltlsat/Benchmarks/random0/P0.5N4L80M100T100-3.mltl,0.01,12419.2,sat
/home/michele/mltlsat/Benchmarks/random0/P0.5N4L80M100T100-4.mltl,1.21,482428.8,sat
/home/michele/mltlsat/Benchmarks/random0/P0.5N4L80M100T100-5.mltl,0.0,9368,sat
/home/michele/mltlsat/Benchmarks/random0/P0.5N4L80M100T100-6.mltl,0.01,10884.8,sat
/home/michele/mltlsat/Benchmarks/random0/P0.5N4L80M100T100-7.mltl,-1,-1,TO
/home/michele/mltlsat/Benchmarks/random0/P0.5N4L80M100T100-8.mltl,0.0,7823.2,sat
/home/michele/mltlsat/Benchmarks/random0/P0.5N4L80M100T100-9.mltl,0.03,18257.6,sat
/home/michele/mltlsat/Benchmarks/random0/P0.5N4L85M100T100-10.mltl,0.0,7788.8,sat
/home/michele/mltlsat/Benchmarks/random0/P0.5N4L85M100T100-1.mltl,-1,-1,TO
/home/michele/mltlsat/Benchmarks/random0/P0.5N4L85M100T100-2.mltl,0.01,10860,sat
/home/michele/mltlsat/Benchmarks/random0/P0.5N4L85M100T100-3.mltl,0.0,8400.8,sat
/home/michele/mltlsat/Benchmarks/random0/P0.5N4L85M100T100-4.mltl,0.012,10875.2,sat
/home/michele/mltlsat/Benchmarks/random0/P0.5N4L85M100T100-5.mltl,-1,-1,OOM
/home/michele/mltlsat/Benchmarks/random0/P0.5N4L85M100T100-6.mltl,0.0,7808.8,sat
/home/michele/mltlsat/Benchmarks/random0/P0.5N4L85M100T100-7.mltl,0.808,26230.4,sat
/home/michele/mltlsat/Benchmarks/random0/P0.5N4L85M100T100-8.mltl,1.944,565372,sat
/home/michele/mltlsat/Benchmarks/random0/P0.5N4L85M100T100-9.mltl,0.0,7773.6,sat
/home/michele/mltlsat/Benchmarks/random0/P0.5N4L90M100T100-10.mltl,0.0,7825.6,sat
/home/michele/mltlsat/Benchmarks/random0/P0.5N4L90M100T100-1.mltl,0.016,12397.6,sat
/home/michele/mltlsat/Benchmarks/random0/P0.5N4L90M100T100-2.mltl,0.01,9317.6,sat
/home/michele/mltlsat/Benchmarks/random0/P0.5N4L90M100T100-3.mltl,1.4,542016.8,sat
/home/michele/mltlsat/Benchmarks/random0/P0.5N4L90M100T100-4.mltl,-1,-1,TO
/home/michele/mltlsat/Benchmarks/random0/P0.5N4L90M100T100-5.mltl,0.0,7800.8,sat
/home/michele/mltlsat/Benchmarks/random0/P0.5N4L90M100T100-6.mltl,0.008,9326.4,sat
/home/michele/mltlsat/Benchmarks/random0/P0.5N4L90M100T100-7.mltl,-1,-1,TO
/home/michele/mltlsat/Benchmarks/random0/P0.5N4L90M100T100-8.mltl,0.0,9332.8,sat
/home/michele/mltlsat/Benchmarks/random0/P0.5N4L90M100T100-9.mltl,0.22,10856.8,sat
/home/michele/mltlsat/Benchmarks/random0/P0.5N4L95M100T100-10.mltl,0.0,7796.8,sat
/home/michele/mltlsat/Benchmarks/random0/P0.5N4L95M100T100-1.mltl,0.0,10862.4,sat
/home/michele/mltlsat/Benchmarks/random0/P0.5N4L95M100T100-2.mltl,0.212,17008,sat
/home/michele/mltlsat/Benchmarks/random0/P0.5N4L95M100T100-3.mltl,0.0,7796.8,sat
/home/michele/mltlsat/Benchmarks/random0/P0.5N4L95M100T100-4.mltl,0.04,24684.8,sat
/home/michele/mltlsat/Benchmarks/random0/P0.5N4L95M100T100-5.mltl,0.01,9349.6,sat
/home/michele/mltlsat/Benchmarks/random0/P0.5N4L95M100T100-6.mltl,0.26,33889.6,sat
/home/michele/mltlsat/Benchmarks/random0/P0.5N4L95M100T100-7.mltl,0.02,17011.2,sat
/home/michele/mltlsat/Benchmarks/random0/P0.5N4L95M100T100-8.mltl,-1,-1,TO
/home/michele/mltlsat/Benchmarks/random0/P0.5N4L95M100T100-9.mltl,0.0,10860.8,sat
/home/michele/mltlsat/Benchmarks/random0/P0.5N5L100M100T100-10.mltl,0.28,24076.8,sat
/home/michele/mltlsat/Benchmarks/random0/P0.5N5L100M100T100-1.mltl,0.242,27445.6,sat
/home/michele/mltlsat/Benchmarks/random0/P0.5N5L100M100T100-2.mltl,0.01,7806.4,unsat
/home/michele/mltlsat/Benchmarks/random0/P0.5N5L100M100T100-3.mltl,0.0,7789.6,sat
/home/michele/mltlsat/Benchmarks/random0/P0.5N5L100M100T100-4.mltl,0.0,7788.8,sat
/home/michele/mltlsat/Benchmarks/random0/P0.5N5L100M100T100-5.mltl,0.0,7812.8,sat
/home/michele/mltlsat/Benchmarks/random0/P0.5N5L100M100T100-6.mltl,-1,-1,TO
/home/michele/mltlsat/Benchmarks/random0/P0.5N5L100M100T100-7.mltl,0.01,9333.6,sat
/home/michele/mltlsat/Benchmarks/random0/P0.5N5L100M100T100-8.mltl,0.0,7779.2,sat
/home/michele/mltlsat/Benchmarks/random0/P0.5N5L100M100T100-9.mltl,0.0,7777.6,sat
/home/michele/mltlsat/Benchmarks/random0/P0.5N5L10M100T100-10.mltl,0.0,7791.2,unsat
/home/michele/mltlsat/Benchmarks/random0/P0.5N5L10M100T100-1.mltl,0.0,7804,sat
/home/michele/mltlsat/Benchmarks/random0/P0.5N5L10M100T100-2.mltl,0.0,7792,sat
/home/michele/mltlsat/Benchmarks/random0/P0.5N5L10M100T100-3.mltl,0.0,7801.6,sat
/home/michele/mltlsat/Benchmarks/random0/P0.5N5L10M100T100-4.mltl,0.0,7797.6,sat
/home/michele/mltlsat/Benchmarks/random0/P0.5N5L10M100T100-5.mltl,0.0,7787.2,sat
/home/michele/mltlsat/Benchmarks/random0/P0.5N5L10M100T100-6.mltl,0.0,7796.8,sat
/home/michele/mltlsat/Benchmarks/random0/P0.5N5L10M100T100-7.mltl,0.0,7794.4,sat
/home/michele/mltlsat/Benchmarks/random0/P0.5N5L10M100T100-8.mltl,0.0,7793.6,sat
/home/michele/mltlsat/Benchmarks/random0/P0.5N5L10M100T100-9.mltl,0.0,7813.6,sat
/home/michele/mltlsat/Benchmarks/random0/P0.5N5L15M100T100-10.mltl,0.0,7780.8,sat
/home/michele/mltlsat/Benchmarks/random0/P0.5N5L15M100T100-1.mltl,0.0,7802.4,sat
/home/michele/mltlsat/Benchmarks/random0/P0.5N5L15M100T100-2.mltl,0.0,7824,sat
/home/michele/mltlsat/Benchmarks/random0/P0.5N5L15M100T100-3.mltl,0.0,7804,sat
/home/michele/mltlsat/Benchmarks/random0/P0.5N5L15M100T100-4.mltl,0.0,7780,sat
/home/michele/mltlsat/Benchmarks/random0/P0.5N5L15M100T100-5.mltl,0.0,7808.8,sat
/home/michele/mltlsat/Benchmarks/random0/P0.5N5L15M100T100-6.mltl,0.0,7814.4,sat
/home/michele/mltlsat/Benchmarks/random0/P0.5N5L15M100T100-7.mltl,0.0,7783.2,sat
/home/michele/mltlsat/Benchmarks/random0/P0.5N5L15M100T100-8.mltl,0.0,7811.2,sat
/home/michele/mltlsat/Benchmarks/random0/P0.5N5L15M100T100-9.mltl,0.0,7786.4,sat
/home/michele/mltlsat/Benchmarks/random0/P0.5N5L20M100T100-10.mltl,0.0,7787.2,sat
/home/michele/mltlsat/Benchmarks/random0/P0.5N5L20M100T100-1.mltl,0.02,9336.8,sat
/home/michele/mltlsat/Benchmarks/random0/P0.5N5L20M100T100-2.mltl,0.0,9341.6,sat
/home/michele/mltlsat/Benchmarks/random0/P0.5N5L20M100T100-3.mltl,0.0,7821.6,sat
/home/michele/mltlsat/Benchmarks/random0/P0.5N5L20M100T100-4.mltl,0.532,26217.6,sat
/home/michele/mltlsat/Benchmarks/random0/P0.5N5L20M100T100-5.mltl,0.0,7802.4,sat
/home/michele/mltlsat/Benchmarks/random0/P0.5N5L20M100T100-6.mltl,0.0,7784.8,sat
/home/michele/mltlsat/Benchmarks/random0/P0.5N5L20M100T100-7.mltl,0.12,12103.2,sat
/home/michele/mltlsat/Benchmarks/random0/P0.5N5L20M100T100-8.mltl,0.01,10884.8,sat
/home/michele/mltlsat/Benchmarks/random0/P0.5N5L20M100T100-9.mltl,0.05,12417.6,sat
/home/michele/mltlsat/Benchmarks/random0/P0.5N5L25M100T100-10.mltl,0.0,7807.2,sat
/home/michele/mltlsat/Benchmarks/random0/P0.5N5L25M100T100-1.mltl,0.0,9027.2,sat
/home/michele/mltlsat/Benchmarks/random0/P0.5N5L25M100T100-2.mltl,0.0,7793.6,sat
/home/michele/mltlsat/Benchmarks/random0/P0.5N5L25M100T100-3.mltl,0.0,7784,sat
/home/michele/mltlsat/Benchmarks/random0/P0.5N5L25M100T100-4.mltl,0.0,7804.8,sat
/home/michele/mltlsat/Benchmarks/random0/P0.5N5L25M100T100-5.mltl,0.0,7820,sat
/home/michele/mltlsat/Benchmarks/random0/P0.5N5L25M100T100-6.mltl,0.0,7804,sat
/home/michele/mltlsat/Benchmarks/random0/P0.5N5L25M100T100-7.mltl,0.0,7781.6,sat
/home/michele/mltlsat/Benchmarks/random0/P0.5N5L25M100T100-8.mltl,0.49,61580,sat
/home/michele/mltlsat/Benchmarks/random0/P0.5N5L25M100T100-9.mltl,0.0,7794.4,sat
/home/michele/mltlsat/Benchmarks/random0/P0.5N5L30M100T100-10.mltl,0.0,7797.6,sat
/home/michele/mltlsat/Benchmarks/random0/P0.5N5L30M100T100-1.mltl,0.0,7812.8,sat
/home/michele/mltlsat/Benchmarks/random0/P0.5N5L30M100T100-2.mltl,0.0,7796,sat
/home/michele/mltlsat/Benchmarks/random0/P0.5N5L30M100T100-3.mltl,0.0,9307.2,sat
/home/michele/mltlsat/Benchmarks/random0/P0.5N5L30M100T100-4.mltl,0.02,15467.2,sat
/home/michele/mltlsat/Benchmarks/random0/P0.5N5L30M100T100-5.mltl,0.0,7800,unsat
/home/michele/mltlsat/Benchmarks/random0/P0.5N5L30M100T100-6.mltl,0.0,9336.8,sat
/home/michele/mltlsat/Benchmarks/random0/P0.5N5L30M100T100-7.mltl,0.0,7807.2,unsat
/home/michele/mltlsat/Benchmarks/random0/P0.5N5L30M100T100-8.mltl,0.0,7792.8,sat
/home/michele/mltlsat/Benchmarks/random0/P0.5N5L30M100T100-9.mltl,0.0,7783.2,sat
/home/michele/mltlsat/Benchmarks/random0/P0.5N5L35M100T100-10.mltl,0.0,7795.2,sat
/home/michele/mltlsat/Benchmarks/random0/P0.5N5L35M100T100-1.mltl,0.0,7825.6,unsat
/home/michele/mltlsat/Benchmarks/random0/P0.5N5L35M100T100-2.mltl,0.02,10541.6,sat
/home/michele/mltlsat/Benchmarks/random0/P0.5N5L35M100T100-3.mltl,0.0,7788,sat
/home/michele/mltlsat/Benchmarks/random0/P0.5N5L35M100T100-4.mltl,0.0,7811.2,sat
/home/michele/mltlsat/Benchmarks/random0/P0.5N5L35M100T100-5.mltl,0.0,7785.6,sat
/home/michele/mltlsat/Benchmarks/random0/P0.5N5L35M100T100-6.mltl,0.0,7800.8,sat
/home/michele/mltlsat/Benchmarks/random0/P0.5N5L35M100T100-7.mltl,0.12,46195.2,sat
/home/michele/mltlsat/Benchmarks/random0/P0.5N5L35M100T100-8.mltl,0.0,7783.2,sat
/home/michele/mltlsat/Benchmarks/random0/P0.5N5L35M100T100-9.mltl,-1,-1,TO
/home/michele/mltlsat/Benchmarks/random0/P0.5N5L40M100T100-10.mltl,0.0,7771.2,sat
/home/michele/mltlsat/Benchmarks/random0/P0.5N5L40M100T100-1.mltl,0.0,7797.6,sat
/home/michele/mltlsat/Benchmarks/random0/P0.5N5L40M100T100-2.mltl,0.008,9318.4,sat
/home/michele/mltlsat/Benchmarks/random0/P0.5N5L40M100T100-3.mltl,0.0,7802.4,sat
/home/michele/mltlsat/Benchmarks/random0/P0.5N5L40M100T100-4.mltl,0.0,7769.6,sat
/home/michele/mltlsat/Benchmarks/random0/P0.5N5L40M100T100-5.mltl,0.01,9008,sat
/home/michele/mltlsat/Benchmarks/random0/P0.5N5L40M100T100-6.mltl,3.466,830768.8,sat
/home/michele/mltlsat/Benchmarks/random0/P0.5N5L40M100T100-7.mltl,0.0,7811.2,sat
/home/michele/mltlsat/Benchmarks/random0/P0.5N5L40M100T100-8.mltl,0.0,9332,sat
/home/michele/mltlsat/Benchmarks/random0/P0.5N5L40M100T100-9.mltl,0.0,7786.4,sat
/home/michele/mltlsat/Benchmarks/random0/P0.5N5L45M100T100-10.mltl,2.724,786552.8,sat
/home/michele/mltlsat/Benchmarks/random0/P0.5N5L45M100T100-1.mltl,0.0,7800.8,sat
/home/michele/mltlsat/Benchmarks/random0/P0.5N5L45M100T100-2.mltl,0.04,10877.6,sat
/home/michele/mltlsat/Benchmarks/random0/P0.5N5L45M100T100-3.mltl,0.0,7793.6,sat
/home/michele/mltlsat/Benchmarks/random0/P0.5N5L45M100T100-4.mltl,0.0,7779.2,sat
/home/michele/mltlsat/Benchmarks/random0/P0.5N5L45M100T100-5.mltl,2.838,737084.8,sat
/home/michele/mltlsat/Benchmarks/random0/P0.5N5L45M100T100-6.mltl,14.776,2333549.6,sat
/home/michele/mltlsat/Benchmarks/random0/P0.5N5L45M100T100-7.mltl,0.0,7784.8,sat
/home/michele/mltlsat/Benchmarks/random0/P0.5N5L45M100T100-8.mltl,0.0,7792,sat
/home/michele/mltlsat/Benchmarks/random0/P0.5N5L45M100T100-9.mltl,0.0,7830.4,sat
/home/michele/mltlsat/Benchmarks/random0/P0.5N5L50M100T100-10.mltl,0.01,12414.4,sat
/home/michele/mltlsat/Benchmarks/random0/P0.5N5L50M100T100-1.mltl,0.02,17001.6,sat
/home/michele/mltlsat/Benchmarks/random0/P0.5N5L50M100T100-2.mltl,0.0,7796,sat
/home/michele/mltlsat/Benchmarks/random0/P0.5N5L50M100T100-3.mltl,0.01,10856,sat
/home/michele/mltlsat/Benchmarks/random0/P0.5N5L50M100T100-4.mltl,0.0,7800,sat
/home/michele/mltlsat/Benchmarks/random0/P0.5N5L50M100T100-5.mltl,0.0,7778.4,sat
/home/michele/mltlsat/Benchmarks/random0/P0.5N5L50M100T100-6.mltl,0.0,10876.8,sat
/home/michele/mltlsat/Benchmarks/random0/P0.5N5L50M100T100-7.mltl,0.0,7795.2,sat
/home/michele/mltlsat/Benchmarks/random0/P0.5N5L50M100T100-8.mltl,0.0,7772,sat
/home/michele/mltlsat/Benchmarks/random0/P0.5N5L50M100T100-9.mltl,0.0,7803.2,sat
/home/michele/mltlsat/Benchmarks/random0/P0.5N5L55M100T100-10.mltl,0.0,7816,unsat
/home/michele/mltlsat/Benchmarks/random0/P0.5N5L55M100T100-1.mltl,0.0,9342.4,sat
/home/michele/mltlsat/Benchmarks/random0/P0.5N5L55M100T100-2.mltl,0.01,9332,sat
/home/michele/mltlsat/Benchmarks/random0/P0.5N5L55M100T100-3.mltl,0.0,7800,sat
/home/michele/mltlsat/Benchmarks/random0/P0.5N5L55M100T100-4.mltl,0.0,7799.2,sat
/home/michele/mltlsat/Benchmarks/random0/P0.5N5L55M100T100-5.mltl,0.0,7780,sat
/home/michele/mltlsat/Benchmarks/random0/P0.5N5L55M100T100-6.mltl,0.0,7802.4,sat
/home/michele/mltlsat/Benchmarks/random0/P0.5N5L55M100T100-7.mltl,0.0,7797.6,sat
/home/michele/mltlsat/Benchmarks/random0/P0.5N5L55M100T100-8.mltl,0.07,20088.8,sat
/home/michele/mltlsat/Benchmarks/random0/P0.5N5L55M100T100-9.mltl,0.0,7805.6,sat
/home/michele/mltlsat/Benchmarks/random0/P0.5N5L5M100T100-10.mltl,0.0,7802.4,sat
/home/michele/mltlsat/Benchmarks/random0/P0.5N5L5M100T100-1.mltl,0.0,7771.2,sat
/home/michele/mltlsat/Benchmarks/random0/P0.5N5L5M100T100-2.mltl,0.0,7798.4,sat
/home/michele/mltlsat/Benchmarks/random0/P0.5N5L5M100T100-3.mltl,0.0,7838.4,sat
/home/michele/mltlsat/Benchmarks/random0/P0.5N5L5M100T100-4.mltl,0.0,7812.8,sat
/home/michele/mltlsat/Benchmarks/random0/P0.5N5L5M100T100-5.mltl,0.0,7788.8,sat
/home/michele/mltlsat/Benchmarks/random0/P0.5N5L5M100T100-6.mltl,0.0,7793.6,sat
/home/michele/mltlsat/Benchmarks/random0/P0.5N5L5M100T100-7.mltl,0.0,7797.6,sat
/home/michele/mltlsat/Benchmarks/random0/P0.5N5L5M100T100-8.mltl,0.0,9340.8,sat
/home/michele/mltlsat/Benchmarks/random0/P0.5N5L5M100T100-9.mltl,0.0,9322.4,sat
/home/michele/mltlsat/Benchmarks/random0/P0.5N5L60M100T100-10.mltl,0.01,12117.6,sat
/home/michele/mltlsat/Benchmarks/random0/P0.5N5L60M100T100-1.mltl,14.942,531582.4,sat
/home/michele/mltlsat/Benchmarks/random0/P0.5N5L60M100T100-2.mltl,0.04,9318.4,sat
/home/michele/mltlsat/Benchmarks/random0/P0.5N5L60M100T100-3.mltl,0.0,7804,sat
/home/michele/mltlsat/Benchmarks/random0/P0.5N5L60M100T100-4.mltl,4.436,79664,sat
/home/michele/mltlsat/Benchmarks/random0/P0.5N5L60M100T100-5.mltl,0.0,7784.8,sat
/home/michele/mltlsat/Benchmarks/random0/P0.5N5L60M100T100-6.mltl,0.0,7786.4,sat
/home/michele/mltlsat/Benchmarks/random0/P0.5N5L60M100T100-7.mltl,0.0,7770.4,sat
/home/michele/mltlsat/Benchmarks/random0/P0.5N5L60M100T100-8.mltl,0.0,7795.2,sat
/home/michele/mltlsat/Benchmarks/random0/P0.5N5L60M100T100-9.mltl,0.0,7833.6,unsat
/home/michele/mltlsat/Benchmarks/random0/P0.5N5L65M100T100-10.mltl,0.0,7788,sat
/home/michele/mltlsat/Benchmarks/random0/P0.5N5L65M100T100-1.mltl,0.0,10876.8,sat
/home/michele/mltlsat/Benchmarks/random0/P0.5N5L65M100T100-2.mltl,0.0,7818.4,sat
/home/michele/mltlsat/Benchmarks/random0/P0.5N5L65M100T100-3.mltl,0.01,10896,sat
/home/michele/mltlsat/Benchmarks/random0/P0.5N5L65M100T100-4.mltl,0.01,15467.2,sat
/home/michele/mltlsat/Benchmarks/random0/P0.5N5L65M100T100-5.mltl,0.0,7791.2,unsat
/home/michele/mltlsat/Benchmarks/random0/P0.5N5L65M100T100-6.mltl,0.07,20096.8,sat
/home/michele/mltlsat/Benchmarks/random0/P0.5N5L65M100T100-7.mltl,0.966,448313.6,sat
/home/michele/mltlsat/Benchmarks/random0/P0.5N5L65M100T100-8.mltl,0.0,7789.6,sat
/home/michele/mltlsat/Benchmarks/random0/P0.5N5L65M100T100-9.mltl,0.0,7792,sat
/home/michele/mltlsat/Benchmarks/random0/P0.5N5L70M100T100-10.mltl,0.0,7807.2,sat
/home/michele/mltlsat/Benchmarks/random0/P0.5N5L70M100T100-1.mltl,0.28,23156.8,sat
/home/michele/mltlsat/Benchmarks/random0/P0.5N5L70M100T100-2.mltl,0.01,12400.8,sat
/home/michele/mltlsat/Benchmarks/random0/P0.5N5L70M100T100-3.mltl,0.342,176777.6,sat
/home/michele/mltlsat/Benchmarks/random0/P0.5N5L70M100T100-4.mltl,0.444,10550.4,unsat
/home/michele/mltlsat/Benchmarks/random0/P0.5N5L70M100T100-5.mltl,0.0,7800,sat
/home/michele/mltlsat/Benchmarks/random0/P0.5N5L70M100T100-6.mltl,0.0,7793.6,sat
/home/michele/mltlsat/Benchmarks/random0/P0.5N5L70M100T100-7.mltl,0.01,10872,sat
/home/michele/mltlsat/Benchmarks/random0/P0.5N5L70M100T100-8.mltl,0.0,7811.2,sat
/home/michele/mltlsat/Benchmarks/random0/P0.5N5L70M100T100-9.mltl,0.0,9320.8,sat
/home/michele/mltlsat/Benchmarks/random0/P0.5N5L75M100T100-10.mltl,0.0,10872,sat
/home/michele/mltlsat/Benchmarks/random0/P0.5N5L75M100T100-1.mltl,0.0,7788,unsat
/home/michele/mltlsat/Benchmarks/random0/P0.5N5L75M100T100-2.mltl,0.02,10555.2,sat
/home/michele/mltlsat/Benchmarks/random0/P0.5N5L75M100T100-3.mltl,0.03,15484.8,sat
/home/michele/mltlsat/Benchmarks/random0/P0.5N5L75M100T100-4.mltl,0.0,7791.2,sat
/home/michele/mltlsat/Benchmarks/random0/P0.5N5L75M100T100-5.mltl,0.0,7833.6,sat
/home/michele/mltlsat/Benchmarks/random0/P0.5N5L75M100T100-6.mltl,0.02,9340.8,unsat
/home/michele/mltlsat/Benchmarks/random0/P0.5N5L75M100T100-7.mltl,0.0,7807.2,sat
/home/michele/mltlsat/Benchmarks/random0/P0.5N5L75M100T100-8.mltl,0.0,7796.8,sat
/home/michele/mltlsat/Benchmarks/random0/P0.5N5L75M100T100-9.mltl,0.0,7788,sat
/home/michele/mltlsat/Benchmarks/random0/P0.5N5L80M100T100-10.mltl,4.998,1545337.6,sat
/home/michele/mltlsat/Benchmarks/random0/P0.5N5L80M100T100-1.mltl,0.01,9336,sat
/home/michele/mltlsat/Benchmarks/random0/P0.5N5L80M100T100-2.mltl,0.0,7775.2,sat
/home/michele/mltlsat/Benchmarks/random0/P0.5N5L80M100T100-3.mltl,0.0,7471.2,unsat
/home/michele/mltlsat/Benchmarks/random0/P0.5N5L80M100T100-4.mltl,0.012,9313.6,unsat
/home/michele/mltlsat/Benchmarks/random0/P0.5N5L80M100T100-5.mltl,0.05,30824.8,sat
/home/michele/mltlsat/Benchmarks/random0/P0.5N5L80M100T100-6.mltl,0.262,78471.2,sat
/home/michele/mltlsat/Benchmarks/random0/P0.5N5L80M100T100-7.mltl,0.02,15483.2,sat
/home/michele/mltlsat/Benchmarks/random0/P0.5N5L80M100T100-8.mltl,-1,-1,TO
/home/michele/mltlsat/Benchmarks/random0/P0.5N5L80M100T100-9.mltl,0.01,12092,sat
/home/michele/mltlsat/Benchmarks/random0/P0.5N5L85M100T100-10.mltl,0.0,9321.6,sat
/home/michele/mltlsat/Benchmarks/random0/P0.5N5L85M100T100-1.mltl,0.572,52329.6,sat
/home/michele/mltlsat/Benchmarks/random0/P0.5N5L85M100T100-2.mltl,0.01,13946.4,sat
/home/michele/mltlsat/Benchmarks/random0/P0.5N5L85M100T100-3.mltl,0.01,9353.6,sat
/home/michele/mltlsat/Benchmarks/random0/P0.5N5L85M100T100-4.mltl,0.11,15473.6,sat
/home/michele/mltlsat/Benchmarks/random0/P0.5N5L85M100T100-5.mltl,0.0,7761.6,sat
/home/michele/mltlsat/Benchmarks/random0/P0.5N5L85M100T100-6.mltl,0.01,9354.4,sat
/home/michele/mltlsat/Benchmarks/random0/P0.5N5L85M100T100-7.mltl,0.0,7815.2,unsat
/home/michele/mltlsat/Benchmarks/random0/P0.5N5L85M100T100-8.mltl,0.0,7786.4,sat
/home/michele/mltlsat/Benchmarks/random0/P0.5N5L85M100T100-9.mltl,20.682,16101.6,sat
/home/michele/mltlsat/Benchmarks/random0/P0.5N5L90M100T100-10.mltl,0.0,7800.8,sat
/home/michele/mltlsat/Benchmarks/random0/P0.5N5L90M100T100-1.mltl,0.464,12415.2,sat
/home/michele/mltlsat/Benchmarks/random0/P0.5N5L90M100T100-2.mltl,0.0,7831.2,unsat
/home/michele/mltlsat/Benchmarks/random0/P0.5N5L90M100T100-3.mltl,0.02,13940,sat
/home/michele/mltlsat/Benchmarks/random0/P0.5N5L90M100T100-4.mltl,0.12,41270.4,sat
/home/michele/mltlsat/Benchmarks/random0/P0.5N5L90M100T100-5.mltl,0.0,7809.6,sat
/home/michele/mltlsat/Benchmarks/random0/P0.5N5L90M100T100-6.mltl,0.0,9341.6,sat
/home/michele/mltlsat/Benchmarks/random0/P0.5N5L90M100T100-7.mltl,0.0,9376,sat
/home/michele/mltlsat/Benchmarks/random0/P0.5N5L90M100T100-8.mltl,0.53,17020,sat
/home/michele/mltlsat/Benchmarks/random0/P0.5N5L90M100T100-9.mltl,1.298,48952,sat
/home/michele/mltlsat/Benchmarks/random0/P0.5N5L95M100T100-10.mltl,0.0,7796,sat
/home/michele/mltlsat/Benchmarks/random0/P0.5N5L95M100T100-1.mltl,0.03,20070.4,sat
/home/michele/mltlsat/Benchmarks/random0/P0.5N5L95M100T100-2.mltl,0.0,7796.8,sat
/home/michele/mltlsat/Benchmarks/random0/P0.5N5L95M100T100-3.mltl,0.0,7762.4,sat
/home/michele/mltlsat/Benchmarks/random0/P0.5N5L95M100T100-4.mltl,-1,-1,TO
/home/michele/mltlsat/Benchmarks/random0/P0.5N5L95M100T100-5.mltl,0.01,10860,sat
/home/michele/mltlsat/Benchmarks/random0/P0.5N5L95M100T100-6.mltl,0.09,9326.4,unsat
/home/michele/mltlsat/Benchmarks/random0/P0.5N5L95M100T100-7.mltl,0.0,7791.2,sat
/home/michele/mltlsat/Benchmarks/random0/P0.5N5L95M100T100-8.mltl,0.0,7792.8,sat
/home/michele/mltlsat/Benchmarks/random0/P0.5N5L95M100T100-9.mltl,0.0,7786.4,sat
/home/michele/mltlsat/Benchmarks/random0/P0.7N1L100M100T100-10.mltl,0.0,7780.8,sat
/home/michele/mltlsat/Benchmarks/random0/P0.7N1L100M100T100-1.mltl,-1,-1,TO
/home/michele/mltlsat/Benchmarks/random0/P0.7N1L100M100T100-2.mltl,0.01,15461.6,sat
/home/michele/mltlsat/Benchmarks/random0/P0.7N1L100M100T100-3.mltl,-1,-1,TO
/home/michele/mltlsat/Benchmarks/random0/P0.7N1L100M100T100-4.mltl,0.01,10566.4,sat
/home/michele/mltlsat/Benchmarks/random0/P0.7N1L100M100T100-5.mltl,-1,-1,TO
/home/michele/mltlsat/Benchmarks/random0/P0.7N1L100M100T100-6.mltl,-1,-1,TO
/home/michele/mltlsat/Benchmarks/random0/P0.7N1L100M100T100-7.mltl,65.11,1256136,sat
/home/michele/mltlsat/Benchmarks/random0/P0.7N1L100M100T100-8.mltl,0.02,12427.2,sat
/home/michele/mltlsat/Benchmarks/random0/P0.7N1L100M100T100-9.mltl,0.01,12411.2,sat
/home/michele/mltlsat/Benchmarks/random0/P0.7N1L10M100T100-10.mltl,0.0,7805.6,sat
/home/michele/mltlsat/Benchmarks/random0/P0.7N1L10M100T100-1.mltl,0.0,7805.6,sat
/home/michele/mltlsat/Benchmarks/random0/P0.7N1L10M100T100-2.mltl,0.0,9332.8,sat
/home/michele/mltlsat/Benchmarks/random0/P0.7N1L10M100T100-3.mltl,0.0,7792.8,sat
/home/michele/mltlsat/Benchmarks/random0/P0.7N1L10M100T100-4.mltl,0.0,7805.6,sat
/home/michele/mltlsat/Benchmarks/random0/P0.7N1L10M100T100-5.mltl,0.0,7816,sat
/home/michele/mltlsat/Benchmarks/random0/P0.7N1L10M100T100-6.mltl,0.0,7788.8,sat
/home/michele/mltlsat/Benchmarks/random0/P0.7N1L10M100T100-7.mltl,0.0,7784.8,sat
/home/michele/mltlsat/Benchmarks/random0/P0.7N1L10M100T100-8.mltl,0.0,7788.8,sat
/home/michele/mltlsat/Benchmarks/random0/P0.7N1L10M100T100-9.mltl,0.0,7785.6,sat
/home/michele/mltlsat/Benchmarks/random0/P0.7N1L15M100T100-10.mltl,0.0,7778.4,sat
/home/michele/mltlsat/Benchmarks/random0/P0.7N1L15M100T100-1.mltl,0.008,9329.6,sat
/home/michele/mltlsat/Benchmarks/random0/P0.7N1L15M100T100-2.mltl,0.0,7787.2,sat
/home/michele/mltlsat/Benchmarks/random0/P0.7N1L15M100T100-3.mltl,0.01,9317.6,sat
/home/michele/mltlsat/Benchmarks/random0/P0.7N1L15M100T100-4.mltl,0.0,7787.2,sat
/home/michele/mltlsat/Benchmarks/random0/P0.7N1L15M100T100-5.mltl,0.0,7801.6,sat
/home/michele/mltlsat/Benchmarks/random0/P0.7N1L15M100T100-6.mltl,0.0,7795.2,unsat
/home/michele/mltlsat/Benchmarks/random0/P0.7N1L15M100T100-7.mltl,0.0,7787.2,sat
/home/michele/mltlsat/Benchmarks/random0/P0.7N1L15M100T100-8.mltl,0.0,9336,sat
/home/michele/mltlsat/Benchmarks/random0/P0.7N1L15M100T100-9.mltl,0.0,7809.6,sat
/home/michele/mltlsat/Benchmarks/random0/P0.7N1L20M100T100-10.mltl,0.0,7782.4,sat
/home/michele/mltlsat/Benchmarks/random0/P0.7N1L20M100T100-1.mltl,0.0,9321.6,sat
/home/michele/mltlsat/Benchmarks/random0/P0.7N1L20M100T100-2.mltl,0.0,7801.6,sat
/home/michele/mltlsat/Benchmarks/random0/P0.7N1L20M100T100-3.mltl,0.0,7800.8,sat
/home/michele/mltlsat/Benchmarks/random0/P0.7N1L20M100T100-4.mltl,0.0,7779.2,sat
/home/michele/mltlsat/Benchmarks/random0/P0.7N1L20M100T100-5.mltl,0.0,9332,sat
/home/michele/mltlsat/Benchmarks/random0/P0.7N1L20M100T100-6.mltl,0.0,7812,sat
/home/michele/mltlsat/Benchmarks/random0/P0.7N1L20M100T100-7.mltl,0.0,7804.8,sat
/home/michele/mltlsat/Benchmarks/random0/P0.7N1L20M100T100-8.mltl,0.01,9340,sat
/home/michele/mltlsat/Benchmarks/random0/P0.7N1L20M100T100-9.mltl,0.0,7774.4,unsat
/home/michele/mltlsat/Benchmarks/random0/P0.7N1L25M100T100-10.mltl,0.0,7772.8,sat
/home/michele/mltlsat/Benchmarks/random0/P0.7N1L25M100T100-1.mltl,0.0,9327.2,sat
/home/michele/mltlsat/Benchmarks/random0/P0.7N1L25M100T100-2.mltl,0.0,7796.8,unsat
/home/michele/mltlsat/Benchmarks/random0/P0.7N1L25M100T100-3.mltl,0.0,7792.8,sat
/home/michele/mltlsat/Benchmarks/random0/P0.7N1L25M100T100-4.mltl,0.0,7801.6,sat
/home/michele/mltlsat/Benchmarks/random0/P0.7N1L25M100T100-5.mltl,-1,-1,TO
/home/michele/mltlsat/Benchmarks/random0/P0.7N1L25M100T100-6.mltl,0.02,10883.2,sat
/home/michele/mltlsat/Benchmarks/random0/P0.7N1L25M100T100-7.mltl,0.0,7788,sat
/home/michele/mltlsat/Benchmarks/random0/P0.7N1L25M100T100-8.mltl,0.0,9308.8,sat
/home/michele/mltlsat/Benchmarks/random0/P0.7N1L25M100T100-9.mltl,-1,-1,TO
/home/michele/mltlsat/Benchmarks/random0/P0.7N1L30M100T100-10.mltl,0.0,7777.6,sat
/home/michele/mltlsat/Benchmarks/random0/P0.7N1L30M100T100-1.mltl,0.0,7788,sat
/home/michele/mltlsat/Benchmarks/random0/P0.7N1L30M100T100-2.mltl,0.252,35176.8,sat
/home/michele/mltlsat/Benchmarks/random0/P0.7N1L30M100T100-3.mltl,0.05,9340,sat
/home/michele/mltlsat/Benchmarks/random0/P0.7N1L30M100T100-4.mltl,0.0,7785.6,sat
/home/michele/mltlsat/Benchmarks/random0/P0.7N1L30M100T100-5.mltl,0.0,7813.6,sat
/home/michele/mltlsat/Benchmarks/random0/P0.7N1L30M100T100-6.mltl,0.01,15509.6,sat
/home/michele/mltlsat/Benchmarks/random0/P0.7N1L30M100T100-7.mltl,0.002,7815.2,sat
/home/michele/mltlsat/Benchmarks/random0/P0.7N1L30M100T100-8.mltl,0.0,7802.4,sat
/home/michele/mltlsat/Benchmarks/random0/P0.7N1L30M100T100-9.mltl,0.0,7792.8,sat
/home/michele/mltlsat/Benchmarks/random0/P0.7N1L35M100T100-10.mltl,0.0,9314.4,sat
/home/michele/mltlsat/Benchmarks/random0/P0.7N1L35M100T100-1.mltl,0.0,7776.8,unsat
/home/michele/mltlsat/Benchmarks/random0/P0.7N1L35M100T100-2.mltl,0.0,7808.8,unsat
/home/michele/mltlsat/Benchmarks/random0/P0.7N1L35M100T100-3.mltl,3.294,83070.4,sat
/home/michele/mltlsat/Benchmarks/random0/P0.7N1L35M100T100-4.mltl,-1,-1,TO
/home/michele/mltlsat/Benchmarks/random0/P0.7N1L35M100T100-5.mltl,0.0,10883.2,sat
/home/michele/mltlsat/Benchmarks/random0/P0.7N1L35M100T100-6.mltl,0.04,15450.4,sat
/home/michele/mltlsat/Benchmarks/random0/P0.7N1L35M100T100-7.mltl,0.012,9334.4,sat
/home/michele/mltlsat/Benchmarks/random0/P0.7N1L35M100T100-8.mltl,0.0,9331.2,sat
/home/michele/mltlsat/Benchmarks/random0/P0.7N1L35M100T100-9.mltl,0.0,7802.4,sat
/home/michele/mltlsat/Benchmarks/random0/P0.7N1L40M100T100-10.mltl,0.0,7778.4,sat
/home/michele/mltlsat/Benchmarks/random0/P0.7N1L40M100T100-1.mltl,0.01,10856.8,sat
/home/michele/mltlsat/Benchmarks/random0/P0.7N1L40M100T100-2.mltl,0.14,26240,sat
/home/michele/mltlsat/Benchmarks/random0/P0.7N1L40M100T100-3.mltl,0.0,7799.2,unsat
/home/michele/mltlsat/Benchmarks/random0/P0.7N1L40M100T100-4.mltl,-1,-1,TO
/home/michele/mltlsat/Benchmarks/random0/P0.7N1L40M100T100-5.mltl,0.0,7811.2,sat
/home/michele/mltlsat/Benchmarks/random0/P0.7N1L40M100T100-6.mltl,0.0,7796.8,unsat
/home/michele/mltlsat/Benchmarks/random0/P0.7N1L40M100T100-7.mltl,0.0,9332,sat
/home/michele/mltlsat/Benchmarks/random0/P0.7N1L40M100T100-8.mltl,0.02,9350.4,sat
/home/michele/mltlsat/Benchmarks/random0/P0.7N1L40M100T100-9.mltl,0.0,7786.4,sat
/home/michele/mltlsat/Benchmarks/random0/P0.7N1L45M100T100-10.mltl,-1,-1,TO
/home/michele/mltlsat/Benchmarks/random0/P0.7N1L45M100T100-1.mltl,0.0,7777.6,sat
/home/michele/mltlsat/Benchmarks/random0/P0.7N1L45M100T100-2.mltl,0.022,18558.4,sat
/home/michele/mltlsat/Benchmarks/random0/P0.7N1L45M100T100-3.mltl,3.092,15460.8,sat
/home/michele/mltlsat/Benchmarks/random0/P0.7N1L45M100T100-4.mltl,0.0,9345.6,sat
/home/michele/mltlsat/Benchmarks/random0/P0.7N1L45M100T100-5.mltl,0.0,7804.8,sat
/home/michele/mltlsat/Benchmarks/random0/P0.7N1L45M100T100-6.mltl,0.02,9356.8,sat
/home/michele/mltlsat/Benchmarks/random0/P0.7N1L45M100T100-7.mltl,0.0,7790.4,sat
/home/michele/mltlsat/Benchmarks/random0/P0.7N1L45M100T100-8.mltl,0.01,13956.8,sat
/home/michele/mltlsat/Benchmarks/random0/P0.7N1L45M100T100-9.mltl,0.08,17000,sat
/home/michele/mltlsat/Benchmarks/random0/P0.7N1L50M100T100-10.mltl,0.0,9344,sat
/home/michele/mltlsat/Benchmarks/random0/P0.7N1L50M100T100-1.mltl,0.01,9344,sat
/home/michele/mltlsat/Benchmarks/random0/P0.7N1L50M100T100-2.mltl,0.0,7816.8,sat
/home/michele/mltlsat/Benchmarks/random0/P0.7N1L50M100T100-3.mltl,0.09,33903.2,sat
/home/michele/mltlsat/Benchmarks/random0/P0.7N1L50M100T100-4.mltl,0.0,7807.2,sat
/home/michele/mltlsat/Benchmarks/random0/P0.7N1L50M100T100-5.mltl,0.0,7778.4,sat
/home/michele/mltlsat/Benchmarks/random0/P0.7N1L50M100T100-6.mltl,0.0,7806.4,sat
/home/michele/mltlsat/Benchmarks/random0/P0.7N1L50M100T100-7.mltl,0.34400000000000003,12393.6,unsat
/home/michele/mltlsat/Benchmarks/random0/P0.7N1L50M100T100-8.mltl,-1,-1,TO
/home/michele/mltlsat/Benchmarks/random0/P0.7N1L50M100T100-9.mltl,0.0,7800,sat
/home/michele/mltlsat/Benchmarks/random0/P0.7N1L55M100T100-10.mltl,0.0,7792.8,sat
/home/michele/mltlsat/Benchmarks/random0/P0.7N1L55M100T100-1.mltl,0.02,9328,sat
/home/michele/mltlsat/Benchmarks/random0/P0.7N1L55M100T100-2.mltl,0.0,9344.8,sat
/home/michele/mltlsat/Benchmarks/random0/P0.7N1L55M100T100-3.mltl,-1,-1,TO
/home/michele/mltlsat/Benchmarks/random0/P0.7N1L55M100T100-4.mltl,0.0,7807.2,unsat
/home/michele/mltlsat/Benchmarks/random0/P0.7N1L55M100T100-5.mltl,0.066,10887.2,unsat
/home/michele/mltlsat/Benchmarks/random0/P0.7N1L55M100T100-6.mltl,0.0,7786.4,sat
/home/michele/mltlsat/Benchmarks/random0/P0.7N1L55M100T100-7.mltl,0.0,7797.6,sat
/home/michele/mltlsat/Benchmarks/random0/P0.7N1L55M100T100-8.mltl,0.0,7761.6,sat
/home/michele/mltlsat/Benchmarks/random0/P0.7N1L55M100T100-9.mltl,-1,-1,OOM
/home/michele/mltlsat/Benchmarks/random0/P0.7N1L5M100T100-10.mltl,0.0,7776.8,sat
/home/michele/mltlsat/Benchmarks/random0/P0.7N1L5M100T100-1.mltl,0.0,7786.4,sat
/home/michele/mltlsat/Benchmarks/random0/P0.7N1L5M100T100-2.mltl,0.0,7802.4,sat
/home/michele/mltlsat/Benchmarks/random0/P0.7N1L5M100T100-3.mltl,0.0,7795.2,sat
/home/michele/mltlsat/Benchmarks/random0/P0.7N1L5M100T100-4.mltl,0.0,7799.2,sat
/home/michele/mltlsat/Benchmarks/random0/P0.7N1L5M100T100-5.mltl,0.0,7816.8,sat
/home/michele/mltlsat/Benchmarks/random0/P0.7N1L5M100T100-6.mltl,0.0,7788,sat
/home/michele/mltlsat/Benchmarks/random0/P0.7N1L5M100T100-7.mltl,0.0,7801.6,sat
/home/michele/mltlsat/Benchmarks/random0/P0.7N1L5M100T100-8.mltl,0.0,7795.2,sat
/home/michele/mltlsat/Benchmarks/random0/P0.7N1L5M100T100-9.mltl,0.0,7804.8,sat
/home/michele/mltlsat/Benchmarks/random0/P0.7N1L60M100T100-10.mltl,0.0,7817.6,sat
/home/michele/mltlsat/Benchmarks/random0/P0.7N1L60M100T100-1.mltl,1.86,13344,sat
/home/michele/mltlsat/Benchmarks/random0/P0.7N1L60M100T100-2.mltl,0.0,7775.2,unsat
/home/michele/mltlsat/Benchmarks/random0/P0.7N1L60M100T100-3.mltl,-1,-1,TO
/home/michele/mltlsat/Benchmarks/random0/P0.7N1L60M100T100-4.mltl,6.16,2086004.8,sat
/home/michele/mltlsat/Benchmarks/random0/P0.7N1L60M100T100-5.mltl,-1,-1,TO
/home/michele/mltlsat/Benchmarks/random0/P0.7N1L60M100T100-6.mltl,0.0,7803.2,sat
/home/michele/mltlsat/Benchmarks/random0/P0.7N1L60M100T100-7.mltl,0.0,7487.2,unsat
/home/michele/mltlsat/Benchmarks/random0/P0.7N1L60M100T100-8.mltl,0.0,7800.8,sat
/home/michele/mltlsat/Benchmarks/random0/P0.7N1L60M100T100-9.mltl,0.0,7784,sat
/home/michele/mltlsat/Benchmarks/random0/P0.7N1L65M100T100-10.mltl,0.032,24688.8,sat
/home/michele/mltlsat/Benchmarks/random0/P0.7N1L65M100T100-1.mltl,0.0,7777.6,sat
/home/michele/mltlsat/Benchmarks/random0/P0.7N1L65M100T100-2.mltl,0.0,7787.2,sat
/home/michele/mltlsat/Benchmarks/random0/P0.7N1L65M100T100-3.mltl,2.788,30236,sat
/home/michele/mltlsat/Benchmarks/random0/P0.7N1L65M100T100-4.mltl,-1,-1,TO
/home/michele/mltlsat/Benchmarks/random0/P0.7N1L65M100T100-5.mltl,0.01,10895.2,sat
/home/michele/mltlsat/Benchmarks/random0/P0.7N1L65M100T100-6.mltl,-1,-1,TO
/home/michele/mltlsat/Benchmarks/random0/P0.7N1L65M100T100-7.mltl,0.0,9326.4,sat
/home/michele/mltlsat/Benchmarks/random0/P0.7N1L65M100T100-8.mltl,0.0,7795.2,sat
/home/michele/mltlsat/Benchmarks/random0/P0.7N1L65M100T100-9.mltl,0.02,13956.8,sat
/home/michele/mltlsat/Benchmarks/random0/P0.7N1L70M100T100-10.mltl,0.11,49294.4,sat
/home/michele/mltlsat/Benchmarks/random0/P0.7N1L70M100T100-1.mltl,0.0,7794.4,sat
/home/michele/mltlsat/Benchmarks/random0/P0.7N1L70M100T100-2.mltl,-1,-1,TO
/home/michele/mltlsat/Benchmarks/random0/P0.7N1L70M100T100-3.mltl,0.02,15472,sat
/home/michele/mltlsat/Benchmarks/random0/P0.7N1L70M100T100-4.mltl,0.002,10894.4,sat
/home/michele/mltlsat/Benchmarks/random0/P0.7N1L70M100T100-5.mltl,0.0,7767.2,sat
/home/michele/mltlsat/Benchmarks/random0/P0.7N1L70M100T100-6.mltl,0.0,7781.6,sat
/home/michele/mltlsat/Benchmarks/random0/P0.7N1L70M100T100-7.mltl,0.01,13928.8,sat
/home/michele/mltlsat/Benchmarks/random0/P0.7N1L70M100T100-8.mltl,-1,-1,TO
/home/michele/mltlsat/Benchmarks/random0/P0.7N1L70M100T100-9.mltl,0.03,10841.6,sat
/home/michele/mltlsat/Benchmarks/random0/P0.7N1L75M100T100-10.mltl,0.0,7785.6,unsat
/home/michele/mltlsat/Benchmarks/random0/P0.7N1L75M100T100-1.mltl,0.07,38527.2,sat
/home/michele/mltlsat/Benchmarks/random0/P0.7N1L75M100T100-2.mltl,0.006,9333.6,sat
/home/michele/mltlsat/Benchmarks/random0/P0.7N1L75M100T100-3.mltl,0.0,7806.4,sat
/home/michele/mltlsat/Benchmarks/random0/P0.7N1L75M100T100-4.mltl,-1,-1,TO
/home/michele/mltlsat/Benchmarks/random0/P0.7N1L75M100T100-5.mltl,0.0,7806.4,sat
/home/michele/mltlsat/Benchmarks/random0/P0.7N1L75M100T100-6.mltl,0.0,7788.8,sat
/home/michele/mltlsat/Benchmarks/random0/P0.7N1L75M100T100-7.mltl,0.0,7808.8,sat
/home/michele/mltlsat/Benchmarks/random0/P0.7N1L75M100T100-8.mltl,0.0,7781.6,sat
/home/michele/mltlsat/Benchmarks/random0/P0.7N1L75M100T100-9.mltl,0.0,7798.4,sat
/home/michele/mltlsat/Benchmarks/random0/P0.7N1L80M100T100-10.mltl,-1,-1,TO
/home/michele/mltlsat/Benchmarks/random0/P0.7N1L80M100T100-1.mltl,0.014,12410.4,sat
/home/michele/mltlsat/Benchmarks/random0/P0.7N1L80M100T100-2.mltl,0.0,7808.8,sat
/home/michele/mltlsat/Benchmarks/random0/P0.7N1L80M100T100-3.mltl,-1,-1,TO
/home/michele/mltlsat/Benchmarks/random0/P0.7N1L80M100T100-4.mltl,0.02,15481.6,sat
/home/michele/mltlsat/Benchmarks/random0/P0.7N1L80M100T100-5.mltl,0.0,7797.6,unsat
/home/michele/mltlsat/Benchmarks/random0/P0.7N1L80M100T100-6.mltl,0.0,7808.8,sat
/home/michele/mltlsat/Benchmarks/random0/P0.7N1L80M100T100-7.mltl,0.0,7800,sat
/home/michele/mltlsat/Benchmarks/random0/P0.7N1L80M100T100-8.mltl,0.02,9334.4,sat
/home/michele/mltlsat/Benchmarks/random0/P0.7N1L80M100T100-9.mltl,0.0,7786.4,sat
/home/michele/mltlsat/Benchmarks/random0/P0.7N1L85M100T100-10.mltl,-1,-1,TO
/home/michele/mltlsat/Benchmarks/random0/P0.7N1L85M100T100-1.mltl,-1,-1,TO
/home/michele/mltlsat/Benchmarks/random0/P0.7N1L85M100T100-2.mltl,0.0,7793.6,sat
/home/michele/mltlsat/Benchmarks/random0/P0.7N1L85M100T100-3.mltl,-1,-1,TO
/home/michele/mltlsat/Benchmarks/random0/P0.7N1L85M100T100-4.mltl,0.01,13935.2,sat
/home/michele/mltlsat/Benchmarks/random0/P0.7N1L85M100T100-5.mltl,0.0,7786.4,sat
/home/michele/mltlsat/Benchmarks/random0/P0.7N1L85M100T100-6.mltl,0.0,7804.8,sat
/home/michele/mltlsat/Benchmarks/random0/P0.7N1L85M100T100-7.mltl,0.002,10868,sat
/home/michele/mltlsat/Benchmarks/random0/P0.7N1L85M100T100-8.mltl,0.01,9344.8,sat
/home/michele/mltlsat/Benchmarks/random0/P0.7N1L85M100T100-9.mltl,0.0,7795.2,sat
/home/michele/mltlsat/Benchmarks/random0/P0.7N1L90M100T100-10.mltl,0.0,10847.2,sat
/home/michele/mltlsat/Benchmarks/random0/P0.7N1L90M100T100-1.mltl,-1,-1,TO
/home/michele/mltlsat/Benchmarks/random0/P0.7N1L90M100T100-2.mltl,-1,-1,TO
/home/michele/mltlsat/Benchmarks/random0/P0.7N1L90M100T100-3.mltl,0.0,7791.2,sat
/home/michele/mltlsat/Benchmarks/random0/P0.7N1L90M100T100-4.mltl,0.0,7824.8,sat
/home/michele/mltlsat/Benchmarks/random0/P0.7N1L90M100T100-5.mltl,-1,-1,TO
/home/michele/mltlsat/Benchmarks/random0/P0.7N1L90M100T100-6.mltl,0.382,20086.4,sat
/home/michele/mltlsat/Benchmarks/random0/P0.7N1L90M100T100-7.mltl,0.02,17002.4,sat
/home/michele/mltlsat/Benchmarks/random0/P0.7N1L90M100T100-8.mltl,0.0,9337.6,sat
/home/michele/mltlsat/Benchmarks/random0/P0.7N1L90M100T100-9.mltl,0.01,13962.4,sat
/home/michele/mltlsat/Benchmarks/random0/P0.7N1L95M100T100-10.mltl,2.518,1148739.2,sat
/home/michele/mltlsat/Benchmarks/random0/P0.7N1L95M100T100-1.mltl,0.01,13930.4,sat
/home/michele/mltlsat/Benchmarks/random0/P0.7N1L95M100T100-2.mltl,-1,-1,TO
/home/michele/mltlsat/Benchmarks/random0/P0.7N1L95M100T100-3.mltl,0.0,7822.4,sat
/home/michele/mltlsat/Benchmarks/random0/P0.7N1L95M100T100-4.mltl,0.0,7780.8,sat
/home/michele/mltlsat/Benchmarks/random0/P0.7N1L95M100T100-5.mltl,-1,-1,TO
/home/michele/mltlsat/Benchmarks/random0/P0.7N1L95M100T100-6.mltl,0.01,9345.6,sat
/home/michele/mltlsat/Benchmarks/random0/P0.7N1L95M100T100-7.mltl,0.0,7796.8,sat
/home/michele/mltlsat/Benchmarks/random0/P0.7N1L95M100T100-8.mltl,0.02,15169.6,sat
/home/michele/mltlsat/Benchmarks/random0/P0.7N1L95M100T100-9.mltl,0.02,10870.4,sat
/home/michele/mltlsat/Benchmarks/random0/P0.7N2L100M100T100-10.mltl,-1,-1,TO
/home/michele/mltlsat/Benchmarks/random0/P0.7N2L100M100T100-1.mltl,0.02,12420,sat
/home/michele/mltlsat/Benchmarks/random0/P0.7N2L100M100T100-2.mltl,0.0,7792,sat
/home/michele/mltlsat/Benchmarks/random0/P0.7N2L100M100T100-3.mltl,0.022,17041.6,sat
/home/michele/mltlsat/Benchmarks/random0/P0.7N2L100M100T100-4.mltl,0.0,7815.2,unsat
/home/michele/mltlsat/Benchmarks/random0/P0.7N2L100M100T100-5.mltl,-1,-1,TO
/home/michele/mltlsat/Benchmarks/random0/P0.7N2L100M100T100-6.mltl,0.188,79980.8,sat
/home/michele/mltlsat/Benchmarks/random0/P0.7N2L100M100T100-7.mltl,0.02,12420.8,sat
/home/michele/mltlsat/Benchmarks/random0/P0.7N2L100M100T100-8.mltl,-1,-1,TO
/home/michele/mltlsat/Benchmarks/random0/P0.7N2L100M100T100-9.mltl,-1,-1,TO
/home/michele/mltlsat/Benchmarks/random0/P0.7N2L10M100T100-10.mltl,0.0,7804.8,sat
/home/michele/mltlsat/Benchmarks/random0/P0.7N2L10M100T100-1.mltl,0.0,7792.8,sat
/home/michele/mltlsat/Benchmarks/random0/P0.7N2L10M100T100-2.mltl,0.0,7793.6,sat
/home/michele/mltlsat/Benchmarks/random0/P0.7N2L10M100T100-3.mltl,0.0,9311.2,sat
/home/michele/mltlsat/Benchmarks/random0/P0.7N2L10M100T100-4.mltl,0.0,7776.8,sat
/home/michele/mltlsat/Benchmarks/random0/P0.7N2L10M100T100-5.mltl,0.0,7812.8,sat
/home/michele/mltlsat/Benchmarks/random0/P0.7N2L10M100T100-6.mltl,0.0,7819.2,sat
/home/michele/mltlsat/Benchmarks/random0/P0.7N2L10M100T100-7.mltl,0.0,7789.6,sat
/home/michele/mltlsat/Benchmarks/random0/P0.7N2L10M100T100-8.mltl,0.0,7794.4,sat
/home/michele/mltlsat/Benchmarks/random0/P0.7N2L10M100T100-9.mltl,0.0,7805.6,sat
/home/michele/mltlsat/Benchmarks/random0/P0.7N2L15M100T100-10.mltl,0.0,7801.6,sat
/home/michele/mltlsat/Benchmarks/random0/P0.7N2L15M100T100-1.mltl,0.0,7787.2,sat
/home/michele/mltlsat/Benchmarks/random0/P0.7N2L15M100T100-2.mltl,0.0,7807.2,sat
/home/michele/mltlsat/Benchmarks/random0/P0.7N2L15M100T100-3.mltl,0.01,10856.8,sat
/home/michele/mltlsat/Benchmarks/random0/P0.7N2L15M100T100-4.mltl,0.0,7798.4,sat
/home/michele/mltlsat/Benchmarks/random0/P0.7N2L15M100T100-5.mltl,0.0,7782.4,sat
/home/michele/mltlsat/Benchmarks/random0/P0.7N2L15M100T100-6.mltl,0.0,9347.2,sat
/home/michele/mltlsat/Benchmarks/random0/P0.7N2L15M100T100-7.mltl,0.0,7792,sat
/home/michele/mltlsat/Benchmarks/random0/P0.7N2L15M100T100-8.mltl,0.012,10864.8,sat
/home/michele/mltlsat/Benchmarks/random0/P0.7N2L15M100T100-9.mltl,0.0,9328.8,sat
/home/michele/mltlsat/Benchmarks/random0/P0.7N2L20M100T100-10.mltl,0.0,9342.4,sat
/home/michele/mltlsat/Benchmarks/random0/P0.7N2L20M100T100-1.mltl,0.0,9319.2,sat
/home/michele/mltlsat/Benchmarks/random0/P0.7N2L20M100T100-2.mltl,0.0,7820,sat
/home/michele/mltlsat/Benchmarks/random0/P0.7N2L20M100T100-3.mltl,0.0,7818.4,sat
/home/michele/mltlsat/Benchmarks/random0/P0.7N2L20M100T100-4.mltl,0.0,7807.2,sat
/home/michele/mltlsat/Benchmarks/random0/P0.7N2L20M100T100-5.mltl,0.0,7776,sat
/home/michele/mltlsat/Benchmarks/random0/P0.7N2L20M100T100-6.mltl,0.0,7782.4,sat
/home/michele/mltlsat/Benchmarks/random0/P0.7N2L20M100T100-7.mltl,0.0,10880,sat
/home/michele/mltlsat/Benchmarks/random0/P0.7N2L20M100T100-8.mltl,0.0,9308.8,sat
/home/michele/mltlsat/Benchmarks/random0/P0.7N2L20M100T100-9.mltl,0.01,9340,sat
/home/michele/mltlsat/Benchmarks/random0/P0.7N2L25M100T100-10.mltl,0.0,7798.4,sat
/home/michele/mltlsat/Benchmarks/random0/P0.7N2L25M100T100-1.mltl,0.0,7811.2,sat
/home/michele/mltlsat/Benchmarks/random0/P0.7N2L25M100T100-2.mltl,0.0,10884,sat
/home/michele/mltlsat/Benchmarks/random0/P0.7N2L25M100T100-3.mltl,0.14,10884.8,sat
/home/michele/mltlsat/Benchmarks/random0/P0.7N2L25M100T100-4.mltl,0.0,7806.4,sat
/home/michele/mltlsat/Benchmarks/random0/P0.7N2L25M100T100-5.mltl,0.0,7804.8,sat
/home/michele/mltlsat/Benchmarks/random0/P0.7N2L25M100T100-6.mltl,0.0,7773.6,sat
/home/michele/mltlsat/Benchmarks/random0/P0.7N2L25M100T100-7.mltl,0.268,13946.4,sat
/home/michele/mltlsat/Benchmarks/random0/P0.7N2L25M100T100-8.mltl,0.198,9324.8,sat
/home/michele/mltlsat/Benchmarks/random0/P0.7N2L25M100T100-9.mltl,0.0,7785.6,sat
/home/michele/mltlsat/Benchmarks/random0/P0.7N2L30M100T100-10.mltl,0.208,10870.4,sat
/home/michele/mltlsat/Benchmarks/random0/P0.7N2L30M100T100-1.mltl,-1,-1,TO
/home/michele/mltlsat/Benchmarks/random0/P0.7N2L30M100T100-2.mltl,-1,-1,TO
/home/michele/mltlsat/Benchmarks/random0/P0.7N2L30M100T100-3.mltl,0.0,7792.8,sat
/home/michele/mltlsat/Benchmarks/random0/P0.7N2L30M100T100-4.mltl,0.01,12400,sat
/home/michele/mltlsat/Benchmarks/random0/P0.7N2L30M100T100-5.mltl,0.0,9347.2,sat
/home/michele/mltlsat/Benchmarks/random0/P0.7N2L30M100T100-6.mltl,0.06,13952.8,sat
/home/michele/mltlsat/Benchmarks/random0/P0.7N2L30M100T100-7.mltl,0.0,9324.8,sat
/home/michele/mltlsat/Benchmarks/random0/P0.7N2L30M100T100-8.mltl,0.0,7816,sat
/home/michele/mltlsat/Benchmarks/random0/P0.7N2L30M100T100-9.mltl,0.02,12407.2,sat
/home/michele/mltlsat/Benchmarks/random0/P0.7N2L35M100T100-10.mltl,0.0,7806.4,sat
/home/michele/mltlsat/Benchmarks/random0/P0.7N2L35M100T100-1.mltl,0.02,10864,sat
/home/michele/mltlsat/Benchmarks/random0/P0.7N2L35M100T100-2.mltl,0.0,7793.6,sat
/home/michele/mltlsat/Benchmarks/random0/P0.7N2L35M100T100-3.mltl,0.04,28993.6,sat
/home/michele/mltlsat/Benchmarks/random0/P0.7N2L35M100T100-4.mltl,0.46599999999999997,136832.8,sat
/home/michele/mltlsat/Benchmarks/random0/P0.7N2L35M100T100-5.mltl,0.0,7827.2,unsat
/home/michele/mltlsat/Benchmarks/random0/P0.7N2L35M100T100-6.mltl,0.0,7796.8,sat
/home/michele/mltlsat/Benchmarks/random0/P0.7N2L35M100T100-7.mltl,0.0,7800,sat
/home/michele/mltlsat/Benchmarks/random0/P0.7N2L35M100T100-8.mltl,0.01,15492.8,sat
/home/michele/mltlsat/Benchmarks/random0/P0.7N2L35M100T100-9.mltl,0.02,9312.8,sat
/home/michele/mltlsat/Benchmarks/random0/P0.7N2L40M100T100-10.mltl,0.0,7801.6,sat
/home/michele/mltlsat/Benchmarks/random0/P0.7N2L40M100T100-1.mltl,0.0,7812,sat
/home/michele/mltlsat/Benchmarks/random0/P0.7N2L40M100T100-2.mltl,-1,-1,TO
/home/michele/mltlsat/Benchmarks/random0/P0.7N2L40M100T100-3.mltl,0.0,7773.6,sat
/home/michele/mltlsat/Benchmarks/random0/P0.7N2L40M100T100-4.mltl,0.002,9328,sat
/home/michele/mltlsat/Benchmarks/random0/P0.7N2L40M100T100-5.mltl,0.0,7780,sat
/home/michele/mltlsat/Benchmarks/random0/P0.7N2L40M100T100-6.mltl,-1,-1,TO
/home/michele/mltlsat/Benchmarks/random0/P0.7N2L40M100T100-7.mltl,-1,-1,TO
/home/michele/mltlsat/Benchmarks/random0/P0.7N2L40M100T100-8.mltl,0.02,10857.6,sat
/home/michele/mltlsat/Benchmarks/random0/P0.7N2L40M100T100-9.mltl,0.0,7792,sat
/home/michele/mltlsat/Benchmarks/random0/P0.7N2L45M100T100-10.mltl,-1,-1,TO
/home/michele/mltlsat/Benchmarks/random0/P0.7N2L45M100T100-1.mltl,6.212,15478.4,sat
/home/michele/mltlsat/Benchmarks/random0/P0.7N2L45M100T100-2.mltl,0.0,7818.4,sat
/home/michele/mltlsat/Benchmarks/random0/P0.7N2L45M100T100-3.mltl,0.0,7792,sat
/home/michele/mltlsat/Benchmarks/random0/P0.7N2L45M100T100-4.mltl,0.0,7780,sat
/home/michele/mltlsat/Benchmarks/random0/P0.7N2L45M100T100-5.mltl,0.0,7833.6,sat
/home/michele/mltlsat/Benchmarks/random0/P0.7N2L45M100T100-6.mltl,38.336,875634.4,sat
/home/michele/mltlsat/Benchmarks/random0/P0.7N2L45M100T100-7.mltl,0.02,10878.4,sat
/home/michele/mltlsat/Benchmarks/random0/P0.7N2L45M100T100-8.mltl,0.0,7779.2,sat
/home/michele/mltlsat/Benchmarks/random0/P0.7N2L45M100T100-9.mltl,0.057999999999999996,12410.4,sat
/home/michele/mltlsat/Benchmarks/random0/P0.7N2L50M100T100-10.mltl,0.01,7792,unsat
/home/michele/mltlsat/Benchmarks/random0/P0.7N2L50M100T100-1.mltl,0.0,7781.6,sat
/home/michele/mltlsat/Benchmarks/random0/P0.7N2L50M100T100-2.mltl,0.01,10873.6,sat
/home/michele/mltlsat/Benchmarks/random0/P0.7N2L50M100T100-3.mltl,0.0,7778.4,sat
/home/michele/mltlsat/Benchmarks/random0/P0.7N2L50M100T100-4.mltl,0.0,7788,sat
/home/michele/mltlsat/Benchmarks/random0/P0.7N2L50M100T100-5.mltl,1.436,17023.2,unsat
/home/michele/mltlsat/Benchmarks/random0/P0.7N2L50M100T100-6.mltl,-1,-1,TO
/home/michele/mltlsat/Benchmarks/random0/P0.7N2L50M100T100-7.mltl,0.01,9343.2,sat
/home/michele/mltlsat/Benchmarks/random0/P0.7N2L50M100T100-8.mltl,0.0,9333.6,sat
/home/michele/mltlsat/Benchmarks/random0/P0.7N2L50M100T100-9.mltl,0.04,24706.4,sat
/home/michele/mltlsat/Benchmarks/random0/P0.7N2L55M100T100-10.mltl,0.02,13944,sat
/home/michele/mltlsat/Benchmarks/random0/P0.7N2L55M100T100-1.mltl,0.02,10866.4,sat
/home/michele/mltlsat/Benchmarks/random0/P0.7N2L55M100T100-2.mltl,-1,-1,TO
/home/michele/mltlsat/Benchmarks/random0/P0.7N2L55M100T100-3.mltl,0.0,7796,sat
/home/michele/mltlsat/Benchmarks/random0/P0.7N2L55M100T100-4.mltl,-1,-1,OOM
/home/michele/mltlsat/Benchmarks/random0/P0.7N2L55M100T100-5.mltl,0.0,7784.8,sat
/home/michele/mltlsat/Benchmarks/random0/P0.7N2L55M100T100-6.mltl,0.21,12396.8,sat
/home/michele/mltlsat/Benchmarks/random0/P0.7N2L55M100T100-7.mltl,-1,-1,TO
/home/michele/mltlsat/Benchmarks/random0/P0.7N2L55M100T100-8.mltl,0.01,12403.2,sat
/home/michele/mltlsat/Benchmarks/random0/P0.7N2L55M100T100-9.mltl,0.01,10872.8,sat
/home/michele/mltlsat/Benchmarks/random0/P0.7N2L5M100T100-10.mltl,0.0,7812.8,sat
/home/michele/mltlsat/Benchmarks/random0/P0.7N2L5M100T100-1.mltl,0.0,7797.6,sat
/home/michele/mltlsat/Benchmarks/random0/P0.7N2L5M100T100-2.mltl,0.0,7796,sat
/home/michele/mltlsat/Benchmarks/random0/P0.7N2L5M100T100-3.mltl,0.0,7795.2,sat
/home/michele/mltlsat/Benchmarks/random0/P0.7N2L5M100T100-4.mltl,0.0,7805.6,sat
/home/michele/mltlsat/Benchmarks/random0/P0.7N2L5M100T100-5.mltl,0.0,7819.2,sat
/home/michele/mltlsat/Benchmarks/random0/P0.7N2L5M100T100-6.mltl,0.0,7787.2,sat
/home/michele/mltlsat/Benchmarks/random0/P0.7N2L5M100T100-7.mltl,0.0,7808.8,sat
/home/michele/mltlsat/Benchmarks/random0/P0.7N2L5M100T100-8.mltl,0.0,7808,sat
/home/michele/mltlsat/Benchmarks/random0/P0.7N2L5M100T100-9.mltl,0.0,7784.8,sat
/home/michele/mltlsat/Benchmarks/random0/P0.7N2L60M100T100-10.mltl,0.07200000000000001,17027.2,sat
/home/michele/mltlsat/Benchmarks/random0/P0.7N2L60M100T100-1.mltl,0.01,9341.6,sat
/home/michele/mltlsat/Benchmarks/random0/P0.7N2L60M100T100-2.mltl,0.02,16997.6,sat
/home/michele/mltlsat/Benchmarks/random0/P0.7N2L60M100T100-3.mltl,-1,-1,TO
/home/michele/mltlsat/Benchmarks/random0/P0.7N2L60M100T100-4.mltl,0.022,10879.2,sat
/home/michele/mltlsat/Benchmarks/random0/P0.7N2L60M100T100-5.mltl,118.17399999999999,2628503.2,sat
/home/michele/mltlsat/Benchmarks/random0/P0.7N2L60M100T100-6.mltl,1.488,540781.6,sat
/home/michele/mltlsat/Benchmarks/random0/P0.7N2L60M100T100-7.mltl,-1,-1,TO
/home/michele/mltlsat/Benchmarks/random0/P0.7N2L60M100T100-8.mltl,-1,-1,TO
/home/michele/mltlsat/Benchmarks/random0/P0.7N2L60M100T100-9.mltl,50.39,1907203.2,sat
/home/michele/mltlsat/Benchmarks/random0/P0.7N2L65M100T100-10.mltl,0.0,7808.8,sat
/home/michele/mltlsat/Benchmarks/random0/P0.7N2L65M100T100-1.mltl,0.006,10868.8,sat
/home/michele/mltlsat/Benchmarks/random0/P0.7N2L65M100T100-2.mltl,0.0,7825.6,sat
/home/michele/mltlsat/Benchmarks/random0/P0.7N2L65M100T100-3.mltl,0.03,21607.2,sat
/home/michele/mltlsat/Benchmarks/random0/P0.7N2L65M100T100-4.mltl,-1,-1,TO
/home/michele/mltlsat/Benchmarks/random0/P0.7N2L65M100T100-5.mltl,0.602,13967.2,sat
/home/michele/mltlsat/Benchmarks/random0/P0.7N2L65M100T100-6.mltl,0.01,12388.8,sat
/home/michele/mltlsat/Benchmarks/random0/P0.7N2L65M100T100-7.mltl,0.118,32372.8,sat
/home/michele/mltlsat/Benchmarks/random0/P0.7N2L65M100T100-8.mltl,0.0,7780,unsat
/home/michele/mltlsat/Benchmarks/random0/P0.7N2L65M100T100-9.mltl,0.0,9330.4,sat
/home/michele/mltlsat/Benchmarks/random0/P0.7N2L70M100T100-10.mltl,0.078,33896,sat
/home/michele/mltlsat/Benchmarks/random0/P0.7N2L70M100T100-1.mltl,0.0,7819.2,unsat
/home/michele/mltlsat/Benchmarks/random0/P0.7N2L70M100T100-2.mltl,0.014,17004,sat
/home/michele/mltlsat/Benchmarks/random0/P0.7N2L70M100T100-3.mltl,-1,-1,TO
/home/michele/mltlsat/Benchmarks/random0/P0.7N2L70M100T100-4.mltl,0.0,7806.4,sat
/home/michele/mltlsat/Benchmarks/random0/P0.7N2L70M100T100-5.mltl,0.0,9340.8,sat
/home/michele/mltlsat/Benchmarks/random0/P0.7N2L70M100T100-6.mltl,0.082,27453.6,sat
/home/michele/mltlsat/Benchmarks/random0/P0.7N2L70M100T100-7.mltl,0.11,21630.4,sat
/home/michele/mltlsat/Benchmarks/random0/P0.7N2L70M100T100-8.mltl,0.02,12430.4,sat
/home/michele/mltlsat/Benchmarks/random0/P0.7N2L70M100T100-9.mltl,18.268,28704,sat
/home/michele/mltlsat/Benchmarks/random0/P0.7N2L75M100T100-10.mltl,0.004,10890.4,sat
/home/michele/mltlsat/Benchmarks/random0/P0.7N2L75M100T100-1.mltl,0.02,17004,sat
/home/michele/mltlsat/Benchmarks/random0/P0.7N2L75M100T100-2.mltl,0.0,7778.4,sat
/home/michele/mltlsat/Benchmarks/random0/P0.7N2L75M100T100-3.mltl,0.09,49287.2,sat
/home/michele/mltlsat/Benchmarks/random0/P0.7N2L75M100T100-4.mltl,0.008,9356,sat
/home/michele/mltlsat/Benchmarks/random0/P0.7N2L75M100T100-5.mltl,0.552,36981.6,sat
/home/michele/mltlsat/Benchmarks/random0/P0.7N2L75M100T100-6.mltl,-1,-1,TO
/home/michele/mltlsat/Benchmarks/random0/P0.7N2L75M100T100-7.mltl,0.702,66145.6,sat
/home/michele/mltlsat/Benchmarks/random0/P0.7N2L75M100T100-8.mltl,-1,-1,TO
/home/michele/mltlsat/Benchmarks/random0/P0.7N2L75M100T100-9.mltl,0.0,7799.2,sat
/home/michele/mltlsat/Benchmarks/random0/P0.7N2L80M100T100-10.mltl,0.0,7806.4,sat
/home/michele/mltlsat/Benchmarks/random0/P0.7N2L80M100T100-1.mltl,-1,-1,TO
/home/michele/mltlsat/Benchmarks/random0/P0.7N2L80M100T100-2.mltl,0.0,7817.6,sat
/home/michele/mltlsat/Benchmarks/random0/P0.7N2L80M100T100-3.mltl,0.006,10868,sat
/home/michele/mltlsat/Benchmarks/random0/P0.7N2L80M100T100-4.mltl,0.34,35454.4,sat
/home/michele/mltlsat/Benchmarks/random0/P0.7N2L80M100T100-5.mltl,-1,-1,TO
/home/michele/mltlsat/Benchmarks/random0/P0.7N2L80M100T100-6.mltl,0.0,7776,sat
/home/michele/mltlsat/Benchmarks/random0/P0.7N2L80M100T100-7.mltl,0.76,133774.4,sat
/home/michele/mltlsat/Benchmarks/random0/P0.7N2L80M100T100-8.mltl,0.004,9354.4,sat
/home/michele/mltlsat/Benchmarks/random0/P0.7N2L80M100T100-9.mltl,0.0,7780.8,sat
/home/michele/mltlsat/Benchmarks/random0/P0.7N2L85M100T100-10.mltl,0.05,15164,sat
/home/michele/mltlsat/Benchmarks/random0/P0.7N2L85M100T100-1.mltl,0.01,7822.4,sat
/home/michele/mltlsat/Benchmarks/random0/P0.7N2L85M100T100-2.mltl,0.0,10862.4,sat
/home/michele/mltlsat/Benchmarks/random0/P0.7N2L85M100T100-3.mltl,0.03,17008,sat
/home/michele/mltlsat/Benchmarks/random0/P0.7N2L85M100T100-4.mltl,8.216,970841.6,sat
/home/michele/mltlsat/Benchmarks/random0/P0.7N2L85M100T100-5.mltl,0.0,7802.4,sat
/home/michele/mltlsat/Benchmarks/random0/P0.7N2L85M100T100-6.mltl,0.438,32381.6,sat
/home/michele/mltlsat/Benchmarks/random0/P0.7N2L85M100T100-7.mltl,0.0,7784.8,sat
/home/michele/mltlsat/Benchmarks/random0/P0.7N2L85M100T100-8.mltl,0.01,13944,sat
/home/michele/mltlsat/Benchmarks/random0/P0.7N2L85M100T100-9.mltl,22.154,6451003.2,sat
/home/michele/mltlsat/Benchmarks/random0/P0.7N2L90M100T100-10.mltl,0.13,15476,sat
/home/michele/mltlsat/Benchmarks/random0/P0.7N2L90M100T100-1.mltl,0.016,13916,sat
/home/michele/mltlsat/Benchmarks/random0/P0.7N2L90M100T100-2.mltl,3.83,1557623.2,sat
/home/michele/mltlsat/Benchmarks/random0/P0.7N2L90M100T100-3.mltl,0.0,7800,unsat
/home/michele/mltlsat/Benchmarks/random0/P0.7N2L90M100T100-4.mltl,60.594,2139143.2,sat
/home/michele/mltlsat/Benchmarks/random0/P0.7N2L90M100T100-5.mltl,0.01,10875.2,sat
/home/michele/mltlsat/Benchmarks/random0/P0.7N2L90M100T100-6.mltl,0.0,7793.6,sat
/home/michele/mltlsat/Benchmarks/random0/P0.7N2L90M100T100-7.mltl,0.0,7796,sat
/home/michele/mltlsat/Benchmarks/random0/P0.7N2L90M100T100-8.mltl,8.316,420659.2,sat
/home/michele/mltlsat/Benchmarks/random0/P0.7N2L90M100T100-9.mltl,0.0,7812,sat
/home/michele/mltlsat/Benchmarks/random0/P0.7N2L95M100T100-10.mltl,0.0,7811.2,sat
/home/michele/mltlsat/Benchmarks/random0/P0.7N2L95M100T100-1.mltl,-1,-1,TO
/home/michele/mltlsat/Benchmarks/random0/P0.7N2L95M100T100-2.mltl,0.0,7790.4,sat
/home/michele/mltlsat/Benchmarks/random0/P0.7N2L95M100T100-3.mltl,0.0,7788,sat
/home/michele/mltlsat/Benchmarks/random0/P0.7N2L95M100T100-4.mltl,0.0,7810.4,sat
/home/michele/mltlsat/Benchmarks/random0/P0.7N2L95M100T100-5.mltl,-1,-1,TO
/home/michele/mltlsat/Benchmarks/random0/P0.7N2L95M100T100-6.mltl,0.01,9323.2,sat
/home/michele/mltlsat/Benchmarks/random0/P0.7N2L95M100T100-7.mltl,0.0,7794.4,sat
/home/michele/mltlsat/Benchmarks/random0/P0.7N2L95M100T100-8.mltl,-1,-1,TO
/home/michele/mltlsat/Benchmarks/random0/P0.7N2L95M100T100-9.mltl,-1,-1,TO
/home/michele/mltlsat/Benchmarks/random0/P0.7N3L100M100T100-10.mltl,1.088,24385.6,sat
/home/michele/mltlsat/Benchmarks/random0/P0.7N3L100M100T100-1.mltl,0.0,7788.8,sat
/home/michele/mltlsat/Benchmarks/random0/P0.7N3L100M100T100-2.mltl,0.0,7785.6,sat
/home/michele/mltlsat/Benchmarks/random0/P0.7N3L100M100T100-3.mltl,-1,-1,TO
/home/michele/mltlsat/Benchmarks/random0/P0.7N3L100M100T100-4.mltl,0.0,7818.4,sat
/home/michele/mltlsat/Benchmarks/random0/P0.7N3L100M100T100-5.mltl,-1,-1,OOM
/home/michele/mltlsat/Benchmarks/random0/P0.7N3L100M100T100-6.mltl,-1,-1,TO
/home/michele/mltlsat/Benchmarks/random0/P0.7N3L100M100T100-7.mltl,1.806,20676.8,sat
/home/michele/mltlsat/Benchmarks/random0/P0.7N3L100M100T100-8.mltl,0.02,9332,sat
/home/michele/mltlsat/Benchmarks/random0/P0.7N3L100M100T100-9.mltl,0.16,46208,sat
/home/michele/mltlsat/Benchmarks/random0/P0.7N3L10M100T100-10.mltl,0.0,10874.4,sat
/home/michele/mltlsat/Benchmarks/random0/P0.7N3L10M100T100-1.mltl,0.0,7825.6,sat
/home/michele/mltlsat/Benchmarks/random0/P0.7N3L10M100T100-2.mltl,0.0,7805.6,sat
/home/michele/mltlsat/Benchmarks/random0/P0.7N3L10M100T100-3.mltl,0.0,7792,sat
/home/michele/mltlsat/Benchmarks/random0/P0.7N3L10M100T100-4.mltl,0.0,7806.4,sat
/home/michele/mltlsat/Benchmarks/random0/P0.7N3L10M100T100-5.mltl,0.0,7791.2,sat
/home/michele/mltlsat/Benchmarks/random0/P0.7N3L10M100T100-6.mltl,0.0,7787.2,sat
/home/michele/mltlsat/Benchmarks/random0/P0.7N3L10M100T100-7.mltl,0.0,7792,sat
/home/michele/mltlsat/Benchmarks/random0/P0.7N3L10M100T100-8.mltl,0.0,7813.6,sat
/home/michele/mltlsat/Benchmarks/random0/P0.7N3L10M100T100-9.mltl,0.0,7784,sat
/home/michele/mltlsat/Benchmarks/random0/P0.7N3L15M100T100-10.mltl,0.0,7804,sat
/home/michele/mltlsat/Benchmarks/random0/P0.7N3L15M100T100-1.mltl,24.259999999999998,97194.4,sat
/home/michele/mltlsat/Benchmarks/random0/P0.7N3L15M100T100-2.mltl,0.0,9333.6,sat
/home/michele/mltlsat/Benchmarks/random0/P0.7N3L15M100T100-3.mltl,0.0,7834.4,sat
/home/michele/mltlsat/Benchmarks/random0/P0.7N3L15M100T100-4.mltl,0.29,9332.8,unsat
/home/michele/mltlsat/Benchmarks/random0/P0.7N3L15M100T100-5.mltl,0.01,9338.4,sat
/home/michele/mltlsat/Benchmarks/random0/P0.7N3L15M100T100-6.mltl,0.0,7789.6,sat
/home/michele/mltlsat/Benchmarks/random0/P0.7N3L15M100T100-7.mltl,12.234,4500565.6,sat
/home/michele/mltlsat/Benchmarks/random0/P0.7N3L15M100T100-8.mltl,0.0,7799.2,sat
/home/michele/mltlsat/Benchmarks/random0/P0.7N3L15M100T100-9.mltl,0.01,10532.8,sat
/home/michele/mltlsat/Benchmarks/random0/P0.7N3L20M100T100-10.mltl,0.0,7807.2,sat
/home/michele/mltlsat/Benchmarks/random0/P0.7N3L20M100T100-1.mltl,0.0,7803.2,sat
/home/michele/mltlsat/Benchmarks/random0/P0.7N3L20M100T100-2.mltl,0.0,7803.2,sat
/home/michele/mltlsat/Benchmarks/random0/P0.7N3L20M100T100-3.mltl,0.0,7797.6,sat
/home/michele/mltlsat/Benchmarks/random0/P0.7N3L20M100T100-4.mltl,0.0,7783.2,sat
/home/michele/mltlsat/Benchmarks/random0/P0.7N3L20M100T100-5.mltl,0.01,12410.4,sat
/home/michele/mltlsat/Benchmarks/random0/P0.7N3L20M100T100-6.mltl,0.0,7785.6,sat
/home/michele/mltlsat/Benchmarks/random0/P0.7N3L20M100T100-7.mltl,0.0,7805.6,sat
/home/michele/mltlsat/Benchmarks/random0/P0.7N3L20M100T100-8.mltl,0.01,9320,sat
/home/michele/mltlsat/Benchmarks/random0/P0.7N3L20M100T100-9.mltl,0.02,9322.4,sat
/home/michele/mltlsat/Benchmarks/random0/P0.7N3L25M100T100-10.mltl,-1,-1,TO
/home/michele/mltlsat/Benchmarks/random0/P0.7N3L25M100T100-1.mltl,0.386,13925.6,sat
/home/michele/mltlsat/Benchmarks/random0/P0.7N3L25M100T100-2.mltl,0.0,9328,sat
/home/michele/mltlsat/Benchmarks/random0/P0.7N3L25M100T100-3.mltl,0.0,7808.8,sat
/home/michele/mltlsat/Benchmarks/random0/P0.7N3L25M100T100-4.mltl,0.0,7812.8,sat
/home/michele/mltlsat/Benchmarks/random0/P0.7N3L25M100T100-5.mltl,0.0,7781.6,unsat
/home/michele/mltlsat/Benchmarks/random0/P0.7N3L25M100T100-6.mltl,0.0,7812.8,sat
/home/michele/mltlsat/Benchmarks/random0/P0.7N3L25M100T100-7.mltl,0.0,7802.4,sat
/home/michele/mltlsat/Benchmarks/random0/P0.7N3L25M100T100-8.mltl,0.0,9365.6,sat
/home/michele/mltlsat/Benchmarks/random0/P0.7N3L25M100T100-9.mltl,0.3,13952,sat
/home/michele/mltlsat/Benchmarks/random0/P0.7N3L30M100T100-10.mltl,0.0,7826.4,sat
/home/michele/mltlsat/Benchmarks/random0/P0.7N3L30M100T100-1.mltl,0.0,7800,sat
/home/michele/mltlsat/Benchmarks/random0/P0.7N3L30M100T100-2.mltl,0.0,7794.4,sat
/home/michele/mltlsat/Benchmarks/random0/P0.7N3L30M100T100-3.mltl,0.034,15459.2,sat
/home/michele/mltlsat/Benchmarks/random0/P0.7N3L30M100T100-4.mltl,0.0,7789.6,sat
/home/michele/mltlsat/Benchmarks/random0/P0.7N3L30M100T100-5.mltl,0.05,12403.2,sat
/home/michele/mltlsat/Benchmarks/random0/P0.7N3L30M100T100-6.mltl,0.112,30550.4,sat
/home/michele/mltlsat/Benchmarks/random0/P0.7N3L30M100T100-7.mltl,0.88,58490.4,sat
/home/michele/mltlsat/Benchmarks/random0/P0.7N3L30M100T100-8.mltl,0.0,9345.6,sat
/home/michele/mltlsat/Benchmarks/random0/P0.7N3L30M100T100-9.mltl,0.0,7785.6,sat
/home/michele/mltlsat/Benchmarks/random0/P0.7N3L35M100T100-10.mltl,0.0,7802.4,sat
/home/michele/mltlsat/Benchmarks/random0/P0.7N3L35M100T100-1.mltl,0.07200000000000001,27756.8,sat
/home/michele/mltlsat/Benchmarks/random0/P0.7N3L35M100T100-2.mltl,0.01,13940,sat
/home/michele/mltlsat/Benchmarks/random0/P0.7N3L35M100T100-3.mltl,0.0,7819.2,sat
/home/michele/mltlsat/Benchmarks/random0/P0.7N3L35M100T100-4.mltl,0.0,7777.6,sat
/home/michele/mltlsat/Benchmarks/random0/P0.7N3L35M100T100-5.mltl,0.1,10871.2,sat
/home/michele/mltlsat/Benchmarks/random0/P0.7N3L35M100T100-6.mltl,0.0,7804,sat
/home/michele/mltlsat/Benchmarks/random0/P0.7N3L35M100T100-7.mltl,0.0,9333.6,sat
/home/michele/mltlsat/Benchmarks/random0/P0.7N3L35M100T100-8.mltl,0.0,7787.2,sat
/home/michele/mltlsat/Benchmarks/random0/P0.7N3L35M100T100-9.mltl,0.0,7803.2,sat
/home/michele/mltlsat/Benchmarks/random0/P0.7N3L40M100T100-10.mltl,0.16,9013.6,unsat
/home/michele/mltlsat/Benchmarks/random0/P0.7N3L40M100T100-1.mltl,0.022,9327.2,sat
/home/michele/mltlsat/Benchmarks/random0/P0.7N3L40M100T100-2.mltl,0.01,15468,sat
/home/michele/mltlsat/Benchmarks/random0/P0.7N3L40M100T100-3.mltl,0.02,10870.4,sat
/home/michele/mltlsat/Benchmarks/random0/P0.7N3L40M100T100-4.mltl,0.0,9316,sat
/home/michele/mltlsat/Benchmarks/random0/P0.7N3L40M100T100-5.mltl,0.01,9349.6,sat
/home/michele/mltlsat/Benchmarks/random0/P0.7N3L40M100T100-6.mltl,0.01,10882.4,sat
/home/michele/mltlsat/Benchmarks/random0/P0.7N3L40M100T100-7.mltl,0.34600000000000003,20117.6,sat
/home/michele/mltlsat/Benchmarks/random0/P0.7N3L40M100T100-8.mltl,0.0,9342.4,sat
/home/michele/mltlsat/Benchmarks/random0/P0.7N3L40M100T100-9.mltl,0.02,12408,sat
/home/michele/mltlsat/Benchmarks/random0/P0.7N3L45M100T100-10.mltl,0.14,40066.4,sat
/home/michele/mltlsat/Benchmarks/random0/P0.7N3L45M100T100-1.mltl,0.0,7801.6,sat
/home/michele/mltlsat/Benchmarks/random0/P0.7N3L45M100T100-2.mltl,0.0,7803.2,sat
/home/michele/mltlsat/Benchmarks/random0/P0.7N3L45M100T100-3.mltl,0.0,7813.6,sat
/home/michele/mltlsat/Benchmarks/random0/P0.7N3L45M100T100-4.mltl,0.0,7780.8,sat
/home/michele/mltlsat/Benchmarks/random0/P0.7N3L45M100T100-5.mltl,0.0,7803.2,sat
/home/michele/mltlsat/Benchmarks/random0/P0.7N3L45M100T100-6.mltl,0.04,9338.4,sat
/home/michele/mltlsat/Benchmarks/random0/P0.7N3L45M100T100-7.mltl,0.03,10884.8,sat
/home/michele/mltlsat/Benchmarks/random0/P0.7N3L45M100T100-8.mltl,0.04,15201.6,sat
/home/michele/mltlsat/Benchmarks/random0/P0.7N3L45M100T100-9.mltl,0.0,7812.8,sat
/home/michele/mltlsat/Benchmarks/random0/P0.7N3L50M100T100-10.mltl,0.004,9327.2,sat
/home/michele/mltlsat/Benchmarks/random0/P0.7N3L50M100T100-1.mltl,-1,-1,TO
/home/michele/mltlsat/Benchmarks/random0/P0.7N3L50M100T100-2.mltl,0.0,9349.6,sat
/home/michele/mltlsat/Benchmarks/random0/P0.7N3L50M100T100-3.mltl,-1,-1,TO
/home/michele/mltlsat/Benchmarks/random0/P0.7N3L50M100T100-4.mltl,-1,-1,TO
/home/michele/mltlsat/Benchmarks/random0/P0.7N3L50M100T100-5.mltl,0.0,7796.8,sat
/home/michele/mltlsat/Benchmarks/random0/P0.7N3L50M100T100-6.mltl,0.0,7795.2,sat
/home/michele/mltlsat/Benchmarks/random0/P0.7N3L50M100T100-7.mltl,-1,-1,TO
/home/michele/mltlsat/Benchmarks/random0/P0.7N3L50M100T100-8.mltl,-1,-1,TO
/home/michele/mltlsat/Benchmarks/random0/P0.7N3L50M100T100-9.mltl,0.0,7792,sat
/home/michele/mltlsat/Benchmarks/random0/P0.7N3L55M100T100-10.mltl,0.0,7800.8,sat
/home/michele/mltlsat/Benchmarks/random0/P0.7N3L55M100T100-1.mltl,0.0,7811.2,sat
/home/michele/mltlsat/Benchmarks/random0/P0.7N3L55M100T100-2.mltl,0.888,15482.4,sat
/home/michele/mltlsat/Benchmarks/random0/P0.7N3L55M100T100-3.mltl,-1,-1,TO
/home/michele/mltlsat/Benchmarks/random0/P0.7N3L55M100T100-4.mltl,0.01,13933.6,sat
/home/michele/mltlsat/Benchmarks/random0/P0.7N3L55M100T100-5.mltl,0.0,7797.6,sat
/home/michele/mltlsat/Benchmarks/random0/P0.7N3L55M100T100-6.mltl,0.01,10880.8,sat
/home/michele/mltlsat/Benchmarks/random0/P0.7N3L55M100T100-7.mltl,0.01,10831.2,sat
/home/michele/mltlsat/Benchmarks/random0/P0.7N3L55M100T100-8.mltl,1.196,41596,sat
/home/michele/mltlsat/Benchmarks/random0/P0.7N3L55M100T100-9.mltl,0.08,21632.8,sat
/home/michele/mltlsat/Benchmarks/random0/P0.7N3L5M100T100-10.mltl,0.0,7824,sat
/home/michele/mltlsat/Benchmarks/random0/P0.7N3L5M100T100-1.mltl,0.0,7491.2,sat
/home/michele/mltlsat/Benchmarks/random0/P0.7N3L5M100T100-2.mltl,0.0,7788,sat
/home/michele/mltlsat/Benchmarks/random0/P0.7N3L5M100T100-3.mltl,0.0,7797.6,sat
/home/michele/mltlsat/Benchmarks/random0/P0.7N3L5M100T100-4.mltl,0.0,7772.8,sat
/home/michele/mltlsat/Benchmarks/random0/P0.7N3L5M100T100-5.mltl,0.0,7781.6,sat
/home/michele/mltlsat/Benchmarks/random0/P0.7N3L5M100T100-6.mltl,0.0,7813.6,sat
/home/michele/mltlsat/Benchmarks/random0/P0.7N3L5M100T100-7.mltl,0.0,7831.2,sat
/home/michele/mltlsat/Benchmarks/random0/P0.7N3L5M100T100-8.mltl,0.0,7790.4,sat
/home/michele/mltlsat/Benchmarks/random0/P0.7N3L5M100T100-9.mltl,0.0,7799.2,sat
/home/michele/mltlsat/Benchmarks/random0/P0.7N3L60M100T100-10.mltl,1.372,41594.4,sat
/home/michele/mltlsat/Benchmarks/random0/P0.7N3L60M100T100-1.mltl,3.418,1689407.2,sat
/home/michele/mltlsat/Benchmarks/random0/P0.7N3L60M100T100-2.mltl,0.03,21620.8,sat
/home/michele/mltlsat/Benchmarks/random0/P0.7N3L60M100T100-3.mltl,-1,-1,TO
/home/michele/mltlsat/Benchmarks/random0/P0.7N3L60M100T100-4.mltl,0.0,7786.4,sat
/home/michele/mltlsat/Benchmarks/random0/P0.7N3L60M100T100-5.mltl,0.644,23159.2,sat
/home/michele/mltlsat/Benchmarks/random0/P0.7N3L60M100T100-6.mltl,-1,-1,TO
/home/michele/mltlsat/Benchmarks/random0/P0.7N3L60M100T100-7.mltl,0.232,7792,unsat
/home/michele/mltlsat/Benchmarks/random0/P0.7N3L60M100T100-8.mltl,0.02,17006.4,sat
/home/michele/mltlsat/Benchmarks/random0/P0.7N3L60M100T100-9.mltl,0.01,9352.8,sat
/home/michele/mltlsat/Benchmarks/random0/P0.7N3L65M100T100-10.mltl,22.432,8854240,sat
/home/michele/mltlsat/Benchmarks/random0/P0.7N3L65M100T100-1.mltl,0.14200000000000002,33910.4,sat
/home/michele/mltlsat/Benchmarks/random0/P0.7N3L65M100T100-2.mltl,-1,-1,TO
/home/michele/mltlsat/Benchmarks/random0/P0.7N3L65M100T100-3.mltl,0.036,15503.2,sat
/home/michele/mltlsat/Benchmarks/random0/P0.7N3L65M100T100-4.mltl,-1,-1,TO
/home/michele/mltlsat/Benchmarks/random0/P0.7N3L65M100T100-5.mltl,0.05,13937.6,sat
/home/michele/mltlsat/Benchmarks/random0/P0.7N3L65M100T100-6.mltl,0.0,7790.4,sat
/home/michele/mltlsat/Benchmarks/random0/P0.7N3L65M100T100-7.mltl,0.0,7777.6,unsat
/home/michele/mltlsat/Benchmarks/random0/P0.7N3L65M100T100-8.mltl,0.0,9362.4,sat
/home/michele/mltlsat/Benchmarks/random0/P0.7N3L65M100T100-9.mltl,0.0,7812,sat
/home/michele/mltlsat/Benchmarks/random0/P0.7N3L70M100T100-10.mltl,0.01,10890.4,sat
/home/michele/mltlsat/Benchmarks/random0/P0.7N3L70M100T100-1.mltl,0.342,23158.4,sat
/home/michele/mltlsat/Benchmarks/random0/P0.7N3L70M100T100-2.mltl,-1,-1,TO
/home/michele/mltlsat/Benchmarks/random0/P0.7N3L70M100T100-3.mltl,0.07400000000000001,35123.2,sat
/home/michele/mltlsat/Benchmarks/random0/P0.7N3L70M100T100-4.mltl,4.46,1304185.6,sat
/home/michele/mltlsat/Benchmarks/random0/P0.7N3L70M100T100-5.mltl,0.0,7795.2,sat
/home/michele/mltlsat/Benchmarks/random0/P0.7N3L70M100T100-6.mltl,0.0,9315.2,sat
/home/michele/mltlsat/Benchmarks/random0/P0.7N3L70M100T100-7.mltl,-1,-1,TO
/home/michele/mltlsat/Benchmarks/random0/P0.7N3L70M100T100-8.mltl,0.04,10827.2,sat
/home/michele/mltlsat/Benchmarks/random0/P0.7N3L70M100T100-9.mltl,0.0,7805.6,sat
/home/michele/mltlsat/Benchmarks/random0/P0.7N3L75M100T100-10.mltl,0.01,9322.4,sat
/home/michele/mltlsat/Benchmarks/random0/P0.7N3L75M100T100-1.mltl,0.244,37008.8,sat
/home/michele/mltlsat/Benchmarks/random0/P0.7N3L75M100T100-2.mltl,0.0,7785.6,sat
/home/michele/mltlsat/Benchmarks/random0/P0.7N3L75M100T100-3.mltl,0.022,17016,sat
/home/michele/mltlsat/Benchmarks/random0/P0.7N3L75M100T100-4.mltl,0.0,7781.6,sat
/home/michele/mltlsat/Benchmarks/random0/P0.7N3L75M100T100-5.mltl,0.0,7787.2,sat
/home/michele/mltlsat/Benchmarks/random0/P0.7N3L75M100T100-6.mltl,0.0,9327.2,sat
/home/michele/mltlsat/Benchmarks/random0/P0.7N3L75M100T100-7.mltl,-1,-1,TO
/home/michele/mltlsat/Benchmarks/random0/P0.7N3L75M100T100-8.mltl,0.0,7794.4,sat
/home/michele/mltlsat/Benchmarks/random0/P0.7N3L75M100T100-9.mltl,0.01,10882.4,sat
/home/michele/mltlsat/Benchmarks/random0/P0.7N3L80M100T100-10.mltl,7.122,2999921.6,sat
/home/michele/mltlsat/Benchmarks/random0/P0.7N3L80M100T100-1.mltl,0.04,12396,sat
/home/michele/mltlsat/Benchmarks/random0/P0.7N3L80M100T100-2.mltl,0.34,29316,sat
/home/michele/mltlsat/Benchmarks/random0/P0.7N3L80M100T100-3.mltl,0.03,9053.6,sat
/home/michele/mltlsat/Benchmarks/random0/P0.7N3L80M100T100-4.mltl,0.0,8998.4,sat
/home/michele/mltlsat/Benchmarks/random0/P0.7N3L80M100T100-5.mltl,0.0,7785.6,sat
/home/michele/mltlsat/Benchmarks/random0/P0.7N3L80M100T100-6.mltl,0.04,17026.4,sat
/home/michele/mltlsat/Benchmarks/random0/P0.7N3L80M100T100-7.mltl,0.0,7787.2,sat
/home/michele/mltlsat/Benchmarks/random0/P0.7N3L80M100T100-8.mltl,-1,-1,TO
/home/michele/mltlsat/Benchmarks/random0/P0.7N3L80M100T100-9.mltl,0.08,13952,sat
/home/michele/mltlsat/Benchmarks/random0/P0.7N3L85M100T100-10.mltl,0.0,10876.8,sat
/home/michele/mltlsat/Benchmarks/random0/P0.7N3L85M100T100-1.mltl,0.01,9340.8,sat
/home/michele/mltlsat/Benchmarks/random0/P0.7N3L85M100T100-2.mltl,0.01,9320,sat
/home/michele/mltlsat/Benchmarks/random0/P0.7N3L85M100T100-3.mltl,-1,-1,TO
/home/michele/mltlsat/Benchmarks/random0/P0.7N3L85M100T100-4.mltl,-1,-1,TO
/home/michele/mltlsat/Benchmarks/random0/P0.7N3L85M100T100-5.mltl,-1,-1,TO
/home/michele/mltlsat/Benchmarks/random0/P0.7N3L85M100T100-6.mltl,0.908,52355.2,sat
/home/michele/mltlsat/Benchmarks/random0/P0.7N3L85M100T100-7.mltl,0.0,7805.6,sat
/home/michele/mltlsat/Benchmarks/random0/P0.7N3L85M100T100-8.mltl,101.164,24682.4,unsat
/home/michele/mltlsat/Benchmarks/random0/P0.7N3L85M100T100-9.mltl,0.04,23161.6,sat
/home/michele/mltlsat/Benchmarks/random0/P0.7N3L90M100T100-10.mltl,-1,-1,TO
/home/michele/mltlsat/Benchmarks/random0/P0.7N3L90M100T100-1.mltl,0.0,9318.4,sat
/home/michele/mltlsat/Benchmarks/random0/P0.7N3L90M100T100-2.mltl,0.0,7808,sat
/home/michele/mltlsat/Benchmarks/random0/P0.7N3L90M100T100-3.mltl,-1,-1,TO
/home/michele/mltlsat/Benchmarks/random0/P0.7N3L90M100T100-4.mltl,0.022,16992.8,sat
/home/michele/mltlsat/Benchmarks/random0/P0.7N3L90M100T100-5.mltl,-1,-1,TO
/home/michele/mltlsat/Benchmarks/random0/P0.7N3L90M100T100-6.mltl,0.08,13965.6,sat
/home/michele/mltlsat/Benchmarks/random0/P0.7N3L90M100T100-7.mltl,0.09,10869.6,sat
/home/michele/mltlsat/Benchmarks/random0/P0.7N3L90M100T100-8.mltl,0.18,17018.4,sat
/home/michele/mltlsat/Benchmarks/random0/P0.7N3L90M100T100-9.mltl,0.03,23136,sat
/home/michele/mltlsat/Benchmarks/random0/P0.7N3L95M100T100-10.mltl,0.0,7808.8,sat
/home/michele/mltlsat/Benchmarks/random0/P0.7N3L95M100T100-1.mltl,0.0,7806.4,sat
/home/michele/mltlsat/Benchmarks/random0/P0.7N3L95M100T100-2.mltl,0.354,12405.6,sat
/home/michele/mltlsat/Benchmarks/random0/P0.7N3L95M100T100-3.mltl,0.0,7806.4,sat
/home/michele/mltlsat/Benchmarks/random0/P0.7N3L95M100T100-4.mltl,6.002,132223.2,sat
/home/michele/mltlsat/Benchmarks/random0/P0.7N3L95M100T100-5.mltl,0.0,7800.8,sat
/home/michele/mltlsat/Benchmarks/random0/P0.7N3L95M100T100-6.mltl,0.02,12100,sat
/home/michele/mltlsat/Benchmarks/random0/P0.7N3L95M100T100-7.mltl,0.0,7833.6,sat
/home/michele/mltlsat/Benchmarks/random0/P0.7N3L95M100T100-8.mltl,0.01,9357.6,sat
/home/michele/mltlsat/Benchmarks/random0/P0.7N3L95M100T100-9.mltl,0.0,7798.4,sat
/home/michele/mltlsat/Benchmarks/random0/P0.7N4L100M100T100-10.mltl,0.0,9324.8,sat
/home/michele/mltlsat/Benchmarks/random0/P0.7N4L100M100T100-1.mltl,0.0,10876,sat
/home/michele/mltlsat/Benchmarks/random0/P0.7N4L100M100T100-2.mltl,-1,-1,TO
/home/michele/mltlsat/Benchmarks/random0/P0.7N4L100M100T100-3.mltl,0.0,7797.6,sat
/home/michele/mltlsat/Benchmarks/random0/P0.7N4L100M100T100-4.mltl,0.0,7812,sat
/home/michele/mltlsat/Benchmarks/random0/P0.7N4L100M100T100-5.mltl,0.04,21616,sat
/home/michele/mltlsat/Benchmarks/random0/P0.7N4L100M100T100-6.mltl,0.02,18564,sat
/home/michele/mltlsat/Benchmarks/random0/P0.7N4L100M100T100-7.mltl,0.016,15486.4,sat
/home/michele/mltlsat/Benchmarks/random0/P0.7N4L100M100T100-8.mltl,0.09,33919.2,sat
/home/michele/mltlsat/Benchmarks/random0/P0.7N4L100M100T100-9.mltl,-1,-1,TO
/home/michele/mltlsat/Benchmarks/random0/P0.7N4L10M100T100-10.mltl,0.0,7784,sat
/home/michele/mltlsat/Benchmarks/random0/P0.7N4L10M100T100-1.mltl,0.0,7780,sat
/home/michele/mltlsat/Benchmarks/random0/P0.7N4L10M100T100-2.mltl,0.0,9326.4,sat
/home/michele/mltlsat/Benchmarks/random0/P0.7N4L10M100T100-3.mltl,0.0,9335.2,sat
/home/michele/mltlsat/Benchmarks/random0/P0.7N4L10M100T100-4.mltl,0.0,7795.2,sat
/home/michele/mltlsat/Benchmarks/random0/P0.7N4L10M100T100-5.mltl,0.0,7818.4,sat
/home/michele/mltlsat/Benchmarks/random0/P0.7N4L10M100T100-6.mltl,0.0,7790.4,sat
/home/michele/mltlsat/Benchmarks/random0/P0.7N4L10M100T100-7.mltl,0.02,9348,sat
/home/michele/mltlsat/Benchmarks/random0/P0.7N4L10M100T100-8.mltl,0.0,9330.4,sat
/home/michele/mltlsat/Benchmarks/random0/P0.7N4L10M100T100-9.mltl,0.0,7776.8,sat
/home/michele/mltlsat/Benchmarks/random0/P0.7N4L15M100T100-10.mltl,0.0,7800.8,sat
/home/michele/mltlsat/Benchmarks/random0/P0.7N4L15M100T100-1.mltl,0.0,7788.8,sat
/home/michele/mltlsat/Benchmarks/random0/P0.7N4L15M100T100-2.mltl,0.0,7477.6,sat
/home/michele/mltlsat/Benchmarks/random0/P0.7N4L15M100T100-3.mltl,0.0,7773.6,sat
/home/michele/mltlsat/Benchmarks/random0/P0.7N4L15M100T100-4.mltl,0.0,7785.6,sat
/home/michele/mltlsat/Benchmarks/random0/P0.7N4L15M100T100-5.mltl,0.0,7834.4,sat
/home/michele/mltlsat/Benchmarks/random0/P0.7N4L15M100T100-6.mltl,0.0,7780.8,sat
/home/michele/mltlsat/Benchmarks/random0/P0.7N4L15M100T100-7.mltl,0.0,7793.6,sat
/home/michele/mltlsat/Benchmarks/random0/P0.7N4L15M100T100-8.mltl,0.06,12396,sat
/home/michele/mltlsat/Benchmarks/random0/P0.7N4L15M100T100-9.mltl,0.0,7797.6,sat
/home/michele/mltlsat/Benchmarks/random0/P0.7N4L20M100T100-10.mltl,0.0,7800,sat
/home/michele/mltlsat/Benchmarks/random0/P0.7N4L20M100T100-1.mltl,0.0,9329.6,sat
/home/michele/mltlsat/Benchmarks/random0/P0.7N4L20M100T100-2.mltl,0.0,7806.4,sat
/home/michele/mltlsat/Benchmarks/random0/P0.7N4L20M100T100-3.mltl,0.0,7807.2,sat
/home/michele/mltlsat/Benchmarks/random0/P0.7N4L20M100T100-4.mltl,0.0,9323.2,sat
/home/michele/mltlsat/Benchmarks/random0/P0.7N4L20M100T100-5.mltl,0.02,15495.2,sat
/home/michele/mltlsat/Benchmarks/random0/P0.7N4L20M100T100-6.mltl,0.002,10864,sat
/home/michele/mltlsat/Benchmarks/random0/P0.7N4L20M100T100-7.mltl,0.0,9332.8,sat
/home/michele/mltlsat/Benchmarks/random0/P0.7N4L20M100T100-8.mltl,0.0,7801.6,sat
/home/michele/mltlsat/Benchmarks/random0/P0.7N4L20M100T100-9.mltl,0.0,7802.4,unsat
/home/michele/mltlsat/Benchmarks/random0/P0.7N4L25M100T100-10.mltl,0.0,7836.8,sat
/home/michele/mltlsat/Benchmarks/random0/P0.7N4L25M100T100-1.mltl,0.0,7764.8,sat
/home/michele/mltlsat/Benchmarks/random0/P0.7N4L25M100T100-2.mltl,0.01,9330.4,sat
/home/michele/mltlsat/Benchmarks/random0/P0.7N4L25M100T100-3.mltl,0.0,9305.6,sat
/home/michele/mltlsat/Benchmarks/random0/P0.7N4L25M100T100-4.mltl,0.0,9315.2,sat
/home/michele/mltlsat/Benchmarks/random0/P0.7N4L25M100T100-5.mltl,0.0,7804.8,sat
/home/michele/mltlsat/Benchmarks/random0/P0.7N4L25M100T100-6.mltl,0.012,10851.2,sat
/home/michele/mltlsat/Benchmarks/random0/P0.7N4L25M100T100-7.mltl,0.0,7776,sat
/home/michele/mltlsat/Benchmarks/random0/P0.7N4L25M100T100-8.mltl,0.0,7807.2,sat
/home/michele/mltlsat/Benchmarks/random0/P0.7N4L25M100T100-9.mltl,0.0,7789.6,sat
/home/michele/mltlsat/Benchmarks/random0/P0.7N4L30M100T100-10.mltl,0.0,9332.8,sat
/home/michele/mltlsat/Benchmarks/random0/P0.7N4L30M100T100-1.mltl,0.0,7784,sat
/home/michele/mltlsat/Benchmarks/random0/P0.7N4L30M100T100-2.mltl,0.0,7784,sat
/home/michele/mltlsat/Benchmarks/random0/P0.7N4L30M100T100-3.mltl,0.0,7797.6,sat
/home/michele/mltlsat/Benchmarks/random0/P0.7N4L30M100T100-4.mltl,0.0,9348.8,sat
/home/michele/mltlsat/Benchmarks/random0/P0.7N4L30M100T100-5.mltl,0.01,13929.6,sat
/home/michele/mltlsat/Benchmarks/random0/P0.7N4L30M100T100-6.mltl,0.0,7784,sat
/home/michele/mltlsat/Benchmarks/random0/P0.7N4L30M100T100-7.mltl,0.0,9377.6,sat
/home/michele/mltlsat/Benchmarks/random0/P0.7N4L30M100T100-8.mltl,0.0,7794.4,sat
/home/michele/mltlsat/Benchmarks/random0/P0.7N4L30M100T100-9.mltl,0.0,7803.2,unsat
/home/michele/mltlsat/Benchmarks/random0/P0.7N4L35M100T100-10.mltl,0.0,9657.6,sat
/home/michele/mltlsat/Benchmarks/random0/P0.7N4L35M100T100-1.mltl,0.0,7798.4,sat
/home/michele/mltlsat/Benchmarks/random0/P0.7N4L35M100T100-2.mltl,0.0,10876.8,sat
/home/michele/mltlsat/Benchmarks/random0/P0.7N4L35M100T100-3.mltl,0.0,7801.6,sat
/home/michele/mltlsat/Benchmarks/random0/P0.7N4L35M100T100-4.mltl,0.0,7816.8,sat
/home/michele/mltlsat/Benchmarks/random0/P0.7N4L35M100T100-5.mltl,0.02,12397.6,sat
/home/michele/mltlsat/Benchmarks/random0/P0.7N4L35M100T100-6.mltl,2.302,18553.6,sat
/home/michele/mltlsat/Benchmarks/random0/P0.7N4L35M100T100-7.mltl,0.036,10848.8,sat
/home/michele/mltlsat/Benchmarks/random0/P0.7N4L35M100T100-8.mltl,0.0,7796,sat
/home/michele/mltlsat/Benchmarks/random0/P0.7N4L35M100T100-9.mltl,0.634,16982.4,sat
/home/michele/mltlsat/Benchmarks/random0/P0.7N4L40M100T100-10.mltl,0.0,7795.2,unsat
/home/michele/mltlsat/Benchmarks/random0/P0.7N4L40M100T100-1.mltl,0.008,12410.4,sat
/home/michele/mltlsat/Benchmarks/random0/P0.7N4L40M100T100-2.mltl,0.0,10872,sat
/home/michele/mltlsat/Benchmarks/random0/P0.7N4L40M100T100-3.mltl,0.0,7789.6,sat
/home/michele/mltlsat/Benchmarks/random0/P0.7N4L40M100T100-4.mltl,-1,-1,TO
/home/michele/mltlsat/Benchmarks/random0/P0.7N4L40M100T100-5.mltl,0.0,7809.6,sat
/home/michele/mltlsat/Benchmarks/random0/P0.7N4L40M100T100-6.mltl,0.34600000000000003,106116.8,sat
/home/michele/mltlsat/Benchmarks/random0/P0.7N4L40M100T100-7.mltl,0.01,9325.6,unsat
/home/michele/mltlsat/Benchmarks/random0/P0.7N4L40M100T100-8.mltl,0.012,9331.2,sat
/home/michele/mltlsat/Benchmarks/random0/P0.7N4L40M100T100-9.mltl,0.0,9335.2,sat
/home/michele/mltlsat/Benchmarks/random0/P0.7N4L45M100T100-10.mltl,0.0,7795.2,sat
/home/michele/mltlsat/Benchmarks/random0/P0.7N4L45M100T100-1.mltl,0.0,9319.2,sat
/home/michele/mltlsat/Benchmarks/random0/P0.7N4L45M100T100-2.mltl,0.04,15498.4,sat
/home/michele/mltlsat/Benchmarks/random0/P0.7N4L45M100T100-3.mltl,6.686,2806380,sat
/home/michele/mltlsat/Benchmarks/random0/P0.7N4L45M100T100-4.mltl,0.0,7789.6,sat
/home/michele/mltlsat/Benchmarks/random0/P0.7N4L45M100T100-5.mltl,0.08,13924,sat
/home/michele/mltlsat/Benchmarks/random0/P0.7N4L45M100T100-6.mltl,0.414,32360.8,sat
/home/michele/mltlsat/Benchmarks/random0/P0.7N4L45M100T100-7.mltl,0.0,7778.4,sat
/home/michele/mltlsat/Benchmarks/random0/P0.7N4L45M100T100-8.mltl,0.004,7801.6,sat
/home/michele/mltlsat/Benchmarks/random0/P0.7N4L45M100T100-9.mltl,0.0,7796,sat
/home/michele/mltlsat/Benchmarks/random0/P0.7N4L50M100T100-10.mltl,0.0,7768.8,sat
/home/michele/mltlsat/Benchmarks/random0/P0.7N4L50M100T100-1.mltl,0.0,7796,sat
/home/michele/mltlsat/Benchmarks/random0/P0.7N4L50M100T100-2.mltl,0.006,9312,sat
/home/michele/mltlsat/Benchmarks/random0/P0.7N4L50M100T100-3.mltl,0.03,12398.4,sat
/home/michele/mltlsat/Benchmarks/random0/P0.7N4L50M100T100-4.mltl,-1,-1,TO
/home/michele/mltlsat/Benchmarks/random0/P0.7N4L50M100T100-5.mltl,0.0,7767.2,sat
/home/michele/mltlsat/Benchmarks/random0/P0.7N4L50M100T100-6.mltl,0.446,36371.2,sat
/home/michele/mltlsat/Benchmarks/random0/P0.7N4L50M100T100-7.mltl,0.0,7822.4,sat
/home/michele/mltlsat/Benchmarks/random0/P0.7N4L50M100T100-8.mltl,0.006,10891.2,sat
/home/michele/mltlsat/Benchmarks/random0/P0.7N4L50M100T100-9.mltl,0.0,7812,sat
/home/michele/mltlsat/Benchmarks/random0/P0.7N4L55M100T100-10.mltl,-1,-1,OOM
/home/michele/mltlsat/Benchmarks/random0/P0.7N4L55M100T100-1.mltl,0.0,7780.8,sat
/home/michele/mltlsat/Benchmarks/random0/P0.7N4L55M100T100-2.mltl,0.02,18560.8,sat
/home/michele/mltlsat/Benchmarks/random0/P0.7N4L55M100T100-3.mltl,0.664,29280.8,sat
/home/michele/mltlsat/Benchmarks/random0/P0.7N4L55M100T100-4.mltl,0.10200000000000001,33877.6,sat
/home/michele/mltlsat/Benchmarks/random0/P0.7N4L55M100T100-5.mltl,0.0,7796,sat
/home/michele/mltlsat/Benchmarks/random0/P0.7N4L55M100T100-6.mltl,0.0,7800,sat
/home/michele/mltlsat/Benchmarks/random0/P0.7N4L55M100T100-7.mltl,0.0,7800.8,sat
/home/michele/mltlsat/Benchmarks/random0/P0.7N4L55M100T100-8.mltl,0.03,13959.2,sat
/home/michele/mltlsat/Benchmarks/random0/P0.7N4L55M100T100-9.mltl,0.0,7772,sat
/home/michele/mltlsat/Benchmarks/random0/P0.7N4L5M100T100-10.mltl,0.0,7789.6,sat
/home/michele/mltlsat/Benchmarks/random0/P0.7N4L5M100T100-1.mltl,0.0,7790.4,sat
/home/michele/mltlsat/Benchmarks/random0/P0.7N4L5M100T100-2.mltl,0.0,7776.8,sat
/home/michele/mltlsat/Benchmarks/random0/P0.7N4L5M100T100-3.mltl,0.0,7821.6,sat
/home/michele/mltlsat/Benchmarks/random0/P0.7N4L5M100T100-4.mltl,0.0,7794.4,sat
/home/michele/mltlsat/Benchmarks/random0/P0.7N4L5M100T100-5.mltl,0.0,7800,sat
/home/michele/mltlsat/Benchmarks/random0/P0.7N4L5M100T100-6.mltl,0.0,9364.8,sat
/home/michele/mltlsat/Benchmarks/random0/P0.7N4L5M100T100-7.mltl,0.0,7798.4,sat
/home/michele/mltlsat/Benchmarks/random0/P0.7N4L5M100T100-8.mltl,0.0,9330.4,sat
/home/michele/mltlsat/Benchmarks/random0/P0.7N4L5M100T100-9.mltl,0.0,7796.8,sat
/home/michele/mltlsat/Benchmarks/random0/P0.7N4L60M100T100-10.mltl,0.01,13932.8,sat
/home/michele/mltlsat/Benchmarks/random0/P0.7N4L60M100T100-1.mltl,22.958000000000002,1144432.8,sat
/home/michele/mltlsat/Benchmarks/random0/P0.7N4L60M100T100-2.mltl,0.006,10868,sat
/home/michele/mltlsat/Benchmarks/random0/P0.7N4L60M100T100-3.mltl,4.714,58475.2,sat
/home/michele/mltlsat/Benchmarks/random0/P0.7N4L60M100T100-4.mltl,0.0,9345.6,sat
/home/michele/mltlsat/Benchmarks/random0/P0.7N4L60M100T100-5.mltl,11.225999999999999,66756,sat
/home/michele/mltlsat/Benchmarks/random0/P0.7N4L60M100T100-6.mltl,0.03,10865.6,sat
/home/michele/mltlsat/Benchmarks/random0/P0.7N4L60M100T100-7.mltl,0.43,26224.8,sat
/home/michele/mltlsat/Benchmarks/random0/P0.7N4L60M100T100-8.mltl,1.818,44034.4,sat
/home/michele/mltlsat/Benchmarks/random0/P0.7N4L60M100T100-9.mltl,0.412,12411.2,sat
/home/michele/mltlsat/Benchmarks/random0/P0.7N4L65M100T100-10.mltl,6.202,88895.2,sat
/home/michele/mltlsat/Benchmarks/random0/P0.7N4L65M100T100-1.mltl,0.0,7786.4,sat
/home/michele/mltlsat/Benchmarks/random0/P0.7N4L65M100T100-2.mltl,0.0,7796.8,unsat
/home/michele/mltlsat/Benchmarks/random0/P0.7N4L65M100T100-3.mltl,0.0,9324,sat
/home/michele/mltlsat/Benchmarks/random0/P0.7N4L65M100T100-4.mltl,0.06,23156,sat
/home/michele/mltlsat/Benchmarks/random0/P0.7N4L65M100T100-5.mltl,0.19,82772.8,sat
/home/michele/mltlsat/Benchmarks/random0/P0.7N4L65M100T100-6.mltl,0.0,10892,sat
/home/michele/mltlsat/Benchmarks/random0/P0.7N4L65M100T100-7.mltl,-1,-1,TO
/home/michele/mltlsat/Benchmarks/random0/P0.7N4L65M100T100-8.mltl,0.0,9334.4,sat
/home/michele/mltlsat/Benchmarks/random0/P0.7N4L65M100T100-9.mltl,0.986,96887.2,sat
/home/michele/mltlsat/Benchmarks/random0/P0.7N4L70M100T100-10.mltl,0.0,9348.8,sat
/home/michele/mltlsat/Benchmarks/random0/P0.7N4L70M100T100-1.mltl,0.0,9320,sat
/home/michele/mltlsat/Benchmarks/random0/P0.7N4L70M100T100-2.mltl,-1,-1,TO
/home/michele/mltlsat/Benchmarks/random0/P0.7N4L70M100T100-3.mltl,3.1,826499.2,sat
/home/michele/mltlsat/Benchmarks/random0/P0.7N4L70M100T100-4.mltl,0.0,7804.8,sat
/home/michele/mltlsat/Benchmarks/random0/P0.7N4L70M100T100-5.mltl,0.0,7789.6,sat
/home/michele/mltlsat/Benchmarks/random0/P0.7N4L70M100T100-6.mltl,0.11,33878.4,sat
/home/michele/mltlsat/Benchmarks/random0/P0.7N4L70M100T100-7.mltl,0.0,9344,sat
/home/michele/mltlsat/Benchmarks/random0/P0.7N4L70M100T100-8.mltl,0.0,9365.6,sat
/home/michele/mltlsat/Benchmarks/random0/P0.7N4L70M100T100-9.mltl,0.0,7796,sat
/home/michele/mltlsat/Benchmarks/random0/P0.7N4L75M100T100-10.mltl,0.094,17033.6,sat
/home/michele/mltlsat/Benchmarks/random0/P0.7N4L75M100T100-1.mltl,4.326,1858084.8,sat
/home/michele/mltlsat/Benchmarks/random0/P0.7N4L75M100T100-2.mltl,0.0,7775.2,sat
/home/michele/mltlsat/Benchmarks/random0/P0.7N4L75M100T100-3.mltl,0.89,178323.2,sat
/home/michele/mltlsat/Benchmarks/random0/P0.7N4L75M100T100-4.mltl,0.02,12445.6,sat
/home/michele/mltlsat/Benchmarks/random0/P0.7N4L75M100T100-5.mltl,0.09,10857.6,sat
/home/michele/mltlsat/Benchmarks/random0/P0.7N4L75M100T100-6.mltl,0.0,9343.2,sat
/home/michele/mltlsat/Benchmarks/random0/P0.7N4L75M100T100-7.mltl,0.49,32381.6,sat
/home/michele/mltlsat/Benchmarks/random0/P0.7N4L75M100T100-8.mltl,0.01,9321.6,sat
/home/michele/mltlsat/Benchmarks/random0/P0.7N4L75M100T100-9.mltl,0.01,12424.8,sat
/home/michele/mltlsat/Benchmarks/random0/P0.7N4L80M100T100-10.mltl,0.036,18546.4,sat
/home/michele/mltlsat/Benchmarks/random0/P0.7N4L80M100T100-1.mltl,0.0,7807.2,sat
/home/michele/mltlsat/Benchmarks/random0/P0.7N4L80M100T100-2.mltl,0.06,15452,sat
/home/michele/mltlsat/Benchmarks/random0/P0.7N4L80M100T100-3.mltl,0.0,7818.4,sat
/home/michele/mltlsat/Benchmarks/random0/P0.7N4L80M100T100-4.mltl,0.02,17017.6,sat
/home/michele/mltlsat/Benchmarks/random0/P0.7N4L80M100T100-5.mltl,0.918,70770.4,sat
/home/michele/mltlsat/Benchmarks/random0/P0.7N4L80M100T100-6.mltl,0.0,7780.8,sat
/home/michele/mltlsat/Benchmarks/random0/P0.7N4L80M100T100-7.mltl,-1,-1,TO
/home/michele/mltlsat/Benchmarks/random0/P0.7N4L80M100T100-8.mltl,-1,-1,TO
/home/michele/mltlsat/Benchmarks/random0/P0.7N4L80M100T100-9.mltl,0.24,90765.6,sat
/home/michele/mltlsat/Benchmarks/random0/P0.7N4L85M100T100-10.mltl,3.024,88896.8,sat
/home/michele/mltlsat/Benchmarks/random0/P0.7N4L85M100T100-1.mltl,0.062,20083.2,sat
/home/michele/mltlsat/Benchmarks/random0/P0.7N4L85M100T100-2.mltl,0.0,7823.2,sat
/home/michele/mltlsat/Benchmarks/random0/P0.7N4L85M100T100-3.mltl,0.0,7801.6,sat
/home/michele/mltlsat/Benchmarks/random0/P0.7N4L85M100T100-4.mltl,0.17200000000000001,29313.6,sat
/home/michele/mltlsat/Benchmarks/random0/P0.7N4L85M100T100-5.mltl,4.754,17000.8,unsat
/home/michele/mltlsat/Benchmarks/random0/P0.7N4L85M100T100-6.mltl,0.308,22837.6,sat
/home/michele/mltlsat/Benchmarks/random0/P0.7N4L85M100T100-7.mltl,0.0,7810.4,sat
/home/michele/mltlsat/Benchmarks/random0/P0.7N4L85M100T100-8.mltl,-1,-1,TO
/home/michele/mltlsat/Benchmarks/random0/P0.7N4L85M100T100-9.mltl,0.0,7814.4,sat
/home/michele/mltlsat/Benchmarks/random0/P0.7N4L90M100T100-10.mltl,-1,-1,TO
/home/michele/mltlsat/Benchmarks/random0/P0.7N4L90M100T100-1.mltl,0.06,23137.6,sat
/home/michele/mltlsat/Benchmarks/random0/P0.7N4L90M100T100-2.mltl,0.0,7804,sat
/home/michele/mltlsat/Benchmarks/random0/P0.7N4L90M100T100-3.mltl,0.01,12402.4,sat
/home/michele/mltlsat/Benchmarks/random0/P0.7N4L90M100T100-4.mltl,0.0,9364.8,sat
/home/michele/mltlsat/Benchmarks/random0/P0.7N4L90M100T100-5.mltl,0.078,30816,sat
/home/michele/mltlsat/Benchmarks/random0/P0.7N4L90M100T100-6.mltl,0.0,7785.6,sat
/home/michele/mltlsat/Benchmarks/random0/P0.7N4L90M100T100-7.mltl,0.03,13931.2,sat
/home/michele/mltlsat/Benchmarks/random0/P0.7N4L90M100T100-8.mltl,0.11,15448,sat
/home/michele/mltlsat/Benchmarks/random0/P0.7N4L90M100T100-9.mltl,0.0,7824,sat
/home/michele/mltlsat/Benchmarks/random0/P0.7N4L95M100T100-10.mltl,0.0,7801.6,sat
/home/michele/mltlsat/Benchmarks/random0/P0.7N4L95M100T100-1.mltl,0.0,7800,sat
/home/michele/mltlsat/Benchmarks/random0/P0.7N4L95M100T100-2.mltl,0.0,9020.8,sat
/home/michele/mltlsat/Benchmarks/random0/P0.7N4L95M100T100-3.mltl,0.03,9330.4,sat
/home/michele/mltlsat/Benchmarks/random0/P0.7N4L95M100T100-4.mltl,0.39,27756.8,sat
/home/michele/mltlsat/Benchmarks/random0/P0.7N4L95M100T100-5.mltl,0.068,35140,sat
/home/michele/mltlsat/Benchmarks/random0/P0.7N4L95M100T100-6.mltl,0.01,9336.8,sat
/home/michele/mltlsat/Benchmarks/random0/P0.7N4L95M100T100-7.mltl,0.0,9334.4,sat
/home/michele/mltlsat/Benchmarks/random0/P0.7N4L95M100T100-8.mltl,0.02,15486.4,sat
/home/michele/mltlsat/Benchmarks/random0/P0.7N4L95M100T100-9.mltl,0.0,9312,sat
/home/michele/mltlsat/Benchmarks/random0/P0.7N5L100M100T100-10.mltl,-1,-1,TO
/home/michele/mltlsat/Benchmarks/random0/P0.7N5L100M100T100-1.mltl,0.0,7792.8,sat
/home/michele/mltlsat/Benchmarks/random0/P0.7N5L100M100T100-2.mltl,0.04,23171.2,sat
/home/michele/mltlsat/Benchmarks/random0/P0.7N5L100M100T100-3.mltl,1.366,15520,sat
/home/michele/mltlsat/Benchmarks/random0/P0.7N5L100M100T100-4.mltl,0.0,7796,sat
/home/michele/mltlsat/Benchmarks/random0/P0.7N5L100M100T100-5.mltl,0.057999999999999996,20062.4,sat
/home/michele/mltlsat/Benchmarks/random0/P0.7N5L100M100T100-6.mltl,0.962,32368.8,sat
/home/michele/mltlsat/Benchmarks/random0/P0.7N5L100M100T100-7.mltl,0.006,10872.8,sat
/home/michele/mltlsat/Benchmarks/random0/P0.7N5L100M100T100-8.mltl,0.0,9332.8,sat
/home/michele/mltlsat/Benchmarks/random0/P0.7N5L100M100T100-9.mltl,0.238,107666.4,sat
/home/michele/mltlsat/Benchmarks/random0/P0.7N5L10M100T100-10.mltl,0.0,7798.4,sat
/home/michele/mltlsat/Benchmarks/random0/P0.7N5L10M100T100-1.mltl,0.0,7780.8,sat
/home/michele/mltlsat/Benchmarks/random0/P0.7N5L10M100T100-2.mltl,0.276,21610.4,sat
/home/michele/mltlsat/Benchmarks/random0/P0.7N5L10M100T100-3.mltl,0.0,7799.2,sat
/home/michele/mltlsat/Benchmarks/random0/P0.7N5L10M100T100-4.mltl,0.0,7794.4,sat
/home/michele/mltlsat/Benchmarks/random0/P0.7N5L10M100T100-5.mltl,0.0,7782.4,sat
/home/michele/mltlsat/Benchmarks/random0/P0.7N5L10M100T100-6.mltl,0.0,7818.4,sat
/home/michele/mltlsat/Benchmarks/random0/P0.7N5L10M100T100-7.mltl,0.0,7788,sat
/home/michele/mltlsat/Benchmarks/random0/P0.7N5L10M100T100-8.mltl,0.0,7796,sat
/home/michele/mltlsat/Benchmarks/random0/P0.7N5L10M100T100-9.mltl,0.0,7770.4,sat
/home/michele/mltlsat/Benchmarks/random0/P0.7N5L15M100T100-10.mltl,0.0,7824.8,sat
/home/michele/mltlsat/Benchmarks/random0/P0.7N5L15M100T100-1.mltl,0.01,9340.8,sat
/home/michele/mltlsat/Benchmarks/random0/P0.7N5L15M100T100-2.mltl,0.0,7798.4,sat
/home/michele/mltlsat/Benchmarks/random0/P0.7N5L15M100T100-3.mltl,0.0,7780.8,sat
/home/michele/mltlsat/Benchmarks/random0/P0.7N5L15M100T100-4.mltl,0.0,7781.6,sat
/home/michele/mltlsat/Benchmarks/random0/P0.7N5L15M100T100-5.mltl,0.0,9318.4,sat
/home/michele/mltlsat/Benchmarks/random0/P0.7N5L15M100T100-6.mltl,0.0,7492.8,sat
/home/michele/mltlsat/Benchmarks/random0/P0.7N5L15M100T100-7.mltl,0.0,7789.6,sat
/home/michele/mltlsat/Benchmarks/random0/P0.7N5L15M100T100-8.mltl,0.0,9327.2,sat
/home/michele/mltlsat/Benchmarks/random0/P0.7N5L15M100T100-9.mltl,0.0,7812,sat
/home/michele/mltlsat/Benchmarks/random0/P0.7N5L20M100T100-10.mltl,0.0,7763.2,sat
/home/michele/mltlsat/Benchmarks/random0/P0.7N5L20M100T100-1.mltl,0.0,7785.6,sat
/home/michele/mltlsat/Benchmarks/random0/P0.7N5L20M100T100-2.mltl,0.02,10899.2,sat
/home/michele/mltlsat/Benchmarks/random0/P0.7N5L20M100T100-3.mltl,0.0,9317.6,sat
/home/michele/mltlsat/Benchmarks/random0/P0.7N5L20M100T100-4.mltl,0.0,7792.8,sat
/home/michele/mltlsat/Benchmarks/random0/P0.7N5L20M100T100-5.mltl,0.0,7783.2,sat
/home/michele/mltlsat/Benchmarks/random0/P0.7N5L20M100T100-6.mltl,0.0,10857.6,sat
/home/michele/mltlsat/Benchmarks/random0/P0.7N5L20M100T100-7.mltl,0.0,7801.6,sat
/home/michele/mltlsat/Benchmarks/random0/P0.7N5L20M100T100-8.mltl,0.0,7804,sat
/home/michele/mltlsat/Benchmarks/random0/P0.7N5L20M100T100-9.mltl,0.0,9336,sat
/home/michele/mltlsat/Benchmarks/random0/P0.7N5L25M100T100-10.mltl,0.0,7506.4,sat
/home/michele/mltlsat/Benchmarks/random0/P0.7N5L25M100T100-1.mltl,0.0,7805.6,sat
/home/michele/mltlsat/Benchmarks/random0/P0.7N5L25M100T100-2.mltl,0.0,9353.6,sat
/home/michele/mltlsat/Benchmarks/random0/P0.7N5L25M100T100-3.mltl,-1,-1,TO
/home/michele/mltlsat/Benchmarks/random0/P0.7N5L25M100T100-4.mltl,0.0,7792.8,sat
/home/michele/mltlsat/Benchmarks/random0/P0.7N5L25M100T100-5.mltl,0.098,12085.6,sat
/home/michele/mltlsat/Benchmarks/random0/P0.7N5L25M100T100-6.mltl,0.0,7802.4,sat
/home/michele/mltlsat/Benchmarks/random0/P0.7N5L25M100T100-7.mltl,0.0,7772.8,sat
/home/michele/mltlsat/Benchmarks/random0/P0.7N5L25M100T100-8.mltl,0.01,9336.8,sat
/home/michele/mltlsat/Benchmarks/random0/P0.7N5L25M100T100-9.mltl,0.02,18552,sat
/home/michele/mltlsat/Benchmarks/random0/P0.7N5L30M100T100-10.mltl,0.0,9349.6,sat
/home/michele/mltlsat/Benchmarks/random0/P0.7N5L30M100T100-1.mltl,0.0,7790.4,sat
/home/michele/mltlsat/Benchmarks/random0/P0.7N5L30M100T100-2.mltl,0.0,7814.4,sat
/home/michele/mltlsat/Benchmarks/random0/P0.7N5L30M100T100-3.mltl,0.0,9350.4,sat
/home/michele/mltlsat/Benchmarks/random0/P0.7N5L30M100T100-4.mltl,0.0,7796.8,sat
/home/michele/mltlsat/Benchmarks/random0/P0.7N5L30M100T100-5.mltl,0.368,83960.8,sat
/home/michele/mltlsat/Benchmarks/random0/P0.7N5L30M100T100-6.mltl,0.0,7807.2,sat
/home/michele/mltlsat/Benchmarks/random0/P0.7N5L30M100T100-7.mltl,0.49,215146.4,sat
/home/michele/mltlsat/Benchmarks/random0/P0.7N5L30M100T100-8.mltl,0.0,10863.2,sat
/home/michele/mltlsat/Benchmarks/random0/P0.7N5L30M100T100-9.mltl,0.094,29295.2,sat
/home/michele/mltlsat/Benchmarks/random0/P0.7N5L35M100T100-10.mltl,1.758,18526.4,sat
/home/michele/mltlsat/Benchmarks/random0/P0.7N5L35M100T100-1.mltl,0.06,15472.8,sat
/home/michele/mltlsat/Benchmarks/random0/P0.7N5L35M100T100-2.mltl,0.04,13956.8,sat
/home/michele/mltlsat/Benchmarks/random0/P0.7N5L35M100T100-3.mltl,3.758,1640573.6,sat
/home/michele/mltlsat/Benchmarks/random0/P0.7N5L35M100T100-4.mltl,-1,-1,OOM
/home/michele/mltlsat/Benchmarks/random0/P0.7N5L35M100T100-5.mltl,0.0,7798.4,sat
/home/michele/mltlsat/Benchmarks/random0/P0.7N5L35M100T100-6.mltl,0.592,21598.4,sat
/home/michele/mltlsat/Benchmarks/random0/P0.7N5L35M100T100-7.mltl,0.064,9332,sat
/home/michele/mltlsat/Benchmarks/random0/P0.7N5L35M100T100-8.mltl,0.0,7788,sat
/home/michele/mltlsat/Benchmarks/random0/P0.7N5L35M100T100-9.mltl,0.0,7800,sat
/home/michele/mltlsat/Benchmarks/random0/P0.7N5L40M100T100-10.mltl,0.0,7808.8,sat
/home/michele/mltlsat/Benchmarks/random0/P0.7N5L40M100T100-1.mltl,0.0,7776,sat
/home/michele/mltlsat/Benchmarks/random0/P0.7N5L40M100T100-2.mltl,0.0,7787.2,sat
/home/michele/mltlsat/Benchmarks/random0/P0.7N5L40M100T100-3.mltl,0.01,9329.6,sat
/home/michele/mltlsat/Benchmarks/random0/P0.7N5L40M100T100-4.mltl,0.0,7808,sat
/home/michele/mltlsat/Benchmarks/random0/P0.7N5L40M100T100-5.mltl,0.0,7796,sat
/home/michele/mltlsat/Benchmarks/random0/P0.7N5L40M100T100-6.mltl,0.0,7803.2,sat
/home/michele/mltlsat/Benchmarks/random0/P0.7N5L40M100T100-7.mltl,0.0,7811.2,sat
/home/michele/mltlsat/Benchmarks/random0/P0.7N5L40M100T100-8.mltl,0.838,13936.8,sat
/home/michele/mltlsat/Benchmarks/random0/P0.7N5L40M100T100-9.mltl,0.13,27764.8,sat
/home/michele/mltlsat/Benchmarks/random0/P0.7N5L45M100T100-10.mltl,0.15,30828,sat
/home/michele/mltlsat/Benchmarks/random0/P0.7N5L45M100T100-1.mltl,0.01,12418.4,sat
/home/michele/mltlsat/Benchmarks/random0/P0.7N5L45M100T100-2.mltl,0.0,9336,sat
/home/michele/mltlsat/Benchmarks/random0/P0.7N5L45M100T100-3.mltl,0.0,7782.4,sat
/home/michele/mltlsat/Benchmarks/random0/P0.7N5L45M100T100-4.mltl,0.0,7838.4,sat
/home/michele/mltlsat/Benchmarks/random0/P0.7N5L45M100T100-5.mltl,0.0,10859.2,sat
/home/michele/mltlsat/Benchmarks/random0/P0.7N5L45M100T100-6.mltl,0.04,17033.6,sat
/home/michele/mltlsat/Benchmarks/random0/P0.7N5L45M100T100-7.mltl,1.518,20107.2,sat
/home/michele/mltlsat/Benchmarks/random0/P0.7N5L45M100T100-8.mltl,0.0,7804,sat
/home/michele/mltlsat/Benchmarks/random0/P0.7N5L45M100T100-9.mltl,0.06,27761.6,sat
/home/michele/mltlsat/Benchmarks/random0/P0.7N5L50M100T100-10.mltl,0.0,7802.4,sat
/home/michele/mltlsat/Benchmarks/random0/P0.7N5L50M100T100-1.mltl,0.0,7785.6,sat
/home/michele/mltlsat/Benchmarks/random0/P0.7N5L50M100T100-2.mltl,0.01,10845.6,sat
/home/michele/mltlsat/Benchmarks/random0/P0.7N5L50M100T100-3.mltl,0.0,9331.2,sat
/home/michele/mltlsat/Benchmarks/random0/P0.7N5L50M100T100-4.mltl,-1,-1,TO
/home/michele/mltlsat/Benchmarks/random0/P0.7N5L50M100T100-5.mltl,0.0,7803.2,sat
/home/michele/mltlsat/Benchmarks/random0/P0.7N5L50M100T100-6.mltl,0.03,18546.4,sat
/home/michele/mltlsat/Benchmarks/random0/P0.7N5L50M100T100-7.mltl,0.0,7818.4,sat
/home/michele/mltlsat/Benchmarks/random0/P0.7N5L50M100T100-8.mltl,0.0,7807.2,sat
/home/michele/mltlsat/Benchmarks/random0/P0.7N5L50M100T100-9.mltl,0.01,12419.2,sat
/home/michele/mltlsat/Benchmarks/random0/P0.7N5L55M100T100-10.mltl,0.02,10854.4,sat
/home/michele/mltlsat/Benchmarks/random0/P0.7N5L55M100T100-1.mltl,-1,-1,TO
/home/michele/mltlsat/Benchmarks/random0/P0.7N5L55M100T100-2.mltl,0.04,20081.6,sat
/home/michele/mltlsat/Benchmarks/random0/P0.7N5L55M100T100-3.mltl,0.01,12394.4,sat
/home/michele/mltlsat/Benchmarks/random0/P0.7N5L55M100T100-4.mltl,0.0,7794.4,sat
/home/michele/mltlsat/Benchmarks/random0/P0.7N5L55M100T100-5.mltl,0.0,7789.6,sat
/home/michele/mltlsat/Benchmarks/random0/P0.7N5L55M100T100-6.mltl,0.0,7786.4,sat
/home/michele/mltlsat/Benchmarks/random0/P0.7N5L55M100T100-7.mltl,0.02,12412.8,sat
/home/michele/mltlsat/Benchmarks/random0/P0.7N5L55M100T100-8.mltl,0.02,10590.4,sat
/home/michele/mltlsat/Benchmarks/random0/P0.7N5L55M100T100-9.mltl,1.982,170284.8,sat
/home/michele/mltlsat/Benchmarks/random0/P0.7N5L5M100T100-10.mltl,0.0,7796,sat
/home/michele/mltlsat/Benchmarks/random0/P0.7N5L5M100T100-1.mltl,0.0,7792.8,sat
/home/michele/mltlsat/Benchmarks/random0/P0.7N5L5M100T100-2.mltl,0.0,7785.6,sat
/home/michele/mltlsat/Benchmarks/random0/P0.7N5L5M100T100-3.mltl,0.0,7820.8,sat
/home/michele/mltlsat/Benchmarks/random0/P0.7N5L5M100T100-4.mltl,0.0,7783.2,sat
/home/michele/mltlsat/Benchmarks/random0/P0.7N5L5M100T100-5.mltl,0.0,7804.8,sat
/home/michele/mltlsat/Benchmarks/random0/P0.7N5L5M100T100-6.mltl,0.0,7794.4,sat
/home/michele/mltlsat/Benchmarks/random0/P0.7N5L5M100T100-7.mltl,0.0,7780,unsat
/home/michele/mltlsat/Benchmarks/random0/P0.7N5L5M100T100-8.mltl,0.0,7819.2,sat
/home/michele/mltlsat/Benchmarks/random0/P0.7N5L5M100T100-9.mltl,0.0,7784,sat
/home/michele/mltlsat/Benchmarks/random0/P0.7N5L60M100T100-10.mltl,0.092,35486.4,sat
/home/michele/mltlsat/Benchmarks/random0/P0.7N5L60M100T100-1.mltl,-1,-1,TO
/home/michele/mltlsat/Benchmarks/random0/P0.7N5L60M100T100-2.mltl,0.0,7793.6,sat
/home/michele/mltlsat/Benchmarks/random0/P0.7N5L60M100T100-3.mltl,0.06,24712.8,sat
/home/michele/mltlsat/Benchmarks/random0/P0.7N5L60M100T100-4.mltl,0.0,9330.4,sat
/home/michele/mltlsat/Benchmarks/random0/P0.7N5L60M100T100-5.mltl,0.06,17001.6,sat
/home/michele/mltlsat/Benchmarks/random0/P0.7N5L60M100T100-6.mltl,0.06,15467.2,sat
/home/michele/mltlsat/Benchmarks/random0/P0.7N5L60M100T100-7.mltl,0.02,15464.8,sat
/home/michele/mltlsat/Benchmarks/random0/P0.7N5L60M100T100-8.mltl,0.0,10875.2,sat
/home/michele/mltlsat/Benchmarks/random0/P0.7N5L60M100T100-9.mltl,0.01,10865.6,sat
/home/michele/mltlsat/Benchmarks/random0/P0.7N5L65M100T100-10.mltl,2.104,66174.4,sat
/home/michele/mltlsat/Benchmarks/random0/P0.7N5L65M100T100-1.mltl,-1,-1,TO
/home/michele/mltlsat/Benchmarks/random0/P0.7N5L65M100T100-2.mltl,-1,-1,TO
/home/michele/mltlsat/Benchmarks/random0/P0.7N5L65M100T100-3.mltl,0.0,7785.6,sat
/home/michele/mltlsat/Benchmarks/random0/P0.7N5L65M100T100-4.mltl,0.0,7801.6,sat
/home/michele/mltlsat/Benchmarks/random0/P0.7N5L65M100T100-5.mltl,0.01,12424,sat
/home/michele/mltlsat/Benchmarks/random0/P0.7N5L65M100T100-6.mltl,0.01,10854.4,sat
/home/michele/mltlsat/Benchmarks/random0/P0.7N5L65M100T100-7.mltl,0.05,11790.4,sat
/home/michele/mltlsat/Benchmarks/random0/P0.7N5L65M100T100-8.mltl,0.0,9326.4,sat
/home/michele/mltlsat/Benchmarks/random0/P0.7N5L65M100T100-9.mltl,0.0,7789.6,sat
/home/michele/mltlsat/Benchmarks/random0/P0.7N5L70M100T100-10.mltl,0.04,15500.8,sat
/home/michele/mltlsat/Benchmarks/random0/P0.7N5L70M100T100-1.mltl,-1,-1,TO
/home/michele/mltlsat/Benchmarks/random0/P0.7N5L70M100T100-2.mltl,-1,-1,TO
/home/michele/mltlsat/Benchmarks/random0/P0.7N5L70M100T100-3.mltl,0.052000000000000005,29314.4,sat
/home/michele/mltlsat/Benchmarks/random0/P0.7N5L70M100T100-4.mltl,0.0,9334.4,sat
/home/michele/mltlsat/Benchmarks/random0/P0.7N5L70M100T100-5.mltl,0.0,7856,sat
/home/michele/mltlsat/Benchmarks/random0/P0.7N5L70M100T100-6.mltl,0.0,7786.4,sat
/home/michele/mltlsat/Benchmarks/random0/P0.7N5L70M100T100-7.mltl,-1,-1,TO
/home/michele/mltlsat/Benchmarks/random0/P0.7N5L70M100T100-8.mltl,0.03,13956,sat
/home/michele/mltlsat/Benchmarks/random0/P0.7N5L70M100T100-9.mltl,0.0,7467.2,sat
/home/michele/mltlsat/Benchmarks/random0/P0.7N5L75M100T100-10.mltl,8.046,44685.6,sat
/home/michele/mltlsat/Benchmarks/random0/P0.7N5L75M100T100-1.mltl,0.0,7826.4,sat
/home/michele/mltlsat/Benchmarks/random0/P0.7N5L75M100T100-2.mltl,0.062,15485.6,sat
/home/michele/mltlsat/Benchmarks/random0/P0.7N5L75M100T100-3.mltl,0.01,15465.6,sat
/home/michele/mltlsat/Benchmarks/random0/P0.7N5L75M100T100-4.mltl,0.22,32368,sat
/home/michele/mltlsat/Benchmarks/random0/P0.7N5L75M100T100-5.mltl,0.0,9292,sat
/home/michele/mltlsat/Benchmarks/random0/P0.7N5L75M100T100-6.mltl,0.0,7799.2,sat
/home/michele/mltlsat/Benchmarks/random0/P0.7N5L75M100T100-7.mltl,0.02,12392,sat
/home/michele/mltlsat/Benchmarks/random0/P0.7N5L75M100T100-8.mltl,0.536,21298.4,sat
/home/michele/mltlsat/Benchmarks/random0/P0.7N5L75M100T100-9.mltl,0.01,12408,sat
/home/michele/mltlsat/Benchmarks/random0/P0.7N5L80M100T100-10.mltl,0.02,12408,sat
/home/michele/mltlsat/Benchmarks/random0/P0.7N5L80M100T100-1.mltl,0.0,9335.2,sat
/home/michele/mltlsat/Benchmarks/random0/P0.7N5L80M100T100-2.mltl,0.0,7820.8,sat
/home/michele/mltlsat/Benchmarks/random0/P0.7N5L80M100T100-3.mltl,0.066,36994.4,sat
/home/michele/mltlsat/Benchmarks/random0/P0.7N5L80M100T100-4.mltl,8.69,161393.6,sat
/home/michele/mltlsat/Benchmarks/random0/P0.7N5L80M100T100-5.mltl,-1,-1,TO
/home/michele/mltlsat/Benchmarks/random0/P0.7N5L80M100T100-6.mltl,0.002,9321.6,sat
/home/michele/mltlsat/Benchmarks/random0/P0.7N5L80M100T100-7.mltl,-1,-1,TO
/home/michele/mltlsat/Benchmarks/random0/P0.7N5L80M100T100-8.mltl,0.05,21636.8,sat
/home/michele/mltlsat/Benchmarks/random0/P0.7N5L80M100T100-9.mltl,0.124,33910.4,sat
/home/michele/mltlsat/Benchmarks/random0/P0.7N5L85M100T100-10.mltl,0.02,12414.4,sat
/home/michele/mltlsat/Benchmarks/random0/P0.7N5L85M100T100-1.mltl,0.502,64652.8,sat
/home/michele/mltlsat/Benchmarks/random0/P0.7N5L85M100T100-2.mltl,0.02,10877.6,sat
/home/michele/mltlsat/Benchmarks/random0/P0.7N5L85M100T100-3.mltl,0.02,18551.2,sat
/home/michele/mltlsat/Benchmarks/random0/P0.7N5L85M100T100-4.mltl,0.01,9322.4,sat
/home/michele/mltlsat/Benchmarks/random0/P0.7N5L85M100T100-5.mltl,23.62,31456.8,sat
/home/michele/mltlsat/Benchmarks/random0/P0.7N5L85M100T100-6.mltl,-1,-1,TO
/home/michele/mltlsat/Benchmarks/random0/P0.7N5L85M100T100-7.mltl,0.02,18558.4,sat
/home/michele/mltlsat/Benchmarks/random0/P0.7N5L85M100T100-8.mltl,0.02,17025.6,sat
/home/michele/mltlsat/Benchmarks/random0/P0.7N5L85M100T100-9.mltl,0.0,7788,sat
/home/michele/mltlsat/Benchmarks/random0/P0.7N5L90M100T100-10.mltl,0.02,13941.6,sat
/home/michele/mltlsat/Benchmarks/random0/P0.7N5L90M100T100-1.mltl,0.0,7781.6,sat
/home/michele/mltlsat/Benchmarks/random0/P0.7N5L90M100T100-2.mltl,8.198,2127504,sat
/home/michele/mltlsat/Benchmarks/random0/P0.7N5L90M100T100-3.mltl,0.0,9331.2,sat
/home/michele/mltlsat/Benchmarks/random0/P0.7N5L90M100T100-4.mltl,0.436,27761.6,sat
/home/michele/mltlsat/Benchmarks/random0/P0.7N5L90M100T100-5.mltl,-1,-1,TO
/home/michele/mltlsat/Benchmarks/random0/P0.7N5L90M100T100-6.mltl,4.358,10872.8,unsat
/home/michele/mltlsat/Benchmarks/random0/P0.7N5L90M100T100-7.mltl,0.428,149092.8,sat
/home/michele/mltlsat/Benchmarks/random0/P0.7N5L90M100T100-8.mltl,0.03,17027.2,sat
/home/michele/mltlsat/Benchmarks/random0/P0.7N5L90M100T100-9.mltl,0.522,38220.8,sat
/home/michele/mltlsat/Benchmarks/random0/P0.7N5L95M100T100-10.mltl,-1,-1,TO
/home/michele/mltlsat/Benchmarks/random0/P0.7N5L95M100T100-1.mltl,-1,-1,TO
/home/michele/mltlsat/Benchmarks/random0/P0.7N5L95M100T100-2.mltl,0.062,30832,sat
/home/michele/mltlsat/Benchmarks/random0/P0.7N5L95M100T100-3.mltl,0.0,7796,sat
/home/michele/mltlsat/Benchmarks/random0/P0.7N5L95M100T100-4.mltl,1.642,29014.4,sat
/home/michele/mltlsat/Benchmarks/random0/P0.7N5L95M100T100-5.mltl,0.0,7811.2,unsat
/home/michele/mltlsat/Benchmarks/random0/P0.7N5L95M100T100-6.mltl,0.0,7794.4,sat
/home/michele/mltlsat/Benchmarks/random0/P0.7N5L95M100T100-7.mltl,0.002,10868.8,sat
/home/michele/mltlsat/Benchmarks/random0/P0.7N5L95M100T100-8.mltl,-1,-1,TO
/home/michele/mltlsat/Benchmarks/random0/P0.7N5L95M100T100-9.mltl,0.472,129163.2,sat
/home/michele/mltlsat/Benchmarks/random0/P0.95N1L100M100T100-10.mltl,30.032,10489752.8,sat
/home/michele/mltlsat/Benchmarks/random0/P0.95N1L100M100T100-1.mltl,-1,-1,TO
/home/michele/mltlsat/Benchmarks/random0/P0.95N1L100M100T100-2.mltl,0.01,10904,sat
/home/michele/mltlsat/Benchmarks/random0/P0.95N1L100M100T100-3.mltl,-1,-1,TO
/home/michele/mltlsat/Benchmarks/random0/P0.95N1L100M100T100-4.mltl,-1,-1,TO
/home/michele/mltlsat/Benchmarks/random0/P0.95N1L100M100T100-5.mltl,-1,-1,TO
/home/michele/mltlsat/Benchmarks/random0/P0.95N1L100M100T100-6.mltl,-1,-1,TO
/home/michele/mltlsat/Benchmarks/random0/P0.95N1L100M100T100-7.mltl,-1,-1,TO
/home/michele/mltlsat/Benchmarks/random0/P0.95N1L100M100T100-8.mltl,0.0,7768.8,sat
/home/michele/mltlsat/Benchmarks/random0/P0.95N1L100M100T100-9.mltl,1.99,78436.8,sat
/home/michele/mltlsat/Benchmarks/random0/P0.95N1L10M100T100-10.mltl,0.0,7829.6,sat
/home/michele/mltlsat/Benchmarks/random0/P0.95N1L10M100T100-1.mltl,0.08,9320.8,sat
/home/michele/mltlsat/Benchmarks/random0/P0.95N1L10M100T100-2.mltl,0.0,7794.4,sat
/home/michele/mltlsat/Benchmarks/random0/P0.95N1L10M100T100-3.mltl,0.0,9323.2,sat
/home/michele/mltlsat/Benchmarks/random0/P0.95N1L10M100T100-4.mltl,0.15,12404,sat
/home/michele/mltlsat/Benchmarks/random0/P0.95N1L10M100T100-5.mltl,0.0,9339.2,sat
/home/michele/mltlsat/Benchmarks/random0/P0.95N1L10M100T100-6.mltl,0.0,9348,sat
/home/michele/mltlsat/Benchmarks/random0/P0.95N1L10M100T100-7.mltl,0.0,7785.6,sat
/home/michele/mltlsat/Benchmarks/random0/P0.95N1L10M100T100-8.mltl,0.01,9340,sat
/home/michele/mltlsat/Benchmarks/random0/P0.95N1L10M100T100-9.mltl,0.0,7792,sat
/home/michele/mltlsat/Benchmarks/random0/P0.95N1L15M100T100-10.mltl,0.0,7780,sat
/home/michele/mltlsat/Benchmarks/random0/P0.95N1L15M100T100-1.mltl,0.0,9336.8,sat
/home/michele/mltlsat/Benchmarks/random0/P0.95N1L15M100T100-2.mltl,0.05,12427.2,sat
/home/michele/mltlsat/Benchmarks/random0/P0.95N1L15M100T100-3.mltl,0.0,7807.2,sat
/home/michele/mltlsat/Benchmarks/random0/P0.95N1L15M100T100-4.mltl,0.0,7785.6,sat
/home/michele/mltlsat/Benchmarks/random0/P0.95N1L15M100T100-5.mltl,0.0,7798.4,sat
/home/michele/mltlsat/Benchmarks/random0/P0.95N1L15M100T100-6.mltl,0.0,7820,sat
/home/michele/mltlsat/Benchmarks/random0/P0.95N1L15M100T100-7.mltl,0.01,12404.8,sat
/home/michele/mltlsat/Benchmarks/random0/P0.95N1L15M100T100-8.mltl,0.03,18549.6,sat
/home/michele/mltlsat/Benchmarks/random0/P0.95N1L15M100T100-9.mltl,-1,-1,TO
/home/michele/mltlsat/Benchmarks/random0/P0.95N1L20M100T100-10.mltl,0.01,12406.4,sat
/home/michele/mltlsat/Benchmarks/random0/P0.95N1L20M100T100-1.mltl,0.08,13959.2,sat
/home/michele/mltlsat/Benchmarks/random0/P0.95N1L20M100T100-2.mltl,0.0,7774.4,sat
/home/michele/mltlsat/Benchmarks/random0/P0.95N1L20M100T100-3.mltl,0.0,7798.4,sat
/home/michele/mltlsat/Benchmarks/random0/P0.95N1L20M100T100-4.mltl,0.0,7792.8,sat
/home/michele/mltlsat/Benchmarks/random0/P0.95N1L20M100T100-5.mltl,0.01,15490.4,sat
/home/michele/mltlsat/Benchmarks/random0/P0.95N1L20M100T100-6.mltl,0.0,7775.2,sat
/home/michele/mltlsat/Benchmarks/random0/P0.95N1L20M100T100-7.mltl,36.682,14848.8,sat
/home/michele/mltlsat/Benchmarks/random0/P0.95N1L20M100T100-8.mltl,0.006,9352.8,sat
/home/michele/mltlsat/Benchmarks/random0/P0.95N1L20M100T100-9.mltl,0.0,7765.6,sat
/home/michele/mltlsat/Benchmarks/random0/P0.95N1L25M100T100-10.mltl,0.0,7812.8,sat
/home/michele/mltlsat/Benchmarks/random0/P0.95N1L25M100T100-1.mltl,0.232,15468,sat
/home/michele/mltlsat/Benchmarks/random0/P0.95N1L25M100T100-2.mltl,0.002,9339.2,sat
/home/michele/mltlsat/Benchmarks/random0/P0.95N1L25M100T100-3.mltl,0.0,7786.4,sat
/home/michele/mltlsat/Benchmarks/random0/P0.95N1L25M100T100-4.mltl,-1,-1,TO
/home/michele/mltlsat/Benchmarks/random0/P0.95N1L25M100T100-5.mltl,0.03,10860.8,sat
/home/michele/mltlsat/Benchmarks/random0/P0.95N1L25M100T100-6.mltl,0.0,7812,sat
/home/michele/mltlsat/Benchmarks/random0/P0.95N1L25M100T100-7.mltl,0.35,9331.2,sat
/home/michele/mltlsat/Benchmarks/random0/P0.95N1L25M100T100-8.mltl,0.02,10889.6,sat
/home/michele/mltlsat/Benchmarks/random0/P0.95N1L25M100T100-9.mltl,0.01,10850.4,sat
/home/michele/mltlsat/Benchmarks/random0/P0.95N1L30M100T100-10.mltl,-1,-1,TO
/home/michele/mltlsat/Benchmarks/random0/P0.95N1L30M100T100-1.mltl,0.0,7801.6,sat
/home/michele/mltlsat/Benchmarks/random0/P0.95N1L30M100T100-2.mltl,0.12,13936.8,sat
/home/michele/mltlsat/Benchmarks/random0/P0.95N1L30M100T100-3.mltl,0.0,7792,sat
/home/michele/mltlsat/Benchmarks/random0/P0.95N1L30M100T100-4.mltl,0.106,15474.4,sat
/home/michele/mltlsat/Benchmarks/random0/P0.95N1L30M100T100-5.mltl,0.0,9331.2,sat
/home/michele/mltlsat/Benchmarks/random0/P0.95N1L30M100T100-6.mltl,34.016,31776,sat
/home/michele/mltlsat/Benchmarks/random0/P0.95N1L30M100T100-7.mltl,0.01,12408.8,sat
/home/michele/mltlsat/Benchmarks/random0/P0.95N1L30M100T100-8.mltl,-1,-1,TO
/home/michele/mltlsat/Benchmarks/random0/P0.95N1L30M100T100-9.mltl,0.0,7804,sat
/home/michele/mltlsat/Benchmarks/random0/P0.95N1L35M100T100-10.mltl,0.448,12398.4,sat
/home/michele/mltlsat/Benchmarks/random0/P0.95N1L35M100T100-1.mltl,0.07,26213.6,sat
/home/michele/mltlsat/Benchmarks/random0/P0.95N1L35M100T100-2.mltl,-1,-1,TO
/home/michele/mltlsat/Benchmarks/random0/P0.95N1L35M100T100-3.mltl,-1,-1,TO
/home/michele/mltlsat/Benchmarks/random0/P0.95N1L35M100T100-4.mltl,0.022,20076,sat
/home/michele/mltlsat/Benchmarks/random0/P0.95N1L35M100T100-5.mltl,0.546,21017.6,sat
/home/michele/mltlsat/Benchmarks/random0/P0.95N1L35M100T100-6.mltl,-1,-1,TO
/home/michele/mltlsat/Benchmarks/random0/P0.95N1L35M100T100-7.mltl,0.06,13961.6,sat
/home/michele/mltlsat/Benchmarks/random0/P0.95N1L35M100T100-8.mltl,4.308,1385884.8,sat
/home/michele/mltlsat/Benchmarks/random0/P0.95N1L35M100T100-9.mltl,0.34,18536.8,sat
/home/michele/mltlsat/Benchmarks/random0/P0.95N1L40M100T100-10.mltl,0.17,30850.4,sat
/home/michele/mltlsat/Benchmarks/random0/P0.95N1L40M100T100-1.mltl,-1,-1,TO
/home/michele/mltlsat/Benchmarks/random0/P0.95N1L40M100T100-2.mltl,0.01,10882.4,sat
/home/michele/mltlsat/Benchmarks/random0/P0.95N1L40M100T100-3.mltl,0.03,12390.4,sat
/home/michele/mltlsat/Benchmarks/random0/P0.95N1L40M100T100-4.mltl,-1,-1,TO
/home/michele/mltlsat/Benchmarks/random0/P0.95N1L40M100T100-5.mltl,-1,-1,TO
/home/michele/mltlsat/Benchmarks/random0/P0.95N1L40M100T100-6.mltl,6.24,71994.4,sat
/home/michele/mltlsat/Benchmarks/random0/P0.95N1L40M100T100-7.mltl,-1,-1,TO
/home/michele/mltlsat/Benchmarks/random0/P0.95N1L40M100T100-8.mltl,0.0,7784.8,sat
/home/michele/mltlsat/Benchmarks/random0/P0.95N1L40M100T100-9.mltl,0.09,21614.4,sat
/home/michele/mltlsat/Benchmarks/random0/P0.95N1L45M100T100-10.mltl,0.0,7795.2,sat
/home/michele/mltlsat/Benchmarks/random0/P0.95N1L45M100T100-1.mltl,0.168,18582.4,sat
/home/michele/mltlsat/Benchmarks/random0/P0.95N1L45M100T100-2.mltl,0.0,7828,sat
/home/michele/mltlsat/Benchmarks/random0/P0.95N1L45M100T100-3.mltl,-1,-1,TO
/home/michele/mltlsat/Benchmarks/random0/P0.95N1L45M100T100-4.mltl,-1,-1,TO
/home/michele/mltlsat/Benchmarks/random0/P0.95N1L45M100T100-5.mltl,-1,-1,TO
/home/michele/mltlsat/Benchmarks/random0/P0.95N1L45M100T100-6.mltl,-1,-1,TO
/home/michele/mltlsat/Benchmarks/random0/P0.95N1L45M100T100-7.mltl,-1,-1,TO
/home/michele/mltlsat/Benchmarks/random0/P0.95N1L45M100T100-8.mltl,2.518,20072.8,sat
/home/michele/mltlsat/Benchmarks/random0/P0.95N1L45M100T100-9.mltl,-1,-1,TO
/home/michele/mltlsat/Benchmarks/random0/P0.95N1L50M100T100-10.mltl,0.518,191817.6,sat
/home/michele/mltlsat/Benchmarks/random0/P0.95N1L50M100T100-1.mltl,-1,-1,TO
/home/michele/mltlsat/Benchmarks/random0/P0.95N1L50M100T100-2.mltl,0.04,9344,sat
/home/michele/mltlsat/Benchmarks/random0/P0.95N1L50M100T100-3.mltl,0.0,9352,sat
/home/michele/mltlsat/Benchmarks/random0/P0.95N1L50M100T100-4.mltl,0.0,7797.6,sat
/home/michele/mltlsat/Benchmarks/random0/P0.95N1L50M100T100-5.mltl,0.01,10865.6,sat
/home/michele/mltlsat/Benchmarks/random0/P0.95N1L50M100T100-6.mltl,0.168,23150.4,sat
/home/michele/mltlsat/Benchmarks/random0/P0.95N1L50M100T100-7.mltl,7.352,16726.4,sat
/home/michele/mltlsat/Benchmarks/random0/P0.95N1L50M100T100-8.mltl,0.03,13938.4,sat
/home/michele/mltlsat/Benchmarks/random0/P0.95N1L50M100T100-9.mltl,-1,-1,TO
/home/michele/mltlsat/Benchmarks/random0/P0.95N1L55M100T100-10.mltl,0.06,13914.4,sat
/home/michele/mltlsat/Benchmarks/random0/P0.95N1L55M100T100-1.mltl,0.01,10864,sat
/home/michele/mltlsat/Benchmarks/random0/P0.95N1L55M100T100-2.mltl,-1,-1,TO
/home/michele/mltlsat/Benchmarks/random0/P0.95N1L55M100T100-3.mltl,0.79,21613.6,sat
/home/michele/mltlsat/Benchmarks/random0/P0.95N1L55M100T100-4.mltl,-1,-1,TO
/home/michele/mltlsat/Benchmarks/random0/P0.95N1L55M100T100-5.mltl,1.728,45572,sat
/home/michele/mltlsat/Benchmarks/random0/P0.95N1L55M100T100-6.mltl,28.97,3934741.6,sat
/home/michele/mltlsat/Benchmarks/random0/P0.95N1L55M100T100-7.mltl,16.954,18538.4,sat
/home/michele/mltlsat/Benchmarks/random0/P0.95N1L55M100T100-8.mltl,-1,-1,TO
/home/michele/mltlsat/Benchmarks/random0/P0.95N1L55M100T100-9.mltl,-1,-1,TO
/home/michele/mltlsat/Benchmarks/random0/P0.95N1L5M100T100-10.mltl,0.0,7789.6,sat
/home/michele/mltlsat/Benchmarks/random0/P0.95N1L5M100T100-1.mltl,0.0,7796,sat
/home/michele/mltlsat/Benchmarks/random0/P0.95N1L5M100T100-2.mltl,0.0,7784,sat
/home/michele/mltlsat/Benchmarks/random0/P0.95N1L5M100T100-3.mltl,0.0,7802.4,sat
/home/michele/mltlsat/Benchmarks/random0/P0.95N1L5M100T100-4.mltl,0.0,7814.4,sat
/home/michele/mltlsat/Benchmarks/random0/P0.95N1L5M100T100-5.mltl,0.0,7777.6,sat
/home/michele/mltlsat/Benchmarks/random0/P0.95N1L5M100T100-6.mltl,0.0,7783.2,sat
/home/michele/mltlsat/Benchmarks/random0/P0.95N1L5M100T100-7.mltl,0.0,7798.4,sat
/home/michele/mltlsat/Benchmarks/random0/P0.95N1L5M100T100-8.mltl,0.0,7792,sat
/home/michele/mltlsat/Benchmarks/random0/P0.95N1L5M100T100-9.mltl,0.0,7813.6,sat
/home/michele/mltlsat/Benchmarks/random0/P0.95N1L60M100T100-10.mltl,0.122,50801.6,sat
/home/michele/mltlsat/Benchmarks/random0/P0.95N1L60M100T100-1.mltl,-1,-1,TO
/home/michele/mltlsat/Benchmarks/random0/P0.95N1L60M100T100-2.mltl,-1,-1,TO
/home/michele/mltlsat/Benchmarks/random0/P0.95N1L60M100T100-3.mltl,-1,-1,TO
/home/michele/mltlsat/Benchmarks/random0/P0.95N1L60M100T100-4.mltl,0.0,7839.2,sat
/home/michele/mltlsat/Benchmarks/random0/P0.95N1L60M100T100-5.mltl,0.55,50803.2,sat
/home/michele/mltlsat/Benchmarks/random0/P0.95N1L60M100T100-6.mltl,0.0,7805.6,sat
/home/michele/mltlsat/Benchmarks/random0/P0.95N1L60M100T100-7.mltl,-1,-1,TO
/home/michele/mltlsat/Benchmarks/random0/P0.95N1L60M100T100-8.mltl,91.606,46195.2,sat
/home/michele/mltlsat/Benchmarks/random0/P0.95N1L60M100T100-9.mltl,-1,-1,TO
/home/michele/mltlsat/Benchmarks/random0/P0.95N1L65M100T100-10.mltl,0.024,20070.4,sat
/home/michele/mltlsat/Benchmarks/random0/P0.95N1L65M100T100-1.mltl,-1,-1,TO
/home/michele/mltlsat/Benchmarks/random0/P0.95N1L65M100T100-2.mltl,0.034,15498.4,sat
/home/michele/mltlsat/Benchmarks/random0/P0.95N1L65M100T100-3.mltl,0.022,12395.2,sat
/home/michele/mltlsat/Benchmarks/random0/P0.95N1L65M100T100-4.mltl,9.991999999999999,845840.8,sat
/home/michele/mltlsat/Benchmarks/random0/P0.95N1L65M100T100-5.mltl,0.0,7790.4,sat
/home/michele/mltlsat/Benchmarks/random0/P0.95N1L65M100T100-6.mltl,0.006,9350.4,sat
/home/michele/mltlsat/Benchmarks/random0/P0.95N1L65M100T100-7.mltl,-1,-1,TO
/home/michele/mltlsat/Benchmarks/random0/P0.95N1L65M100T100-8.mltl,-1,-1,TO
/home/michele/mltlsat/Benchmarks/random0/P0.95N1L65M100T100-9.mltl,-1,-1,TO
/home/michele/mltlsat/Benchmarks/random0/P0.95N1L70M100T100-10.mltl,0.02,9337.6,sat
/home/michele/mltlsat/Benchmarks/random0/P0.95N1L70M100T100-1.mltl,0.06,21664.8,sat
/home/michele/mltlsat/Benchmarks/random0/P0.95N1L70M100T100-2.mltl,-1,-1,TO
/home/michele/mltlsat/Benchmarks/random0/P0.95N1L70M100T100-3.mltl,0.0,10859.2,sat
/home/michele/mltlsat/Benchmarks/random0/P0.95N1L70M100T100-4.mltl,-1,-1,TO
/home/michele/mltlsat/Benchmarks/random0/P0.95N1L70M100T100-5.mltl,0.0,9349.6,sat
/home/michele/mltlsat/Benchmarks/random0/P0.95N1L70M100T100-6.mltl,0.0,7789.6,sat
/home/michele/mltlsat/Benchmarks/random0/P0.95N1L70M100T100-7.mltl,0.0,10869.6,sat
/home/michele/mltlsat/Benchmarks/random0/P0.95N1L70M100T100-8.mltl,0.0,7789.6,sat
/home/michele/mltlsat/Benchmarks/random0/P0.95N1L70M100T100-9.mltl,0.0,10868.8,sat
/home/michele/mltlsat/Benchmarks/random0/P0.95N1L75M100T100-10.mltl,2.428,214836.8,sat
/home/michele/mltlsat/Benchmarks/random0/P0.95N1L75M100T100-1.mltl,-1,-1,TO
/home/michele/mltlsat/Benchmarks/random0/P0.95N1L75M100T100-2.mltl,-1,-1,TO
/home/michele/mltlsat/Benchmarks/random0/P0.95N1L75M100T100-3.mltl,-1,-1,TO
/home/michele/mltlsat/Benchmarks/random0/P0.95N1L75M100T100-4.mltl,0.0,7779.2,sat
/home/michele/mltlsat/Benchmarks/random0/P0.95N1L75M100T100-5.mltl,0.0,7801.6,sat
/home/michele/mltlsat/Benchmarks/random0/P0.95N1L75M100T100-6.mltl,-1,-1,TO
/home/michele/mltlsat/Benchmarks/random0/P0.95N1L75M100T100-7.mltl,0.0,7791.2,sat
/home/michele/mltlsat/Benchmarks/random0/P0.95N1L75M100T100-8.mltl,0.004,10896.8,sat
/home/michele/mltlsat/Benchmarks/random0/P0.95N1L75M100T100-9.mltl,-1,-1,TO
/home/michele/mltlsat/Benchmarks/random0/P0.95N1L80M100T100-10.mltl,0.0,9344,sat
/home/michele/mltlsat/Benchmarks/random0/P0.95N1L80M100T100-1.mltl,3.882,119626.4,sat
/home/michele/mltlsat/Benchmarks/random0/P0.95N1L80M100T100-2.mltl,-1,-1,TO
/home/michele/mltlsat/Benchmarks/random0/P0.95N1L80M100T100-3.mltl,0.9380000000000001,36992,sat
/home/michele/mltlsat/Benchmarks/random0/P0.95N1L80M100T100-4.mltl,1.608,45868.8,sat
/home/michele/mltlsat/Benchmarks/random0/P0.95N1L80M100T100-5.mltl,-1,-1,TO
/home/michele/mltlsat/Benchmarks/random0/P0.95N1L80M100T100-6.mltl,0.012,15483.2,sat
/home/michele/mltlsat/Benchmarks/random0/P0.95N1L80M100T100-7.mltl,-1,-1,TO
/home/michele/mltlsat/Benchmarks/random0/P0.95N1L80M100T100-8.mltl,-1,-1,TO
/home/michele/mltlsat/Benchmarks/random0/P0.95N1L80M100T100-9.mltl,-1,-1,TO
/home/michele/mltlsat/Benchmarks/random0/P0.95N1L85M100T100-10.mltl,0.0,7791.2,sat
/home/michele/mltlsat/Benchmarks/random0/P0.95N1L85M100T100-1.mltl,0.0,7801.6,sat
/home/michele/mltlsat/Benchmarks/random0/P0.95N1L85M100T100-2.mltl,-1,-1,TO
/home/michele/mltlsat/Benchmarks/random0/P0.95N1L85M100T100-3.mltl,0.0,9324,sat
/home/michele/mltlsat/Benchmarks/random0/P0.95N1L85M100T100-4.mltl,0.57,13965.6,sat
/home/michele/mltlsat/Benchmarks/random0/P0.95N1L85M100T100-5.mltl,-1,-1,TO
/home/michele/mltlsat/Benchmarks/random0/P0.95N1L85M100T100-6.mltl,0.01,10853.6,sat
/home/michele/mltlsat/Benchmarks/random0/P0.95N1L85M100T100-7.mltl,0.04,18576.8,sat
/home/michele/mltlsat/Benchmarks/random0/P0.95N1L85M100T100-8.mltl,0.2,29296.8,sat
/home/michele/mltlsat/Benchmarks/random0/P0.95N1L85M100T100-9.mltl,0.05,30845.6,sat
/home/michele/mltlsat/Benchmarks/random0/P0.95N1L90M100T100-10.mltl,0.006,9333.6,sat
/home/michele/mltlsat/Benchmarks/random0/P0.95N1L90M100T100-1.mltl,-1,-1,TO
/home/michele/mltlsat/Benchmarks/random0/P0.95N1L90M100T100-2.mltl,0.1,43143.2,sat
/home/michele/mltlsat/Benchmarks/random0/P0.95N1L90M100T100-3.mltl,0.726,16996,sat
/home/michele/mltlsat/Benchmarks/random0/P0.95N1L90M100T100-4.mltl,-1,-1,TO
/home/michele/mltlsat/Benchmarks/random0/P0.95N1L90M100T100-5.mltl,-1,-1,TO
/home/michele/mltlsat/Benchmarks/random0/P0.95N1L90M100T100-6.mltl,37.368,70167.2,sat
/home/michele/mltlsat/Benchmarks/random0/P0.95N1L90M100T100-7.mltl,-1,-1,TO
/home/michele/mltlsat/Benchmarks/random0/P0.95N1L90M100T100-8.mltl,-1,-1,TO
/home/michele/mltlsat/Benchmarks/random0/P0.95N1L90M100T100-9.mltl,0.03,23164.8,sat
/home/michele/mltlsat/Benchmarks/random0/P0.95N1L95M100T100-10.mltl,-1,-1,TO
/home/michele/mltlsat/Benchmarks/random0/P0.95N1L95M100T100-1.mltl,-1,-1,TO
/home/michele/mltlsat/Benchmarks/random0/P0.95N1L95M100T100-2.mltl,1.898,116858.4,sat
/home/michele/mltlsat/Benchmarks/random0/P0.95N1L95M100T100-3.mltl,-1,-1,TO
/home/michele/mltlsat/Benchmarks/random0/P0.95N1L95M100T100-4.mltl,0.984,75388,sat
/home/michele/mltlsat/Benchmarks/random0/P0.95N1L95M100T100-5.mltl,0.20800000000000002,30848,sat
/home/michele/mltlsat/Benchmarks/random0/P0.95N1L95M100T100-6.mltl,-1,-1,TO
/home/michele/mltlsat/Benchmarks/random0/P0.95N1L95M100T100-7.mltl,0.02,12406.4,sat
/home/michele/mltlsat/Benchmarks/random0/P0.95N1L95M100T100-8.mltl,0.032,18581.6,sat
/home/michele/mltlsat/Benchmarks/random0/P0.95N1L95M100T100-9.mltl,0.0,7820.8,sat
/home/michele/mltlsat/Benchmarks/random0/P0.95N2L100M100T100-10.mltl,0.0,7795.2,sat
/home/michele/mltlsat/Benchmarks/random0/P0.95N2L100M100T100-1.mltl,0.572,38503.2,sat
/home/michele/mltlsat/Benchmarks/random0/P0.95N2L100M100T100-2.mltl,0.316,119914.4,sat
/home/michele/mltlsat/Benchmarks/random0/P0.95N2L100M100T100-3.mltl,0.0,10864.8,sat
/home/michele/mltlsat/Benchmarks/random0/P0.95N2L100M100T100-4.mltl,-1,-1,TO
/home/michele/mltlsat/Benchmarks/random0/P0.95N2L100M100T100-5.mltl,1.048,53878.4,sat
/home/michele/mltlsat/Benchmarks/random0/P0.95N2L100M100T100-6.mltl,-1,-1,TO
/home/michele/mltlsat/Benchmarks/random0/P0.95N2L100M100T100-7.mltl,7.846,109189.6,sat
/home/michele/mltlsat/Benchmarks/random0/P0.95N2L100M100T100-8.mltl,54.275999999999996,448317.6,sat
/home/michele/mltlsat/Benchmarks/random0/P0.95N2L100M100T100-9.mltl,0.02,17006.4,sat
/home/michele/mltlsat/Benchmarks/random0/P0.95N2L10M100T100-10.mltl,0.0,7834.4,sat
/home/michele/mltlsat/Benchmarks/random0/P0.95N2L10M100T100-1.mltl,0.0,7816.8,sat
/home/michele/mltlsat/Benchmarks/random0/P0.95N2L10M100T100-2.mltl,0.01,9358.4,sat
/home/michele/mltlsat/Benchmarks/random0/P0.95N2L10M100T100-3.mltl,0.0,7776,sat
/home/michele/mltlsat/Benchmarks/random0/P0.95N2L10M100T100-4.mltl,0.0,7826.4,sat
/home/michele/mltlsat/Benchmarks/random0/P0.95N2L10M100T100-5.mltl,0.0,9312.8,sat
/home/michele/mltlsat/Benchmarks/random0/P0.95N2L10M100T100-6.mltl,0.3,10872,sat
/home/michele/mltlsat/Benchmarks/random0/P0.95N2L10M100T100-7.mltl,0.0,9317.6,sat
/home/michele/mltlsat/Benchmarks/random0/P0.95N2L10M100T100-8.mltl,0.0,7817.6,sat
/home/michele/mltlsat/Benchmarks/random0/P0.95N2L10M100T100-9.mltl,0.044000000000000004,10924.8,sat
/home/michele/mltlsat/Benchmarks/random0/P0.95N2L15M100T100-10.mltl,0.0,7807.2,sat
/home/michele/mltlsat/Benchmarks/random0/P0.95N2L15M100T100-1.mltl,0.01,9328,sat
/home/michele/mltlsat/Benchmarks/random0/P0.95N2L15M100T100-2.mltl,0.0,7796,unsat
/home/michele/mltlsat/Benchmarks/random0/P0.95N2L15M100T100-3.mltl,0.0,9334.4,sat
/home/michele/mltlsat/Benchmarks/random0/P0.95N2L15M100T100-4.mltl,0.02,10856.8,sat
/home/michele/mltlsat/Benchmarks/random0/P0.95N2L15M100T100-5.mltl,0.03,13944.8,sat
/home/michele/mltlsat/Benchmarks/random0/P0.95N2L15M100T100-6.mltl,0.0,7803.2,sat
/home/michele/mltlsat/Benchmarks/random0/P0.95N2L15M100T100-7.mltl,0.0,7838.4,sat
/home/michele/mltlsat/Benchmarks/random0/P0.95N2L15M100T100-8.mltl,0.0,10864.8,sat
/home/michele/mltlsat/Benchmarks/random0/P0.95N2L15M100T100-9.mltl,0.0,9341.6,sat
/home/michele/mltlsat/Benchmarks/random0/P0.95N2L20M100T100-10.mltl,0.372,18564,sat
/home/michele/mltlsat/Benchmarks/random0/P0.95N2L20M100T100-1.mltl,0.01,12392.8,sat
/home/michele/mltlsat/Benchmarks/random0/P0.95N2L20M100T100-2.mltl,0.0,7813.6,sat
/home/michele/mltlsat/Benchmarks/random0/P0.95N2L20M100T100-3.mltl,0.0,7787.2,sat
/home/michele/mltlsat/Benchmarks/random0/P0.95N2L20M100T100-4.mltl,0.0,7796,sat
/home/michele/mltlsat/Benchmarks/random0/P0.95N2L20M100T100-5.mltl,-1,-1,OOM
/home/michele/mltlsat/Benchmarks/random0/P0.95N2L20M100T100-6.mltl,0.0,7794.4,sat
/home/michele/mltlsat/Benchmarks/random0/P0.95N2L20M100T100-7.mltl,0.0,7792.8,sat
/home/michele/mltlsat/Benchmarks/random0/P0.95N2L20M100T100-8.mltl,0.01,9312.8,sat
/home/michele/mltlsat/Benchmarks/random0/P0.95N2L20M100T100-9.mltl,0.02,20100,sat
/home/michele/mltlsat/Benchmarks/random0/P0.95N2L25M100T100-10.mltl,0.0,9348,sat
/home/michele/mltlsat/Benchmarks/random0/P0.95N2L25M100T100-1.mltl,0.0,7778.4,sat
/home/michele/mltlsat/Benchmarks/random0/P0.95N2L25M100T100-2.mltl,0.0,10844.8,sat
/home/michele/mltlsat/Benchmarks/random0/P0.95N2L25M100T100-3.mltl,0.048,18540.8,sat
/home/michele/mltlsat/Benchmarks/random0/P0.95N2L25M100T100-4.mltl,0.0,7786.4,sat
/home/michele/mltlsat/Benchmarks/random0/P0.95N2L25M100T100-5.mltl,0.0,9355.2,sat
/home/michele/mltlsat/Benchmarks/random0/P0.95N2L25M100T100-6.mltl,-1,-1,TO
/home/michele/mltlsat/Benchmarks/random0/P0.95N2L25M100T100-7.mltl,0.0,9336,sat
/home/michele/mltlsat/Benchmarks/random0/P0.95N2L25M100T100-8.mltl,0.0,7814.4,sat
/home/michele/mltlsat/Benchmarks/random0/P0.95N2L25M100T100-9.mltl,0.0,7807.2,sat
/home/michele/mltlsat/Benchmarks/random0/P0.95N2L30M100T100-10.mltl,0.164,20091.2,sat
/home/michele/mltlsat/Benchmarks/random0/P0.95N2L30M100T100-1.mltl,0.08,29291.2,sat
/home/michele/mltlsat/Benchmarks/random0/P0.95N2L30M100T100-2.mltl,0.0,9347.2,sat
/home/michele/mltlsat/Benchmarks/random0/P0.95N2L30M100T100-3.mltl,0.0,7485.6,sat
/home/michele/mltlsat/Benchmarks/random0/P0.95N2L30M100T100-4.mltl,0.0,7793.6,sat
/home/michele/mltlsat/Benchmarks/random0/P0.95N2L30M100T100-5.mltl,0.03,23138.4,sat
/home/michele/mltlsat/Benchmarks/random0/P0.95N2L30M100T100-6.mltl,1.362,19794.4,sat
/home/michele/mltlsat/Benchmarks/random0/P0.95N2L30M100T100-7.mltl,1.118,35162.4,sat
/home/michele/mltlsat/Benchmarks/random0/P0.95N2L30M100T100-8.mltl,-1,-1,TO
/home/michele/mltlsat/Benchmarks/random0/P0.95N2L30M100T100-9.mltl,0.208,13948,sat
/home/michele/mltlsat/Benchmarks/random0/P0.95N2L35M100T100-10.mltl,-1,-1,TO
/home/michele/mltlsat/Benchmarks/random0/P0.95N2L35M100T100-1.mltl,0.0,7792.8,sat
/home/michele/mltlsat/Benchmarks/random0/P0.95N2L35M100T100-2.mltl,2.362,32347.2,sat
/home/michele/mltlsat/Benchmarks/random0/P0.95N2L35M100T100-3.mltl,-1,-1,TO
/home/michele/mltlsat/Benchmarks/random0/P0.95N2L35M100T100-4.mltl,-1,-1,TO
/home/michele/mltlsat/Benchmarks/random0/P0.95N2L35M100T100-5.mltl,0.07,17000.8,sat
/home/michele/mltlsat/Benchmarks/random0/P0.95N2L35M100T100-6.mltl,0.22,13957.6,sat
/home/michele/mltlsat/Benchmarks/random0/P0.95N2L35M100T100-7.mltl,0.0,7830.4,sat
/home/michele/mltlsat/Benchmarks/random0/P0.95N2L35M100T100-8.mltl,0.114,13974.4,sat
/home/michele/mltlsat/Benchmarks/random0/P0.95N2L35M100T100-9.mltl,0.0,7805.6,sat
/home/michele/mltlsat/Benchmarks/random0/P0.95N2L40M100T100-10.mltl,0.01,9328,sat
/home/michele/mltlsat/Benchmarks/random0/P0.95N2L40M100T100-1.mltl,0.0,10873.6,sat
/home/michele/mltlsat/Benchmarks/random0/P0.95N2L40M100T100-2.mltl,-1,-1,TO
/home/michele/mltlsat/Benchmarks/random0/P0.95N2L40M100T100-3.mltl,0.0,7770.4,sat
/home/michele/mltlsat/Benchmarks/random0/P0.95N2L40M100T100-4.mltl,0.0,7808.8,sat
/home/michele/mltlsat/Benchmarks/random0/P0.95N2L40M100T100-5.mltl,0.0,7808,sat
/home/michele/mltlsat/Benchmarks/random0/P0.95N2L40M100T100-6.mltl,0.01,12412.8,sat
/home/michele/mltlsat/Benchmarks/random0/P0.95N2L40M100T100-7.mltl,0.0,9328.8,sat
/home/michele/mltlsat/Benchmarks/random0/P0.95N2L40M100T100-8.mltl,0.06,20059.2,sat
/home/michele/mltlsat/Benchmarks/random0/P0.95N2L40M100T100-9.mltl,-1,-1,TO
/home/michele/mltlsat/Benchmarks/random0/P0.95N2L45M100T100-10.mltl,-1,-1,TO
/home/michele/mltlsat/Benchmarks/random0/P0.95N2L45M100T100-1.mltl,0.06,21628.8,sat
/home/michele/mltlsat/Benchmarks/random0/P0.95N2L45M100T100-2.mltl,-1,-1,TO
/home/michele/mltlsat/Benchmarks/random0/P0.95N2L45M100T100-3.mltl,0.07400000000000001,29294.4,sat
/home/michele/mltlsat/Benchmarks/random0/P0.95N2L45M100T100-4.mltl,0.0,10264.8,sat
/home/michele/mltlsat/Benchmarks/random0/P0.95N2L45M100T100-5.mltl,0.0,7794.4,sat
/home/michele/mltlsat/Benchmarks/random0/P0.95N2L45M100T100-6.mltl,0.0,7796,sat
/home/michele/mltlsat/Benchmarks/random0/P0.95N2L45M100T100-7.mltl,-1,-1,TO
/home/michele/mltlsat/Benchmarks/random0/P0.95N2L45M100T100-8.mltl,-1,-1,TO
/home/michele/mltlsat/Benchmarks/random0/P0.95N2L45M100T100-9.mltl,0.0,7800,sat
/home/michele/mltlsat/Benchmarks/random0/P0.95N2L50M100T100-10.mltl,0.008,10870.4,sat
/home/michele/mltlsat/Benchmarks/random0/P0.95N2L50M100T100-1.mltl,-1,-1,TO
/home/michele/mltlsat/Benchmarks/random0/P0.95N2L50M100T100-2.mltl,0.0,7791.2,sat
/home/michele/mltlsat/Benchmarks/random0/P0.95N2L50M100T100-3.mltl,0.05,21624,sat
/home/michele/mltlsat/Benchmarks/random0/P0.95N2L50M100T100-4.mltl,0.0,7791.2,sat
/home/michele/mltlsat/Benchmarks/random0/P0.95N2L50M100T100-5.mltl,1.026,48970.4,sat
/home/michele/mltlsat/Benchmarks/random0/P0.95N2L50M100T100-6.mltl,0.03,10912,sat
/home/michele/mltlsat/Benchmarks/random0/P0.95N2L50M100T100-7.mltl,0.032,18528,sat
/home/michele/mltlsat/Benchmarks/random0/P0.95N2L50M100T100-8.mltl,0.03,10868.8,sat
/home/michele/mltlsat/Benchmarks/random0/P0.95N2L50M100T100-9.mltl,0.02,10880,sat
/home/michele/mltlsat/Benchmarks/random0/P0.95N2L55M100T100-10.mltl,0.0,10872,sat
/home/michele/mltlsat/Benchmarks/random0/P0.95N2L55M100T100-1.mltl,0.36,30524.8,sat
/home/michele/mltlsat/Benchmarks/random0/P0.95N2L55M100T100-2.mltl,34.162,56957.6,sat
/home/michele/mltlsat/Benchmarks/random0/P0.95N2L55M100T100-3.mltl,0.0,7788,sat
/home/michele/mltlsat/Benchmarks/random0/P0.95N2L55M100T100-4.mltl,0.01,9357.6,sat
/home/michele/mltlsat/Benchmarks/random0/P0.95N2L55M100T100-5.mltl,-1,-1,TO
/home/michele/mltlsat/Benchmarks/random0/P0.95N2L55M100T100-6.mltl,0.03,15469.6,sat
/home/michele/mltlsat/Benchmarks/random0/P0.95N2L55M100T100-7.mltl,0.01,9302.4,sat
/home/michele/mltlsat/Benchmarks/random0/P0.95N2L55M100T100-8.mltl,0.05,12411.2,sat
/home/michele/mltlsat/Benchmarks/random0/P0.95N2L55M100T100-9.mltl,0.006,9315.2,sat
/home/michele/mltlsat/Benchmarks/random0/P0.95N2L5M100T100-10.mltl,0.0,7790.4,sat
/home/michele/mltlsat/Benchmarks/random0/P0.95N2L5M100T100-1.mltl,0.0,7791.2,sat
/home/michele/mltlsat/Benchmarks/random0/P0.95N2L5M100T100-2.mltl,0.0,9330.4,sat
/home/michele/mltlsat/Benchmarks/random0/P0.95N2L5M100T100-3.mltl,0.0,9324,sat
/home/michele/mltlsat/Benchmarks/random0/P0.95N2L5M100T100-4.mltl,0.0,9022.4,sat
/home/michele/mltlsat/Benchmarks/random0/P0.95N2L5M100T100-5.mltl,0.0,7780,sat
/home/michele/mltlsat/Benchmarks/random0/P0.95N2L5M100T100-6.mltl,0.0,7781.6,sat
/home/michele/mltlsat/Benchmarks/random0/P0.95N2L5M100T100-7.mltl,0.0,7793.6,sat
/home/michele/mltlsat/Benchmarks/random0/P0.95N2L5M100T100-8.mltl,0.0,7800.8,sat
/home/michele/mltlsat/Benchmarks/random0/P0.95N2L5M100T100-9.mltl,0.0,7788.8,sat
/home/michele/mltlsat/Benchmarks/random0/P0.95N2L60M100T100-10.mltl,0.0,7803.2,sat
/home/michele/mltlsat/Benchmarks/random0/P0.95N2L60M100T100-1.mltl,-1,-1,TO
/home/michele/mltlsat/Benchmarks/random0/P0.95N2L60M100T100-2.mltl,0.008,9316.8,sat
/home/michele/mltlsat/Benchmarks/random0/P0.95N2L60M100T100-3.mltl,0.03,21604,sat
/home/michele/mltlsat/Benchmarks/random0/P0.95N2L60M100T100-4.mltl,0.11,36988,sat
/home/michele/mltlsat/Benchmarks/random0/P0.95N2L60M100T100-5.mltl,0.11,12443.2,sat
/home/michele/mltlsat/Benchmarks/random0/P0.95N2L60M100T100-6.mltl,0.01,13954.4,sat
/home/michele/mltlsat/Benchmarks/random0/P0.95N2L60M100T100-7.mltl,1.756,38504.8,sat
/home/michele/mltlsat/Benchmarks/random0/P0.95N2L60M100T100-8.mltl,0.0,7796,sat
/home/michele/mltlsat/Benchmarks/random0/P0.95N2L60M100T100-9.mltl,0.0,7780,sat
/home/michele/mltlsat/Benchmarks/random0/P0.95N2L65M100T100-10.mltl,0.0,7784.8,sat
/home/michele/mltlsat/Benchmarks/random0/P0.95N2L65M100T100-1.mltl,-1,-1,TO
/home/michele/mltlsat/Benchmarks/random0/P0.95N2L65M100T100-2.mltl,0.05,28680,sat
/home/michele/mltlsat/Benchmarks/random0/P0.95N2L65M100T100-3.mltl,0.18,10877.6,sat
/home/michele/mltlsat/Benchmarks/random0/P0.95N2L65M100T100-4.mltl,4.7059999999999995,43428,sat
/home/michele/mltlsat/Benchmarks/random0/P0.95N2L65M100T100-5.mltl,-1,-1,TO
/home/michele/mltlsat/Benchmarks/random0/P0.95N2L65M100T100-6.mltl,0.04,27763.2,sat
/home/michele/mltlsat/Benchmarks/random0/P0.95N2L65M100T100-7.mltl,-1,-1,TO
/home/michele/mltlsat/Benchmarks/random0/P0.95N2L65M100T100-8.mltl,-1,-1,TO
/home/michele/mltlsat/Benchmarks/random0/P0.95N2L65M100T100-9.mltl,112.584,107959.2,sat
/home/michele/mltlsat/Benchmarks/random0/P0.95N2L70M100T100-10.mltl,4.07,45876,sat
/home/michele/mltlsat/Benchmarks/random0/P0.95N2L70M100T100-1.mltl,2.856,606226.4,sat
/home/michele/mltlsat/Benchmarks/random0/P0.95N2L70M100T100-2.mltl,42.734,16397.6,sat
/home/michele/mltlsat/Benchmarks/random0/P0.95N2L70M100T100-3.mltl,-1,-1,TO
/home/michele/mltlsat/Benchmarks/random0/P0.95N2L70M100T100-4.mltl,-1,-1,TO
/home/michele/mltlsat/Benchmarks/random0/P0.95N2L70M100T100-5.mltl,-1,-1,OOM
/home/michele/mltlsat/Benchmarks/random0/P0.95N2L70M100T100-6.mltl,19.266000000000002,56037.6,sat
/home/michele/mltlsat/Benchmarks/random0/P0.95N2L70M100T100-7.mltl,83.84,1446419.2,sat
/home/michele/mltlsat/Benchmarks/random0/P0.95N2L70M100T100-8.mltl,0.0,9339.2,sat
/home/michele/mltlsat/Benchmarks/random0/P0.95N2L70M100T100-9.mltl,2.0,39764.8,sat
/home/michele/mltlsat/Benchmarks/random0/P0.95N2L75M100T100-10.mltl,-1,-1,TO
/home/michele/mltlsat/Benchmarks/random0/P0.95N2L75M100T100-1.mltl,0.0,7794.4,sat
/home/michele/mltlsat/Benchmarks/random0/P0.95N2L75M100T100-2.mltl,0.0,7784.8,sat
/home/michele/mltlsat/Benchmarks/random0/P0.95N2L75M100T100-3.mltl,0.05,29280,sat
/home/michele/mltlsat/Benchmarks/random0/P0.95N2L75M100T100-4.mltl,0.0,7797.6,sat
/home/michele/mltlsat/Benchmarks/random0/P0.95N2L75M100T100-5.mltl,91.238,92296.8,sat
/home/michele/mltlsat/Benchmarks/random0/P0.95N2L75M100T100-6.mltl,-1,-1,TO
/home/michele/mltlsat/Benchmarks/random0/P0.95N2L75M100T100-7.mltl,-1,-1,TO
/home/michele/mltlsat/Benchmarks/random0/P0.95N2L75M100T100-8.mltl,0.004,10872.8,sat
/home/michele/mltlsat/Benchmarks/random0/P0.95N2L75M100T100-9.mltl,-1,-1,TO
/home/michele/mltlsat/Benchmarks/random0/P0.95N2L80M100T100-10.mltl,-1,-1,TO
/home/michele/mltlsat/Benchmarks/random0/P0.95N2L80M100T100-1.mltl,-1,-1,TO
/home/michele/mltlsat/Benchmarks/random0/P0.95N2L80M100T100-2.mltl,-1,-1,TO
/home/michele/mltlsat/Benchmarks/random0/P0.95N2L80M100T100-3.mltl,-1,-1,TO
/home/michele/mltlsat/Benchmarks/random0/P0.95N2L80M100T100-4.mltl,0.0,7794.4,sat
/home/michele/mltlsat/Benchmarks/random0/P0.95N2L80M100T100-5.mltl,-1,-1,TO
/home/michele/mltlsat/Benchmarks/random0/P0.95N2L80M100T100-6.mltl,0.0,7793.6,sat
/home/michele/mltlsat/Benchmarks/random0/P0.95N2L80M100T100-7.mltl,0.568,124577.6,sat
/home/michele/mltlsat/Benchmarks/random0/P0.95N2L80M100T100-8.mltl,0.0,7800,sat
/home/michele/mltlsat/Benchmarks/random0/P0.95N2L80M100T100-9.mltl,0.0,7800,sat
/home/michele/mltlsat/Benchmarks/random0/P0.95N2L85M100T100-10.mltl,-1,-1,TO
/home/michele/mltlsat/Benchmarks/random0/P0.95N2L85M100T100-1.mltl,0.11,9324.8,unsat
/home/michele/mltlsat/Benchmarks/random0/P0.95N2L85M100T100-2.mltl,0.002,9330.4,sat
/home/michele/mltlsat/Benchmarks/random0/P0.95N2L85M100T100-3.mltl,0.0,7798.4,sat
/home/michele/mltlsat/Benchmarks/random0/P0.95N2L85M100T100-4.mltl,0.12,23176.8,sat
/home/michele/mltlsat/Benchmarks/random0/P0.95N2L85M100T100-5.mltl,0.02,17012,sat
/home/michele/mltlsat/Benchmarks/random0/P0.95N2L85M100T100-6.mltl,-1,-1,TO
/home/michele/mltlsat/Benchmarks/random0/P0.95N2L85M100T100-7.mltl,-1,-1,TO
/home/michele/mltlsat/Benchmarks/random0/P0.95N2L85M100T100-8.mltl,1.524,101517.6,sat
/home/michele/mltlsat/Benchmarks/random0/P0.95N2L85M100T100-9.mltl,0.07,21616,sat
/home/michele/mltlsat/Benchmarks/random0/P0.95N2L90M100T100-10.mltl,2.822,65860,sat
/home/michele/mltlsat/Benchmarks/random0/P0.95N2L90M100T100-1.mltl,0.0,7820.8,sat
/home/michele/mltlsat/Benchmarks/random0/P0.95N2L90M100T100-2.mltl,0.12,27741.6,sat
/home/michele/mltlsat/Benchmarks/random0/P0.95N2L90M100T100-3.mltl,12.56,272872.8,sat
/home/michele/mltlsat/Benchmarks/random0/P0.95N2L90M100T100-4.mltl,-1,-1,TO
/home/michele/mltlsat/Benchmarks/random0/P0.95N2L90M100T100-5.mltl,5.604,56944,sat
/home/michele/mltlsat/Benchmarks/random0/P0.95N2L90M100T100-6.mltl,0.05,13952,sat
/home/michele/mltlsat/Benchmarks/random0/P0.95N2L90M100T100-7.mltl,-1,-1,TO
/home/michele/mltlsat/Benchmarks/random0/P0.95N2L90M100T100-8.mltl,6.914,52373.6,sat
/home/michele/mltlsat/Benchmarks/random0/P0.95N2L90M100T100-9.mltl,0.22,21620.8,sat
/home/michele/mltlsat/Benchmarks/random0/P0.95N2L95M100T100-10.mltl,-1,-1,TO
/home/michele/mltlsat/Benchmarks/random0/P0.95N2L95M100T100-1.mltl,0.092,46193.6,sat
/home/michele/mltlsat/Benchmarks/random0/P0.95N2L95M100T100-2.mltl,0.01,13949.6,sat
/home/michele/mltlsat/Benchmarks/random0/P0.95N2L95M100T100-3.mltl,-1,-1,TO
/home/michele/mltlsat/Benchmarks/random0/P0.95N2L95M100T100-4.mltl,0.48,36956,sat
/home/michele/mltlsat/Benchmarks/random0/P0.95N2L95M100T100-5.mltl,-1,-1,TO
/home/michele/mltlsat/Benchmarks/random0/P0.95N2L95M100T100-6.mltl,0.0,7785.6,sat
/home/michele/mltlsat/Benchmarks/random0/P0.95N2L95M100T100-7.mltl,0.0,10870.4,sat
/home/michele/mltlsat/Benchmarks/random0/P0.95N2L95M100T100-8.mltl,0.0,9344,sat
/home/michele/mltlsat/Benchmarks/random0/P0.95N2L95M100T100-9.mltl,-1,-1,TO
/home/michele/mltlsat/Benchmarks/random0/P0.95N3L100M100T100-10.mltl,0.0,9332,sat
/home/michele/mltlsat/Benchmarks/random0/P0.95N3L100M100T100-1.mltl,0.052000000000000005,26245.6,sat
/home/michele/mltlsat/Benchmarks/random0/P0.95N3L100M100T100-2.mltl,0.0,7789.6,sat
/home/michele/mltlsat/Benchmarks/random0/P0.95N3L100M100T100-3.mltl,0.0,10876,sat
/home/michele/mltlsat/Benchmarks/random0/P0.95N3L100M100T100-4.mltl,22.024,51722.4,sat
/home/michele/mltlsat/Benchmarks/random0/P0.95N3L100M100T100-5.mltl,-1,-1,TO
/home/michele/mltlsat/Benchmarks/random0/P0.95N3L100M100T100-6.mltl,0.04,15474.4,sat
/home/michele/mltlsat/Benchmarks/random0/P0.95N3L100M100T100-7.mltl,5.9239999999999995,179824.8,sat
/home/michele/mltlsat/Benchmarks/random0/P0.95N3L100M100T100-8.mltl,-1,-1,TO
/home/michele/mltlsat/Benchmarks/random0/P0.95N3L100M100T100-9.mltl,1.242,66143.2,sat
/home/michele/mltlsat/Benchmarks/random0/P0.95N3L10M100T100-10.mltl,0.0,7807.2,sat
/home/michele/mltlsat/Benchmarks/random0/P0.95N3L10M100T100-1.mltl,0.0,7788.8,sat
/home/michele/mltlsat/Benchmarks/random0/P0.95N3L10M100T100-2.mltl,0.0,9323.2,sat
/home/michele/mltlsat/Benchmarks/random0/P0.95N3L10M100T100-3.mltl,0.0,7805.6,sat
/home/michele/mltlsat/Benchmarks/random0/P0.95N3L10M100T100-4.mltl,0.0,7812.8,sat
/home/michele/mltlsat/Benchmarks/random0/P0.95N3L10M100T100-5.mltl,0.0,9350.4,sat
/home/michele/mltlsat/Benchmarks/random0/P0.95N3L10M100T100-6.mltl,0.0,7765.6,sat
/home/michele/mltlsat/Benchmarks/random0/P0.95N3L10M100T100-7.mltl,0.0,9356,sat
/home/michele/mltlsat/Benchmarks/random0/P0.95N3L10M100T100-8.mltl,0.0,7800.8,sat
/home/michele/mltlsat/Benchmarks/random0/P0.95N3L10M100T100-9.mltl,0.0,7789.6,sat
/home/michele/mltlsat/Benchmarks/random0/P0.95N3L15M100T100-10.mltl,0.0,7788,sat
/home/michele/mltlsat/Benchmarks/random0/P0.95N3L15M100T100-1.mltl,0.04,13955.2,sat
/home/michele/mltlsat/Benchmarks/random0/P0.95N3L15M100T100-2.mltl,0.014,15474.4,sat
/home/michele/mltlsat/Benchmarks/random0/P0.95N3L15M100T100-3.mltl,0.0,9345.6,sat
/home/michele/mltlsat/Benchmarks/random0/P0.95N3L15M100T100-4.mltl,0.0,7813.6,sat
/home/michele/mltlsat/Benchmarks/random0/P0.95N3L15M100T100-5.mltl,0.0,9330.4,sat
/home/michele/mltlsat/Benchmarks/random0/P0.95N3L15M100T100-6.mltl,0.0,9352,sat
/home/michele/mltlsat/Benchmarks/random0/P0.95N3L15M100T100-7.mltl,0.02,12402.4,sat
/home/michele/mltlsat/Benchmarks/random0/P0.95N3L15M100T100-8.mltl,0.0,7788,sat
/home/michele/mltlsat/Benchmarks/random0/P0.95N3L15M100T100-9.mltl,0.0,9340.8,sat
/home/michele/mltlsat/Benchmarks/random0/P0.95N3L20M100T100-10.mltl,1.47,17010.4,sat
/home/michele/mltlsat/Benchmarks/random0/P0.95N3L20M100T100-1.mltl,0.0,7790.4,sat
/home/michele/mltlsat/Benchmarks/random0/P0.95N3L20M100T100-2.mltl,0.0,7797.6,sat
/home/michele/mltlsat/Benchmarks/random0/P0.95N3L20M100T100-3.mltl,72.59599999999999,843099.2,sat
/home/michele/mltlsat/Benchmarks/random0/P0.95N3L20M100T100-4.mltl,0.0,9041.6,sat
/home/michele/mltlsat/Benchmarks/random0/P0.95N3L20M100T100-5.mltl,0.0,7828,sat
/home/michele/mltlsat/Benchmarks/random0/P0.95N3L20M100T100-6.mltl,1.314,18529.6,sat
/home/michele/mltlsat/Benchmarks/random0/P0.95N3L20M100T100-7.mltl,0.0,10868,sat
/home/michele/mltlsat/Benchmarks/random0/P0.95N3L20M100T100-8.mltl,0.0,7806.4,sat
/home/michele/mltlsat/Benchmarks/random0/P0.95N3L20M100T100-9.mltl,0.01,12410.4,sat
/home/michele/mltlsat/Benchmarks/random0/P0.95N3L25M100T100-10.mltl,0.0,7766.4,sat
/home/michele/mltlsat/Benchmarks/random0/P0.95N3L25M100T100-1.mltl,0.0,9333.6,sat
/home/michele/mltlsat/Benchmarks/random0/P0.95N3L25M100T100-2.mltl,0.06,32377.6,sat
/home/michele/mltlsat/Benchmarks/random0/P0.95N3L25M100T100-3.mltl,0.0,7800,sat
/home/michele/mltlsat/Benchmarks/random0/P0.95N3L25M100T100-4.mltl,0.17,17044,sat
/home/michele/mltlsat/Benchmarks/random0/P0.95N3L25M100T100-5.mltl,0.0,7771.2,sat
/home/michele/mltlsat/Benchmarks/random0/P0.95N3L25M100T100-6.mltl,0.404,26221.6,sat
/home/michele/mltlsat/Benchmarks/random0/P0.95N3L25M100T100-7.mltl,0.042,15482.4,sat
/home/michele/mltlsat/Benchmarks/random0/P0.95N3L25M100T100-8.mltl,0.0,10858.4,sat
/home/michele/mltlsat/Benchmarks/random0/P0.95N3L25M100T100-9.mltl,0.03,21612.8,sat
/home/michele/mltlsat/Benchmarks/random0/P0.95N3L30M100T100-10.mltl,10.596,19144,sat
/home/michele/mltlsat/Benchmarks/random0/P0.95N3L30M100T100-1.mltl,0.0,7784.8,sat
/home/michele/mltlsat/Benchmarks/random0/P0.95N3L30M100T100-2.mltl,0.004,12431.2,sat
/home/michele/mltlsat/Benchmarks/random0/P0.95N3L30M100T100-3.mltl,0.0,7797.6,sat
/home/michele/mltlsat/Benchmarks/random0/P0.95N3L30M100T100-4.mltl,0.0,7799.2,sat
/home/michele/mltlsat/Benchmarks/random0/P0.95N3L30M100T100-5.mltl,0.17200000000000001,41576.8,sat
/home/michele/mltlsat/Benchmarks/random0/P0.95N3L30M100T100-6.mltl,0.0,7798.4,sat
/home/michele/mltlsat/Benchmarks/random0/P0.95N3L30M100T100-7.mltl,0.0,9345.6,sat
/home/michele/mltlsat/Benchmarks/random0/P0.95N3L30M100T100-8.mltl,0.07,35428.8,sat
/home/michele/mltlsat/Benchmarks/random0/P0.95N3L30M100T100-9.mltl,0.0,7778.4,sat
/home/michele/mltlsat/Benchmarks/random0/P0.95N3L35M100T100-10.mltl,0.01,9337.6,sat
/home/michele/mltlsat/Benchmarks/random0/P0.95N3L35M100T100-1.mltl,7.56,2764295.2,sat
/home/michele/mltlsat/Benchmarks/random0/P0.95N3L35M100T100-2.mltl,0.0,9313.6,sat
/home/michele/mltlsat/Benchmarks/random0/P0.95N3L35M100T100-3.mltl,0.0,7799.2,sat
/home/michele/mltlsat/Benchmarks/random0/P0.95N3L35M100T100-4.mltl,0.03,12424.8,sat
/home/michele/mltlsat/Benchmarks/random0/P0.95N3L35M100T100-5.mltl,0.01,10556.8,sat
/home/michele/mltlsat/Benchmarks/random0/P0.95N3L35M100T100-6.mltl,0.01,9340.8,sat
/home/michele/mltlsat/Benchmarks/random0/P0.95N3L35M100T100-7.mltl,0.05,15446.4,sat
/home/michele/mltlsat/Benchmarks/random0/P0.95N3L35M100T100-8.mltl,0.03,13637.6,sat
/home/michele/mltlsat/Benchmarks/random0/P0.95N3L35M100T100-9.mltl,0.01,9326.4,sat
/home/michele/mltlsat/Benchmarks/random0/P0.95N3L40M100T100-10.mltl,0.02,13924.8,sat
/home/michele/mltlsat/Benchmarks/random0/P0.95N3L40M100T100-1.mltl,-1,-1,TO
/home/michele/mltlsat/Benchmarks/random0/P0.95N3L40M100T100-2.mltl,-1,-1,TO
/home/michele/mltlsat/Benchmarks/random0/P0.95N3L40M100T100-3.mltl,0.02,13961.6,sat
/home/michele/mltlsat/Benchmarks/random0/P0.95N3L40M100T100-4.mltl,0.02,10859.2,sat
/home/michele/mltlsat/Benchmarks/random0/P0.95N3L40M100T100-5.mltl,-1,-1,TO
/home/michele/mltlsat/Benchmarks/random0/P0.95N3L40M100T100-6.mltl,0.334,13937.6,sat
/home/michele/mltlsat/Benchmarks/random0/P0.95N3L40M100T100-7.mltl,0.0,9340,sat
/home/michele/mltlsat/Benchmarks/random0/P0.95N3L40M100T100-8.mltl,0.02,10882.4,sat
/home/michele/mltlsat/Benchmarks/random0/P0.95N3L40M100T100-9.mltl,-1,-1,TO
/home/michele/mltlsat/Benchmarks/random0/P0.95N3L45M100T100-10.mltl,2.922,15487.2,sat
/home/michele/mltlsat/Benchmarks/random0/P0.95N3L45M100T100-1.mltl,0.0,7805.6,sat
/home/michele/mltlsat/Benchmarks/random0/P0.95N3L45M100T100-2.mltl,49.64,50800,sat
/home/michele/mltlsat/Benchmarks/random0/P0.95N3L45M100T100-3.mltl,0.01,12398.4,sat
/home/michele/mltlsat/Benchmarks/random0/P0.95N3L45M100T100-4.mltl,0.02,10840.8,sat
/home/michele/mltlsat/Benchmarks/random0/P0.95N3L45M100T100-5.mltl,0.0,9332,sat
/home/michele/mltlsat/Benchmarks/random0/P0.95N3L45M100T100-6.mltl,0.58,27763.2,sat
/home/michele/mltlsat/Benchmarks/random0/P0.95N3L45M100T100-7.mltl,0.01,9336.8,sat
/home/michele/mltlsat/Benchmarks/random0/P0.95N3L45M100T100-8.mltl,-1,-1,TO
/home/michele/mltlsat/Benchmarks/random0/P0.95N3L45M100T100-9.mltl,20.826,22849.6,sat
/home/michele/mltlsat/Benchmarks/random0/P0.95N3L50M100T100-10.mltl,0.5660000000000001,101489.6,sat
/home/michele/mltlsat/Benchmarks/random0/P0.95N3L50M100T100-1.mltl,0.0,9335.2,sat
/home/michele/mltlsat/Benchmarks/random0/P0.95N3L50M100T100-2.mltl,0.04,13944.8,sat
/home/michele/mltlsat/Benchmarks/random0/P0.95N3L50M100T100-3.mltl,0.0,7792,sat
/home/michele/mltlsat/Benchmarks/random0/P0.95N3L50M100T100-4.mltl,0.01,10864.8,sat
/home/michele/mltlsat/Benchmarks/random0/P0.95N3L50M100T100-5.mltl,-1,-1,TO
/home/michele/mltlsat/Benchmarks/random0/P0.95N3L50M100T100-6.mltl,0.01,10864.8,sat
/home/michele/mltlsat/Benchmarks/random0/P0.95N3L50M100T100-7.mltl,0.01,12426.4,sat
/home/michele/mltlsat/Benchmarks/random0/P0.95N3L50M100T100-8.mltl,0.01,9316.8,sat
/home/michele/mltlsat/Benchmarks/random0/P0.95N3L50M100T100-9.mltl,1.974,70771.2,sat
/home/michele/mltlsat/Benchmarks/random0/P0.95N3L55M100T100-10.mltl,0.05,26225.6,sat
/home/michele/mltlsat/Benchmarks/random0/P0.95N3L55M100T100-1.mltl,0.114,30835.2,sat
/home/michele/mltlsat/Benchmarks/random0/P0.95N3L55M100T100-2.mltl,0.0,7784.8,sat
/home/michele/mltlsat/Benchmarks/random0/P0.95N3L55M100T100-3.mltl,0.0,7790.4,sat
/home/michele/mltlsat/Benchmarks/random0/P0.95N3L55M100T100-4.mltl,0.03,13952.8,sat
/home/michele/mltlsat/Benchmarks/random0/P0.95N3L55M100T100-5.mltl,0.226,50784,sat
/home/michele/mltlsat/Benchmarks/random0/P0.95N3L55M100T100-6.mltl,-1,-1,TO
/home/michele/mltlsat/Benchmarks/random0/P0.95N3L55M100T100-7.mltl,0.05,13944.8,sat
/home/michele/mltlsat/Benchmarks/random0/P0.95N3L55M100T100-8.mltl,0.0,7798.4,sat
/home/michele/mltlsat/Benchmarks/random0/P0.95N3L55M100T100-9.mltl,0.98,28993.6,sat
/home/michele/mltlsat/Benchmarks/random0/P0.95N3L5M100T100-10.mltl,0.0,7801.6,sat
/home/michele/mltlsat/Benchmarks/random0/P0.95N3L5M100T100-1.mltl,0.0,7788,sat
/home/michele/mltlsat/Benchmarks/random0/P0.95N3L5M100T100-2.mltl,0.0,9324,sat
/home/michele/mltlsat/Benchmarks/random0/P0.95N3L5M100T100-3.mltl,0.0,7801.6,sat
/home/michele/mltlsat/Benchmarks/random0/P0.95N3L5M100T100-4.mltl,0.0,7783.2,sat
/home/michele/mltlsat/Benchmarks/random0/P0.95N3L5M100T100-5.mltl,0.0,7804.8,sat
/home/michele/mltlsat/Benchmarks/random0/P0.95N3L5M100T100-6.mltl,0.0,9328.8,sat
/home/michele/mltlsat/Benchmarks/random0/P0.95N3L5M100T100-7.mltl,0.0,7801.6,sat
/home/michele/mltlsat/Benchmarks/random0/P0.95N3L5M100T100-8.mltl,0.0,7793.6,sat
/home/michele/mltlsat/Benchmarks/random0/P0.95N3L5M100T100-9.mltl,0.0,7812.8,sat
/home/michele/mltlsat/Benchmarks/random0/P0.95N3L60M100T100-10.mltl,-1,-1,TO
/home/michele/mltlsat/Benchmarks/random0/P0.95N3L60M100T100-1.mltl,0.03,24692.8,sat
/home/michele/mltlsat/Benchmarks/random0/P0.95N3L60M100T100-2.mltl,0.224,13928,sat
/home/michele/mltlsat/Benchmarks/random0/P0.95N3L60M100T100-3.mltl,0.0,10880,sat
/home/michele/mltlsat/Benchmarks/random0/P0.95N3L60M100T100-4.mltl,0.0,9321.6,sat
/home/michele/mltlsat/Benchmarks/random0/P0.95N3L60M100T100-5.mltl,0.0,7804,sat
/home/michele/mltlsat/Benchmarks/random0/P0.95N3L60M100T100-6.mltl,-1,-1,TO
/home/michele/mltlsat/Benchmarks/random0/P0.95N3L60M100T100-7.mltl,-1,-1,TO
/home/michele/mltlsat/Benchmarks/random0/P0.95N3L60M100T100-8.mltl,2.49,113158.4,sat
/home/michele/mltlsat/Benchmarks/random0/P0.95N3L60M100T100-9.mltl,0.006,9366.4,sat
/home/michele/mltlsat/Benchmarks/random0/P0.95N3L65M100T100-10.mltl,0.034,12401.6,sat
/home/michele/mltlsat/Benchmarks/random0/P0.95N3L65M100T100-1.mltl,1.106,27460,sat
/home/michele/mltlsat/Benchmarks/random0/P0.95N3L65M100T100-2.mltl,0.01,13961.6,sat
/home/michele/mltlsat/Benchmarks/random0/P0.95N3L65M100T100-3.mltl,-1,-1,TO
/home/michele/mltlsat/Benchmarks/random0/P0.95N3L65M100T100-4.mltl,3.808,44660,sat
/home/michele/mltlsat/Benchmarks/random0/P0.95N3L65M100T100-5.mltl,0.01,10844.8,sat
/home/michele/mltlsat/Benchmarks/random0/P0.95N3L65M100T100-6.mltl,1.64,24709.6,sat
/home/michele/mltlsat/Benchmarks/random0/P0.95N3L65M100T100-7.mltl,0.01,9341.6,sat
/home/michele/mltlsat/Benchmarks/random0/P0.95N3L65M100T100-8.mltl,0.05,12419.2,sat
/home/michele/mltlsat/Benchmarks/random0/P0.95N3L65M100T100-9.mltl,-1,-1,TO
/home/michele/mltlsat/Benchmarks/random0/P0.95N3L70M100T100-10.mltl,0.0,7819.2,sat
/home/michele/mltlsat/Benchmarks/random0/P0.95N3L70M100T100-1.mltl,0.0,7805.6,sat
/home/michele/mltlsat/Benchmarks/random0/P0.95N3L70M100T100-2.mltl,0.0,10852.8,sat
/home/michele/mltlsat/Benchmarks/random0/P0.95N3L70M100T100-3.mltl,0.0,9328,sat
/home/michele/mltlsat/Benchmarks/random0/P0.95N3L70M100T100-4.mltl,0.47,29300.8,sat
/home/michele/mltlsat/Benchmarks/random0/P0.95N3L70M100T100-5.mltl,3.174,76601.6,sat
/home/michele/mltlsat/Benchmarks/random0/P0.95N3L70M100T100-6.mltl,0.14,64629.6,sat
/home/michele/mltlsat/Benchmarks/random0/P0.95N3L70M100T100-7.mltl,0.0,7787.2,sat
/home/michele/mltlsat/Benchmarks/random0/P0.95N3L70M100T100-8.mltl,-1,-1,TO
/home/michele/mltlsat/Benchmarks/random0/P0.95N3L70M100T100-9.mltl,0.01,10874.4,sat
/home/michele/mltlsat/Benchmarks/random0/P0.95N3L75M100T100-10.mltl,4.314,195492.8,sat
/home/michele/mltlsat/Benchmarks/random0/P0.95N3L75M100T100-1.mltl,1.62,70780.8,sat
/home/michele/mltlsat/Benchmarks/random0/P0.95N3L75M100T100-2.mltl,0.0,7798.4,sat
/home/michele/mltlsat/Benchmarks/random0/P0.95N3L75M100T100-3.mltl,0.03,24673.6,sat
/home/michele/mltlsat/Benchmarks/random0/P0.95N3L75M100T100-4.mltl,0.0,7788,sat
/home/michele/mltlsat/Benchmarks/random0/P0.95N3L75M100T100-5.mltl,-1,-1,TO
/home/michele/mltlsat/Benchmarks/random0/P0.95N3L75M100T100-6.mltl,-1,-1,TO
/home/michele/mltlsat/Benchmarks/random0/P0.95N3L75M100T100-7.mltl,0.12,23161.6,sat
/home/michele/mltlsat/Benchmarks/random0/P0.95N3L75M100T100-8.mltl,0.04,12403.2,sat
/home/michele/mltlsat/Benchmarks/random0/P0.95N3L75M100T100-9.mltl,0.6,24697.6,sat
/home/michele/mltlsat/Benchmarks/random0/P0.95N3L80M100T100-10.mltl,-1,-1,TO
/home/michele/mltlsat/Benchmarks/random0/P0.95N3L80M100T100-1.mltl,2.56,32066.4,sat
/home/michele/mltlsat/Benchmarks/random0/P0.95N3L80M100T100-2.mltl,0.618,26236.8,sat
/home/michele/mltlsat/Benchmarks/random0/P0.95N3L80M100T100-3.mltl,-1,-1,TO
/home/michele/mltlsat/Benchmarks/random0/P0.95N3L80M100T100-4.mltl,4.058,30828.8,sat
/home/michele/mltlsat/Benchmarks/random0/P0.95N3L80M100T100-5.mltl,-1,-1,TO
/home/michele/mltlsat/Benchmarks/random0/P0.95N3L80M100T100-6.mltl,0.002,10864,sat
/home/michele/mltlsat/Benchmarks/random0/P0.95N3L80M100T100-7.mltl,0.0,7792,sat
/home/michele/mltlsat/Benchmarks/random0/P0.95N3L80M100T100-8.mltl,0.0,7788,sat
/home/michele/mltlsat/Benchmarks/random0/P0.95N3L80M100T100-9.mltl,0.0,7794.4,sat
/home/michele/mltlsat/Benchmarks/random0/P0.95N3L85M100T100-10.mltl,76.094,1130626.4,sat
/home/michele/mltlsat/Benchmarks/random0/P0.95N3L85M100T100-1.mltl,-1,-1,TO
/home/michele/mltlsat/Benchmarks/random0/P0.95N3L85M100T100-2.mltl,-1,-1,TO
/home/michele/mltlsat/Benchmarks/random0/P0.95N3L85M100T100-3.mltl,-1,-1,TO
/home/michele/mltlsat/Benchmarks/random0/P0.95N3L85M100T100-4.mltl,0.08,44680.8,sat
/home/michele/mltlsat/Benchmarks/random0/P0.95N3L85M100T100-5.mltl,0.066,29311.2,sat
/home/michele/mltlsat/Benchmarks/random0/P0.95N3L85M100T100-6.mltl,0.526,35444,sat
/home/michele/mltlsat/Benchmarks/random0/P0.95N3L85M100T100-7.mltl,0.01,12407.2,sat
/home/michele/mltlsat/Benchmarks/random0/P0.95N3L85M100T100-8.mltl,0.03,13947.2,sat
/home/michele/mltlsat/Benchmarks/random0/P0.95N3L85M100T100-9.mltl,0.01,10862.4,sat
/home/michele/mltlsat/Benchmarks/random0/P0.95N3L90M100T100-10.mltl,-1,-1,TO
/home/michele/mltlsat/Benchmarks/random0/P0.95N3L90M100T100-1.mltl,0.2,65849.6,sat
/home/michele/mltlsat/Benchmarks/random0/P0.95N3L90M100T100-2.mltl,-1,-1,TO
/home/michele/mltlsat/Benchmarks/random0/P0.95N3L90M100T100-3.mltl,0.112,23151.2,sat
/home/michele/mltlsat/Benchmarks/random0/P0.95N3L90M100T100-4.mltl,-1,-1,TO
/home/michele/mltlsat/Benchmarks/random0/P0.95N3L90M100T100-5.mltl,-1,-1,TO
/home/michele/mltlsat/Benchmarks/random0/P0.95N3L90M100T100-6.mltl,0.01,9317.6,sat
/home/michele/mltlsat/Benchmarks/random0/P0.95N3L90M100T100-7.mltl,0.02,13938.4,sat
/home/michele/mltlsat/Benchmarks/random0/P0.95N3L90M100T100-8.mltl,0.0,7793.6,sat
/home/michele/mltlsat/Benchmarks/random0/P0.95N3L90M100T100-9.mltl,0.01,9320.8,sat
/home/michele/mltlsat/Benchmarks/random0/P0.95N3L95M100T100-10.mltl,-1,-1,TO
/home/michele/mltlsat/Benchmarks/random0/P0.95N3L95M100T100-1.mltl,0.08,23140.8,sat
/home/michele/mltlsat/Benchmarks/random0/P0.95N3L95M100T100-2.mltl,-1,-1,TO
/home/michele/mltlsat/Benchmarks/random0/P0.95N3L95M100T100-3.mltl,1.69,29295.2,sat
/home/michele/mltlsat/Benchmarks/random0/P0.95N3L95M100T100-4.mltl,-1,-1,TO
/home/michele/mltlsat/Benchmarks/random0/P0.95N3L95M100T100-5.mltl,-1,-1,TO
/home/michele/mltlsat/Benchmarks/random0/P0.95N3L95M100T100-6.mltl,14.054,46804.8,sat
/home/michele/mltlsat/Benchmarks/random0/P0.95N3L95M100T100-7.mltl,44.924,113149.6,sat
/home/michele/mltlsat/Benchmarks/random0/P0.95N3L95M100T100-8.mltl,-1,-1,TO
/home/michele/mltlsat/Benchmarks/random0/P0.95N3L95M100T100-9.mltl,-1,-1,TO
/home/michele/mltlsat/Benchmarks/random0/P0.95N4L100M100T100-10.mltl,5.564,49277.6,sat
/home/michele/mltlsat/Benchmarks/random0/P0.95N4L100M100T100-1.mltl,0.026,15476.8,sat
/home/michele/mltlsat/Benchmarks/random0/P0.95N4L100M100T100-2.mltl,-1,-1,TO
/home/michele/mltlsat/Benchmarks/random0/P0.95N4L100M100T100-3.mltl,-1,-1,TO
/home/michele/mltlsat/Benchmarks/random0/P0.95N4L100M100T100-4.mltl,-1,-1,TO
/home/michele/mltlsat/Benchmarks/random0/P0.95N4L100M100T100-5.mltl,2.376,407162.4,sat
/home/michele/mltlsat/Benchmarks/random0/P0.95N4L100M100T100-6.mltl,0.0,7815.2,sat
/home/michele/mltlsat/Benchmarks/random0/P0.95N4L100M100T100-7.mltl,0.08,41613.6,sat
/home/michele/mltlsat/Benchmarks/random0/P0.95N4L100M100T100-8.mltl,0.07,13652.8,sat
/home/michele/mltlsat/Benchmarks/random0/P0.95N4L100M100T100-9.mltl,0.056,33916.8,sat
/home/michele/mltlsat/Benchmarks/random0/P0.95N4L10M100T100-10.mltl,0.0,9344,sat
/home/michele/mltlsat/Benchmarks/random0/P0.95N4L10M100T100-1.mltl,0.0,9310.4,sat
/home/michele/mltlsat/Benchmarks/random0/P0.95N4L10M100T100-2.mltl,1.896,72314.4,sat
/home/michele/mltlsat/Benchmarks/random0/P0.95N4L10M100T100-3.mltl,0.0,10865.6,sat
/home/michele/mltlsat/Benchmarks/random0/P0.95N4L10M100T100-4.mltl,0.01,9324,sat
/home/michele/mltlsat/Benchmarks/random0/P0.95N4L10M100T100-5.mltl,0.0,7791.2,sat
/home/michele/mltlsat/Benchmarks/random0/P0.95N4L10M100T100-6.mltl,0.0,7820.8,sat
/home/michele/mltlsat/Benchmarks/random0/P0.95N4L10M100T100-7.mltl,0.01,10857.6,sat
/home/michele/mltlsat/Benchmarks/random0/P0.95N4L10M100T100-8.mltl,0.0,7781.6,sat
/home/michele/mltlsat/Benchmarks/random0/P0.95N4L10M100T100-9.mltl,0.0,7789.6,sat
/home/michele/mltlsat/Benchmarks/random0/P0.95N4L15M100T100-10.mltl,0.04,12400.8,sat
/home/michele/mltlsat/Benchmarks/random0/P0.95N4L15M100T100-1.mltl,0.014,10872.8,sat
/home/michele/mltlsat/Benchmarks/random0/P0.95N4L15M100T100-2.mltl,0.0,7777.6,sat
/home/michele/mltlsat/Benchmarks/random0/P0.95N4L15M100T100-3.mltl,0.0,7792,sat
/home/michele/mltlsat/Benchmarks/random0/P0.95N4L15M100T100-4.mltl,0.0,7788.8,sat
/home/michele/mltlsat/Benchmarks/random0/P0.95N4L15M100T100-5.mltl,0.06,12400,sat
/home/michele/mltlsat/Benchmarks/random0/P0.95N4L15M100T100-6.mltl,0.686,15450.4,sat
/home/michele/mltlsat/Benchmarks/random0/P0.95N4L15M100T100-7.mltl,0.01,12412,sat
/home/michele/mltlsat/Benchmarks/random0/P0.95N4L15M100T100-8.mltl,0.28,10864.8,sat
/home/michele/mltlsat/Benchmarks/random0/P0.95N4L15M100T100-9.mltl,0.0,9333.6,sat
/home/michele/mltlsat/Benchmarks/random0/P0.95N4L20M100T100-10.mltl,0.21,44647.2,sat
/home/michele/mltlsat/Benchmarks/random0/P0.95N4L20M100T100-1.mltl,0.254,12400,sat
/home/michele/mltlsat/Benchmarks/random0/P0.95N4L20M100T100-2.mltl,0.0,7790.4,sat
/home/michele/mltlsat/Benchmarks/random0/P0.95N4L20M100T100-3.mltl,0.3,13920.8,sat
/home/michele/mltlsat/Benchmarks/random0/P0.95N4L20M100T100-4.mltl,0.0,7800,sat
/home/michele/mltlsat/Benchmarks/random0/P0.95N4L20M100T100-5.mltl,0.0,9369.6,sat
/home/michele/mltlsat/Benchmarks/random0/P0.95N4L20M100T100-6.mltl,3.65,30530.4,sat
/home/michele/mltlsat/Benchmarks/random0/P0.95N4L20M100T100-7.mltl,0.0,7808,sat
/home/michele/mltlsat/Benchmarks/random0/P0.95N4L20M100T100-8.mltl,2.336,12422.4,sat
/home/michele/mltlsat/Benchmarks/random0/P0.95N4L20M100T100-9.mltl,0.0,7830.4,sat
/home/michele/mltlsat/Benchmarks/random0/P0.95N4L25M100T100-10.mltl,0.0,9326.4,sat
/home/michele/mltlsat/Benchmarks/random0/P0.95N4L25M100T100-1.mltl,0.01,9346.4,sat
/home/michele/mltlsat/Benchmarks/random0/P0.95N4L25M100T100-2.mltl,0.07200000000000001,16717.6,sat
/home/michele/mltlsat/Benchmarks/random0/P0.95N4L25M100T100-3.mltl,0.002,10868.8,sat
/home/michele/mltlsat/Benchmarks/random0/P0.95N4L25M100T100-4.mltl,0.0,7795.2,sat
/home/michele/mltlsat/Benchmarks/random0/P0.95N4L25M100T100-5.mltl,0.01,9355.2,sat
/home/michele/mltlsat/Benchmarks/random0/P0.95N4L25M100T100-6.mltl,0.0,7810.4,sat
/home/michele/mltlsat/Benchmarks/random0/P0.95N4L25M100T100-7.mltl,0.03,12387.2,sat
/home/michele/mltlsat/Benchmarks/random0/P0.95N4L25M100T100-8.mltl,0.004,10863.2,sat
/home/michele/mltlsat/Benchmarks/random0/P0.95N4L25M100T100-9.mltl,0.0,7808,sat
/home/michele/mltlsat/Benchmarks/random0/P0.95N4L30M100T100-10.mltl,0.07,20122.4,sat
/home/michele/mltlsat/Benchmarks/random0/P0.95N4L30M100T100-1.mltl,6.956,19768.8,sat
/home/michele/mltlsat/Benchmarks/random0/P0.95N4L30M100T100-2.mltl,0.01,9323.2,sat
/home/michele/mltlsat/Benchmarks/random0/P0.95N4L30M100T100-3.mltl,0.0,7791.2,sat
/home/michele/mltlsat/Benchmarks/random0/P0.95N4L30M100T100-4.mltl,0.01,9341.6,sat
/home/michele/mltlsat/Benchmarks/random0/P0.95N4L30M100T100-5.mltl,0.0,9329.6,sat
/home/michele/mltlsat/Benchmarks/random0/P0.95N4L30M100T100-6.mltl,0.03,18570.4,sat
/home/michele/mltlsat/Benchmarks/random0/P0.95N4L30M100T100-7.mltl,-1,-1,OOM
/home/michele/mltlsat/Benchmarks/random0/P0.95N4L30M100T100-8.mltl,0.882,61245.6,sat
/home/michele/mltlsat/Benchmarks/random0/P0.95N4L30M100T100-9.mltl,0.0,9310.4,sat
/home/michele/mltlsat/Benchmarks/random0/P0.95N4L35M100T100-10.mltl,0.01,9334.4,sat
/home/michele/mltlsat/Benchmarks/random0/P0.95N4L35M100T100-1.mltl,0.47,23152,sat
/home/michele/mltlsat/Benchmarks/random0/P0.95N4L35M100T100-2.mltl,0.0,9307.2,sat
/home/michele/mltlsat/Benchmarks/random0/P0.95N4L35M100T100-3.mltl,0.0,7801.6,sat
/home/michele/mltlsat/Benchmarks/random0/P0.95N4L35M100T100-4.mltl,0.0,7790.4,sat
/home/michele/mltlsat/Benchmarks/random0/P0.95N4L35M100T100-5.mltl,-1,-1,TO
/home/michele/mltlsat/Benchmarks/random0/P0.95N4L35M100T100-6.mltl,-1,-1,TO
/home/michele/mltlsat/Benchmarks/random0/P0.95N4L35M100T100-7.mltl,0.0,9336,sat
/home/michele/mltlsat/Benchmarks/random0/P0.95N4L35M100T100-8.mltl,0.03,12410.4,sat
/home/michele/mltlsat/Benchmarks/random0/P0.95N4L35M100T100-9.mltl,-1,-1,TO
/home/michele/mltlsat/Benchmarks/random0/P0.95N4L40M100T100-10.mltl,0.04,24693.6,sat
/home/michele/mltlsat/Benchmarks/random0/P0.95N4L40M100T100-1.mltl,0.0,9339.2,sat
/home/michele/mltlsat/Benchmarks/random0/P0.95N4L40M100T100-2.mltl,0.02,15514.4,sat
/home/michele/mltlsat/Benchmarks/random0/P0.95N4L40M100T100-3.mltl,0.09,23139.2,sat
/home/michele/mltlsat/Benchmarks/random0/P0.95N4L40M100T100-4.mltl,0.894,24724.8,sat
/home/michele/mltlsat/Benchmarks/random0/P0.95N4L40M100T100-5.mltl,0.28,21608,sat
/home/michele/mltlsat/Benchmarks/random0/P0.95N4L40M100T100-6.mltl,0.01,12408,sat
/home/michele/mltlsat/Benchmarks/random0/P0.95N4L40M100T100-7.mltl,0.604,18586.4,sat
/home/michele/mltlsat/Benchmarks/random0/P0.95N4L40M100T100-8.mltl,-1,-1,TO
/home/michele/mltlsat/Benchmarks/random0/P0.95N4L40M100T100-9.mltl,0.0,9320,sat
/home/michele/mltlsat/Benchmarks/random0/P0.95N4L45M100T100-10.mltl,0.0,9330.4,sat
/home/michele/mltlsat/Benchmarks/random0/P0.95N4L45M100T100-1.mltl,0.16,64606.4,sat
/home/michele/mltlsat/Benchmarks/random0/P0.95N4L45M100T100-2.mltl,-1,-1,TO
/home/michele/mltlsat/Benchmarks/random0/P0.95N4L45M100T100-3.mltl,0.04,15196.8,sat
/home/michele/mltlsat/Benchmarks/random0/P0.95N4L45M100T100-4.mltl,0.0,7814.4,unsat
/home/michele/mltlsat/Benchmarks/random0/P0.95N4L45M100T100-5.mltl,-1,-1,TO
/home/michele/mltlsat/Benchmarks/random0/P0.95N4L45M100T100-6.mltl,0.09,16995.2,sat
/home/michele/mltlsat/Benchmarks/random0/P0.95N4L45M100T100-7.mltl,0.4,20071.2,sat
/home/michele/mltlsat/Benchmarks/random0/P0.95N4L45M100T100-8.mltl,0.0,7780,sat
/home/michele/mltlsat/Benchmarks/random0/P0.95N4L45M100T100-9.mltl,-1,-1,TO
/home/michele/mltlsat/Benchmarks/random0/P0.95N4L50M100T100-10.mltl,13.786,205650.4,sat
/home/michele/mltlsat/Benchmarks/random0/P0.95N4L50M100T100-1.mltl,0.74,18568.8,sat
/home/michele/mltlsat/Benchmarks/random0/P0.95N4L50M100T100-2.mltl,-1,-1,TO
/home/michele/mltlsat/Benchmarks/random0/P0.95N4L50M100T100-3.mltl,-1,-1,TO
/home/michele/mltlsat/Benchmarks/random0/P0.95N4L50M100T100-4.mltl,-1,-1,TO
/home/michele/mltlsat/Benchmarks/random0/P0.95N4L50M100T100-5.mltl,0.06,35460,sat
/home/michele/mltlsat/Benchmarks/random0/P0.95N4L50M100T100-6.mltl,-1,-1,TO
/home/michele/mltlsat/Benchmarks/random0/P0.95N4L50M100T100-7.mltl,-1,-1,TO
/home/michele/mltlsat/Benchmarks/random0/P0.95N4L50M100T100-8.mltl,0.02,12420,sat
/home/michele/mltlsat/Benchmarks/random0/P0.95N4L50M100T100-9.mltl,0.11,9324,sat
/home/michele/mltlsat/Benchmarks/random0/P0.95N4L55M100T100-10.mltl,0.0,7799.2,sat
/home/michele/mltlsat/Benchmarks/random0/P0.95N4L55M100T100-1.mltl,0.0,7814.4,sat
/home/michele/mltlsat/Benchmarks/random0/P0.95N4L55M100T100-2.mltl,0.0,7792,sat
/home/michele/mltlsat/Benchmarks/random0/P0.95N4L55M100T100-3.mltl,0.0,7799.2,sat
/home/michele/mltlsat/Benchmarks/random0/P0.95N4L55M100T100-4.mltl,0.0,7786.4,sat
/home/michele/mltlsat/Benchmarks/random0/P0.95N4L55M100T100-5.mltl,2.938,213317.6,sat
/home/michele/mltlsat/Benchmarks/random0/P0.95N4L55M100T100-6.mltl,-1,-1,TO
/home/michele/mltlsat/Benchmarks/random0/P0.95N4L55M100T100-7.mltl,-1,-1,TO
/home/michele/mltlsat/Benchmarks/random0/P0.95N4L55M100T100-8.mltl,1.09,55409.6,sat
/home/michele/mltlsat/Benchmarks/random0/P0.95N4L55M100T100-9.mltl,0.042,10884.8,sat
/home/michele/mltlsat/Benchmarks/random0/P0.95N4L5M100T100-10.mltl,0.0,7831.2,sat
/home/michele/mltlsat/Benchmarks/random0/P0.95N4L5M100T100-1.mltl,0.0,7796,sat
/home/michele/mltlsat/Benchmarks/random0/P0.95N4L5M100T100-2.mltl,0.0,7792.8,sat
/home/michele/mltlsat/Benchmarks/random0/P0.95N4L5M100T100-3.mltl,0.0,7801.6,sat
/home/michele/mltlsat/Benchmarks/random0/P0.95N4L5M100T100-4.mltl,0.0,7796,sat
/home/michele/mltlsat/Benchmarks/random0/P0.95N4L5M100T100-5.mltl,0.0,7807.2,sat
/home/michele/mltlsat/Benchmarks/random0/P0.95N4L5M100T100-6.mltl,0.0,7800,sat
/home/michele/mltlsat/Benchmarks/random0/P0.95N4L5M100T100-7.mltl,0.0,7790.4,sat
/home/michele/mltlsat/Benchmarks/random0/P0.95N4L5M100T100-8.mltl,0.0,7840.8,sat
/home/michele/mltlsat/Benchmarks/random0/P0.95N4L5M100T100-9.mltl,0.0,7832,sat
/home/michele/mltlsat/Benchmarks/random0/P0.95N4L60M100T100-10.mltl,0.01,12403.2,sat
/home/michele/mltlsat/Benchmarks/random0/P0.95N4L60M100T100-1.mltl,0.0,7833.6,sat
/home/michele/mltlsat/Benchmarks/random0/P0.95N4L60M100T100-2.mltl,82.82600000000001,92904,sat
/home/michele/mltlsat/Benchmarks/random0/P0.95N4L60M100T100-3.mltl,0.0,7822.4,sat
/home/michele/mltlsat/Benchmarks/random0/P0.95N4L60M100T100-4.mltl,-1,-1,TO
/home/michele/mltlsat/Benchmarks/random0/P0.95N4L60M100T100-5.mltl,0.0,7787.2,sat
/home/michele/mltlsat/Benchmarks/random0/P0.95N4L60M100T100-6.mltl,1.072,24700.8,sat
/home/michele/mltlsat/Benchmarks/random0/P0.95N4L60M100T100-7.mltl,67.63199999999999,248657.6,sat
/home/michele/mltlsat/Benchmarks/random0/P0.95N4L60M100T100-8.mltl,0.106,37004,sat
/home/michele/mltlsat/Benchmarks/random0/P0.95N4L60M100T100-9.mltl,-1,-1,TO
/home/michele/mltlsat/Benchmarks/random0/P0.95N4L65M100T100-10.mltl,1.294,60016,sat
/home/michele/mltlsat/Benchmarks/random0/P0.95N4L65M100T100-1.mltl,0.066,13954.4,sat
/home/michele/mltlsat/Benchmarks/random0/P0.95N4L65M100T100-2.mltl,-1,-1,TO
/home/michele/mltlsat/Benchmarks/random0/P0.95N4L65M100T100-3.mltl,0.04,18543.2,sat
/home/michele/mltlsat/Benchmarks/random0/P0.95N4L65M100T100-4.mltl,0.0,7788,sat
/home/michele/mltlsat/Benchmarks/random0/P0.95N4L65M100T100-5.mltl,2.622,35457.6,sat
/home/michele/mltlsat/Benchmarks/random0/P0.95N4L65M100T100-6.mltl,0.22,35489.6,sat
/home/michele/mltlsat/Benchmarks/random0/P0.95N4L65M100T100-7.mltl,-1,-1,TO
/home/michele/mltlsat/Benchmarks/random0/P0.95N4L65M100T100-8.mltl,11.23,172156.8,sat
/home/michele/mltlsat/Benchmarks/random0/P0.95N4L65M100T100-9.mltl,0.02,10872,sat
/home/michele/mltlsat/Benchmarks/random0/P0.95N4L70M100T100-10.mltl,-1,-1,TO
/home/michele/mltlsat/Benchmarks/random0/P0.95N4L70M100T100-1.mltl,-1,-1,TO
/home/michele/mltlsat/Benchmarks/random0/P0.95N4L70M100T100-2.mltl,1.276,69212.8,sat
/home/michele/mltlsat/Benchmarks/random0/P0.95N4L70M100T100-3.mltl,0.01,10858.4,sat
/home/michele/mltlsat/Benchmarks/random0/P0.95N4L70M100T100-4.mltl,-1,-1,TO
/home/michele/mltlsat/Benchmarks/random0/P0.95N4L70M100T100-5.mltl,0.01,13919.2,sat
/home/michele/mltlsat/Benchmarks/random0/P0.95N4L70M100T100-6.mltl,0.152,56975.2,sat
/home/michele/mltlsat/Benchmarks/random0/P0.95N4L70M100T100-7.mltl,1.112,47736,sat
/home/michele/mltlsat/Benchmarks/random0/P0.95N4L70M100T100-8.mltl,-1,-1,TO
/home/michele/mltlsat/Benchmarks/random0/P0.95N4L70M100T100-9.mltl,1.024,69232,sat
/home/michele/mltlsat/Benchmarks/random0/P0.95N4L75M100T100-10.mltl,-1,-1,TO
/home/michele/mltlsat/Benchmarks/random0/P0.95N4L75M100T100-1.mltl,77.134,106716.8,sat
/home/michele/mltlsat/Benchmarks/random0/P0.95N4L75M100T100-2.mltl,-1,-1,TO
/home/michele/mltlsat/Benchmarks/random0/P0.95N4L75M100T100-3.mltl,0.23800000000000002,35434.4,sat
/home/michele/mltlsat/Benchmarks/random0/P0.95N4L75M100T100-4.mltl,0.02,9302.4,sat
/home/michele/mltlsat/Benchmarks/random0/P0.95N4L75M100T100-5.mltl,21.348,56656.8,sat
/home/michele/mltlsat/Benchmarks/random0/P0.95N4L75M100T100-6.mltl,-1,-1,TO
/home/michele/mltlsat/Benchmarks/random0/P0.95N4L75M100T100-7.mltl,5.606,178934.4,sat
/home/michele/mltlsat/Benchmarks/random0/P0.95N4L75M100T100-8.mltl,-1,-1,TO
/home/michele/mltlsat/Benchmarks/random0/P0.95N4L75M100T100-9.mltl,-1,-1,TO
/home/michele/mltlsat/Benchmarks/random0/P0.95N4L80M100T100-10.mltl,0.0,7798.4,sat
/home/michele/mltlsat/Benchmarks/random0/P0.95N4L80M100T100-1.mltl,-1,-1,TO
/home/michele/mltlsat/Benchmarks/random0/P0.95N4L80M100T100-2.mltl,-1,-1,TO
/home/michele/mltlsat/Benchmarks/random0/P0.95N4L80M100T100-3.mltl,0.02,17000,sat
/home/michele/mltlsat/Benchmarks/random0/P0.95N4L80M100T100-4.mltl,0.06,23180.8,sat
/home/michele/mltlsat/Benchmarks/random0/P0.95N4L80M100T100-5.mltl,-1,-1,TO
/home/michele/mltlsat/Benchmarks/random0/P0.95N4L80M100T100-6.mltl,0.01,9320.8,sat
/home/michele/mltlsat/Benchmarks/random0/P0.95N4L80M100T100-7.mltl,0.262,99956.8,sat
/home/michele/mltlsat/Benchmarks/random0/P0.95N4L80M100T100-8.mltl,0.04,18552,sat
/home/michele/mltlsat/Benchmarks/random0/P0.95N4L80M100T100-9.mltl,0.04,24711.2,sat
/home/michele/mltlsat/Benchmarks/random0/P0.95N4L85M100T100-10.mltl,0.01,12414.4,sat
/home/michele/mltlsat/Benchmarks/random0/P0.95N4L85M100T100-1.mltl,0.252,121457.6,sat
/home/michele/mltlsat/Benchmarks/random0/P0.95N4L85M100T100-2.mltl,0.02,12404.8,sat
/home/michele/mltlsat/Benchmarks/random0/P0.95N4L85M100T100-3.mltl,25.824,69536,sat
/home/michele/mltlsat/Benchmarks/random0/P0.95N4L85M100T100-4.mltl,0.0,7780.8,sat
/home/michele/mltlsat/Benchmarks/random0/P0.95N4L85M100T100-5.mltl,0.06,30845.6,sat
/home/michele/mltlsat/Benchmarks/random0/P0.95N4L85M100T100-6.mltl,-1,-1,TO
/home/michele/mltlsat/Benchmarks/random0/P0.95N4L85M100T100-7.mltl,0.028,21664.8,sat
/home/michele/mltlsat/Benchmarks/random0/P0.95N4L85M100T100-8.mltl,-1,-1,TO
/home/michele/mltlsat/Benchmarks/random0/P0.95N4L85M100T100-9.mltl,1.292,24698.4,sat
/home/michele/mltlsat/Benchmarks/random0/P0.95N4L90M100T100-10.mltl,0.0,9347.2,sat
/home/michele/mltlsat/Benchmarks/random0/P0.95N4L90M100T100-1.mltl,-1,-1,TO
/home/michele/mltlsat/Benchmarks/random0/P0.95N4L90M100T100-2.mltl,0.0,7777.6,sat
/home/michele/mltlsat/Benchmarks/random0/P0.95N4L90M100T100-3.mltl,-1,-1,TO
/home/michele/mltlsat/Benchmarks/random0/P0.95N4L90M100T100-4.mltl,0.0,7803.2,sat
/home/michele/mltlsat/Benchmarks/random0/P0.95N4L90M100T100-5.mltl,0.0,7792.8,sat
/home/michele/mltlsat/Benchmarks/random0/P0.95N4L90M100T100-6.mltl,0.772,39441.6,sat
/home/michele/mltlsat/Benchmarks/random0/P0.95N4L90M100T100-7.mltl,-1,-1,TO
/home/michele/mltlsat/Benchmarks/random0/P0.95N4L90M100T100-8.mltl,0.0,9368.8,sat
/home/michele/mltlsat/Benchmarks/random0/P0.95N4L90M100T100-9.mltl,-1,-1,TO
/home/michele/mltlsat/Benchmarks/random0/P0.95N4L95M100T100-10.mltl,-1,-1,TO
/home/michele/mltlsat/Benchmarks/random0/P0.95N4L95M100T100-1.mltl,0.0,7793.6,sat
/home/michele/mltlsat/Benchmarks/random0/P0.95N4L95M100T100-2.mltl,0.712,104555.2,sat
/home/michele/mltlsat/Benchmarks/random0/P0.95N4L95M100T100-3.mltl,0.0,7784.8,sat
/home/michele/mltlsat/Benchmarks/random0/P0.95N4L95M100T100-4.mltl,-1,-1,TO
/home/michele/mltlsat/Benchmarks/random0/P0.95N4L95M100T100-5.mltl,12.548,1639939.2,sat
/home/michele/mltlsat/Benchmarks/random0/P0.95N4L95M100T100-6.mltl,0.0,9348.8,sat
/home/michele/mltlsat/Benchmarks/random0/P0.95N4L95M100T100-7.mltl,0.0,7808.8,sat
/home/michele/mltlsat/Benchmarks/random0/P0.95N4L95M100T100-8.mltl,11.502,65544,sat
/home/michele/mltlsat/Benchmarks/random0/P0.95N4L95M100T100-9.mltl,0.0,7809.6,sat
/home/michele/mltlsat/Benchmarks/random0/P0.95N5L100M100T100-10.mltl,0.0,7789.6,sat
/home/michele/mltlsat/Benchmarks/random0/P0.95N5L100M100T100-1.mltl,-1,-1,TO
/home/michele/mltlsat/Benchmarks/random0/P0.95N5L100M100T100-2.mltl,115.06,2438339.2,sat
/home/michele/mltlsat/Benchmarks/random0/P0.95N5L100M100T100-3.mltl,2.706,75423.2,sat
/home/michele/mltlsat/Benchmarks/random0/P0.95N5L100M100T100-4.mltl,-1,-1,TO
/home/michele/mltlsat/Benchmarks/random0/P0.95N5L100M100T100-5.mltl,-1,-1,TO
/home/michele/mltlsat/Benchmarks/random0/P0.95N5L100M100T100-6.mltl,-1,-1,TO
/home/michele/mltlsat/Benchmarks/random0/P0.95N5L100M100T100-7.mltl,-1,-1,TO
/home/michele/mltlsat/Benchmarks/random0/P0.95N5L100M100T100-8.mltl,13.542,475957.6,sat
/home/michele/mltlsat/Benchmarks/random0/P0.95N5L100M100T100-9.mltl,0.01,9334.4,sat
/home/michele/mltlsat/Benchmarks/random0/P0.95N5L10M100T100-10.mltl,0.018000000000000002,9340,sat
/home/michele/mltlsat/Benchmarks/random0/P0.95N5L10M100T100-1.mltl,0.0,7805.6,sat
/home/michele/mltlsat/Benchmarks/random0/P0.95N5L10M100T100-2.mltl,0.0,9338.4,sat
/home/michele/mltlsat/Benchmarks/random0/P0.95N5L10M100T100-3.mltl,0.0,7811.2,sat
/home/michele/mltlsat/Benchmarks/random0/P0.95N5L10M100T100-4.mltl,0.0,9342.4,sat
/home/michele/mltlsat/Benchmarks/random0/P0.95N5L10M100T100-5.mltl,0.0,9337.6,sat
/home/michele/mltlsat/Benchmarks/random0/P0.95N5L10M100T100-6.mltl,0.0,7786.4,sat
/home/michele/mltlsat/Benchmarks/random0/P0.95N5L10M100T100-7.mltl,0.0,9312,sat
/home/michele/mltlsat/Benchmarks/random0/P0.95N5L10M100T100-8.mltl,0.03,10563.2,sat
/home/michele/mltlsat/Benchmarks/random0/P0.95N5L10M100T100-9.mltl,0.0,7801.6,sat
/home/michele/mltlsat/Benchmarks/random0/P0.95N5L15M100T100-10.mltl,0.0,7799.2,sat
/home/michele/mltlsat/Benchmarks/random0/P0.95N5L15M100T100-1.mltl,0.01,9340.8,sat
/home/michele/mltlsat/Benchmarks/random0/P0.95N5L15M100T100-2.mltl,0.0,7781.6,sat
/home/michele/mltlsat/Benchmarks/random0/P0.95N5L15M100T100-3.mltl,0.01,9356,sat
/home/michele/mltlsat/Benchmarks/random0/P0.95N5L15M100T100-4.mltl,0.0,7804.8,sat
/home/michele/mltlsat/Benchmarks/random0/P0.95N5L15M100T100-5.mltl,0.02,15442.4,sat
/home/michele/mltlsat/Benchmarks/random0/P0.95N5L15M100T100-6.mltl,0.04,16687.2,sat
/home/michele/mltlsat/Benchmarks/random0/P0.95N5L15M100T100-7.mltl,0.0,7796,sat
/home/michele/mltlsat/Benchmarks/random0/P0.95N5L15M100T100-8.mltl,0.01,12411.2,sat
/home/michele/mltlsat/Benchmarks/random0/P0.95N5L15M100T100-9.mltl,0.0,9332.8,sat
/home/michele/mltlsat/Benchmarks/random0/P0.95N5L20M100T100-10.mltl,0.118,13919.2,sat
/home/michele/mltlsat/Benchmarks/random0/P0.95N5L20M100T100-1.mltl,0.01,9353.6,sat
/home/michele/mltlsat/Benchmarks/random0/P0.95N5L20M100T100-2.mltl,0.0,7786.4,sat
/home/michele/mltlsat/Benchmarks/random0/P0.95N5L20M100T100-3.mltl,0.0,9320,sat
/home/michele/mltlsat/Benchmarks/random0/P0.95N5L20M100T100-4.mltl,0.05,12416,sat
/home/michele/mltlsat/Benchmarks/random0/P0.95N5L20M100T100-5.mltl,0.05,15463.2,sat
/home/michele/mltlsat/Benchmarks/random0/P0.95N5L20M100T100-6.mltl,0.17200000000000001,10870.4,sat
/home/michele/mltlsat/Benchmarks/random0/P0.95N5L20M100T100-7.mltl,0.0,7795.2,sat
/home/michele/mltlsat/Benchmarks/random0/P0.95N5L20M100T100-8.mltl,0.0,7793.6,sat
/home/michele/mltlsat/Benchmarks/random0/P0.95N5L20M100T100-9.mltl,0.0,7796,sat
/home/michele/mltlsat/Benchmarks/random0/P0.95N5L25M100T100-10.mltl,0.996,15484,sat
/home/michele/mltlsat/Benchmarks/random0/P0.95N5L25M100T100-1.mltl,0.03,9344,sat
/home/michele/mltlsat/Benchmarks/random0/P0.95N5L25M100T100-2.mltl,0.01,9337.6,sat
/home/michele/mltlsat/Benchmarks/random0/P0.95N5L25M100T100-3.mltl,0.0,7807.2,sat
/home/michele/mltlsat/Benchmarks/random0/P0.95N5L25M100T100-4.mltl,0.596,23178.4,sat
/home/michele/mltlsat/Benchmarks/random0/P0.95N5L25M100T100-5.mltl,0.01,9321.6,sat
/home/michele/mltlsat/Benchmarks/random0/P0.95N5L25M100T100-6.mltl,0.082,12400,sat
/home/michele/mltlsat/Benchmarks/random0/P0.95N5L25M100T100-7.mltl,0.03,15448.8,sat
/home/michele/mltlsat/Benchmarks/random0/P0.95N5L25M100T100-8.mltl,1.074,18538.4,sat
/home/michele/mltlsat/Benchmarks/random0/P0.95N5L25M100T100-9.mltl,0.0,10846.4,sat
/home/michele/mltlsat/Benchmarks/random0/P0.95N5L30M100T100-10.mltl,0.0,7796.8,sat
/home/michele/mltlsat/Benchmarks/random0/P0.95N5L30M100T100-1.mltl,0.004,9340,sat
/home/michele/mltlsat/Benchmarks/random0/P0.95N5L30M100T100-2.mltl,0.02,10865.6,sat
/home/michele/mltlsat/Benchmarks/random0/P0.95N5L30M100T100-3.mltl,1.612,24686.4,sat
/home/michele/mltlsat/Benchmarks/random0/P0.95N5L30M100T100-4.mltl,0.0,9320.8,sat
/home/michele/mltlsat/Benchmarks/random0/P0.95N5L30M100T100-5.mltl,0.21,18557.6,sat
/home/michele/mltlsat/Benchmarks/random0/P0.95N5L30M100T100-6.mltl,0.064,20072.8,sat
/home/michele/mltlsat/Benchmarks/random0/P0.95N5L30M100T100-7.mltl,0.018000000000000002,9364.8,sat
/home/michele/mltlsat/Benchmarks/random0/P0.95N5L30M100T100-8.mltl,0.358,27771.2,sat
/home/michele/mltlsat/Benchmarks/random0/P0.95N5L30M100T100-9.mltl,0.02,9331.2,sat
/home/michele/mltlsat/Benchmarks/random0/P0.95N5L35M100T100-10.mltl,0.0,9341.6,sat
/home/michele/mltlsat/Benchmarks/random0/P0.95N5L35M100T100-1.mltl,-1,-1,TO
/home/michele/mltlsat/Benchmarks/random0/P0.95N5L35M100T100-2.mltl,0.0,9339.2,sat
/home/michele/mltlsat/Benchmarks/random0/P0.95N5L35M100T100-3.mltl,0.01,13620.8,sat
/home/michele/mltlsat/Benchmarks/random0/P0.95N5L35M100T100-4.mltl,0.202,20054.4,sat
/home/michele/mltlsat/Benchmarks/random0/P0.95N5L35M100T100-5.mltl,0.33,15502.4,sat
/home/michele/mltlsat/Benchmarks/random0/P0.95N5L35M100T100-6.mltl,10.11,27795.2,sat
/home/michele/mltlsat/Benchmarks/random0/P0.95N5L35M100T100-7.mltl,0.0,7808,sat
/home/michele/mltlsat/Benchmarks/random0/P0.95N5L35M100T100-8.mltl,0.0,7797.6,sat
/home/michele/mltlsat/Benchmarks/random0/P0.95N5L35M100T100-9.mltl,1.936,64622.4,sat
/home/michele/mltlsat/Benchmarks/random0/P0.95N5L40M100T100-10.mltl,0.0,7789.6,sat
/home/michele/mltlsat/Benchmarks/random0/P0.95N5L40M100T100-1.mltl,-1,-1,TO
/home/michele/mltlsat/Benchmarks/random0/P0.95N5L40M100T100-2.mltl,7.318,55392,sat
/home/michele/mltlsat/Benchmarks/random0/P0.95N5L40M100T100-3.mltl,0.01,9346.4,sat
/home/michele/mltlsat/Benchmarks/random0/P0.95N5L40M100T100-4.mltl,0.0,7791.2,sat
/home/michele/mltlsat/Benchmarks/random0/P0.95N5L40M100T100-5.mltl,0.0,9324,sat
/home/michele/mltlsat/Benchmarks/random0/P0.95N5L40M100T100-6.mltl,0.02,12452,sat
/home/michele/mltlsat/Benchmarks/random0/P0.95N5L40M100T100-7.mltl,0.28600000000000003,32070.4,sat
/home/michele/mltlsat/Benchmarks/random0/P0.95N5L40M100T100-8.mltl,5.42,33599.2,sat
/home/michele/mltlsat/Benchmarks/random0/P0.95N5L40M100T100-9.mltl,0.01,9343.2,sat
/home/michele/mltlsat/Benchmarks/random0/P0.95N5L45M100T100-10.mltl,1.302,50798.4,sat
/home/michele/mltlsat/Benchmarks/random0/P0.95N5L45M100T100-1.mltl,0.02,18531.2,sat
/home/michele/mltlsat/Benchmarks/random0/P0.95N5L45M100T100-2.mltl,0.01,9332.8,sat
/home/michele/mltlsat/Benchmarks/random0/P0.95N5L45M100T100-3.mltl,-1,-1,TO
/home/michele/mltlsat/Benchmarks/random0/P0.95N5L45M100T100-4.mltl,0.0,7777.6,sat
/home/michele/mltlsat/Benchmarks/random0/P0.95N5L45M100T100-5.mltl,0.01,10560,sat
/home/michele/mltlsat/Benchmarks/random0/P0.95N5L45M100T100-6.mltl,0.0,7764,sat
/home/michele/mltlsat/Benchmarks/random0/P0.95N5L45M100T100-7.mltl,0.03,15195.2,sat
/home/michele/mltlsat/Benchmarks/random0/P0.95N5L45M100T100-8.mltl,1.304,695940,sat
/home/michele/mltlsat/Benchmarks/random0/P0.95N5L45M100T100-9.mltl,0.002,10886.4,sat
/home/michele/mltlsat/Benchmarks/random0/P0.95N5L50M100T100-10.mltl,5.772,13958.4,sat
/home/michele/mltlsat/Benchmarks/random0/P0.95N5L50M100T100-1.mltl,39.17,75675.2,sat
/home/michele/mltlsat/Benchmarks/random0/P0.95N5L50M100T100-2.mltl,-1,-1,TO
/home/michele/mltlsat/Benchmarks/random0/P0.95N5L50M100T100-3.mltl,-1,-1,TO
/home/michele/mltlsat/Benchmarks/random0/P0.95N5L50M100T100-4.mltl,0.0,7807.2,sat
/home/michele/mltlsat/Benchmarks/random0/P0.95N5L50M100T100-5.mltl,0.762,21629.6,sat
/home/michele/mltlsat/Benchmarks/random0/P0.95N5L50M100T100-6.mltl,0.0,7800.8,sat
/home/michele/mltlsat/Benchmarks/random0/P0.95N5L50M100T100-7.mltl,0.0,9354.4,sat
/home/michele/mltlsat/Benchmarks/random0/P0.95N5L50M100T100-8.mltl,0.0,10871.2,sat
/home/michele/mltlsat/Benchmarks/random0/P0.95N5L50M100T100-9.mltl,-1,-1,TO
/home/michele/mltlsat/Benchmarks/random0/P0.95N5L55M100T100-10.mltl,0.01,9328,sat
/home/michele/mltlsat/Benchmarks/random0/P0.95N5L55M100T100-1.mltl,0.0,7813.6,sat
/home/michele/mltlsat/Benchmarks/random0/P0.95N5L55M100T100-2.mltl,0.018000000000000002,15482.4,sat
/home/michele/mltlsat/Benchmarks/random0/P0.95N5L55M100T100-3.mltl,0.0,9349.6,sat
/home/michele/mltlsat/Benchmarks/random0/P0.95N5L55M100T100-4.mltl,-1,-1,OOM
/home/michele/mltlsat/Benchmarks/random0/P0.95N5L55M100T100-5.mltl,-1,-1,TO
/home/michele/mltlsat/Benchmarks/random0/P0.95N5L55M100T100-6.mltl,0.01,12400,sat
/home/michele/mltlsat/Benchmarks/random0/P0.95N5L55M100T100-7.mltl,17.764,57572,sat
/home/michele/mltlsat/Benchmarks/random0/P0.95N5L55M100T100-8.mltl,-1,-1,TO
/home/michele/mltlsat/Benchmarks/random0/P0.95N5L55M100T100-9.mltl,0.06,15467.2,sat
/home/michele/mltlsat/Benchmarks/random0/P0.95N5L5M100T100-10.mltl,0.0,7793.6,sat
/home/michele/mltlsat/Benchmarks/random0/P0.95N5L5M100T100-1.mltl,0.0,9320,sat
/home/michele/mltlsat/Benchmarks/random0/P0.95N5L5M100T100-2.mltl,0.0,7785.6,sat
/home/michele/mltlsat/Benchmarks/random0/P0.95N5L5M100T100-3.mltl,0.01,9334.4,sat
/home/michele/mltlsat/Benchmarks/random0/P0.95N5L5M100T100-4.mltl,0.0,7783.2,sat
/home/michele/mltlsat/Benchmarks/random0/P0.95N5L5M100T100-5.mltl,0.0,7796,sat
/home/michele/mltlsat/Benchmarks/random0/P0.95N5L5M100T100-6.mltl,0.0,7795.2,sat
/home/michele/mltlsat/Benchmarks/random0/P0.95N5L5M100T100-7.mltl,0.0,7794.4,sat
/home/michele/mltlsat/Benchmarks/random0/P0.95N5L5M100T100-8.mltl,0.0,7802.4,sat
/home/michele/mltlsat/Benchmarks/random0/P0.95N5L5M100T100-9.mltl,0.0,7840,sat
/home/michele/mltlsat/Benchmarks/random0/P0.95N5L60M100T100-10.mltl,-1,-1,TO
/home/michele/mltlsat/Benchmarks/random0/P0.95N5L60M100T100-1.mltl,3.952,111333.6,sat
/home/michele/mltlsat/Benchmarks/random0/P0.95N5L60M100T100-2.mltl,-1,-1,TO
/home/michele/mltlsat/Benchmarks/random0/P0.95N5L60M100T100-3.mltl,0.0,9307.2,sat
/home/michele/mltlsat/Benchmarks/random0/P0.95N5L60M100T100-4.mltl,1.792,23150.4,sat
/home/michele/mltlsat/Benchmarks/random0/P0.95N5L60M100T100-5.mltl,0.0,7795.2,sat
/home/michele/mltlsat/Benchmarks/random0/P0.95N5L60M100T100-6.mltl,0.03,10561.6,sat
/home/michele/mltlsat/Benchmarks/random0/P0.95N5L60M100T100-7.mltl,0.01,10857.6,sat
/home/michele/mltlsat/Benchmarks/random0/P0.95N5L60M100T100-8.mltl,0.302,44678.4,sat
/home/michele/mltlsat/Benchmarks/random0/P0.95N5L60M100T100-9.mltl,-1,-1,OOM
/home/michele/mltlsat/Benchmarks/random0/P0.95N5L65M100T100-10.mltl,0.714,141438.4,sat
/home/michele/mltlsat/Benchmarks/random0/P0.95N5L65M100T100-1.mltl,-1,-1,TO
/home/michele/mltlsat/Benchmarks/random0/P0.95N5L65M100T100-2.mltl,-1,-1,TO
/home/michele/mltlsat/Benchmarks/random0/P0.95N5L65M100T100-3.mltl,0.028,13939.2,sat
/home/michele/mltlsat/Benchmarks/random0/P0.95N5L65M100T100-4.mltl,0.0,7810.4,sat
/home/michele/mltlsat/Benchmarks/random0/P0.95N5L65M100T100-5.mltl,0.07,13964.8,sat
/home/michele/mltlsat/Benchmarks/random0/P0.95N5L65M100T100-6.mltl,0.11,16998.4,sat
/home/michele/mltlsat/Benchmarks/random0/P0.95N5L65M100T100-7.mltl,0.0,7790.4,sat
/home/michele/mltlsat/Benchmarks/random0/P0.95N5L65M100T100-8.mltl,1.2,20088,sat
/home/michele/mltlsat/Benchmarks/random0/P0.95N5L65M100T100-9.mltl,0.0,7791.2,sat
/home/michele/mltlsat/Benchmarks/random0/P0.95N5L70M100T100-10.mltl,-1,-1,TO
/home/michele/mltlsat/Benchmarks/random0/P0.95N5L70M100T100-1.mltl,0.0,10875.2,sat
/home/michele/mltlsat/Benchmarks/random0/P0.95N5L70M100T100-2.mltl,0.096,10876.8,sat
/home/michele/mltlsat/Benchmarks/random0/P0.95N5L70M100T100-3.mltl,3.88,30541.6,sat
/home/michele/mltlsat/Benchmarks/random0/P0.95N5L70M100T100-4.mltl,1.336,58480.8,sat
/home/michele/mltlsat/Benchmarks/random0/P0.95N5L70M100T100-5.mltl,0.004,10880.8,sat
/home/michele/mltlsat/Benchmarks/random0/P0.95N5L70M100T100-6.mltl,56.782,53567.2,sat
/home/michele/mltlsat/Benchmarks/random0/P0.95N5L70M100T100-7.mltl,0.10200000000000001,27780.8,sat
/home/michele/mltlsat/Benchmarks/random0/P0.95N5L70M100T100-8.mltl,4.716,456271.2,sat
/home/michele/mltlsat/Benchmarks/random0/P0.95N5L70M100T100-9.mltl,0.0,7800.8,sat
/home/michele/mltlsat/Benchmarks/random0/P0.95N5L75M100T100-10.mltl,0.07,18574.4,sat
/home/michele/mltlsat/Benchmarks/random0/P0.95N5L75M100T100-1.mltl,0.0,9350.4,sat
/home/michele/mltlsat/Benchmarks/random0/P0.95N5L75M100T100-2.mltl,0.02,10866.4,sat
/home/michele/mltlsat/Benchmarks/random0/P0.95N5L75M100T100-3.mltl,0.0,7824.8,sat
/home/michele/mltlsat/Benchmarks/random0/P0.95N5L75M100T100-4.mltl,0.01,10549.6,sat
/home/michele/mltlsat/Benchmarks/random0/P0.95N5L75M100T100-5.mltl,0.188,29304,sat
/home/michele/mltlsat/Benchmarks/random0/P0.95N5L75M100T100-6.mltl,96.088,44952.8,sat
/home/michele/mltlsat/Benchmarks/random0/P0.95N5L75M100T100-7.mltl,-1,-1,TO
/home/michele/mltlsat/Benchmarks/random0/P0.95N5L75M100T100-8.mltl,0.11,26215.2,sat
/home/michele/mltlsat/Benchmarks/random0/P0.95N5L75M100T100-9.mltl,0.002,9335.2,sat
/home/michele/mltlsat/Benchmarks/random0/P0.95N5L80M100T100-10.mltl,0.04,12376,sat
/home/michele/mltlsat/Benchmarks/random0/P0.95N5L80M100T100-1.mltl,0.042,20088.8,sat
/home/michele/mltlsat/Benchmarks/random0/P0.95N5L80M100T100-2.mltl,38.58,254176,sat
/home/michele/mltlsat/Benchmarks/random0/P0.95N5L80M100T100-3.mltl,75.724,160476.8,sat
/home/michele/mltlsat/Benchmarks/random0/P0.95N5L80M100T100-4.mltl,0.18,29308.8,sat
/home/michele/mltlsat/Benchmarks/random0/P0.95N5L80M100T100-5.mltl,0.0,7819.2,sat
/home/michele/mltlsat/Benchmarks/random0/P0.95N5L80M100T100-6.mltl,0.832,30532,sat
/home/michele/mltlsat/Benchmarks/random0/P0.95N5L80M100T100-7.mltl,-1,-1,TO
/home/michele/mltlsat/Benchmarks/random0/P0.95N5L80M100T100-8.mltl,0.358,135280.8,sat
/home/michele/mltlsat/Benchmarks/random0/P0.95N5L80M100T100-9.mltl,0.0,7810.4,sat
/home/michele/mltlsat/Benchmarks/random0/P0.95N5L85M100T100-10.mltl,0.112,36969.6,sat
/home/michele/mltlsat/Benchmarks/random0/P0.95N5L85M100T100-1.mltl,0.01,12410.4,sat
/home/michele/mltlsat/Benchmarks/random0/P0.95N5L85M100T100-2.mltl,-1,-1,TO
/home/michele/mltlsat/Benchmarks/random0/P0.95N5L85M100T100-3.mltl,0.01,12404,sat
/home/michele/mltlsat/Benchmarks/random0/P0.95N5L85M100T100-4.mltl,0.0,7798.4,sat
/home/michele/mltlsat/Benchmarks/random0/P0.95N5L85M100T100-5.mltl,-1,-1,TO
/home/michele/mltlsat/Benchmarks/random0/P0.95N5L85M100T100-6.mltl,0.12,10878.4,sat
/home/michele/mltlsat/Benchmarks/random0/P0.95N5L85M100T100-7.mltl,-1,-1,TO
/home/michele/mltlsat/Benchmarks/random0/P0.95N5L85M100T100-8.mltl,-1,-1,TO
/home/michele/mltlsat/Benchmarks/random0/P0.95N5L85M100T100-9.mltl,3.158,37010.4,sat
/home/michele/mltlsat/Benchmarks/random0/P0.95N5L90M100T100-10.mltl,0.0,7811.2,sat
/home/michele/mltlsat/Benchmarks/random0/P0.95N5L90M100T100-1.mltl,0.178,67704,sat
/home/michele/mltlsat/Benchmarks/random0/P0.95N5L90M100T100-2.mltl,0.026,18562.4,sat
/home/michele/mltlsat/Benchmarks/random0/P0.95N5L90M100T100-3.mltl,0.29,12400.8,sat
/home/michele/mltlsat/Benchmarks/random0/P0.95N5L90M100T100-4.mltl,0.01,13960.8,sat
/home/michele/mltlsat/Benchmarks/random0/P0.95N5L90M100T100-5.mltl,0.0,9358.4,sat
/home/michele/mltlsat/Benchmarks/random0/P0.95N5L90M100T100-6.mltl,0.0,7838.4,sat
/home/michele/mltlsat/Benchmarks/random0/P0.95N5L90M100T100-7.mltl,1.01,33915.2,sat
/home/michele/mltlsat/Benchmarks/random0/P0.95N5L90M100T100-8.mltl,0.0,9316,sat
/home/michele/mltlsat/Benchmarks/random0/P0.95N5L90M100T100-9.mltl,0.08,36972,sat
/home/michele/mltlsat/Benchmarks/random0/P0.95N5L95M100T100-10.mltl,6.23,102411.2,sat
/home/michele/mltlsat/Benchmarks/random0/P0.95N5L95M100T100-1.mltl,0.06,21623.2,sat
/home/michele/mltlsat/Benchmarks/random0/P0.95N5L95M100T100-2.mltl,1.61,27774.4,sat
/home/michele/mltlsat/Benchmarks/random0/P0.95N5L95M100T100-3.mltl,4.128,102076.8,sat
/home/michele/mltlsat/Benchmarks/random0/P0.95N5L95M100T100-4.mltl,0.13,47716.8,sat
/home/michele/mltlsat/Benchmarks/random0/P0.95N5L95M100T100-5.mltl,-1,-1,TO
/home/michele/mltlsat/Benchmarks/random0/P0.95N5L95M100T100-6.mltl,-1,-1,TO
/home/michele/mltlsat/Benchmarks/random0/P0.95N5L95M100T100-7.mltl,8.802,24683.2,sat
/home/michele/mltlsat/Benchmarks/random0/P0.95N5L95M100T100-8.mltl,0.06,30832,sat
/home/michele/mltlsat/Benchmarks/random0/P0.95N5L95M100T100-9.mltl,0.092,30858.4,sat
