Name,Time (s),Total memory (KiB),Result
/home/michele/mltlsat/Benchmarks/random0/P0.333333333333333N1L100M100T100-10.mltl,0.352,17014.4,sat
/home/michele/mltlsat/Benchmarks/random0/P0.333333333333333N1L100M100T100-1.mltl,0.348,16993.6,sat
/home/michele/mltlsat/Benchmarks/random0/P0.333333333333333N1L100M100T100-2.mltl,0.36,16989.6,sat
/home/michele/mltlsat/Benchmarks/random0/P0.333333333333333N1L100M100T100-3.mltl,0.372,35542.4,unsat
/home/michele/mltlsat/Benchmarks/random0/P0.333333333333333N1L100M100T100-4.mltl,0.348,16999.2,sat
/home/michele/mltlsat/Benchmarks/random0/P0.333333333333333N1L100M100T100-5.mltl,0.362,23144.8,sat
/home/michele/mltlsat/Benchmarks/random0/P0.333333333333333N1L100M100T100-6.mltl,0.364,19807.2,sat
/home/michele/mltlsat/Benchmarks/random0/P0.333333333333333N1L100M100T100-7.mltl,0.344,17007.2,sat
/home/michele/mltlsat/Benchmarks/random0/P0.333333333333333N1L100M100T100-8.mltl,0.358,17015.2,sat
/home/michele/mltlsat/Benchmarks/random0/P0.333333333333333N1L100M100T100-9.mltl,0.358,17016,sat
/home/michele/mltlsat/Benchmarks/random0/P0.333333333333333N1L10M100T100-10.mltl,0.348,16977.6,sat
/home/michele/mltlsat/Benchmarks/random0/P0.333333333333333N1L10M100T100-1.mltl,0.358,16994.4,unsat
/home/michele/mltlsat/Benchmarks/random0/P0.333333333333333N1L10M100T100-2.mltl,0.364,17008,sat
/home/michele/mltlsat/Benchmarks/random0/P0.333333333333333N1L10M100T100-3.mltl,0.36,17001.6,sat
/home/michele/mltlsat/Benchmarks/random0/P0.333333333333333N1L10M100T100-4.mltl,0.356,17008,sat
/home/michele/mltlsat/Benchmarks/random0/P0.333333333333333N1L10M100T100-5.mltl,0.358,19776,sat
/home/michele/mltlsat/Benchmarks/random0/P0.333333333333333N1L10M100T100-6.mltl,0.372,20070.4,sat
/home/michele/mltlsat/Benchmarks/random0/P0.333333333333333N1L10M100T100-7.mltl,0.366,20405.6,sat
/home/michele/mltlsat/Benchmarks/random0/P0.333333333333333N1L10M100T100-8.mltl,0.36,17020,sat
/home/michele/mltlsat/Benchmarks/random0/P0.333333333333333N1L10M100T100-9.mltl,0.36,17000.8,unsat
/home/michele/mltlsat/Benchmarks/random0/P0.333333333333333N1L15M100T100-10.mltl,0.36,17003.2,sat
/home/michele/mltlsat/Benchmarks/random0/P0.333333333333333N1L15M100T100-1.mltl,0.35,16986.4,sat
/home/michele/mltlsat/Benchmarks/random0/P0.333333333333333N1L15M100T100-2.mltl,0.346,16994.4,sat
/home/michele/mltlsat/Benchmarks/random0/P0.333333333333333N1L15M100T100-3.mltl,0.34800000000000003,17014.4,sat
/home/michele/mltlsat/Benchmarks/random0/P0.333333333333333N1L15M100T100-4.mltl,0.348,16987.2,unsat
/home/michele/mltlsat/Benchmarks/random0/P0.333333333333333N1L15M100T100-5.mltl,0.35,17022.4,sat
/home/michele/mltlsat/Benchmarks/random0/P0.333333333333333N1L15M100T100-6.mltl,0.34,17012.8,sat
/home/michele/mltlsat/Benchmarks/random0/P0.333333333333333N1L15M100T100-7.mltl,0.348,16996.8,unsat
/home/michele/mltlsat/Benchmarks/random0/P0.333333333333333N1L15M100T100-8.mltl,0.34800000000000003,20424,sat
/home/michele/mltlsat/Benchmarks/random0/P0.333333333333333N1L15M100T100-9.mltl,0.352,21048.8,sat
/home/michele/mltlsat/Benchmarks/random0/P0.333333333333333N1L20M100T100-10.mltl,0.35,16996.8,sat
/home/michele/mltlsat/Benchmarks/random0/P0.333333333333333N1L20M100T100-1.mltl,0.342,17014.4,sat
/home/michele/mltlsat/Benchmarks/random0/P0.333333333333333N1L20M100T100-2.mltl,0.344,17030.4,unsat
/home/michele/mltlsat/Benchmarks/random0/P0.333333333333333N1L20M100T100-3.mltl,0.346,17019.2,sat
/home/michele/mltlsat/Benchmarks/random0/P0.333333333333333N1L20M100T100-4.mltl,0.35,17022.4,sat
/home/michele/mltlsat/Benchmarks/random0/P0.333333333333333N1L20M100T100-5.mltl,0.33999999999999997,17021.6,unsat
/home/michele/mltlsat/Benchmarks/random0/P0.333333333333333N1L20M100T100-6.mltl,0.354,17013.6,sat
/home/michele/mltlsat/Benchmarks/random0/P0.333333333333333N1L20M100T100-7.mltl,0.358,17000.8,sat
/home/michele/mltlsat/Benchmarks/random0/P0.333333333333333N1L20M100T100-8.mltl,0.356,16707.2,unsat
/home/michele/mltlsat/Benchmarks/random0/P0.333333333333333N1L20M100T100-9.mltl,0.36,17314.4,sat
/home/michele/mltlsat/Benchmarks/random0/P0.333333333333333N1L25M100T100-10.mltl,0.366,17028.8,sat
/home/michele/mltlsat/Benchmarks/random0/P0.333333333333333N1L25M100T100-1.mltl,0.368,17006.4,sat
/home/michele/mltlsat/Benchmarks/random0/P0.333333333333333N1L25M100T100-2.mltl,0.362,17030.4,unsat
/home/michele/mltlsat/Benchmarks/random0/P0.333333333333333N1L25M100T100-3.mltl,0.36,17000,sat
/home/michele/mltlsat/Benchmarks/random0/P0.333333333333333N1L25M100T100-4.mltl,0.372,17014.4,sat
/home/michele/mltlsat/Benchmarks/random0/P0.333333333333333N1L25M100T100-5.mltl,0.372,17021.6,sat
/home/michele/mltlsat/Benchmarks/random0/P0.333333333333333N1L25M100T100-6.mltl,0.382,17000.8,sat
/home/michele/mltlsat/Benchmarks/random0/P0.333333333333333N1L25M100T100-7.mltl,0.368,16997.6,sat
/home/michele/mltlsat/Benchmarks/random0/P0.333333333333333N1L25M100T100-8.mltl,0.366,17014.4,sat
/home/michele/mltlsat/Benchmarks/random0/P0.333333333333333N1L25M100T100-9.mltl,0.37,17005.6,sat
/home/michele/mltlsat/Benchmarks/random0/P0.333333333333333N1L30M100T100-10.mltl,0.37,17026.4,sat
/home/michele/mltlsat/Benchmarks/random0/P0.333333333333333N1L30M100T100-1.mltl,0.378,17012,sat
/home/michele/mltlsat/Benchmarks/random0/P0.333333333333333N1L30M100T100-2.mltl,0.378,17015.2,sat
/home/michele/mltlsat/Benchmarks/random0/P0.333333333333333N1L30M100T100-3.mltl,0.388,16998.4,sat
/home/michele/mltlsat/Benchmarks/random0/P0.333333333333333N1L30M100T100-4.mltl,0.386,17008.8,sat
/home/michele/mltlsat/Benchmarks/random0/P0.333333333333333N1L30M100T100-5.mltl,0.388,16680.8,sat
/home/michele/mltlsat/Benchmarks/random0/P0.333333333333333N1L30M100T100-6.mltl,0.386,16992,unsat
/home/michele/mltlsat/Benchmarks/random0/P0.333333333333333N1L30M100T100-7.mltl,0.382,20375.2,sat
/home/michele/mltlsat/Benchmarks/random0/P0.333333333333333N1L30M100T100-8.mltl,0.388,17021.6,sat
/home/michele/mltlsat/Benchmarks/random0/P0.333333333333333N1L30M100T100-9.mltl,0.384,17014.4,sat
/home/michele/mltlsat/Benchmarks/random0/P0.333333333333333N1L35M100T100-10.mltl,0.386,17012,sat
/home/michele/mltlsat/Benchmarks/random0/P0.333333333333333N1L35M100T100-1.mltl,0.374,17015.2,sat
/home/michele/mltlsat/Benchmarks/random0/P0.333333333333333N1L35M100T100-2.mltl,0.382,16372.8,unsat
/home/michele/mltlsat/Benchmarks/random0/P0.333333333333333N1L35M100T100-3.mltl,0.38,17008.8,unsat
/home/michele/mltlsat/Benchmarks/random0/P0.333333333333333N1L35M100T100-4.mltl,0.368,16992,sat
/home/michele/mltlsat/Benchmarks/random0/P0.333333333333333N1L35M100T100-5.mltl,0.38,17027.2,sat
/home/michele/mltlsat/Benchmarks/random0/P0.333333333333333N1L35M100T100-6.mltl,0.386,16985.6,sat
/home/michele/mltlsat/Benchmarks/random0/P0.333333333333333N1L35M100T100-7.mltl,0.384,17016.8,sat
/home/michele/mltlsat/Benchmarks/random0/P0.333333333333333N1L35M100T100-8.mltl,0.406,17019.2,sat
/home/michele/mltlsat/Benchmarks/random0/P0.333333333333333N1L35M100T100-9.mltl,0.4,17014.4,sat
/home/michele/mltlsat/Benchmarks/random0/P0.333333333333333N1L40M100T100-10.mltl,0.398,17003.2,sat
/home/michele/mltlsat/Benchmarks/random0/P0.333333333333333N1L40M100T100-1.mltl,0.394,16721.6,sat
/home/michele/mltlsat/Benchmarks/random0/P0.333333333333333N1L40M100T100-2.mltl,0.398,17015.2,sat
/home/michele/mltlsat/Benchmarks/random0/P0.333333333333333N1L40M100T100-3.mltl,0.398,17004.8,sat
/home/michele/mltlsat/Benchmarks/random0/P0.333333333333333N1L40M100T100-4.mltl,0.41400000000000003,20708,sat
/home/michele/mltlsat/Benchmarks/random0/P0.333333333333333N1L40M100T100-5.mltl,0.394,17014.4,sat
/home/michele/mltlsat/Benchmarks/random0/P0.333333333333333N1L40M100T100-6.mltl,0.4,17017.6,sat
/home/michele/mltlsat/Benchmarks/random0/P0.333333333333333N1L40M100T100-7.mltl,0.412,17007.2,sat
/home/michele/mltlsat/Benchmarks/random0/P0.333333333333333N1L40M100T100-8.mltl,0.412,16683.2,sat
/home/michele/mltlsat/Benchmarks/random0/P0.333333333333333N1L40M100T100-9.mltl,0.408,17004,sat
/home/michele/mltlsat/Benchmarks/random0/P0.333333333333333N1L45M100T100-10.mltl,0.396,17008.8,sat
/home/michele/mltlsat/Benchmarks/random0/P0.333333333333333N1L45M100T100-1.mltl,0.406,16989.6,unsat
/home/michele/mltlsat/Benchmarks/random0/P0.333333333333333N1L45M100T100-2.mltl,0.416,16664,sat
/home/michele/mltlsat/Benchmarks/random0/P0.333333333333333N1L45M100T100-3.mltl,0.41,17020.8,sat
/home/michele/mltlsat/Benchmarks/random0/P0.333333333333333N1L45M100T100-4.mltl,0.416,17004,sat
/home/michele/mltlsat/Benchmarks/random0/P0.333333333333333N1L45M100T100-5.mltl,0.416,16992,sat
/home/michele/mltlsat/Benchmarks/random0/P0.333333333333333N1L45M100T100-6.mltl,0.412,17012.8,sat
/home/michele/mltlsat/Benchmarks/random0/P0.333333333333333N1L45M100T100-7.mltl,0.414,16997.6,sat
/home/michele/mltlsat/Benchmarks/random0/P0.333333333333333N1L45M100T100-8.mltl,0.412,17006.4,sat
/home/michele/mltlsat/Benchmarks/random0/P0.333333333333333N1L45M100T100-9.mltl,0.422,16700,sat
/home/michele/mltlsat/Benchmarks/random0/P0.333333333333333N1L50M100T100-10.mltl,0.42,17012.8,sat
/home/michele/mltlsat/Benchmarks/random0/P0.333333333333333N1L50M100T100-1.mltl,0.438,16996,sat
/home/michele/mltlsat/Benchmarks/random0/P0.333333333333333N1L50M100T100-2.mltl,0.434,16988.8,sat
/home/michele/mltlsat/Benchmarks/random0/P0.333333333333333N1L50M100T100-3.mltl,0.428,17004,sat
/home/michele/mltlsat/Benchmarks/random0/P0.333333333333333N1L50M100T100-4.mltl,0.432,16992,sat
/home/michele/mltlsat/Benchmarks/random0/P0.333333333333333N1L50M100T100-5.mltl,0.436,17002.4,sat
/home/michele/mltlsat/Benchmarks/random0/P0.333333333333333N1L50M100T100-6.mltl,0.432,16999.2,sat
/home/michele/mltlsat/Benchmarks/random0/P0.333333333333333N1L50M100T100-7.mltl,0.434,17008,sat
/home/michele/mltlsat/Benchmarks/random0/P0.333333333333333N1L50M100T100-8.mltl,0.448,17012.8,unsat
/home/michele/mltlsat/Benchmarks/random0/P0.333333333333333N1L50M100T100-9.mltl,0.44,16996.8,sat
/home/michele/mltlsat/Benchmarks/random0/P0.333333333333333N1L55M100T100-10.mltl,0.436,17001.6,sat
/home/michele/mltlsat/Benchmarks/random0/P0.333333333333333N1L55M100T100-1.mltl,0.446,17008.8,sat
/home/michele/mltlsat/Benchmarks/random0/P0.333333333333333N1L55M100T100-2.mltl,0.454,16990.4,sat
/home/michele/mltlsat/Benchmarks/random0/P0.333333333333333N1L55M100T100-3.mltl,0.44,17002.4,sat
/home/michele/mltlsat/Benchmarks/random0/P0.333333333333333N1L55M100T100-4.mltl,0.452,17008,sat
/home/michele/mltlsat/Benchmarks/random0/P0.333333333333333N1L55M100T100-5.mltl,0.47,16993.6,unsat
/home/michele/mltlsat/Benchmarks/random0/P0.333333333333333N1L55M100T100-6.mltl,0.456,17012.8,unsat
/home/michele/mltlsat/Benchmarks/random0/P0.333333333333333N1L55M100T100-7.mltl,0.444,17022.4,sat
/home/michele/mltlsat/Benchmarks/random0/P0.333333333333333N1L55M100T100-8.mltl,0.444,17014.4,sat
/home/michele/mltlsat/Benchmarks/random0/P0.333333333333333N1L55M100T100-9.mltl,0.462,17018.4,sat
/home/michele/mltlsat/Benchmarks/random0/P0.333333333333333N1L5M100T100-10.mltl,0.47400000000000003,17006.4,sat
/home/michele/mltlsat/Benchmarks/random0/P0.333333333333333N1L5M100T100-1.mltl,0.46,16977.6,sat
/home/michele/mltlsat/Benchmarks/random0/P0.333333333333333N1L5M100T100-2.mltl,0.434,17000,unsat
/home/michele/mltlsat/Benchmarks/random0/P0.333333333333333N1L5M100T100-3.mltl,0.454,16708,sat
/home/michele/mltlsat/Benchmarks/random0/P0.333333333333333N1L5M100T100-4.mltl,0.454,16704.8,sat
/home/michele/mltlsat/Benchmarks/random0/P0.333333333333333N1L5M100T100-5.mltl,0.46799999999999997,17009.6,sat
/home/michele/mltlsat/Benchmarks/random0/P0.333333333333333N1L5M100T100-6.mltl,0.456,17005.6,sat
/home/michele/mltlsat/Benchmarks/random0/P0.333333333333333N1L5M100T100-7.mltl,0.444,17004.8,sat
/home/michele/mltlsat/Benchmarks/random0/P0.333333333333333N1L5M100T100-8.mltl,0.448,17018.4,sat
/home/michele/mltlsat/Benchmarks/random0/P0.333333333333333N1L5M100T100-9.mltl,0.428,17024,sat
/home/michele/mltlsat/Benchmarks/random0/P0.333333333333333N1L60M100T100-10.mltl,0.424,17010.4,sat
/home/michele/mltlsat/Benchmarks/random0/P0.333333333333333N1L60M100T100-1.mltl,0.44,17007.2,sat
/home/michele/mltlsat/Benchmarks/random0/P0.333333333333333N1L60M100T100-2.mltl,0.442,17016,sat
/home/michele/mltlsat/Benchmarks/random0/P0.333333333333333N1L60M100T100-3.mltl,0.452,17009.6,unsat
/home/michele/mltlsat/Benchmarks/random0/P0.333333333333333N1L60M100T100-4.mltl,0.438,17007.2,sat
/home/michele/mltlsat/Benchmarks/random0/P0.333333333333333N1L60M100T100-5.mltl,0.436,16984.8,unsat
/home/michele/mltlsat/Benchmarks/random0/P0.333333333333333N1L60M100T100-6.mltl,0.49,16992,unsat
/home/michele/mltlsat/Benchmarks/random0/P0.333333333333333N1L60M100T100-7.mltl,0.488,17012.8,sat
/home/michele/mltlsat/Benchmarks/random0/P0.333333333333333N1L60M100T100-8.mltl,0.488,17029.6,sat
/home/michele/mltlsat/Benchmarks/random0/P0.333333333333333N1L60M100T100-9.mltl,0.486,17013.6,sat
/home/michele/mltlsat/Benchmarks/random0/P0.333333333333333N1L65M100T100-10.mltl,0.49,17026.4,sat
/home/michele/mltlsat/Benchmarks/random0/P0.333333333333333N1L65M100T100-1.mltl,0.5,17002.4,sat
/home/michele/mltlsat/Benchmarks/random0/P0.333333333333333N1L65M100T100-2.mltl,0.5,16688,unsat
/home/michele/mltlsat/Benchmarks/random0/P0.333333333333333N1L65M100T100-3.mltl,0.54,17009.6,unsat
/home/michele/mltlsat/Benchmarks/random0/P0.333333333333333N1L65M100T100-4.mltl,0.556,17012.8,unsat
/home/michele/mltlsat/Benchmarks/random0/P0.333333333333333N1L65M100T100-5.mltl,0.536,16986.4,sat
/home/michele/mltlsat/Benchmarks/random0/P0.333333333333333N1L65M100T100-6.mltl,0.53,17002.4,unsat
/home/michele/mltlsat/Benchmarks/random0/P0.333333333333333N1L65M100T100-7.mltl,0.568,17020,sat
/home/michele/mltlsat/Benchmarks/random0/P0.333333333333333N1L65M100T100-8.mltl,0.552,16980.8,sat
/home/michele/mltlsat/Benchmarks/random0/P0.333333333333333N1L65M100T100-9.mltl,0.506,17002.4,sat
/home/michele/mltlsat/Benchmarks/random0/P0.333333333333333N1L70M100T100-10.mltl,0.53,17008.8,sat
/home/michele/mltlsat/Benchmarks/random0/P0.333333333333333N1L70M100T100-1.mltl,0.526,17003.2,sat
/home/michele/mltlsat/Benchmarks/random0/P0.333333333333333N1L70M100T100-2.mltl,0.538,16987.2,sat
/home/michele/mltlsat/Benchmarks/random0/P0.333333333333333N1L70M100T100-3.mltl,0.538,17006.4,sat
/home/michele/mltlsat/Benchmarks/random0/P0.333333333333333N1L70M100T100-4.mltl,0.514,18547.2,sat
/home/michele/mltlsat/Benchmarks/random0/P0.333333333333333N1L70M100T100-5.mltl,0.528,20072,unsat
/home/michele/mltlsat/Benchmarks/random0/P0.333333333333333N1L70M100T100-6.mltl,0.516,17019.2,sat
/home/michele/mltlsat/Benchmarks/random0/P0.333333333333333N1L70M100T100-7.mltl,0.548,17007.2,unsat
/home/michele/mltlsat/Benchmarks/random0/P0.333333333333333N1L70M100T100-8.mltl,0.532,17019.2,sat
/home/michele/mltlsat/Benchmarks/random0/P0.333333333333333N1L70M100T100-9.mltl,0.546,36773.6,unsat
/home/michele/mltlsat/Benchmarks/random0/P0.333333333333333N1L75M100T100-10.mltl,0.55,16696.8,sat
/home/michele/mltlsat/Benchmarks/random0/P0.333333333333333N1L75M100T100-1.mltl,0.568,17018.4,sat
/home/michele/mltlsat/Benchmarks/random0/P0.333333333333333N1L75M100T100-2.mltl,0.558,17020,sat
/home/michele/mltlsat/Benchmarks/random0/P0.333333333333333N1L75M100T100-3.mltl,0.536,17003.2,unsat
/home/michele/mltlsat/Benchmarks/random0/P0.333333333333333N1L75M100T100-4.mltl,0.568,16996,sat
/home/michele/mltlsat/Benchmarks/random0/P0.333333333333333N1L75M100T100-5.mltl,0.5599999999999999,16692.8,sat
/home/michele/mltlsat/Benchmarks/random0/P0.333333333333333N1L75M100T100-6.mltl,0.554,16713.6,unsat
/home/michele/mltlsat/Benchmarks/random0/P0.333333333333333N1L75M100T100-7.mltl,0.5660000000000001,16995.2,sat
/home/michele/mltlsat/Benchmarks/random0/P0.333333333333333N1L75M100T100-8.mltl,0.5720000000000001,17003.2,sat
/home/michele/mltlsat/Benchmarks/random0/P0.333333333333333N1L75M100T100-9.mltl,0.5680000000000001,23481.6,unsat
/home/michele/mltlsat/Benchmarks/random0/P0.333333333333333N1L80M100T100-10.mltl,0.558,17012.8,sat
/home/michele/mltlsat/Benchmarks/random0/P0.333333333333333N1L80M100T100-1.mltl,0.598,16986.4,sat
/home/michele/mltlsat/Benchmarks/random0/P0.333333333333333N1L80M100T100-2.mltl,0.61,38368.8,sat
/home/michele/mltlsat/Benchmarks/random0/P0.333333333333333N1L80M100T100-3.mltl,0.586,17016,sat
/home/michele/mltlsat/Benchmarks/random0/P0.333333333333333N1L80M100T100-4.mltl,0.584,17016,sat
/home/michele/mltlsat/Benchmarks/random0/P0.333333333333333N1L80M100T100-5.mltl,0.598,17016,unsat
/home/michele/mltlsat/Benchmarks/random0/P0.333333333333333N1L80M100T100-6.mltl,0.604,16699.2,sat
/home/michele/mltlsat/Benchmarks/random0/P0.333333333333333N1L80M100T100-7.mltl,0.606,37116.8,unsat
/home/michele/mltlsat/Benchmarks/random0/P0.333333333333333N1L80M100T100-8.mltl,0.604,17016,sat
/home/michele/mltlsat/Benchmarks/random0/P0.333333333333333N1L80M100T100-9.mltl,0.586,20380.8,sat
/home/michele/mltlsat/Benchmarks/random0/P0.333333333333333N1L85M100T100-10.mltl,0.608,17027.2,sat
/home/michele/mltlsat/Benchmarks/random0/P0.333333333333333N1L85M100T100-1.mltl,0.61,16992.8,sat
/home/michele/mltlsat/Benchmarks/random0/P0.333333333333333N1L85M100T100-2.mltl,0.604,17018.4,sat
/home/michele/mltlsat/Benchmarks/random0/P0.333333333333333N1L85M100T100-3.mltl,0.616,17008.8,unsat
/home/michele/mltlsat/Benchmarks/random0/P0.333333333333333N1L85M100T100-4.mltl,0.604,17017.6,sat
/home/michele/mltlsat/Benchmarks/random0/P0.333333333333333N1L85M100T100-5.mltl,0.614,17008.8,sat
/home/michele/mltlsat/Benchmarks/random0/P0.333333333333333N1L85M100T100-6.mltl,0.614,17007.2,sat
/home/michele/mltlsat/Benchmarks/random0/P0.333333333333333N1L85M100T100-7.mltl,0.624,17020.8,sat
/home/michele/mltlsat/Benchmarks/random0/P0.333333333333333N1L85M100T100-8.mltl,0.71,20681.6,sat
/home/michele/mltlsat/Benchmarks/random0/P0.333333333333333N1L85M100T100-9.mltl,0.612,17020,sat
/home/michele/mltlsat/Benchmarks/random0/P0.333333333333333N1L90M100T100-10.mltl,0.59,16991.2,sat
/home/michele/mltlsat/Benchmarks/random0/P0.333333333333333N1L90M100T100-1.mltl,0.608,16988,sat
/home/michele/mltlsat/Benchmarks/random0/P0.333333333333333N1L90M100T100-2.mltl,0.634,20075.2,sat
/home/michele/mltlsat/Benchmarks/random0/P0.333333333333333N1L90M100T100-3.mltl,0.6,17008.8,unsat
/home/michele/mltlsat/Benchmarks/random0/P0.333333333333333N1L90M100T100-4.mltl,0.626,17008.8,sat
/home/michele/mltlsat/Benchmarks/random0/P0.333333333333333N1L90M100T100-5.mltl,0.622,20430.4,unsat
/home/michele/mltlsat/Benchmarks/random0/P0.333333333333333N1L90M100T100-6.mltl,0.616,16983.2,unsat
/home/michele/mltlsat/Benchmarks/random0/P0.333333333333333N1L90M100T100-7.mltl,0.578,16387.2,unsat
/home/michele/mltlsat/Benchmarks/random0/P0.333333333333333N1L90M100T100-8.mltl,0.622,20694.4,sat
/home/michele/mltlsat/Benchmarks/random0/P0.333333333333333N1L90M100T100-9.mltl,0.612,17000,sat
/home/michele/mltlsat/Benchmarks/random0/P0.333333333333333N1L95M100T100-10.mltl,0.604,16988.8,sat
/home/michele/mltlsat/Benchmarks/random0/P0.333333333333333N1L95M100T100-1.mltl,0.63,17019.2,unsat
/home/michele/mltlsat/Benchmarks/random0/P0.333333333333333N1L95M100T100-2.mltl,0.6,16996,sat
/home/michele/mltlsat/Benchmarks/random0/P0.333333333333333N1L95M100T100-3.mltl,0.612,17015.2,unsat
/home/michele/mltlsat/Benchmarks/random0/P0.333333333333333N1L95M100T100-4.mltl,0.63,30900,sat
/home/michele/mltlsat/Benchmarks/random0/P0.333333333333333N1L95M100T100-5.mltl,0.604,17010.4,sat
/home/michele/mltlsat/Benchmarks/random0/P0.333333333333333N1L95M100T100-6.mltl,0.632,17001.6,sat
/home/michele/mltlsat/Benchmarks/random0/P0.333333333333333N1L95M100T100-7.mltl,0.646,17020.8,sat
/home/michele/mltlsat/Benchmarks/random0/P0.333333333333333N1L95M100T100-8.mltl,0.626,16709.6,sat
/home/michele/mltlsat/Benchmarks/random0/P0.333333333333333N1L95M100T100-9.mltl,0.624,19137.6,unsat
/home/michele/mltlsat/Benchmarks/random0/P0.333333333333333N2L100M100T100-10.mltl,0.624,17011.2,sat
/home/michele/mltlsat/Benchmarks/random0/P0.333333333333333N2L100M100T100-1.mltl,0.642,17018.4,sat
/home/michele/mltlsat/Benchmarks/random0/P0.333333333333333N2L100M100T100-2.mltl,0.64,17026.4,sat
/home/michele/mltlsat/Benchmarks/random0/P0.333333333333333N2L100M100T100-3.mltl,0.638,17022.4,sat
/home/michele/mltlsat/Benchmarks/random0/P0.333333333333333N2L100M100T100-4.mltl,0.702,17004.8,sat
/home/michele/mltlsat/Benchmarks/random0/P0.333333333333333N2L100M100T100-5.mltl,0.648,17022.4,unsat
/home/michele/mltlsat/Benchmarks/random0/P0.333333333333333N2L100M100T100-6.mltl,0.67,16696,unsat
/home/michele/mltlsat/Benchmarks/random0/P0.333333333333333N2L100M100T100-7.mltl,0.662,17003.2,sat
/home/michele/mltlsat/Benchmarks/random0/P0.333333333333333N2L100M100T100-8.mltl,0.648,17006.4,sat
/home/michele/mltlsat/Benchmarks/random0/P0.333333333333333N2L100M100T100-9.mltl,0.662,17320,sat
/home/michele/mltlsat/Benchmarks/random0/P0.333333333333333N2L10M100T100-10.mltl,0.664,16693.6,sat
/home/michele/mltlsat/Benchmarks/random0/P0.333333333333333N2L10M100T100-1.mltl,0.63,16690.4,sat
/home/michele/mltlsat/Benchmarks/random0/P0.333333333333333N2L10M100T100-2.mltl,0.64,17012.8,sat
/home/michele/mltlsat/Benchmarks/random0/P0.333333333333333N2L10M100T100-3.mltl,0.666,17330.4,sat
/home/michele/mltlsat/Benchmarks/random0/P0.333333333333333N2L10M100T100-4.mltl,0.662,17006.4,sat
/home/michele/mltlsat/Benchmarks/random0/P0.333333333333333N2L10M100T100-5.mltl,0.666,17012.8,sat
/home/michele/mltlsat/Benchmarks/random0/P0.333333333333333N2L10M100T100-6.mltl,0.6639999999999999,20402.4,sat
/home/michele/mltlsat/Benchmarks/random0/P0.333333333333333N2L10M100T100-7.mltl,0.642,16405.6,sat
/home/michele/mltlsat/Benchmarks/random0/P0.333333333333333N2L10M100T100-8.mltl,0.6759999999999999,19478.4,unsat
/home/michele/mltlsat/Benchmarks/random0/P0.333333333333333N2L10M100T100-9.mltl,0.614,16999.2,sat
/home/michele/mltlsat/Benchmarks/random0/P0.333333333333333N2L15M100T100-10.mltl,0.624,17028,sat
/home/michele/mltlsat/Benchmarks/random0/P0.333333333333333N2L15M100T100-1.mltl,0.652,17008.8,sat
/home/michele/mltlsat/Benchmarks/random0/P0.333333333333333N2L15M100T100-2.mltl,0.606,17002.4,sat
/home/michele/mltlsat/Benchmarks/random0/P0.333333333333333N2L15M100T100-3.mltl,0.64,17009.6,unsat
/home/michele/mltlsat/Benchmarks/random0/P0.333333333333333N2L15M100T100-4.mltl,0.668,17031.2,sat
/home/michele/mltlsat/Benchmarks/random0/P0.333333333333333N2L15M100T100-5.mltl,0.642,17000.8,sat
/home/michele/mltlsat/Benchmarks/random0/P0.333333333333333N2L15M100T100-6.mltl,0.638,17009.6,sat
/home/michele/mltlsat/Benchmarks/random0/P0.333333333333333N2L15M100T100-7.mltl,0.618,17007.2,sat
/home/michele/mltlsat/Benchmarks/random0/P0.333333333333333N2L15M100T100-8.mltl,0.644,17008.8,sat
/home/michele/mltlsat/Benchmarks/random0/P0.333333333333333N2L15M100T100-9.mltl,0.61,17024,sat
/home/michele/mltlsat/Benchmarks/random0/P0.333333333333333N2L20M100T100-10.mltl,0.626,17001.6,sat
/home/michele/mltlsat/Benchmarks/random0/P0.333333333333333N2L20M100T100-1.mltl,0.632,17002.4,sat
/home/michele/mltlsat/Benchmarks/random0/P0.333333333333333N2L20M100T100-2.mltl,0.636,17007.2,sat
/home/michele/mltlsat/Benchmarks/random0/P0.333333333333333N2L20M100T100-3.mltl,0.608,20101.6,sat
/home/michele/mltlsat/Benchmarks/random0/P0.333333333333333N2L20M100T100-4.mltl,0.606,16684.8,unsat
/home/michele/mltlsat/Benchmarks/random0/P0.333333333333333N2L20M100T100-5.mltl,0.622,20090.4,unsat
/home/michele/mltlsat/Benchmarks/random0/P0.333333333333333N2L20M100T100-6.mltl,0.626,17008.8,sat
/home/michele/mltlsat/Benchmarks/random0/P0.333333333333333N2L20M100T100-7.mltl,0.626,17000.8,sat
/home/michele/mltlsat/Benchmarks/random0/P0.333333333333333N2L20M100T100-8.mltl,0.644,16992.8,unsat
/home/michele/mltlsat/Benchmarks/random0/P0.333333333333333N2L20M100T100-9.mltl,0.656,17018.4,sat
/home/michele/mltlsat/Benchmarks/random0/P0.333333333333333N2L25M100T100-10.mltl,0.662,18536.8,unsat
/home/michele/mltlsat/Benchmarks/random0/P0.333333333333333N2L25M100T100-1.mltl,0.614,17007.2,sat
/home/michele/mltlsat/Benchmarks/random0/P0.333333333333333N2L25M100T100-2.mltl,0.646,17007.2,sat
/home/michele/mltlsat/Benchmarks/random0/P0.333333333333333N2L25M100T100-3.mltl,0.616,20369.6,sat
/home/michele/mltlsat/Benchmarks/random0/P0.333333333333333N2L25M100T100-4.mltl,0.622,16989.6,sat
/home/michele/mltlsat/Benchmarks/random0/P0.333333333333333N2L25M100T100-5.mltl,0.6,17299.2,sat
/home/michele/mltlsat/Benchmarks/random0/P0.333333333333333N2L25M100T100-6.mltl,0.632,20418.4,sat
/home/michele/mltlsat/Benchmarks/random0/P0.333333333333333N2L25M100T100-7.mltl,0.642,16680,unsat
/home/michele/mltlsat/Benchmarks/random0/P0.333333333333333N2L25M100T100-8.mltl,0.634,17014.4,unsat
/home/michele/mltlsat/Benchmarks/random0/P0.333333333333333N2L25M100T100-9.mltl,0.608,17021.6,sat
/home/michele/mltlsat/Benchmarks/random0/P0.333333333333333N2L30M100T100-10.mltl,0.626,17011.2,sat
/home/michele/mltlsat/Benchmarks/random0/P0.333333333333333N2L30M100T100-1.mltl,0.598,16991.2,sat
/home/michele/mltlsat/Benchmarks/random0/P0.333333333333333N2L30M100T100-2.mltl,0.628,17024.8,sat
/home/michele/mltlsat/Benchmarks/random0/P0.333333333333333N2L30M100T100-3.mltl,0.66,16396,sat
/home/michele/mltlsat/Benchmarks/random0/P0.333333333333333N2L30M100T100-4.mltl,0.624,16994.4,sat
/home/michele/mltlsat/Benchmarks/random0/P0.333333333333333N2L30M100T100-5.mltl,0.638,17003.2,sat
/home/michele/mltlsat/Benchmarks/random0/P0.333333333333333N2L30M100T100-6.mltl,0.666,17000,sat
/home/michele/mltlsat/Benchmarks/random0/P0.333333333333333N2L30M100T100-7.mltl,0.634,17028,sat
/home/michele/mltlsat/Benchmarks/random0/P0.333333333333333N2L30M100T100-8.mltl,0.7080000000000001,16985.6,unsat
/home/michele/mltlsat/Benchmarks/random0/P0.333333333333333N2L30M100T100-9.mltl,0.668,16724.8,unsat
/home/michele/mltlsat/Benchmarks/random0/P0.333333333333333N2L35M100T100-10.mltl,0.638,17012,sat
/home/michele/mltlsat/Benchmarks/random0/P0.333333333333333N2L35M100T100-1.mltl,0.632,17016.8,sat
/home/michele/mltlsat/Benchmarks/random0/P0.333333333333333N2L35M100T100-2.mltl,0.656,16995.2,sat
/home/michele/mltlsat/Benchmarks/random0/P0.333333333333333N2L35M100T100-3.mltl,0.6960000000000001,16692,sat
/home/michele/mltlsat/Benchmarks/random0/P0.333333333333333N2L35M100T100-4.mltl,0.668,17008,sat
/home/michele/mltlsat/Benchmarks/random0/P0.333333333333333N2L35M100T100-5.mltl,0.652,17000,sat
/home/michele/mltlsat/Benchmarks/random0/P0.333333333333333N2L35M100T100-6.mltl,0.598,16988.8,sat
/home/michele/mltlsat/Benchmarks/random0/P0.333333333333333N2L35M100T100-7.mltl,0.722,38657.6,sat
/home/michele/mltlsat/Benchmarks/random0/P0.333333333333333N2L35M100T100-8.mltl,0.61,17000,sat
/home/michele/mltlsat/Benchmarks/random0/P0.333333333333333N2L35M100T100-9.mltl,0.604,16997.6,sat
/home/michele/mltlsat/Benchmarks/random0/P0.333333333333333N2L40M100T100-10.mltl,0.622,17009.6,unsat
/home/michele/mltlsat/Benchmarks/random0/P0.333333333333333N2L40M100T100-1.mltl,0.658,17009.6,sat
/home/michele/mltlsat/Benchmarks/random0/P0.333333333333333N2L40M100T100-2.mltl,0.636,17014.4,sat
/home/michele/mltlsat/Benchmarks/random0/P0.333333333333333N2L40M100T100-3.mltl,0.622,19448.8,unsat
/home/michele/mltlsat/Benchmarks/random0/P0.333333333333333N2L40M100T100-4.mltl,0.644,16982.4,sat
/home/michele/mltlsat/Benchmarks/random0/P0.333333333333333N2L40M100T100-5.mltl,0.642,16998.4,sat
/home/michele/mltlsat/Benchmarks/random0/P0.333333333333333N2L40M100T100-6.mltl,0.67,19800.8,unsat
/home/michele/mltlsat/Benchmarks/random0/P0.333333333333333N2L40M100T100-7.mltl,0.634,16999.2,sat
/home/michele/mltlsat/Benchmarks/random0/P0.333333333333333N2L40M100T100-8.mltl,0.628,17008,sat
/home/michele/mltlsat/Benchmarks/random0/P0.333333333333333N2L40M100T100-9.mltl,0.618,17025.6,sat
/home/michele/mltlsat/Benchmarks/random0/P0.333333333333333N2L45M100T100-10.mltl,0.662,18554.4,sat
/home/michele/mltlsat/Benchmarks/random0/P0.333333333333333N2L45M100T100-1.mltl,0.646,17624,sat
/home/michele/mltlsat/Benchmarks/random0/P0.333333333333333N2L45M100T100-2.mltl,0.642,16988,sat
/home/michele/mltlsat/Benchmarks/random0/P0.333333333333333N2L45M100T100-3.mltl,0.66,17014.4,sat
/home/michele/mltlsat/Benchmarks/random0/P0.333333333333333N2L45M100T100-4.mltl,0.636,16690.4,sat
/home/michele/mltlsat/Benchmarks/random0/P0.333333333333333N2L45M100T100-5.mltl,0.676,18862.4,sat
/home/michele/mltlsat/Benchmarks/random0/P0.333333333333333N2L45M100T100-6.mltl,0.648,17010.4,unsat
/home/michele/mltlsat/Benchmarks/random0/P0.333333333333333N2L45M100T100-7.mltl,0.66,16707.2,sat
/home/michele/mltlsat/Benchmarks/random0/P0.333333333333333N2L45M100T100-8.mltl,0.644,17015.2,sat
/home/michele/mltlsat/Benchmarks/random0/P0.333333333333333N2L45M100T100-9.mltl,0.666,22895.2,sat
/home/michele/mltlsat/Benchmarks/random0/P0.333333333333333N2L50M100T100-10.mltl,0.656,19179.2,sat
/home/michele/mltlsat/Benchmarks/random0/P0.333333333333333N2L50M100T100-1.mltl,0.668,16700,sat
/home/michele/mltlsat/Benchmarks/random0/P0.333333333333333N2L50M100T100-2.mltl,0.68,18236,sat
/home/michele/mltlsat/Benchmarks/random0/P0.333333333333333N2L50M100T100-3.mltl,0.662,17006.4,sat
/home/michele/mltlsat/Benchmarks/random0/P0.333333333333333N2L50M100T100-4.mltl,0.62,17007.2,sat
/home/michele/mltlsat/Benchmarks/random0/P0.333333333333333N2L50M100T100-5.mltl,0.6920000000000001,17009.6,sat
/home/michele/mltlsat/Benchmarks/random0/P0.333333333333333N2L50M100T100-6.mltl,0.67,17024,sat
/home/michele/mltlsat/Benchmarks/random0/P0.333333333333333N2L50M100T100-7.mltl,0.696,30913.6,sat
/home/michele/mltlsat/Benchmarks/random0/P0.333333333333333N2L50M100T100-8.mltl,0.638,16472.8,sat
/home/michele/mltlsat/Benchmarks/random0/P0.333333333333333N2L50M100T100-9.mltl,0.66,29372,sat
/home/michele/mltlsat/Benchmarks/random0/P0.333333333333333N2L55M100T100-10.mltl,0.672,30902.4,sat
/home/michele/mltlsat/Benchmarks/random0/P0.333333333333333N2L55M100T100-1.mltl,0.674,16985.6,sat
/home/michele/mltlsat/Benchmarks/random0/P0.333333333333333N2L55M100T100-2.mltl,0.642,17004,sat
/home/michele/mltlsat/Benchmarks/random0/P0.333333333333333N2L55M100T100-3.mltl,0.672,16988,sat
/home/michele/mltlsat/Benchmarks/random0/P0.333333333333333N2L55M100T100-4.mltl,0.668,16704,sat
/home/michele/mltlsat/Benchmarks/random0/P0.333333333333333N2L55M100T100-5.mltl,-1,-1,TO
/home/michele/mltlsat/Benchmarks/random0/P0.333333333333333N2L55M100T100-6.mltl,0.666,16704.8,sat
/home/michele/mltlsat/Benchmarks/random0/P0.333333333333333N2L55M100T100-7.mltl,0.676,16705.6,sat
/home/michele/mltlsat/Benchmarks/random0/P0.333333333333333N2L55M100T100-8.mltl,0.718,36816.8,sat
/home/michele/mltlsat/Benchmarks/random0/P0.333333333333333N2L55M100T100-9.mltl,0.712,17004,sat
/home/michele/mltlsat/Benchmarks/random0/P0.333333333333333N2L5M100T100-10.mltl,0.676,16709.6,sat
/home/michele/mltlsat/Benchmarks/random0/P0.333333333333333N2L5M100T100-1.mltl,0.74,23816,sat
/home/michele/mltlsat/Benchmarks/random0/P0.333333333333333N2L5M100T100-2.mltl,0.654,17000,sat
/home/michele/mltlsat/Benchmarks/random0/P0.333333333333333N2L5M100T100-3.mltl,0.688,17000,sat
/home/michele/mltlsat/Benchmarks/random0/P0.333333333333333N2L5M100T100-4.mltl,0.656,16988,sat
/home/michele/mltlsat/Benchmarks/random0/P0.333333333333333N2L5M100T100-5.mltl,0.66,20416,sat
/home/michele/mltlsat/Benchmarks/random0/P0.333333333333333N2L5M100T100-6.mltl,0.672,16997.6,sat
/home/michele/mltlsat/Benchmarks/random0/P0.333333333333333N2L5M100T100-7.mltl,0.664,20419.2,sat
/home/michele/mltlsat/Benchmarks/random0/P0.333333333333333N2L5M100T100-8.mltl,0.638,17003.2,sat
/home/michele/mltlsat/Benchmarks/random0/P0.333333333333333N2L5M100T100-9.mltl,0.626,16993.6,sat
/home/michele/mltlsat/Benchmarks/random0/P0.333333333333333N2L60M100T100-10.mltl,0.648,17301.6,sat
/home/michele/mltlsat/Benchmarks/random0/P0.333333333333333N2L60M100T100-1.mltl,0.668,18256,sat
/home/michele/mltlsat/Benchmarks/random0/P0.333333333333333N2L60M100T100-2.mltl,0.62,16990.4,sat
/home/michele/mltlsat/Benchmarks/random0/P0.333333333333333N2L60M100T100-3.mltl,0.646,16985.6,sat
/home/michele/mltlsat/Benchmarks/random0/P0.333333333333333N2L60M100T100-4.mltl,0.618,16993.6,sat
/home/michele/mltlsat/Benchmarks/random0/P0.333333333333333N2L60M100T100-5.mltl,0.632,17311.2,unsat
/home/michele/mltlsat/Benchmarks/random0/P0.333333333333333N2L60M100T100-6.mltl,0.716,17020.8,sat
/home/michele/mltlsat/Benchmarks/random0/P0.333333333333333N2L60M100T100-7.mltl,0.702,20103.2,sat
/home/michele/mltlsat/Benchmarks/random0/P0.333333333333333N2L60M100T100-8.mltl,0.676,17004.8,sat
/home/michele/mltlsat/Benchmarks/random0/P0.333333333333333N2L60M100T100-9.mltl,0.724,16971.2,sat
/home/michele/mltlsat/Benchmarks/random0/P0.333333333333333N2L65M100T100-10.mltl,0.668,17008.8,sat
/home/michele/mltlsat/Benchmarks/random0/P0.333333333333333N2L65M100T100-1.mltl,0.654,17006.4,unsat
/home/michele/mltlsat/Benchmarks/random0/P0.333333333333333N2L65M100T100-2.mltl,0.712,17012,sat
/home/michele/mltlsat/Benchmarks/random0/P0.333333333333333N2L65M100T100-3.mltl,0.728,17020,sat
/home/michele/mltlsat/Benchmarks/random0/P0.333333333333333N2L65M100T100-4.mltl,0.718,17035.2,sat
/home/michele/mltlsat/Benchmarks/random0/P0.333333333333333N2L65M100T100-5.mltl,0.684,17012.8,unsat
/home/michele/mltlsat/Benchmarks/random0/P0.333333333333333N2L65M100T100-6.mltl,0.702,17004.8,sat
/home/michele/mltlsat/Benchmarks/random0/P0.333333333333333N2L65M100T100-7.mltl,0.722,17008,sat
/home/michele/mltlsat/Benchmarks/random0/P0.333333333333333N2L65M100T100-8.mltl,0.656,17007.2,sat
/home/michele/mltlsat/Benchmarks/random0/P0.333333333333333N2L65M100T100-9.mltl,0.704,21627.2,sat
/home/michele/mltlsat/Benchmarks/random0/P0.333333333333333N2L70M100T100-10.mltl,0.67,17022.4,sat
/home/michele/mltlsat/Benchmarks/random0/P0.333333333333333N2L70M100T100-1.mltl,0.77,36175.2,sat
/home/michele/mltlsat/Benchmarks/random0/P0.333333333333333N2L70M100T100-2.mltl,0.648,17010.4,sat
/home/michele/mltlsat/Benchmarks/random0/P0.333333333333333N2L70M100T100-3.mltl,0.676,17030.4,sat
/home/michele/mltlsat/Benchmarks/random0/P0.333333333333333N2L70M100T100-4.mltl,0.636,16687.2,sat
/home/michele/mltlsat/Benchmarks/random0/P0.333333333333333N2L70M100T100-5.mltl,0.642,16989.6,sat
/home/michele/mltlsat/Benchmarks/random0/P0.333333333333333N2L70M100T100-6.mltl,0.64,17012,sat
/home/michele/mltlsat/Benchmarks/random0/P0.333333333333333N2L70M100T100-7.mltl,0.648,17006.4,sat
/home/michele/mltlsat/Benchmarks/random0/P0.333333333333333N2L70M100T100-8.mltl,0.64,16691.2,unsat
/home/michele/mltlsat/Benchmarks/random0/P0.333333333333333N2L70M100T100-9.mltl,0.634,19477.6,sat
/home/michele/mltlsat/Benchmarks/random0/P0.333333333333333N2L75M100T100-10.mltl,0.706,39262.4,sat
/home/michele/mltlsat/Benchmarks/random0/P0.333333333333333N2L75M100T100-1.mltl,0.596,17013.6,sat
/home/michele/mltlsat/Benchmarks/random0/P0.333333333333333N2L75M100T100-2.mltl,0.658,16992,sat
/home/michele/mltlsat/Benchmarks/random0/P0.333333333333333N2L75M100T100-3.mltl,0.61,17008,sat
/home/michele/mltlsat/Benchmarks/random0/P0.333333333333333N2L75M100T100-4.mltl,0.61,17020,sat
/home/michele/mltlsat/Benchmarks/random0/P0.333333333333333N2L75M100T100-5.mltl,0.624,17023.2,sat
/home/michele/mltlsat/Benchmarks/random0/P0.333333333333333N2L75M100T100-6.mltl,0.6900000000000001,18848.8,sat
/home/michele/mltlsat/Benchmarks/random0/P0.333333333333333N2L75M100T100-7.mltl,0.61,17012,sat
/home/michele/mltlsat/Benchmarks/random0/P0.333333333333333N2L75M100T100-8.mltl,0.676,18867.2,sat
/home/michele/mltlsat/Benchmarks/random0/P0.333333333333333N2L75M100T100-9.mltl,0.622,16988.8,sat
/home/michele/mltlsat/Benchmarks/random0/P0.333333333333333N2L80M100T100-10.mltl,0.672,25944,sat
/home/michele/mltlsat/Benchmarks/random0/P0.333333333333333N2L80M100T100-1.mltl,0.634,17020,sat
/home/michele/mltlsat/Benchmarks/random0/P0.333333333333333N2L80M100T100-2.mltl,0.688,20400,sat
/home/michele/mltlsat/Benchmarks/random0/P0.333333333333333N2L80M100T100-3.mltl,0.604,16978.4,sat
/home/michele/mltlsat/Benchmarks/random0/P0.333333333333333N2L80M100T100-4.mltl,0.646,22859.2,unsat
/home/michele/mltlsat/Benchmarks/random0/P0.333333333333333N2L80M100T100-5.mltl,0.634,17005.6,sat
/home/michele/mltlsat/Benchmarks/random0/P0.333333333333333N2L80M100T100-6.mltl,0.634,17004,sat
/home/michele/mltlsat/Benchmarks/random0/P0.333333333333333N2L80M100T100-7.mltl,0.604,16980.8,sat
/home/michele/mltlsat/Benchmarks/random0/P0.333333333333333N2L80M100T100-8.mltl,0.628,17015.2,sat
/home/michele/mltlsat/Benchmarks/random0/P0.333333333333333N2L80M100T100-9.mltl,0.708,18854.4,sat
/home/michele/mltlsat/Benchmarks/random0/P0.333333333333333N2L85M100T100-10.mltl,0.61,17002.4,sat
/home/michele/mltlsat/Benchmarks/random0/P0.333333333333333N2L85M100T100-1.mltl,0.636,16691.2,sat
/home/michele/mltlsat/Benchmarks/random0/P0.333333333333333N2L85M100T100-2.mltl,0.672,17006.4,sat
/home/michele/mltlsat/Benchmarks/random0/P0.333333333333333N2L85M100T100-3.mltl,0.644,17014.4,unsat
/home/michele/mltlsat/Benchmarks/random0/P0.333333333333333N2L85M100T100-4.mltl,0.672,17005.6,sat
/home/michele/mltlsat/Benchmarks/random0/P0.333333333333333N2L85M100T100-5.mltl,0.652,17010.4,sat
/home/michele/mltlsat/Benchmarks/random0/P0.333333333333333N2L85M100T100-6.mltl,0.656,17025.6,sat
/home/michele/mltlsat/Benchmarks/random0/P0.333333333333333N2L85M100T100-7.mltl,0.668,17021.6,sat
/home/michele/mltlsat/Benchmarks/random0/P0.333333333333333N2L85M100T100-8.mltl,0.656,17005.6,unsat
/home/michele/mltlsat/Benchmarks/random0/P0.333333333333333N2L85M100T100-9.mltl,0.65,17004,unsat
/home/michele/mltlsat/Benchmarks/random0/P0.333333333333333N2L90M100T100-10.mltl,0.698,19162.4,sat
/home/michele/mltlsat/Benchmarks/random0/P0.333333333333333N2L90M100T100-1.mltl,0.638,18860.8,sat
/home/michele/mltlsat/Benchmarks/random0/P0.333333333333333N2L90M100T100-2.mltl,0.636,17012.8,sat
/home/michele/mltlsat/Benchmarks/random0/P0.333333333333333N2L90M100T100-3.mltl,0.622,17022.4,sat
/home/michele/mltlsat/Benchmarks/random0/P0.333333333333333N2L90M100T100-4.mltl,0.664,16703.2,sat
/home/michele/mltlsat/Benchmarks/random0/P0.333333333333333N2L90M100T100-5.mltl,0.7,16692.8,sat
/home/michele/mltlsat/Benchmarks/random0/P0.333333333333333N2L90M100T100-6.mltl,0.67,17012,sat
/home/michele/mltlsat/Benchmarks/random0/P0.333333333333333N2L90M100T100-7.mltl,0.754,21605.6,sat
/home/michele/mltlsat/Benchmarks/random0/P0.333333333333333N2L90M100T100-8.mltl,0.726,16994.4,sat
/home/michele/mltlsat/Benchmarks/random0/P0.333333333333333N2L90M100T100-9.mltl,0.698,16693.6,sat
/home/michele/mltlsat/Benchmarks/random0/P0.333333333333333N2L95M100T100-10.mltl,0.722,27518.4,sat
/home/michele/mltlsat/Benchmarks/random0/P0.333333333333333N2L95M100T100-1.mltl,0.772,22884,sat
/home/michele/mltlsat/Benchmarks/random0/P0.333333333333333N2L95M100T100-2.mltl,0.794,35552.8,sat
/home/michele/mltlsat/Benchmarks/random0/P0.333333333333333N2L95M100T100-3.mltl,-1,-1,TO
/home/michele/mltlsat/Benchmarks/random0/P0.333333333333333N2L95M100T100-4.mltl,-1,-1,TO
/home/michele/mltlsat/Benchmarks/random0/P0.333333333333333N2L95M100T100-5.mltl,0.726,17008.8,sat
/home/michele/mltlsat/Benchmarks/random0/P0.333333333333333N2L95M100T100-6.mltl,0.704,17011.2,sat
/home/michele/mltlsat/Benchmarks/random0/P0.333333333333333N2L95M100T100-7.mltl,0.6900000000000001,17011.2,sat
/home/michele/mltlsat/Benchmarks/random0/P0.333333333333333N2L95M100T100-8.mltl,0.728,17009.6,sat
/home/michele/mltlsat/Benchmarks/random0/P0.333333333333333N2L95M100T100-9.mltl,0.686,16991.2,unsat
/home/michele/mltlsat/Benchmarks/random0/P0.333333333333333N3L100M100T100-10.mltl,0.6900000000000001,17020.8,sat
/home/michele/mltlsat/Benchmarks/random0/P0.333333333333333N3L100M100T100-1.mltl,0.714,20714.4,sat
/home/michele/mltlsat/Benchmarks/random0/P0.333333333333333N3L100M100T100-2.mltl,0.74,16982.4,sat
/home/michele/mltlsat/Benchmarks/random0/P0.333333333333333N3L100M100T100-3.mltl,0.742,19476,sat
/home/michele/mltlsat/Benchmarks/random0/P0.333333333333333N3L100M100T100-4.mltl,0.678,16988.8,sat
/home/michele/mltlsat/Benchmarks/random0/P0.333333333333333N3L100M100T100-5.mltl,0.83,23469.6,sat
/home/michele/mltlsat/Benchmarks/random0/P0.333333333333333N3L100M100T100-6.mltl,0.6799999999999999,16696,sat
/home/michele/mltlsat/Benchmarks/random0/P0.333333333333333N3L100M100T100-7.mltl,0.646,17014.4,unsat
/home/michele/mltlsat/Benchmarks/random0/P0.333333333333333N3L100M100T100-8.mltl,0.714,35882.4,sat
/home/michele/mltlsat/Benchmarks/random0/P0.333333333333333N3L100M100T100-9.mltl,0.636,17021.6,unsat
/home/michele/mltlsat/Benchmarks/random0/P0.333333333333333N3L10M100T100-10.mltl,0.644,17025.6,unsat
/home/michele/mltlsat/Benchmarks/random0/P0.333333333333333N3L10M100T100-1.mltl,0.638,16989.6,sat
/home/michele/mltlsat/Benchmarks/random0/P0.333333333333333N3L10M100T100-2.mltl,0.65,17011.2,sat
/home/michele/mltlsat/Benchmarks/random0/P0.333333333333333N3L10M100T100-3.mltl,0.662,17016.8,sat
/home/michele/mltlsat/Benchmarks/random0/P0.333333333333333N3L10M100T100-4.mltl,0.55,17019.2,sat
/home/michele/mltlsat/Benchmarks/random0/P0.333333333333333N3L10M100T100-5.mltl,0.636,17027.2,sat
/home/michele/mltlsat/Benchmarks/random0/P0.333333333333333N3L10M100T100-6.mltl,0.604,17009.6,sat
/home/michele/mltlsat/Benchmarks/random0/P0.333333333333333N3L10M100T100-7.mltl,0.642,17011.2,sat
/home/michele/mltlsat/Benchmarks/random0/P0.333333333333333N3L10M100T100-8.mltl,0.592,17319.2,sat
/home/michele/mltlsat/Benchmarks/random0/P0.333333333333333N3L10M100T100-9.mltl,0.628,16987.2,sat
/home/michele/mltlsat/Benchmarks/random0/P0.333333333333333N3L15M100T100-10.mltl,0.614,17016,sat
/home/michele/mltlsat/Benchmarks/random0/P0.333333333333333N3L15M100T100-1.mltl,0.612,17004,sat
/home/michele/mltlsat/Benchmarks/random0/P0.333333333333333N3L15M100T100-2.mltl,0.612,17008.8,sat
/home/michele/mltlsat/Benchmarks/random0/P0.333333333333333N3L15M100T100-3.mltl,0.632,31497.6,sat
/home/michele/mltlsat/Benchmarks/random0/P0.333333333333333N3L15M100T100-4.mltl,0.616,17028.8,sat
/home/michele/mltlsat/Benchmarks/random0/P0.333333333333333N3L15M100T100-5.mltl,0.614,17022.4,sat
/home/michele/mltlsat/Benchmarks/random0/P0.333333333333333N3L15M100T100-6.mltl,0.602,17316,sat
/home/michele/mltlsat/Benchmarks/random0/P0.333333333333333N3L15M100T100-7.mltl,0.62,17312.8,sat
/home/michele/mltlsat/Benchmarks/random0/P0.333333333333333N3L15M100T100-8.mltl,0.604,17288,sat
/home/michele/mltlsat/Benchmarks/random0/P0.333333333333333N3L15M100T100-9.mltl,0.586,17013.6,sat
/home/michele/mltlsat/Benchmarks/random0/P0.333333333333333N3L20M100T100-10.mltl,0.586,17023.2,sat
/home/michele/mltlsat/Benchmarks/random0/P0.333333333333333N3L20M100T100-1.mltl,0.592,17012.8,sat
/home/michele/mltlsat/Benchmarks/random0/P0.333333333333333N3L20M100T100-2.mltl,0.588,16712.8,sat
/home/michele/mltlsat/Benchmarks/random0/P0.333333333333333N3L20M100T100-3.mltl,0.548,17013.6,sat
/home/michele/mltlsat/Benchmarks/random0/P0.333333333333333N3L20M100T100-4.mltl,0.544,16989.6,sat
/home/michele/mltlsat/Benchmarks/random0/P0.333333333333333N3L20M100T100-5.mltl,0.5660000000000001,17012.8,sat
/home/michele/mltlsat/Benchmarks/random0/P0.333333333333333N3L20M100T100-6.mltl,0.5660000000000001,17012,sat
/home/michele/mltlsat/Benchmarks/random0/P0.333333333333333N3L20M100T100-7.mltl,0.586,17013.6,sat
/home/michele/mltlsat/Benchmarks/random0/P0.333333333333333N3L20M100T100-8.mltl,0.596,20423.2,sat
/home/michele/mltlsat/Benchmarks/random0/P0.333333333333333N3L20M100T100-9.mltl,0.5660000000000001,17325.6,sat
/home/michele/mltlsat/Benchmarks/random0/P0.333333333333333N3L25M100T100-10.mltl,0.574,17010.4,sat
/home/michele/mltlsat/Benchmarks/random0/P0.333333333333333N3L25M100T100-1.mltl,0.59,16992.8,sat
/home/michele/mltlsat/Benchmarks/random0/P0.333333333333333N3L25M100T100-2.mltl,0.594,16985.6,sat
/home/michele/mltlsat/Benchmarks/random0/P0.333333333333333N3L25M100T100-3.mltl,0.556,17008.8,sat
/home/michele/mltlsat/Benchmarks/random0/P0.333333333333333N3L25M100T100-4.mltl,0.604,17019.2,sat
/home/michele/mltlsat/Benchmarks/random0/P0.333333333333333N3L25M100T100-5.mltl,0.576,17019.2,sat
/home/michele/mltlsat/Benchmarks/random0/P0.333333333333333N3L25M100T100-6.mltl,0.566,17012,sat
/home/michele/mltlsat/Benchmarks/random0/P0.333333333333333N3L25M100T100-7.mltl,0.56,17008.8,unsat
/home/michele/mltlsat/Benchmarks/random0/P0.333333333333333N3L25M100T100-8.mltl,0.592,17008,sat
/home/michele/mltlsat/Benchmarks/random0/P0.333333333333333N3L25M100T100-9.mltl,0.602,17012,unsat
/home/michele/mltlsat/Benchmarks/random0/P0.333333333333333N3L30M100T100-10.mltl,0.586,17304.8,sat
/home/michele/mltlsat/Benchmarks/random0/P0.333333333333333N3L30M100T100-1.mltl,0.5619999999999999,17309.6,sat
/home/michele/mltlsat/Benchmarks/random0/P0.333333333333333N3L30M100T100-2.mltl,0.5680000000000001,20404,sat
/home/michele/mltlsat/Benchmarks/random0/P0.333333333333333N3L30M100T100-3.mltl,0.592,17019.2,sat
/home/michele/mltlsat/Benchmarks/random0/P0.333333333333333N3L30M100T100-4.mltl,0.592,17014.4,sat
/home/michele/mltlsat/Benchmarks/random0/P0.333333333333333N3L30M100T100-5.mltl,0.58,16992.8,sat
/home/michele/mltlsat/Benchmarks/random0/P0.333333333333333N3L30M100T100-6.mltl,0.59,17008.8,sat
/home/michele/mltlsat/Benchmarks/random0/P0.333333333333333N3L30M100T100-7.mltl,0.596,17019.2,sat
/home/michele/mltlsat/Benchmarks/random0/P0.333333333333333N3L30M100T100-8.mltl,0.592,17014.4,sat
/home/michele/mltlsat/Benchmarks/random0/P0.333333333333333N3L30M100T100-9.mltl,0.596,17013.6,sat
/home/michele/mltlsat/Benchmarks/random0/P0.333333333333333N3L35M100T100-10.mltl,0.616,17003.2,sat
/home/michele/mltlsat/Benchmarks/random0/P0.333333333333333N3L35M100T100-1.mltl,0.606,16983.2,sat
/home/michele/mltlsat/Benchmarks/random0/P0.333333333333333N3L35M100T100-2.mltl,0.59,17015.2,sat
/home/michele/mltlsat/Benchmarks/random0/P0.333333333333333N3L35M100T100-3.mltl,0.606,19782.4,sat
/home/michele/mltlsat/Benchmarks/random0/P0.333333333333333N3L35M100T100-4.mltl,0.6,36812.8,sat
/home/michele/mltlsat/Benchmarks/random0/P0.333333333333333N3L35M100T100-5.mltl,0.626,17010.4,sat
/home/michele/mltlsat/Benchmarks/random0/P0.333333333333333N3L35M100T100-6.mltl,0.618,17012,sat
/home/michele/mltlsat/Benchmarks/random0/P0.333333333333333N3L35M100T100-7.mltl,0.592,17008.8,sat
/home/michele/mltlsat/Benchmarks/random0/P0.333333333333333N3L35M100T100-8.mltl,0.584,17624.8,sat
/home/michele/mltlsat/Benchmarks/random0/P0.333333333333333N3L35M100T100-9.mltl,0.634,36220,sat
/home/michele/mltlsat/Benchmarks/random0/P0.333333333333333N3L40M100T100-10.mltl,0.612,17014.4,unsat
/home/michele/mltlsat/Benchmarks/random0/P0.333333333333333N3L40M100T100-1.mltl,0.612,17004.8,sat
/home/michele/mltlsat/Benchmarks/random0/P0.333333333333333N3L40M100T100-2.mltl,0.628,16997.6,sat
/home/michele/mltlsat/Benchmarks/random0/P0.333333333333333N3L40M100T100-3.mltl,0.638,20395.2,sat
/home/michele/mltlsat/Benchmarks/random0/P0.333333333333333N3L40M100T100-4.mltl,0.616,17032,sat
/home/michele/mltlsat/Benchmarks/random0/P0.333333333333333N3L40M100T100-5.mltl,0.64,16991.2,sat
/home/michele/mltlsat/Benchmarks/random0/P0.333333333333333N3L40M100T100-6.mltl,0.612,16999.2,sat
/home/michele/mltlsat/Benchmarks/random0/P0.333333333333333N3L40M100T100-7.mltl,0.6,16991.2,sat
/home/michele/mltlsat/Benchmarks/random0/P0.333333333333333N3L40M100T100-8.mltl,0.588,16996.8,sat
/home/michele/mltlsat/Benchmarks/random0/P0.333333333333333N3L40M100T100-9.mltl,0.59,16998.4,sat
/home/michele/mltlsat/Benchmarks/random0/P0.333333333333333N3L45M100T100-10.mltl,0.594,17014.4,sat
/home/michele/mltlsat/Benchmarks/random0/P0.333333333333333N3L45M100T100-1.mltl,0.59,16991.2,sat
/home/michele/mltlsat/Benchmarks/random0/P0.333333333333333N3L45M100T100-2.mltl,0.58,17018.4,sat
/home/michele/mltlsat/Benchmarks/random0/P0.333333333333333N3L45M100T100-3.mltl,0.612,19458.4,sat
/home/michele/mltlsat/Benchmarks/random0/P0.333333333333333N3L45M100T100-4.mltl,0.604,17012,unsat
/home/michele/mltlsat/Benchmarks/random0/P0.333333333333333N3L45M100T100-5.mltl,0.614,17011.2,sat
/home/michele/mltlsat/Benchmarks/random0/P0.333333333333333N3L45M100T100-6.mltl,0.584,17034.4,sat
/home/michele/mltlsat/Benchmarks/random0/P0.333333333333333N3L45M100T100-7.mltl,0.62,16987.2,sat
/home/michele/mltlsat/Benchmarks/random0/P0.333333333333333N3L45M100T100-8.mltl,0.608,17016,sat
/home/michele/mltlsat/Benchmarks/random0/P0.333333333333333N3L45M100T100-9.mltl,0.614,17017.6,sat
/home/michele/mltlsat/Benchmarks/random0/P0.333333333333333N3L50M100T100-10.mltl,0.562,17004.8,sat
/home/michele/mltlsat/Benchmarks/random0/P0.333333333333333N3L50M100T100-1.mltl,0.576,17642.4,sat
/home/michele/mltlsat/Benchmarks/random0/P0.333333333333333N3L50M100T100-2.mltl,0.5559999999999999,16993.6,unsat
/home/michele/mltlsat/Benchmarks/random0/P0.333333333333333N3L50M100T100-3.mltl,0.602,23492,sat
/home/michele/mltlsat/Benchmarks/random0/P0.333333333333333N3L50M100T100-4.mltl,0.59,16995.2,sat
/home/michele/mltlsat/Benchmarks/random0/P0.333333333333333N3L50M100T100-5.mltl,0.5740000000000001,17011.2,sat
/home/michele/mltlsat/Benchmarks/random0/P0.333333333333333N3L50M100T100-6.mltl,0.57,17018.4,sat
/home/michele/mltlsat/Benchmarks/random0/P0.333333333333333N3L50M100T100-7.mltl,0.572,17018.4,sat
/home/michele/mltlsat/Benchmarks/random0/P0.333333333333333N3L50M100T100-8.mltl,0.588,17020.8,unsat
/home/michele/mltlsat/Benchmarks/random0/P0.333333333333333N3L50M100T100-9.mltl,0.578,16988,sat
/home/michele/mltlsat/Benchmarks/random0/P0.333333333333333N3L55M100T100-10.mltl,0.58,17017.6,sat
/home/michele/mltlsat/Benchmarks/random0/P0.333333333333333N3L55M100T100-1.mltl,0.608,17019.2,sat
/home/michele/mltlsat/Benchmarks/random0/P0.333333333333333N3L55M100T100-2.mltl,0.624,16980.8,sat
/home/michele/mltlsat/Benchmarks/random0/P0.333333333333333N3L55M100T100-3.mltl,0.626,17016,sat
/home/michele/mltlsat/Benchmarks/random0/P0.333333333333333N3L55M100T100-4.mltl,0.628,16980,unsat
/home/michele/mltlsat/Benchmarks/random0/P0.333333333333333N3L55M100T100-5.mltl,0.632,16988.8,sat
/home/michele/mltlsat/Benchmarks/random0/P0.333333333333333N3L55M100T100-6.mltl,0.614,17019.2,sat
/home/michele/mltlsat/Benchmarks/random0/P0.333333333333333N3L55M100T100-7.mltl,0.576,17014.4,sat
/home/michele/mltlsat/Benchmarks/random0/P0.333333333333333N3L55M100T100-8.mltl,0.586,17012.8,sat
/home/michele/mltlsat/Benchmarks/random0/P0.333333333333333N3L55M100T100-9.mltl,0.556,17004.8,sat
/home/michele/mltlsat/Benchmarks/random0/P0.333333333333333N3L5M100T100-10.mltl,0.604,16997.6,sat
/home/michele/mltlsat/Benchmarks/random0/P0.333333333333333N3L5M100T100-1.mltl,0.59,17013.6,sat
/home/michele/mltlsat/Benchmarks/random0/P0.333333333333333N3L5M100T100-2.mltl,0.574,17004.8,sat
/home/michele/mltlsat/Benchmarks/random0/P0.333333333333333N3L5M100T100-3.mltl,0.602,17299.2,sat
/home/michele/mltlsat/Benchmarks/random0/P0.333333333333333N3L5M100T100-4.mltl,0.588,17006.4,sat
/home/michele/mltlsat/Benchmarks/random0/P0.333333333333333N3L5M100T100-5.mltl,0.582,16999.2,sat
/home/michele/mltlsat/Benchmarks/random0/P0.333333333333333N3L5M100T100-6.mltl,0.586,16692.8,sat
/home/michele/mltlsat/Benchmarks/random0/P0.333333333333333N3L5M100T100-7.mltl,0.6,17002.4,sat
/home/michele/mltlsat/Benchmarks/random0/P0.333333333333333N3L5M100T100-8.mltl,0.604,17011.2,sat
/home/michele/mltlsat/Benchmarks/random0/P0.333333333333333N3L5M100T100-9.mltl,0.59,17015.2,sat
/home/michele/mltlsat/Benchmarks/random0/P0.333333333333333N3L60M100T100-10.mltl,0.578,17020.8,sat
/home/michele/mltlsat/Benchmarks/random0/P0.333333333333333N3L60M100T100-1.mltl,0.582,17007.2,sat
/home/michele/mltlsat/Benchmarks/random0/P0.333333333333333N3L60M100T100-2.mltl,0.624,16693.6,unsat
/home/michele/mltlsat/Benchmarks/random0/P0.333333333333333N3L60M100T100-3.mltl,0.574,17002.4,sat
/home/michele/mltlsat/Benchmarks/random0/P0.333333333333333N3L60M100T100-4.mltl,0.578,17005.6,sat
/home/michele/mltlsat/Benchmarks/random0/P0.333333333333333N3L60M100T100-5.mltl,0.752,37724,sat
/home/michele/mltlsat/Benchmarks/random0/P0.333333333333333N3L60M100T100-6.mltl,0.5559999999999999,16999.2,sat
/home/michele/mltlsat/Benchmarks/random0/P0.333333333333333N3L60M100T100-7.mltl,0.548,17016.8,unsat
/home/michele/mltlsat/Benchmarks/random0/P0.333333333333333N3L60M100T100-8.mltl,0.568,17015.2,sat
/home/michele/mltlsat/Benchmarks/random0/P0.333333333333333N3L60M100T100-9.mltl,0.5599999999999999,18872.8,sat
/home/michele/mltlsat/Benchmarks/random0/P0.333333333333333N3L65M100T100-10.mltl,0.576,17298.4,sat
/home/michele/mltlsat/Benchmarks/random0/P0.333333333333333N3L65M100T100-1.mltl,0.542,17318.4,unsat
/home/michele/mltlsat/Benchmarks/random0/P0.333333333333333N3L65M100T100-2.mltl,0.582,16982.4,sat
/home/michele/mltlsat/Benchmarks/random0/P0.333333333333333N3L65M100T100-3.mltl,0.556,17019.2,unsat
/home/michele/mltlsat/Benchmarks/random0/P0.333333333333333N3L65M100T100-4.mltl,0.544,17328,sat
/home/michele/mltlsat/Benchmarks/random0/P0.333333333333333N3L65M100T100-5.mltl,0.552,17336,sat
/home/michele/mltlsat/Benchmarks/random0/P0.333333333333333N3L65M100T100-6.mltl,0.59,17017.6,sat
/home/michele/mltlsat/Benchmarks/random0/P0.333333333333333N3L65M100T100-7.mltl,0.542,17016.8,sat
/home/michele/mltlsat/Benchmarks/random0/P0.333333333333333N3L65M100T100-8.mltl,0.524,17019.2,sat
/home/michele/mltlsat/Benchmarks/random0/P0.333333333333333N3L65M100T100-9.mltl,0.5479999999999999,17292.8,sat
/home/michele/mltlsat/Benchmarks/random0/P0.333333333333333N3L70M100T100-10.mltl,0.572,16997.6,sat
/home/michele/mltlsat/Benchmarks/random0/P0.333333333333333N3L70M100T100-1.mltl,0.598,17655.2,unsat
/home/michele/mltlsat/Benchmarks/random0/P0.333333333333333N3L70M100T100-2.mltl,0.588,17010.4,sat
/home/michele/mltlsat/Benchmarks/random0/P0.333333333333333N3L70M100T100-3.mltl,0.576,16996.8,sat
/home/michele/mltlsat/Benchmarks/random0/P0.333333333333333N3L70M100T100-4.mltl,0.598,16992.8,sat
/home/michele/mltlsat/Benchmarks/random0/P0.333333333333333N3L70M100T100-5.mltl,0.606,17025.6,sat
/home/michele/mltlsat/Benchmarks/random0/P0.333333333333333N3L70M100T100-6.mltl,0.594,16995.2,sat
/home/michele/mltlsat/Benchmarks/random0/P0.333333333333333N3L70M100T100-7.mltl,0.598,35871.2,sat
/home/michele/mltlsat/Benchmarks/random0/P0.333333333333333N3L70M100T100-8.mltl,0.5720000000000001,29967.2,sat
/home/michele/mltlsat/Benchmarks/random0/P0.333333333333333N3L70M100T100-9.mltl,0.536,16989.6,sat
/home/michele/mltlsat/Benchmarks/random0/P0.333333333333333N3L75M100T100-10.mltl,0.554,17009.6,sat
/home/michele/mltlsat/Benchmarks/random0/P0.333333333333333N3L75M100T100-1.mltl,0.554,17025.6,sat
/home/michele/mltlsat/Benchmarks/random0/P0.333333333333333N3L75M100T100-2.mltl,0.554,17012.8,sat
/home/michele/mltlsat/Benchmarks/random0/P0.333333333333333N3L75M100T100-3.mltl,0.582,17001.6,unsat
/home/michele/mltlsat/Benchmarks/random0/P0.333333333333333N3L75M100T100-4.mltl,0.588,17012,sat
/home/michele/mltlsat/Benchmarks/random0/P0.333333333333333N3L75M100T100-5.mltl,0.5660000000000001,17012,unsat
/home/michele/mltlsat/Benchmarks/random0/P0.333333333333333N3L75M100T100-6.mltl,0.576,17928,sat
/home/michele/mltlsat/Benchmarks/random0/P0.333333333333333N3L75M100T100-7.mltl,0.574,17022.4,sat
/home/michele/mltlsat/Benchmarks/random0/P0.333333333333333N3L75M100T100-8.mltl,0.66,38655.2,sat
/home/michele/mltlsat/Benchmarks/random0/P0.333333333333333N3L75M100T100-9.mltl,0.774,42642.4,sat
/home/michele/mltlsat/Benchmarks/random0/P0.333333333333333N3L80M100T100-10.mltl,0.544,17036.8,sat
/home/michele/mltlsat/Benchmarks/random0/P0.333333333333333N3L80M100T100-1.mltl,0.97,88707.2,sat
/home/michele/mltlsat/Benchmarks/random0/P0.333333333333333N3L80M100T100-2.mltl,0.57,17016,sat
/home/michele/mltlsat/Benchmarks/random0/P0.333333333333333N3L80M100T100-3.mltl,0.572,16992.8,sat
/home/michele/mltlsat/Benchmarks/random0/P0.333333333333333N3L80M100T100-4.mltl,0.596,34616.8,sat
/home/michele/mltlsat/Benchmarks/random0/P0.333333333333333N3L80M100T100-5.mltl,0.596,17025.6,sat
/home/michele/mltlsat/Benchmarks/random0/P0.333333333333333N3L80M100T100-6.mltl,0.59,17009.6,sat
/home/michele/mltlsat/Benchmarks/random0/P0.333333333333333N3L80M100T100-7.mltl,0.598,17008,unsat
/home/michele/mltlsat/Benchmarks/random0/P0.333333333333333N3L80M100T100-8.mltl,0.606,17004.8,sat
/home/michele/mltlsat/Benchmarks/random0/P0.333333333333333N3L80M100T100-9.mltl,0.612,17008,sat
/home/michele/mltlsat/Benchmarks/random0/P0.333333333333333N3L85M100T100-10.mltl,0.594,17004.8,sat
/home/michele/mltlsat/Benchmarks/random0/P0.333333333333333N3L85M100T100-1.mltl,0.616,27142.4,unsat
/home/michele/mltlsat/Benchmarks/random0/P0.333333333333333N3L85M100T100-2.mltl,0.592,17022.4,sat
/home/michele/mltlsat/Benchmarks/random0/P0.333333333333333N3L85M100T100-3.mltl,0.586,16994.4,sat
/home/michele/mltlsat/Benchmarks/random0/P0.333333333333333N3L85M100T100-4.mltl,0.594,36487.2,sat
/home/michele/mltlsat/Benchmarks/random0/P0.333333333333333N3L85M100T100-5.mltl,0.564,17016.8,unsat
/home/michele/mltlsat/Benchmarks/random0/P0.333333333333333N3L85M100T100-6.mltl,0.5619999999999999,16716.8,sat
/home/michele/mltlsat/Benchmarks/random0/P0.333333333333333N3L85M100T100-7.mltl,0.586,17021.6,sat
/home/michele/mltlsat/Benchmarks/random0/P0.333333333333333N3L85M100T100-8.mltl,0.59,18540.8,sat
/home/michele/mltlsat/Benchmarks/random0/P0.333333333333333N3L85M100T100-9.mltl,0.572,17296,sat
/home/michele/mltlsat/Benchmarks/random0/P0.333333333333333N3L90M100T100-10.mltl,0.58,17002.4,sat
/home/michele/mltlsat/Benchmarks/random0/P0.333333333333333N3L90M100T100-1.mltl,0.58,17008,sat
/home/michele/mltlsat/Benchmarks/random0/P0.333333333333333N3L90M100T100-2.mltl,0.588,16995.2,sat
/home/michele/mltlsat/Benchmarks/random0/P0.333333333333333N3L90M100T100-3.mltl,0.606,17006.4,sat
/home/michele/mltlsat/Benchmarks/random0/P0.333333333333333N3L90M100T100-4.mltl,0.606,16991.2,sat
/home/michele/mltlsat/Benchmarks/random0/P0.333333333333333N3L90M100T100-5.mltl,0.612,17005.6,sat
/home/michele/mltlsat/Benchmarks/random0/P0.333333333333333N3L90M100T100-6.mltl,0.582,17004.8,sat
/home/michele/mltlsat/Benchmarks/random0/P0.333333333333333N3L90M100T100-7.mltl,0.604,17012,sat
/home/michele/mltlsat/Benchmarks/random0/P0.333333333333333N3L90M100T100-8.mltl,0.622,17030.4,sat
/home/michele/mltlsat/Benchmarks/random0/P0.333333333333333N3L90M100T100-9.mltl,0.626,17009.6,unsat
/home/michele/mltlsat/Benchmarks/random0/P0.333333333333333N3L95M100T100-10.mltl,0.614,17008,sat
/home/michele/mltlsat/Benchmarks/random0/P0.333333333333333N3L95M100T100-1.mltl,0.59,17020,sat
/home/michele/mltlsat/Benchmarks/random0/P0.333333333333333N3L95M100T100-2.mltl,0.596,17324.8,sat
/home/michele/mltlsat/Benchmarks/random0/P0.333333333333333N3L95M100T100-3.mltl,0.618,17015.2,sat
/home/michele/mltlsat/Benchmarks/random0/P0.333333333333333N3L95M100T100-4.mltl,0.66,19145.6,sat
/home/michele/mltlsat/Benchmarks/random0/P0.333333333333333N3L95M100T100-5.mltl,0.656,36829.6,sat
/home/michele/mltlsat/Benchmarks/random0/P0.333333333333333N3L95M100T100-6.mltl,0.612,16986.4,sat
/home/michele/mltlsat/Benchmarks/random0/P0.333333333333333N3L95M100T100-7.mltl,0.62,17002.4,unsat
/home/michele/mltlsat/Benchmarks/random0/P0.333333333333333N3L95M100T100-8.mltl,0.594,16996.8,sat
/home/michele/mltlsat/Benchmarks/random0/P0.333333333333333N3L95M100T100-9.mltl,0.624,17020,sat
/home/michele/mltlsat/Benchmarks/random0/P0.333333333333333N4L100M100T100-10.mltl,0.634,17024.8,sat
/home/michele/mltlsat/Benchmarks/random0/P0.333333333333333N4L100M100T100-1.mltl,0.63,17020.8,sat
/home/michele/mltlsat/Benchmarks/random0/P0.333333333333333N4L100M100T100-2.mltl,0.626,16999.2,sat
/home/michele/mltlsat/Benchmarks/random0/P0.333333333333333N4L100M100T100-3.mltl,0.622,16988,sat
/home/michele/mltlsat/Benchmarks/random0/P0.333333333333333N4L100M100T100-4.mltl,0.61,17020.8,sat
/home/michele/mltlsat/Benchmarks/random0/P0.333333333333333N4L100M100T100-5.mltl,0.632,19477.6,sat
/home/michele/mltlsat/Benchmarks/random0/P0.333333333333333N4L100M100T100-6.mltl,0.5680000000000001,17027.2,sat
/home/michele/mltlsat/Benchmarks/random0/P0.333333333333333N4L100M100T100-7.mltl,0.602,17321.6,sat
/home/michele/mltlsat/Benchmarks/random0/P0.333333333333333N4L100M100T100-8.mltl,0.616,21643.2,sat
/home/michele/mltlsat/Benchmarks/random0/P0.333333333333333N4L100M100T100-9.mltl,0.592,16713.6,sat
/home/michele/mltlsat/Benchmarks/random0/P0.333333333333333N4L10M100T100-10.mltl,0.616,20425.6,sat
/home/michele/mltlsat/Benchmarks/random0/P0.333333333333333N4L10M100T100-1.mltl,0.546,16986.4,sat
/home/michele/mltlsat/Benchmarks/random0/P0.333333333333333N4L10M100T100-2.mltl,0.5599999999999999,16998.4,sat
/home/michele/mltlsat/Benchmarks/random0/P0.333333333333333N4L10M100T100-3.mltl,0.564,17034.4,sat
/home/michele/mltlsat/Benchmarks/random0/P0.333333333333333N4L10M100T100-4.mltl,0.5539999999999999,17005.6,sat
/home/michele/mltlsat/Benchmarks/random0/P0.333333333333333N4L10M100T100-5.mltl,0.604,17003.2,unsat
/home/michele/mltlsat/Benchmarks/random0/P0.333333333333333N4L10M100T100-6.mltl,0.65,19147.2,sat
/home/michele/mltlsat/Benchmarks/random0/P0.333333333333333N4L10M100T100-7.mltl,0.616,17299.2,sat
/home/michele/mltlsat/Benchmarks/random0/P0.333333333333333N4L10M100T100-8.mltl,0.59,17611.2,sat
/home/michele/mltlsat/Benchmarks/random0/P0.333333333333333N4L10M100T100-9.mltl,0.5740000000000001,16992.8,sat
/home/michele/mltlsat/Benchmarks/random0/P0.333333333333333N4L15M100T100-10.mltl,0.616,17293.6,sat
/home/michele/mltlsat/Benchmarks/random0/P0.333333333333333N4L15M100T100-1.mltl,0.616,17000.8,sat
/home/michele/mltlsat/Benchmarks/random0/P0.333333333333333N4L15M100T100-2.mltl,0.61,17324,sat
/home/michele/mltlsat/Benchmarks/random0/P0.333333333333333N4L15M100T100-3.mltl,0.608,16992,sat
/home/michele/mltlsat/Benchmarks/random0/P0.333333333333333N4L15M100T100-4.mltl,0.5760000000000001,17320,unsat
/home/michele/mltlsat/Benchmarks/random0/P0.333333333333333N4L15M100T100-5.mltl,0.612,17004.8,sat
/home/michele/mltlsat/Benchmarks/random0/P0.333333333333333N4L15M100T100-6.mltl,0.5660000000000001,16687.2,sat
/home/michele/mltlsat/Benchmarks/random0/P0.333333333333333N4L15M100T100-7.mltl,0.624,17623.2,sat
/home/michele/mltlsat/Benchmarks/random0/P0.333333333333333N4L15M100T100-8.mltl,0.594,17313.6,sat
/home/michele/mltlsat/Benchmarks/random0/P0.333333333333333N4L15M100T100-9.mltl,0.5700000000000001,17028.8,sat
/home/michele/mltlsat/Benchmarks/random0/P0.333333333333333N4L20M100T100-10.mltl,0.59,17010.4,sat
/home/michele/mltlsat/Benchmarks/random0/P0.333333333333333N4L20M100T100-1.mltl,0.578,17002.4,sat
/home/michele/mltlsat/Benchmarks/random0/P0.333333333333333N4L20M100T100-2.mltl,0.604,17016,sat
/home/michele/mltlsat/Benchmarks/random0/P0.333333333333333N4L20M100T100-3.mltl,0.5700000000000001,16999.2,sat
/home/michele/mltlsat/Benchmarks/random0/P0.333333333333333N4L20M100T100-4.mltl,0.614,16994.4,sat
/home/michele/mltlsat/Benchmarks/random0/P0.333333333333333N4L20M100T100-5.mltl,0.606,17322.4,sat
/home/michele/mltlsat/Benchmarks/random0/P0.333333333333333N4L20M100T100-6.mltl,0.622,17012,sat
/home/michele/mltlsat/Benchmarks/random0/P0.333333333333333N4L20M100T100-7.mltl,0.6,17000,sat
/home/michele/mltlsat/Benchmarks/random0/P0.333333333333333N4L20M100T100-8.mltl,0.602,17016,sat
/home/michele/mltlsat/Benchmarks/random0/P0.333333333333333N4L20M100T100-9.mltl,0.618,17009.6,sat
/home/michele/mltlsat/Benchmarks/random0/P0.333333333333333N4L25M100T100-10.mltl,0.558,17032,sat
/home/michele/mltlsat/Benchmarks/random0/P0.333333333333333N4L25M100T100-1.mltl,0.618,16999.2,sat
/home/michele/mltlsat/Benchmarks/random0/P0.333333333333333N4L25M100T100-2.mltl,0.57,16996.8,unsat
/home/michele/mltlsat/Benchmarks/random0/P0.333333333333333N4L25M100T100-3.mltl,0.588,17005.6,sat
/home/michele/mltlsat/Benchmarks/random0/P0.333333333333333N4L25M100T100-4.mltl,0.5900000000000001,20696.8,sat
/home/michele/mltlsat/Benchmarks/random0/P0.333333333333333N4L25M100T100-5.mltl,0.592,17011.2,sat
/home/michele/mltlsat/Benchmarks/random0/P0.333333333333333N4L25M100T100-6.mltl,0.59,17006.4,sat
/home/michele/mltlsat/Benchmarks/random0/P0.333333333333333N4L25M100T100-7.mltl,0.594,16997.6,sat
/home/michele/mltlsat/Benchmarks/random0/P0.333333333333333N4L25M100T100-8.mltl,0.582,17024,sat
/home/michele/mltlsat/Benchmarks/random0/P0.333333333333333N4L25M100T100-9.mltl,0.578,16997.6,sat
/home/michele/mltlsat/Benchmarks/random0/P0.333333333333333N4L30M100T100-10.mltl,0.608,16994.4,sat
/home/michele/mltlsat/Benchmarks/random0/P0.333333333333333N4L30M100T100-1.mltl,0.612,17007.2,sat
/home/michele/mltlsat/Benchmarks/random0/P0.333333333333333N4L30M100T100-2.mltl,0.608,18845.6,sat
/home/michele/mltlsat/Benchmarks/random0/P0.333333333333333N4L30M100T100-3.mltl,0.572,17026.4,sat
/home/michele/mltlsat/Benchmarks/random0/P0.333333333333333N4L30M100T100-4.mltl,0.606,17012,sat
/home/michele/mltlsat/Benchmarks/random0/P0.333333333333333N4L30M100T100-5.mltl,0.608,36816,sat
/home/michele/mltlsat/Benchmarks/random0/P0.333333333333333N4L30M100T100-6.mltl,0.602,20705.6,sat
/home/michele/mltlsat/Benchmarks/random0/P0.333333333333333N4L30M100T100-7.mltl,0.618,16986.4,sat
/home/michele/mltlsat/Benchmarks/random0/P0.333333333333333N4L30M100T100-8.mltl,0.624,17015.2,sat
/home/michele/mltlsat/Benchmarks/random0/P0.333333333333333N4L30M100T100-9.mltl,0.582,16982.4,sat
/home/michele/mltlsat/Benchmarks/random0/P0.333333333333333N4L35M100T100-10.mltl,0.61,17005.6,sat
/home/michele/mltlsat/Benchmarks/random0/P0.333333333333333N4L35M100T100-1.mltl,0.622,17009.6,sat
/home/michele/mltlsat/Benchmarks/random0/P0.333333333333333N4L35M100T100-2.mltl,0.606,20373.6,sat
/home/michele/mltlsat/Benchmarks/random0/P0.333333333333333N4L35M100T100-3.mltl,0.592,17004.8,sat
/home/michele/mltlsat/Benchmarks/random0/P0.333333333333333N4L35M100T100-4.mltl,0.608,16993.6,sat
/home/michele/mltlsat/Benchmarks/random0/P0.333333333333333N4L35M100T100-5.mltl,0.582,16987.2,sat
/home/michele/mltlsat/Benchmarks/random0/P0.333333333333333N4L35M100T100-6.mltl,0.59,16990.4,sat
/home/michele/mltlsat/Benchmarks/random0/P0.333333333333333N4L35M100T100-7.mltl,0.594,16986.4,sat
/home/michele/mltlsat/Benchmarks/random0/P0.333333333333333N4L35M100T100-8.mltl,0.642,16989.6,sat
/home/michele/mltlsat/Benchmarks/random0/P0.333333333333333N4L35M100T100-9.mltl,0.638,17024.8,sat
/home/michele/mltlsat/Benchmarks/random0/P0.333333333333333N4L40M100T100-10.mltl,0.614,17012.8,unsat
/home/michele/mltlsat/Benchmarks/random0/P0.333333333333333N4L40M100T100-1.mltl,0.614,16993.6,unsat
/home/michele/mltlsat/Benchmarks/random0/P0.333333333333333N4L40M100T100-2.mltl,0.588,16998.4,sat
/home/michele/mltlsat/Benchmarks/random0/P0.333333333333333N4L40M100T100-3.mltl,0.604,17014.4,sat
/home/michele/mltlsat/Benchmarks/random0/P0.333333333333333N4L40M100T100-4.mltl,0.608,17015.2,sat
/home/michele/mltlsat/Benchmarks/random0/P0.333333333333333N4L40M100T100-5.mltl,1.096,53986.4,sat
/home/michele/mltlsat/Benchmarks/random0/P0.333333333333333N4L40M100T100-6.mltl,0.6,17016.8,sat
/home/michele/mltlsat/Benchmarks/random0/P0.333333333333333N4L40M100T100-7.mltl,0.624,17308.8,sat
/home/michele/mltlsat/Benchmarks/random0/P0.333333333333333N4L40M100T100-8.mltl,0.652,17296.8,sat
/home/michele/mltlsat/Benchmarks/random0/P0.333333333333333N4L40M100T100-9.mltl,0.622,17004.8,unsat
/home/michele/mltlsat/Benchmarks/random0/P0.333333333333333N4L45M100T100-10.mltl,0.626,17319.2,sat
/home/michele/mltlsat/Benchmarks/random0/P0.333333333333333N4L45M100T100-1.mltl,0.61,17008.8,sat
/home/michele/mltlsat/Benchmarks/random0/P0.333333333333333N4L45M100T100-2.mltl,0.598,17316.8,sat
/home/michele/mltlsat/Benchmarks/random0/P0.333333333333333N4L45M100T100-3.mltl,0.602,16987.2,sat
/home/michele/mltlsat/Benchmarks/random0/P0.333333333333333N4L45M100T100-4.mltl,0.59,17316.8,sat
/home/michele/mltlsat/Benchmarks/random0/P0.333333333333333N4L45M100T100-5.mltl,0.586,17308.8,sat
/home/michele/mltlsat/Benchmarks/random0/P0.333333333333333N4L45M100T100-6.mltl,0.606,17332,sat
/home/michele/mltlsat/Benchmarks/random0/P0.333333333333333N4L45M100T100-7.mltl,0.5640000000000001,17032,unsat
/home/michele/mltlsat/Benchmarks/random0/P0.333333333333333N4L45M100T100-8.mltl,0.616,17028,sat
/home/michele/mltlsat/Benchmarks/random0/P0.333333333333333N4L45M100T100-9.mltl,0.598,17004,sat
/home/michele/mltlsat/Benchmarks/random0/P0.333333333333333N4L50M100T100-10.mltl,0.57,17018.4,sat
/home/michele/mltlsat/Benchmarks/random0/P0.333333333333333N4L50M100T100-1.mltl,0.586,17014.4,sat
/home/michele/mltlsat/Benchmarks/random0/P0.333333333333333N4L50M100T100-2.mltl,0.626,16996.8,sat
/home/michele/mltlsat/Benchmarks/random0/P0.333333333333333N4L50M100T100-3.mltl,0.614,17941.6,sat
/home/michele/mltlsat/Benchmarks/random0/P0.333333333333333N4L50M100T100-4.mltl,0.606,16995.2,unsat
/home/michele/mltlsat/Benchmarks/random0/P0.333333333333333N4L50M100T100-5.mltl,0.61,17016,sat
/home/michele/mltlsat/Benchmarks/random0/P0.333333333333333N4L50M100T100-6.mltl,0.622,17004.8,sat
/home/michele/mltlsat/Benchmarks/random0/P0.333333333333333N4L50M100T100-7.mltl,0.6,16998.4,sat
/home/michele/mltlsat/Benchmarks/random0/P0.333333333333333N4L50M100T100-8.mltl,0.586,17020.8,sat
/home/michele/mltlsat/Benchmarks/random0/P0.333333333333333N4L50M100T100-9.mltl,0.66,32748.8,sat
/home/michele/mltlsat/Benchmarks/random0/P0.333333333333333N4L55M100T100-10.mltl,0.5700000000000001,17024.8,sat
/home/michele/mltlsat/Benchmarks/random0/P0.333333333333333N4L55M100T100-1.mltl,0.606,16989.6,sat
/home/michele/mltlsat/Benchmarks/random0/P0.333333333333333N4L55M100T100-2.mltl,0.62,38397.6,sat
/home/michele/mltlsat/Benchmarks/random0/P0.333333333333333N4L55M100T100-3.mltl,0.574,17008,sat
/home/michele/mltlsat/Benchmarks/random0/P0.333333333333333N4L55M100T100-4.mltl,0.626,20385.6,sat
/home/michele/mltlsat/Benchmarks/random0/P0.333333333333333N4L55M100T100-5.mltl,0.602,17013.6,sat
/home/michele/mltlsat/Benchmarks/random0/P0.333333333333333N4L55M100T100-6.mltl,0.614,17014.4,sat
/home/michele/mltlsat/Benchmarks/random0/P0.333333333333333N4L55M100T100-7.mltl,0.63,24392.8,sat
/home/michele/mltlsat/Benchmarks/random0/P0.333333333333333N4L55M100T100-8.mltl,0.598,17025.6,sat
/home/michele/mltlsat/Benchmarks/random0/P0.333333333333333N4L55M100T100-9.mltl,0.58,16985.6,sat
/home/michele/mltlsat/Benchmarks/random0/P0.333333333333333N4L5M100T100-10.mltl,0.568,17312.8,sat
/home/michele/mltlsat/Benchmarks/random0/P0.333333333333333N4L5M100T100-1.mltl,0.574,19768.8,sat
/home/michele/mltlsat/Benchmarks/random0/P0.333333333333333N4L5M100T100-2.mltl,0.564,16995.2,sat
/home/michele/mltlsat/Benchmarks/random0/P0.333333333333333N4L5M100T100-3.mltl,0.58,17022.4,unsat
/home/michele/mltlsat/Benchmarks/random0/P0.333333333333333N4L5M100T100-4.mltl,0.59,17016,sat
/home/michele/mltlsat/Benchmarks/random0/P0.333333333333333N4L5M100T100-5.mltl,0.622,17013.6,sat
/home/michele/mltlsat/Benchmarks/random0/P0.333333333333333N4L5M100T100-6.mltl,0.614,20716.8,sat
/home/michele/mltlsat/Benchmarks/random0/P0.333333333333333N4L5M100T100-7.mltl,0.614,17001.6,sat
/home/michele/mltlsat/Benchmarks/random0/P0.333333333333333N4L5M100T100-8.mltl,0.604,17000,sat
/home/michele/mltlsat/Benchmarks/random0/P0.333333333333333N4L5M100T100-9.mltl,0.622,17005.6,sat
/home/michele/mltlsat/Benchmarks/random0/P0.333333333333333N4L60M100T100-10.mltl,0.622,17007.2,sat
/home/michele/mltlsat/Benchmarks/random0/P0.333333333333333N4L60M100T100-1.mltl,0.622,16994.4,sat
/home/michele/mltlsat/Benchmarks/random0/P0.333333333333333N4L60M100T100-2.mltl,0.662,19462.4,sat
/home/michele/mltlsat/Benchmarks/random0/P0.333333333333333N4L60M100T100-3.mltl,0.608,17009.6,sat
/home/michele/mltlsat/Benchmarks/random0/P0.333333333333333N4L60M100T100-4.mltl,0.636,16986.4,sat
/home/michele/mltlsat/Benchmarks/random0/P0.333333333333333N4L60M100T100-5.mltl,0.618,17012.8,sat
/home/michele/mltlsat/Benchmarks/random0/P0.333333333333333N4L60M100T100-6.mltl,0.63,17020,sat
/home/michele/mltlsat/Benchmarks/random0/P0.333333333333333N4L60M100T100-7.mltl,0.594,17011.2,sat
/home/michele/mltlsat/Benchmarks/random0/P0.333333333333333N4L60M100T100-8.mltl,0.616,17006.4,sat
/home/michele/mltlsat/Benchmarks/random0/P0.333333333333333N4L60M100T100-9.mltl,0.58,17322.4,sat
/home/michele/mltlsat/Benchmarks/random0/P0.333333333333333N4L65M100T100-10.mltl,0.614,16993.6,sat
/home/michele/mltlsat/Benchmarks/random0/P0.333333333333333N4L65M100T100-1.mltl,0.622,22278.4,sat
/home/michele/mltlsat/Benchmarks/random0/P0.333333333333333N4L65M100T100-2.mltl,0.574,17006.4,sat
/home/michele/mltlsat/Benchmarks/random0/P0.333333333333333N4L65M100T100-3.mltl,0.592,17636,sat
/home/michele/mltlsat/Benchmarks/random0/P0.333333333333333N4L65M100T100-4.mltl,0.586,17015.2,sat
/home/michele/mltlsat/Benchmarks/random0/P0.333333333333333N4L65M100T100-5.mltl,0.73,38380.8,sat
/home/michele/mltlsat/Benchmarks/random0/P0.333333333333333N4L65M100T100-6.mltl,0.594,17016,sat
/home/michele/mltlsat/Benchmarks/random0/P0.333333333333333N4L65M100T100-7.mltl,0.616,17010.4,unsat
/home/michele/mltlsat/Benchmarks/random0/P0.333333333333333N4L65M100T100-8.mltl,0.578,17033.6,sat
/home/michele/mltlsat/Benchmarks/random0/P0.333333333333333N4L65M100T100-9.mltl,0.596,17007.2,sat
/home/michele/mltlsat/Benchmarks/random0/P0.333333333333333N4L70M100T100-10.mltl,0.632,36808,sat
/home/michele/mltlsat/Benchmarks/random0/P0.333333333333333N4L70M100T100-1.mltl,0.596,17009.6,sat
/home/michele/mltlsat/Benchmarks/random0/P0.333333333333333N4L70M100T100-2.mltl,0.5680000000000001,17296,sat
/home/michele/mltlsat/Benchmarks/random0/P0.333333333333333N4L70M100T100-3.mltl,0.556,35553.6,sat
/home/michele/mltlsat/Benchmarks/random0/P0.333333333333333N4L70M100T100-4.mltl,0.576,34340,sat
/home/michele/mltlsat/Benchmarks/random0/P0.333333333333333N4L70M100T100-5.mltl,0.55,17000.8,sat
/home/michele/mltlsat/Benchmarks/random0/P0.333333333333333N4L70M100T100-6.mltl,0.548,17005.6,unsat
/home/michele/mltlsat/Benchmarks/random0/P0.333333333333333N4L70M100T100-7.mltl,0.576,17006.4,sat
/home/michele/mltlsat/Benchmarks/random0/P0.333333333333333N4L70M100T100-8.mltl,0.582,17000,unsat
/home/michele/mltlsat/Benchmarks/random0/P0.333333333333333N4L70M100T100-9.mltl,0.602,36453.6,sat
/home/michele/mltlsat/Benchmarks/random0/P0.333333333333333N4L75M100T100-10.mltl,0.572,16997.6,sat
/home/michele/mltlsat/Benchmarks/random0/P0.333333333333333N4L75M100T100-1.mltl,0.554,17024,sat
/home/michele/mltlsat/Benchmarks/random0/P0.333333333333333N4L75M100T100-2.mltl,0.568,16696,unsat
/home/michele/mltlsat/Benchmarks/random0/P0.333333333333333N4L75M100T100-3.mltl,0.552,17322.4,unsat
/home/michele/mltlsat/Benchmarks/random0/P0.333333333333333N4L75M100T100-4.mltl,0.564,17014.4,sat
/home/michele/mltlsat/Benchmarks/random0/P0.333333333333333N4L75M100T100-5.mltl,0.578,17028.8,sat
/home/michele/mltlsat/Benchmarks/random0/P0.333333333333333N4L75M100T100-6.mltl,0.574,16995.2,sat
/home/michele/mltlsat/Benchmarks/random0/P0.333333333333333N4L75M100T100-7.mltl,17.366,2062972,sat
/home/michele/mltlsat/Benchmarks/random0/P0.333333333333333N4L75M100T100-8.mltl,0.59,17022.4,sat
/home/michele/mltlsat/Benchmarks/random0/P0.333333333333333N4L75M100T100-9.mltl,0.586,17015.2,sat
/home/michele/mltlsat/Benchmarks/random0/P0.333333333333333N4L80M100T100-10.mltl,0.588,16988,sat
/home/michele/mltlsat/Benchmarks/random0/P0.333333333333333N4L80M100T100-1.mltl,0.578,17018.4,sat
/home/michele/mltlsat/Benchmarks/random0/P0.333333333333333N4L80M100T100-2.mltl,0.594,16995.2,sat
/home/michele/mltlsat/Benchmarks/random0/P0.333333333333333N4L80M100T100-3.mltl,0.5559999999999999,17009.6,sat
/home/michele/mltlsat/Benchmarks/random0/P0.333333333333333N4L80M100T100-4.mltl,0.576,17021.6,sat
/home/michele/mltlsat/Benchmarks/random0/P0.333333333333333N4L80M100T100-5.mltl,0.592,17308,sat
/home/michele/mltlsat/Benchmarks/random0/P0.333333333333333N4L80M100T100-6.mltl,0.602,16998.4,sat
/home/michele/mltlsat/Benchmarks/random0/P0.333333333333333N4L80M100T100-7.mltl,0.598,17008.8,sat
/home/michele/mltlsat/Benchmarks/random0/P0.333333333333333N4L80M100T100-8.mltl,0.602,17004,sat
/home/michele/mltlsat/Benchmarks/random0/P0.333333333333333N4L80M100T100-9.mltl,0.62,28724.8,sat
/home/michele/mltlsat/Benchmarks/random0/P0.333333333333333N4L85M100T100-10.mltl,0.61,16996.8,sat
/home/michele/mltlsat/Benchmarks/random0/P0.333333333333333N4L85M100T100-1.mltl,0.632,35516,sat
/home/michele/mltlsat/Benchmarks/random0/P0.333333333333333N4L85M100T100-2.mltl,0.596,17005.6,sat
/home/michele/mltlsat/Benchmarks/random0/P0.333333333333333N4L85M100T100-3.mltl,0.602,16996.8,sat
/home/michele/mltlsat/Benchmarks/random0/P0.333333333333333N4L85M100T100-4.mltl,0.55,17323.2,sat
/home/michele/mltlsat/Benchmarks/random0/P0.333333333333333N4L85M100T100-5.mltl,0.568,17009.6,sat
/home/michele/mltlsat/Benchmarks/random0/P0.333333333333333N4L85M100T100-6.mltl,0.59,35572,unsat
/home/michele/mltlsat/Benchmarks/random0/P0.333333333333333N4L85M100T100-7.mltl,0.606,17032,sat
/home/michele/mltlsat/Benchmarks/random0/P0.333333333333333N4L85M100T100-8.mltl,0.608,16998.4,sat
/home/michele/mltlsat/Benchmarks/random0/P0.333333333333333N4L85M100T100-9.mltl,0.61,16984,sat
/home/michele/mltlsat/Benchmarks/random0/P0.333333333333333N4L90M100T100-10.mltl,0.63,17317.6,sat
/home/michele/mltlsat/Benchmarks/random0/P0.333333333333333N4L90M100T100-1.mltl,0.622,16999.2,sat
/home/michele/mltlsat/Benchmarks/random0/P0.333333333333333N4L90M100T100-2.mltl,0.632,16998.4,sat
/home/michele/mltlsat/Benchmarks/random0/P0.333333333333333N4L90M100T100-3.mltl,0.596,17299.2,sat
/home/michele/mltlsat/Benchmarks/random0/P0.333333333333333N4L90M100T100-4.mltl,0.606,20412.8,sat
/home/michele/mltlsat/Benchmarks/random0/P0.333333333333333N4L90M100T100-5.mltl,0.614,17004,sat
/home/michele/mltlsat/Benchmarks/random0/P0.333333333333333N4L90M100T100-6.mltl,0.618,16990.4,sat
/home/michele/mltlsat/Benchmarks/random0/P0.333333333333333N4L90M100T100-7.mltl,0.606,17000,sat
/home/michele/mltlsat/Benchmarks/random0/P0.333333333333333N4L90M100T100-8.mltl,0.64,38662.4,sat
/home/michele/mltlsat/Benchmarks/random0/P0.333333333333333N4L90M100T100-9.mltl,0.602,17006.4,sat
/home/michele/mltlsat/Benchmarks/random0/P0.333333333333333N4L95M100T100-10.mltl,0.872,61532,sat
/home/michele/mltlsat/Benchmarks/random0/P0.333333333333333N4L95M100T100-1.mltl,0.662,36840.8,sat
/home/michele/mltlsat/Benchmarks/random0/P0.333333333333333N4L95M100T100-2.mltl,0.626,20415.2,sat
/home/michele/mltlsat/Benchmarks/random0/P0.333333333333333N4L95M100T100-3.mltl,0.574,16984.8,sat
/home/michele/mltlsat/Benchmarks/random0/P0.333333333333333N4L95M100T100-4.mltl,0.6,16990.4,sat
/home/michele/mltlsat/Benchmarks/random0/P0.333333333333333N4L95M100T100-5.mltl,0.574,17007.2,sat
/home/michele/mltlsat/Benchmarks/random0/P0.333333333333333N4L95M100T100-6.mltl,0.596,17316,sat
/home/michele/mltlsat/Benchmarks/random0/P0.333333333333333N4L95M100T100-7.mltl,0.57,17280,sat
/home/michele/mltlsat/Benchmarks/random0/P0.333333333333333N4L95M100T100-8.mltl,0.582,17005.6,sat
/home/michele/mltlsat/Benchmarks/random0/P0.333333333333333N4L95M100T100-9.mltl,0.62,17008,unsat
/home/michele/mltlsat/Benchmarks/random0/P0.333333333333333N5L100M100T100-10.mltl,0.592,16996,sat
/home/michele/mltlsat/Benchmarks/random0/P0.333333333333333N5L100M100T100-1.mltl,0.612,17017.6,sat
/home/michele/mltlsat/Benchmarks/random0/P0.333333333333333N5L100M100T100-2.mltl,0.614,17005.6,sat
/home/michele/mltlsat/Benchmarks/random0/P0.333333333333333N5L100M100T100-3.mltl,0.602,19783.2,sat
/home/michele/mltlsat/Benchmarks/random0/P0.333333333333333N5L100M100T100-4.mltl,0.586,17317.6,sat
/home/michele/mltlsat/Benchmarks/random0/P0.333333333333333N5L100M100T100-5.mltl,0.614,16995.2,sat
/home/michele/mltlsat/Benchmarks/random0/P0.333333333333333N5L100M100T100-6.mltl,0.602,17039.2,sat
/home/michele/mltlsat/Benchmarks/random0/P0.333333333333333N5L100M100T100-7.mltl,0.602,16988.8,sat
/home/michele/mltlsat/Benchmarks/random0/P0.333333333333333N5L100M100T100-8.mltl,0.628,16997.6,sat
/home/michele/mltlsat/Benchmarks/random0/P0.333333333333333N5L100M100T100-9.mltl,0.632,17005.6,sat
/home/michele/mltlsat/Benchmarks/random0/P0.333333333333333N5L10M100T100-10.mltl,0.626,17020,sat
/home/michele/mltlsat/Benchmarks/random0/P0.333333333333333N5L10M100T100-1.mltl,0.602,17323.2,sat
/home/michele/mltlsat/Benchmarks/random0/P0.333333333333333N5L10M100T100-2.mltl,0.62,17012,sat
/home/michele/mltlsat/Benchmarks/random0/P0.333333333333333N5L10M100T100-3.mltl,0.592,17014.4,sat
/home/michele/mltlsat/Benchmarks/random0/P0.333333333333333N5L10M100T100-4.mltl,0.5740000000000001,17016,sat
/home/michele/mltlsat/Benchmarks/random0/P0.333333333333333N5L10M100T100-5.mltl,0.566,17014.4,sat
/home/michele/mltlsat/Benchmarks/random0/P0.333333333333333N5L10M100T100-6.mltl,0.574,17295.2,sat
/home/michele/mltlsat/Benchmarks/random0/P0.333333333333333N5L10M100T100-7.mltl,0.582,16988,sat
/home/michele/mltlsat/Benchmarks/random0/P0.333333333333333N5L10M100T100-8.mltl,0.5680000000000001,17000.8,sat
/home/michele/mltlsat/Benchmarks/random0/P0.333333333333333N5L10M100T100-9.mltl,0.562,17327.2,sat
/home/michele/mltlsat/Benchmarks/random0/P0.333333333333333N5L15M100T100-10.mltl,0.602,17003.2,sat
/home/michele/mltlsat/Benchmarks/random0/P0.333333333333333N5L15M100T100-1.mltl,0.5619999999999999,17026.4,sat
/home/michele/mltlsat/Benchmarks/random0/P0.333333333333333N5L15M100T100-2.mltl,0.578,17004.8,sat
/home/michele/mltlsat/Benchmarks/random0/P0.333333333333333N5L15M100T100-3.mltl,0.5660000000000001,17007.2,sat
/home/michele/mltlsat/Benchmarks/random0/P0.333333333333333N5L15M100T100-4.mltl,0.556,17006.4,sat
/home/michele/mltlsat/Benchmarks/random0/P0.333333333333333N5L15M100T100-5.mltl,0.534,17026.4,sat
/home/michele/mltlsat/Benchmarks/random0/P0.333333333333333N5L15M100T100-6.mltl,0.544,17004,sat
/home/michele/mltlsat/Benchmarks/random0/P0.333333333333333N5L15M100T100-7.mltl,0.514,17006.4,sat
/home/michele/mltlsat/Benchmarks/random0/P0.333333333333333N5L15M100T100-8.mltl,0.5499999999999999,17000.8,sat
/home/michele/mltlsat/Benchmarks/random0/P0.333333333333333N5L15M100T100-9.mltl,0.528,17021.6,sat
/home/michele/mltlsat/Benchmarks/random0/P0.333333333333333N5L20M100T100-10.mltl,0.55,17022.4,sat
/home/michele/mltlsat/Benchmarks/random0/P0.333333333333333N5L20M100T100-1.mltl,0.57,17328,sat
/home/michele/mltlsat/Benchmarks/random0/P0.333333333333333N5L20M100T100-2.mltl,0.596,17014.4,sat
/home/michele/mltlsat/Benchmarks/random0/P0.333333333333333N5L20M100T100-3.mltl,0.59,17013.6,sat
/home/michele/mltlsat/Benchmarks/random0/P0.333333333333333N5L20M100T100-4.mltl,0.588,17013.6,sat
/home/michele/mltlsat/Benchmarks/random0/P0.333333333333333N5L20M100T100-5.mltl,0.592,17014.4,sat
/home/michele/mltlsat/Benchmarks/random0/P0.333333333333333N5L20M100T100-6.mltl,0.594,17004.8,sat
/home/michele/mltlsat/Benchmarks/random0/P0.333333333333333N5L20M100T100-7.mltl,0.602,17019.2,sat
/home/michele/mltlsat/Benchmarks/random0/P0.333333333333333N5L20M100T100-8.mltl,0.594,17000.8,sat
/home/michele/mltlsat/Benchmarks/random0/P0.333333333333333N5L20M100T100-9.mltl,0.588,16998.4,sat
/home/michele/mltlsat/Benchmarks/random0/P0.333333333333333N5L25M100T100-10.mltl,0.588,17015.2,sat
/home/michele/mltlsat/Benchmarks/random0/P0.333333333333333N5L25M100T100-1.mltl,0.586,17021.6,sat
/home/michele/mltlsat/Benchmarks/random0/P0.333333333333333N5L25M100T100-2.mltl,0.562,17012,sat
/home/michele/mltlsat/Benchmarks/random0/P0.333333333333333N5L25M100T100-3.mltl,0.57,17016.8,sat
/home/michele/mltlsat/Benchmarks/random0/P0.333333333333333N5L25M100T100-4.mltl,0.58,17019.2,sat
/home/michele/mltlsat/Benchmarks/random0/P0.333333333333333N5L25M100T100-5.mltl,0.542,16996.8,sat
/home/michele/mltlsat/Benchmarks/random0/P0.333333333333333N5L25M100T100-6.mltl,0.558,17017.6,sat
/home/michele/mltlsat/Benchmarks/random0/P0.333333333333333N5L25M100T100-7.mltl,0.576,17001.6,sat
/home/michele/mltlsat/Benchmarks/random0/P0.333333333333333N5L25M100T100-8.mltl,0.58,17014.4,sat
/home/michele/mltlsat/Benchmarks/random0/P0.333333333333333N5L25M100T100-9.mltl,0.592,23815.2,sat
/home/michele/mltlsat/Benchmarks/random0/P0.333333333333333N5L30M100T100-10.mltl,0.5619999999999999,17007.2,unsat
/home/michele/mltlsat/Benchmarks/random0/P0.333333333333333N5L30M100T100-1.mltl,0.554,16993.6,sat
/home/michele/mltlsat/Benchmarks/random0/P0.333333333333333N5L30M100T100-2.mltl,0.5660000000000001,17002.4,sat
/home/michele/mltlsat/Benchmarks/random0/P0.333333333333333N5L30M100T100-3.mltl,0.558,17015.2,sat
/home/michele/mltlsat/Benchmarks/random0/P0.333333333333333N5L30M100T100-4.mltl,0.536,17004.8,sat
/home/michele/mltlsat/Benchmarks/random0/P0.333333333333333N5L30M100T100-5.mltl,0.5660000000000001,17004.8,sat
/home/michele/mltlsat/Benchmarks/random0/P0.333333333333333N5L30M100T100-6.mltl,0.5660000000000001,17008,sat
/home/michele/mltlsat/Benchmarks/random0/P0.333333333333333N5L30M100T100-7.mltl,0.5499999999999999,17020,sat
/home/michele/mltlsat/Benchmarks/random0/P0.333333333333333N5L30M100T100-8.mltl,0.546,16692.8,sat
/home/michele/mltlsat/Benchmarks/random0/P0.333333333333333N5L30M100T100-9.mltl,0.57,17005.6,sat
/home/michele/mltlsat/Benchmarks/random0/P0.333333333333333N5L35M100T100-10.mltl,0.554,17012,sat
/home/michele/mltlsat/Benchmarks/random0/P0.333333333333333N5L35M100T100-1.mltl,0.57,17016.8,sat
/home/michele/mltlsat/Benchmarks/random0/P0.333333333333333N5L35M100T100-2.mltl,0.562,17020.8,sat
/home/michele/mltlsat/Benchmarks/random0/P0.333333333333333N5L35M100T100-3.mltl,0.5740000000000001,17001.6,sat
/home/michele/mltlsat/Benchmarks/random0/P0.333333333333333N5L35M100T100-4.mltl,0.564,16998.4,sat
/home/michele/mltlsat/Benchmarks/random0/P0.333333333333333N5L35M100T100-5.mltl,0.552,17012,sat
/home/michele/mltlsat/Benchmarks/random0/P0.333333333333333N5L35M100T100-6.mltl,0.554,17009.6,sat
/home/michele/mltlsat/Benchmarks/random0/P0.333333333333333N5L35M100T100-7.mltl,0.6679999999999999,20695.2,sat
/home/michele/mltlsat/Benchmarks/random0/P0.333333333333333N5L35M100T100-8.mltl,0.578,16997.6,sat
/home/michele/mltlsat/Benchmarks/random0/P0.333333333333333N5L35M100T100-9.mltl,0.586,16995.2,sat
/home/michele/mltlsat/Benchmarks/random0/P0.333333333333333N5L40M100T100-10.mltl,0.614,37140.8,unsat
/home/michele/mltlsat/Benchmarks/random0/P0.333333333333333N5L40M100T100-1.mltl,0.584,30572,sat
/home/michele/mltlsat/Benchmarks/random0/P0.333333333333333N5L40M100T100-2.mltl,0.536,17316,sat
/home/michele/mltlsat/Benchmarks/random0/P0.333333333333333N5L40M100T100-3.mltl,0.5619999999999999,17300,sat
/home/michele/mltlsat/Benchmarks/random0/P0.333333333333333N5L40M100T100-4.mltl,0.572,16981.6,sat
/home/michele/mltlsat/Benchmarks/random0/P0.333333333333333N5L40M100T100-5.mltl,0.596,16997.6,sat
/home/michele/mltlsat/Benchmarks/random0/P0.333333333333333N5L40M100T100-6.mltl,0.598,16979.2,sat
/home/michele/mltlsat/Benchmarks/random0/P0.333333333333333N5L40M100T100-7.mltl,0.542,16998.4,sat
/home/michele/mltlsat/Benchmarks/random0/P0.333333333333333N5L40M100T100-8.mltl,0.592,17016.8,sat
/home/michele/mltlsat/Benchmarks/random0/P0.333333333333333N5L40M100T100-9.mltl,0.576,16994.4,sat
/home/michele/mltlsat/Benchmarks/random0/P0.333333333333333N5L45M100T100-10.mltl,0.598,16984,sat
/home/michele/mltlsat/Benchmarks/random0/P0.333333333333333N5L45M100T100-1.mltl,0.5519999999999999,17311.2,sat
/home/michele/mltlsat/Benchmarks/random0/P0.333333333333333N5L45M100T100-2.mltl,0.5840000000000001,17022.4,sat
/home/michele/mltlsat/Benchmarks/random0/P0.333333333333333N5L45M100T100-3.mltl,0.582,17008.8,sat
/home/michele/mltlsat/Benchmarks/random0/P0.333333333333333N5L45M100T100-4.mltl,0.594,17006.4,sat
/home/michele/mltlsat/Benchmarks/random0/P0.333333333333333N5L45M100T100-5.mltl,0.598,16996,sat
/home/michele/mltlsat/Benchmarks/random0/P0.333333333333333N5L45M100T100-6.mltl,0.606,17022.4,sat
/home/michele/mltlsat/Benchmarks/random0/P0.333333333333333N5L45M100T100-7.mltl,0.606,17008,sat
/home/michele/mltlsat/Benchmarks/random0/P0.333333333333333N5L45M100T100-8.mltl,0.6,17011.2,sat
/home/michele/mltlsat/Benchmarks/random0/P0.333333333333333N5L45M100T100-9.mltl,0.61,17017.6,sat
/home/michele/mltlsat/Benchmarks/random0/P0.333333333333333N5L50M100T100-10.mltl,0.62,16984,sat
/home/michele/mltlsat/Benchmarks/random0/P0.333333333333333N5L50M100T100-1.mltl,0.662,19760.8,sat
/home/michele/mltlsat/Benchmarks/random0/P0.333333333333333N5L50M100T100-2.mltl,0.654,37153.6,sat
/home/michele/mltlsat/Benchmarks/random0/P0.333333333333333N5L50M100T100-3.mltl,0.624,17020.8,sat
/home/michele/mltlsat/Benchmarks/random0/P0.333333333333333N5L50M100T100-4.mltl,0.592,20412,sat
/home/michele/mltlsat/Benchmarks/random0/P0.333333333333333N5L50M100T100-5.mltl,0.654,38064,sat
/home/michele/mltlsat/Benchmarks/random0/P0.333333333333333N5L50M100T100-6.mltl,0.562,17015.2,sat
/home/michele/mltlsat/Benchmarks/random0/P0.333333333333333N5L50M100T100-7.mltl,0.596,17006.4,sat
/home/michele/mltlsat/Benchmarks/random0/P0.333333333333333N5L50M100T100-8.mltl,0.604,17008.8,sat
/home/michele/mltlsat/Benchmarks/random0/P0.333333333333333N5L50M100T100-9.mltl,0.612,18841.6,sat
/home/michele/mltlsat/Benchmarks/random0/P0.333333333333333N5L55M100T100-10.mltl,0.6,17033.6,sat
/home/michele/mltlsat/Benchmarks/random0/P0.333333333333333N5L55M100T100-1.mltl,0.604,17316,sat
/home/michele/mltlsat/Benchmarks/random0/P0.333333333333333N5L55M100T100-2.mltl,0.62,16999.2,sat
/home/michele/mltlsat/Benchmarks/random0/P0.333333333333333N5L55M100T100-3.mltl,0.592,17318.4,sat
/home/michele/mltlsat/Benchmarks/random0/P0.333333333333333N5L55M100T100-4.mltl,0.602,17033.6,sat
/home/michele/mltlsat/Benchmarks/random0/P0.333333333333333N5L55M100T100-5.mltl,0.606,16995.2,sat
/home/michele/mltlsat/Benchmarks/random0/P0.333333333333333N5L55M100T100-6.mltl,0.614,17020,sat
/home/michele/mltlsat/Benchmarks/random0/P0.333333333333333N5L55M100T100-7.mltl,0.614,17024,sat
/home/michele/mltlsat/Benchmarks/random0/P0.333333333333333N5L55M100T100-8.mltl,0.608,17013.6,sat
/home/michele/mltlsat/Benchmarks/random0/P0.333333333333333N5L55M100T100-9.mltl,0.594,16674.4,sat
/home/michele/mltlsat/Benchmarks/random0/P0.333333333333333N5L5M100T100-10.mltl,0.61,17012.8,sat
/home/michele/mltlsat/Benchmarks/random0/P0.333333333333333N5L5M100T100-1.mltl,0.598,17032.8,sat
/home/michele/mltlsat/Benchmarks/random0/P0.333333333333333N5L5M100T100-2.mltl,0.5680000000000001,16998.4,sat
/home/michele/mltlsat/Benchmarks/random0/P0.333333333333333N5L5M100T100-3.mltl,0.592,20396,sat
/home/michele/mltlsat/Benchmarks/random0/P0.333333333333333N5L5M100T100-4.mltl,0.5680000000000001,17026.4,sat
/home/michele/mltlsat/Benchmarks/random0/P0.333333333333333N5L5M100T100-5.mltl,0.578,17008,sat
/home/michele/mltlsat/Benchmarks/random0/P0.333333333333333N5L5M100T100-6.mltl,0.604,17028,sat
/home/michele/mltlsat/Benchmarks/random0/P0.333333333333333N5L5M100T100-7.mltl,0.626,17015.2,sat
/home/michele/mltlsat/Benchmarks/random0/P0.333333333333333N5L5M100T100-8.mltl,0.594,16990.4,sat
/home/michele/mltlsat/Benchmarks/random0/P0.333333333333333N5L5M100T100-9.mltl,0.596,17014.4,sat
/home/michele/mltlsat/Benchmarks/random0/P0.333333333333333N5L60M100T100-10.mltl,0.608,17304,sat
/home/michele/mltlsat/Benchmarks/random0/P0.333333333333333N5L60M100T100-1.mltl,0.586,17004,sat
/home/michele/mltlsat/Benchmarks/random0/P0.333333333333333N5L60M100T100-2.mltl,0.572,17020,unsat
/home/michele/mltlsat/Benchmarks/random0/P0.333333333333333N5L60M100T100-3.mltl,0.592,36834.4,sat
/home/michele/mltlsat/Benchmarks/random0/P0.333333333333333N5L60M100T100-4.mltl,0.652,38672.8,sat
/home/michele/mltlsat/Benchmarks/random0/P0.333333333333333N5L60M100T100-5.mltl,0.586,17021.6,sat
/home/michele/mltlsat/Benchmarks/random0/P0.333333333333333N5L60M100T100-6.mltl,0.584,17007.2,unsat
/home/michele/mltlsat/Benchmarks/random0/P0.333333333333333N5L60M100T100-7.mltl,0.592,16988.8,sat
/home/michele/mltlsat/Benchmarks/random0/P0.333333333333333N5L60M100T100-8.mltl,0.574,17000.8,sat
/home/michele/mltlsat/Benchmarks/random0/P0.333333333333333N5L60M100T100-9.mltl,0.5599999999999999,17008.8,sat
/home/michele/mltlsat/Benchmarks/random0/P0.333333333333333N5L65M100T100-10.mltl,0.57,16693.6,sat
/home/michele/mltlsat/Benchmarks/random0/P0.333333333333333N5L65M100T100-1.mltl,0.6,16996.8,sat
/home/michele/mltlsat/Benchmarks/random0/P0.333333333333333N5L65M100T100-2.mltl,0.594,17624.8,unsat
/home/michele/mltlsat/Benchmarks/random0/P0.333333333333333N5L65M100T100-3.mltl,0.584,17006.4,sat
/home/michele/mltlsat/Benchmarks/random0/P0.333333333333333N5L65M100T100-4.mltl,0.6,17010.4,sat
/home/michele/mltlsat/Benchmarks/random0/P0.333333333333333N5L65M100T100-5.mltl,0.606,17007.2,unsat
/home/michele/mltlsat/Benchmarks/random0/P0.333333333333333N5L65M100T100-6.mltl,0.624,16991.2,sat
/home/michele/mltlsat/Benchmarks/random0/P0.333333333333333N5L65M100T100-7.mltl,0.608,17015.2,sat
/home/michele/mltlsat/Benchmarks/random0/P0.333333333333333N5L65M100T100-8.mltl,0.638,36512,sat
/home/michele/mltlsat/Benchmarks/random0/P0.333333333333333N5L65M100T100-9.mltl,0.592,25312,sat
/home/michele/mltlsat/Benchmarks/random0/P0.333333333333333N5L70M100T100-10.mltl,0.61,35864,sat
/home/michele/mltlsat/Benchmarks/random0/P0.333333333333333N5L70M100T100-1.mltl,0.578,17020,sat
/home/michele/mltlsat/Benchmarks/random0/P0.333333333333333N5L70M100T100-2.mltl,0.552,17022.4,unsat
/home/michele/mltlsat/Benchmarks/random0/P0.333333333333333N5L70M100T100-3.mltl,0.566,17007.2,unsat
/home/michele/mltlsat/Benchmarks/random0/P0.333333333333333N5L70M100T100-4.mltl,0.55,17304,sat
/home/michele/mltlsat/Benchmarks/random0/P0.333333333333333N5L70M100T100-5.mltl,0.566,17019.2,sat
/home/michele/mltlsat/Benchmarks/random0/P0.333333333333333N5L70M100T100-6.mltl,0.568,17013.6,sat
/home/michele/mltlsat/Benchmarks/random0/P0.333333333333333N5L70M100T100-7.mltl,0.61,17018.4,sat
/home/michele/mltlsat/Benchmarks/random0/P0.333333333333333N5L70M100T100-8.mltl,0.592,17305.6,sat
/home/michele/mltlsat/Benchmarks/random0/P0.333333333333333N5L70M100T100-9.mltl,0.5760000000000001,16699.2,sat
/home/michele/mltlsat/Benchmarks/random0/P0.333333333333333N5L75M100T100-10.mltl,0.614,16996,sat
/home/michele/mltlsat/Benchmarks/random0/P0.333333333333333N5L75M100T100-1.mltl,0.612,17004,sat
/home/michele/mltlsat/Benchmarks/random0/P0.333333333333333N5L75M100T100-2.mltl,0.606,17000,sat
/home/michele/mltlsat/Benchmarks/random0/P0.333333333333333N5L75M100T100-3.mltl,0.872,41732,sat
/home/michele/mltlsat/Benchmarks/random0/P0.333333333333333N5L75M100T100-4.mltl,0.638,35557.6,unsat
/home/michele/mltlsat/Benchmarks/random0/P0.333333333333333N5L75M100T100-5.mltl,0.6,17616,sat
/home/michele/mltlsat/Benchmarks/random0/P0.333333333333333N5L75M100T100-6.mltl,0.602,17328,sat
/home/michele/mltlsat/Benchmarks/random0/P0.333333333333333N5L75M100T100-7.mltl,0.614,17020,sat
/home/michele/mltlsat/Benchmarks/random0/P0.333333333333333N5L75M100T100-8.mltl,0.654,36155.2,sat
/home/michele/mltlsat/Benchmarks/random0/P0.333333333333333N5L75M100T100-9.mltl,0.612,17006.4,sat
/home/michele/mltlsat/Benchmarks/random0/P0.333333333333333N5L80M100T100-10.mltl,0.59,16694.4,sat
/home/michele/mltlsat/Benchmarks/random0/P0.333333333333333N5L80M100T100-1.mltl,0.62,17000.8,sat
/home/michele/mltlsat/Benchmarks/random0/P0.333333333333333N5L80M100T100-2.mltl,0.632,17022.4,sat
/home/michele/mltlsat/Benchmarks/random0/P0.333333333333333N5L80M100T100-3.mltl,0.636,16997.6,sat
/home/michele/mltlsat/Benchmarks/random0/P0.333333333333333N5L80M100T100-4.mltl,0.616,16990.4,sat
/home/michele/mltlsat/Benchmarks/random0/P0.333333333333333N5L80M100T100-5.mltl,0.652,35891.2,sat
/home/michele/mltlsat/Benchmarks/random0/P0.333333333333333N5L80M100T100-6.mltl,0.62,17015.2,unsat
/home/michele/mltlsat/Benchmarks/random0/P0.333333333333333N5L80M100T100-7.mltl,0.618,37124,sat
/home/michele/mltlsat/Benchmarks/random0/P0.333333333333333N5L80M100T100-8.mltl,0.62,17015.2,sat
/home/michele/mltlsat/Benchmarks/random0/P0.333333333333333N5L80M100T100-9.mltl,0.6,17006.4,sat
/home/michele/mltlsat/Benchmarks/random0/P0.333333333333333N5L85M100T100-10.mltl,0.61,17003.2,sat
/home/michele/mltlsat/Benchmarks/random0/P0.333333333333333N5L85M100T100-1.mltl,0.626,17665.6,sat
/home/michele/mltlsat/Benchmarks/random0/P0.333333333333333N5L85M100T100-2.mltl,0.602,16715.2,sat
/home/michele/mltlsat/Benchmarks/random0/P0.333333333333333N5L85M100T100-3.mltl,-1,-1,TO
/home/michele/mltlsat/Benchmarks/random0/P0.333333333333333N5L85M100T100-4.mltl,0.61,20384,sat
/home/michele/mltlsat/Benchmarks/random0/P0.333333333333333N5L85M100T100-5.mltl,0.626,17002.4,sat
/home/michele/mltlsat/Benchmarks/random0/P0.333333333333333N5L85M100T100-6.mltl,0.634,35603.2,sat
/home/michele/mltlsat/Benchmarks/random0/P0.333333333333333N5L85M100T100-7.mltl,0.632,17005.6,sat
/home/michele/mltlsat/Benchmarks/random0/P0.333333333333333N5L85M100T100-8.mltl,0.618,18247.2,sat
/home/michele/mltlsat/Benchmarks/random0/P0.333333333333333N5L85M100T100-9.mltl,0.612,16997.6,sat
/home/michele/mltlsat/Benchmarks/random0/P0.333333333333333N5L90M100T100-10.mltl,0.576,17022.4,sat
/home/michele/mltlsat/Benchmarks/random0/P0.333333333333333N5L90M100T100-1.mltl,0.58,17320.8,sat
/home/michele/mltlsat/Benchmarks/random0/P0.333333333333333N5L90M100T100-2.mltl,0.58,17006.4,sat
/home/michele/mltlsat/Benchmarks/random0/P0.333333333333333N5L90M100T100-3.mltl,0.608,20733.6,sat
/home/michele/mltlsat/Benchmarks/random0/P0.333333333333333N5L90M100T100-4.mltl,0.604,36800,sat
/home/michele/mltlsat/Benchmarks/random0/P0.333333333333333N5L90M100T100-5.mltl,0.638,37097.6,sat
/home/michele/mltlsat/Benchmarks/random0/P0.333333333333333N5L90M100T100-6.mltl,0.6579999999999999,40248,sat
/home/michele/mltlsat/Benchmarks/random0/P0.333333333333333N5L90M100T100-7.mltl,0.574,17304.8,sat
/home/michele/mltlsat/Benchmarks/random0/P0.333333333333333N5L90M100T100-8.mltl,0.646,38656,sat
/home/michele/mltlsat/Benchmarks/random0/P0.333333333333333N5L90M100T100-9.mltl,0.602,21004.8,sat
/home/michele/mltlsat/Benchmarks/random0/P0.333333333333333N5L95M100T100-10.mltl,0.586,17014.4,sat
/home/michele/mltlsat/Benchmarks/random0/P0.333333333333333N5L95M100T100-1.mltl,0.618,35240.8,sat
/home/michele/mltlsat/Benchmarks/random0/P0.333333333333333N5L95M100T100-2.mltl,0.598,16994.4,sat
/home/michele/mltlsat/Benchmarks/random0/P0.333333333333333N5L95M100T100-3.mltl,0.732,38040,sat
/home/michele/mltlsat/Benchmarks/random0/P0.333333333333333N5L95M100T100-4.mltl,0.62,19805.6,unsat
/home/michele/mltlsat/Benchmarks/random0/P0.333333333333333N5L95M100T100-5.mltl,0.646,21028.8,sat
/home/michele/mltlsat/Benchmarks/random0/P0.333333333333333N5L95M100T100-6.mltl,0.604,17020.8,sat
/home/michele/mltlsat/Benchmarks/random0/P0.333333333333333N5L95M100T100-7.mltl,0.612,17037.6,sat
/home/michele/mltlsat/Benchmarks/random0/P0.333333333333333N5L95M100T100-8.mltl,0.634,35880.8,sat
/home/michele/mltlsat/Benchmarks/random0/P0.333333333333333N5L95M100T100-9.mltl,0.6,23774.4,sat
/home/michele/mltlsat/Benchmarks/random0/P0.5N1L100M100T100-10.mltl,0.594,17016,sat
/home/michele/mltlsat/Benchmarks/random0/P0.5N1L100M100T100-1.mltl,0.576,17616.8,unsat
/home/michele/mltlsat/Benchmarks/random0/P0.5N1L100M100T100-2.mltl,0.586,17305.6,sat
/home/michele/mltlsat/Benchmarks/random0/P0.5N1L100M100T100-3.mltl,0.634,37728.8,sat
/home/michele/mltlsat/Benchmarks/random0/P0.5N1L100M100T100-4.mltl,0.54,20091.2,sat
/home/michele/mltlsat/Benchmarks/random0/P0.5N1L100M100T100-5.mltl,80.462,1797998.2,sat
/home/michele/mltlsat/Benchmarks/random0/P0.5N1L100M100T100-6.mltl,0.59,16995.2,sat
/home/michele/mltlsat/Benchmarks/random0/P0.5N1L100M100T100-7.mltl,0.568,17304.8,sat
/home/michele/mltlsat/Benchmarks/random0/P0.5N1L100M100T100-8.mltl,0.608,17312.8,sat
/home/michele/mltlsat/Benchmarks/random0/P0.5N1L100M100T100-9.mltl,0.616,16999.2,sat
/home/michele/mltlsat/Benchmarks/random0/P0.5N1L10M100T100-10.mltl,0.6,17001.6,unsat
/home/michele/mltlsat/Benchmarks/random0/P0.5N1L10M100T100-1.mltl,0.59,17027.2,sat
/home/michele/mltlsat/Benchmarks/random0/P0.5N1L10M100T100-2.mltl,0.598,17010.4,sat
/home/michele/mltlsat/Benchmarks/random0/P0.5N1L10M100T100-3.mltl,0.596,17018.4,sat
/home/michele/mltlsat/Benchmarks/random0/P0.5N1L10M100T100-4.mltl,0.598,17020.8,unsat
/home/michele/mltlsat/Benchmarks/random0/P0.5N1L10M100T100-5.mltl,0.566,17003.2,sat
/home/michele/mltlsat/Benchmarks/random0/P0.5N1L10M100T100-6.mltl,0.542,17305.6,sat
/home/michele/mltlsat/Benchmarks/random0/P0.5N1L10M100T100-7.mltl,0.522,16981.6,sat
/home/michele/mltlsat/Benchmarks/random0/P0.5N1L10M100T100-8.mltl,0.5539999999999999,17020.8,sat
/home/michele/mltlsat/Benchmarks/random0/P0.5N1L10M100T100-9.mltl,0.53,16996.8,sat
/home/michele/mltlsat/Benchmarks/random0/P0.5N1L15M100T100-10.mltl,0.544,17003.2,sat
/home/michele/mltlsat/Benchmarks/random0/P0.5N1L15M100T100-1.mltl,0.598,18539.2,sat
/home/michele/mltlsat/Benchmarks/random0/P0.5N1L15M100T100-2.mltl,0.57,16994.4,sat
/home/michele/mltlsat/Benchmarks/random0/P0.5N1L15M100T100-3.mltl,0.558,17004.8,sat
/home/michele/mltlsat/Benchmarks/random0/P0.5N1L15M100T100-4.mltl,0.558,16989.6,sat
/home/michele/mltlsat/Benchmarks/random0/P0.5N1L15M100T100-5.mltl,0.5680000000000001,17015.2,sat
/home/michele/mltlsat/Benchmarks/random0/P0.5N1L15M100T100-6.mltl,0.582,17003.2,unsat
/home/michele/mltlsat/Benchmarks/random0/P0.5N1L15M100T100-7.mltl,0.578,17012,unsat
/home/michele/mltlsat/Benchmarks/random0/P0.5N1L15M100T100-8.mltl,0.568,17002.4,sat
/home/michele/mltlsat/Benchmarks/random0/P0.5N1L15M100T100-9.mltl,0.556,17023.2,sat
/home/michele/mltlsat/Benchmarks/random0/P0.5N1L20M100T100-10.mltl,0.57,17332,sat
/home/michele/mltlsat/Benchmarks/random0/P0.5N1L20M100T100-1.mltl,0.618,37102.4,unsat
/home/michele/mltlsat/Benchmarks/random0/P0.5N1L20M100T100-2.mltl,0.58,16992,sat
/home/michele/mltlsat/Benchmarks/random0/P0.5N1L20M100T100-3.mltl,0.57,16992,unsat
/home/michele/mltlsat/Benchmarks/random0/P0.5N1L20M100T100-4.mltl,0.584,16987.2,sat
/home/michele/mltlsat/Benchmarks/random0/P0.5N1L20M100T100-5.mltl,0.59,17006.4,sat
/home/michele/mltlsat/Benchmarks/random0/P0.5N1L20M100T100-6.mltl,0.588,16996.8,sat
/home/michele/mltlsat/Benchmarks/random0/P0.5N1L20M100T100-7.mltl,0.576,16694.4,sat
/home/michele/mltlsat/Benchmarks/random0/P0.5N1L20M100T100-8.mltl,0.518,17007.2,unsat
/home/michele/mltlsat/Benchmarks/random0/P0.5N1L20M100T100-9.mltl,0.542,16999.2,unsat
/home/michele/mltlsat/Benchmarks/random0/P0.5N1L25M100T100-10.mltl,0.5680000000000001,17016.8,sat
/home/michele/mltlsat/Benchmarks/random0/P0.5N1L25M100T100-1.mltl,0.546,17027.2,sat
/home/michele/mltlsat/Benchmarks/random0/P0.5N1L25M100T100-2.mltl,0.546,17000,sat
/home/michele/mltlsat/Benchmarks/random0/P0.5N1L25M100T100-3.mltl,0.578,17017.6,sat
/home/michele/mltlsat/Benchmarks/random0/P0.5N1L25M100T100-4.mltl,0.614,19760.8,sat
/home/michele/mltlsat/Benchmarks/random0/P0.5N1L25M100T100-5.mltl,0.574,17014.4,sat
/home/michele/mltlsat/Benchmarks/random0/P0.5N1L25M100T100-6.mltl,0.56,17031.2,sat
/home/michele/mltlsat/Benchmarks/random0/P0.5N1L25M100T100-7.mltl,0.602,18828,sat
/home/michele/mltlsat/Benchmarks/random0/P0.5N1L25M100T100-8.mltl,0.564,17314.4,sat
/home/michele/mltlsat/Benchmarks/random0/P0.5N1L25M100T100-9.mltl,0.5459999999999999,17017.6,sat
/home/michele/mltlsat/Benchmarks/random0/P0.5N1L30M100T100-10.mltl,0.5619999999999999,17007.2,sat
/home/michele/mltlsat/Benchmarks/random0/P0.5N1L30M100T100-1.mltl,0.5640000000000001,20387.2,sat
/home/michele/mltlsat/Benchmarks/random0/P0.5N1L30M100T100-2.mltl,0.572,17000,sat
/home/michele/mltlsat/Benchmarks/random0/P0.5N1L30M100T100-3.mltl,0.576,17328.8,sat
/home/michele/mltlsat/Benchmarks/random0/P0.5N1L30M100T100-4.mltl,0.5700000000000001,17020.8,sat
/home/michele/mltlsat/Benchmarks/random0/P0.5N1L30M100T100-5.mltl,0.576,16992.8,unsat
/home/michele/mltlsat/Benchmarks/random0/P0.5N1L30M100T100-6.mltl,0.576,17013.6,sat
/home/michele/mltlsat/Benchmarks/random0/P0.5N1L30M100T100-7.mltl,0.564,17015.2,sat
/home/michele/mltlsat/Benchmarks/random0/P0.5N1L30M100T100-8.mltl,0.586,37116,sat
/home/michele/mltlsat/Benchmarks/random0/P0.5N1L30M100T100-9.mltl,0.5599999999999999,17021.6,unsat
/home/michele/mltlsat/Benchmarks/random0/P0.5N1L35M100T100-10.mltl,0.52,17006.4,sat
/home/michele/mltlsat/Benchmarks/random0/P0.5N1L35M100T100-1.mltl,0.5559999999999999,17008.8,sat
/home/michele/mltlsat/Benchmarks/random0/P0.5N1L35M100T100-2.mltl,0.558,16702.4,sat
/home/michele/mltlsat/Benchmarks/random0/P0.5N1L35M100T100-3.mltl,0.574,17000,sat
/home/michele/mltlsat/Benchmarks/random0/P0.5N1L35M100T100-4.mltl,0.574,17028,sat
/home/michele/mltlsat/Benchmarks/random0/P0.5N1L35M100T100-5.mltl,0.574,17028.8,sat
/home/michele/mltlsat/Benchmarks/random0/P0.5N1L35M100T100-6.mltl,0.576,16992.8,sat
/home/michele/mltlsat/Benchmarks/random0/P0.5N1L35M100T100-7.mltl,0.584,16700.8,sat
/home/michele/mltlsat/Benchmarks/random0/P0.5N1L35M100T100-8.mltl,0.624,34923.2,sat
/home/michele/mltlsat/Benchmarks/random0/P0.5N1L35M100T100-9.mltl,0.586,17298.4,sat
/home/michele/mltlsat/Benchmarks/random0/P0.5N1L40M100T100-10.mltl,0.594,18223.2,unsat
/home/michele/mltlsat/Benchmarks/random0/P0.5N1L40M100T100-1.mltl,0.602,17316.8,sat
/home/michele/mltlsat/Benchmarks/random0/P0.5N1L40M100T100-2.mltl,0.596,17328,sat
/home/michele/mltlsat/Benchmarks/random0/P0.5N1L40M100T100-3.mltl,0.618,17322.4,sat
/home/michele/mltlsat/Benchmarks/random0/P0.5N1L40M100T100-4.mltl,0.596,17019.2,sat
/home/michele/mltlsat/Benchmarks/random0/P0.5N1L40M100T100-5.mltl,0.588,17008,sat
/home/michele/mltlsat/Benchmarks/random0/P0.5N1L40M100T100-6.mltl,0.594,17000.8,sat
/home/michele/mltlsat/Benchmarks/random0/P0.5N1L40M100T100-7.mltl,0.596,17021.6,sat
/home/michele/mltlsat/Benchmarks/random0/P0.5N1L40M100T100-8.mltl,0.614,16996.8,sat
/home/michele/mltlsat/Benchmarks/random0/P0.5N1L40M100T100-9.mltl,0.61,17004,sat
/home/michele/mltlsat/Benchmarks/random0/P0.5N1L45M100T100-10.mltl,0.722,38682.4,sat
/home/michele/mltlsat/Benchmarks/random0/P0.5N1L45M100T100-1.mltl,0.644,18546.4,sat
/home/michele/mltlsat/Benchmarks/random0/P0.5N1L45M100T100-2.mltl,0.638,17004,sat
/home/michele/mltlsat/Benchmarks/random0/P0.5N1L45M100T100-3.mltl,0.62,17008.8,sat
/home/michele/mltlsat/Benchmarks/random0/P0.5N1L45M100T100-4.mltl,0.63,17008.8,sat
/home/michele/mltlsat/Benchmarks/random0/P0.5N1L45M100T100-5.mltl,0.606,17009.6,sat
/home/michele/mltlsat/Benchmarks/random0/P0.5N1L45M100T100-6.mltl,0.614,20382.4,sat
/home/michele/mltlsat/Benchmarks/random0/P0.5N1L45M100T100-7.mltl,0.61,17004,sat
/home/michele/mltlsat/Benchmarks/random0/P0.5N1L45M100T100-8.mltl,0.636,17012,sat
/home/michele/mltlsat/Benchmarks/random0/P0.5N1L45M100T100-9.mltl,0.604,17313.6,sat
/home/michele/mltlsat/Benchmarks/random0/P0.5N1L50M100T100-10.mltl,0.666,19160.8,unsat
/home/michele/mltlsat/Benchmarks/random0/P0.5N1L50M100T100-1.mltl,0.6859999999999999,36834.4,sat
/home/michele/mltlsat/Benchmarks/random0/P0.5N1L50M100T100-2.mltl,0.638,16692,sat
/home/michele/mltlsat/Benchmarks/random0/P0.5N1L50M100T100-3.mltl,0.5880000000000001,16996.8,unsat
/home/michele/mltlsat/Benchmarks/random0/P0.5N1L50M100T100-4.mltl,0.66,37119.2,sat
/home/michele/mltlsat/Benchmarks/random0/P0.5N1L50M100T100-5.mltl,0.622,17001.6,unsat
/home/michele/mltlsat/Benchmarks/random0/P0.5N1L50M100T100-6.mltl,0.636,17621.6,sat
/home/michele/mltlsat/Benchmarks/random0/P0.5N1L50M100T100-7.mltl,0.622,17020,sat
/home/michele/mltlsat/Benchmarks/random0/P0.5N1L50M100T100-8.mltl,0.638,17319.2,sat
/home/michele/mltlsat/Benchmarks/random0/P0.5N1L50M100T100-9.mltl,0.668,17008,sat
/home/michele/mltlsat/Benchmarks/random0/P0.5N1L55M100T100-10.mltl,0.642,16996.8,unsat
/home/michele/mltlsat/Benchmarks/random0/P0.5N1L55M100T100-1.mltl,0.662,16995.2,sat
/home/michele/mltlsat/Benchmarks/random0/P0.5N1L55M100T100-2.mltl,0.658,16975.2,sat
/home/michele/mltlsat/Benchmarks/random0/P0.5N1L55M100T100-3.mltl,0.73,34657.6,sat
/home/michele/mltlsat/Benchmarks/random0/P0.5N1L55M100T100-4.mltl,0.66,16988.8,sat
/home/michele/mltlsat/Benchmarks/random0/P0.5N1L55M100T100-5.mltl,0.688,16997.6,sat
/home/michele/mltlsat/Benchmarks/random0/P0.5N1L55M100T100-6.mltl,0.688,17014.4,sat
/home/michele/mltlsat/Benchmarks/random0/P0.5N1L55M100T100-7.mltl,0.728,21313.6,sat
/home/michele/mltlsat/Benchmarks/random0/P0.5N1L55M100T100-8.mltl,0.726,16989.6,sat
/home/michele/mltlsat/Benchmarks/random0/P0.5N1L55M100T100-9.mltl,0.732,17035.2,sat
/home/michele/mltlsat/Benchmarks/random0/P0.5N1L5M100T100-10.mltl,0.69,16999.2,sat
/home/michele/mltlsat/Benchmarks/random0/P0.5N1L5M100T100-1.mltl,0.704,16380,unsat
/home/michele/mltlsat/Benchmarks/random0/P0.5N1L5M100T100-2.mltl,0.6819999999999999,17008.8,sat
/home/michele/mltlsat/Benchmarks/random0/P0.5N1L5M100T100-3.mltl,0.676,20100.8,sat
/home/michele/mltlsat/Benchmarks/random0/P0.5N1L5M100T100-4.mltl,0.724,16709.6,sat
/home/michele/mltlsat/Benchmarks/random0/P0.5N1L5M100T100-5.mltl,0.648,17020,sat
/home/michele/mltlsat/Benchmarks/random0/P0.5N1L5M100T100-6.mltl,0.658,17000,sat
/home/michele/mltlsat/Benchmarks/random0/P0.5N1L5M100T100-7.mltl,0.638,17028.8,sat
/home/michele/mltlsat/Benchmarks/random0/P0.5N1L5M100T100-8.mltl,0.666,17017.6,sat
/home/michele/mltlsat/Benchmarks/random0/P0.5N1L5M100T100-9.mltl,0.61,16388.8,sat
/home/michele/mltlsat/Benchmarks/random0/P0.5N1L60M100T100-10.mltl,0.642,19171.2,sat
/home/michele/mltlsat/Benchmarks/random0/P0.5N1L60M100T100-1.mltl,0.624,16984,unsat
/home/michele/mltlsat/Benchmarks/random0/P0.5N1L60M100T100-2.mltl,0.636,16976.8,sat
/home/michele/mltlsat/Benchmarks/random0/P0.5N1L60M100T100-3.mltl,0.624,17018.4,sat
/home/michele/mltlsat/Benchmarks/random0/P0.5N1L60M100T100-4.mltl,0.628,18835.2,sat
/home/michele/mltlsat/Benchmarks/random0/P0.5N1L60M100T100-5.mltl,0.614,16984,unsat
/home/michele/mltlsat/Benchmarks/random0/P0.5N1L60M100T100-6.mltl,0.674,16696.8,sat
/home/michele/mltlsat/Benchmarks/random0/P0.5N1L60M100T100-7.mltl,0.654,17017.6,sat
/home/michele/mltlsat/Benchmarks/random0/P0.5N1L60M100T100-8.mltl,0.652,17024.8,sat
/home/michele/mltlsat/Benchmarks/random0/P0.5N1L60M100T100-9.mltl,0.634,16985.6,sat
/home/michele/mltlsat/Benchmarks/random0/P0.5N1L65M100T100-10.mltl,0.706,19164.8,sat
/home/michele/mltlsat/Benchmarks/random0/P0.5N1L65M100T100-1.mltl,0.688,30610.4,sat
/home/michele/mltlsat/Benchmarks/random0/P0.5N1L65M100T100-2.mltl,0.6900000000000001,19179.2,sat
/home/michele/mltlsat/Benchmarks/random0/P0.5N1L65M100T100-3.mltl,0.66,36498.4,sat
/home/michele/mltlsat/Benchmarks/random0/P0.5N1L65M100T100-4.mltl,5.326,43924,sat
/home/michele/mltlsat/Benchmarks/random0/P0.5N1L65M100T100-5.mltl,0.64,17021.6,sat
/home/michele/mltlsat/Benchmarks/random0/P0.5N1L65M100T100-6.mltl,0.634,17015.2,sat
/home/michele/mltlsat/Benchmarks/random0/P0.5N1L65M100T100-7.mltl,0.636,17015.2,sat
/home/michele/mltlsat/Benchmarks/random0/P0.5N1L65M100T100-8.mltl,0.654,17001.6,sat
/home/michele/mltlsat/Benchmarks/random0/P0.5N1L65M100T100-9.mltl,0.634,16716,sat
/home/michele/mltlsat/Benchmarks/random0/P0.5N1L70M100T100-10.mltl,0.716,16708.8,sat
/home/michele/mltlsat/Benchmarks/random0/P0.5N1L70M100T100-1.mltl,0.664,16993.6,sat
/home/michele/mltlsat/Benchmarks/random0/P0.5N1L70M100T100-2.mltl,0.858,38039.2,sat
/home/michele/mltlsat/Benchmarks/random0/P0.5N1L70M100T100-3.mltl,4.006,43281.6,unsat
/home/michele/mltlsat/Benchmarks/random0/P0.5N1L70M100T100-4.mltl,0.706,19760.8,sat
/home/michele/mltlsat/Benchmarks/random0/P0.5N1L70M100T100-5.mltl,0.718,17003.2,sat
/home/michele/mltlsat/Benchmarks/random0/P0.5N1L70M100T100-6.mltl,0.712,18553.6,unsat
/home/michele/mltlsat/Benchmarks/random0/P0.5N1L70M100T100-7.mltl,0.752,38352.8,sat
/home/michele/mltlsat/Benchmarks/random0/P0.5N1L70M100T100-8.mltl,0.724,18230.4,sat
/home/michele/mltlsat/Benchmarks/random0/P0.5N1L70M100T100-9.mltl,0.7040000000000001,20396.8,sat
/home/michele/mltlsat/Benchmarks/random0/P0.5N1L75M100T100-10.mltl,0.916,39271.2,sat
/home/michele/mltlsat/Benchmarks/random0/P0.5N1L75M100T100-1.mltl,0.6940000000000001,21034.4,sat
/home/michele/mltlsat/Benchmarks/random0/P0.5N1L75M100T100-2.mltl,0.722,17009.6,sat
/home/michele/mltlsat/Benchmarks/random0/P0.5N1L75M100T100-3.mltl,0.776,17023.2,sat
/home/michele/mltlsat/Benchmarks/random0/P0.5N1L75M100T100-4.mltl,0.902,39252,sat
/home/michele/mltlsat/Benchmarks/random0/P0.5N1L75M100T100-5.mltl,0.716,17023.2,sat
/home/michele/mltlsat/Benchmarks/random0/P0.5N1L75M100T100-6.mltl,0.758,16544.8,sat
/home/michele/mltlsat/Benchmarks/random0/P0.5N1L75M100T100-7.mltl,0.764,35866.4,sat
/home/michele/mltlsat/Benchmarks/random0/P0.5N1L75M100T100-8.mltl,0.75,17004,unsat
/home/michele/mltlsat/Benchmarks/random0/P0.5N1L75M100T100-9.mltl,0.692,17003.2,sat
/home/michele/mltlsat/Benchmarks/random0/P0.5N1L80M100T100-10.mltl,0.726,16696,sat
/home/michele/mltlsat/Benchmarks/random0/P0.5N1L80M100T100-1.mltl,0.768,17324,sat
/home/michele/mltlsat/Benchmarks/random0/P0.5N1L80M100T100-2.mltl,0.768,16989.6,sat
/home/michele/mltlsat/Benchmarks/random0/P0.5N1L80M100T100-3.mltl,0.744,17012.8,sat
/home/michele/mltlsat/Benchmarks/random0/P0.5N1L80M100T100-4.mltl,0.774,17025.6,sat
/home/michele/mltlsat/Benchmarks/random0/P0.5N1L80M100T100-5.mltl,0.74,17616.8,sat
/home/michele/mltlsat/Benchmarks/random0/P0.5N1L80M100T100-6.mltl,0.812,36816,sat
/home/michele/mltlsat/Benchmarks/random0/P0.5N1L80M100T100-7.mltl,1.0,39579.2,sat
/home/michele/mltlsat/Benchmarks/random0/P0.5N1L80M100T100-8.mltl,0.736,17014.4,unsat
/home/michele/mltlsat/Benchmarks/random0/P0.5N1L80M100T100-9.mltl,0.788,26598.4,sat
/home/michele/mltlsat/Benchmarks/random0/P0.5N1L85M100T100-10.mltl,0.736,31192.8,sat
/home/michele/mltlsat/Benchmarks/random0/P0.5N1L85M100T100-1.mltl,0.698,17027.2,sat
/home/michele/mltlsat/Benchmarks/random0/P0.5N1L85M100T100-2.mltl,0.75,16680.8,sat
/home/michele/mltlsat/Benchmarks/random0/P0.5N1L85M100T100-3.mltl,-1,-1,TO
/home/michele/mltlsat/Benchmarks/random0/P0.5N1L85M100T100-4.mltl,0.702,16997.6,unsat
/home/michele/mltlsat/Benchmarks/random0/P0.5N1L85M100T100-5.mltl,0.68,17006.4,sat
/home/michele/mltlsat/Benchmarks/random0/P0.5N1L85M100T100-6.mltl,0.78,17018.4,unsat
/home/michele/mltlsat/Benchmarks/random0/P0.5N1L85M100T100-7.mltl,0.754,16640,sat
/home/michele/mltlsat/Benchmarks/random0/P0.5N1L85M100T100-8.mltl,0.77,16698.4,sat
/home/michele/mltlsat/Benchmarks/random0/P0.5N1L85M100T100-9.mltl,0.85,16693.6,sat
/home/michele/mltlsat/Benchmarks/random0/P0.5N1L90M100T100-10.mltl,0.774,16689.6,sat
/home/michele/mltlsat/Benchmarks/random0/P0.5N1L90M100T100-1.mltl,0.784,23492,sat
/home/michele/mltlsat/Benchmarks/random0/P0.5N1L90M100T100-2.mltl,0.718,16672,sat
/home/michele/mltlsat/Benchmarks/random0/P0.5N1L90M100T100-3.mltl,0.772,16995.2,unsat
/home/michele/mltlsat/Benchmarks/random0/P0.5N1L90M100T100-4.mltl,0.67,17025.6,sat
/home/michele/mltlsat/Benchmarks/random0/P0.5N1L90M100T100-5.mltl,0.71,37758.4,sat
/home/michele/mltlsat/Benchmarks/random0/P0.5N1L90M100T100-6.mltl,0.652,20728.8,sat
/home/michele/mltlsat/Benchmarks/random0/P0.5N1L90M100T100-7.mltl,0.658,17011.2,sat
/home/michele/mltlsat/Benchmarks/random0/P0.5N1L90M100T100-8.mltl,0.682,30284,sat
/home/michele/mltlsat/Benchmarks/random0/P0.5N1L90M100T100-9.mltl,0.712,17003.2,unsat
/home/michele/mltlsat/Benchmarks/random0/P0.5N1L95M100T100-10.mltl,0.71,17001.6,sat
/home/michele/mltlsat/Benchmarks/random0/P0.5N1L95M100T100-1.mltl,0.74,20697.6,sat
/home/michele/mltlsat/Benchmarks/random0/P0.5N1L95M100T100-2.mltl,0.71,17019.2,unsat
/home/michele/mltlsat/Benchmarks/random0/P0.5N1L95M100T100-3.mltl,0.702,16700.8,sat
/home/michele/mltlsat/Benchmarks/random0/P0.5N1L95M100T100-4.mltl,0.744,34908.8,sat
/home/michele/mltlsat/Benchmarks/random0/P0.5N1L95M100T100-5.mltl,0.698,16692,unsat
/home/michele/mltlsat/Benchmarks/random0/P0.5N1L95M100T100-6.mltl,0.672,17013.6,sat
/home/michele/mltlsat/Benchmarks/random0/P0.5N1L95M100T100-7.mltl,0.678,16988,sat
/home/michele/mltlsat/Benchmarks/random0/P0.5N1L95M100T100-8.mltl,0.7040000000000001,17007.2,sat
/home/michele/mltlsat/Benchmarks/random0/P0.5N1L95M100T100-9.mltl,0.652,17026.4,sat
/home/michele/mltlsat/Benchmarks/random0/P0.5N2L100M100T100-10.mltl,0.692,37089.6,sat
/home/michele/mltlsat/Benchmarks/random0/P0.5N2L100M100T100-1.mltl,0.676,17002.4,sat
/home/michele/mltlsat/Benchmarks/random0/P0.5N2L100M100T100-2.mltl,14.496,2313633.6,sat
/home/michele/mltlsat/Benchmarks/random0/P0.5N2L100M100T100-3.mltl,0.672,16690.4,sat
/home/michele/mltlsat/Benchmarks/random0/P0.5N2L100M100T100-4.mltl,0.67,17000,sat
/home/michele/mltlsat/Benchmarks/random0/P0.5N2L100M100T100-5.mltl,0.626,17312.8,sat
/home/michele/mltlsat/Benchmarks/random0/P0.5N2L100M100T100-6.mltl,0.59,17016.8,sat
/home/michele/mltlsat/Benchmarks/random0/P0.5N2L100M100T100-7.mltl,0.664,36829.6,sat
/home/michele/mltlsat/Benchmarks/random0/P0.5N2L100M100T100-8.mltl,0.622,17023.2,sat
/home/michele/mltlsat/Benchmarks/random0/P0.5N2L100M100T100-9.mltl,0.62,17002.4,sat
/home/michele/mltlsat/Benchmarks/random0/P0.5N2L10M100T100-10.mltl,0.626,17012.8,sat
/home/michele/mltlsat/Benchmarks/random0/P0.5N2L10M100T100-1.mltl,0.63,20104,sat
/home/michele/mltlsat/Benchmarks/random0/P0.5N2L10M100T100-2.mltl,0.608,17008,sat
/home/michele/mltlsat/Benchmarks/random0/P0.5N2L10M100T100-3.mltl,0.624,17000,sat
/home/michele/mltlsat/Benchmarks/random0/P0.5N2L10M100T100-4.mltl,0.644,17009.6,sat
/home/michele/mltlsat/Benchmarks/random0/P0.5N2L10M100T100-5.mltl,0.65,17004.8,sat
/home/michele/mltlsat/Benchmarks/random0/P0.5N2L10M100T100-6.mltl,0.624,17006.4,sat
/home/michele/mltlsat/Benchmarks/random0/P0.5N2L10M100T100-7.mltl,0.614,17033.6,sat
/home/michele/mltlsat/Benchmarks/random0/P0.5N2L10M100T100-8.mltl,0.64,17016,sat
/home/michele/mltlsat/Benchmarks/random0/P0.5N2L10M100T100-9.mltl,0.6,17289.6,sat
/home/michele/mltlsat/Benchmarks/random0/P0.5N2L15M100T100-10.mltl,0.608,17016,sat
/home/michele/mltlsat/Benchmarks/random0/P0.5N2L15M100T100-1.mltl,0.586,17316,sat
/home/michele/mltlsat/Benchmarks/random0/P0.5N2L15M100T100-2.mltl,0.624,17009.6,sat
/home/michele/mltlsat/Benchmarks/random0/P0.5N2L15M100T100-3.mltl,0.588,17010.4,sat
/home/michele/mltlsat/Benchmarks/random0/P0.5N2L15M100T100-4.mltl,0.596,20405.6,sat
/home/michele/mltlsat/Benchmarks/random0/P0.5N2L15M100T100-5.mltl,0.596,17023.2,sat
/home/michele/mltlsat/Benchmarks/random0/P0.5N2L15M100T100-6.mltl,0.592,17006.4,sat
/home/michele/mltlsat/Benchmarks/random0/P0.5N2L15M100T100-7.mltl,0.578,17297.6,sat
/home/michele/mltlsat/Benchmarks/random0/P0.5N2L15M100T100-8.mltl,0.578,17025.6,unsat
/home/michele/mltlsat/Benchmarks/random0/P0.5N2L15M100T100-9.mltl,0.576,17010.4,sat
/home/michele/mltlsat/Benchmarks/random0/P0.5N2L20M100T100-10.mltl,0.554,17012.8,unsat
/home/michele/mltlsat/Benchmarks/random0/P0.5N2L20M100T100-1.mltl,0.574,29006.4,sat
/home/michele/mltlsat/Benchmarks/random0/P0.5N2L20M100T100-2.mltl,0.566,17000,sat
/home/michele/mltlsat/Benchmarks/random0/P0.5N2L20M100T100-3.mltl,0.58,19458.4,sat
/home/michele/mltlsat/Benchmarks/random0/P0.5N2L20M100T100-4.mltl,0.56,16993.6,sat
/home/michele/mltlsat/Benchmarks/random0/P0.5N2L20M100T100-5.mltl,0.57,17004.8,sat
/home/michele/mltlsat/Benchmarks/random0/P0.5N2L20M100T100-6.mltl,0.574,33684.8,unsat
/home/michele/mltlsat/Benchmarks/random0/P0.5N2L20M100T100-7.mltl,0.576,20088,unsat
/home/michele/mltlsat/Benchmarks/random0/P0.5N2L20M100T100-8.mltl,0.5619999999999999,17016,sat
/home/michele/mltlsat/Benchmarks/random0/P0.5N2L20M100T100-9.mltl,0.568,17000.8,sat
/home/michele/mltlsat/Benchmarks/random0/P0.5N2L25M100T100-10.mltl,0.57,17009.6,sat
/home/michele/mltlsat/Benchmarks/random0/P0.5N2L25M100T100-1.mltl,0.582,37119.2,sat
/home/michele/mltlsat/Benchmarks/random0/P0.5N2L25M100T100-2.mltl,0.58,16996.8,sat
/home/michele/mltlsat/Benchmarks/random0/P0.5N2L25M100T100-3.mltl,0.598,16996,sat
/home/michele/mltlsat/Benchmarks/random0/P0.5N2L25M100T100-4.mltl,0.578,16996,sat
/home/michele/mltlsat/Benchmarks/random0/P0.5N2L25M100T100-5.mltl,0.58,16991.2,sat
/home/michele/mltlsat/Benchmarks/random0/P0.5N2L25M100T100-6.mltl,0.546,17027.2,sat
/home/michele/mltlsat/Benchmarks/random0/P0.5N2L25M100T100-7.mltl,0.548,17003.2,sat
/home/michele/mltlsat/Benchmarks/random0/P0.5N2L25M100T100-8.mltl,0.576,17013.6,sat
/home/michele/mltlsat/Benchmarks/random0/P0.5N2L25M100T100-9.mltl,0.5599999999999999,20392,sat
/home/michele/mltlsat/Benchmarks/random0/P0.5N2L30M100T100-10.mltl,0.544,17007.2,sat
/home/michele/mltlsat/Benchmarks/random0/P0.5N2L30M100T100-1.mltl,0.546,17312.8,sat
/home/michele/mltlsat/Benchmarks/random0/P0.5N2L30M100T100-2.mltl,0.568,17004.8,sat
/home/michele/mltlsat/Benchmarks/random0/P0.5N2L30M100T100-3.mltl,0.654,38374.4,sat
/home/michele/mltlsat/Benchmarks/random0/P0.5N2L30M100T100-4.mltl,0.572,17296,sat
/home/michele/mltlsat/Benchmarks/random0/P0.5N2L30M100T100-5.mltl,0.574,16995.2,unsat
/home/michele/mltlsat/Benchmarks/random0/P0.5N2L30M100T100-6.mltl,0.574,19775.2,sat
/home/michele/mltlsat/Benchmarks/random0/P0.5N2L30M100T100-7.mltl,0.598,36214.4,sat
/home/michele/mltlsat/Benchmarks/random0/P0.5N2L30M100T100-8.mltl,0.58,17026.4,sat
/home/michele/mltlsat/Benchmarks/random0/P0.5N2L30M100T100-9.mltl,0.54,22542.4,sat
/home/michele/mltlsat/Benchmarks/random0/P0.5N2L35M100T100-10.mltl,0.532,17007.2,sat
/home/michele/mltlsat/Benchmarks/random0/P0.5N2L35M100T100-1.mltl,0.584,37717.6,sat
/home/michele/mltlsat/Benchmarks/random0/P0.5N2L35M100T100-2.mltl,0.554,35556.8,unsat
/home/michele/mltlsat/Benchmarks/random0/P0.5N2L35M100T100-3.mltl,-1,-1,TO
/home/michele/mltlsat/Benchmarks/random0/P0.5N2L35M100T100-4.mltl,0.576,24381.6,sat
/home/michele/mltlsat/Benchmarks/random0/P0.5N2L35M100T100-5.mltl,0.576,17016.8,sat
/home/michele/mltlsat/Benchmarks/random0/P0.5N2L35M100T100-6.mltl,0.562,17007.2,sat
/home/michele/mltlsat/Benchmarks/random0/P0.5N2L35M100T100-7.mltl,0.56,17005.6,sat
/home/michele/mltlsat/Benchmarks/random0/P0.5N2L35M100T100-8.mltl,0.572,17001.6,unsat
/home/michele/mltlsat/Benchmarks/random0/P0.5N2L35M100T100-9.mltl,0.56,29657.6,sat
/home/michele/mltlsat/Benchmarks/random0/P0.5N2L40M100T100-10.mltl,0.554,17015.2,sat
/home/michele/mltlsat/Benchmarks/random0/P0.5N2L40M100T100-1.mltl,0.5619999999999999,17305.6,sat
/home/michele/mltlsat/Benchmarks/random0/P0.5N2L40M100T100-2.mltl,0.592,16996.8,sat
/home/michele/mltlsat/Benchmarks/random0/P0.5N2L40M100T100-3.mltl,0.57,17015.2,sat
/home/michele/mltlsat/Benchmarks/random0/P0.5N2L40M100T100-4.mltl,0.564,16991.2,sat
/home/michele/mltlsat/Benchmarks/random0/P0.5N2L40M100T100-5.mltl,0.576,16996.8,sat
/home/michele/mltlsat/Benchmarks/random0/P0.5N2L40M100T100-6.mltl,0.57,17009.6,unsat
/home/michele/mltlsat/Benchmarks/random0/P0.5N2L40M100T100-7.mltl,0.588,17000.8,sat
/home/michele/mltlsat/Benchmarks/random0/P0.5N2L40M100T100-8.mltl,0.594,17639.2,sat
/home/michele/mltlsat/Benchmarks/random0/P0.5N2L40M100T100-9.mltl,0.58,16988.8,unsat
/home/michele/mltlsat/Benchmarks/random0/P0.5N2L45M100T100-10.mltl,0.67,38356,sat
/home/michele/mltlsat/Benchmarks/random0/P0.5N2L45M100T100-1.mltl,0.638,38344,sat
/home/michele/mltlsat/Benchmarks/random0/P0.5N2L45M100T100-2.mltl,0.572,17347.2,sat
/home/michele/mltlsat/Benchmarks/random0/P0.5N2L45M100T100-3.mltl,0.552,17016.8,sat
/home/michele/mltlsat/Benchmarks/random0/P0.5N2L45M100T100-4.mltl,0.5599999999999999,17008,sat
/home/michele/mltlsat/Benchmarks/random0/P0.5N2L45M100T100-5.mltl,0.58,17008,sat
/home/michele/mltlsat/Benchmarks/random0/P0.5N2L45M100T100-6.mltl,0.58,16996.8,sat
/home/michele/mltlsat/Benchmarks/random0/P0.5N2L45M100T100-7.mltl,0.578,17004,sat
/home/michele/mltlsat/Benchmarks/random0/P0.5N2L45M100T100-8.mltl,0.61,35570.4,sat
/home/michele/mltlsat/Benchmarks/random0/P0.5N2L45M100T100-9.mltl,0.558,16998.4,unsat
/home/michele/mltlsat/Benchmarks/random0/P0.5N2L50M100T100-10.mltl,0.564,17009.6,sat
/home/michele/mltlsat/Benchmarks/random0/P0.5N2L50M100T100-1.mltl,0.588,17008.8,sat
/home/michele/mltlsat/Benchmarks/random0/P0.5N2L50M100T100-2.mltl,0.588,16993.6,sat
/home/michele/mltlsat/Benchmarks/random0/P0.5N2L50M100T100-3.mltl,0.596,17004,sat
/home/michele/mltlsat/Benchmarks/random0/P0.5N2L50M100T100-4.mltl,0.614,17003.2,unsat
/home/michele/mltlsat/Benchmarks/random0/P0.5N2L50M100T100-5.mltl,0.598,16984.8,sat
/home/michele/mltlsat/Benchmarks/random0/P0.5N2L50M100T100-6.mltl,0.592,17001.6,sat
/home/michele/mltlsat/Benchmarks/random0/P0.5N2L50M100T100-7.mltl,0.58,16991.2,unsat
/home/michele/mltlsat/Benchmarks/random0/P0.5N2L50M100T100-8.mltl,0.604,17011.2,unsat
/home/michele/mltlsat/Benchmarks/random0/P0.5N2L50M100T100-9.mltl,0.636,17016.8,sat
/home/michele/mltlsat/Benchmarks/random0/P0.5N2L55M100T100-10.mltl,0.622,17020.8,sat
/home/michele/mltlsat/Benchmarks/random0/P0.5N2L55M100T100-1.mltl,0.59,17588,sat
/home/michele/mltlsat/Benchmarks/random0/P0.5N2L55M100T100-2.mltl,0.614,17641.6,sat
/home/michele/mltlsat/Benchmarks/random0/P0.5N2L55M100T100-3.mltl,0.61,17021.6,sat
/home/michele/mltlsat/Benchmarks/random0/P0.5N2L55M100T100-4.mltl,0.608,17021.6,unsat
/home/michele/mltlsat/Benchmarks/random0/P0.5N2L55M100T100-5.mltl,0.63,17012.8,sat
/home/michele/mltlsat/Benchmarks/random0/P0.5N2L55M100T100-6.mltl,-1,-1,TO
/home/michele/mltlsat/Benchmarks/random0/P0.5N2L55M100T100-7.mltl,0.618,19781.6,sat
/home/michele/mltlsat/Benchmarks/random0/P0.5N2L55M100T100-8.mltl,0.594,17309.6,sat
/home/michele/mltlsat/Benchmarks/random0/P0.5N2L55M100T100-9.mltl,0.598,16990.4,sat
/home/michele/mltlsat/Benchmarks/random0/P0.5N2L5M100T100-10.mltl,0.596,20081.6,sat
/home/michele/mltlsat/Benchmarks/random0/P0.5N2L5M100T100-1.mltl,0.538,17016.8,sat
/home/michele/mltlsat/Benchmarks/random0/P0.5N2L5M100T100-2.mltl,0.572,17010.4,sat
/home/michele/mltlsat/Benchmarks/random0/P0.5N2L5M100T100-3.mltl,0.538,16983.2,sat
/home/michele/mltlsat/Benchmarks/random0/P0.5N2L5M100T100-4.mltl,0.5680000000000001,16701.6,sat
/home/michele/mltlsat/Benchmarks/random0/P0.5N2L5M100T100-5.mltl,0.604,20421.6,sat
/home/michele/mltlsat/Benchmarks/random0/P0.5N2L5M100T100-6.mltl,0.5539999999999999,17016.8,sat
/home/michele/mltlsat/Benchmarks/random0/P0.5N2L5M100T100-7.mltl,0.5,16996,sat
/home/michele/mltlsat/Benchmarks/random0/P0.5N2L5M100T100-8.mltl,0.466,17003.2,sat
/home/michele/mltlsat/Benchmarks/random0/P0.5N2L5M100T100-9.mltl,0.494,17014.4,sat
/home/michele/mltlsat/Benchmarks/random0/P0.5N2L60M100T100-10.mltl,0.578,36483.2,sat
/home/michele/mltlsat/Benchmarks/random0/P0.5N2L60M100T100-1.mltl,0.57,17011.2,sat
/home/michele/mltlsat/Benchmarks/random0/P0.5N2L60M100T100-2.mltl,0.5640000000000001,17019.2,sat
/home/michele/mltlsat/Benchmarks/random0/P0.5N2L60M100T100-3.mltl,0.57,17023.2,unsat
/home/michele/mltlsat/Benchmarks/random0/P0.5N2L60M100T100-4.mltl,0.58,17017.6,sat
/home/michele/mltlsat/Benchmarks/random0/P0.5N2L60M100T100-5.mltl,0.582,17319.2,sat
/home/michele/mltlsat/Benchmarks/random0/P0.5N2L60M100T100-6.mltl,0.6,17625.6,sat
/home/michele/mltlsat/Benchmarks/random0/P0.5N2L60M100T100-7.mltl,0.556,17016.8,sat
/home/michele/mltlsat/Benchmarks/random0/P0.5N2L60M100T100-8.mltl,0.606,17313.6,unsat
/home/michele/mltlsat/Benchmarks/random0/P0.5N2L60M100T100-9.mltl,0.604,17320.8,sat
/home/michele/mltlsat/Benchmarks/random0/P0.5N2L65M100T100-10.mltl,0.616,17012,sat
/home/michele/mltlsat/Benchmarks/random0/P0.5N2L65M100T100-1.mltl,0.636,17304,sat
/home/michele/mltlsat/Benchmarks/random0/P0.5N2L65M100T100-2.mltl,0.62,17020,sat
/home/michele/mltlsat/Benchmarks/random0/P0.5N2L65M100T100-3.mltl,0.646,17316.8,sat
/home/michele/mltlsat/Benchmarks/random0/P0.5N2L65M100T100-4.mltl,0.606,17604,unsat
/home/michele/mltlsat/Benchmarks/random0/P0.5N2L65M100T100-5.mltl,3.29,46320.8,sat
/home/michele/mltlsat/Benchmarks/random0/P0.5N2L65M100T100-6.mltl,0.606,17624.8,sat
/home/michele/mltlsat/Benchmarks/random0/P0.5N2L65M100T100-7.mltl,0.596,17298.4,sat
/home/michele/mltlsat/Benchmarks/random0/P0.5N2L65M100T100-8.mltl,0.62,36166.4,sat
/home/michele/mltlsat/Benchmarks/random0/P0.5N2L65M100T100-9.mltl,0.612,16990.4,sat
/home/michele/mltlsat/Benchmarks/random0/P0.5N2L70M100T100-10.mltl,0.588,17300,sat
/home/michele/mltlsat/Benchmarks/random0/P0.5N2L70M100T100-1.mltl,0.598,17333.6,sat
/home/michele/mltlsat/Benchmarks/random0/P0.5N2L70M100T100-2.mltl,0.612,17027.2,sat
/home/michele/mltlsat/Benchmarks/random0/P0.5N2L70M100T100-3.mltl,0.668,19471.2,sat
/home/michele/mltlsat/Benchmarks/random0/P0.5N2L70M100T100-4.mltl,0.604,17032,sat
/home/michele/mltlsat/Benchmarks/random0/P0.5N2L70M100T100-5.mltl,0.614,16995.2,sat
/home/michele/mltlsat/Benchmarks/random0/P0.5N2L70M100T100-6.mltl,0.68,18828,sat
/home/michele/mltlsat/Benchmarks/random0/P0.5N2L70M100T100-7.mltl,2.722,45761.6,sat
/home/michele/mltlsat/Benchmarks/random0/P0.5N2L70M100T100-8.mltl,0.692,38317.6,sat
/home/michele/mltlsat/Benchmarks/random0/P0.5N2L70M100T100-9.mltl,0.646,36170.4,sat
/home/michele/mltlsat/Benchmarks/random0/P0.5N2L75M100T100-10.mltl,0.602,35571.2,sat
/home/michele/mltlsat/Benchmarks/random0/P0.5N2L75M100T100-1.mltl,0.54,17005.6,sat
/home/michele/mltlsat/Benchmarks/random0/P0.5N2L75M100T100-2.mltl,0.5399999999999999,17312,sat
/home/michele/mltlsat/Benchmarks/random0/P0.5N2L75M100T100-3.mltl,2.892,49427.2,sat
/home/michele/mltlsat/Benchmarks/random0/P0.5N2L75M100T100-4.mltl,0.528,38320,sat
/home/michele/mltlsat/Benchmarks/random0/P0.5N2L75M100T100-5.mltl,0.574,32433.6,sat
/home/michele/mltlsat/Benchmarks/random0/P0.5N2L75M100T100-6.mltl,0.56,17027.2,sat
/home/michele/mltlsat/Benchmarks/random0/P0.5N2L75M100T100-7.mltl,0.576,24412,sat
/home/michele/mltlsat/Benchmarks/random0/P0.5N2L75M100T100-8.mltl,-1,-1,TO
/home/michele/mltlsat/Benchmarks/random0/P0.5N2L75M100T100-9.mltl,9.18,334853.6,sat
/home/michele/mltlsat/Benchmarks/random0/P0.5N2L80M100T100-10.mltl,41.034,361762.4,sat
/home/michele/mltlsat/Benchmarks/random0/P0.5N2L80M100T100-1.mltl,0.34,16982.4,sat
/home/michele/mltlsat/Benchmarks/random0/P0.5N2L80M100T100-2.mltl,-1,-1,TO
/home/michele/mltlsat/Benchmarks/random0/P0.5N2L80M100T100-3.mltl,0.35,22553.6,sat
/home/michele/mltlsat/Benchmarks/random0/P0.5N2L80M100T100-4.mltl,0.338,17320,sat
/home/michele/mltlsat/Benchmarks/random0/P0.5N2L80M100T100-5.mltl,0.348,17016,sat
/home/michele/mltlsat/Benchmarks/random0/P0.5N2L80M100T100-6.mltl,0.342,17003.2,sat
/home/michele/mltlsat/Benchmarks/random0/P0.5N2L80M100T100-7.mltl,0.334,17320.8,sat
/home/michele/mltlsat/Benchmarks/random0/P0.5N2L80M100T100-8.mltl,0.352,17005.6,sat
/home/michele/mltlsat/Benchmarks/random0/P0.5N2L80M100T100-9.mltl,0.352,17029.6,sat
/home/michele/mltlsat/Benchmarks/random0/P0.5N2L85M100T100-10.mltl,0.364,17323.2,sat
/home/michele/mltlsat/Benchmarks/random0/P0.5N2L85M100T100-1.mltl,0.42,19479.2,sat
/home/michele/mltlsat/Benchmarks/random0/P0.5N2L85M100T100-2.mltl,0.372,17008,sat
/home/michele/mltlsat/Benchmarks/random0/P0.5N2L85M100T100-3.mltl,0.434,38636.8,sat
/home/michele/mltlsat/Benchmarks/random0/P0.5N2L85M100T100-4.mltl,0.35200000000000004,17300,sat
/home/michele/mltlsat/Benchmarks/random0/P0.5N2L85M100T100-5.mltl,0.478,40192.8,sat
/home/michele/mltlsat/Benchmarks/random0/P0.5N2L85M100T100-6.mltl,0.384,19772.8,sat
/home/michele/mltlsat/Benchmarks/random0/P0.5N2L85M100T100-7.mltl,0.428,38037.6,sat
/home/michele/mltlsat/Benchmarks/random0/P0.5N2L85M100T100-8.mltl,0.378,16987.2,sat
/home/michele/mltlsat/Benchmarks/random0/P0.5N2L85M100T100-9.mltl,0.416,36530.4,sat
/home/michele/mltlsat/Benchmarks/random0/P0.5N2L90M100T100-10.mltl,0.39,36839.2,sat
/home/michele/mltlsat/Benchmarks/random0/P0.5N2L90M100T100-1.mltl,0.38,17312.8,sat
/home/michele/mltlsat/Benchmarks/random0/P0.5N2L90M100T100-2.mltl,1.41,367220,sat
/home/michele/mltlsat/Benchmarks/random0/P0.5N2L90M100T100-3.mltl,0.368,18236,sat
/home/michele/mltlsat/Benchmarks/random0/P0.5N2L90M100T100-4.mltl,0.38,35568,unsat
/home/michele/mltlsat/Benchmarks/random0/P0.5N2L90M100T100-5.mltl,0.382,17319.2,sat
/home/michele/mltlsat/Benchmarks/random0/P0.5N2L90M100T100-6.mltl,0.444,19146.4,sat
/home/michele/mltlsat/Benchmarks/random0/P0.5N2L90M100T100-7.mltl,0.40399999999999997,17338.4,sat
/home/michele/mltlsat/Benchmarks/random0/P0.5N2L90M100T100-8.mltl,0.40599999999999997,17005.6,sat
/home/michele/mltlsat/Benchmarks/random0/P0.5N2L90M100T100-9.mltl,0.41,17007.2,unsat
/home/michele/mltlsat/Benchmarks/random0/P0.5N2L95M100T100-10.mltl,0.49,19160,sat
/home/michele/mltlsat/Benchmarks/random0/P0.5N2L95M100T100-1.mltl,0.448,17026.4,sat
/home/michele/mltlsat/Benchmarks/random0/P0.5N2L95M100T100-2.mltl,0.462,17000,sat
/home/michele/mltlsat/Benchmarks/random0/P0.5N2L95M100T100-3.mltl,0.442,17328.8,sat
/home/michele/mltlsat/Benchmarks/random0/P0.5N2L95M100T100-4.mltl,0.47000000000000003,19158.4,sat
/home/michele/mltlsat/Benchmarks/random0/P0.5N2L95M100T100-5.mltl,0.514,39917.6,sat
/home/michele/mltlsat/Benchmarks/random0/P0.5N2L95M100T100-6.mltl,0.468,16984.8,sat
/home/michele/mltlsat/Benchmarks/random0/P0.5N2L95M100T100-7.mltl,0.454,17320.8,sat
/home/michele/mltlsat/Benchmarks/random0/P0.5N2L95M100T100-8.mltl,0.46,17001.6,sat
/home/michele/mltlsat/Benchmarks/random0/P0.5N2L95M100T100-9.mltl,0.48,29979.2,sat
/home/michele/mltlsat/Benchmarks/random0/P0.5N3L100M100T100-10.mltl,0.502,17018.4,sat
/home/michele/mltlsat/Benchmarks/random0/P0.5N3L100M100T100-1.mltl,1.62,58791.2,sat
/home/michele/mltlsat/Benchmarks/random0/P0.5N3L100M100T100-2.mltl,0.54,17315.2,sat
/home/michele/mltlsat/Benchmarks/random0/P0.5N3L100M100T100-3.mltl,0.544,17031.2,sat
/home/michele/mltlsat/Benchmarks/random0/P0.5N3L100M100T100-4.mltl,0.58,17004,sat
/home/michele/mltlsat/Benchmarks/random0/P0.5N3L100M100T100-5.mltl,0.582,17016.8,sat
/home/michele/mltlsat/Benchmarks/random0/P0.5N3L100M100T100-6.mltl,0.596,17012.8,sat
/home/michele/mltlsat/Benchmarks/random0/P0.5N3L100M100T100-7.mltl,0.99,41752,sat
/home/michele/mltlsat/Benchmarks/random0/P0.5N3L100M100T100-8.mltl,0.638,38360.8,sat
/home/michele/mltlsat/Benchmarks/random0/P0.5N3L100M100T100-9.mltl,0.624,35546.4,unsat
/home/michele/mltlsat/Benchmarks/random0/P0.5N3L10M100T100-10.mltl,0.55,17004,sat
/home/michele/mltlsat/Benchmarks/random0/P0.5N3L10M100T100-1.mltl,0.5579999999999999,17026.4,sat
/home/michele/mltlsat/Benchmarks/random0/P0.5N3L10M100T100-2.mltl,0.528,16994.4,sat
/home/michele/mltlsat/Benchmarks/random0/P0.5N3L10M100T100-3.mltl,0.528,16995.2,sat
/home/michele/mltlsat/Benchmarks/random0/P0.5N3L10M100T100-4.mltl,0.5599999999999999,16996,sat
/home/michele/mltlsat/Benchmarks/random0/P0.5N3L10M100T100-5.mltl,0.5559999999999999,17011.2,sat
/home/michele/mltlsat/Benchmarks/random0/P0.5N3L10M100T100-6.mltl,0.568,16991.2,sat
/home/michele/mltlsat/Benchmarks/random0/P0.5N3L10M100T100-7.mltl,0.574,17024.8,sat
/home/michele/mltlsat/Benchmarks/random0/P0.5N3L10M100T100-8.mltl,0.5579999999999999,20400,sat
/home/michele/mltlsat/Benchmarks/random0/P0.5N3L10M100T100-9.mltl,0.556,17016,sat
/home/michele/mltlsat/Benchmarks/random0/P0.5N3L15M100T100-10.mltl,0.564,17001.6,sat
/home/michele/mltlsat/Benchmarks/random0/P0.5N3L15M100T100-1.mltl,0.532,16984,sat
/home/michele/mltlsat/Benchmarks/random0/P0.5N3L15M100T100-2.mltl,0.5459999999999999,16999.2,sat
/home/michele/mltlsat/Benchmarks/random0/P0.5N3L15M100T100-3.mltl,0.53,17004,sat
/home/michele/mltlsat/Benchmarks/random0/P0.5N3L15M100T100-4.mltl,0.48,16688.8,sat
/home/michele/mltlsat/Benchmarks/random0/P0.5N3L15M100T100-5.mltl,0.482,16988,sat
/home/michele/mltlsat/Benchmarks/random0/P0.5N3L15M100T100-6.mltl,0.55,17005.6,sat
/home/michele/mltlsat/Benchmarks/random0/P0.5N3L15M100T100-7.mltl,0.532,16999.2,sat
/home/michele/mltlsat/Benchmarks/random0/P0.5N3L15M100T100-8.mltl,0.5559999999999999,16986.4,sat
/home/michele/mltlsat/Benchmarks/random0/P0.5N3L15M100T100-9.mltl,0.584,16994.4,sat
/home/michele/mltlsat/Benchmarks/random0/P0.5N3L20M100T100-10.mltl,0.534,17001.6,sat
/home/michele/mltlsat/Benchmarks/random0/P0.5N3L20M100T100-1.mltl,0.48,17012,sat
/home/michele/mltlsat/Benchmarks/random0/P0.5N3L20M100T100-2.mltl,0.482,17008.8,sat
/home/michele/mltlsat/Benchmarks/random0/P0.5N3L20M100T100-3.mltl,0.542,16698.4,sat
/home/michele/mltlsat/Benchmarks/random0/P0.5N3L20M100T100-4.mltl,0.544,17023.2,sat
/home/michele/mltlsat/Benchmarks/random0/P0.5N3L20M100T100-5.mltl,0.504,16719.2,sat
/home/michele/mltlsat/Benchmarks/random0/P0.5N3L20M100T100-6.mltl,0.498,17010.4,sat
/home/michele/mltlsat/Benchmarks/random0/P0.5N3L20M100T100-7.mltl,0.446,17009.6,sat
/home/michele/mltlsat/Benchmarks/random0/P0.5N3L20M100T100-8.mltl,0.432,17324.8,sat
/home/michele/mltlsat/Benchmarks/random0/P0.5N3L20M100T100-9.mltl,0.44,17000.8,sat
/home/michele/mltlsat/Benchmarks/random0/P0.5N3L25M100T100-10.mltl,0.468,17005.6,sat
/home/michele/mltlsat/Benchmarks/random0/P0.5N3L25M100T100-1.mltl,0.46,17004.8,sat
/home/michele/mltlsat/Benchmarks/random0/P0.5N3L25M100T100-2.mltl,0.47,36791.2,sat
/home/michele/mltlsat/Benchmarks/random0/P0.5N3L25M100T100-3.mltl,0.506,16989.6,sat
/home/michele/mltlsat/Benchmarks/random0/P0.5N3L25M100T100-4.mltl,0.542,17030.4,sat
/home/michele/mltlsat/Benchmarks/random0/P0.5N3L25M100T100-5.mltl,0.504,17304.8,unsat
/home/michele/mltlsat/Benchmarks/random0/P0.5N3L25M100T100-6.mltl,0.514,17000,sat
/home/michele/mltlsat/Benchmarks/random0/P0.5N3L25M100T100-7.mltl,0.514,17010.4,sat
/home/michele/mltlsat/Benchmarks/random0/P0.5N3L25M100T100-8.mltl,0.574,16993.6,unsat
/home/michele/mltlsat/Benchmarks/random0/P0.5N3L25M100T100-9.mltl,0.556,17011.2,sat
/home/michele/mltlsat/Benchmarks/random0/P0.5N3L30M100T100-10.mltl,0.5539999999999999,17014.4,sat
/home/michele/mltlsat/Benchmarks/random0/P0.5N3L30M100T100-1.mltl,0.5559999999999999,17013.6,sat
/home/michele/mltlsat/Benchmarks/random0/P0.5N3L30M100T100-2.mltl,0.58,17018.4,sat
/home/michele/mltlsat/Benchmarks/random0/P0.5N3L30M100T100-3.mltl,0.584,17320,unsat
/home/michele/mltlsat/Benchmarks/random0/P0.5N3L30M100T100-4.mltl,0.582,17020,sat
/home/michele/mltlsat/Benchmarks/random0/P0.5N3L30M100T100-5.mltl,0.58,17014.4,unsat
/home/michele/mltlsat/Benchmarks/random0/P0.5N3L30M100T100-6.mltl,0.5619999999999999,17000.8,sat
/home/michele/mltlsat/Benchmarks/random0/P0.5N3L30M100T100-7.mltl,0.548,17016.8,unsat
/home/michele/mltlsat/Benchmarks/random0/P0.5N3L30M100T100-8.mltl,0.5499999999999999,17313.6,sat
/home/michele/mltlsat/Benchmarks/random0/P0.5N3L30M100T100-9.mltl,0.524,17632,sat
/home/michele/mltlsat/Benchmarks/random0/P0.5N3L35M100T100-10.mltl,1.196,44492,sat
/home/michele/mltlsat/Benchmarks/random0/P0.5N3L35M100T100-1.mltl,0.528,17013.6,sat
/home/michele/mltlsat/Benchmarks/random0/P0.5N3L35M100T100-2.mltl,0.51,20087.2,sat
/home/michele/mltlsat/Benchmarks/random0/P0.5N3L35M100T100-3.mltl,0.47800000000000004,16712,sat
/home/michele/mltlsat/Benchmarks/random0/P0.5N3L35M100T100-4.mltl,0.512,16982.4,sat
/home/michele/mltlsat/Benchmarks/random0/P0.5N3L35M100T100-5.mltl,0.53,37151.2,unsat
/home/michele/mltlsat/Benchmarks/random0/P0.5N3L35M100T100-6.mltl,0.496,16691.2,sat
/home/michele/mltlsat/Benchmarks/random0/P0.5N3L35M100T100-7.mltl,0.446,17000.8,sat
/home/michele/mltlsat/Benchmarks/random0/P0.5N3L35M100T100-8.mltl,0.498,36772.8,sat
/home/michele/mltlsat/Benchmarks/random0/P0.5N3L35M100T100-9.mltl,0.47,17019.2,sat
/home/michele/mltlsat/Benchmarks/random0/P0.5N3L40M100T100-10.mltl,-1,-1,TO
/home/michele/mltlsat/Benchmarks/random0/P0.5N3L40M100T100-1.mltl,0.596,19145.6,sat
/home/michele/mltlsat/Benchmarks/random0/P0.5N3L40M100T100-2.mltl,0.5,17012.8,sat
/home/michele/mltlsat/Benchmarks/random0/P0.5N3L40M100T100-3.mltl,0.512,17020,sat
/home/michele/mltlsat/Benchmarks/random0/P0.5N3L40M100T100-4.mltl,0.544,17026.4,sat
/home/michele/mltlsat/Benchmarks/random0/P0.5N3L40M100T100-5.mltl,0.576,17019.2,unsat
/home/michele/mltlsat/Benchmarks/random0/P0.5N3L40M100T100-6.mltl,0.574,16998.4,sat
/home/michele/mltlsat/Benchmarks/random0/P0.5N3L40M100T100-7.mltl,0.566,17013.6,sat
/home/michele/mltlsat/Benchmarks/random0/P0.5N3L40M100T100-8.mltl,0.574,17003.2,sat
/home/michele/mltlsat/Benchmarks/random0/P0.5N3L40M100T100-9.mltl,0.756,38016,sat
/home/michele/mltlsat/Benchmarks/random0/P0.5N3L45M100T100-10.mltl,0.576,17309.6,sat
/home/michele/mltlsat/Benchmarks/random0/P0.5N3L45M100T100-1.mltl,0.594,17305.6,sat
/home/michele/mltlsat/Benchmarks/random0/P0.5N3L45M100T100-2.mltl,0.606,17612.8,sat
/home/michele/mltlsat/Benchmarks/random0/P0.5N3L45M100T100-3.mltl,0.572,17009.6,sat
/home/michele/mltlsat/Benchmarks/random0/P0.5N3L45M100T100-4.mltl,0.608,38370.4,sat
/home/michele/mltlsat/Benchmarks/random0/P0.5N3L45M100T100-5.mltl,0.47800000000000004,16996.8,sat
/home/michele/mltlsat/Benchmarks/random0/P0.5N3L45M100T100-6.mltl,0.452,17018.4,unsat
/home/michele/mltlsat/Benchmarks/random0/P0.5N3L45M100T100-7.mltl,0.514,17006.4,sat
/home/michele/mltlsat/Benchmarks/random0/P0.5N3L45M100T100-8.mltl,0.554,17016.8,sat
/home/michele/mltlsat/Benchmarks/random0/P0.5N3L45M100T100-9.mltl,0.548,17318.4,sat
/home/michele/mltlsat/Benchmarks/random0/P0.5N3L50M100T100-10.mltl,0.526,17003.2,sat
/home/michele/mltlsat/Benchmarks/random0/P0.5N3L50M100T100-1.mltl,0.53,17016,sat
/home/michele/mltlsat/Benchmarks/random0/P0.5N3L50M100T100-2.mltl,0.594,38642.4,sat
/home/michele/mltlsat/Benchmarks/random0/P0.5N3L50M100T100-3.mltl,0.522,17028.8,sat
/home/michele/mltlsat/Benchmarks/random0/P0.5N3L50M100T100-4.mltl,0.49,17012,sat
/home/michele/mltlsat/Benchmarks/random0/P0.5N3L50M100T100-5.mltl,0.492,38386.4,sat
/home/michele/mltlsat/Benchmarks/random0/P0.5N3L50M100T100-6.mltl,0.486,35861.6,sat
/home/michele/mltlsat/Benchmarks/random0/P0.5N3L50M100T100-7.mltl,0.492,33056,sat
/home/michele/mltlsat/Benchmarks/random0/P0.5N3L50M100T100-8.mltl,0.57,39892.8,sat
/home/michele/mltlsat/Benchmarks/random0/P0.5N3L50M100T100-9.mltl,0.472,21920.8,sat
/home/michele/mltlsat/Benchmarks/random0/P0.5N3L55M100T100-10.mltl,0.48,17340.8,sat
/home/michele/mltlsat/Benchmarks/random0/P0.5N3L55M100T100-1.mltl,0.788,39919.2,sat
/home/michele/mltlsat/Benchmarks/random0/P0.5N3L55M100T100-2.mltl,0.546,35854.4,sat
/home/michele/mltlsat/Benchmarks/random0/P0.5N3L55M100T100-3.mltl,0.5579999999999999,17027.2,sat
/home/michele/mltlsat/Benchmarks/random0/P0.5N3L55M100T100-4.mltl,0.608,36241.6,sat
/home/michele/mltlsat/Benchmarks/random0/P0.5N3L55M100T100-5.mltl,0.586,37696.8,sat
/home/michele/mltlsat/Benchmarks/random0/P0.5N3L55M100T100-6.mltl,0.5599999999999999,17003.2,sat
/home/michele/mltlsat/Benchmarks/random0/P0.5N3L55M100T100-7.mltl,0.57,17014.4,sat
/home/michele/mltlsat/Benchmarks/random0/P0.5N3L55M100T100-8.mltl,0.588,17003.2,sat
/home/michele/mltlsat/Benchmarks/random0/P0.5N3L55M100T100-9.mltl,0.56,17032.8,sat
/home/michele/mltlsat/Benchmarks/random0/P0.5N3L5M100T100-10.mltl,0.576,17303.2,sat
/home/michele/mltlsat/Benchmarks/random0/P0.5N3L5M100T100-1.mltl,0.604,17008.8,unsat
/home/michele/mltlsat/Benchmarks/random0/P0.5N3L5M100T100-2.mltl,0.594,17020,sat
/home/michele/mltlsat/Benchmarks/random0/P0.5N3L5M100T100-3.mltl,0.6,17003.2,sat
/home/michele/mltlsat/Benchmarks/random0/P0.5N3L5M100T100-4.mltl,0.596,17039.2,sat
/home/michele/mltlsat/Benchmarks/random0/P0.5N3L5M100T100-5.mltl,0.592,17012,sat
/home/michele/mltlsat/Benchmarks/random0/P0.5N3L5M100T100-6.mltl,0.58,17008,sat
/home/michele/mltlsat/Benchmarks/random0/P0.5N3L5M100T100-7.mltl,0.55,17319.2,sat
/home/michele/mltlsat/Benchmarks/random0/P0.5N3L5M100T100-8.mltl,0.554,17008.8,sat
/home/michele/mltlsat/Benchmarks/random0/P0.5N3L5M100T100-9.mltl,0.522,17327.2,sat
/home/michele/mltlsat/Benchmarks/random0/P0.5N3L60M100T100-10.mltl,0.518,17316,sat
/home/michele/mltlsat/Benchmarks/random0/P0.5N3L60M100T100-1.mltl,0.544,17328,sat
/home/michele/mltlsat/Benchmarks/random0/P0.5N3L60M100T100-2.mltl,0.584,17005.6,sat
/home/michele/mltlsat/Benchmarks/random0/P0.5N3L60M100T100-3.mltl,0.6,36812,sat
/home/michele/mltlsat/Benchmarks/random0/P0.5N3L60M100T100-4.mltl,0.57,17013.6,sat
/home/michele/mltlsat/Benchmarks/random0/P0.5N3L60M100T100-5.mltl,0.576,16991.2,sat
/home/michele/mltlsat/Benchmarks/random0/P0.5N3L60M100T100-6.mltl,0.548,17017.6,sat
/home/michele/mltlsat/Benchmarks/random0/P0.5N3L60M100T100-7.mltl,0.578,16992,sat
/home/michele/mltlsat/Benchmarks/random0/P0.5N3L60M100T100-8.mltl,0.566,17012,sat
/home/michele/mltlsat/Benchmarks/random0/P0.5N3L60M100T100-9.mltl,0.548,31510.4,sat
/home/michele/mltlsat/Benchmarks/random0/P0.5N3L65M100T100-10.mltl,0.588,38988,sat
/home/michele/mltlsat/Benchmarks/random0/P0.5N3L65M100T100-1.mltl,0.54,16990.4,sat
/home/michele/mltlsat/Benchmarks/random0/P0.5N3L65M100T100-2.mltl,0.534,19156.8,sat
/home/michele/mltlsat/Benchmarks/random0/P0.5N3L65M100T100-3.mltl,0.598,35575.2,sat
/home/michele/mltlsat/Benchmarks/random0/P0.5N3L65M100T100-4.mltl,0.568,16992,sat
/home/michele/mltlsat/Benchmarks/random0/P0.5N3L65M100T100-5.mltl,0.594,17004.8,sat
/home/michele/mltlsat/Benchmarks/random0/P0.5N3L65M100T100-6.mltl,0.572,16996,sat
/home/michele/mltlsat/Benchmarks/random0/P0.5N3L65M100T100-7.mltl,0.614,17925.6,sat
/home/michele/mltlsat/Benchmarks/random0/P0.5N3L65M100T100-8.mltl,0.576,17004.8,sat
/home/michele/mltlsat/Benchmarks/random0/P0.5N3L65M100T100-9.mltl,0.608,31824,sat
/home/michele/mltlsat/Benchmarks/random0/P0.5N3L70M100T100-10.mltl,0.918,41410.4,sat
/home/michele/mltlsat/Benchmarks/random0/P0.5N3L70M100T100-1.mltl,0.574,17006.4,sat
/home/michele/mltlsat/Benchmarks/random0/P0.5N3L70M100T100-2.mltl,0.596,17011.2,sat
/home/michele/mltlsat/Benchmarks/random0/P0.5N3L70M100T100-3.mltl,0.586,22861.6,sat
/home/michele/mltlsat/Benchmarks/random0/P0.5N3L70M100T100-4.mltl,0.616,17020.8,sat
/home/michele/mltlsat/Benchmarks/random0/P0.5N3L70M100T100-5.mltl,0.588,16999.2,sat
/home/michele/mltlsat/Benchmarks/random0/P0.5N3L70M100T100-6.mltl,0.596,16981.6,sat
/home/michele/mltlsat/Benchmarks/random0/P0.5N3L70M100T100-7.mltl,0.656,36514.4,sat
/home/michele/mltlsat/Benchmarks/random0/P0.5N3L70M100T100-8.mltl,0.596,17006.4,sat
/home/michele/mltlsat/Benchmarks/random0/P0.5N3L70M100T100-9.mltl,0.618,16693.6,sat
/home/michele/mltlsat/Benchmarks/random0/P0.5N3L75M100T100-10.mltl,-1,-1,TO
/home/michele/mltlsat/Benchmarks/random0/P0.5N3L75M100T100-1.mltl,0.672,38688.8,sat
/home/michele/mltlsat/Benchmarks/random0/P0.5N3L75M100T100-2.mltl,0.586,17021.6,sat
/home/michele/mltlsat/Benchmarks/random0/P0.5N3L75M100T100-3.mltl,0.724,38023.2,sat
/home/michele/mltlsat/Benchmarks/random0/P0.5N3L75M100T100-4.mltl,0.588,17008,sat
/home/michele/mltlsat/Benchmarks/random0/P0.5N3L75M100T100-5.mltl,0.59,17022.4,sat
/home/michele/mltlsat/Benchmarks/random0/P0.5N3L75M100T100-6.mltl,0.588,17012,sat
/home/michele/mltlsat/Benchmarks/random0/P0.5N3L75M100T100-7.mltl,0.606,17002.4,sat
/home/michele/mltlsat/Benchmarks/random0/P0.5N3L75M100T100-8.mltl,0.638,17010.4,sat
/home/michele/mltlsat/Benchmarks/random0/P0.5N3L75M100T100-9.mltl,0.636,16998.4,unsat
/home/michele/mltlsat/Benchmarks/random0/P0.5N3L80M100T100-10.mltl,0.6,16999.2,sat
/home/michele/mltlsat/Benchmarks/random0/P0.5N3L80M100T100-1.mltl,0.598,17318.4,sat
/home/michele/mltlsat/Benchmarks/random0/P0.5N3L80M100T100-2.mltl,0.632,17935.2,sat
/home/michele/mltlsat/Benchmarks/random0/P0.5N3L80M100T100-3.mltl,0.632,38346.4,sat
/home/michele/mltlsat/Benchmarks/random0/P0.5N3L80M100T100-4.mltl,0.626,17313.6,unsat
/home/michele/mltlsat/Benchmarks/random0/P0.5N3L80M100T100-5.mltl,0.644,16998.4,sat
/home/michele/mltlsat/Benchmarks/random0/P0.5N3L80M100T100-6.mltl,0.6799999999999999,38665.6,unsat
/home/michele/mltlsat/Benchmarks/random0/P0.5N3L80M100T100-7.mltl,0.732,39247.2,sat
/home/michele/mltlsat/Benchmarks/random0/P0.5N3L80M100T100-8.mltl,-1,-1,TO
/home/michele/mltlsat/Benchmarks/random0/P0.5N3L80M100T100-9.mltl,0.624,17024,sat
/home/michele/mltlsat/Benchmarks/random0/P0.5N3L85M100T100-10.mltl,0.626,17300.8,sat
/home/michele/mltlsat/Benchmarks/random0/P0.5N3L85M100T100-1.mltl,0.644,36163.2,sat
/home/michele/mltlsat/Benchmarks/random0/P0.5N3L85M100T100-2.mltl,0.614,17331.2,sat
/home/michele/mltlsat/Benchmarks/random0/P0.5N3L85M100T100-3.mltl,0.626,23780.8,sat
/home/michele/mltlsat/Benchmarks/random0/P0.5N3L85M100T100-4.mltl,0.628,16995.2,unsat
/home/michele/mltlsat/Benchmarks/random0/P0.5N3L85M100T100-5.mltl,0.626,17316,sat
/home/michele/mltlsat/Benchmarks/random0/P0.5N3L85M100T100-6.mltl,0.618,16996.8,unsat
/home/michele/mltlsat/Benchmarks/random0/P0.5N3L85M100T100-7.mltl,0.65,20429.6,sat
/home/michele/mltlsat/Benchmarks/random0/P0.5N3L85M100T100-8.mltl,0.626,17292,sat
/home/michele/mltlsat/Benchmarks/random0/P0.5N3L85M100T100-9.mltl,0.634,16976.8,sat
/home/michele/mltlsat/Benchmarks/random0/P0.5N3L90M100T100-10.mltl,0.66,36512.8,sat
/home/michele/mltlsat/Benchmarks/random0/P0.5N3L90M100T100-1.mltl,0.622,17017.6,sat
/home/michele/mltlsat/Benchmarks/random0/P0.5N3L90M100T100-2.mltl,0.622,17613.6,sat
/home/michele/mltlsat/Benchmarks/random0/P0.5N3L90M100T100-3.mltl,0.654,18844.8,sat
/home/michele/mltlsat/Benchmarks/random0/P0.5N3L90M100T100-4.mltl,0.662,35238.4,sat
/home/michele/mltlsat/Benchmarks/random0/P0.5N3L90M100T100-5.mltl,0.676,16993.6,sat
/home/michele/mltlsat/Benchmarks/random0/P0.5N3L90M100T100-6.mltl,0.762,20090.4,sat
/home/michele/mltlsat/Benchmarks/random0/P0.5N3L90M100T100-7.mltl,0.724,17007.2,sat
/home/michele/mltlsat/Benchmarks/random0/P0.5N3L90M100T100-8.mltl,0.71,17020,sat
/home/michele/mltlsat/Benchmarks/random0/P0.5N3L90M100T100-9.mltl,0.762,38337.6,sat
/home/michele/mltlsat/Benchmarks/random0/P0.5N3L95M100T100-10.mltl,0.754,18863.2,sat
/home/michele/mltlsat/Benchmarks/random0/P0.5N3L95M100T100-1.mltl,0.71,34913.6,sat
/home/michele/mltlsat/Benchmarks/random0/P0.5N3L95M100T100-2.mltl,0.688,20419.2,sat
/home/michele/mltlsat/Benchmarks/random0/P0.5N3L95M100T100-3.mltl,0.704,36188,sat
/home/michele/mltlsat/Benchmarks/random0/P0.5N3L95M100T100-4.mltl,4.006,578868,sat
/home/michele/mltlsat/Benchmarks/random0/P0.5N3L95M100T100-5.mltl,0.74,38644,unsat
/home/michele/mltlsat/Benchmarks/random0/P0.5N3L95M100T100-6.mltl,0.732,37754.4,sat
/home/michele/mltlsat/Benchmarks/random0/P0.5N3L95M100T100-7.mltl,0.746,39295.2,sat
/home/michele/mltlsat/Benchmarks/random0/P0.5N3L95M100T100-8.mltl,0.696,17005.6,sat
/home/michele/mltlsat/Benchmarks/random0/P0.5N3L95M100T100-9.mltl,0.666,19170.4,sat
/home/michele/mltlsat/Benchmarks/random0/P0.5N4L100M100T100-10.mltl,0.852,43133.6,sat
/home/michele/mltlsat/Benchmarks/random0/P0.5N4L100M100T100-1.mltl,0.612,20996.8,sat
/home/michele/mltlsat/Benchmarks/random0/P0.5N4L100M100T100-2.mltl,0.954,41166.4,sat
/home/michele/mltlsat/Benchmarks/random0/P0.5N4L100M100T100-3.mltl,0.622,17314.4,sat
/home/michele/mltlsat/Benchmarks/random0/P0.5N4L100M100T100-4.mltl,0.616,17001.6,sat
/home/michele/mltlsat/Benchmarks/random0/P0.5N4L100M100T100-5.mltl,0.624,17012.8,sat
/home/michele/mltlsat/Benchmarks/random0/P0.5N4L100M100T100-6.mltl,0.684,38056.8,sat
/home/michele/mltlsat/Benchmarks/random0/P0.5N4L100M100T100-7.mltl,0.678,19172,sat
/home/michele/mltlsat/Benchmarks/random0/P0.5N4L100M100T100-8.mltl,0.602,27148.8,sat
/home/michele/mltlsat/Benchmarks/random0/P0.5N4L100M100T100-9.mltl,0.644,38052.8,sat
/home/michele/mltlsat/Benchmarks/random0/P0.5N4L10M100T100-10.mltl,0.604,16993.6,sat
/home/michele/mltlsat/Benchmarks/random0/P0.5N4L10M100T100-1.mltl,0.59,17305.6,sat
/home/michele/mltlsat/Benchmarks/random0/P0.5N4L10M100T100-2.mltl,0.61,17004,sat
/home/michele/mltlsat/Benchmarks/random0/P0.5N4L10M100T100-3.mltl,0.596,17943.2,sat
/home/michele/mltlsat/Benchmarks/random0/P0.5N4L10M100T100-4.mltl,0.6,17297.6,sat
/home/michele/mltlsat/Benchmarks/random0/P0.5N4L10M100T100-5.mltl,0.582,17016.8,sat
/home/michele/mltlsat/Benchmarks/random0/P0.5N4L10M100T100-6.mltl,0.59,16994.4,sat
/home/michele/mltlsat/Benchmarks/random0/P0.5N4L10M100T100-7.mltl,0.6,17024.8,sat
/home/michele/mltlsat/Benchmarks/random0/P0.5N4L10M100T100-8.mltl,0.5700000000000001,17011.2,sat
/home/michele/mltlsat/Benchmarks/random0/P0.5N4L10M100T100-9.mltl,0.5619999999999999,20391.2,sat
/home/michele/mltlsat/Benchmarks/random0/P0.5N4L15M100T100-10.mltl,0.554,16996,sat
/home/michele/mltlsat/Benchmarks/random0/P0.5N4L15M100T100-1.mltl,0.576,17011.2,sat
/home/michele/mltlsat/Benchmarks/random0/P0.5N4L15M100T100-2.mltl,0.612,18858.4,sat
/home/michele/mltlsat/Benchmarks/random0/P0.5N4L15M100T100-3.mltl,0.556,17019.2,sat
/home/michele/mltlsat/Benchmarks/random0/P0.5N4L15M100T100-4.mltl,0.598,17012.8,sat
/home/michele/mltlsat/Benchmarks/random0/P0.5N4L15M100T100-5.mltl,0.6,16986.4,sat
/home/michele/mltlsat/Benchmarks/random0/P0.5N4L15M100T100-6.mltl,0.554,17007.2,sat
/home/michele/mltlsat/Benchmarks/random0/P0.5N4L15M100T100-7.mltl,0.57,16990.4,sat
/home/michele/mltlsat/Benchmarks/random0/P0.5N4L15M100T100-8.mltl,0.548,16988.8,sat
/home/michele/mltlsat/Benchmarks/random0/P0.5N4L15M100T100-9.mltl,0.524,17026.4,sat
/home/michele/mltlsat/Benchmarks/random0/P0.5N4L20M100T100-10.mltl,0.528,17006.4,sat
/home/michele/mltlsat/Benchmarks/random0/P0.5N4L20M100T100-1.mltl,4.926,55484,sat
/home/michele/mltlsat/Benchmarks/random0/P0.5N4L20M100T100-2.mltl,0.5579999999999999,17040,sat
/home/michele/mltlsat/Benchmarks/random0/P0.5N4L20M100T100-3.mltl,0.576,17000,sat
/home/michele/mltlsat/Benchmarks/random0/P0.5N4L20M100T100-4.mltl,0.494,17317.6,sat
/home/michele/mltlsat/Benchmarks/random0/P0.5N4L20M100T100-5.mltl,0.492,17624,sat
/home/michele/mltlsat/Benchmarks/random0/P0.5N4L20M100T100-6.mltl,0.462,18224,sat
/home/michele/mltlsat/Benchmarks/random0/P0.5N4L20M100T100-7.mltl,0.46799999999999997,17631.2,sat
/home/michele/mltlsat/Benchmarks/random0/P0.5N4L20M100T100-8.mltl,0.522,17301.6,sat
/home/michele/mltlsat/Benchmarks/random0/P0.5N4L20M100T100-9.mltl,0.5,17002.4,sat
/home/michele/mltlsat/Benchmarks/random0/P0.5N4L25M100T100-10.mltl,0.51,17016,sat
/home/michele/mltlsat/Benchmarks/random0/P0.5N4L25M100T100-1.mltl,0.504,16715.2,sat
/home/michele/mltlsat/Benchmarks/random0/P0.5N4L25M100T100-2.mltl,0.57,17000.8,sat
/home/michele/mltlsat/Benchmarks/random0/P0.5N4L25M100T100-3.mltl,0.546,17021.6,sat
/home/michele/mltlsat/Benchmarks/random0/P0.5N4L25M100T100-4.mltl,0.542,17017.6,sat
/home/michele/mltlsat/Benchmarks/random0/P0.5N4L25M100T100-5.mltl,0.542,19152,sat
/home/michele/mltlsat/Benchmarks/random0/P0.5N4L25M100T100-6.mltl,0.506,16987.2,sat
/home/michele/mltlsat/Benchmarks/random0/P0.5N4L25M100T100-7.mltl,0.498,17012.8,sat
/home/michele/mltlsat/Benchmarks/random0/P0.5N4L25M100T100-8.mltl,0.518,17016.8,sat
/home/michele/mltlsat/Benchmarks/random0/P0.5N4L25M100T100-9.mltl,0.512,16998.4,sat
/home/michele/mltlsat/Benchmarks/random0/P0.5N4L30M100T100-10.mltl,0.496,17020.8,sat
/home/michele/mltlsat/Benchmarks/random0/P0.5N4L30M100T100-1.mltl,0.536,17020.8,sat
/home/michele/mltlsat/Benchmarks/random0/P0.5N4L30M100T100-2.mltl,0.49,16992,sat
/home/michele/mltlsat/Benchmarks/random0/P0.5N4L30M100T100-3.mltl,0.506,17004.8,sat
/home/michele/mltlsat/Benchmarks/random0/P0.5N4L30M100T100-4.mltl,0.506,17014.4,sat
/home/michele/mltlsat/Benchmarks/random0/P0.5N4L30M100T100-5.mltl,0.54,17021.6,sat
/home/michele/mltlsat/Benchmarks/random0/P0.5N4L30M100T100-6.mltl,0.576,17020.8,sat
/home/michele/mltlsat/Benchmarks/random0/P0.5N4L30M100T100-7.mltl,0.5559999999999999,17011.2,sat
/home/michele/mltlsat/Benchmarks/random0/P0.5N4L30M100T100-8.mltl,0.54,17017.6,sat
/home/michele/mltlsat/Benchmarks/random0/P0.5N4L30M100T100-9.mltl,0.5,16988,sat
/home/michele/mltlsat/Benchmarks/random0/P0.5N4L35M100T100-10.mltl,0.5,33073.6,sat
/home/michele/mltlsat/Benchmarks/random0/P0.5N4L35M100T100-1.mltl,0.45,17016.8,unsat
/home/michele/mltlsat/Benchmarks/random0/P0.5N4L35M100T100-2.mltl,0.47,17032.8,sat
/home/michele/mltlsat/Benchmarks/random0/P0.5N4L35M100T100-3.mltl,0.42,16993.6,sat
/home/michele/mltlsat/Benchmarks/random0/P0.5N4L35M100T100-4.mltl,0.434,17320,sat
/home/michele/mltlsat/Benchmarks/random0/P0.5N4L35M100T100-5.mltl,0.452,38359.2,sat
/home/michele/mltlsat/Benchmarks/random0/P0.5N4L35M100T100-6.mltl,0.452,20416.8,sat
/home/michele/mltlsat/Benchmarks/random0/P0.5N4L35M100T100-7.mltl,0.412,17004.8,sat
/home/michele/mltlsat/Benchmarks/random0/P0.5N4L35M100T100-8.mltl,0.406,17000.8,sat
/home/michele/mltlsat/Benchmarks/random0/P0.5N4L35M100T100-9.mltl,0.452,35827.2,sat
/home/michele/mltlsat/Benchmarks/random0/P0.5N4L40M100T100-10.mltl,0.428,16980,sat
/home/michele/mltlsat/Benchmarks/random0/P0.5N4L40M100T100-1.mltl,0.422,17004,sat
/home/michele/mltlsat/Benchmarks/random0/P0.5N4L40M100T100-2.mltl,0.476,17034.4,sat
/home/michele/mltlsat/Benchmarks/random0/P0.5N4L40M100T100-3.mltl,0.508,17010.4,sat
/home/michele/mltlsat/Benchmarks/random0/P0.5N4L40M100T100-4.mltl,0.5,16986.4,sat
/home/michele/mltlsat/Benchmarks/random0/P0.5N4L40M100T100-5.mltl,0.568,17001.6,sat
/home/michele/mltlsat/Benchmarks/random0/P0.5N4L40M100T100-6.mltl,0.582,17001.6,sat
/home/michele/mltlsat/Benchmarks/random0/P0.5N4L40M100T100-7.mltl,0.542,16714.4,sat
/home/michele/mltlsat/Benchmarks/random0/P0.5N4L40M100T100-8.mltl,0.59,17007.2,sat
/home/michele/mltlsat/Benchmarks/random0/P0.5N4L40M100T100-9.mltl,0.54,16999.2,sat
/home/michele/mltlsat/Benchmarks/random0/P0.5N4L45M100T100-10.mltl,0.54,17012.8,sat
/home/michele/mltlsat/Benchmarks/random0/P0.5N4L45M100T100-1.mltl,0.626,37746.4,sat
/home/michele/mltlsat/Benchmarks/random0/P0.5N4L45M100T100-2.mltl,0.566,16994.4,sat
/home/michele/mltlsat/Benchmarks/random0/P0.5N4L45M100T100-3.mltl,0.646,38384,sat
/home/michele/mltlsat/Benchmarks/random0/P0.5N4L45M100T100-4.mltl,0.608,32125.6,sat
/home/michele/mltlsat/Benchmarks/random0/P0.5N4L45M100T100-5.mltl,0.694,38668,sat
/home/michele/mltlsat/Benchmarks/random0/P0.5N4L45M100T100-6.mltl,0.586,16979.2,sat
/home/michele/mltlsat/Benchmarks/random0/P0.5N4L45M100T100-7.mltl,0.57,17019.2,sat
/home/michele/mltlsat/Benchmarks/random0/P0.5N4L45M100T100-8.mltl,0.584,17023.2,sat
/home/michele/mltlsat/Benchmarks/random0/P0.5N4L45M100T100-9.mltl,0.588,17028.8,sat
/home/michele/mltlsat/Benchmarks/random0/P0.5N4L50M100T100-10.mltl,0.572,17005.6,sat
/home/michele/mltlsat/Benchmarks/random0/P0.5N4L50M100T100-1.mltl,0.542,17016,sat
/home/michele/mltlsat/Benchmarks/random0/P0.5N4L50M100T100-2.mltl,0.578,17322.4,sat
/home/michele/mltlsat/Benchmarks/random0/P0.5N4L50M100T100-3.mltl,0.6,17000,sat
/home/michele/mltlsat/Benchmarks/random0/P0.5N4L50M100T100-4.mltl,0.596,17316.8,sat
/home/michele/mltlsat/Benchmarks/random0/P0.5N4L50M100T100-5.mltl,0.602,17000,sat
/home/michele/mltlsat/Benchmarks/random0/P0.5N4L50M100T100-6.mltl,0.556,16993.6,sat
/home/michele/mltlsat/Benchmarks/random0/P0.5N4L50M100T100-7.mltl,0.588,17003.2,sat
/home/michele/mltlsat/Benchmarks/random0/P0.5N4L50M100T100-8.mltl,-1,-1,TO
/home/michele/mltlsat/Benchmarks/random0/P0.5N4L50M100T100-9.mltl,0.5599999999999999,17012,sat
/home/michele/mltlsat/Benchmarks/random0/P0.5N4L55M100T100-10.mltl,0.572,16999.2,sat
/home/michele/mltlsat/Benchmarks/random0/P0.5N4L55M100T100-1.mltl,0.688,38659.2,sat
/home/michele/mltlsat/Benchmarks/random0/P0.5N4L55M100T100-2.mltl,0.608,17012,sat
/home/michele/mltlsat/Benchmarks/random0/P0.5N4L55M100T100-3.mltl,0.588,33374.4,sat
/home/michele/mltlsat/Benchmarks/random0/P0.5N4L55M100T100-4.mltl,0.598,17000,sat
/home/michele/mltlsat/Benchmarks/random0/P0.5N4L55M100T100-5.mltl,0.596,36822.4,sat
/home/michele/mltlsat/Benchmarks/random0/P0.5N4L55M100T100-6.mltl,0.59,17621.6,sat
/home/michele/mltlsat/Benchmarks/random0/P0.5N4L55M100T100-7.mltl,0.564,22544,sat
/home/michele/mltlsat/Benchmarks/random0/P0.5N4L55M100T100-8.mltl,0.502,17640.8,sat
/home/michele/mltlsat/Benchmarks/random0/P0.5N4L55M100T100-9.mltl,0.566,17001.6,sat
/home/michele/mltlsat/Benchmarks/random0/P0.5N4L5M100T100-10.mltl,0.5640000000000001,17020,sat
/home/michele/mltlsat/Benchmarks/random0/P0.5N4L5M100T100-1.mltl,0.604,17015.2,sat
/home/michele/mltlsat/Benchmarks/random0/P0.5N4L5M100T100-2.mltl,0.598,17304,sat
/home/michele/mltlsat/Benchmarks/random0/P0.5N4L5M100T100-3.mltl,0.578,17009.6,sat
/home/michele/mltlsat/Benchmarks/random0/P0.5N4L5M100T100-4.mltl,0.584,17003.2,sat
/home/michele/mltlsat/Benchmarks/random0/P0.5N4L5M100T100-5.mltl,0.578,16996,sat
/home/michele/mltlsat/Benchmarks/random0/P0.5N4L5M100T100-6.mltl,0.592,17025.6,sat
/home/michele/mltlsat/Benchmarks/random0/P0.5N4L5M100T100-7.mltl,0.57,17299.2,sat
/home/michele/mltlsat/Benchmarks/random0/P0.5N4L5M100T100-8.mltl,0.584,17007.2,sat
/home/michele/mltlsat/Benchmarks/random0/P0.5N4L5M100T100-9.mltl,0.604,17020.8,sat
/home/michele/mltlsat/Benchmarks/random0/P0.5N4L60M100T100-10.mltl,0.59,17002.4,sat
/home/michele/mltlsat/Benchmarks/random0/P0.5N4L60M100T100-1.mltl,0.598,16985.6,unsat
/home/michele/mltlsat/Benchmarks/random0/P0.5N4L60M100T100-2.mltl,0.604,17004,sat
/home/michele/mltlsat/Benchmarks/random0/P0.5N4L60M100T100-3.mltl,0.604,17003.2,sat
/home/michele/mltlsat/Benchmarks/random0/P0.5N4L60M100T100-4.mltl,0.596,17009.6,sat
/home/michele/mltlsat/Benchmarks/random0/P0.5N4L60M100T100-5.mltl,0.906,41432.8,sat
/home/michele/mltlsat/Benchmarks/random0/P0.5N4L60M100T100-6.mltl,0.606,17307.2,sat
/home/michele/mltlsat/Benchmarks/random0/P0.5N4L60M100T100-7.mltl,0.628,17009.6,sat
/home/michele/mltlsat/Benchmarks/random0/P0.5N4L60M100T100-8.mltl,0.598,35228.8,sat
/home/michele/mltlsat/Benchmarks/random0/P0.5N4L60M100T100-9.mltl,0.616,17014.4,sat
/home/michele/mltlsat/Benchmarks/random0/P0.5N4L65M100T100-10.mltl,0.858,55411.2,sat
/home/michele/mltlsat/Benchmarks/random0/P0.5N4L65M100T100-1.mltl,0.69,39897.6,sat
/home/michele/mltlsat/Benchmarks/random0/P0.5N4L65M100T100-2.mltl,0.598,17023.2,unsat
/home/michele/mltlsat/Benchmarks/random0/P0.5N4L65M100T100-3.mltl,0.6,16993.6,sat
/home/michele/mltlsat/Benchmarks/random0/P0.5N4L65M100T100-4.mltl,0.6,17013.6,sat
/home/michele/mltlsat/Benchmarks/random0/P0.5N4L65M100T100-5.mltl,0.6,17006.4,sat
/home/michele/mltlsat/Benchmarks/random0/P0.5N4L65M100T100-6.mltl,17.102,2503800.8,sat
/home/michele/mltlsat/Benchmarks/random0/P0.5N4L65M100T100-7.mltl,0.61,16999.2,sat
/home/michele/mltlsat/Benchmarks/random0/P0.5N4L65M100T100-8.mltl,0.644,17312,sat
/home/michele/mltlsat/Benchmarks/random0/P0.5N4L65M100T100-9.mltl,0.674,16999.2,sat
/home/michele/mltlsat/Benchmarks/random0/P0.5N4L70M100T100-10.mltl,0.626,17010.4,sat
/home/michele/mltlsat/Benchmarks/random0/P0.5N4L70M100T100-1.mltl,0.646,16995.2,unsat
/home/michele/mltlsat/Benchmarks/random0/P0.5N4L70M100T100-2.mltl,0.626,17311.2,sat
/home/michele/mltlsat/Benchmarks/random0/P0.5N4L70M100T100-3.mltl,0.656,17011.2,sat
/home/michele/mltlsat/Benchmarks/random0/P0.5N4L70M100T100-4.mltl,0.622,35842.4,sat
/home/michele/mltlsat/Benchmarks/random0/P0.5N4L70M100T100-5.mltl,0.656,38384.8,sat
/home/michele/mltlsat/Benchmarks/random0/P0.5N4L70M100T100-6.mltl,12.78,72194.4,sat
/home/michele/mltlsat/Benchmarks/random0/P0.5N4L70M100T100-7.mltl,0.644,16704.8,sat
/home/michele/mltlsat/Benchmarks/random0/P0.5N4L70M100T100-8.mltl,0.616,17013.6,sat
/home/michele/mltlsat/Benchmarks/random0/P0.5N4L70M100T100-9.mltl,-1,-1,TO
/home/michele/mltlsat/Benchmarks/random0/P0.5N4L75M100T100-10.mltl,0.40599999999999997,18251.2,sat
/home/michele/mltlsat/Benchmarks/random0/P0.5N4L75M100T100-1.mltl,0.786,41067.2,sat
/home/michele/mltlsat/Benchmarks/random0/P0.5N4L75M100T100-2.mltl,0.452,17340.8,sat
/home/michele/mltlsat/Benchmarks/random0/P0.5N4L75M100T100-3.mltl,0.528,17032.8,sat
/home/michele/mltlsat/Benchmarks/random0/P0.5N4L75M100T100-4.mltl,0.548,16998.4,sat
/home/michele/mltlsat/Benchmarks/random0/P0.5N4L75M100T100-5.mltl,0.582,17006.4,sat
/home/michele/mltlsat/Benchmarks/random0/P0.5N4L75M100T100-6.mltl,0.5740000000000001,37076.8,sat
/home/michele/mltlsat/Benchmarks/random0/P0.5N4L75M100T100-7.mltl,0.586,17004,sat
/home/michele/mltlsat/Benchmarks/random0/P0.5N4L75M100T100-8.mltl,0.564,17012.8,sat
/home/michele/mltlsat/Benchmarks/random0/P0.5N4L75M100T100-9.mltl,0.628,38368.8,sat
/home/michele/mltlsat/Benchmarks/random0/P0.5N4L80M100T100-10.mltl,0.564,17306.4,sat
/home/michele/mltlsat/Benchmarks/random0/P0.5N4L80M100T100-1.mltl,0.5519999999999999,17303.2,sat
/home/michele/mltlsat/Benchmarks/random0/P0.5N4L80M100T100-2.mltl,0.588,16702.4,sat
/home/michele/mltlsat/Benchmarks/random0/P0.5N4L80M100T100-3.mltl,0.57,26264.8,sat
/home/michele/mltlsat/Benchmarks/random0/P0.5N4L80M100T100-4.mltl,2.434,482451.2,sat
/home/michele/mltlsat/Benchmarks/random0/P0.5N4L80M100T100-5.mltl,0.574,16994.4,sat
/home/michele/mltlsat/Benchmarks/random0/P0.5N4L80M100T100-6.mltl,0.5599999999999999,36184.8,sat
/home/michele/mltlsat/Benchmarks/random0/P0.5N4L80M100T100-7.mltl,-1,-1,TO
/home/michele/mltlsat/Benchmarks/random0/P0.5N4L80M100T100-8.mltl,0.46799999999999997,17008.8,sat
/home/michele/mltlsat/Benchmarks/random0/P0.5N4L80M100T100-9.mltl,0.498,38321.6,sat
/home/michele/mltlsat/Benchmarks/random0/P0.5N4L85M100T100-10.mltl,0.426,17006.4,sat
/home/michele/mltlsat/Benchmarks/random0/P0.5N4L85M100T100-1.mltl,0.454,36802.4,unsat
/home/michele/mltlsat/Benchmarks/random0/P0.5N4L85M100T100-2.mltl,0.42,21308.8,sat
/home/michele/mltlsat/Benchmarks/random0/P0.5N4L85M100T100-3.mltl,0.436,19164.8,sat
/home/michele/mltlsat/Benchmarks/random0/P0.5N4L85M100T100-4.mltl,0.446,38078.4,sat
/home/michele/mltlsat/Benchmarks/random0/P0.5N4L85M100T100-5.mltl,-1,-1,TO
/home/michele/mltlsat/Benchmarks/random0/P0.5N4L85M100T100-6.mltl,0.328,17307.2,sat
/home/michele/mltlsat/Benchmarks/random0/P0.5N4L85M100T100-7.mltl,0.646,47572,sat
/home/michele/mltlsat/Benchmarks/random0/P0.5N4L85M100T100-8.mltl,2.234,565053.6,sat
/home/michele/mltlsat/Benchmarks/random0/P0.5N4L85M100T100-9.mltl,0.362,19149.6,sat
/home/michele/mltlsat/Benchmarks/random0/P0.5N4L90M100T100-10.mltl,0.31,17630.4,sat
/home/michele/mltlsat/Benchmarks/random0/P0.5N4L90M100T100-1.mltl,0.336,34264,sat
/home/michele/mltlsat/Benchmarks/random0/P0.5N4L90M100T100-2.mltl,0.32,17631.2,sat
/home/michele/mltlsat/Benchmarks/random0/P0.5N4L90M100T100-3.mltl,1.726,542023.2,sat
/home/michele/mltlsat/Benchmarks/random0/P0.5N4L90M100T100-4.mltl,0.358,35552,unsat
/home/michele/mltlsat/Benchmarks/random0/P0.5N4L90M100T100-5.mltl,0.322,17011.2,sat
/home/michele/mltlsat/Benchmarks/random0/P0.5N4L90M100T100-6.mltl,0.322,17920.8,sat
/home/michele/mltlsat/Benchmarks/random0/P0.5N4L90M100T100-7.mltl,0.34400000000000003,35514.4,unsat
/home/michele/mltlsat/Benchmarks/random0/P0.5N4L90M100T100-8.mltl,0.328,17316,sat
/home/michele/mltlsat/Benchmarks/random0/P0.5N4L90M100T100-9.mltl,0.354,36504.8,sat
/home/michele/mltlsat/Benchmarks/random0/P0.5N4L95M100T100-10.mltl,0.334,17004,sat
/home/michele/mltlsat/Benchmarks/random0/P0.5N4L95M100T100-1.mltl,0.35,17000.8,sat
/home/michele/mltlsat/Benchmarks/random0/P0.5N4L95M100T100-2.mltl,0.368,35832.8,sat
/home/michele/mltlsat/Benchmarks/random0/P0.5N4L95M100T100-3.mltl,0.344,17000.8,sat
/home/michele/mltlsat/Benchmarks/random0/P0.5N4L95M100T100-4.mltl,0.384,38302.4,sat
/home/michele/mltlsat/Benchmarks/random0/P0.5N4L95M100T100-5.mltl,0.38,18861.6,sat
/home/michele/mltlsat/Benchmarks/random0/P0.5N4L95M100T100-6.mltl,0.634,44827.2,sat
/home/michele/mltlsat/Benchmarks/random0/P0.5N4L95M100T100-7.mltl,0.368,35572,sat
/home/michele/mltlsat/Benchmarks/random0/P0.5N4L95M100T100-8.mltl,0.356,36180,unsat
/home/michele/mltlsat/Benchmarks/random0/P0.5N4L95M100T100-9.mltl,0.332,21935.2,sat
/home/michele/mltlsat/Benchmarks/random0/P0.5N5L100M100T100-10.mltl,0.496,40184,sat
/home/michele/mltlsat/Benchmarks/random0/P0.5N5L100M100T100-1.mltl,0.556,41726.4,sat
/home/michele/mltlsat/Benchmarks/random0/P0.5N5L100M100T100-2.mltl,0.34400000000000003,30895.2,unsat
/home/michele/mltlsat/Benchmarks/random0/P0.5N5L100M100T100-3.mltl,0.34199999999999997,17008,sat
/home/michele/mltlsat/Benchmarks/random0/P0.5N5L100M100T100-4.mltl,0.35000000000000003,17304.8,sat
/home/michele/mltlsat/Benchmarks/random0/P0.5N5L100M100T100-5.mltl,0.36,17010.4,sat
/home/michele/mltlsat/Benchmarks/random0/P0.5N5L100M100T100-6.mltl,-1,-1,TO
/home/michele/mltlsat/Benchmarks/random0/P0.5N5L100M100T100-7.mltl,0.364,17035.2,sat
/home/michele/mltlsat/Benchmarks/random0/P0.5N5L100M100T100-8.mltl,0.364,17016.8,sat
/home/michele/mltlsat/Benchmarks/random0/P0.5N5L100M100T100-9.mltl,0.422,19162.4,sat
/home/michele/mltlsat/Benchmarks/random0/P0.5N5L10M100T100-10.mltl,0.362,17026.4,unsat
/home/michele/mltlsat/Benchmarks/random0/P0.5N5L10M100T100-1.mltl,0.366,17008.8,sat
/home/michele/mltlsat/Benchmarks/random0/P0.5N5L10M100T100-2.mltl,0.368,17028,sat
/home/michele/mltlsat/Benchmarks/random0/P0.5N5L10M100T100-3.mltl,0.358,17020.8,sat
/home/michele/mltlsat/Benchmarks/random0/P0.5N5L10M100T100-4.mltl,0.358,17305.6,sat
/home/michele/mltlsat/Benchmarks/random0/P0.5N5L10M100T100-5.mltl,0.374,16999.2,sat
/home/michele/mltlsat/Benchmarks/random0/P0.5N5L10M100T100-6.mltl,0.362,17015.2,sat
/home/michele/mltlsat/Benchmarks/random0/P0.5N5L10M100T100-7.mltl,0.364,20417.6,sat
/home/michele/mltlsat/Benchmarks/random0/P0.5N5L10M100T100-8.mltl,0.362,17015.2,sat
/home/michele/mltlsat/Benchmarks/random0/P0.5N5L10M100T100-9.mltl,0.372,17020,sat
/home/michele/mltlsat/Benchmarks/random0/P0.5N5L15M100T100-10.mltl,0.358,17010.4,sat
/home/michele/mltlsat/Benchmarks/random0/P0.5N5L15M100T100-1.mltl,0.378,16708,sat
/home/michele/mltlsat/Benchmarks/random0/P0.5N5L15M100T100-2.mltl,0.368,17013.6,sat
/home/michele/mltlsat/Benchmarks/random0/P0.5N5L15M100T100-3.mltl,0.368,16996,sat
/home/michele/mltlsat/Benchmarks/random0/P0.5N5L15M100T100-4.mltl,0.372,16997.6,sat
/home/michele/mltlsat/Benchmarks/random0/P0.5N5L15M100T100-5.mltl,0.358,17019.2,sat
/home/michele/mltlsat/Benchmarks/random0/P0.5N5L15M100T100-6.mltl,0.36,17000,sat
/home/michele/mltlsat/Benchmarks/random0/P0.5N5L15M100T100-7.mltl,0.364,17007.2,sat
/home/michele/mltlsat/Benchmarks/random0/P0.5N5L15M100T100-8.mltl,0.36,17008.8,sat
/home/michele/mltlsat/Benchmarks/random0/P0.5N5L15M100T100-9.mltl,0.38,17006.4,sat
/home/michele/mltlsat/Benchmarks/random0/P0.5N5L20M100T100-10.mltl,0.392,17018.4,sat
/home/michele/mltlsat/Benchmarks/random0/P0.5N5L20M100T100-1.mltl,0.428,38645.6,sat
/home/michele/mltlsat/Benchmarks/random0/P0.5N5L20M100T100-2.mltl,0.4,17006.4,sat
/home/michele/mltlsat/Benchmarks/random0/P0.5N5L20M100T100-3.mltl,0.396,16992,sat
/home/michele/mltlsat/Benchmarks/random0/P0.5N5L20M100T100-4.mltl,0.40800000000000003,36820.8,sat
/home/michele/mltlsat/Benchmarks/random0/P0.5N5L20M100T100-5.mltl,0.392,17321.6,sat
/home/michele/mltlsat/Benchmarks/random0/P0.5N5L20M100T100-6.mltl,0.39999999999999997,17011.2,sat
/home/michele/mltlsat/Benchmarks/random0/P0.5N5L20M100T100-7.mltl,0.44,38624,sat
/home/michele/mltlsat/Benchmarks/random0/P0.5N5L20M100T100-8.mltl,0.392,21329.6,sat
/home/michele/mltlsat/Benchmarks/random0/P0.5N5L20M100T100-9.mltl,0.382,24696,sat
/home/michele/mltlsat/Benchmarks/random0/P0.5N5L25M100T100-10.mltl,0.372,17007.2,sat
/home/michele/mltlsat/Benchmarks/random0/P0.5N5L25M100T100-1.mltl,0.368,17019.2,sat
/home/michele/mltlsat/Benchmarks/random0/P0.5N5L25M100T100-2.mltl,0.376,17018.4,sat
/home/michele/mltlsat/Benchmarks/random0/P0.5N5L25M100T100-3.mltl,0.354,17009.6,sat
/home/michele/mltlsat/Benchmarks/random0/P0.5N5L25M100T100-4.mltl,0.358,17336,sat
/home/michele/mltlsat/Benchmarks/random0/P0.5N5L25M100T100-5.mltl,0.376,17016.8,sat
/home/michele/mltlsat/Benchmarks/random0/P0.5N5L25M100T100-6.mltl,0.352,16998.4,sat
/home/michele/mltlsat/Benchmarks/random0/P0.5N5L25M100T100-7.mltl,0.384,16996,sat
/home/michele/mltlsat/Benchmarks/random0/P0.5N5L25M100T100-8.mltl,0.796,61588.8,sat
/home/michele/mltlsat/Benchmarks/random0/P0.5N5L25M100T100-9.mltl,0.368,16999.2,sat
/home/michele/mltlsat/Benchmarks/random0/P0.5N5L30M100T100-10.mltl,0.368,17316,sat
/home/michele/mltlsat/Benchmarks/random0/P0.5N5L30M100T100-1.mltl,0.386,17009.6,sat
/home/michele/mltlsat/Benchmarks/random0/P0.5N5L30M100T100-2.mltl,0.384,17019.2,sat
/home/michele/mltlsat/Benchmarks/random0/P0.5N5L30M100T100-3.mltl,0.384,17004.8,sat
/home/michele/mltlsat/Benchmarks/random0/P0.5N5L30M100T100-4.mltl,0.416,38632,sat
/home/michele/mltlsat/Benchmarks/random0/P0.5N5L30M100T100-5.mltl,0.384,17316,unsat
/home/michele/mltlsat/Benchmarks/random0/P0.5N5L30M100T100-6.mltl,0.38,17020.8,sat
/home/michele/mltlsat/Benchmarks/random0/P0.5N5L30M100T100-7.mltl,0.376,18235.2,unsat
/home/michele/mltlsat/Benchmarks/random0/P0.5N5L30M100T100-8.mltl,0.396,17015.2,sat
/home/michele/mltlsat/Benchmarks/random0/P0.5N5L30M100T100-9.mltl,0.40199999999999997,17011.2,sat
/home/michele/mltlsat/Benchmarks/random0/P0.5N5L35M100T100-10.mltl,0.416,17005.6,sat
/home/michele/mltlsat/Benchmarks/random0/P0.5N5L35M100T100-1.mltl,0.412,17000,unsat
/home/michele/mltlsat/Benchmarks/random0/P0.5N5L35M100T100-2.mltl,0.438,17024,sat
/home/michele/mltlsat/Benchmarks/random0/P0.5N5L35M100T100-3.mltl,0.422,17315.2,sat
/home/michele/mltlsat/Benchmarks/random0/P0.5N5L35M100T100-4.mltl,0.402,17307.2,sat
/home/michele/mltlsat/Benchmarks/random0/P0.5N5L35M100T100-5.mltl,0.45799999999999996,18866.4,sat
/home/michele/mltlsat/Benchmarks/random0/P0.5N5L35M100T100-6.mltl,0.438,17026.4,sat
/home/michele/mltlsat/Benchmarks/random0/P0.5N5L35M100T100-7.mltl,0.454,36483.2,sat
/home/michele/mltlsat/Benchmarks/random0/P0.5N5L35M100T100-8.mltl,0.442,17014.4,sat
/home/michele/mltlsat/Benchmarks/random0/P0.5N5L35M100T100-9.mltl,0.452,35583.2,unsat
/home/michele/mltlsat/Benchmarks/random0/P0.5N5L40M100T100-10.mltl,0.42,17020.8,sat
/home/michele/mltlsat/Benchmarks/random0/P0.5N5L40M100T100-1.mltl,0.412,17020.8,sat
/home/michele/mltlsat/Benchmarks/random0/P0.5N5L40M100T100-2.mltl,0.406,17016,sat
/home/michele/mltlsat/Benchmarks/random0/P0.5N5L40M100T100-3.mltl,0.414,17010.4,sat
/home/michele/mltlsat/Benchmarks/random0/P0.5N5L40M100T100-4.mltl,0.446,17003.2,sat
/home/michele/mltlsat/Benchmarks/random0/P0.5N5L40M100T100-5.mltl,0.444,17001.6,sat
/home/michele/mltlsat/Benchmarks/random0/P0.5N5L40M100T100-6.mltl,0.498,37096.8,sat
/home/michele/mltlsat/Benchmarks/random0/P0.5N5L40M100T100-7.mltl,0.458,17008,sat
/home/michele/mltlsat/Benchmarks/random0/P0.5N5L40M100T100-8.mltl,0.538,17000.8,sat
/home/michele/mltlsat/Benchmarks/random0/P0.5N5L40M100T100-9.mltl,0.556,16708.8,sat
/home/michele/mltlsat/Benchmarks/random0/P0.5N5L45M100T100-10.mltl,0.58,35855.2,sat
/home/michele/mltlsat/Benchmarks/random0/P0.5N5L45M100T100-1.mltl,0.59,16997.6,sat
/home/michele/mltlsat/Benchmarks/random0/P0.5N5L45M100T100-2.mltl,0.522,17007.2,sat
/home/michele/mltlsat/Benchmarks/random0/P0.5N5L45M100T100-3.mltl,0.532,17019.2,sat
/home/michele/mltlsat/Benchmarks/random0/P0.5N5L45M100T100-4.mltl,0.56,17001.6,sat
/home/michele/mltlsat/Benchmarks/random0/P0.5N5L45M100T100-5.mltl,0.724,42030.4,sat
/home/michele/mltlsat/Benchmarks/random0/P0.5N5L45M100T100-6.mltl,0.6,36489.6,sat
/home/michele/mltlsat/Benchmarks/random0/P0.5N5L45M100T100-7.mltl,0.558,17020,sat
/home/michele/mltlsat/Benchmarks/random0/P0.5N5L45M100T100-8.mltl,0.584,17006.4,sat
/home/michele/mltlsat/Benchmarks/random0/P0.5N5L45M100T100-9.mltl,0.57,16999.2,sat
/home/michele/mltlsat/Benchmarks/random0/P0.5N5L50M100T100-10.mltl,0.59,32426.4,sat
/home/michele/mltlsat/Benchmarks/random0/P0.5N5L50M100T100-1.mltl,0.586,36162.4,sat
/home/michele/mltlsat/Benchmarks/random0/P0.5N5L50M100T100-2.mltl,0.542,17027.2,sat
/home/michele/mltlsat/Benchmarks/random0/P0.5N5L50M100T100-3.mltl,0.5539999999999999,17948.8,sat
/home/michele/mltlsat/Benchmarks/random0/P0.5N5L50M100T100-4.mltl,0.566,17002.4,sat
/home/michele/mltlsat/Benchmarks/random0/P0.5N5L50M100T100-5.mltl,0.568,17335.2,sat
/home/michele/mltlsat/Benchmarks/random0/P0.5N5L50M100T100-6.mltl,0.588,18547.2,sat
/home/michele/mltlsat/Benchmarks/random0/P0.5N5L50M100T100-7.mltl,0.57,17004,sat
/home/michele/mltlsat/Benchmarks/random0/P0.5N5L50M100T100-8.mltl,0.574,16996.8,sat
/home/michele/mltlsat/Benchmarks/random0/P0.5N5L50M100T100-9.mltl,0.594,17014.4,sat
/home/michele/mltlsat/Benchmarks/random0/P0.5N5L55M100T100-10.mltl,0.598,17021.6,unsat
/home/michele/mltlsat/Benchmarks/random0/P0.5N5L55M100T100-1.mltl,0.618,20414.4,sat
/home/michele/mltlsat/Benchmarks/random0/P0.5N5L55M100T100-2.mltl,0.592,16993.6,sat
/home/michele/mltlsat/Benchmarks/random0/P0.5N5L55M100T100-3.mltl,0.572,17012.8,sat
/home/michele/mltlsat/Benchmarks/random0/P0.5N5L55M100T100-4.mltl,0.58,16999.2,sat
/home/michele/mltlsat/Benchmarks/random0/P0.5N5L55M100T100-5.mltl,0.598,16973.6,sat
/home/michele/mltlsat/Benchmarks/random0/P0.5N5L55M100T100-6.mltl,0.6,17007.2,sat
/home/michele/mltlsat/Benchmarks/random0/P0.5N5L55M100T100-7.mltl,0.576,17021.6,sat
/home/michele/mltlsat/Benchmarks/random0/P0.5N5L55M100T100-8.mltl,0.64,36788,sat
/home/michele/mltlsat/Benchmarks/random0/P0.5N5L55M100T100-9.mltl,0.61,17320,sat
/home/michele/mltlsat/Benchmarks/random0/P0.5N5L5M100T100-10.mltl,0.596,17313.6,sat
/home/michele/mltlsat/Benchmarks/random0/P0.5N5L5M100T100-1.mltl,0.596,17310.4,sat
/home/michele/mltlsat/Benchmarks/random0/P0.5N5L5M100T100-2.mltl,0.58,17623.2,sat
/home/michele/mltlsat/Benchmarks/random0/P0.5N5L5M100T100-3.mltl,0.584,17631.2,sat
/home/michele/mltlsat/Benchmarks/random0/P0.5N5L5M100T100-4.mltl,0.54,16998.4,sat
/home/michele/mltlsat/Benchmarks/random0/P0.5N5L5M100T100-5.mltl,0.5680000000000001,17289.6,sat
/home/michele/mltlsat/Benchmarks/random0/P0.5N5L5M100T100-6.mltl,0.576,17012,sat
/home/michele/mltlsat/Benchmarks/random0/P0.5N5L5M100T100-7.mltl,0.5760000000000001,17316.8,sat
/home/michele/mltlsat/Benchmarks/random0/P0.5N5L5M100T100-8.mltl,0.592,17021.6,sat
/home/michele/mltlsat/Benchmarks/random0/P0.5N5L5M100T100-9.mltl,0.57,17015.2,sat
/home/michele/mltlsat/Benchmarks/random0/P0.5N5L60M100T100-10.mltl,0.634,24388.8,sat
/home/michele/mltlsat/Benchmarks/random0/P0.5N5L60M100T100-1.mltl,0.592,38318.4,sat
/home/michele/mltlsat/Benchmarks/random0/P0.5N5L60M100T100-2.mltl,0.694,38378.4,sat
/home/michele/mltlsat/Benchmarks/random0/P0.5N5L60M100T100-3.mltl,0.614,16686.4,sat
/home/michele/mltlsat/Benchmarks/random0/P0.5N5L60M100T100-4.mltl,0.726,38668.8,sat
/home/michele/mltlsat/Benchmarks/random0/P0.5N5L60M100T100-5.mltl,0.604,17022.4,sat
/home/michele/mltlsat/Benchmarks/random0/P0.5N5L60M100T100-6.mltl,0.596,17341.6,sat
/home/michele/mltlsat/Benchmarks/random0/P0.5N5L60M100T100-7.mltl,0.61,16998.4,sat
/home/michele/mltlsat/Benchmarks/random0/P0.5N5L60M100T100-8.mltl,0.638,17015.2,sat
/home/michele/mltlsat/Benchmarks/random0/P0.5N5L60M100T100-9.mltl,0.632,16692.8,unsat
/home/michele/mltlsat/Benchmarks/random0/P0.5N5L65M100T100-10.mltl,0.614,17004.8,sat
/home/michele/mltlsat/Benchmarks/random0/P0.5N5L65M100T100-1.mltl,0.618,18242.4,sat
/home/michele/mltlsat/Benchmarks/random0/P0.5N5L65M100T100-2.mltl,0.6,17001.6,sat
/home/michele/mltlsat/Benchmarks/random0/P0.5N5L65M100T100-3.mltl,0.574,24084,sat
/home/michele/mltlsat/Benchmarks/random0/P0.5N5L65M100T100-4.mltl,0.636,36462.4,sat
/home/michele/mltlsat/Benchmarks/random0/P0.5N5L65M100T100-5.mltl,0.602,17011.2,unsat
/home/michele/mltlsat/Benchmarks/random0/P0.5N5L65M100T100-6.mltl,0.64,36779.2,sat
/home/michele/mltlsat/Benchmarks/random0/P0.5N5L65M100T100-7.mltl,2.5100000000000002,448632.8,sat
/home/michele/mltlsat/Benchmarks/random0/P0.5N5L65M100T100-8.mltl,0.61,17008.8,sat
/home/michele/mltlsat/Benchmarks/random0/P0.5N5L65M100T100-9.mltl,0.64,19472.8,sat
/home/michele/mltlsat/Benchmarks/random0/P0.5N5L70M100T100-10.mltl,0.608,17012.8,sat
/home/michele/mltlsat/Benchmarks/random0/P0.5N5L70M100T100-1.mltl,0.894,40796,sat
/home/michele/mltlsat/Benchmarks/random0/P0.5N5L70M100T100-2.mltl,0.528,23175.2,sat
/home/michele/mltlsat/Benchmarks/random0/P0.5N5L70M100T100-3.mltl,1.228,175208.8,sat
/home/michele/mltlsat/Benchmarks/random0/P0.5N5L70M100T100-4.mltl,0.612,36803.2,unsat
/home/michele/mltlsat/Benchmarks/random0/P0.5N5L70M100T100-5.mltl,0.582,17332,sat
/home/michele/mltlsat/Benchmarks/random0/P0.5N5L70M100T100-6.mltl,0.574,17329.6,sat
/home/michele/mltlsat/Benchmarks/random0/P0.5N5L70M100T100-7.mltl,0.606,35512,sat
/home/michele/mltlsat/Benchmarks/random0/P0.5N5L70M100T100-8.mltl,0.592,17001.6,sat
/home/michele/mltlsat/Benchmarks/random0/P0.5N5L70M100T100-9.mltl,0.568,17011.2,sat
/home/michele/mltlsat/Benchmarks/random0/P0.5N5L75M100T100-10.mltl,0.574,17004,sat
/home/michele/mltlsat/Benchmarks/random0/P0.5N5L75M100T100-1.mltl,0.564,17328.8,unsat
/home/michele/mltlsat/Benchmarks/random0/P0.5N5L75M100T100-2.mltl,0.552,17001.6,sat
/home/michele/mltlsat/Benchmarks/random0/P0.5N5L75M100T100-3.mltl,0.612,36828,sat
/home/michele/mltlsat/Benchmarks/random0/P0.5N5L75M100T100-4.mltl,0.578,16991.2,sat
/home/michele/mltlsat/Benchmarks/random0/P0.5N5L75M100T100-5.mltl,0.626,19436.8,sat
/home/michele/mltlsat/Benchmarks/random0/P0.5N5L75M100T100-6.mltl,0.616,35517.6,unsat
/home/michele/mltlsat/Benchmarks/random0/P0.5N5L75M100T100-7.mltl,0.668,21648,sat
/home/michele/mltlsat/Benchmarks/random0/P0.5N5L75M100T100-8.mltl,0.582,17603.2,sat
/home/michele/mltlsat/Benchmarks/random0/P0.5N5L75M100T100-9.mltl,0.568,17309.6,sat
/home/michele/mltlsat/Benchmarks/random0/P0.5N5L80M100T100-10.mltl,0.616,37127.2,sat
/home/michele/mltlsat/Benchmarks/random0/P0.5N5L80M100T100-1.mltl,0.576,17602.4,sat
/home/michele/mltlsat/Benchmarks/random0/P0.5N5L80M100T100-2.mltl,0.63,19160,sat
/home/michele/mltlsat/Benchmarks/random0/P0.5N5L80M100T100-3.mltl,0.578,17018.4,unsat
/home/michele/mltlsat/Benchmarks/random0/P0.5N5L80M100T100-4.mltl,0.582,35883.2,unsat
/home/michele/mltlsat/Benchmarks/random0/P0.5N5L80M100T100-5.mltl,0.626,36804,sat
/home/michele/mltlsat/Benchmarks/random0/P0.5N5L80M100T100-6.mltl,1.038,78448.8,sat
/home/michele/mltlsat/Benchmarks/random0/P0.5N5L80M100T100-7.mltl,0.618,38661.6,sat
/home/michele/mltlsat/Benchmarks/random0/P0.5N5L80M100T100-8.mltl,2.48,220079.2,sat
/home/michele/mltlsat/Benchmarks/random0/P0.5N5L80M100T100-9.mltl,0.582,31500,sat
/home/michele/mltlsat/Benchmarks/random0/P0.5N5L85M100T100-10.mltl,0.578,17008,sat
/home/michele/mltlsat/Benchmarks/random0/P0.5N5L85M100T100-1.mltl,0.628,36808,sat
/home/michele/mltlsat/Benchmarks/random0/P0.5N5L85M100T100-2.mltl,0.614,38036.8,sat
/home/michele/mltlsat/Benchmarks/random0/P0.5N5L85M100T100-3.mltl,0.57,17022.4,sat
/home/michele/mltlsat/Benchmarks/random0/P0.5N5L85M100T100-4.mltl,0.808,41704,sat
/home/michele/mltlsat/Benchmarks/random0/P0.5N5L85M100T100-5.mltl,0.57,17313.6,sat
/home/michele/mltlsat/Benchmarks/random0/P0.5N5L85M100T100-6.mltl,0.5599999999999999,16994.4,sat
/home/michele/mltlsat/Benchmarks/random0/P0.5N5L85M100T100-7.mltl,0.588,17008.8,unsat
/home/michele/mltlsat/Benchmarks/random0/P0.5N5L85M100T100-8.mltl,0.576,17012,sat
/home/michele/mltlsat/Benchmarks/random0/P0.5N5L85M100T100-9.mltl,0.618,38668.8,sat
/home/michele/mltlsat/Benchmarks/random0/P0.5N5L90M100T100-10.mltl,0.5439999999999999,17630.4,sat
/home/michele/mltlsat/Benchmarks/random0/P0.5N5L90M100T100-1.mltl,0.596,17623.2,sat
/home/michele/mltlsat/Benchmarks/random0/P0.5N5L90M100T100-2.mltl,0.592,17002.4,unsat
/home/michele/mltlsat/Benchmarks/random0/P0.5N5L90M100T100-3.mltl,0.628,34963.2,sat
/home/michele/mltlsat/Benchmarks/random0/P0.5N5L90M100T100-4.mltl,0.828,41298.4,sat
/home/michele/mltlsat/Benchmarks/random0/P0.5N5L90M100T100-5.mltl,0.594,17001.6,sat
/home/michele/mltlsat/Benchmarks/random0/P0.5N5L90M100T100-6.mltl,0.544,17302.4,sat
/home/michele/mltlsat/Benchmarks/random0/P0.5N5L90M100T100-7.mltl,0.566,17318.4,sat
/home/michele/mltlsat/Benchmarks/random0/P0.5N5L90M100T100-8.mltl,1.558,49655.2,sat
/home/michele/mltlsat/Benchmarks/random0/P0.5N5L90M100T100-9.mltl,1.27,48332.8,sat
/home/michele/mltlsat/Benchmarks/random0/P0.5N5L95M100T100-10.mltl,0.552,16998.4,sat
/home/michele/mltlsat/Benchmarks/random0/P0.5N5L95M100T100-1.mltl,0.64,37984,sat
/home/michele/mltlsat/Benchmarks/random0/P0.5N5L95M100T100-2.mltl,0.566,17009.6,sat
/home/michele/mltlsat/Benchmarks/random0/P0.5N5L95M100T100-3.mltl,0.6,17001.6,sat
/home/michele/mltlsat/Benchmarks/random0/P0.5N5L95M100T100-4.mltl,0.626,38654.4,unsat
/home/michele/mltlsat/Benchmarks/random0/P0.5N5L95M100T100-5.mltl,0.632,23498.4,sat
/home/michele/mltlsat/Benchmarks/random0/P0.5N5L95M100T100-6.mltl,0.65,37106.4,unsat
/home/michele/mltlsat/Benchmarks/random0/P0.5N5L95M100T100-7.mltl,0.586,16992,sat
/home/michele/mltlsat/Benchmarks/random0/P0.5N5L95M100T100-8.mltl,0.616,16685.6,sat
/home/michele/mltlsat/Benchmarks/random0/P0.5N5L95M100T100-9.mltl,0.618,17015.2,sat
/home/michele/mltlsat/Benchmarks/random0/P0.7N1L100M100T100-10.mltl,0.606,17000.8,sat
/home/michele/mltlsat/Benchmarks/random0/P0.7N1L100M100T100-1.mltl,0.634,36198.4,sat
/home/michele/mltlsat/Benchmarks/random0/P0.7N1L100M100T100-2.mltl,0.654,37140,sat
/home/michele/mltlsat/Benchmarks/random0/P0.7N1L100M100T100-3.mltl,17.444,66320.8,unsat
/home/michele/mltlsat/Benchmarks/random0/P0.7N1L100M100T100-4.mltl,0.5599999999999999,17005.6,sat
/home/michele/mltlsat/Benchmarks/random0/P0.7N1L100M100T100-5.mltl,-1,-1,TO
/home/michele/mltlsat/Benchmarks/random0/P0.7N1L100M100T100-6.mltl,-1,-1,TO
/home/michele/mltlsat/Benchmarks/random0/P0.7N1L100M100T100-7.mltl,82.808,1245117.6,sat
/home/michele/mltlsat/Benchmarks/random0/P0.7N1L100M100T100-8.mltl,0.412,29038.4,sat
/home/michele/mltlsat/Benchmarks/random0/P0.7N1L100M100T100-9.mltl,0.39599999999999996,29318.4,sat
/home/michele/mltlsat/Benchmarks/random0/P0.7N1L10M100T100-10.mltl,0.36,17312.8,sat
/home/michele/mltlsat/Benchmarks/random0/P0.7N1L10M100T100-1.mltl,0.364,16699.2,sat
/home/michele/mltlsat/Benchmarks/random0/P0.7N1L10M100T100-2.mltl,0.366,17024.8,sat
/home/michele/mltlsat/Benchmarks/random0/P0.7N1L10M100T100-3.mltl,0.36,17005.6,sat
/home/michele/mltlsat/Benchmarks/random0/P0.7N1L10M100T100-4.mltl,0.362,16704.8,sat
/home/michele/mltlsat/Benchmarks/random0/P0.7N1L10M100T100-5.mltl,0.354,17321.6,sat
/home/michele/mltlsat/Benchmarks/random0/P0.7N1L10M100T100-6.mltl,0.356,17329.6,sat
/home/michele/mltlsat/Benchmarks/random0/P0.7N1L10M100T100-7.mltl,0.37,16999.2,sat
/home/michele/mltlsat/Benchmarks/random0/P0.7N1L10M100T100-8.mltl,0.366,17318.4,sat
/home/michele/mltlsat/Benchmarks/random0/P0.7N1L10M100T100-9.mltl,0.376,17012.8,sat
/home/michele/mltlsat/Benchmarks/random0/P0.7N1L15M100T100-10.mltl,0.378,16973.6,sat
/home/michele/mltlsat/Benchmarks/random0/P0.7N1L15M100T100-1.mltl,0.376,16997.6,sat
/home/michele/mltlsat/Benchmarks/random0/P0.7N1L15M100T100-2.mltl,0.368,17014.4,sat
/home/michele/mltlsat/Benchmarks/random0/P0.7N1L15M100T100-3.mltl,0.372,16996.8,sat
/home/michele/mltlsat/Benchmarks/random0/P0.7N1L15M100T100-4.mltl,0.35,16987.2,sat
/home/michele/mltlsat/Benchmarks/random0/P0.7N1L15M100T100-5.mltl,0.354,17009.6,sat
/home/michele/mltlsat/Benchmarks/random0/P0.7N1L15M100T100-6.mltl,0.396,18852,unsat
/home/michele/mltlsat/Benchmarks/random0/P0.7N1L15M100T100-7.mltl,0.34400000000000003,17004,sat
/home/michele/mltlsat/Benchmarks/random0/P0.7N1L15M100T100-8.mltl,0.35,17028,sat
/home/michele/mltlsat/Benchmarks/random0/P0.7N1L15M100T100-9.mltl,0.338,17010.4,sat
/home/michele/mltlsat/Benchmarks/random0/P0.7N1L20M100T100-10.mltl,0.352,17314.4,sat
/home/michele/mltlsat/Benchmarks/random0/P0.7N1L20M100T100-1.mltl,0.356,17301.6,sat
/home/michele/mltlsat/Benchmarks/random0/P0.7N1L20M100T100-2.mltl,0.352,17002.4,sat
/home/michele/mltlsat/Benchmarks/random0/P0.7N1L20M100T100-3.mltl,0.348,17005.6,sat
/home/michele/mltlsat/Benchmarks/random0/P0.7N1L20M100T100-4.mltl,0.352,16997.6,sat
/home/michele/mltlsat/Benchmarks/random0/P0.7N1L20M100T100-5.mltl,0.35,20092.8,sat
/home/michele/mltlsat/Benchmarks/random0/P0.7N1L20M100T100-6.mltl,0.354,17020.8,sat
/home/michele/mltlsat/Benchmarks/random0/P0.7N1L20M100T100-7.mltl,0.362,17031.2,sat
/home/michele/mltlsat/Benchmarks/random0/P0.7N1L20M100T100-8.mltl,0.38,17010.4,sat
/home/michele/mltlsat/Benchmarks/random0/P0.7N1L20M100T100-9.mltl,0.376,16690.4,unsat
/home/michele/mltlsat/Benchmarks/random0/P0.7N1L25M100T100-10.mltl,0.368,17321.6,sat
/home/michele/mltlsat/Benchmarks/random0/P0.7N1L25M100T100-1.mltl,0.374,17004.8,sat
/home/michele/mltlsat/Benchmarks/random0/P0.7N1L25M100T100-2.mltl,0.378,17007.2,unsat
/home/michele/mltlsat/Benchmarks/random0/P0.7N1L25M100T100-3.mltl,0.376,17005.6,sat
/home/michele/mltlsat/Benchmarks/random0/P0.7N1L25M100T100-4.mltl,0.38,16704,sat
/home/michele/mltlsat/Benchmarks/random0/P0.7N1L25M100T100-5.mltl,0.404,36179.2,sat
/home/michele/mltlsat/Benchmarks/random0/P0.7N1L25M100T100-6.mltl,0.414,38027.2,sat
/home/michele/mltlsat/Benchmarks/random0/P0.7N1L25M100T100-7.mltl,0.392,16992,sat
/home/michele/mltlsat/Benchmarks/random0/P0.7N1L25M100T100-8.mltl,0.394,17024,sat
/home/michele/mltlsat/Benchmarks/random0/P0.7N1L25M100T100-9.mltl,-1,-1,TO
/home/michele/mltlsat/Benchmarks/random0/P0.7N1L30M100T100-10.mltl,0.4,17015.2,sat
/home/michele/mltlsat/Benchmarks/random0/P0.7N1L30M100T100-1.mltl,0.404,17015.2,sat
/home/michele/mltlsat/Benchmarks/random0/P0.7N1L30M100T100-2.mltl,0.502,38070.4,sat
/home/michele/mltlsat/Benchmarks/random0/P0.7N1L30M100T100-3.mltl,0.418,30580.8,sat
/home/michele/mltlsat/Benchmarks/random0/P0.7N1L30M100T100-4.mltl,0.398,17005.6,sat
/home/michele/mltlsat/Benchmarks/random0/P0.7N1L30M100T100-5.mltl,0.402,16979.2,sat
/home/michele/mltlsat/Benchmarks/random0/P0.7N1L30M100T100-6.mltl,0.424,34603.2,sat
/home/michele/mltlsat/Benchmarks/random0/P0.7N1L30M100T100-7.mltl,0.41200000000000003,17004.8,sat
/home/michele/mltlsat/Benchmarks/random0/P0.7N1L30M100T100-8.mltl,0.412,17017.6,sat
/home/michele/mltlsat/Benchmarks/random0/P0.7N1L30M100T100-9.mltl,0.42,17000.8,sat
/home/michele/mltlsat/Benchmarks/random0/P0.7N1L35M100T100-10.mltl,0.452,17000.8,sat
/home/michele/mltlsat/Benchmarks/random0/P0.7N1L35M100T100-1.mltl,0.438,17010.4,unsat
/home/michele/mltlsat/Benchmarks/random0/P0.7N1L35M100T100-2.mltl,0.436,17008.8,unsat
/home/michele/mltlsat/Benchmarks/random0/P0.7N1L35M100T100-3.mltl,0.876,43263.2,sat
/home/michele/mltlsat/Benchmarks/random0/P0.7N1L35M100T100-4.mltl,-1,-1,TO
/home/michele/mltlsat/Benchmarks/random0/P0.7N1L35M100T100-5.mltl,0.426,18526.4,sat
/home/michele/mltlsat/Benchmarks/random0/P0.7N1L35M100T100-6.mltl,0.48,38308.8,sat
/home/michele/mltlsat/Benchmarks/random0/P0.7N1L35M100T100-7.mltl,0.446,36211.2,sat
/home/michele/mltlsat/Benchmarks/random0/P0.7N1L35M100T100-8.mltl,0.444,17304.8,sat
/home/michele/mltlsat/Benchmarks/random0/P0.7N1L35M100T100-9.mltl,0.434,17006.4,sat
/home/michele/mltlsat/Benchmarks/random0/P0.7N1L40M100T100-10.mltl,0.49,17009.6,sat
/home/michele/mltlsat/Benchmarks/random0/P0.7N1L40M100T100-1.mltl,0.542,19484.8,sat
/home/michele/mltlsat/Benchmarks/random0/P0.7N1L40M100T100-2.mltl,0.59,38318.4,sat
/home/michele/mltlsat/Benchmarks/random0/P0.7N1L40M100T100-3.mltl,0.57,17010.4,unsat
/home/michele/mltlsat/Benchmarks/random0/P0.7N1L40M100T100-4.mltl,0.5599999999999999,36473.6,unsat
/home/michele/mltlsat/Benchmarks/random0/P0.7N1L40M100T100-5.mltl,0.55,17004,sat
/home/michele/mltlsat/Benchmarks/random0/P0.7N1L40M100T100-6.mltl,0.578,17020,unsat
/home/michele/mltlsat/Benchmarks/random0/P0.7N1L40M100T100-7.mltl,0.596,17616,sat
/home/michele/mltlsat/Benchmarks/random0/P0.7N1L40M100T100-8.mltl,0.602,17316.8,sat
/home/michele/mltlsat/Benchmarks/random0/P0.7N1L40M100T100-9.mltl,0.594,17305.6,sat
/home/michele/mltlsat/Benchmarks/random0/P0.7N1L45M100T100-10.mltl,0.634,38331.2,unsat
/home/michele/mltlsat/Benchmarks/random0/P0.7N1L45M100T100-1.mltl,0.586,17008,sat
/home/michele/mltlsat/Benchmarks/random0/P0.7N1L45M100T100-2.mltl,0.598,38664,sat
/home/michele/mltlsat/Benchmarks/random0/P0.7N1L45M100T100-3.mltl,1.616,44828.8,sat
/home/michele/mltlsat/Benchmarks/random0/P0.7N1L45M100T100-4.mltl,0.5599999999999999,17020.8,sat
/home/michele/mltlsat/Benchmarks/random0/P0.7N1L45M100T100-5.mltl,0.612,17011.2,sat
/home/michele/mltlsat/Benchmarks/random0/P0.7N1L45M100T100-6.mltl,0.63,36785.6,sat
/home/michele/mltlsat/Benchmarks/random0/P0.7N1L45M100T100-7.mltl,0.578,17296.8,sat
/home/michele/mltlsat/Benchmarks/random0/P0.7N1L45M100T100-8.mltl,0.618,35538.4,sat
/home/michele/mltlsat/Benchmarks/random0/P0.7N1L45M100T100-9.mltl,0.736,41749.6,sat
/home/michele/mltlsat/Benchmarks/random0/P0.7N1L50M100T100-10.mltl,0.586,17626.4,sat
/home/michele/mltlsat/Benchmarks/random0/P0.7N1L50M100T100-1.mltl,0.504,18566.4,sat
/home/michele/mltlsat/Benchmarks/random0/P0.7N1L50M100T100-2.mltl,0.566,16988.8,sat
/home/michele/mltlsat/Benchmarks/random0/P0.7N1L50M100T100-3.mltl,0.718,39885.6,sat
/home/michele/mltlsat/Benchmarks/random0/P0.7N1L50M100T100-4.mltl,0.57,17013.6,sat
/home/michele/mltlsat/Benchmarks/random0/P0.7N1L50M100T100-5.mltl,0.576,17028,sat
/home/michele/mltlsat/Benchmarks/random0/P0.7N1L50M100T100-6.mltl,0.568,17016,sat
/home/michele/mltlsat/Benchmarks/random0/P0.7N1L50M100T100-7.mltl,1.326,40175.2,unsat
/home/michele/mltlsat/Benchmarks/random0/P0.7N1L50M100T100-8.mltl,0.616,38028,sat
/home/michele/mltlsat/Benchmarks/random0/P0.7N1L50M100T100-9.mltl,0.454,17001.6,sat
/home/michele/mltlsat/Benchmarks/random0/P0.7N1L55M100T100-10.mltl,0.476,17632.8,sat
/home/michele/mltlsat/Benchmarks/random0/P0.7N1L55M100T100-1.mltl,0.508,37744,sat
/home/michele/mltlsat/Benchmarks/random0/P0.7N1L55M100T100-2.mltl,0.464,17021.6,sat
/home/michele/mltlsat/Benchmarks/random0/P0.7N1L55M100T100-3.mltl,0.55,38015.2,unsat
/home/michele/mltlsat/Benchmarks/random0/P0.7N1L55M100T100-4.mltl,0.468,17928,unsat
/home/michele/mltlsat/Benchmarks/random0/P0.7N1L55M100T100-5.mltl,0.412,36786.4,unsat
/home/michele/mltlsat/Benchmarks/random0/P0.7N1L55M100T100-6.mltl,0.434,17613.6,sat
/home/michele/mltlsat/Benchmarks/random0/P0.7N1L55M100T100-7.mltl,0.47800000000000004,17004.8,sat
/home/michele/mltlsat/Benchmarks/random0/P0.7N1L55M100T100-8.mltl,0.452,17324.8,sat
/home/michele/mltlsat/Benchmarks/random0/P0.7N1L55M100T100-9.mltl,-1,-1,TO
/home/michele/mltlsat/Benchmarks/random0/P0.7N1L5M100T100-10.mltl,0.44,20386.4,sat
/home/michele/mltlsat/Benchmarks/random0/P0.7N1L5M100T100-1.mltl,0.382,18538.4,sat
/home/michele/mltlsat/Benchmarks/random0/P0.7N1L5M100T100-2.mltl,0.38,18543.2,sat
/home/michele/mltlsat/Benchmarks/random0/P0.7N1L5M100T100-3.mltl,0.38,21303.2,sat
/home/michele/mltlsat/Benchmarks/random0/P0.7N1L5M100T100-4.mltl,0.378,17619.2,sat
/home/michele/mltlsat/Benchmarks/random0/P0.7N1L5M100T100-5.mltl,0.384,17938.4,sat
/home/michele/mltlsat/Benchmarks/random0/P0.7N1L5M100T100-6.mltl,0.392,16990.4,sat
/home/michele/mltlsat/Benchmarks/random0/P0.7N1L5M100T100-7.mltl,0.4,17316.8,sat
/home/michele/mltlsat/Benchmarks/random0/P0.7N1L5M100T100-8.mltl,0.4,17006.4,sat
/home/michele/mltlsat/Benchmarks/random0/P0.7N1L5M100T100-9.mltl,0.4,17003.2,sat
/home/michele/mltlsat/Benchmarks/random0/P0.7N1L60M100T100-10.mltl,0.404,17303.2,sat
/home/michele/mltlsat/Benchmarks/random0/P0.7N1L60M100T100-1.mltl,0.428,36198.4,sat
/home/michele/mltlsat/Benchmarks/random0/P0.7N1L60M100T100-2.mltl,0.4,17009.6,unsat
/home/michele/mltlsat/Benchmarks/random0/P0.7N1L60M100T100-3.mltl,0.45,38344,unsat
/home/michele/mltlsat/Benchmarks/random0/P0.7N1L60M100T100-4.mltl,0.436,36495.2,sat
/home/michele/mltlsat/Benchmarks/random0/P0.7N1L60M100T100-5.mltl,0.428,36496.8,sat
/home/michele/mltlsat/Benchmarks/random0/P0.7N1L60M100T100-6.mltl,0.418,17316.8,sat
/home/michele/mltlsat/Benchmarks/random0/P0.7N1L60M100T100-7.mltl,0.448,17016.8,unsat
/home/michele/mltlsat/Benchmarks/random0/P0.7N1L60M100T100-8.mltl,0.446,17004,sat
/home/michele/mltlsat/Benchmarks/random0/P0.7N1L60M100T100-9.mltl,0.452,17016,sat
/home/michele/mltlsat/Benchmarks/random0/P0.7N1L65M100T100-10.mltl,0.45,37689.6,sat
/home/michele/mltlsat/Benchmarks/random0/P0.7N1L65M100T100-1.mltl,0.454,17027.2,sat
/home/michele/mltlsat/Benchmarks/random0/P0.7N1L65M100T100-2.mltl,0.546,17004.8,sat
/home/michele/mltlsat/Benchmarks/random0/P0.7N1L65M100T100-3.mltl,0.586,36207.2,sat
/home/michele/mltlsat/Benchmarks/random0/P0.7N1L65M100T100-4.mltl,-1,-1,TO
/home/michele/mltlsat/Benchmarks/random0/P0.7N1L65M100T100-5.mltl,0.354,18247.2,sat
/home/michele/mltlsat/Benchmarks/random0/P0.7N1L65M100T100-6.mltl,-1,-1,TO
/home/michele/mltlsat/Benchmarks/random0/P0.7N1L65M100T100-7.mltl,0.34400000000000003,17019.2,sat
/home/michele/mltlsat/Benchmarks/random0/P0.7N1L65M100T100-8.mltl,0.334,17022.4,sat
/home/michele/mltlsat/Benchmarks/random0/P0.7N1L65M100T100-9.mltl,0.35,34305.6,sat
/home/michele/mltlsat/Benchmarks/random0/P0.7N1L70M100T100-10.mltl,0.346,35876.8,sat
/home/michele/mltlsat/Benchmarks/random0/P0.7N1L70M100T100-1.mltl,0.328,17006.4,sat
/home/michele/mltlsat/Benchmarks/random0/P0.7N1L70M100T100-2.mltl,-1,-1,TO
/home/michele/mltlsat/Benchmarks/random0/P0.7N1L70M100T100-3.mltl,0.34199999999999997,38673.6,sat
/home/michele/mltlsat/Benchmarks/random0/P0.7N1L70M100T100-4.mltl,0.336,18867.2,sat
/home/michele/mltlsat/Benchmarks/random0/P0.7N1L70M100T100-5.mltl,0.338,17001.6,sat
/home/michele/mltlsat/Benchmarks/random0/P0.7N1L70M100T100-6.mltl,0.372,19175.2,sat
/home/michele/mltlsat/Benchmarks/random0/P0.7N1L70M100T100-7.mltl,0.342,33343.2,sat
/home/michele/mltlsat/Benchmarks/random0/P0.7N1L70M100T100-8.mltl,-1,-1,TO
/home/michele/mltlsat/Benchmarks/random0/P0.7N1L70M100T100-9.mltl,0.354,38044,sat
/home/michele/mltlsat/Benchmarks/random0/P0.7N1L75M100T100-10.mltl,0.312,17908.8,unsat
/home/michele/mltlsat/Benchmarks/random0/P0.7N1L75M100T100-1.mltl,0.388,38602.4,sat
/home/michele/mltlsat/Benchmarks/random0/P0.7N1L75M100T100-2.mltl,0.332,20735.2,sat
/home/michele/mltlsat/Benchmarks/random0/P0.7N1L75M100T100-3.mltl,0.316,17644,sat
/home/michele/mltlsat/Benchmarks/random0/P0.7N1L75M100T100-4.mltl,-1,-1,TO
/home/michele/mltlsat/Benchmarks/random0/P0.7N1L75M100T100-5.mltl,0.31,17898.4,sat
/home/michele/mltlsat/Benchmarks/random0/P0.7N1L75M100T100-6.mltl,0.334,17034.4,sat
/home/michele/mltlsat/Benchmarks/random0/P0.7N1L75M100T100-7.mltl,0.318,17628.8,sat
/home/michele/mltlsat/Benchmarks/random0/P0.7N1L75M100T100-8.mltl,0.334,17315.2,sat
/home/michele/mltlsat/Benchmarks/random0/P0.7N1L75M100T100-9.mltl,0.34,17008,sat
/home/michele/mltlsat/Benchmarks/random0/P0.7N1L80M100T100-10.mltl,-1,-1,TO
/home/michele/mltlsat/Benchmarks/random0/P0.7N1L80M100T100-1.mltl,0.34800000000000003,36148.8,sat
/home/michele/mltlsat/Benchmarks/random0/P0.7N1L80M100T100-2.mltl,0.324,17639.2,sat
/home/michele/mltlsat/Benchmarks/random0/P0.7N1L80M100T100-3.mltl,0.424,38379.2,sat
/home/michele/mltlsat/Benchmarks/random0/P0.7N1L80M100T100-4.mltl,0.35,16993.6,sat
/home/michele/mltlsat/Benchmarks/random0/P0.7N1L80M100T100-5.mltl,0.33999999999999997,17005.6,unsat
/home/michele/mltlsat/Benchmarks/random0/P0.7N1L80M100T100-6.mltl,0.334,17318.4,sat
/home/michele/mltlsat/Benchmarks/random0/P0.7N1L80M100T100-7.mltl,0.352,17014.4,sat
/home/michele/mltlsat/Benchmarks/random0/P0.7N1L80M100T100-8.mltl,0.38,38070.4,sat
/home/michele/mltlsat/Benchmarks/random0/P0.7N1L80M100T100-9.mltl,0.39799999999999996,18860.8,sat
/home/michele/mltlsat/Benchmarks/random0/P0.7N1L85M100T100-10.mltl,0.378,36500.8,sat
/home/michele/mltlsat/Benchmarks/random0/P0.7N1L85M100T100-1.mltl,0.382,38061.6,unsat
/home/michele/mltlsat/Benchmarks/random0/P0.7N1L85M100T100-2.mltl,0.346,17320,sat
/home/michele/mltlsat/Benchmarks/random0/P0.7N1L85M100T100-3.mltl,-1,-1,TO
/home/michele/mltlsat/Benchmarks/random0/P0.7N1L85M100T100-4.mltl,0.354,34950.4,sat
/home/michele/mltlsat/Benchmarks/random0/P0.7N1L85M100T100-5.mltl,0.322,18533.6,sat
/home/michele/mltlsat/Benchmarks/random0/P0.7N1L85M100T100-6.mltl,0.346,17296.8,sat
/home/michele/mltlsat/Benchmarks/random0/P0.7N1L85M100T100-7.mltl,0.352,17940,sat
/home/michele/mltlsat/Benchmarks/random0/P0.7N1L85M100T100-8.mltl,0.346,18566.4,sat
/home/michele/mltlsat/Benchmarks/random0/P0.7N1L85M100T100-9.mltl,0.36,17941.6,sat
/home/michele/mltlsat/Benchmarks/random0/P0.7N1L90M100T100-10.mltl,0.372,17011.2,sat
/home/michele/mltlsat/Benchmarks/random0/P0.7N1L90M100T100-1.mltl,-1,-1,TO
/home/michele/mltlsat/Benchmarks/random0/P0.7N1L90M100T100-2.mltl,-1,-1,TO
/home/michele/mltlsat/Benchmarks/random0/P0.7N1L90M100T100-3.mltl,0.336,17305.6,sat
/home/michele/mltlsat/Benchmarks/random0/P0.7N1L90M100T100-4.mltl,0.34199999999999997,17296,sat
/home/michele/mltlsat/Benchmarks/random0/P0.7N1L90M100T100-5.mltl,-1,-1,TO
/home/michele/mltlsat/Benchmarks/random0/P0.7N1L90M100T100-6.mltl,0.532,40193.6,sat
/home/michele/mltlsat/Benchmarks/random0/P0.7N1L90M100T100-7.mltl,0.37,37731.2,sat
/home/michele/mltlsat/Benchmarks/random0/P0.7N1L90M100T100-8.mltl,0.332,17608.8,sat
/home/michele/mltlsat/Benchmarks/random0/P0.7N1L90M100T100-9.mltl,0.342,33389.6,sat
/home/michele/mltlsat/Benchmarks/random0/P0.7N1L95M100T100-10.mltl,0.54,109463.2,sat
/home/michele/mltlsat/Benchmarks/random0/P0.7N1L95M100T100-1.mltl,0.338,35582.4,sat
/home/michele/mltlsat/Benchmarks/random0/P0.7N1L95M100T100-2.mltl,0.342,36191.2,unsat
/home/michele/mltlsat/Benchmarks/random0/P0.7N1L95M100T100-3.mltl,0.324,17612,sat
/home/michele/mltlsat/Benchmarks/random0/P0.7N1L95M100T100-4.mltl,0.346,16997.6,sat
/home/michele/mltlsat/Benchmarks/random0/P0.7N1L95M100T100-5.mltl,-1,-1,TO
/home/michele/mltlsat/Benchmarks/random0/P0.7N1L95M100T100-6.mltl,0.336,16980.8,sat
/home/michele/mltlsat/Benchmarks/random0/P0.7N1L95M100T100-7.mltl,0.332,17309.6,sat
/home/michele/mltlsat/Benchmarks/random0/P0.7N1L95M100T100-8.mltl,0.35,37446.4,sat
/home/michele/mltlsat/Benchmarks/random0/P0.7N1L95M100T100-9.mltl,0.34,17000.8,sat
/home/michele/mltlsat/Benchmarks/random0/P0.7N2L100M100T100-10.mltl,-1,-1,TO
/home/michele/mltlsat/Benchmarks/random0/P0.7N2L100M100T100-1.mltl,0.352,28708,sat
/home/michele/mltlsat/Benchmarks/random0/P0.7N2L100M100T100-2.mltl,0.326,16991.2,sat
/home/michele/mltlsat/Benchmarks/random0/P0.7N2L100M100T100-3.mltl,0.346,36817.6,sat
/home/michele/mltlsat/Benchmarks/random0/P0.7N2L100M100T100-4.mltl,0.33,16997.6,unsat
/home/michele/mltlsat/Benchmarks/random0/P0.7N2L100M100T100-5.mltl,87.73,1684788,sat
/home/michele/mltlsat/Benchmarks/random0/P0.7N2L100M100T100-6.mltl,0.54,79714.4,sat
/home/michele/mltlsat/Benchmarks/random0/P0.7N2L100M100T100-7.mltl,0.352,19773.6,sat
/home/michele/mltlsat/Benchmarks/random0/P0.7N2L100M100T100-8.mltl,-1,-1,TO
/home/michele/mltlsat/Benchmarks/random0/P0.7N2L100M100T100-9.mltl,0.39,38024,unsat
/home/michele/mltlsat/Benchmarks/random0/P0.7N2L10M100T100-10.mltl,0.334,17017.6,sat
/home/michele/mltlsat/Benchmarks/random0/P0.7N2L10M100T100-1.mltl,0.336,17615.2,sat
/home/michele/mltlsat/Benchmarks/random0/P0.7N2L10M100T100-2.mltl,0.348,17014.4,sat
/home/michele/mltlsat/Benchmarks/random0/P0.7N2L10M100T100-3.mltl,0.34,17011.2,sat
/home/michele/mltlsat/Benchmarks/random0/P0.7N2L10M100T100-4.mltl,0.338,17002.4,sat
/home/michele/mltlsat/Benchmarks/random0/P0.7N2L10M100T100-5.mltl,0.34,17001.6,sat
/home/michele/mltlsat/Benchmarks/random0/P0.7N2L10M100T100-6.mltl,0.32,17004,sat
/home/michele/mltlsat/Benchmarks/random0/P0.7N2L10M100T100-7.mltl,0.328,17019.2,sat
/home/michele/mltlsat/Benchmarks/random0/P0.7N2L10M100T100-8.mltl,0.33,16988,sat
/home/michele/mltlsat/Benchmarks/random0/P0.7N2L10M100T100-9.mltl,0.33,17012,sat
/home/michele/mltlsat/Benchmarks/random0/P0.7N2L15M100T100-10.mltl,0.33,17620.8,sat
/home/michele/mltlsat/Benchmarks/random0/P0.7N2L15M100T100-1.mltl,0.34400000000000003,17002.4,sat
/home/michele/mltlsat/Benchmarks/random0/P0.7N2L15M100T100-2.mltl,0.342,16996.8,sat
/home/michele/mltlsat/Benchmarks/random0/P0.7N2L15M100T100-3.mltl,0.354,36448,sat
/home/michele/mltlsat/Benchmarks/random0/P0.7N2L15M100T100-4.mltl,0.378,19464.8,sat
/home/michele/mltlsat/Benchmarks/random0/P0.7N2L15M100T100-5.mltl,0.348,17007.2,sat
/home/michele/mltlsat/Benchmarks/random0/P0.7N2L15M100T100-6.mltl,0.33,17012.8,sat
/home/michele/mltlsat/Benchmarks/random0/P0.7N2L15M100T100-7.mltl,0.336,17327.2,sat
/home/michele/mltlsat/Benchmarks/random0/P0.7N2L15M100T100-8.mltl,0.338,17003.2,sat
/home/michele/mltlsat/Benchmarks/random0/P0.7N2L15M100T100-9.mltl,0.338,17000.8,sat
/home/michele/mltlsat/Benchmarks/random0/P0.7N2L20M100T100-10.mltl,0.338,16991.2,sat
/home/michele/mltlsat/Benchmarks/random0/P0.7N2L20M100T100-1.mltl,0.342,17006.4,sat
/home/michele/mltlsat/Benchmarks/random0/P0.7N2L20M100T100-2.mltl,0.342,17296.8,sat
/home/michele/mltlsat/Benchmarks/random0/P0.7N2L20M100T100-3.mltl,0.344,17008,sat
/home/michele/mltlsat/Benchmarks/random0/P0.7N2L20M100T100-4.mltl,0.33,16699.2,sat
/home/michele/mltlsat/Benchmarks/random0/P0.7N2L20M100T100-5.mltl,0.344,17289.6,sat
/home/michele/mltlsat/Benchmarks/random0/P0.7N2L20M100T100-6.mltl,0.338,17015.2,sat
/home/michele/mltlsat/Benchmarks/random0/P0.7N2L20M100T100-7.mltl,0.35,17005.6,sat
/home/michele/mltlsat/Benchmarks/random0/P0.7N2L20M100T100-8.mltl,0.36,17004.8,sat
/home/michele/mltlsat/Benchmarks/random0/P0.7N2L20M100T100-9.mltl,0.36,16992.8,sat
/home/michele/mltlsat/Benchmarks/random0/P0.7N2L25M100T100-10.mltl,0.362,16998.4,sat
/home/michele/mltlsat/Benchmarks/random0/P0.7N2L25M100T100-1.mltl,0.366,17013.6,sat
/home/michele/mltlsat/Benchmarks/random0/P0.7N2L25M100T100-2.mltl,0.362,17034.4,sat
/home/michele/mltlsat/Benchmarks/random0/P0.7N2L25M100T100-3.mltl,0.374,38650.4,sat
/home/michele/mltlsat/Benchmarks/random0/P0.7N2L25M100T100-4.mltl,0.336,18245.6,sat
/home/michele/mltlsat/Benchmarks/random0/P0.7N2L25M100T100-5.mltl,0.386,16998.4,sat
/home/michele/mltlsat/Benchmarks/random0/P0.7N2L25M100T100-6.mltl,0.384,17006.4,sat
/home/michele/mltlsat/Benchmarks/random0/P0.7N2L25M100T100-7.mltl,0.506,40205.6,sat
/home/michele/mltlsat/Benchmarks/random0/P0.7N2L25M100T100-8.mltl,0.48,38036,sat
/home/michele/mltlsat/Benchmarks/random0/P0.7N2L25M100T100-9.mltl,0.384,17315.2,sat
/home/michele/mltlsat/Benchmarks/random0/P0.7N2L30M100T100-10.mltl,0.438,39268,sat
/home/michele/mltlsat/Benchmarks/random0/P0.7N2L30M100T100-1.mltl,-1,-1,TO
/home/michele/mltlsat/Benchmarks/random0/P0.7N2L30M100T100-2.mltl,0.378,36499.2,sat
/home/michele/mltlsat/Benchmarks/random0/P0.7N2L30M100T100-3.mltl,0.374,17290.4,sat
/home/michele/mltlsat/Benchmarks/random0/P0.7N2L30M100T100-4.mltl,0.396,17008,sat
/home/michele/mltlsat/Benchmarks/random0/P0.7N2L30M100T100-5.mltl,0.392,17001.6,sat
/home/michele/mltlsat/Benchmarks/random0/P0.7N2L30M100T100-6.mltl,0.45999999999999996,38381.6,sat
/home/michele/mltlsat/Benchmarks/random0/P0.7N2L30M100T100-7.mltl,0.37,17312,sat
/home/michele/mltlsat/Benchmarks/random0/P0.7N2L30M100T100-8.mltl,0.384,17634.4,sat
/home/michele/mltlsat/Benchmarks/random0/P0.7N2L30M100T100-9.mltl,0.422,35893.6,sat
/home/michele/mltlsat/Benchmarks/random0/P0.7N2L35M100T100-10.mltl,0.384,21648.8,sat
/home/michele/mltlsat/Benchmarks/random0/P0.7N2L35M100T100-1.mltl,0.374,17640,sat
/home/michele/mltlsat/Benchmarks/random0/P0.7N2L35M100T100-2.mltl,0.434,19155.2,sat
/home/michele/mltlsat/Benchmarks/random0/P0.7N2L35M100T100-3.mltl,0.444,38352,sat
/home/michele/mltlsat/Benchmarks/random0/P0.7N2L35M100T100-4.mltl,0.934,136839.2,sat
/home/michele/mltlsat/Benchmarks/random0/P0.7N2L35M100T100-5.mltl,0.39,17015.2,unsat
/home/michele/mltlsat/Benchmarks/random0/P0.7N2L35M100T100-6.mltl,0.386,17305.6,sat
/home/michele/mltlsat/Benchmarks/random0/P0.7N2L35M100T100-7.mltl,0.396,17003.2,sat
/home/michele/mltlsat/Benchmarks/random0/P0.7N2L35M100T100-8.mltl,0.444,35873.6,sat
/home/michele/mltlsat/Benchmarks/random0/P0.7N2L35M100T100-9.mltl,0.432,37444,sat
/home/michele/mltlsat/Benchmarks/random0/P0.7N2L40M100T100-10.mltl,0.41200000000000003,17017.6,sat
/home/michele/mltlsat/Benchmarks/random0/P0.7N2L40M100T100-1.mltl,0.438,16696,sat
/home/michele/mltlsat/Benchmarks/random0/P0.7N2L40M100T100-2.mltl,-1,-1,TO
/home/michele/mltlsat/Benchmarks/random0/P0.7N2L40M100T100-3.mltl,0.384,18840.8,sat
/home/michele/mltlsat/Benchmarks/random0/P0.7N2L40M100T100-4.mltl,0.33,17938.4,sat
/home/michele/mltlsat/Benchmarks/random0/P0.7N2L40M100T100-5.mltl,0.338,17301.6,sat
/home/michele/mltlsat/Benchmarks/random0/P0.7N2L40M100T100-6.mltl,-1,-1,TO
/home/michele/mltlsat/Benchmarks/random0/P0.7N2L40M100T100-7.mltl,-1,-1,TO
/home/michele/mltlsat/Benchmarks/random0/P0.7N2L40M100T100-8.mltl,0.34600000000000003,20676,sat
/home/michele/mltlsat/Benchmarks/random0/P0.7N2L40M100T100-9.mltl,0.338,17008,sat
/home/michele/mltlsat/Benchmarks/random0/P0.7N2L45M100T100-10.mltl,0.456,43279.2,unsat
/home/michele/mltlsat/Benchmarks/random0/P0.7N2L45M100T100-1.mltl,6.62,65101.6,sat
/home/michele/mltlsat/Benchmarks/random0/P0.7N2L45M100T100-2.mltl,0.338,17005.6,sat
/home/michele/mltlsat/Benchmarks/random0/P0.7N2L45M100T100-3.mltl,0.342,16985.6,sat
/home/michele/mltlsat/Benchmarks/random0/P0.7N2L45M100T100-4.mltl,0.362,16988,sat
/home/michele/mltlsat/Benchmarks/random0/P0.7N2L45M100T100-5.mltl,0.394,19171.2,sat
/home/michele/mltlsat/Benchmarks/random0/P0.7N2L45M100T100-6.mltl,0.366,36807.2,sat
/home/michele/mltlsat/Benchmarks/random0/P0.7N2L45M100T100-7.mltl,0.358,22556.8,sat
/home/michele/mltlsat/Benchmarks/random0/P0.7N2L45M100T100-8.mltl,0.36,16998.4,sat
/home/michele/mltlsat/Benchmarks/random0/P0.7N2L45M100T100-9.mltl,0.438,37686.4,sat
/home/michele/mltlsat/Benchmarks/random0/P0.7N2L50M100T100-10.mltl,0.382,20397.6,unsat
/home/michele/mltlsat/Benchmarks/random0/P0.7N2L50M100T100-1.mltl,0.376,17010.4,sat
/home/michele/mltlsat/Benchmarks/random0/P0.7N2L50M100T100-2.mltl,0.39,26530.4,sat
/home/michele/mltlsat/Benchmarks/random0/P0.7N2L50M100T100-3.mltl,0.378,17008.8,sat
/home/michele/mltlsat/Benchmarks/random0/P0.7N2L50M100T100-4.mltl,0.366,17020,sat
/home/michele/mltlsat/Benchmarks/random0/P0.7N2L50M100T100-5.mltl,0.402,38663.2,unsat
/home/michele/mltlsat/Benchmarks/random0/P0.7N2L50M100T100-6.mltl,2.982,48487.2,unsat
/home/michele/mltlsat/Benchmarks/random0/P0.7N2L50M100T100-7.mltl,0.316,18544.8,sat
/home/michele/mltlsat/Benchmarks/random0/P0.7N2L50M100T100-8.mltl,0.32,18539.2,sat
/home/michele/mltlsat/Benchmarks/random0/P0.7N2L50M100T100-9.mltl,0.356,37724.8,sat
/home/michele/mltlsat/Benchmarks/random0/P0.7N2L55M100T100-10.mltl,0.342,35881.6,sat
/home/michele/mltlsat/Benchmarks/random0/P0.7N2L55M100T100-1.mltl,0.34600000000000003,17344,sat
/home/michele/mltlsat/Benchmarks/random0/P0.7N2L55M100T100-2.mltl,-1,-1,TO
/home/michele/mltlsat/Benchmarks/random0/P0.7N2L55M100T100-3.mltl,0.34,17288,sat
/home/michele/mltlsat/Benchmarks/random0/P0.7N2L55M100T100-4.mltl,0.37,37132,unsat
/home/michele/mltlsat/Benchmarks/random0/P0.7N2L55M100T100-5.mltl,0.364,17332.8,sat
/home/michele/mltlsat/Benchmarks/random0/P0.7N2L55M100T100-6.mltl,0.45,37995.2,sat
/home/michele/mltlsat/Benchmarks/random0/P0.7N2L55M100T100-7.mltl,-1,-1,TO
/home/michele/mltlsat/Benchmarks/random0/P0.7N2L55M100T100-8.mltl,0.332,26541.6,sat
/home/michele/mltlsat/Benchmarks/random0/P0.7N2L55M100T100-9.mltl,0.334,24061.6,sat
/home/michele/mltlsat/Benchmarks/random0/P0.7N2L5M100T100-10.mltl,0.332,17330.4,sat
/home/michele/mltlsat/Benchmarks/random0/P0.7N2L5M100T100-1.mltl,0.34,17004,sat
/home/michele/mltlsat/Benchmarks/random0/P0.7N2L5M100T100-2.mltl,0.348,17023.2,sat
/home/michele/mltlsat/Benchmarks/random0/P0.7N2L5M100T100-3.mltl,0.34,20395.2,sat
/home/michele/mltlsat/Benchmarks/random0/P0.7N2L5M100T100-4.mltl,0.34,16988,sat
/home/michele/mltlsat/Benchmarks/random0/P0.7N2L5M100T100-5.mltl,0.346,16996,sat
/home/michele/mltlsat/Benchmarks/random0/P0.7N2L5M100T100-6.mltl,0.34400000000000003,17001.6,sat
/home/michele/mltlsat/Benchmarks/random0/P0.7N2L5M100T100-7.mltl,0.328,17318.4,sat
/home/michele/mltlsat/Benchmarks/random0/P0.7N2L5M100T100-8.mltl,0.318,17940,sat
/home/michele/mltlsat/Benchmarks/random0/P0.7N2L5M100T100-9.mltl,0.334,17298.4,sat
/home/michele/mltlsat/Benchmarks/random0/P0.7N2L60M100T100-10.mltl,0.426,40188.8,sat
/home/michele/mltlsat/Benchmarks/random0/P0.7N2L60M100T100-1.mltl,0.32,18251.2,sat
/home/michele/mltlsat/Benchmarks/random0/P0.7N2L60M100T100-2.mltl,0.336,36163.2,sat
/home/michele/mltlsat/Benchmarks/random0/P0.7N2L60M100T100-3.mltl,0.35,38030.4,sat
/home/michele/mltlsat/Benchmarks/random0/P0.7N2L60M100T100-4.mltl,0.32,18540,sat
/home/michele/mltlsat/Benchmarks/random0/P0.7N2L60M100T100-5.mltl,0.342,37088.8,sat
/home/michele/mltlsat/Benchmarks/random0/P0.7N2L60M100T100-6.mltl,0.534,75082.4,sat
/home/michele/mltlsat/Benchmarks/random0/P0.7N2L60M100T100-7.mltl,0.358,37108.8,sat
/home/michele/mltlsat/Benchmarks/random0/P0.7N2L60M100T100-8.mltl,0.352,36181.6,sat
/home/michele/mltlsat/Benchmarks/random0/P0.7N2L60M100T100-9.mltl,51.044,1905982.4,sat
/home/michele/mltlsat/Benchmarks/random0/P0.7N2L65M100T100-10.mltl,0.338,16990.4,sat
/home/michele/mltlsat/Benchmarks/random0/P0.7N2L65M100T100-1.mltl,0.342,18253.6,sat
/home/michele/mltlsat/Benchmarks/random0/P0.7N2L65M100T100-2.mltl,0.362,19766.4,sat
/home/michele/mltlsat/Benchmarks/random0/P0.7N2L65M100T100-3.mltl,0.35,38005.6,sat
/home/michele/mltlsat/Benchmarks/random0/P0.7N2L65M100T100-4.mltl,1.844,44820.8,sat
/home/michele/mltlsat/Benchmarks/random0/P0.7N2L65M100T100-5.mltl,0.38,38043.2,sat
/home/michele/mltlsat/Benchmarks/random0/P0.7N2L65M100T100-6.mltl,0.334,26252.8,sat
/home/michele/mltlsat/Benchmarks/random0/P0.7N2L65M100T100-7.mltl,0.44,41444.8,sat
/home/michele/mltlsat/Benchmarks/random0/P0.7N2L65M100T100-8.mltl,0.338,17316.8,unsat
/home/michele/mltlsat/Benchmarks/random0/P0.7N2L65M100T100-9.mltl,0.34600000000000003,16999.2,sat
/home/michele/mltlsat/Benchmarks/random0/P0.7N2L70M100T100-10.mltl,0.404,38361.6,sat
/home/michele/mltlsat/Benchmarks/random0/P0.7N2L70M100T100-1.mltl,0.314,17014.4,unsat
/home/michele/mltlsat/Benchmarks/random0/P0.7N2L70M100T100-2.mltl,0.34400000000000003,35812,sat
/home/michele/mltlsat/Benchmarks/random0/P0.7N2L70M100T100-3.mltl,0.358,36776,sat
/home/michele/mltlsat/Benchmarks/random0/P0.7N2L70M100T100-4.mltl,0.34,17001.6,sat
/home/michele/mltlsat/Benchmarks/random0/P0.7N2L70M100T100-5.mltl,0.32,17631.2,sat
/home/michele/mltlsat/Benchmarks/random0/P0.7N2L70M100T100-6.mltl,0.362,38054.4,sat
/home/michele/mltlsat/Benchmarks/random0/P0.7N2L70M100T100-7.mltl,0.33,36470.4,sat
/home/michele/mltlsat/Benchmarks/random0/P0.7N2L70M100T100-8.mltl,0.34199999999999997,36508,sat
/home/michele/mltlsat/Benchmarks/random0/P0.7N2L70M100T100-9.mltl,19.44,95964.8,sat
/home/michele/mltlsat/Benchmarks/random0/P0.7N2L75M100T100-10.mltl,0.352,17018.4,sat
/home/michele/mltlsat/Benchmarks/random0/P0.7N2L75M100T100-1.mltl,0.366,38303.2,sat
/home/michele/mltlsat/Benchmarks/random0/P0.7N2L75M100T100-2.mltl,0.356,16983.2,sat
/home/michele/mltlsat/Benchmarks/random0/P0.7N2L75M100T100-3.mltl,0.462,47716,sat
/home/michele/mltlsat/Benchmarks/random0/P0.7N2L75M100T100-4.mltl,0.356,20074.4,sat
/home/michele/mltlsat/Benchmarks/random0/P0.7N2L75M100T100-5.mltl,0.92,44520,sat
/home/michele/mltlsat/Benchmarks/random0/P0.7N2L75M100T100-6.mltl,0.384,38039.2,sat
/home/michele/mltlsat/Benchmarks/random0/P0.7N2L75M100T100-7.mltl,0.95,63075.2,sat
/home/michele/mltlsat/Benchmarks/random0/P0.7N2L75M100T100-8.mltl,-1,-1,TO
/home/michele/mltlsat/Benchmarks/random0/P0.7N2L75M100T100-9.mltl,0.336,17616.8,sat
/home/michele/mltlsat/Benchmarks/random0/P0.7N2L80M100T100-10.mltl,0.34,16994.4,sat
/home/michele/mltlsat/Benchmarks/random0/P0.7N2L80M100T100-1.mltl,-1,-1,TO
/home/michele/mltlsat/Benchmarks/random0/P0.7N2L80M100T100-2.mltl,0.336,17323.2,sat
/home/michele/mltlsat/Benchmarks/random0/P0.7N2L80M100T100-3.mltl,0.332,20721.6,sat
/home/michele/mltlsat/Benchmarks/random0/P0.7N2L80M100T100-4.mltl,0.622,41434.4,sat
/home/michele/mltlsat/Benchmarks/random0/P0.7N2L80M100T100-5.mltl,-1,-1,TO
/home/michele/mltlsat/Benchmarks/random0/P0.7N2L80M100T100-6.mltl,0.356,20696,sat
/home/michele/mltlsat/Benchmarks/random0/P0.7N2L80M100T100-7.mltl,1.068,132223.2,sat
/home/michele/mltlsat/Benchmarks/random0/P0.7N2L80M100T100-8.mltl,0.348,18857.6,sat
/home/michele/mltlsat/Benchmarks/random0/P0.7N2L80M100T100-9.mltl,0.382,19485.6,sat
/home/michele/mltlsat/Benchmarks/random0/P0.7N2L85M100T100-10.mltl,0.364,36823.2,sat
/home/michele/mltlsat/Benchmarks/random0/P0.7N2L85M100T100-1.mltl,0.358,35259.2,sat
/home/michele/mltlsat/Benchmarks/random0/P0.7N2L85M100T100-2.mltl,0.38,18881.6,sat
/home/michele/mltlsat/Benchmarks/random0/P0.7N2L85M100T100-3.mltl,0.36,36802.4,sat
/home/michele/mltlsat/Benchmarks/random0/P0.7N2L85M100T100-4.mltl,8.932,970262.4,sat
/home/michele/mltlsat/Benchmarks/random0/P0.7N2L85M100T100-5.mltl,0.322,17926.4,sat
/home/michele/mltlsat/Benchmarks/random0/P0.7N2L85M100T100-6.mltl,0.828,47220,sat
/home/michele/mltlsat/Benchmarks/random0/P0.7N2L85M100T100-7.mltl,0.36,17001.6,sat
/home/michele/mltlsat/Benchmarks/random0/P0.7N2L85M100T100-8.mltl,0.356,33052.8,sat
/home/michele/mltlsat/Benchmarks/random0/P0.7N2L85M100T100-9.mltl,23.878,6450104,sat
/home/michele/mltlsat/Benchmarks/random0/P0.7N2L90M100T100-10.mltl,0.512,39900,sat
/home/michele/mltlsat/Benchmarks/random0/P0.7N2L90M100T100-1.mltl,0.368,36486.4,sat
/home/michele/mltlsat/Benchmarks/random0/P0.7N2L90M100T100-2.mltl,4.362,1556076.8,sat
/home/michele/mltlsat/Benchmarks/random0/P0.7N2L90M100T100-3.mltl,0.41,19155.2,unsat
/home/michele/mltlsat/Benchmarks/random0/P0.7N2L90M100T100-4.mltl,55.128,2137908,sat
/home/michele/mltlsat/Benchmarks/random0/P0.7N2L90M100T100-5.mltl,0.366,30295.2,sat
/home/michele/mltlsat/Benchmarks/random0/P0.7N2L90M100T100-6.mltl,0.342,16994.4,sat
/home/michele/mltlsat/Benchmarks/random0/P0.7N2L90M100T100-7.mltl,0.354,16986.4,sat
/home/michele/mltlsat/Benchmarks/random0/P0.7N2L90M100T100-8.mltl,0.396,36510.4,sat
/home/michele/mltlsat/Benchmarks/random0/P0.7N2L90M100T100-9.mltl,0.35200000000000004,17625.6,sat
/home/michele/mltlsat/Benchmarks/random0/P0.7N2L95M100T100-10.mltl,0.37,17015.2,sat
/home/michele/mltlsat/Benchmarks/random0/P0.7N2L95M100T100-1.mltl,-1,-1,TO
/home/michele/mltlsat/Benchmarks/random0/P0.7N2L95M100T100-2.mltl,0.354,16988.8,sat
/home/michele/mltlsat/Benchmarks/random0/P0.7N2L95M100T100-3.mltl,0.39999999999999997,19165.6,sat
/home/michele/mltlsat/Benchmarks/random0/P0.7N2L95M100T100-4.mltl,0.358,17004.8,sat
/home/michele/mltlsat/Benchmarks/random0/P0.7N2L95M100T100-5.mltl,0.472,39905.6,sat
/home/michele/mltlsat/Benchmarks/random0/P0.7N2L95M100T100-6.mltl,0.392,27771.2,sat
/home/michele/mltlsat/Benchmarks/random0/P0.7N2L95M100T100-7.mltl,0.38,17028,sat
/home/michele/mltlsat/Benchmarks/random0/P0.7N2L95M100T100-8.mltl,0.386,35566.4,sat
/home/michele/mltlsat/Benchmarks/random0/P0.7N2L95M100T100-9.mltl,-1,-1,TO
/home/michele/mltlsat/Benchmarks/random0/P0.7N3L100M100T100-10.mltl,0.40599999999999997,38048.8,sat
/home/michele/mltlsat/Benchmarks/random0/P0.7N3L100M100T100-1.mltl,0.37,17015.2,sat
/home/michele/mltlsat/Benchmarks/random0/P0.7N3L100M100T100-2.mltl,0.392,17002.4,sat
/home/michele/mltlsat/Benchmarks/random0/P0.7N3L100M100T100-3.mltl,0.43,38598.4,sat
/home/michele/mltlsat/Benchmarks/random0/P0.7N3L100M100T100-4.mltl,0.396,17028,sat
/home/michele/mltlsat/Benchmarks/random0/P0.7N3L100M100T100-5.mltl,-1,-1,TO
/home/michele/mltlsat/Benchmarks/random0/P0.7N3L100M100T100-6.mltl,-1,-1,TO
/home/michele/mltlsat/Benchmarks/random0/P0.7N3L100M100T100-7.mltl,1.4,49381.6,sat
/home/michele/mltlsat/Benchmarks/random0/P0.7N3L100M100T100-8.mltl,0.34,37720,sat
/home/michele/mltlsat/Benchmarks/random0/P0.7N3L100M100T100-9.mltl,0.34,37999.2,sat
/home/michele/mltlsat/Benchmarks/random0/P0.7N3L10M100T100-10.mltl,0.34,17012,sat
/home/michele/mltlsat/Benchmarks/random0/P0.7N3L10M100T100-1.mltl,0.326,17020.8,sat
/home/michele/mltlsat/Benchmarks/random0/P0.7N3L10M100T100-2.mltl,0.322,17309.6,sat
/home/michele/mltlsat/Benchmarks/random0/P0.7N3L10M100T100-3.mltl,0.324,17313.6,sat
/home/michele/mltlsat/Benchmarks/random0/P0.7N3L10M100T100-4.mltl,0.324,17008,sat
/home/michele/mltlsat/Benchmarks/random0/P0.7N3L10M100T100-5.mltl,0.322,16995.2,sat
/home/michele/mltlsat/Benchmarks/random0/P0.7N3L10M100T100-6.mltl,0.32,16989.6,sat
/home/michele/mltlsat/Benchmarks/random0/P0.7N3L10M100T100-7.mltl,0.306,18253.6,sat
/home/michele/mltlsat/Benchmarks/random0/P0.7N3L10M100T100-8.mltl,0.34400000000000003,17024,sat
/home/michele/mltlsat/Benchmarks/random0/P0.7N3L10M100T100-9.mltl,0.332,16996.8,sat
/home/michele/mltlsat/Benchmarks/random0/P0.7N3L15M100T100-10.mltl,0.328,16982.4,sat
/home/michele/mltlsat/Benchmarks/random0/P0.7N3L15M100T100-1.mltl,0.416,38080,sat
/home/michele/mltlsat/Benchmarks/random0/P0.7N3L15M100T100-2.mltl,0.34,16999.2,sat
/home/michele/mltlsat/Benchmarks/random0/P0.7N3L15M100T100-3.mltl,0.324,17608.8,sat
/home/michele/mltlsat/Benchmarks/random0/P0.7N3L15M100T100-4.mltl,0.34,37160,unsat
/home/michele/mltlsat/Benchmarks/random0/P0.7N3L15M100T100-5.mltl,0.33,17924.8,sat
/home/michele/mltlsat/Benchmarks/random0/P0.7N3L15M100T100-6.mltl,0.336,17306.4,sat
/home/michele/mltlsat/Benchmarks/random0/P0.7N3L15M100T100-7.mltl,0.378,36784.8,sat
/home/michele/mltlsat/Benchmarks/random0/P0.7N3L15M100T100-8.mltl,0.348,17017.6,sat
/home/michele/mltlsat/Benchmarks/random0/P0.7N3L15M100T100-9.mltl,0.364,33062.4,sat
/home/michele/mltlsat/Benchmarks/random0/P0.7N3L20M100T100-10.mltl,0.34400000000000003,17272.8,sat
/home/michele/mltlsat/Benchmarks/random0/P0.7N3L20M100T100-1.mltl,0.352,17017.6,sat
/home/michele/mltlsat/Benchmarks/random0/P0.7N3L20M100T100-2.mltl,0.344,17633.6,sat
/home/michele/mltlsat/Benchmarks/random0/P0.7N3L20M100T100-3.mltl,0.354,17020.8,sat
/home/michele/mltlsat/Benchmarks/random0/P0.7N3L20M100T100-4.mltl,0.34600000000000003,17015.2,sat
/home/michele/mltlsat/Benchmarks/random0/P0.7N3L20M100T100-5.mltl,0.36,22876,sat
/home/michele/mltlsat/Benchmarks/random0/P0.7N3L20M100T100-6.mltl,0.35,17009.6,sat
/home/michele/mltlsat/Benchmarks/random0/P0.7N3L20M100T100-7.mltl,0.346,17308.8,sat
/home/michele/mltlsat/Benchmarks/random0/P0.7N3L20M100T100-8.mltl,0.316,18568,sat
/home/michele/mltlsat/Benchmarks/random0/P0.7N3L20M100T100-9.mltl,0.342,36812,sat
/home/michele/mltlsat/Benchmarks/random0/P0.7N3L25M100T100-10.mltl,0.338,36562.4,unsat
/home/michele/mltlsat/Benchmarks/random0/P0.7N3L25M100T100-1.mltl,0.362,36794.4,sat
/home/michele/mltlsat/Benchmarks/random0/P0.7N3L25M100T100-2.mltl,0.34199999999999997,17310.4,sat
/home/michele/mltlsat/Benchmarks/random0/P0.7N3L25M100T100-3.mltl,0.354,17297.6,sat
/home/michele/mltlsat/Benchmarks/random0/P0.7N3L25M100T100-4.mltl,0.372,17025.6,sat
/home/michele/mltlsat/Benchmarks/random0/P0.7N3L25M100T100-5.mltl,0.378,17028,unsat
/home/michele/mltlsat/Benchmarks/random0/P0.7N3L25M100T100-6.mltl,0.374,17324.8,sat
/home/michele/mltlsat/Benchmarks/random0/P0.7N3L25M100T100-7.mltl,0.392,17034.4,sat
/home/michele/mltlsat/Benchmarks/random0/P0.7N3L25M100T100-8.mltl,0.388,17000.8,sat
/home/michele/mltlsat/Benchmarks/random0/P0.7N3L25M100T100-9.mltl,0.41,36810.4,sat
/home/michele/mltlsat/Benchmarks/random0/P0.7N3L30M100T100-10.mltl,0.388,16996,sat
/home/michele/mltlsat/Benchmarks/random0/P0.7N3L30M100T100-1.mltl,0.402,16697.6,sat
/home/michele/mltlsat/Benchmarks/random0/P0.7N3L30M100T100-2.mltl,0.40599999999999997,17033.6,sat
/home/michele/mltlsat/Benchmarks/random0/P0.7N3L30M100T100-3.mltl,0.428,38376,sat
/home/michele/mltlsat/Benchmarks/random0/P0.7N3L30M100T100-4.mltl,0.44,18829.6,sat
/home/michele/mltlsat/Benchmarks/random0/P0.7N3L30M100T100-5.mltl,0.402,35857.6,sat
/home/michele/mltlsat/Benchmarks/random0/P0.7N3L30M100T100-6.mltl,0.45,38340,sat
/home/michele/mltlsat/Benchmarks/random0/P0.7N3L30M100T100-7.mltl,0.404,38360,sat
/home/michele/mltlsat/Benchmarks/random0/P0.7N3L30M100T100-8.mltl,0.402,16999.2,sat
/home/michele/mltlsat/Benchmarks/random0/P0.7N3L30M100T100-9.mltl,0.388,17008.8,sat
/home/michele/mltlsat/Benchmarks/random0/P0.7N3L35M100T100-10.mltl,0.392,17003.2,sat
/home/michele/mltlsat/Benchmarks/random0/P0.7N3L35M100T100-1.mltl,0.398,17017.6,sat
/home/michele/mltlsat/Benchmarks/random0/P0.7N3L35M100T100-2.mltl,0.40800000000000003,34951.2,sat
/home/michele/mltlsat/Benchmarks/random0/P0.7N3L35M100T100-3.mltl,0.402,17006.4,sat
/home/michele/mltlsat/Benchmarks/random0/P0.7N3L35M100T100-4.mltl,0.40399999999999997,16992,sat
/home/michele/mltlsat/Benchmarks/random0/P0.7N3L35M100T100-5.mltl,0.44,38336.8,sat
/home/michele/mltlsat/Benchmarks/random0/P0.7N3L35M100T100-6.mltl,0.382,17303.2,sat
/home/michele/mltlsat/Benchmarks/random0/P0.7N3L35M100T100-7.mltl,0.398,17004,sat
/home/michele/mltlsat/Benchmarks/random0/P0.7N3L35M100T100-8.mltl,0.404,17012,sat
/home/michele/mltlsat/Benchmarks/random0/P0.7N3L35M100T100-9.mltl,0.412,17004.8,sat
/home/michele/mltlsat/Benchmarks/random0/P0.7N3L40M100T100-10.mltl,0.646,39893.6,unsat
/home/michele/mltlsat/Benchmarks/random0/P0.7N3L40M100T100-1.mltl,0.438,17012.8,sat
/home/michele/mltlsat/Benchmarks/random0/P0.7N3L40M100T100-2.mltl,0.444,35570.4,sat
/home/michele/mltlsat/Benchmarks/random0/P0.7N3L40M100T100-3.mltl,0.432,17011.2,sat
/home/michele/mltlsat/Benchmarks/random0/P0.7N3L40M100T100-4.mltl,0.42,17015.2,sat
/home/michele/mltlsat/Benchmarks/random0/P0.7N3L40M100T100-5.mltl,0.42,17004,sat
/home/michele/mltlsat/Benchmarks/random0/P0.7N3L40M100T100-6.mltl,0.428,16998.4,sat
/home/michele/mltlsat/Benchmarks/random0/P0.7N3L40M100T100-7.mltl,0.442,37124.8,sat
/home/michele/mltlsat/Benchmarks/random0/P0.7N3L40M100T100-8.mltl,0.414,17640.8,sat
/home/michele/mltlsat/Benchmarks/random0/P0.7N3L40M100T100-9.mltl,0.432,38043.2,sat
/home/michele/mltlsat/Benchmarks/random0/P0.7N3L45M100T100-10.mltl,0.472,38595.2,sat
/home/michele/mltlsat/Benchmarks/random0/P0.7N3L45M100T100-1.mltl,0.452,19172,sat
/home/michele/mltlsat/Benchmarks/random0/P0.7N3L45M100T100-2.mltl,0.428,17309.6,sat
/home/michele/mltlsat/Benchmarks/random0/P0.7N3L45M100T100-3.mltl,0.45,17006.4,sat
/home/michele/mltlsat/Benchmarks/random0/P0.7N3L45M100T100-4.mltl,0.47,16991.2,sat
/home/michele/mltlsat/Benchmarks/random0/P0.7N3L45M100T100-5.mltl,0.48,17331.2,sat
/home/michele/mltlsat/Benchmarks/random0/P0.7N3L45M100T100-6.mltl,0.592,38026.4,sat
/home/michele/mltlsat/Benchmarks/random0/P0.7N3L45M100T100-7.mltl,0.554,24095.2,sat
/home/michele/mltlsat/Benchmarks/random0/P0.7N3L45M100T100-8.mltl,0.652,39865.6,sat
/home/michele/mltlsat/Benchmarks/random0/P0.7N3L45M100T100-9.mltl,0.576,17000.8,sat
/home/michele/mltlsat/Benchmarks/random0/P0.7N3L50M100T100-10.mltl,0.54,17004.8,sat
/home/michele/mltlsat/Benchmarks/random0/P0.7N3L50M100T100-1.mltl,-1,-1,TO
/home/michele/mltlsat/Benchmarks/random0/P0.7N3L50M100T100-2.mltl,0.512,17938.4,sat
/home/michele/mltlsat/Benchmarks/random0/P0.7N3L50M100T100-3.mltl,0.6859999999999999,38664,unsat
/home/michele/mltlsat/Benchmarks/random0/P0.7N3L50M100T100-4.mltl,0.5539999999999999,37128.8,unsat
/home/michele/mltlsat/Benchmarks/random0/P0.7N3L50M100T100-5.mltl,0.478,17332.8,sat
/home/michele/mltlsat/Benchmarks/random0/P0.7N3L50M100T100-6.mltl,0.5539999999999999,17309.6,sat
/home/michele/mltlsat/Benchmarks/random0/P0.7N3L50M100T100-7.mltl,-1,-1,TO
/home/michele/mltlsat/Benchmarks/random0/P0.7N3L50M100T100-8.mltl,0.69,38652,sat
/home/michele/mltlsat/Benchmarks/random0/P0.7N3L50M100T100-9.mltl,0.534,18856.8,sat
/home/michele/mltlsat/Benchmarks/random0/P0.7N3L55M100T100-10.mltl,0.556,17001.6,sat
/home/michele/mltlsat/Benchmarks/random0/P0.7N3L55M100T100-1.mltl,0.562,17023.2,sat
/home/michele/mltlsat/Benchmarks/random0/P0.7N3L55M100T100-2.mltl,2.042,42341.6,sat
/home/michele/mltlsat/Benchmarks/random0/P0.7N3L55M100T100-3.mltl,0.582,35864,sat
/home/michele/mltlsat/Benchmarks/random0/P0.7N3L55M100T100-4.mltl,0.596,36174.4,sat
/home/michele/mltlsat/Benchmarks/random0/P0.7N3L55M100T100-5.mltl,0.584,17624.8,sat
/home/michele/mltlsat/Benchmarks/random0/P0.7N3L55M100T100-6.mltl,0.588,17018.4,sat
/home/michele/mltlsat/Benchmarks/random0/P0.7N3L55M100T100-7.mltl,0.572,25935.2,sat
/home/michele/mltlsat/Benchmarks/random0/P0.7N3L55M100T100-8.mltl,0.612,35852,sat
/home/michele/mltlsat/Benchmarks/random0/P0.7N3L55M100T100-9.mltl,0.726,38945.6,sat
/home/michele/mltlsat/Benchmarks/random0/P0.7N3L5M100T100-10.mltl,0.572,17012.8,sat
/home/michele/mltlsat/Benchmarks/random0/P0.7N3L5M100T100-1.mltl,0.554,17632,sat
/home/michele/mltlsat/Benchmarks/random0/P0.7N3L5M100T100-2.mltl,0.562,18559.2,sat
/home/michele/mltlsat/Benchmarks/random0/P0.7N3L5M100T100-3.mltl,0.554,17931.2,sat
/home/michele/mltlsat/Benchmarks/random0/P0.7N3L5M100T100-4.mltl,0.556,17614.4,sat
/home/michele/mltlsat/Benchmarks/random0/P0.7N3L5M100T100-5.mltl,0.548,18231.2,sat
/home/michele/mltlsat/Benchmarks/random0/P0.7N3L5M100T100-6.mltl,0.566,17001.6,sat
/home/michele/mltlsat/Benchmarks/random0/P0.7N3L5M100T100-7.mltl,0.484,17319.2,sat
/home/michele/mltlsat/Benchmarks/random0/P0.7N3L5M100T100-8.mltl,0.536,16990.4,sat
/home/michele/mltlsat/Benchmarks/random0/P0.7N3L5M100T100-9.mltl,0.5,17005.6,sat
/home/michele/mltlsat/Benchmarks/random0/P0.7N3L60M100T100-10.mltl,1.232,41280.8,sat
/home/michele/mltlsat/Benchmarks/random0/P0.7N3L60M100T100-1.mltl,0.492,38331.2,sat
/home/michele/mltlsat/Benchmarks/random0/P0.7N3L60M100T100-2.mltl,0.46399999999999997,38379.2,sat
/home/michele/mltlsat/Benchmarks/random0/P0.7N3L60M100T100-3.mltl,0.434,36794.4,unsat
/home/michele/mltlsat/Benchmarks/random0/P0.7N3L60M100T100-4.mltl,0.398,17319.2,sat
/home/michele/mltlsat/Benchmarks/random0/P0.7N3L60M100T100-5.mltl,0.536,40190.4,sat
/home/michele/mltlsat/Benchmarks/random0/P0.7N3L60M100T100-6.mltl,0.426,38334.4,unsat
/home/michele/mltlsat/Benchmarks/random0/P0.7N3L60M100T100-7.mltl,0.402,35551.2,unsat
/home/michele/mltlsat/Benchmarks/random0/P0.7N3L60M100T100-8.mltl,0.414,38000,sat
/home/michele/mltlsat/Benchmarks/random0/P0.7N3L60M100T100-9.mltl,0.398,26883.2,sat
/home/michele/mltlsat/Benchmarks/random0/P0.7N3L65M100T100-10.mltl,23.118,8854260,sat
/home/michele/mltlsat/Benchmarks/random0/P0.7N3L65M100T100-1.mltl,0.51,40513.6,sat
/home/michele/mltlsat/Benchmarks/random0/P0.7N3L65M100T100-2.mltl,-1,-1,TO
/home/michele/mltlsat/Benchmarks/random0/P0.7N3L65M100T100-3.mltl,0.366,34884,sat
/home/michele/mltlsat/Benchmarks/random0/P0.7N3L65M100T100-4.mltl,-1,-1,TO
/home/michele/mltlsat/Benchmarks/random0/P0.7N3L65M100T100-5.mltl,0.35,33948.8,sat
/home/michele/mltlsat/Benchmarks/random0/P0.7N3L65M100T100-6.mltl,0.382,19162.4,sat
/home/michele/mltlsat/Benchmarks/random0/P0.7N3L65M100T100-7.mltl,0.334,17295.2,unsat
/home/michele/mltlsat/Benchmarks/random0/P0.7N3L65M100T100-8.mltl,0.35,17019.2,sat
/home/michele/mltlsat/Benchmarks/random0/P0.7N3L65M100T100-9.mltl,0.34,17321.6,sat
/home/michele/mltlsat/Benchmarks/random0/P0.7N3L70M100T100-10.mltl,0.33,17002.4,sat
/home/michele/mltlsat/Benchmarks/random0/P0.7N3L70M100T100-1.mltl,0.478,38353.6,sat
/home/michele/mltlsat/Benchmarks/random0/P0.7N3L70M100T100-2.mltl,-1,-1,TO
/home/michele/mltlsat/Benchmarks/random0/P0.7N3L70M100T100-3.mltl,0.41,38312.8,sat
/home/michele/mltlsat/Benchmarks/random0/P0.7N3L70M100T100-4.mltl,4.854,1302640.8,sat
/home/michele/mltlsat/Benchmarks/random0/P0.7N3L70M100T100-5.mltl,0.34400000000000003,17026.4,sat
/home/michele/mltlsat/Benchmarks/random0/P0.7N3L70M100T100-6.mltl,0.338,16996.8,sat
/home/michele/mltlsat/Benchmarks/random0/P0.7N3L70M100T100-7.mltl,-1,-1,TO
/home/michele/mltlsat/Benchmarks/random0/P0.7N3L70M100T100-8.mltl,0.354,36794.4,sat
/home/michele/mltlsat/Benchmarks/random0/P0.7N3L70M100T100-9.mltl,0.322,17938.4,sat
/home/michele/mltlsat/Benchmarks/random0/P0.7N3L75M100T100-10.mltl,0.35,17016.8,sat
/home/michele/mltlsat/Benchmarks/random0/P0.7N3L75M100T100-1.mltl,0.384,38355.2,sat
/home/michele/mltlsat/Benchmarks/random0/P0.7N3L75M100T100-2.mltl,0.334,17018.4,sat
/home/michele/mltlsat/Benchmarks/random0/P0.7N3L75M100T100-3.mltl,0.342,38023.2,sat
/home/michele/mltlsat/Benchmarks/random0/P0.7N3L75M100T100-4.mltl,0.344,17002.4,sat
/home/michele/mltlsat/Benchmarks/random0/P0.7N3L75M100T100-5.mltl,0.35,17028.8,sat
/home/michele/mltlsat/Benchmarks/random0/P0.7N3L75M100T100-6.mltl,0.346,16992,sat
/home/michele/mltlsat/Benchmarks/random0/P0.7N3L75M100T100-7.mltl,-1,-1,TO
/home/michele/mltlsat/Benchmarks/random0/P0.7N3L75M100T100-8.mltl,0.344,17020,sat
/home/michele/mltlsat/Benchmarks/random0/P0.7N3L75M100T100-9.mltl,0.34600000000000003,17625.6,sat
/home/michele/mltlsat/Benchmarks/random0/P0.7N3L80M100T100-10.mltl,0.356,36802.4,sat
/home/michele/mltlsat/Benchmarks/random0/P0.7N3L80M100T100-1.mltl,0.348,33975.2,sat
/home/michele/mltlsat/Benchmarks/random0/P0.7N3L80M100T100-2.mltl,0.692,39908.8,sat
/home/michele/mltlsat/Benchmarks/random0/P0.7N3L80M100T100-3.mltl,0.34600000000000003,16996,sat
/home/michele/mltlsat/Benchmarks/random0/P0.7N3L80M100T100-4.mltl,0.342,17013.6,sat
/home/michele/mltlsat/Benchmarks/random0/P0.7N3L80M100T100-5.mltl,0.34,17629.6,sat
/home/michele/mltlsat/Benchmarks/random0/P0.7N3L80M100T100-6.mltl,0.366,38645.6,sat
/home/michele/mltlsat/Benchmarks/random0/P0.7N3L80M100T100-7.mltl,0.35,17016.8,sat
/home/michele/mltlsat/Benchmarks/random0/P0.7N3L80M100T100-8.mltl,0.354,35856.8,unsat
/home/michele/mltlsat/Benchmarks/random0/P0.7N3L80M100T100-9.mltl,0.352,23156.8,sat
/home/michele/mltlsat/Benchmarks/random0/P0.7N3L85M100T100-10.mltl,0.35,17024.8,sat
/home/michele/mltlsat/Benchmarks/random0/P0.7N3L85M100T100-1.mltl,0.342,17011.2,sat
/home/michele/mltlsat/Benchmarks/random0/P0.7N3L85M100T100-2.mltl,0.388,19163.2,sat
/home/michele/mltlsat/Benchmarks/random0/P0.7N3L85M100T100-3.mltl,0.356,35868.8,sat
/home/michele/mltlsat/Benchmarks/random0/P0.7N3L85M100T100-4.mltl,0.782,42957.6,sat
/home/michele/mltlsat/Benchmarks/random0/P0.7N3L85M100T100-5.mltl,-1,-1,TO
/home/michele/mltlsat/Benchmarks/random0/P0.7N3L85M100T100-6.mltl,0.46799999999999997,52337.6,sat
/home/michele/mltlsat/Benchmarks/random0/P0.7N3L85M100T100-7.mltl,0.328,17637.6,sat
/home/michele/mltlsat/Benchmarks/random0/P0.7N3L85M100T100-8.mltl,0.644,45412.8,unsat
/home/michele/mltlsat/Benchmarks/random0/P0.7N3L85M100T100-9.mltl,0.384,38322.4,sat
/home/michele/mltlsat/Benchmarks/random0/P0.7N3L90M100T100-10.mltl,-1,-1,TO
/home/michele/mltlsat/Benchmarks/random0/P0.7N3L90M100T100-1.mltl,0.34,17005.6,sat
/home/michele/mltlsat/Benchmarks/random0/P0.7N3L90M100T100-2.mltl,0.34,17018.4,sat
/home/michele/mltlsat/Benchmarks/random0/P0.7N3L90M100T100-3.mltl,4.478,71829.6,sat
/home/michele/mltlsat/Benchmarks/random0/P0.7N3L90M100T100-4.mltl,0.354,37995.2,sat
/home/michele/mltlsat/Benchmarks/random0/P0.7N3L90M100T100-5.mltl,-1,-1,TO
/home/michele/mltlsat/Benchmarks/random0/P0.7N3L90M100T100-6.mltl,0.348,36780.8,sat
/home/michele/mltlsat/Benchmarks/random0/P0.7N3L90M100T100-7.mltl,0.356,37358.4,sat
/home/michele/mltlsat/Benchmarks/random0/P0.7N3L90M100T100-8.mltl,0.382,40205.6,sat
/home/michele/mltlsat/Benchmarks/random0/P0.7N3L90M100T100-9.mltl,0.38,38642.4,sat
/home/michele/mltlsat/Benchmarks/random0/P0.7N3L95M100T100-10.mltl,0.342,17016,sat
/home/michele/mltlsat/Benchmarks/random0/P0.7N3L95M100T100-1.mltl,0.348,16990.4,sat
/home/michele/mltlsat/Benchmarks/random0/P0.7N3L95M100T100-2.mltl,0.738,43280.8,sat
/home/michele/mltlsat/Benchmarks/random0/P0.7N3L95M100T100-3.mltl,0.348,17002.4,sat
/home/michele/mltlsat/Benchmarks/random0/P0.7N3L95M100T100-4.mltl,5.354,132215.2,sat
/home/michele/mltlsat/Benchmarks/random0/P0.7N3L95M100T100-5.mltl,0.334,17032,sat
/home/michele/mltlsat/Benchmarks/random0/P0.7N3L95M100T100-6.mltl,0.34400000000000003,32443.2,sat
/home/michele/mltlsat/Benchmarks/random0/P0.7N3L95M100T100-7.mltl,0.366,19467.2,sat
/home/michele/mltlsat/Benchmarks/random0/P0.7N3L95M100T100-8.mltl,0.33,17641.6,sat
/home/michele/mltlsat/Benchmarks/random0/P0.7N3L95M100T100-9.mltl,0.354,17329.6,sat
/home/michele/mltlsat/Benchmarks/random0/P0.7N4L100M100T100-10.mltl,0.334,17324.8,sat
/home/michele/mltlsat/Benchmarks/random0/P0.7N4L100M100T100-1.mltl,0.35,18542.4,sat
/home/michele/mltlsat/Benchmarks/random0/P0.7N4L100M100T100-2.mltl,-1,-1,TO
/home/michele/mltlsat/Benchmarks/random0/P0.7N4L100M100T100-3.mltl,0.368,17310.4,sat
/home/michele/mltlsat/Benchmarks/random0/P0.7N4L100M100T100-4.mltl,0.376,17616.8,sat
/home/michele/mltlsat/Benchmarks/random0/P0.7N4L100M100T100-5.mltl,0.416,38015.2,sat
/home/michele/mltlsat/Benchmarks/random0/P0.7N4L100M100T100-6.mltl,0.382,37732.8,sat
/home/michele/mltlsat/Benchmarks/random0/P0.7N4L100M100T100-7.mltl,0.362,36197.6,sat
/home/michele/mltlsat/Benchmarks/random0/P0.7N4L100M100T100-8.mltl,0.436,39884,sat
/home/michele/mltlsat/Benchmarks/random0/P0.7N4L100M100T100-9.mltl,-1,-1,TO
/home/michele/mltlsat/Benchmarks/random0/P0.7N4L10M100T100-10.mltl,0.366,17007.2,sat
/home/michele/mltlsat/Benchmarks/random0/P0.7N4L10M100T100-1.mltl,0.368,17320,sat
/home/michele/mltlsat/Benchmarks/random0/P0.7N4L10M100T100-2.mltl,0.38,17007.2,sat
/home/michele/mltlsat/Benchmarks/random0/P0.7N4L10M100T100-3.mltl,0.37,17013.6,sat
/home/michele/mltlsat/Benchmarks/random0/P0.7N4L10M100T100-4.mltl,0.368,16701.6,sat
/home/michele/mltlsat/Benchmarks/random0/P0.7N4L10M100T100-5.mltl,0.386,17014.4,sat
/home/michele/mltlsat/Benchmarks/random0/P0.7N4L10M100T100-6.mltl,0.396,22848.8,sat
/home/michele/mltlsat/Benchmarks/random0/P0.7N4L10M100T100-7.mltl,0.366,17016.8,sat
/home/michele/mltlsat/Benchmarks/random0/P0.7N4L10M100T100-8.mltl,0.37,17024,sat
/home/michele/mltlsat/Benchmarks/random0/P0.7N4L10M100T100-9.mltl,0.358,16990.4,sat
/home/michele/mltlsat/Benchmarks/random0/P0.7N4L15M100T100-10.mltl,0.356,17012.8,sat
/home/michele/mltlsat/Benchmarks/random0/P0.7N4L15M100T100-1.mltl,0.352,17000,sat
/home/michele/mltlsat/Benchmarks/random0/P0.7N4L15M100T100-2.mltl,0.368,16997.6,sat
/home/michele/mltlsat/Benchmarks/random0/P0.7N4L15M100T100-3.mltl,0.358,17015.2,sat
/home/michele/mltlsat/Benchmarks/random0/P0.7N4L15M100T100-4.mltl,0.352,16995.2,sat
/home/michele/mltlsat/Benchmarks/random0/P0.7N4L15M100T100-5.mltl,0.358,17012,sat
/home/michele/mltlsat/Benchmarks/random0/P0.7N4L15M100T100-6.mltl,0.356,17336,sat
/home/michele/mltlsat/Benchmarks/random0/P0.7N4L15M100T100-7.mltl,0.332,17950.4,sat
/home/michele/mltlsat/Benchmarks/random0/P0.7N4L15M100T100-8.mltl,0.378,35875.2,sat
/home/michele/mltlsat/Benchmarks/random0/P0.7N4L15M100T100-9.mltl,0.36,17005.6,sat
/home/michele/mltlsat/Benchmarks/random0/P0.7N4L20M100T100-10.mltl,0.352,17308.8,sat
/home/michele/mltlsat/Benchmarks/random0/P0.7N4L20M100T100-1.mltl,0.348,17012.8,sat
/home/michele/mltlsat/Benchmarks/random0/P0.7N4L20M100T100-2.mltl,0.356,17024,sat
/home/michele/mltlsat/Benchmarks/random0/P0.7N4L20M100T100-3.mltl,0.328,18236.8,sat
/home/michele/mltlsat/Benchmarks/random0/P0.7N4L20M100T100-4.mltl,0.34,17643.2,sat
/home/michele/mltlsat/Benchmarks/random0/P0.7N4L20M100T100-5.mltl,0.364,36500.8,sat
/home/michele/mltlsat/Benchmarks/random0/P0.7N4L20M100T100-6.mltl,0.364,19480.8,sat
/home/michele/mltlsat/Benchmarks/random0/P0.7N4L20M100T100-7.mltl,0.332,17607.2,sat
/home/michele/mltlsat/Benchmarks/random0/P0.7N4L20M100T100-8.mltl,0.346,17013.6,sat
/home/michele/mltlsat/Benchmarks/random0/P0.7N4L20M100T100-9.mltl,0.35,16996,unsat
/home/michele/mltlsat/Benchmarks/random0/P0.7N4L25M100T100-10.mltl,0.35,17318.4,sat
/home/michele/mltlsat/Benchmarks/random0/P0.7N4L25M100T100-1.mltl,0.364,17327.2,sat
/home/michele/mltlsat/Benchmarks/random0/P0.7N4L25M100T100-2.mltl,0.332,17618.4,sat
/home/michele/mltlsat/Benchmarks/random0/P0.7N4L25M100T100-3.mltl,0.33,17619.2,sat
/home/michele/mltlsat/Benchmarks/random0/P0.7N4L25M100T100-4.mltl,0.334,17643.2,sat
/home/michele/mltlsat/Benchmarks/random0/P0.7N4L25M100T100-5.mltl,0.34,16989.6,sat
/home/michele/mltlsat/Benchmarks/random0/P0.7N4L25M100T100-6.mltl,0.36,17924.8,sat
/home/michele/mltlsat/Benchmarks/random0/P0.7N4L25M100T100-7.mltl,0.36,17300.8,sat
/home/michele/mltlsat/Benchmarks/random0/P0.7N4L25M100T100-8.mltl,0.378,17006.4,sat
/home/michele/mltlsat/Benchmarks/random0/P0.7N4L25M100T100-9.mltl,0.368,16991.2,sat
/home/michele/mltlsat/Benchmarks/random0/P0.7N4L30M100T100-10.mltl,0.37,17000.8,sat
/home/michele/mltlsat/Benchmarks/random0/P0.7N4L30M100T100-1.mltl,0.37,17009.6,sat
/home/michele/mltlsat/Benchmarks/random0/P0.7N4L30M100T100-2.mltl,0.372,16995.2,sat
/home/michele/mltlsat/Benchmarks/random0/P0.7N4L30M100T100-3.mltl,0.39,17021.6,sat
/home/michele/mltlsat/Benchmarks/random0/P0.7N4L30M100T100-4.mltl,0.394,17007.2,sat
/home/michele/mltlsat/Benchmarks/random0/P0.7N4L30M100T100-5.mltl,0.414,35819.2,sat
/home/michele/mltlsat/Benchmarks/random0/P0.7N4L30M100T100-6.mltl,0.388,16991.2,sat
/home/michele/mltlsat/Benchmarks/random0/P0.7N4L30M100T100-7.mltl,0.392,16996,sat
/home/michele/mltlsat/Benchmarks/random0/P0.7N4L30M100T100-8.mltl,0.414,17028.8,sat
/home/michele/mltlsat/Benchmarks/random0/P0.7N4L30M100T100-9.mltl,0.398,17017.6,unsat
/home/michele/mltlsat/Benchmarks/random0/P0.7N4L35M100T100-10.mltl,0.408,17311.2,sat
/home/michele/mltlsat/Benchmarks/random0/P0.7N4L35M100T100-1.mltl,0.41,17009.6,sat
/home/michele/mltlsat/Benchmarks/random0/P0.7N4L35M100T100-2.mltl,0.422,17007.2,sat
/home/michele/mltlsat/Benchmarks/random0/P0.7N4L35M100T100-3.mltl,0.43,17002.4,sat
/home/michele/mltlsat/Benchmarks/random0/P0.7N4L35M100T100-4.mltl,0.438,16976.8,sat
/home/michele/mltlsat/Benchmarks/random0/P0.7N4L35M100T100-5.mltl,0.45999999999999996,33681.6,sat
/home/michele/mltlsat/Benchmarks/random0/P0.7N4L35M100T100-6.mltl,0.534,38622.4,sat
/home/michele/mltlsat/Benchmarks/random0/P0.7N4L35M100T100-7.mltl,0.488,38359.2,sat
/home/michele/mltlsat/Benchmarks/random0/P0.7N4L35M100T100-8.mltl,0.456,16994.4,sat
/home/michele/mltlsat/Benchmarks/random0/P0.7N4L35M100T100-9.mltl,0.558,38346.4,sat
/home/michele/mltlsat/Benchmarks/random0/P0.7N4L40M100T100-10.mltl,0.478,17023.2,unsat
/home/michele/mltlsat/Benchmarks/random0/P0.7N4L40M100T100-1.mltl,0.554,28149.6,sat
/home/michele/mltlsat/Benchmarks/random0/P0.7N4L40M100T100-2.mltl,0.53,19476,sat
/home/michele/mltlsat/Benchmarks/random0/P0.7N4L40M100T100-3.mltl,0.51,17031.2,sat
/home/michele/mltlsat/Benchmarks/random0/P0.7N4L40M100T100-4.mltl,-1,-1,TO
/home/michele/mltlsat/Benchmarks/random0/P0.7N4L40M100T100-5.mltl,0.518,17006.4,sat
/home/michele/mltlsat/Benchmarks/random0/P0.7N4L40M100T100-6.mltl,1.1079999999999999,106099.2,sat
/home/michele/mltlsat/Benchmarks/random0/P0.7N4L40M100T100-7.mltl,0.588,33662.4,unsat
/home/michele/mltlsat/Benchmarks/random0/P0.7N4L40M100T100-8.mltl,0.5619999999999999,17017.6,sat
/home/michele/mltlsat/Benchmarks/random0/P0.7N4L40M100T100-9.mltl,0.546,17002.4,sat
/home/michele/mltlsat/Benchmarks/random0/P0.7N4L45M100T100-10.mltl,0.554,17017.6,sat
/home/michele/mltlsat/Benchmarks/random0/P0.7N4L45M100T100-1.mltl,0.576,17028,sat
/home/michele/mltlsat/Benchmarks/random0/P0.7N4L45M100T100-2.mltl,0.598,36784,sat
/home/michele/mltlsat/Benchmarks/random0/P0.7N4L45M100T100-3.mltl,2.2,496852,sat
/home/michele/mltlsat/Benchmarks/random0/P0.7N4L45M100T100-4.mltl,0.492,17007.2,sat
/home/michele/mltlsat/Benchmarks/random0/P0.7N4L45M100T100-5.mltl,0.496,38341.6,sat
/home/michele/mltlsat/Benchmarks/random0/P0.7N4L45M100T100-6.mltl,0.886,40215.2,sat
/home/michele/mltlsat/Benchmarks/random0/P0.7N4L45M100T100-7.mltl,0.538,17032,sat
/home/michele/mltlsat/Benchmarks/random0/P0.7N4L45M100T100-8.mltl,0.508,17007.2,sat
/home/michele/mltlsat/Benchmarks/random0/P0.7N4L45M100T100-9.mltl,0.542,17008,sat
/home/michele/mltlsat/Benchmarks/random0/P0.7N4L50M100T100-10.mltl,0.522,16989.6,sat
/home/michele/mltlsat/Benchmarks/random0/P0.7N4L50M100T100-1.mltl,0.578,17003.2,sat
/home/michele/mltlsat/Benchmarks/random0/P0.7N4L50M100T100-2.mltl,0.588,17003.2,sat
/home/michele/mltlsat/Benchmarks/random0/P0.7N4L50M100T100-3.mltl,0.532,17003.2,sat
/home/michele/mltlsat/Benchmarks/random0/P0.7N4L50M100T100-4.mltl,-1,-1,TO
/home/michele/mltlsat/Benchmarks/random0/P0.7N4L50M100T100-5.mltl,0.332,17320,sat
/home/michele/mltlsat/Benchmarks/random0/P0.7N4L50M100T100-6.mltl,0.408,39890.4,sat
/home/michele/mltlsat/Benchmarks/random0/P0.7N4L50M100T100-7.mltl,0.328,17016.8,sat
/home/michele/mltlsat/Benchmarks/random0/P0.7N4L50M100T100-8.mltl,0.328,20400,sat
/home/michele/mltlsat/Benchmarks/random0/P0.7N4L50M100T100-9.mltl,0.324,17928,sat
/home/michele/mltlsat/Benchmarks/random0/P0.7N4L55M100T100-10.mltl,-1,-1,TO
/home/michele/mltlsat/Benchmarks/random0/P0.7N4L55M100T100-1.mltl,0.322,17923.2,sat
/home/michele/mltlsat/Benchmarks/random0/P0.7N4L55M100T100-2.mltl,0.35,36789.6,sat
/home/michele/mltlsat/Benchmarks/random0/P0.7N4L55M100T100-3.mltl,0.506,39910.4,sat
/home/michele/mltlsat/Benchmarks/random0/P0.7N4L55M100T100-4.mltl,0.382,40175.2,sat
/home/michele/mltlsat/Benchmarks/random0/P0.7N4L55M100T100-5.mltl,0.322,17920,sat
/home/michele/mltlsat/Benchmarks/random0/P0.7N4L55M100T100-6.mltl,0.342,16998.4,sat
/home/michele/mltlsat/Benchmarks/random0/P0.7N4L55M100T100-7.mltl,0.34400000000000003,16988,sat
/home/michele/mltlsat/Benchmarks/random0/P0.7N4L55M100T100-8.mltl,0.36,37081.6,sat
/home/michele/mltlsat/Benchmarks/random0/P0.7N4L55M100T100-9.mltl,0.34400000000000003,17016.8,sat
/home/michele/mltlsat/Benchmarks/random0/P0.7N4L5M100T100-10.mltl,0.34400000000000003,16988,sat
/home/michele/mltlsat/Benchmarks/random0/P0.7N4L5M100T100-1.mltl,0.34800000000000003,20405.6,sat
/home/michele/mltlsat/Benchmarks/random0/P0.7N4L5M100T100-2.mltl,0.34400000000000003,17004,sat
/home/michele/mltlsat/Benchmarks/random0/P0.7N4L5M100T100-3.mltl,0.326,17015.2,sat
/home/michele/mltlsat/Benchmarks/random0/P0.7N4L5M100T100-4.mltl,0.332,17296,sat
/home/michele/mltlsat/Benchmarks/random0/P0.7N4L5M100T100-5.mltl,0.352,16991.2,sat
/home/michele/mltlsat/Benchmarks/random0/P0.7N4L5M100T100-6.mltl,0.35,17010.4,sat
/home/michele/mltlsat/Benchmarks/random0/P0.7N4L5M100T100-7.mltl,0.34600000000000003,17020.8,sat
/home/michele/mltlsat/Benchmarks/random0/P0.7N4L5M100T100-8.mltl,0.34600000000000003,17020,sat
/home/michele/mltlsat/Benchmarks/random0/P0.7N4L5M100T100-9.mltl,0.352,16690.4,sat
/home/michele/mltlsat/Benchmarks/random0/P0.7N4L60M100T100-10.mltl,0.362,36500.8,sat
/home/michele/mltlsat/Benchmarks/random0/P0.7N4L60M100T100-1.mltl,23.552,1144424.8,sat
/home/michele/mltlsat/Benchmarks/random0/P0.7N4L60M100T100-2.mltl,0.334,19468.8,sat
/home/michele/mltlsat/Benchmarks/random0/P0.7N4L60M100T100-3.mltl,1.94,58180,sat
/home/michele/mltlsat/Benchmarks/random0/P0.7N4L60M100T100-4.mltl,0.34400000000000003,16998.4,sat
/home/michele/mltlsat/Benchmarks/random0/P0.7N4L60M100T100-5.mltl,12.05,67388.8,sat
/home/michele/mltlsat/Benchmarks/random0/P0.7N4L60M100T100-6.mltl,0.324,17319.2,sat
/home/michele/mltlsat/Benchmarks/random0/P0.7N4L60M100T100-7.mltl,0.372,40209.6,sat
/home/michele/mltlsat/Benchmarks/random0/P0.7N4L60M100T100-8.mltl,1.334,44097.6,sat
/home/michele/mltlsat/Benchmarks/random0/P0.7N4L60M100T100-9.mltl,0.398,39549.6,sat
/home/michele/mltlsat/Benchmarks/random0/P0.7N4L65M100T100-10.mltl,6.156,87347.2,sat
/home/michele/mltlsat/Benchmarks/random0/P0.7N4L65M100T100-1.mltl,0.334,17008.8,sat
/home/michele/mltlsat/Benchmarks/random0/P0.7N4L65M100T100-2.mltl,0.406,21001.6,unsat
/home/michele/mltlsat/Benchmarks/random0/P0.7N4L65M100T100-3.mltl,0.336,16985.6,sat
/home/michele/mltlsat/Benchmarks/random0/P0.7N4L65M100T100-4.mltl,0.34,36792,sat
/home/michele/mltlsat/Benchmarks/random0/P0.7N4L65M100T100-5.mltl,0.356,38338.4,sat
/home/michele/mltlsat/Benchmarks/random0/P0.7N4L65M100T100-6.mltl,0.342,21005.6,sat
/home/michele/mltlsat/Benchmarks/random0/P0.7N4L65M100T100-7.mltl,-1,-1,TO
/home/michele/mltlsat/Benchmarks/random0/P0.7N4L65M100T100-8.mltl,0.334,16700.8,sat
/home/michele/mltlsat/Benchmarks/random0/P0.7N4L65M100T100-9.mltl,1.12,96887.2,sat
/home/michele/mltlsat/Benchmarks/random0/P0.7N4L70M100T100-10.mltl,0.336,17321.6,sat
/home/michele/mltlsat/Benchmarks/random0/P0.7N4L70M100T100-1.mltl,0.326,17020.8,sat
/home/michele/mltlsat/Benchmarks/random0/P0.7N4L70M100T100-2.mltl,0.346,35565.6,sat
/home/michele/mltlsat/Benchmarks/random0/P0.7N4L70M100T100-3.mltl,3.122,821236,sat
/home/michele/mltlsat/Benchmarks/random0/P0.7N4L70M100T100-4.mltl,0.336,17017.6,sat
/home/michele/mltlsat/Benchmarks/random0/P0.7N4L70M100T100-5.mltl,0.348,17005.6,sat
/home/michele/mltlsat/Benchmarks/random0/P0.7N4L70M100T100-6.mltl,0.474,39584,sat
/home/michele/mltlsat/Benchmarks/random0/P0.7N4L70M100T100-7.mltl,0.356,17020.8,sat
/home/michele/mltlsat/Benchmarks/random0/P0.7N4L70M100T100-8.mltl,0.372,17021.6,sat
/home/michele/mltlsat/Benchmarks/random0/P0.7N4L70M100T100-9.mltl,0.378,16986.4,sat
/home/michele/mltlsat/Benchmarks/random0/P0.7N4L75M100T100-10.mltl,0.41,38660,sat
/home/michele/mltlsat/Benchmarks/random0/P0.7N4L75M100T100-1.mltl,5.244,1858349.6,sat
/home/michele/mltlsat/Benchmarks/random0/P0.7N4L75M100T100-2.mltl,0.362,17033.6,sat
/home/michele/mltlsat/Benchmarks/random0/P0.7N4L75M100T100-3.mltl,1.176,176748.8,sat
/home/michele/mltlsat/Benchmarks/random0/P0.7N4L75M100T100-4.mltl,0.384,37741.6,sat
/home/michele/mltlsat/Benchmarks/random0/P0.7N4L75M100T100-5.mltl,0.404,38635.2,sat
/home/michele/mltlsat/Benchmarks/random0/P0.7N4L75M100T100-6.mltl,0.37,17327.2,sat
/home/michele/mltlsat/Benchmarks/random0/P0.7N4L75M100T100-7.mltl,0.57,39602.4,sat
/home/michele/mltlsat/Benchmarks/random0/P0.7N4L75M100T100-8.mltl,0.364,17330.4,sat
/home/michele/mltlsat/Benchmarks/random0/P0.7N4L75M100T100-9.mltl,0.386,21312.8,sat
/home/michele/mltlsat/Benchmarks/random0/P0.7N4L80M100T100-10.mltl,0.404,38058.4,sat
/home/michele/mltlsat/Benchmarks/random0/P0.7N4L80M100T100-1.mltl,0.392,16986.4,sat
/home/michele/mltlsat/Benchmarks/random0/P0.7N4L80M100T100-2.mltl,0.404,37086.4,sat
/home/michele/mltlsat/Benchmarks/random0/P0.7N4L80M100T100-3.mltl,0.398,17298.4,sat
/home/michele/mltlsat/Benchmarks/random0/P0.7N4L80M100T100-4.mltl,0.428,37387.2,sat
/home/michele/mltlsat/Benchmarks/random0/P0.7N4L80M100T100-5.mltl,0.976,70759.2,sat
/home/michele/mltlsat/Benchmarks/random0/P0.7N4L80M100T100-6.mltl,0.398,16411.2,sat
/home/michele/mltlsat/Benchmarks/random0/P0.7N4L80M100T100-7.mltl,-1,-1,TO
/home/michele/mltlsat/Benchmarks/random0/P0.7N4L80M100T100-8.mltl,-1,-1,TO
/home/michele/mltlsat/Benchmarks/random0/P0.7N4L80M100T100-9.mltl,0.68,90135.2,sat
/home/michele/mltlsat/Benchmarks/random0/P0.7N4L85M100T100-10.mltl,2.708,88592.8,sat
/home/michele/mltlsat/Benchmarks/random0/P0.7N4L85M100T100-1.mltl,0.418,38664,sat
/home/michele/mltlsat/Benchmarks/random0/P0.7N4L85M100T100-2.mltl,0.386,17308,sat
/home/michele/mltlsat/Benchmarks/random0/P0.7N4L85M100T100-3.mltl,0.402,17320,sat
/home/michele/mltlsat/Benchmarks/random0/P0.7N4L85M100T100-4.mltl,0.62,40490.4,sat
/home/michele/mltlsat/Benchmarks/random0/P0.7N4L85M100T100-5.mltl,0.612,41717.6,unsat
/home/michele/mltlsat/Benchmarks/random0/P0.7N4L85M100T100-6.mltl,0.818,39564.8,sat
/home/michele/mltlsat/Benchmarks/random0/P0.7N4L85M100T100-7.mltl,0.432,17020.8,sat
/home/michele/mltlsat/Benchmarks/random0/P0.7N4L85M100T100-8.mltl,-1,-1,TO
/home/michele/mltlsat/Benchmarks/random0/P0.7N4L85M100T100-9.mltl,0.332,17004,sat
/home/michele/mltlsat/Benchmarks/random0/P0.7N4L90M100T100-10.mltl,-1,-1,TO
/home/michele/mltlsat/Benchmarks/random0/P0.7N4L90M100T100-1.mltl,0.34600000000000003,38327.2,sat
/home/michele/mltlsat/Benchmarks/random0/P0.7N4L90M100T100-2.mltl,0.31,17603.2,sat
/home/michele/mltlsat/Benchmarks/random0/P0.7N4L90M100T100-3.mltl,0.32,22865.6,sat
/home/michele/mltlsat/Benchmarks/random0/P0.7N4L90M100T100-4.mltl,0.324,17308.8,sat
/home/michele/mltlsat/Benchmarks/random0/P0.7N4L90M100T100-5.mltl,0.342,38341.6,sat
/home/michele/mltlsat/Benchmarks/random0/P0.7N4L90M100T100-6.mltl,0.324,16996,sat
/home/michele/mltlsat/Benchmarks/random0/P0.7N4L90M100T100-7.mltl,0.338,36165.6,sat
/home/michele/mltlsat/Benchmarks/random0/P0.7N4L90M100T100-8.mltl,0.334,34915.2,sat
/home/michele/mltlsat/Benchmarks/random0/P0.7N4L90M100T100-9.mltl,0.364,19784,sat
/home/michele/mltlsat/Benchmarks/random0/P0.7N4L95M100T100-10.mltl,0.334,17009.6,sat
/home/michele/mltlsat/Benchmarks/random0/P0.7N4L95M100T100-1.mltl,0.338,17021.6,sat
/home/michele/mltlsat/Benchmarks/random0/P0.7N4L95M100T100-2.mltl,0.35,17020,sat
/home/michele/mltlsat/Benchmarks/random0/P0.7N4L95M100T100-3.mltl,0.35,18843.2,sat
/home/michele/mltlsat/Benchmarks/random0/P0.7N4L95M100T100-4.mltl,0.736,46015.2,sat
/home/michele/mltlsat/Benchmarks/random0/P0.7N4L95M100T100-5.mltl,0.408,38342.4,sat
/home/michele/mltlsat/Benchmarks/random0/P0.7N4L95M100T100-6.mltl,0.342,16994.4,sat
/home/michele/mltlsat/Benchmarks/random0/P0.7N4L95M100T100-7.mltl,0.35,17018.4,sat
/home/michele/mltlsat/Benchmarks/random0/P0.7N4L95M100T100-8.mltl,0.37,37386.4,sat
/home/michele/mltlsat/Benchmarks/random0/P0.7N4L95M100T100-9.mltl,0.356,17336,sat
/home/michele/mltlsat/Benchmarks/random0/P0.7N5L100M100T100-10.mltl,0.386,36463.2,sat
/home/michele/mltlsat/Benchmarks/random0/P0.7N5L100M100T100-1.mltl,0.358,17010.4,sat
/home/michele/mltlsat/Benchmarks/random0/P0.7N5L100M100T100-2.mltl,0.414,38666.4,sat
/home/michele/mltlsat/Benchmarks/random0/P0.7N5L100M100T100-3.mltl,0.554,46337.6,sat
/home/michele/mltlsat/Benchmarks/random0/P0.7N5L100M100T100-4.mltl,0.406,19161.6,sat
/home/michele/mltlsat/Benchmarks/random0/P0.7N5L100M100T100-5.mltl,0.396,38324,sat
/home/michele/mltlsat/Benchmarks/random0/P0.7N5L100M100T100-6.mltl,0.694,42625.6,sat
/home/michele/mltlsat/Benchmarks/random0/P0.7N5L100M100T100-7.mltl,0.366,19484,sat
/home/michele/mltlsat/Benchmarks/random0/P0.7N5L100M100T100-8.mltl,0.354,18551.2,sat
/home/michele/mltlsat/Benchmarks/random0/P0.7N5L100M100T100-9.mltl,0.598,107624,sat
/home/michele/mltlsat/Benchmarks/random0/P0.7N5L10M100T100-10.mltl,0.362,17005.6,sat
/home/michele/mltlsat/Benchmarks/random0/P0.7N5L10M100T100-1.mltl,0.37,16996.8,sat
/home/michele/mltlsat/Benchmarks/random0/P0.7N5L10M100T100-2.mltl,0.378,17013.6,sat
/home/michele/mltlsat/Benchmarks/random0/P0.7N5L10M100T100-3.mltl,0.37,17000.8,sat
/home/michele/mltlsat/Benchmarks/random0/P0.7N5L10M100T100-4.mltl,0.396,17001.6,sat
/home/michele/mltlsat/Benchmarks/random0/P0.7N5L10M100T100-5.mltl,0.36,17028.8,sat
/home/michele/mltlsat/Benchmarks/random0/P0.7N5L10M100T100-6.mltl,0.374,16975.2,sat
/home/michele/mltlsat/Benchmarks/random0/P0.7N5L10M100T100-7.mltl,0.34400000000000003,17631.2,sat
/home/michele/mltlsat/Benchmarks/random0/P0.7N5L10M100T100-8.mltl,0.34800000000000003,17951.2,sat
/home/michele/mltlsat/Benchmarks/random0/P0.7N5L10M100T100-9.mltl,0.362,17012.8,sat
/home/michele/mltlsat/Benchmarks/random0/P0.7N5L15M100T100-10.mltl,0.378,17333.6,sat
/home/michele/mltlsat/Benchmarks/random0/P0.7N5L15M100T100-1.mltl,0.388,17011.2,sat
/home/michele/mltlsat/Benchmarks/random0/P0.7N5L15M100T100-2.mltl,0.382,17325.6,sat
/home/michele/mltlsat/Benchmarks/random0/P0.7N5L15M100T100-3.mltl,0.384,16996.8,sat
/home/michele/mltlsat/Benchmarks/random0/P0.7N5L15M100T100-4.mltl,0.38,16988,sat
/home/michele/mltlsat/Benchmarks/random0/P0.7N5L15M100T100-5.mltl,0.39,17316.8,sat
/home/michele/mltlsat/Benchmarks/random0/P0.7N5L15M100T100-6.mltl,0.4,17030.4,sat
/home/michele/mltlsat/Benchmarks/random0/P0.7N5L15M100T100-7.mltl,0.444,18844.8,sat
/home/michele/mltlsat/Benchmarks/random0/P0.7N5L15M100T100-8.mltl,0.4,17020,sat
/home/michele/mltlsat/Benchmarks/random0/P0.7N5L15M100T100-9.mltl,0.396,17023.2,sat
/home/michele/mltlsat/Benchmarks/random0/P0.7N5L20M100T100-10.mltl,0.412,27474.4,sat
/home/michele/mltlsat/Benchmarks/random0/P0.7N5L20M100T100-1.mltl,0.398,16688.8,sat
/home/michele/mltlsat/Benchmarks/random0/P0.7N5L20M100T100-2.mltl,0.438,38637.6,sat
/home/michele/mltlsat/Benchmarks/random0/P0.7N5L20M100T100-3.mltl,0.412,17020,sat
/home/michele/mltlsat/Benchmarks/random0/P0.7N5L20M100T100-4.mltl,0.402,16993.6,sat
/home/michele/mltlsat/Benchmarks/random0/P0.7N5L20M100T100-5.mltl,0.428,17016,sat
/home/michele/mltlsat/Benchmarks/random0/P0.7N5L20M100T100-6.mltl,0.442,17028.8,sat
/home/michele/mltlsat/Benchmarks/random0/P0.7N5L20M100T100-7.mltl,0.43,17335.2,sat
/home/michele/mltlsat/Benchmarks/random0/P0.7N5L20M100T100-8.mltl,0.404,17320,sat
/home/michele/mltlsat/Benchmarks/random0/P0.7N5L20M100T100-9.mltl,0.462,17310.4,sat
/home/michele/mltlsat/Benchmarks/random0/P0.7N5L25M100T100-10.mltl,0.52,17004.8,sat
/home/michele/mltlsat/Benchmarks/random0/P0.7N5L25M100T100-1.mltl,0.504,16999.2,sat
/home/michele/mltlsat/Benchmarks/random0/P0.7N5L25M100T100-2.mltl,0.558,17002.4,sat
/home/michele/mltlsat/Benchmarks/random0/P0.7N5L25M100T100-3.mltl,0.5459999999999999,37140.8,sat
/home/michele/mltlsat/Benchmarks/random0/P0.7N5L25M100T100-4.mltl,0.442,16988,sat
/home/michele/mltlsat/Benchmarks/random0/P0.7N5L25M100T100-5.mltl,0.442,17000.8,sat
/home/michele/mltlsat/Benchmarks/random0/P0.7N5L25M100T100-6.mltl,0.448,17019.2,sat
/home/michele/mltlsat/Benchmarks/random0/P0.7N5L25M100T100-7.mltl,0.456,17007.2,sat
/home/michele/mltlsat/Benchmarks/random0/P0.7N5L25M100T100-8.mltl,0.448,17016,sat
/home/michele/mltlsat/Benchmarks/random0/P0.7N5L25M100T100-9.mltl,0.45799999999999996,38642.4,sat
/home/michele/mltlsat/Benchmarks/random0/P0.7N5L30M100T100-10.mltl,0.434,19484,sat
/home/michele/mltlsat/Benchmarks/random0/P0.7N5L30M100T100-1.mltl,0.438,18856.8,sat
/home/michele/mltlsat/Benchmarks/random0/P0.7N5L30M100T100-2.mltl,0.434,17024,sat
/home/michele/mltlsat/Benchmarks/random0/P0.7N5L30M100T100-3.mltl,0.406,17010.4,sat
/home/michele/mltlsat/Benchmarks/random0/P0.7N5L30M100T100-4.mltl,0.392,17302.4,sat
/home/michele/mltlsat/Benchmarks/random0/P0.7N5L30M100T100-5.mltl,0.426,37092,sat
/home/michele/mltlsat/Benchmarks/random0/P0.7N5L30M100T100-6.mltl,0.416,17321.6,sat
/home/michele/mltlsat/Benchmarks/random0/P0.7N5L30M100T100-7.mltl,0.844,167846.4,sat
/home/michele/mltlsat/Benchmarks/random0/P0.7N5L30M100T100-8.mltl,0.39,18543.2,sat
/home/michele/mltlsat/Benchmarks/random0/P0.7N5L30M100T100-9.mltl,0.522,38663.2,sat
/home/michele/mltlsat/Benchmarks/random0/P0.7N5L35M100T100-10.mltl,2.69,40787.2,sat
/home/michele/mltlsat/Benchmarks/random0/P0.7N5L35M100T100-1.mltl,0.5,37402.4,sat
/home/michele/mltlsat/Benchmarks/random0/P0.7N5L35M100T100-2.mltl,0.45,34301.6,sat
/home/michele/mltlsat/Benchmarks/random0/P0.7N5L35M100T100-3.mltl,0.408,16975.2,sat
/home/michele/mltlsat/Benchmarks/random0/P0.7N5L35M100T100-4.mltl,0.43,36808,sat
/home/michele/mltlsat/Benchmarks/random0/P0.7N5L35M100T100-5.mltl,0.436,17002.4,sat
/home/michele/mltlsat/Benchmarks/random0/P0.7N5L35M100T100-6.mltl,0.838,39549.6,sat
/home/michele/mltlsat/Benchmarks/random0/P0.7N5L35M100T100-7.mltl,0.46,17023.2,sat
/home/michele/mltlsat/Benchmarks/random0/P0.7N5L35M100T100-8.mltl,0.522,18846.4,sat
/home/michele/mltlsat/Benchmarks/random0/P0.7N5L35M100T100-9.mltl,0.46599999999999997,17016,sat
/home/michele/mltlsat/Benchmarks/random0/P0.7N5L40M100T100-10.mltl,0.528,16999.2,sat
/home/michele/mltlsat/Benchmarks/random0/P0.7N5L40M100T100-1.mltl,0.552,17013.6,sat
/home/michele/mltlsat/Benchmarks/random0/P0.7N5L40M100T100-2.mltl,0.548,17006.4,sat
/home/michele/mltlsat/Benchmarks/random0/P0.7N5L40M100T100-3.mltl,0.574,17011.2,sat
/home/michele/mltlsat/Benchmarks/random0/P0.7N5L40M100T100-4.mltl,0.578,16978.4,sat
/home/michele/mltlsat/Benchmarks/random0/P0.7N5L40M100T100-5.mltl,0.5680000000000001,17004,sat
/home/michele/mltlsat/Benchmarks/random0/P0.7N5L40M100T100-6.mltl,0.586,17020.8,sat
/home/michele/mltlsat/Benchmarks/random0/P0.7N5L40M100T100-7.mltl,0.552,16981.6,sat
/home/michele/mltlsat/Benchmarks/random0/P0.7N5L40M100T100-8.mltl,0.856,38666.4,sat
/home/michele/mltlsat/Benchmarks/random0/P0.7N5L40M100T100-9.mltl,0.62,36777.6,sat
/home/michele/mltlsat/Benchmarks/random0/P0.7N5L45M100T100-10.mltl,0.636,37126.4,sat
/home/michele/mltlsat/Benchmarks/random0/P0.7N5L45M100T100-1.mltl,0.622,26840.8,sat
/home/michele/mltlsat/Benchmarks/random0/P0.7N5L45M100T100-2.mltl,0.586,17010.4,sat
/home/michele/mltlsat/Benchmarks/random0/P0.7N5L45M100T100-3.mltl,0.59,17002.4,sat
/home/michele/mltlsat/Benchmarks/random0/P0.7N5L45M100T100-4.mltl,0.594,17322.4,sat
/home/michele/mltlsat/Benchmarks/random0/P0.7N5L45M100T100-5.mltl,0.606,16991.2,sat
/home/michele/mltlsat/Benchmarks/random0/P0.7N5L45M100T100-6.mltl,0.646,37685.6,sat
/home/michele/mltlsat/Benchmarks/random0/P0.7N5L45M100T100-7.mltl,3.29,47556.8,sat
/home/michele/mltlsat/Benchmarks/random0/P0.7N5L45M100T100-8.mltl,0.594,17320,sat
/home/michele/mltlsat/Benchmarks/random0/P0.7N5L45M100T100-9.mltl,0.696,38025.6,sat
/home/michele/mltlsat/Benchmarks/random0/P0.7N5L50M100T100-10.mltl,0.5459999999999999,17326.4,sat
/home/michele/mltlsat/Benchmarks/random0/P0.7N5L50M100T100-1.mltl,0.598,17010.4,sat
/home/michele/mltlsat/Benchmarks/random0/P0.7N5L50M100T100-2.mltl,0.5499999999999999,20413.6,sat
/home/michele/mltlsat/Benchmarks/random0/P0.7N5L50M100T100-3.mltl,0.588,17020,sat
/home/michele/mltlsat/Benchmarks/random0/P0.7N5L50M100T100-4.mltl,-1,-1,TO
/home/michele/mltlsat/Benchmarks/random0/P0.7N5L50M100T100-5.mltl,0.534,17644,sat
/home/michele/mltlsat/Benchmarks/random0/P0.7N5L50M100T100-6.mltl,0.614,38969.6,sat
/home/michele/mltlsat/Benchmarks/random0/P0.7N5L50M100T100-7.mltl,0.582,17303.2,sat
/home/michele/mltlsat/Benchmarks/random0/P0.7N5L50M100T100-8.mltl,0.5559999999999999,17297.6,sat
/home/michele/mltlsat/Benchmarks/random0/P0.7N5L50M100T100-9.mltl,0.58,23459.2,sat
/home/michele/mltlsat/Benchmarks/random0/P0.7N5L55M100T100-10.mltl,0.59,21314.4,sat
/home/michele/mltlsat/Benchmarks/random0/P0.7N5L55M100T100-1.mltl,-1,-1,TO
/home/michele/mltlsat/Benchmarks/random0/P0.7N5L55M100T100-2.mltl,0.408,38669.6,sat
/home/michele/mltlsat/Benchmarks/random0/P0.7N5L55M100T100-3.mltl,0.37,26524,sat
/home/michele/mltlsat/Benchmarks/random0/P0.7N5L55M100T100-4.mltl,0.362,16987.2,sat
/home/michele/mltlsat/Benchmarks/random0/P0.7N5L55M100T100-5.mltl,0.366,17315.2,sat
/home/michele/mltlsat/Benchmarks/random0/P0.7N5L55M100T100-6.mltl,0.374,17332,sat
/home/michele/mltlsat/Benchmarks/random0/P0.7N5L55M100T100-7.mltl,0.374,19172.8,sat
/home/michele/mltlsat/Benchmarks/random0/P0.7N5L55M100T100-8.mltl,0.362,17312.8,sat
/home/michele/mltlsat/Benchmarks/random0/P0.7N5L55M100T100-9.mltl,2.35,170302.4,sat
/home/michele/mltlsat/Benchmarks/random0/P0.7N5L5M100T100-10.mltl,0.318,21300.8,sat
/home/michele/mltlsat/Benchmarks/random0/P0.7N5L5M100T100-1.mltl,0.31,18235.2,sat
/home/michele/mltlsat/Benchmarks/random0/P0.7N5L5M100T100-2.mltl,0.314,17944,sat
/home/michele/mltlsat/Benchmarks/random0/P0.7N5L5M100T100-3.mltl,0.33,17307.2,sat
/home/michele/mltlsat/Benchmarks/random0/P0.7N5L5M100T100-4.mltl,0.32,17620,sat
/home/michele/mltlsat/Benchmarks/random0/P0.7N5L5M100T100-5.mltl,0.318,17312.8,sat
/home/michele/mltlsat/Benchmarks/random0/P0.7N5L5M100T100-6.mltl,0.316,17604,sat
/home/michele/mltlsat/Benchmarks/random0/P0.7N5L5M100T100-7.mltl,0.306,21008.8,unsat
/home/michele/mltlsat/Benchmarks/random0/P0.7N5L5M100T100-8.mltl,0.306,18556,sat
/home/michele/mltlsat/Benchmarks/random0/P0.7N5L5M100T100-9.mltl,0.318,18234.4,sat
/home/michele/mltlsat/Benchmarks/random0/P0.7N5L60M100T100-10.mltl,0.418,39864,sat
/home/michele/mltlsat/Benchmarks/random0/P0.7N5L60M100T100-1.mltl,-1,-1,TO
/home/michele/mltlsat/Benchmarks/random0/P0.7N5L60M100T100-2.mltl,0.336,16999.2,sat
/home/michele/mltlsat/Benchmarks/random0/P0.7N5L60M100T100-3.mltl,0.386,39569.6,sat
/home/michele/mltlsat/Benchmarks/random0/P0.7N5L60M100T100-4.mltl,0.342,17022.4,sat
/home/michele/mltlsat/Benchmarks/random0/P0.7N5L60M100T100-5.mltl,0.35,36805.6,sat
/home/michele/mltlsat/Benchmarks/random0/P0.7N5L60M100T100-6.mltl,0.406,39881.6,sat
/home/michele/mltlsat/Benchmarks/random0/P0.7N5L60M100T100-7.mltl,0.352,36810.4,sat
/home/michele/mltlsat/Benchmarks/random0/P0.7N5L60M100T100-8.mltl,0.348,17016.8,sat
/home/michele/mltlsat/Benchmarks/random0/P0.7N5L60M100T100-9.mltl,0.352,19760.8,sat
/home/michele/mltlsat/Benchmarks/random0/P0.7N5L65M100T100-10.mltl,2.544,66164.8,sat
/home/michele/mltlsat/Benchmarks/random0/P0.7N5L65M100T100-1.mltl,0.358,38623.2,sat
/home/michele/mltlsat/Benchmarks/random0/P0.7N5L65M100T100-2.mltl,0.356,36788.8,sat
/home/michele/mltlsat/Benchmarks/random0/P0.7N5L65M100T100-3.mltl,0.34,17004.8,sat
/home/michele/mltlsat/Benchmarks/random0/P0.7N5L65M100T100-4.mltl,0.348,17332,sat
/home/michele/mltlsat/Benchmarks/random0/P0.7N5L65M100T100-5.mltl,0.372,21624.8,sat
/home/michele/mltlsat/Benchmarks/random0/P0.7N5L65M100T100-6.mltl,0.36,25295.2,sat
/home/michele/mltlsat/Benchmarks/random0/P0.7N5L65M100T100-7.mltl,0.386,38360.8,sat
/home/michele/mltlsat/Benchmarks/random0/P0.7N5L65M100T100-8.mltl,0.364,17012,sat
/home/michele/mltlsat/Benchmarks/random0/P0.7N5L65M100T100-9.mltl,0.40599999999999997,19464.8,sat
/home/michele/mltlsat/Benchmarks/random0/P0.7N5L70M100T100-10.mltl,0.384,38675.2,sat
/home/michele/mltlsat/Benchmarks/random0/P0.7N5L70M100T100-1.mltl,-1,-1,TO
/home/michele/mltlsat/Benchmarks/random0/P0.7N5L70M100T100-2.mltl,-1,-1,TO
/home/michele/mltlsat/Benchmarks/random0/P0.7N5L70M100T100-3.mltl,0.434,38053.6,sat
/home/michele/mltlsat/Benchmarks/random0/P0.7N5L70M100T100-4.mltl,0.358,17002.4,sat
/home/michele/mltlsat/Benchmarks/random0/P0.7N5L70M100T100-5.mltl,0.366,17315.2,sat
/home/michele/mltlsat/Benchmarks/random0/P0.7N5L70M100T100-6.mltl,0.37,17311.2,sat
/home/michele/mltlsat/Benchmarks/random0/P0.7N5L70M100T100-7.mltl,-1,-1,TO
/home/michele/mltlsat/Benchmarks/random0/P0.7N5L70M100T100-8.mltl,0.366,16992,sat
/home/michele/mltlsat/Benchmarks/random0/P0.7N5L70M100T100-9.mltl,0.356,17012,sat
/home/michele/mltlsat/Benchmarks/random0/P0.7N5L75M100T100-10.mltl,8.112,52134.4,sat
/home/michele/mltlsat/Benchmarks/random0/P0.7N5L75M100T100-1.mltl,0.33,17325.6,sat
/home/michele/mltlsat/Benchmarks/random0/P0.7N5L75M100T100-2.mltl,0.352,36506.4,sat
/home/michele/mltlsat/Benchmarks/random0/P0.7N5L75M100T100-3.mltl,0.354,35555.2,sat
/home/michele/mltlsat/Benchmarks/random0/P0.7N5L75M100T100-4.mltl,0.48,41744.8,sat
/home/michele/mltlsat/Benchmarks/random0/P0.7N5L75M100T100-5.mltl,0.338,17013.6,sat
/home/michele/mltlsat/Benchmarks/random0/P0.7N5L75M100T100-6.mltl,0.33,17625.6,sat
/home/michele/mltlsat/Benchmarks/random0/P0.7N5L75M100T100-7.mltl,0.36,23459.2,sat
/home/michele/mltlsat/Benchmarks/random0/P0.7N5L75M100T100-8.mltl,0.368,38631.2,sat
/home/michele/mltlsat/Benchmarks/random0/P0.7N5L75M100T100-9.mltl,0.338,22232.8,sat
/home/michele/mltlsat/Benchmarks/random0/P0.7N5L80M100T100-10.mltl,0.342,29665.6,sat
/home/michele/mltlsat/Benchmarks/random0/P0.7N5L80M100T100-1.mltl,0.346,17015.2,sat
/home/michele/mltlsat/Benchmarks/random0/P0.7N5L80M100T100-2.mltl,0.328,17922.4,sat
/home/michele/mltlsat/Benchmarks/random0/P0.7N5L80M100T100-3.mltl,0.43,38019.2,sat
/home/michele/mltlsat/Benchmarks/random0/P0.7N5L80M100T100-4.mltl,3.0100000000000002,161069.6,sat
/home/michele/mltlsat/Benchmarks/random0/P0.7N5L80M100T100-5.mltl,1.5,41748,sat
/home/michele/mltlsat/Benchmarks/random0/P0.7N5L80M100T100-6.mltl,0.36,17008.8,sat
/home/michele/mltlsat/Benchmarks/random0/P0.7N5L80M100T100-7.mltl,-1,-1,TO
/home/michele/mltlsat/Benchmarks/random0/P0.7N5L80M100T100-8.mltl,0.326,17627.2,sat
/home/michele/mltlsat/Benchmarks/random0/P0.7N5L80M100T100-9.mltl,0.45,38332.8,sat
/home/michele/mltlsat/Benchmarks/random0/P0.7N5L85M100T100-10.mltl,0.34,35248,sat
/home/michele/mltlsat/Benchmarks/random0/P0.7N5L85M100T100-1.mltl,0.782,64612,sat
/home/michele/mltlsat/Benchmarks/random0/P0.7N5L85M100T100-2.mltl,0.338,17288,sat
/home/michele/mltlsat/Benchmarks/random0/P0.7N5L85M100T100-3.mltl,0.356,37734.4,sat
/home/michele/mltlsat/Benchmarks/random0/P0.7N5L85M100T100-4.mltl,0.326,17008.8,sat
/home/michele/mltlsat/Benchmarks/random0/P0.7N5L85M100T100-5.mltl,0.348,35858.4,sat
/home/michele/mltlsat/Benchmarks/random0/P0.7N5L85M100T100-6.mltl,-1,-1,TO
/home/michele/mltlsat/Benchmarks/random0/P0.7N5L85M100T100-7.mltl,0.354,38674.4,sat
/home/michele/mltlsat/Benchmarks/random0/P0.7N5L85M100T100-8.mltl,0.358,37680,sat
/home/michele/mltlsat/Benchmarks/random0/P0.7N5L85M100T100-9.mltl,0.326,17008,sat
/home/michele/mltlsat/Benchmarks/random0/P0.7N5L90M100T100-10.mltl,0.356,35506.4,sat
/home/michele/mltlsat/Benchmarks/random0/P0.7N5L90M100T100-1.mltl,0.34400000000000003,16995.2,sat
/home/michele/mltlsat/Benchmarks/random0/P0.7N5L90M100T100-2.mltl,0.538,50207.2,sat
/home/michele/mltlsat/Benchmarks/random0/P0.7N5L90M100T100-3.mltl,0.33,17900,sat
/home/michele/mltlsat/Benchmarks/random0/P0.7N5L90M100T100-4.mltl,0.37,38030.4,sat
/home/michele/mltlsat/Benchmarks/random0/P0.7N5L90M100T100-5.mltl,-1,-1,TO
/home/michele/mltlsat/Benchmarks/random0/P0.7N5L90M100T100-6.mltl,4.72,42969.6,unsat
/home/michele/mltlsat/Benchmarks/random0/P0.7N5L90M100T100-7.mltl,0.738,147566.4,sat
/home/michele/mltlsat/Benchmarks/random0/P0.7N5L90M100T100-8.mltl,0.39,38344.8,sat
/home/michele/mltlsat/Benchmarks/random0/P0.7N5L90M100T100-9.mltl,0.45,40193.6,sat
/home/michele/mltlsat/Benchmarks/random0/P0.7N5L95M100T100-10.mltl,0.386,38039.2,sat
/home/michele/mltlsat/Benchmarks/random0/P0.7N5L95M100T100-1.mltl,-1,-1,TO
/home/michele/mltlsat/Benchmarks/random0/P0.7N5L95M100T100-2.mltl,0.412,41727.2,sat
/home/michele/mltlsat/Benchmarks/random0/P0.7N5L95M100T100-3.mltl,0.342,17001.6,sat
/home/michele/mltlsat/Benchmarks/random0/P0.7N5L95M100T100-4.mltl,1.904,46028.8,sat
/home/michele/mltlsat/Benchmarks/random0/P0.7N5L95M100T100-5.mltl,0.342,16984.8,unsat
/home/michele/mltlsat/Benchmarks/random0/P0.7N5L95M100T100-6.mltl,0.342,16992.8,sat
/home/michele/mltlsat/Benchmarks/random0/P0.7N5L95M100T100-7.mltl,0.34,17021.6,sat
/home/michele/mltlsat/Benchmarks/random0/P0.7N5L95M100T100-8.mltl,-1,-1,TO
/home/michele/mltlsat/Benchmarks/random0/P0.7N5L95M100T100-9.mltl,0.622,118387.2,sat
/home/michele/mltlsat/Benchmarks/random0/P0.95N1L100M100T100-10.mltl,30.344,10490358.4,sat
/home/michele/mltlsat/Benchmarks/random0/P0.95N1L100M100T100-1.mltl,-1,-1,TO
/home/michele/mltlsat/Benchmarks/random0/P0.95N1L100M100T100-2.mltl,0.36,27784.8,sat
/home/michele/mltlsat/Benchmarks/random0/P0.95N1L100M100T100-3.mltl,0.372,37705.6,sat
/home/michele/mltlsat/Benchmarks/random0/P0.95N1L100M100T100-4.mltl,-1,-1,TO
/home/michele/mltlsat/Benchmarks/random0/P0.95N1L100M100T100-5.mltl,-1,-1,TO
/home/michele/mltlsat/Benchmarks/random0/P0.95N1L100M100T100-6.mltl,-1,-1,TO
/home/michele/mltlsat/Benchmarks/random0/P0.95N1L100M100T100-7.mltl,-1,-1,TO
/home/michele/mltlsat/Benchmarks/random0/P0.95N1L100M100T100-8.mltl,0.34199999999999997,17324,sat
/home/michele/mltlsat/Benchmarks/random0/P0.95N1L100M100T100-9.mltl,2.402,78486.4,sat
/home/michele/mltlsat/Benchmarks/random0/P0.95N1L10M100T100-10.mltl,0.33,16987.2,sat
/home/michele/mltlsat/Benchmarks/random0/P0.95N1L10M100T100-1.mltl,0.332,18556,sat
/home/michele/mltlsat/Benchmarks/random0/P0.95N1L10M100T100-2.mltl,0.328,17307.2,sat
/home/michele/mltlsat/Benchmarks/random0/P0.95N1L10M100T100-3.mltl,0.368,18853.6,sat
/home/michele/mltlsat/Benchmarks/random0/P0.95N1L10M100T100-4.mltl,0.348,32424.8,sat
/home/michele/mltlsat/Benchmarks/random0/P0.95N1L10M100T100-5.mltl,0.336,17020,sat
/home/michele/mltlsat/Benchmarks/random0/P0.95N1L10M100T100-6.mltl,0.34,17302.4,sat
/home/michele/mltlsat/Benchmarks/random0/P0.95N1L10M100T100-7.mltl,0.336,17314.4,sat
/home/michele/mltlsat/Benchmarks/random0/P0.95N1L10M100T100-8.mltl,0.34400000000000003,24412.8,sat
/home/michele/mltlsat/Benchmarks/random0/P0.95N1L10M100T100-9.mltl,0.34199999999999997,16995.2,sat
/home/michele/mltlsat/Benchmarks/random0/P0.95N1L15M100T100-10.mltl,0.34,17320,sat
/home/michele/mltlsat/Benchmarks/random0/P0.95N1L15M100T100-1.mltl,0.342,16990.4,sat
/home/michele/mltlsat/Benchmarks/random0/P0.95N1L15M100T100-2.mltl,0.416,38043.2,sat
/home/michele/mltlsat/Benchmarks/random0/P0.95N1L15M100T100-3.mltl,0.366,16988,sat
/home/michele/mltlsat/Benchmarks/random0/P0.95N1L15M100T100-4.mltl,0.37,16987.2,sat
/home/michele/mltlsat/Benchmarks/random0/P0.95N1L15M100T100-5.mltl,0.362,16989.6,sat
/home/michele/mltlsat/Benchmarks/random0/P0.95N1L15M100T100-6.mltl,0.372,17020,sat
/home/michele/mltlsat/Benchmarks/random0/P0.95N1L15M100T100-7.mltl,0.384,21625.6,sat
/home/michele/mltlsat/Benchmarks/random0/P0.95N1L15M100T100-8.mltl,0.412,38640,sat
/home/michele/mltlsat/Benchmarks/random0/P0.95N1L15M100T100-9.mltl,-1,-1,TO
/home/michele/mltlsat/Benchmarks/random0/P0.95N1L20M100T100-10.mltl,0.40599999999999997,31799.2,sat
/home/michele/mltlsat/Benchmarks/random0/P0.95N1L20M100T100-1.mltl,0.474,38048.8,sat
/home/michele/mltlsat/Benchmarks/random0/P0.95N1L20M100T100-2.mltl,0.422,19157.6,sat
/home/michele/mltlsat/Benchmarks/random0/P0.95N1L20M100T100-3.mltl,0.39,16984,sat
/home/michele/mltlsat/Benchmarks/random0/P0.95N1L20M100T100-4.mltl,0.396,16992,sat
/home/michele/mltlsat/Benchmarks/random0/P0.95N1L20M100T100-5.mltl,0.424,36502.4,sat
/home/michele/mltlsat/Benchmarks/random0/P0.95N1L20M100T100-6.mltl,0.398,17283.2,sat
/home/michele/mltlsat/Benchmarks/random0/P0.95N1L20M100T100-7.mltl,2.54,41751.2,sat
/home/michele/mltlsat/Benchmarks/random0/P0.95N1L20M100T100-8.mltl,0.414,17003.2,sat
/home/michele/mltlsat/Benchmarks/random0/P0.95N1L20M100T100-9.mltl,0.418,17008.8,sat
/home/michele/mltlsat/Benchmarks/random0/P0.95N1L25M100T100-10.mltl,0.444,16972,sat
/home/michele/mltlsat/Benchmarks/random0/P0.95N1L25M100T100-1.mltl,0.46599999999999997,38652,sat
/home/michele/mltlsat/Benchmarks/random0/P0.95N1L25M100T100-2.mltl,0.412,17020,sat
/home/michele/mltlsat/Benchmarks/random0/P0.95N1L25M100T100-3.mltl,0.426,17321.6,sat
/home/michele/mltlsat/Benchmarks/random0/P0.95N1L25M100T100-4.mltl,-1,-1,TO
/home/michele/mltlsat/Benchmarks/random0/P0.95N1L25M100T100-5.mltl,0.506,38012,sat
/home/michele/mltlsat/Benchmarks/random0/P0.95N1L25M100T100-6.mltl,0.44,17007.2,sat
/home/michele/mltlsat/Benchmarks/random0/P0.95N1L25M100T100-7.mltl,0.486,36515.2,sat
/home/michele/mltlsat/Benchmarks/random0/P0.95N1L25M100T100-8.mltl,0.444,38001.6,sat
/home/michele/mltlsat/Benchmarks/random0/P0.95N1L25M100T100-9.mltl,0.53,17014.4,sat
/home/michele/mltlsat/Benchmarks/random0/P0.95N1L30M100T100-10.mltl,-1,-1,TO
/home/michele/mltlsat/Benchmarks/random0/P0.95N1L30M100T100-1.mltl,0.376,18873.6,sat
/home/michele/mltlsat/Benchmarks/random0/P0.95N1L30M100T100-2.mltl,0.372,38336.8,sat
/home/michele/mltlsat/Benchmarks/random0/P0.95N1L30M100T100-3.mltl,0.33,17025.6,sat
/home/michele/mltlsat/Benchmarks/random0/P0.95N1L30M100T100-4.mltl,0.334,25619.2,sat
/home/michele/mltlsat/Benchmarks/random0/P0.95N1L30M100T100-5.mltl,0.33,17026.4,sat
/home/michele/mltlsat/Benchmarks/random0/P0.95N1L30M100T100-6.mltl,27.668,84296,sat
/home/michele/mltlsat/Benchmarks/random0/P0.95N1L30M100T100-7.mltl,0.35,19478.4,sat
/home/michele/mltlsat/Benchmarks/random0/P0.95N1L30M100T100-8.mltl,0.922,44160.8,sat
/home/michele/mltlsat/Benchmarks/random0/P0.95N1L30M100T100-9.mltl,0.328,17006.4,sat
/home/michele/mltlsat/Benchmarks/random0/P0.95N1L35M100T100-10.mltl,0.37,36520,sat
/home/michele/mltlsat/Benchmarks/random0/P0.95N1L35M100T100-1.mltl,0.366,35518.4,sat
/home/michele/mltlsat/Benchmarks/random0/P0.95N1L35M100T100-2.mltl,-1,-1,TO
/home/michele/mltlsat/Benchmarks/random0/P0.95N1L35M100T100-3.mltl,0.358,36804.8,sat
/home/michele/mltlsat/Benchmarks/random0/P0.95N1L35M100T100-4.mltl,0.34800000000000003,37401.6,sat
/home/michele/mltlsat/Benchmarks/random0/P0.95N1L35M100T100-5.mltl,0.644,39588.8,sat
/home/michele/mltlsat/Benchmarks/random0/P0.95N1L35M100T100-6.mltl,-1,-1,TO
/home/michele/mltlsat/Benchmarks/random0/P0.95N1L35M100T100-7.mltl,0.356,33353.6,sat
/home/michele/mltlsat/Benchmarks/random0/P0.95N1L35M100T100-8.mltl,4.502,1385300,sat
/home/michele/mltlsat/Benchmarks/random0/P0.95N1L35M100T100-9.mltl,0.454,39562.4,sat
/home/michele/mltlsat/Benchmarks/random0/P0.95N1L40M100T100-10.mltl,0.402,38052.8,sat
/home/michele/mltlsat/Benchmarks/random0/P0.95N1L40M100T100-1.mltl,-1,-1,TO
/home/michele/mltlsat/Benchmarks/random0/P0.95N1L40M100T100-2.mltl,0.348,17019.2,sat
/home/michele/mltlsat/Benchmarks/random0/P0.95N1L40M100T100-3.mltl,0.382,18860,sat
/home/michele/mltlsat/Benchmarks/random0/P0.95N1L40M100T100-4.mltl,-1,-1,TO
/home/michele/mltlsat/Benchmarks/random0/P0.95N1L40M100T100-5.mltl,-1,-1,TO
/home/michele/mltlsat/Benchmarks/random0/P0.95N1L40M100T100-6.mltl,0.45,38025.6,sat
/home/michele/mltlsat/Benchmarks/random0/P0.95N1L40M100T100-7.mltl,21.958,86366.4,sat
/home/michele/mltlsat/Benchmarks/random0/P0.95N1L40M100T100-8.mltl,0.338,17004,sat
/home/michele/mltlsat/Benchmarks/random0/P0.95N1L40M100T100-9.mltl,0.362,38036,sat
/home/michele/mltlsat/Benchmarks/random0/P0.95N1L45M100T100-10.mltl,0.32,18242.4,sat
/home/michele/mltlsat/Benchmarks/random0/P0.95N1L45M100T100-1.mltl,0.508,41100.8,sat
/home/michele/mltlsat/Benchmarks/random0/P0.95N1L45M100T100-2.mltl,0.342,17010.4,sat
/home/michele/mltlsat/Benchmarks/random0/P0.95N1L45M100T100-3.mltl,-1,-1,TO
/home/michele/mltlsat/Benchmarks/random0/P0.95N1L45M100T100-4.mltl,-1,-1,TO
/home/michele/mltlsat/Benchmarks/random0/P0.95N1L45M100T100-5.mltl,0.532,38695.2,sat
/home/michele/mltlsat/Benchmarks/random0/P0.95N1L45M100T100-6.mltl,-1,-1,TO
/home/michele/mltlsat/Benchmarks/random0/P0.95N1L45M100T100-7.mltl,-1,-1,TO
/home/michele/mltlsat/Benchmarks/random0/P0.95N1L45M100T100-8.mltl,2.9,42986.4,sat
/home/michele/mltlsat/Benchmarks/random0/P0.95N1L45M100T100-9.mltl,-1,-1,TO
/home/michele/mltlsat/Benchmarks/random0/P0.95N1L50M100T100-10.mltl,0.842,191505.6,sat
/home/michele/mltlsat/Benchmarks/random0/P0.95N1L50M100T100-1.mltl,0.362,37724.8,sat
/home/michele/mltlsat/Benchmarks/random0/P0.95N1L50M100T100-2.mltl,0.388,38000.8,sat
/home/michele/mltlsat/Benchmarks/random0/P0.95N1L50M100T100-3.mltl,0.34400000000000003,17017.6,sat
/home/michele/mltlsat/Benchmarks/random0/P0.95N1L50M100T100-4.mltl,0.348,16990.4,sat
/home/michele/mltlsat/Benchmarks/random0/P0.95N1L50M100T100-5.mltl,0.342,21651.2,sat
/home/michele/mltlsat/Benchmarks/random0/P0.95N1L50M100T100-6.mltl,0.504,41744.8,sat
/home/michele/mltlsat/Benchmarks/random0/P0.95N1L50M100T100-7.mltl,1.58,50938.4,sat
/home/michele/mltlsat/Benchmarks/random0/P0.95N1L50M100T100-8.mltl,0.358,26245.6,sat
/home/michele/mltlsat/Benchmarks/random0/P0.95N1L50M100T100-9.mltl,-1,-1,TO
/home/michele/mltlsat/Benchmarks/random0/P0.95N1L55M100T100-10.mltl,0.358,32106.4,sat
/home/michele/mltlsat/Benchmarks/random0/P0.95N1L55M100T100-1.mltl,0.35,35560,sat
/home/michele/mltlsat/Benchmarks/random0/P0.95N1L55M100T100-2.mltl,0.358,38655.2,unsat
/home/michele/mltlsat/Benchmarks/random0/P0.95N1L55M100T100-3.mltl,0.592,39872,sat
/home/michele/mltlsat/Benchmarks/random0/P0.95N1L55M100T100-4.mltl,-1,-1,TO
/home/michele/mltlsat/Benchmarks/random0/P0.95N1L55M100T100-5.mltl,0.364,38663.2,sat
/home/michele/mltlsat/Benchmarks/random0/P0.95N1L55M100T100-6.mltl,28.924,3874536.8,sat
/home/michele/mltlsat/Benchmarks/random0/P0.95N1L55M100T100-7.mltl,0.356,36801.6,sat
/home/michele/mltlsat/Benchmarks/random0/P0.95N1L55M100T100-8.mltl,-1,-1,TO
/home/michele/mltlsat/Benchmarks/random0/P0.95N1L55M100T100-9.mltl,-1,-1,TO
/home/michele/mltlsat/Benchmarks/random0/P0.95N1L5M100T100-10.mltl,0.328,16712,sat
/home/michele/mltlsat/Benchmarks/random0/P0.95N1L5M100T100-1.mltl,0.338,17334.4,sat
/home/michele/mltlsat/Benchmarks/random0/P0.95N1L5M100T100-2.mltl,0.34400000000000003,16983.2,sat
/home/michele/mltlsat/Benchmarks/random0/P0.95N1L5M100T100-3.mltl,0.326,17012.8,sat
/home/michele/mltlsat/Benchmarks/random0/P0.95N1L5M100T100-4.mltl,0.32,17916.8,sat
/home/michele/mltlsat/Benchmarks/random0/P0.95N1L5M100T100-5.mltl,0.316,18530.4,sat
/home/michele/mltlsat/Benchmarks/random0/P0.95N1L5M100T100-6.mltl,0.33,17317.6,sat
/home/michele/mltlsat/Benchmarks/random0/P0.95N1L5M100T100-7.mltl,0.328,17621.6,sat
/home/michele/mltlsat/Benchmarks/random0/P0.95N1L5M100T100-8.mltl,0.314,18545.6,sat
/home/michele/mltlsat/Benchmarks/random0/P0.95N1L5M100T100-9.mltl,0.328,17301.6,sat
/home/michele/mltlsat/Benchmarks/random0/P0.95N1L60M100T100-10.mltl,0.43,50800,sat
/home/michele/mltlsat/Benchmarks/random0/P0.95N1L60M100T100-1.mltl,-1,-1,TO
/home/michele/mltlsat/Benchmarks/random0/P0.95N1L60M100T100-2.mltl,-1,-1,TO
/home/michele/mltlsat/Benchmarks/random0/P0.95N1L60M100T100-3.mltl,-1,-1,TO
/home/michele/mltlsat/Benchmarks/random0/P0.95N1L60M100T100-4.mltl,0.334,17008.8,sat
/home/michele/mltlsat/Benchmarks/random0/P0.95N1L60M100T100-5.mltl,0.93,50796.8,sat
/home/michele/mltlsat/Benchmarks/random0/P0.95N1L60M100T100-6.mltl,0.348,17300.8,sat
/home/michele/mltlsat/Benchmarks/random0/P0.95N1L60M100T100-7.mltl,-1,-1,TO
/home/michele/mltlsat/Benchmarks/random0/P0.95N1L60M100T100-8.mltl,3.716,47725.6,sat
/home/michele/mltlsat/Benchmarks/random0/P0.95N1L60M100T100-9.mltl,-1,-1,TO
/home/michele/mltlsat/Benchmarks/random0/P0.95N1L65M100T100-10.mltl,0.346,38376.8,sat
/home/michele/mltlsat/Benchmarks/random0/P0.95N1L65M100T100-1.mltl,-1,-1,TO
/home/michele/mltlsat/Benchmarks/random0/P0.95N1L65M100T100-2.mltl,0.34400000000000003,35568.8,sat
/home/michele/mltlsat/Benchmarks/random0/P0.95N1L65M100T100-3.mltl,0.342,37449.6,sat
/home/michele/mltlsat/Benchmarks/random0/P0.95N1L65M100T100-4.mltl,2.576,828935.2,sat
/home/michele/mltlsat/Benchmarks/random0/P0.95N1L65M100T100-5.mltl,0.34,17008.8,sat
/home/michele/mltlsat/Benchmarks/random0/P0.95N1L65M100T100-6.mltl,0.36,19783.2,sat
/home/michele/mltlsat/Benchmarks/random0/P0.95N1L65M100T100-7.mltl,-1,-1,TO
/home/michele/mltlsat/Benchmarks/random0/P0.95N1L65M100T100-8.mltl,50.842,224680,sat
/home/michele/mltlsat/Benchmarks/random0/P0.95N1L65M100T100-9.mltl,-1,-1,TO
/home/michele/mltlsat/Benchmarks/random0/P0.95N1L70M100T100-10.mltl,0.338,17300.8,sat
/home/michele/mltlsat/Benchmarks/random0/P0.95N1L70M100T100-1.mltl,0.374,38648,sat
/home/michele/mltlsat/Benchmarks/random0/P0.95N1L70M100T100-2.mltl,-1,-1,TO
/home/michele/mltlsat/Benchmarks/random0/P0.95N1L70M100T100-3.mltl,0.338,17001.6,sat
/home/michele/mltlsat/Benchmarks/random0/P0.95N1L70M100T100-4.mltl,-1,-1,TO
/home/michele/mltlsat/Benchmarks/random0/P0.95N1L70M100T100-5.mltl,0.33,17012.8,sat
/home/michele/mltlsat/Benchmarks/random0/P0.95N1L70M100T100-6.mltl,0.352,17023.2,sat
/home/michele/mltlsat/Benchmarks/random0/P0.95N1L70M100T100-7.mltl,0.348,17001.6,sat
/home/michele/mltlsat/Benchmarks/random0/P0.95N1L70M100T100-8.mltl,0.322,17624,sat
/home/michele/mltlsat/Benchmarks/random0/P0.95N1L70M100T100-9.mltl,0.314,20367.2,sat
/home/michele/mltlsat/Benchmarks/random0/P0.95N1L75M100T100-10.mltl,2.524,214520,sat
/home/michele/mltlsat/Benchmarks/random0/P0.95N1L75M100T100-1.mltl,0.486,43267.2,unsat
/home/michele/mltlsat/Benchmarks/random0/P0.95N1L75M100T100-2.mltl,-1,-1,TO
/home/michele/mltlsat/Benchmarks/random0/P0.95N1L75M100T100-3.mltl,-1,-1,TO
/home/michele/mltlsat/Benchmarks/random0/P0.95N1L75M100T100-4.mltl,0.338,17028,sat
/home/michele/mltlsat/Benchmarks/random0/P0.95N1L75M100T100-5.mltl,0.352,17000,sat
/home/michele/mltlsat/Benchmarks/random0/P0.95N1L75M100T100-6.mltl,-1,-1,TO
/home/michele/mltlsat/Benchmarks/random0/P0.95N1L75M100T100-7.mltl,0.332,17632.8,sat
/home/michele/mltlsat/Benchmarks/random0/P0.95N1L75M100T100-8.mltl,0.34,17030.4,sat
/home/michele/mltlsat/Benchmarks/random0/P0.95N1L75M100T100-9.mltl,-1,-1,TO
/home/michele/mltlsat/Benchmarks/random0/P0.95N1L80M100T100-10.mltl,0.322,17651.2,sat
/home/michele/mltlsat/Benchmarks/random0/P0.95N1L80M100T100-1.mltl,4.136,119034.4,sat
/home/michele/mltlsat/Benchmarks/random0/P0.95N1L80M100T100-2.mltl,-1,-1,TO
/home/michele/mltlsat/Benchmarks/random0/P0.95N1L80M100T100-3.mltl,1.334,41077.6,sat
/home/michele/mltlsat/Benchmarks/random0/P0.95N1L80M100T100-4.mltl,1.984,59876,sat
/home/michele/mltlsat/Benchmarks/random0/P0.95N1L80M100T100-5.mltl,-1,-1,TO
/home/michele/mltlsat/Benchmarks/random0/P0.95N1L80M100T100-6.mltl,0.36,35232,sat
/home/michele/mltlsat/Benchmarks/random0/P0.95N1L80M100T100-7.mltl,0.446,40206.4,sat
/home/michele/mltlsat/Benchmarks/random0/P0.95N1L80M100T100-8.mltl,-1,-1,TO
/home/michele/mltlsat/Benchmarks/random0/P0.95N1L80M100T100-9.mltl,-1,-1,TO
/home/michele/mltlsat/Benchmarks/random0/P0.95N1L85M100T100-10.mltl,0.374,19759.2,sat
/home/michele/mltlsat/Benchmarks/random0/P0.95N1L85M100T100-1.mltl,0.322,17912.8,sat
/home/michele/mltlsat/Benchmarks/random0/P0.95N1L85M100T100-2.mltl,-1,-1,TO
/home/michele/mltlsat/Benchmarks/random0/P0.95N1L85M100T100-3.mltl,0.314,17922.4,sat
/home/michele/mltlsat/Benchmarks/random0/P0.95N1L85M100T100-4.mltl,0.388,39865.6,sat
/home/michele/mltlsat/Benchmarks/random0/P0.95N1L85M100T100-5.mltl,-1,-1,TO
/home/michele/mltlsat/Benchmarks/random0/P0.95N1L85M100T100-6.mltl,0.326,17331.2,sat
/home/michele/mltlsat/Benchmarks/random0/P0.95N1L85M100T100-7.mltl,0.338,35567.2,sat
/home/michele/mltlsat/Benchmarks/random0/P0.95N1L85M100T100-8.mltl,0.556,40215.2,sat
/home/michele/mltlsat/Benchmarks/random0/P0.95N1L85M100T100-9.mltl,0.398,38657.6,sat
/home/michele/mltlsat/Benchmarks/random0/P0.95N1L90M100T100-10.mltl,0.34400000000000003,17024.8,sat
/home/michele/mltlsat/Benchmarks/random0/P0.95N1L90M100T100-1.mltl,-1,-1,TO
/home/michele/mltlsat/Benchmarks/random0/P0.95N1L90M100T100-2.mltl,0.396,42204,sat
/home/michele/mltlsat/Benchmarks/random0/P0.95N1L90M100T100-3.mltl,0.908,40804.8,sat
/home/michele/mltlsat/Benchmarks/random0/P0.95N1L90M100T100-4.mltl,-1,-1,TO
/home/michele/mltlsat/Benchmarks/random0/P0.95N1L90M100T100-5.mltl,-1,-1,TO
/home/michele/mltlsat/Benchmarks/random0/P0.95N1L90M100T100-6.mltl,1.832,69227.2,sat
/home/michele/mltlsat/Benchmarks/random0/P0.95N1L90M100T100-7.mltl,-1,-1,TO
/home/michele/mltlsat/Benchmarks/random0/P0.95N1L90M100T100-8.mltl,-1,-1,TO
/home/michele/mltlsat/Benchmarks/random0/P0.95N1L90M100T100-9.mltl,0.368,37716,sat
/home/michele/mltlsat/Benchmarks/random0/P0.95N1L95M100T100-10.mltl,-1,-1,TO
/home/michele/mltlsat/Benchmarks/random0/P0.95N1L95M100T100-1.mltl,-1,-1,TO
/home/michele/mltlsat/Benchmarks/random0/P0.95N1L95M100T100-2.mltl,2.108,116852,sat
/home/michele/mltlsat/Benchmarks/random0/P0.95N1L95M100T100-3.mltl,-1,-1,TO
/home/michele/mltlsat/Benchmarks/random0/P0.95N1L95M100T100-4.mltl,0.676,75060,sat
/home/michele/mltlsat/Benchmarks/random0/P0.95N1L95M100T100-5.mltl,0.402,38345.6,sat
/home/michele/mltlsat/Benchmarks/random0/P0.95N1L95M100T100-6.mltl,-1,-1,TO
/home/michele/mltlsat/Benchmarks/random0/P0.95N1L95M100T100-7.mltl,0.332,28709.6,sat
/home/michele/mltlsat/Benchmarks/random0/P0.95N1L95M100T100-8.mltl,0.352,38032.8,sat
/home/michele/mltlsat/Benchmarks/random0/P0.95N1L95M100T100-9.mltl,0.32,17608,sat
/home/michele/mltlsat/Benchmarks/random0/P0.95N2L100M100T100-10.mltl,0.334,17012,sat
/home/michele/mltlsat/Benchmarks/random0/P0.95N2L100M100T100-1.mltl,0.912,39556,sat
/home/michele/mltlsat/Benchmarks/random0/P0.95N2L100M100T100-2.mltl,0.658,119945.6,sat
/home/michele/mltlsat/Benchmarks/random0/P0.95N2L100M100T100-3.mltl,0.342,17014.4,sat
/home/michele/mltlsat/Benchmarks/random0/P0.95N2L100M100T100-4.mltl,-1,-1,TO
/home/michele/mltlsat/Benchmarks/random0/P0.95N2L100M100T100-5.mltl,1.352,53854.4,sat
/home/michele/mltlsat/Benchmarks/random0/P0.95N2L100M100T100-6.mltl,-1,-1,TO
/home/michele/mltlsat/Benchmarks/random0/P0.95N2L100M100T100-7.mltl,1.91,109160,sat
/home/michele/mltlsat/Benchmarks/random0/P0.95N2L100M100T100-8.mltl,56.798,450176.8,sat
/home/michele/mltlsat/Benchmarks/random0/P0.95N2L100M100T100-9.mltl,0.358,38031.2,sat
/home/michele/mltlsat/Benchmarks/random0/P0.95N2L10M100T100-10.mltl,0.324,17020.8,sat
/home/michele/mltlsat/Benchmarks/random0/P0.95N2L10M100T100-1.mltl,0.332,17326.4,sat
/home/michele/mltlsat/Benchmarks/random0/P0.95N2L10M100T100-2.mltl,0.32,17329.6,sat
/home/michele/mltlsat/Benchmarks/random0/P0.95N2L10M100T100-3.mltl,0.324,16977.6,sat
/home/michele/mltlsat/Benchmarks/random0/P0.95N2L10M100T100-4.mltl,0.324,17004.8,sat
/home/michele/mltlsat/Benchmarks/random0/P0.95N2L10M100T100-5.mltl,0.346,17004,sat
/home/michele/mltlsat/Benchmarks/random0/P0.95N2L10M100T100-6.mltl,0.37,37676.8,sat
/home/michele/mltlsat/Benchmarks/random0/P0.95N2L10M100T100-7.mltl,0.334,17308.8,sat
/home/michele/mltlsat/Benchmarks/random0/P0.95N2L10M100T100-8.mltl,0.406,21304,sat
/home/michele/mltlsat/Benchmarks/random0/P0.95N2L10M100T100-9.mltl,0.336,17317.6,sat
/home/michele/mltlsat/Benchmarks/random0/P0.95N2L15M100T100-10.mltl,0.322,17936.8,sat
/home/michele/mltlsat/Benchmarks/random0/P0.95N2L15M100T100-1.mltl,0.338,33696,sat
/home/michele/mltlsat/Benchmarks/random0/P0.95N2L15M100T100-2.mltl,0.332,16996.8,unsat
/home/michele/mltlsat/Benchmarks/random0/P0.95N2L15M100T100-3.mltl,0.42200000000000004,21914.4,sat
/home/michele/mltlsat/Benchmarks/random0/P0.95N2L15M100T100-4.mltl,0.334,17311.2,sat
/home/michele/mltlsat/Benchmarks/random0/P0.95N2L15M100T100-5.mltl,0.356,23174.4,sat
/home/michele/mltlsat/Benchmarks/random0/P0.95N2L15M100T100-6.mltl,0.332,17000,sat
/home/michele/mltlsat/Benchmarks/random0/P0.95N2L15M100T100-7.mltl,0.356,17007.2,sat
/home/michele/mltlsat/Benchmarks/random0/P0.95N2L15M100T100-8.mltl,0.352,17310.4,sat
/home/michele/mltlsat/Benchmarks/random0/P0.95N2L15M100T100-9.mltl,0.346,17003.2,sat
/home/michele/mltlsat/Benchmarks/random0/P0.95N2L20M100T100-10.mltl,0.528,38648.8,sat
/home/michele/mltlsat/Benchmarks/random0/P0.95N2L20M100T100-1.mltl,0.37,28084.8,sat
/home/michele/mltlsat/Benchmarks/random0/P0.95N2L20M100T100-2.mltl,0.356,17017.6,sat
/home/michele/mltlsat/Benchmarks/random0/P0.95N2L20M100T100-3.mltl,0.378,16698.4,sat
/home/michele/mltlsat/Benchmarks/random0/P0.95N2L20M100T100-4.mltl,0.378,16976,sat
/home/michele/mltlsat/Benchmarks/random0/P0.95N2L20M100T100-5.mltl,-1,-1,TO
/home/michele/mltlsat/Benchmarks/random0/P0.95N2L20M100T100-6.mltl,0.34800000000000003,16989.6,sat
/home/michele/mltlsat/Benchmarks/random0/P0.95N2L20M100T100-7.mltl,0.36,17006.4,sat
/home/michele/mltlsat/Benchmarks/random0/P0.95N2L20M100T100-8.mltl,0.366,17358.4,sat
/home/michele/mltlsat/Benchmarks/random0/P0.95N2L20M100T100-9.mltl,0.378,38051.2,sat
/home/michele/mltlsat/Benchmarks/random0/P0.95N2L25M100T100-10.mltl,0.358,16994.4,sat
/home/michele/mltlsat/Benchmarks/random0/P0.95N2L25M100T100-1.mltl,0.36,17008,sat
/home/michele/mltlsat/Benchmarks/random0/P0.95N2L25M100T100-2.mltl,0.354,17340,sat
/home/michele/mltlsat/Benchmarks/random0/P0.95N2L25M100T100-3.mltl,0.4,38626.4,sat
/home/michele/mltlsat/Benchmarks/random0/P0.95N2L25M100T100-4.mltl,0.36,17005.6,sat
/home/michele/mltlsat/Benchmarks/random0/P0.95N2L25M100T100-5.mltl,0.354,17332,sat
/home/michele/mltlsat/Benchmarks/random0/P0.95N2L25M100T100-6.mltl,-1,-1,TO
/home/michele/mltlsat/Benchmarks/random0/P0.95N2L25M100T100-7.mltl,0.34600000000000003,17619.2,sat
/home/michele/mltlsat/Benchmarks/random0/P0.95N2L25M100T100-8.mltl,0.38999999999999996,19463.2,sat
/home/michele/mltlsat/Benchmarks/random0/P0.95N2L25M100T100-9.mltl,0.362,17012,sat
/home/michele/mltlsat/Benchmarks/random0/P0.95N2L30M100T100-10.mltl,0.53,40219.2,sat
/home/michele/mltlsat/Benchmarks/random0/P0.95N2L30M100T100-1.mltl,0.41200000000000003,38035.2,sat
/home/michele/mltlsat/Benchmarks/random0/P0.95N2L30M100T100-2.mltl,0.352,17022.4,sat
/home/michele/mltlsat/Benchmarks/random0/P0.95N2L30M100T100-3.mltl,0.346,17009.6,sat
/home/michele/mltlsat/Benchmarks/random0/P0.95N2L30M100T100-4.mltl,0.368,17030.4,sat
/home/michele/mltlsat/Benchmarks/random0/P0.95N2L30M100T100-5.mltl,0.402,38018.4,sat
/home/michele/mltlsat/Benchmarks/random0/P0.95N2L30M100T100-6.mltl,0.764,40189.6,sat
/home/michele/mltlsat/Benchmarks/random0/P0.95N2L30M100T100-7.mltl,0.746,39580,sat
/home/michele/mltlsat/Benchmarks/random0/P0.95N2L30M100T100-8.mltl,-1,-1,TO
/home/michele/mltlsat/Benchmarks/random0/P0.95N2L30M100T100-9.mltl,0.454,38350.4,sat
/home/michele/mltlsat/Benchmarks/random0/P0.95N2L35M100T100-10.mltl,-1,-1,TO
/home/michele/mltlsat/Benchmarks/random0/P0.95N2L35M100T100-1.mltl,0.33,17320.8,sat
/home/michele/mltlsat/Benchmarks/random0/P0.95N2L35M100T100-2.mltl,0.392,37424.8,sat
/home/michele/mltlsat/Benchmarks/random0/P0.95N2L35M100T100-3.mltl,-1,-1,TO
/home/michele/mltlsat/Benchmarks/random0/P0.95N2L35M100T100-4.mltl,-1,-1,TO
/home/michele/mltlsat/Benchmarks/random0/P0.95N2L35M100T100-5.mltl,0.354,38028.8,sat
/home/michele/mltlsat/Benchmarks/random0/P0.95N2L35M100T100-6.mltl,0.34400000000000003,38665.6,sat
/home/michele/mltlsat/Benchmarks/random0/P0.95N2L35M100T100-7.mltl,0.322,17308,sat
/home/michele/mltlsat/Benchmarks/random0/P0.95N2L35M100T100-8.mltl,0.38,40194.4,sat
/home/michele/mltlsat/Benchmarks/random0/P0.95N2L35M100T100-9.mltl,0.314,17292,sat
/home/michele/mltlsat/Benchmarks/random0/P0.95N2L40M100T100-10.mltl,0.32,17316.8,sat
/home/michele/mltlsat/Benchmarks/random0/P0.95N2L40M100T100-1.mltl,0.33,16988,sat
/home/michele/mltlsat/Benchmarks/random0/P0.95N2L40M100T100-2.mltl,0.346,37098.4,sat
/home/michele/mltlsat/Benchmarks/random0/P0.95N2L40M100T100-3.mltl,0.324,17004.8,sat
/home/michele/mltlsat/Benchmarks/random0/P0.95N2L40M100T100-4.mltl,0.316,17944,sat
/home/michele/mltlsat/Benchmarks/random0/P0.95N2L40M100T100-5.mltl,0.342,17002.4,sat
/home/michele/mltlsat/Benchmarks/random0/P0.95N2L40M100T100-6.mltl,0.352,32466.4,sat
/home/michele/mltlsat/Benchmarks/random0/P0.95N2L40M100T100-7.mltl,0.34400000000000003,17000.8,sat
/home/michele/mltlsat/Benchmarks/random0/P0.95N2L40M100T100-8.mltl,0.37,38339.2,sat
/home/michele/mltlsat/Benchmarks/random0/P0.95N2L40M100T100-9.mltl,-1,-1,TO
/home/michele/mltlsat/Benchmarks/random0/P0.95N2L45M100T100-10.mltl,-1,-1,TO
/home/michele/mltlsat/Benchmarks/random0/P0.95N2L45M100T100-1.mltl,0.388,38363.2,sat
/home/michele/mltlsat/Benchmarks/random0/P0.95N2L45M100T100-2.mltl,-1,-1,TO
/home/michele/mltlsat/Benchmarks/random0/P0.95N2L45M100T100-3.mltl,0.368,36154.4,sat
/home/michele/mltlsat/Benchmarks/random0/P0.95N2L45M100T100-4.mltl,0.352,17000,sat
/home/michele/mltlsat/Benchmarks/random0/P0.95N2L45M100T100-5.mltl,0.38,19160,sat
/home/michele/mltlsat/Benchmarks/random0/P0.95N2L45M100T100-6.mltl,0.332,17325.6,sat
/home/michele/mltlsat/Benchmarks/random0/P0.95N2L45M100T100-7.mltl,-1,-1,TO
/home/michele/mltlsat/Benchmarks/random0/P0.95N2L45M100T100-8.mltl,-1,-1,TO
/home/michele/mltlsat/Benchmarks/random0/P0.95N2L45M100T100-9.mltl,0.328,17309.6,sat
/home/michele/mltlsat/Benchmarks/random0/P0.95N2L50M100T100-10.mltl,0.33,20689.6,sat
/home/michele/mltlsat/Benchmarks/random0/P0.95N2L50M100T100-1.mltl,-1,-1,TO
/home/michele/mltlsat/Benchmarks/random0/P0.95N2L50M100T100-2.mltl,0.346,17004,sat
/home/michele/mltlsat/Benchmarks/random0/P0.95N2L50M100T100-3.mltl,0.366,37704,sat
/home/michele/mltlsat/Benchmarks/random0/P0.95N2L50M100T100-4.mltl,0.334,17006.4,sat
/home/michele/mltlsat/Benchmarks/random0/P0.95N2L50M100T100-5.mltl,0.74,46236,sat
/home/michele/mltlsat/Benchmarks/random0/P0.95N2L50M100T100-6.mltl,0.342,23765.6,sat
/home/michele/mltlsat/Benchmarks/random0/P0.95N2L50M100T100-7.mltl,0.366,38317.6,sat
/home/michele/mltlsat/Benchmarks/random0/P0.95N2L50M100T100-8.mltl,0.342,20722.4,sat
/home/michele/mltlsat/Benchmarks/random0/P0.95N2L50M100T100-9.mltl,0.344,17031.2,sat
/home/michele/mltlsat/Benchmarks/random0/P0.95N2L55M100T100-10.mltl,0.336,17323.2,sat
/home/michele/mltlsat/Benchmarks/random0/P0.95N2L55M100T100-1.mltl,0.684,45717.6,sat
/home/michele/mltlsat/Benchmarks/random0/P0.95N2L55M100T100-2.mltl,9.148,58454.4,sat
/home/michele/mltlsat/Benchmarks/random0/P0.95N2L55M100T100-3.mltl,0.35,17024.8,sat
/home/michele/mltlsat/Benchmarks/random0/P0.95N2L55M100T100-4.mltl,0.344,16982.4,sat
/home/michele/mltlsat/Benchmarks/random0/P0.95N2L55M100T100-5.mltl,-1,-1,TO
/home/michele/mltlsat/Benchmarks/random0/P0.95N2L55M100T100-6.mltl,0.35,38350.4,sat
/home/michele/mltlsat/Benchmarks/random0/P0.95N2L55M100T100-7.mltl,0.326,17616,sat
/home/michele/mltlsat/Benchmarks/random0/P0.95N2L55M100T100-8.mltl,0.414,38380.8,sat
/home/michele/mltlsat/Benchmarks/random0/P0.95N2L55M100T100-9.mltl,0.364,16996,sat
/home/michele/mltlsat/Benchmarks/random0/P0.95N2L5M100T100-10.mltl,0.36,17004.8,sat
/home/michele/mltlsat/Benchmarks/random0/P0.95N2L5M100T100-1.mltl,0.36,16988.8,sat
/home/michele/mltlsat/Benchmarks/random0/P0.95N2L5M100T100-2.mltl,0.356,17016.8,sat
/home/michele/mltlsat/Benchmarks/random0/P0.95N2L5M100T100-3.mltl,0.338,17319.2,sat
/home/michele/mltlsat/Benchmarks/random0/P0.95N2L5M100T100-4.mltl,0.356,17305.6,sat
/home/michele/mltlsat/Benchmarks/random0/P0.95N2L5M100T100-5.mltl,0.36,20396,sat
/home/michele/mltlsat/Benchmarks/random0/P0.95N2L5M100T100-6.mltl,0.35,17029.6,sat
/home/michele/mltlsat/Benchmarks/random0/P0.95N2L5M100T100-7.mltl,0.34,17000.8,sat
/home/michele/mltlsat/Benchmarks/random0/P0.95N2L5M100T100-8.mltl,0.338,20412,sat
/home/michele/mltlsat/Benchmarks/random0/P0.95N2L5M100T100-9.mltl,0.338,17023.2,sat
/home/michele/mltlsat/Benchmarks/random0/P0.95N2L60M100T100-10.mltl,0.39,18849.6,sat
/home/michele/mltlsat/Benchmarks/random0/P0.95N2L60M100T100-1.mltl,-1,-1,TO
/home/michele/mltlsat/Benchmarks/random0/P0.95N2L60M100T100-2.mltl,0.346,17000.8,sat
/home/michele/mltlsat/Benchmarks/random0/P0.95N2L60M100T100-3.mltl,0.364,35864.8,sat
/home/michele/mltlsat/Benchmarks/random0/P0.95N2L60M100T100-4.mltl,0.32,18241.6,sat
/home/michele/mltlsat/Benchmarks/random0/P0.95N2L60M100T100-5.mltl,0.36,38642.4,sat
/home/michele/mltlsat/Benchmarks/random0/P0.95N2L60M100T100-6.mltl,0.332,32743.2,sat
/home/michele/mltlsat/Benchmarks/random0/P0.95N2L60M100T100-7.mltl,1.458,42988.8,sat
/home/michele/mltlsat/Benchmarks/random0/P0.95N2L60M100T100-8.mltl,0.324,17618.4,sat
/home/michele/mltlsat/Benchmarks/random0/P0.95N2L60M100T100-9.mltl,0.33,17623.2,sat
/home/michele/mltlsat/Benchmarks/random0/P0.95N2L65M100T100-10.mltl,0.344,17029.6,sat
/home/michele/mltlsat/Benchmarks/random0/P0.95N2L65M100T100-1.mltl,-1,-1,TO
/home/michele/mltlsat/Benchmarks/random0/P0.95N2L65M100T100-2.mltl,0.37,39880.8,sat
/home/michele/mltlsat/Benchmarks/random0/P0.95N2L65M100T100-3.mltl,0.35,38349.6,sat
/home/michele/mltlsat/Benchmarks/random0/P0.95N2L65M100T100-4.mltl,1.99,49092,sat
/home/michele/mltlsat/Benchmarks/random0/P0.95N2L65M100T100-5.mltl,-1,-1,TO
/home/michele/mltlsat/Benchmarks/random0/P0.95N2L65M100T100-6.mltl,0.388,38331.2,sat
/home/michele/mltlsat/Benchmarks/random0/P0.95N2L65M100T100-7.mltl,0.37,35879.2,sat
/home/michele/mltlsat/Benchmarks/random0/P0.95N2L65M100T100-8.mltl,-1,-1,TO
/home/michele/mltlsat/Benchmarks/random0/P0.95N2L65M100T100-9.mltl,40.702,108535.2,sat
/home/michele/mltlsat/Benchmarks/random0/P0.95N2L70M100T100-10.mltl,0.436,44361.6,sat
/home/michele/mltlsat/Benchmarks/random0/P0.95N2L70M100T100-1.mltl,0.372,38646.4,sat
/home/michele/mltlsat/Benchmarks/random0/P0.95N2L70M100T100-2.mltl,2.348,44479.2,sat
/home/michele/mltlsat/Benchmarks/random0/P0.95N2L70M100T100-3.mltl,-1,-1,TO
/home/michele/mltlsat/Benchmarks/random0/P0.95N2L70M100T100-4.mltl,-1,-1,TO
/home/michele/mltlsat/Benchmarks/random0/P0.95N2L70M100T100-5.mltl,-1,-1,TO
/home/michele/mltlsat/Benchmarks/random0/P0.95N2L70M100T100-6.mltl,10.08,56344,sat
/home/michele/mltlsat/Benchmarks/random0/P0.95N2L70M100T100-7.mltl,57.53,1444870.4,sat
/home/michele/mltlsat/Benchmarks/random0/P0.95N2L70M100T100-8.mltl,0.324,17333.6,sat
/home/michele/mltlsat/Benchmarks/random0/P0.95N2L70M100T100-9.mltl,0.694,41750.4,sat
/home/michele/mltlsat/Benchmarks/random0/P0.95N2L75M100T100-10.mltl,-1,-1,TO
/home/michele/mltlsat/Benchmarks/random0/P0.95N2L75M100T100-1.mltl,0.336,17322.4,sat
/home/michele/mltlsat/Benchmarks/random0/P0.95N2L75M100T100-2.mltl,0.332,16996,sat
/home/michele/mltlsat/Benchmarks/random0/P0.95N2L75M100T100-3.mltl,0.374,37690.4,sat
/home/michele/mltlsat/Benchmarks/random0/P0.95N2L75M100T100-4.mltl,0.34,16991.2,sat
/home/michele/mltlsat/Benchmarks/random0/P0.95N2L75M100T100-5.mltl,29.348,91668,sat
/home/michele/mltlsat/Benchmarks/random0/P0.95N2L75M100T100-6.mltl,0.38,38378.4,sat
/home/michele/mltlsat/Benchmarks/random0/P0.95N2L75M100T100-7.mltl,-1,-1,TO
/home/michele/mltlsat/Benchmarks/random0/P0.95N2L75M100T100-8.mltl,0.348,21340.8,sat
/home/michele/mltlsat/Benchmarks/random0/P0.95N2L75M100T100-9.mltl,-1,-1,TO
/home/michele/mltlsat/Benchmarks/random0/P0.95N2L80M100T100-10.mltl,-1,-1,TO
/home/michele/mltlsat/Benchmarks/random0/P0.95N2L80M100T100-1.mltl,-1,-1,TO
/home/michele/mltlsat/Benchmarks/random0/P0.95N2L80M100T100-2.mltl,-1,-1,TO
/home/michele/mltlsat/Benchmarks/random0/P0.95N2L80M100T100-3.mltl,-1,-1,TO
/home/michele/mltlsat/Benchmarks/random0/P0.95N2L80M100T100-4.mltl,0.326,17623.2,sat
/home/michele/mltlsat/Benchmarks/random0/P0.95N2L80M100T100-5.mltl,-1,-1,TO
/home/michele/mltlsat/Benchmarks/random0/P0.95N2L80M100T100-6.mltl,0.322,17605.6,sat
/home/michele/mltlsat/Benchmarks/random0/P0.95N2L80M100T100-7.mltl,0.654,121462.4,sat
/home/michele/mltlsat/Benchmarks/random0/P0.95N2L80M100T100-8.mltl,0.328,17931.2,sat
/home/michele/mltlsat/Benchmarks/random0/P0.95N2L80M100T100-9.mltl,0.344,17001.6,sat
/home/michele/mltlsat/Benchmarks/random0/P0.95N2L85M100T100-10.mltl,-1,-1,TO
/home/michele/mltlsat/Benchmarks/random0/P0.95N2L85M100T100-1.mltl,0.436,39219.2,unsat
/home/michele/mltlsat/Benchmarks/random0/P0.95N2L85M100T100-2.mltl,0.324,17944,sat
/home/michele/mltlsat/Benchmarks/random0/P0.95N2L85M100T100-3.mltl,0.326,17919.2,sat
/home/michele/mltlsat/Benchmarks/random0/P0.95N2L85M100T100-4.mltl,0.46799999999999997,41731.2,sat
/home/michele/mltlsat/Benchmarks/random0/P0.95N2L85M100T100-5.mltl,0.356,36166.4,sat
/home/michele/mltlsat/Benchmarks/random0/P0.95N2L85M100T100-6.mltl,-1,-1,TO
/home/michele/mltlsat/Benchmarks/random0/P0.95N2L85M100T100-7.mltl,-1,-1,TO
/home/michele/mltlsat/Benchmarks/random0/P0.95N2L85M100T100-8.mltl,1.8719999999999999,98089.6,sat
/home/michele/mltlsat/Benchmarks/random0/P0.95N2L85M100T100-9.mltl,0.418,40220,sat
/home/michele/mltlsat/Benchmarks/random0/P0.95N2L90M100T100-10.mltl,0.916,65854.4,sat
/home/michele/mltlsat/Benchmarks/random0/P0.95N2L90M100T100-1.mltl,0.324,17322.4,sat
/home/michele/mltlsat/Benchmarks/random0/P0.95N2L90M100T100-2.mltl,0.4,41131.2,sat
/home/michele/mltlsat/Benchmarks/random0/P0.95N2L90M100T100-3.mltl,12.858,273227.2,sat
/home/michele/mltlsat/Benchmarks/random0/P0.95N2L90M100T100-4.mltl,-1,-1,TO
/home/michele/mltlsat/Benchmarks/random0/P0.95N2L90M100T100-5.mltl,6.114,56009.6,sat
/home/michele/mltlsat/Benchmarks/random0/P0.95N2L90M100T100-6.mltl,0.36,30559.2,sat
/home/michele/mltlsat/Benchmarks/random0/P0.95N2L90M100T100-7.mltl,-1,-1,TO
/home/michele/mltlsat/Benchmarks/random0/P0.95N2L90M100T100-8.mltl,7.836,51741.6,sat
/home/michele/mltlsat/Benchmarks/random0/P0.95N2L90M100T100-9.mltl,0.5640000000000001,38639.2,sat
/home/michele/mltlsat/Benchmarks/random0/P0.95N2L95M100T100-10.mltl,-1,-1,TO
/home/michele/mltlsat/Benchmarks/random0/P0.95N2L95M100T100-1.mltl,0.42,46187.2,sat
/home/michele/mltlsat/Benchmarks/random0/P0.95N2L95M100T100-2.mltl,0.34,29952,sat
/home/michele/mltlsat/Benchmarks/random0/P0.95N2L95M100T100-3.mltl,-1,-1,TO
/home/michele/mltlsat/Benchmarks/random0/P0.95N2L95M100T100-4.mltl,0.356,37081.6,sat
/home/michele/mltlsat/Benchmarks/random0/P0.95N2L95M100T100-5.mltl,-1,-1,TO
/home/michele/mltlsat/Benchmarks/random0/P0.95N2L95M100T100-6.mltl,0.336,17015.2,sat
/home/michele/mltlsat/Benchmarks/random0/P0.95N2L95M100T100-7.mltl,0.342,18537.6,sat
/home/michele/mltlsat/Benchmarks/random0/P0.95N2L95M100T100-8.mltl,0.346,17037.6,sat
/home/michele/mltlsat/Benchmarks/random0/P0.95N2L95M100T100-9.mltl,-1,-1,TO
/home/michele/mltlsat/Benchmarks/random0/P0.95N3L100M100T100-10.mltl,0.33,17000.8,sat
/home/michele/mltlsat/Benchmarks/random0/P0.95N3L100M100T100-1.mltl,0.376,38327.2,sat
/home/michele/mltlsat/Benchmarks/random0/P0.95N3L100M100T100-2.mltl,0.336,17627.2,sat
/home/michele/mltlsat/Benchmarks/random0/P0.95N3L100M100T100-3.mltl,0.352,17009.6,sat
/home/michele/mltlsat/Benchmarks/random0/P0.95N3L100M100T100-4.mltl,6.134,52346.4,sat
/home/michele/mltlsat/Benchmarks/random0/P0.95N3L100M100T100-5.mltl,-1,-1,TO
/home/michele/mltlsat/Benchmarks/random0/P0.95N3L100M100T100-6.mltl,0.328,35248.8,sat
/home/michele/mltlsat/Benchmarks/random0/P0.95N3L100M100T100-7.mltl,5.234,177673.6,sat
/home/michele/mltlsat/Benchmarks/random0/P0.95N3L100M100T100-8.mltl,-1,-1,TO
/home/michele/mltlsat/Benchmarks/random0/P0.95N3L100M100T100-9.mltl,1.188,64637.6,sat
/home/michele/mltlsat/Benchmarks/random0/P0.95N3L10M100T100-10.mltl,0.342,17009.6,sat
/home/michele/mltlsat/Benchmarks/random0/P0.95N3L10M100T100-1.mltl,0.34,17017.6,sat
/home/michele/mltlsat/Benchmarks/random0/P0.95N3L10M100T100-2.mltl,0.34,17008,sat
/home/michele/mltlsat/Benchmarks/random0/P0.95N3L10M100T100-3.mltl,0.344,17636,sat
/home/michele/mltlsat/Benchmarks/random0/P0.95N3L10M100T100-4.mltl,0.34400000000000003,17018.4,sat
/home/michele/mltlsat/Benchmarks/random0/P0.95N3L10M100T100-5.mltl,0.322,17935.2,sat
/home/michele/mltlsat/Benchmarks/random0/P0.95N3L10M100T100-6.mltl,0.34400000000000003,16985.6,sat
/home/michele/mltlsat/Benchmarks/random0/P0.95N3L10M100T100-7.mltl,0.34,16996,sat
/home/michele/mltlsat/Benchmarks/random0/P0.95N3L10M100T100-8.mltl,0.34400000000000003,17004.8,sat
/home/michele/mltlsat/Benchmarks/random0/P0.95N3L10M100T100-9.mltl,0.344,17010.4,sat
/home/michele/mltlsat/Benchmarks/random0/P0.95N3L15M100T100-10.mltl,0.344,17002.4,sat
/home/michele/mltlsat/Benchmarks/random0/P0.95N3L15M100T100-1.mltl,0.406,38355.2,sat
/home/michele/mltlsat/Benchmarks/random0/P0.95N3L15M100T100-2.mltl,0.372,36797.6,sat
/home/michele/mltlsat/Benchmarks/random0/P0.95N3L15M100T100-3.mltl,0.35,17028.8,sat
/home/michele/mltlsat/Benchmarks/random0/P0.95N3L15M100T100-4.mltl,0.352,17303.2,sat
/home/michele/mltlsat/Benchmarks/random0/P0.95N3L15M100T100-5.mltl,0.366,17019.2,sat
/home/michele/mltlsat/Benchmarks/random0/P0.95N3L15M100T100-6.mltl,0.36,17006.4,sat
/home/michele/mltlsat/Benchmarks/random0/P0.95N3L15M100T100-7.mltl,0.396,38663.2,sat
/home/michele/mltlsat/Benchmarks/random0/P0.95N3L15M100T100-8.mltl,0.366,17008,sat
/home/michele/mltlsat/Benchmarks/random0/P0.95N3L15M100T100-9.mltl,0.366,17323.2,sat
/home/michele/mltlsat/Benchmarks/random0/P0.95N3L20M100T100-10.mltl,1.958,41691.2,sat
/home/michele/mltlsat/Benchmarks/random0/P0.95N3L20M100T100-1.mltl,0.34,17632.8,sat
/home/michele/mltlsat/Benchmarks/random0/P0.95N3L20M100T100-2.mltl,0.42,19161.6,sat
/home/michele/mltlsat/Benchmarks/random0/P0.95N3L20M100T100-3.mltl,79.17999999999999,843389.6,sat
/home/michele/mltlsat/Benchmarks/random0/P0.95N3L20M100T100-4.mltl,0.378,17016,sat
/home/michele/mltlsat/Benchmarks/random0/P0.95N3L20M100T100-5.mltl,0.388,16993.6,sat
/home/michele/mltlsat/Benchmarks/random0/P0.95N3L20M100T100-6.mltl,0.546,37704,sat
/home/michele/mltlsat/Benchmarks/random0/P0.95N3L20M100T100-7.mltl,0.376,18545.6,sat
/home/michele/mltlsat/Benchmarks/random0/P0.95N3L20M100T100-8.mltl,0.382,17614.4,sat
/home/michele/mltlsat/Benchmarks/random0/P0.95N3L20M100T100-9.mltl,0.392,16987.2,sat
/home/michele/mltlsat/Benchmarks/random0/P0.95N3L25M100T100-10.mltl,0.40599999999999997,17000,sat
/home/michele/mltlsat/Benchmarks/random0/P0.95N3L25M100T100-1.mltl,0.406,17021.6,sat
/home/michele/mltlsat/Benchmarks/random0/P0.95N3L25M100T100-2.mltl,0.398,17003.2,sat
/home/michele/mltlsat/Benchmarks/random0/P0.95N3L25M100T100-3.mltl,0.39999999999999997,17318.4,sat
/home/michele/mltlsat/Benchmarks/random0/P0.95N3L25M100T100-4.mltl,0.628,38302.4,sat
/home/michele/mltlsat/Benchmarks/random0/P0.95N3L25M100T100-5.mltl,0.41,17004.8,sat
/home/michele/mltlsat/Benchmarks/random0/P0.95N3L25M100T100-6.mltl,0.652,41454.4,sat
/home/michele/mltlsat/Benchmarks/random0/P0.95N3L25M100T100-7.mltl,0.438,37108.8,sat
/home/michele/mltlsat/Benchmarks/random0/P0.95N3L25M100T100-8.mltl,0.396,17297.6,sat
/home/michele/mltlsat/Benchmarks/random0/P0.95N3L25M100T100-9.mltl,0.446,38640,sat
/home/michele/mltlsat/Benchmarks/random0/P0.95N3L30M100T100-10.mltl,0.766,42659.2,sat
/home/michele/mltlsat/Benchmarks/random0/P0.95N3L30M100T100-1.mltl,0.452,19486.4,sat
/home/michele/mltlsat/Benchmarks/random0/P0.95N3L30M100T100-2.mltl,0.434,20080,sat
/home/michele/mltlsat/Benchmarks/random0/P0.95N3L30M100T100-3.mltl,0.444,17024.8,sat
/home/michele/mltlsat/Benchmarks/random0/P0.95N3L30M100T100-4.mltl,0.434,17019.2,sat
/home/michele/mltlsat/Benchmarks/random0/P0.95N3L30M100T100-5.mltl,0.546,41275.2,sat
/home/michele/mltlsat/Benchmarks/random0/P0.95N3L30M100T100-6.mltl,0.45599999999999996,19157.6,sat
/home/michele/mltlsat/Benchmarks/random0/P0.95N3L30M100T100-7.mltl,0.41,17308.8,sat
/home/michele/mltlsat/Benchmarks/random0/P0.95N3L30M100T100-8.mltl,0.428,36193.6,sat
/home/michele/mltlsat/Benchmarks/random0/P0.95N3L30M100T100-9.mltl,0.418,17018.4,sat
/home/michele/mltlsat/Benchmarks/random0/P0.95N3L35M100T100-10.mltl,0.452,17032,sat
/home/michele/mltlsat/Benchmarks/random0/P0.95N3L35M100T100-1.mltl,9.741999999999999,2763083.2,sat
/home/michele/mltlsat/Benchmarks/random0/P0.95N3L35M100T100-2.mltl,0.38,17925.6,sat
/home/michele/mltlsat/Benchmarks/random0/P0.95N3L35M100T100-3.mltl,0.45,19164,sat
/home/michele/mltlsat/Benchmarks/random0/P0.95N3L35M100T100-4.mltl,0.422,23505.6,sat
/home/michele/mltlsat/Benchmarks/random0/P0.95N3L35M100T100-5.mltl,0.41,17324.8,sat
/home/michele/mltlsat/Benchmarks/random0/P0.95N3L35M100T100-6.mltl,0.40599999999999997,17002.4,sat
/home/michele/mltlsat/Benchmarks/random0/P0.95N3L35M100T100-7.mltl,0.40599999999999997,17000,sat
/home/michele/mltlsat/Benchmarks/random0/P0.95N3L35M100T100-8.mltl,0.416,29944.8,sat
/home/michele/mltlsat/Benchmarks/random0/P0.95N3L35M100T100-9.mltl,0.384,17615.2,sat
/home/michele/mltlsat/Benchmarks/random0/P0.95N3L40M100T100-10.mltl,0.374,35538.4,sat
/home/michele/mltlsat/Benchmarks/random0/P0.95N3L40M100T100-1.mltl,27.05,52679.2,sat
/home/michele/mltlsat/Benchmarks/random0/P0.95N3L40M100T100-2.mltl,0.40599999999999997,38033.6,sat
/home/michele/mltlsat/Benchmarks/random0/P0.95N3L40M100T100-3.mltl,0.394,34618.4,sat
/home/michele/mltlsat/Benchmarks/random0/P0.95N3L40M100T100-4.mltl,0.38,17000,sat
/home/michele/mltlsat/Benchmarks/random0/P0.95N3L40M100T100-5.mltl,0.402,36467.2,sat
/home/michele/mltlsat/Benchmarks/random0/P0.95N3L40M100T100-6.mltl,0.428,37432.8,sat
/home/michele/mltlsat/Benchmarks/random0/P0.95N3L40M100T100-7.mltl,0.356,17004,sat
/home/michele/mltlsat/Benchmarks/random0/P0.95N3L40M100T100-8.mltl,0.356,30552.8,sat
/home/michele/mltlsat/Benchmarks/random0/P0.95N3L40M100T100-9.mltl,-1,-1,TO
/home/michele/mltlsat/Benchmarks/random0/P0.95N3L45M100T100-10.mltl,0.482,39866.4,sat
/home/michele/mltlsat/Benchmarks/random0/P0.95N3L45M100T100-1.mltl,0.376,18855.2,sat
/home/michele/mltlsat/Benchmarks/random0/P0.95N3L45M100T100-2.mltl,11.488,69385.6,sat
/home/michele/mltlsat/Benchmarks/random0/P0.95N3L45M100T100-3.mltl,0.356,26239.2,sat
/home/michele/mltlsat/Benchmarks/random0/P0.95N3L45M100T100-4.mltl,0.366,38041.6,sat
/home/michele/mltlsat/Benchmarks/random0/P0.95N3L45M100T100-5.mltl,0.33,17307.2,sat
/home/michele/mltlsat/Benchmarks/random0/P0.95N3L45M100T100-6.mltl,0.666,39852.8,sat
/home/michele/mltlsat/Benchmarks/random0/P0.95N3L45M100T100-7.mltl,0.34600000000000003,17312.8,sat
/home/michele/mltlsat/Benchmarks/random0/P0.95N3L45M100T100-8.mltl,-1,-1,TO
/home/michele/mltlsat/Benchmarks/random0/P0.95N3L45M100T100-9.mltl,0.34800000000000003,36181.6,sat
/home/michele/mltlsat/Benchmarks/random0/P0.95N3L50M100T100-10.mltl,0.8140000000000001,101463.2,sat
/home/michele/mltlsat/Benchmarks/random0/P0.95N3L50M100T100-1.mltl,0.326,17319.2,sat
/home/michele/mltlsat/Benchmarks/random0/P0.95N3L50M100T100-2.mltl,0.34,23153.6,sat
/home/michele/mltlsat/Benchmarks/random0/P0.95N3L50M100T100-3.mltl,0.338,17316.8,sat
/home/michele/mltlsat/Benchmarks/random0/P0.95N3L50M100T100-4.mltl,0.34,17013.6,sat
/home/michele/mltlsat/Benchmarks/random0/P0.95N3L50M100T100-5.mltl,-1,-1,TO
/home/michele/mltlsat/Benchmarks/random0/P0.95N3L50M100T100-6.mltl,0.34400000000000003,17004,sat
/home/michele/mltlsat/Benchmarks/random0/P0.95N3L50M100T100-7.mltl,0.356,17928,sat
/home/michele/mltlsat/Benchmarks/random0/P0.95N3L50M100T100-8.mltl,0.342,16976,sat
/home/michele/mltlsat/Benchmarks/random0/P0.95N3L50M100T100-9.mltl,2.298,70784,sat
/home/michele/mltlsat/Benchmarks/random0/P0.95N3L55M100T100-10.mltl,0.394,38681.6,sat
/home/michele/mltlsat/Benchmarks/random0/P0.95N3L55M100T100-1.mltl,0.348,18542.4,sat
/home/michele/mltlsat/Benchmarks/random0/P0.95N3L55M100T100-2.mltl,0.33,17001.6,sat
/home/michele/mltlsat/Benchmarks/random0/P0.95N3L55M100T100-3.mltl,0.346,17001.6,sat
/home/michele/mltlsat/Benchmarks/random0/P0.95N3L55M100T100-4.mltl,0.37,33958.4,sat
/home/michele/mltlsat/Benchmarks/random0/P0.95N3L55M100T100-5.mltl,0.576,50497.6,sat
/home/michele/mltlsat/Benchmarks/random0/P0.95N3L55M100T100-6.mltl,-1,-1,TO
/home/michele/mltlsat/Benchmarks/random0/P0.95N3L55M100T100-7.mltl,0.366,39572.8,sat
/home/michele/mltlsat/Benchmarks/random0/P0.95N3L55M100T100-8.mltl,0.336,17606.4,sat
/home/michele/mltlsat/Benchmarks/random0/P0.95N3L55M100T100-9.mltl,1.388,42997.6,sat
/home/michele/mltlsat/Benchmarks/random0/P0.95N3L5M100T100-10.mltl,0.352,17020,sat
/home/michele/mltlsat/Benchmarks/random0/P0.95N3L5M100T100-1.mltl,0.338,17332.8,sat
/home/michele/mltlsat/Benchmarks/random0/P0.95N3L5M100T100-2.mltl,0.338,17005.6,sat
/home/michele/mltlsat/Benchmarks/random0/P0.95N3L5M100T100-3.mltl,0.34400000000000003,16996.8,sat
/home/michele/mltlsat/Benchmarks/random0/P0.95N3L5M100T100-4.mltl,0.336,20371.2,sat
/home/michele/mltlsat/Benchmarks/random0/P0.95N3L5M100T100-5.mltl,0.33,17023.2,sat
/home/michele/mltlsat/Benchmarks/random0/P0.95N3L5M100T100-6.mltl,0.342,20408,sat
/home/michele/mltlsat/Benchmarks/random0/P0.95N3L5M100T100-7.mltl,0.34400000000000003,16996.8,sat
/home/michele/mltlsat/Benchmarks/random0/P0.95N3L5M100T100-8.mltl,0.358,17014.4,sat
/home/michele/mltlsat/Benchmarks/random0/P0.95N3L5M100T100-9.mltl,0.328,17316.8,sat
/home/michele/mltlsat/Benchmarks/random0/P0.95N3L60M100T100-10.mltl,-1,-1,TO
/home/michele/mltlsat/Benchmarks/random0/P0.95N3L60M100T100-1.mltl,0.376,36809.6,sat
/home/michele/mltlsat/Benchmarks/random0/P0.95N3L60M100T100-2.mltl,0.418,38350.4,sat
/home/michele/mltlsat/Benchmarks/random0/P0.95N3L60M100T100-3.mltl,0.34,17004,sat
/home/michele/mltlsat/Benchmarks/random0/P0.95N3L60M100T100-4.mltl,0.384,19465.6,sat
/home/michele/mltlsat/Benchmarks/random0/P0.95N3L60M100T100-5.mltl,0.356,17024.8,sat
/home/michele/mltlsat/Benchmarks/random0/P0.95N3L60M100T100-6.mltl,-1,-1,TO
/home/michele/mltlsat/Benchmarks/random0/P0.95N3L60M100T100-7.mltl,-1,-1,TO
/home/michele/mltlsat/Benchmarks/random0/P0.95N3L60M100T100-8.mltl,0.504,41019.2,sat
/home/michele/mltlsat/Benchmarks/random0/P0.95N3L60M100T100-9.mltl,0.35,17004.8,sat
/home/michele/mltlsat/Benchmarks/random0/P0.95N3L65M100T100-10.mltl,0.328,17328,sat
/home/michele/mltlsat/Benchmarks/random0/P0.95N3L65M100T100-1.mltl,0.678,39895.2,sat
/home/michele/mltlsat/Benchmarks/random0/P0.95N3L65M100T100-2.mltl,0.35,34943.2,sat
/home/michele/mltlsat/Benchmarks/random0/P0.95N3L65M100T100-3.mltl,-1,-1,TO
/home/michele/mltlsat/Benchmarks/random0/P0.95N3L65M100T100-4.mltl,0.714,43121.6,sat
/home/michele/mltlsat/Benchmarks/random0/P0.95N3L65M100T100-5.mltl,0.348,16988.8,sat
/home/michele/mltlsat/Benchmarks/random0/P0.95N3L65M100T100-6.mltl,0.384,41398.4,sat
/home/michele/mltlsat/Benchmarks/random0/P0.95N3L65M100T100-7.mltl,0.332,17012,sat
/home/michele/mltlsat/Benchmarks/random0/P0.95N3L65M100T100-8.mltl,0.404,38983.2,sat
/home/michele/mltlsat/Benchmarks/random0/P0.95N3L65M100T100-9.mltl,-1,-1,TO
/home/michele/mltlsat/Benchmarks/random0/P0.95N3L70M100T100-10.mltl,0.332,17332,sat
/home/michele/mltlsat/Benchmarks/random0/P0.95N3L70M100T100-1.mltl,0.342,17020,sat
/home/michele/mltlsat/Benchmarks/random0/P0.95N3L70M100T100-2.mltl,0.328,18234.4,sat
/home/michele/mltlsat/Benchmarks/random0/P0.95N3L70M100T100-3.mltl,0.308,18536,sat
/home/michele/mltlsat/Benchmarks/random0/P0.95N3L70M100T100-4.mltl,0.37,39228.8,sat
/home/michele/mltlsat/Benchmarks/random0/P0.95N3L70M100T100-5.mltl,3.642,76608,sat
/home/michele/mltlsat/Benchmarks/random0/P0.95N3L70M100T100-6.mltl,0.46,64635.2,sat
/home/michele/mltlsat/Benchmarks/random0/P0.95N3L70M100T100-7.mltl,0.33,17300,sat
/home/michele/mltlsat/Benchmarks/random0/P0.95N3L70M100T100-8.mltl,-1,-1,TO
/home/michele/mltlsat/Benchmarks/random0/P0.95N3L70M100T100-9.mltl,0.342,18884,sat
/home/michele/mltlsat/Benchmarks/random0/P0.95N3L75M100T100-10.mltl,4.5120000000000005,196741.6,sat
/home/michele/mltlsat/Benchmarks/random0/P0.95N3L75M100T100-1.mltl,1.982,70765.6,sat
/home/michele/mltlsat/Benchmarks/random0/P0.95N3L75M100T100-2.mltl,0.36,16990.4,sat
/home/michele/mltlsat/Benchmarks/random0/P0.95N3L75M100T100-3.mltl,0.386,38375.2,sat
/home/michele/mltlsat/Benchmarks/random0/P0.95N3L75M100T100-4.mltl,0.352,17621.6,sat
/home/michele/mltlsat/Benchmarks/random0/P0.95N3L75M100T100-5.mltl,-1,-1,TO
/home/michele/mltlsat/Benchmarks/random0/P0.95N3L75M100T100-6.mltl,23.46,670400.8,sat
/home/michele/mltlsat/Benchmarks/random0/P0.95N3L75M100T100-7.mltl,0.49,39881.6,sat
/home/michele/mltlsat/Benchmarks/random0/P0.95N3L75M100T100-8.mltl,0.366,23447.2,sat
/home/michele/mltlsat/Benchmarks/random0/P0.95N3L75M100T100-9.mltl,0.61,40205.6,sat
/home/michele/mltlsat/Benchmarks/random0/P0.95N3L80M100T100-10.mltl,-1,-1,TO
/home/michele/mltlsat/Benchmarks/random0/P0.95N3L80M100T100-1.mltl,2.324,45671.2,sat
/home/michele/mltlsat/Benchmarks/random0/P0.95N3L80M100T100-2.mltl,0.666,40165.6,sat
/home/michele/mltlsat/Benchmarks/random0/P0.95N3L80M100T100-3.mltl,-1,-1,TO
/home/michele/mltlsat/Benchmarks/random0/P0.95N3L80M100T100-4.mltl,0.608,38897.6,sat
/home/michele/mltlsat/Benchmarks/random0/P0.95N3L80M100T100-5.mltl,-1,-1,TO
/home/michele/mltlsat/Benchmarks/random0/P0.95N3L80M100T100-6.mltl,0.332,17313.6,sat
/home/michele/mltlsat/Benchmarks/random0/P0.95N3L80M100T100-7.mltl,0.39599999999999996,19160,sat
/home/michele/mltlsat/Benchmarks/random0/P0.95N3L80M100T100-8.mltl,0.346,17021.6,sat
/home/michele/mltlsat/Benchmarks/random0/P0.95N3L80M100T100-9.mltl,0.334,16999.2,sat
/home/michele/mltlsat/Benchmarks/random0/P0.95N3L85M100T100-10.mltl,0.366,37735.2,sat
/home/michele/mltlsat/Benchmarks/random0/P0.95N3L85M100T100-1.mltl,-1,-1,TO
/home/michele/mltlsat/Benchmarks/random0/P0.95N3L85M100T100-2.mltl,-1,-1,TO
/home/michele/mltlsat/Benchmarks/random0/P0.95N3L85M100T100-3.mltl,-1,-1,TO
/home/michele/mltlsat/Benchmarks/random0/P0.95N3L85M100T100-4.mltl,0.426,44644,sat
/home/michele/mltlsat/Benchmarks/random0/P0.95N3L85M100T100-5.mltl,0.386,39900,sat
/home/michele/mltlsat/Benchmarks/random0/P0.95N3L85M100T100-6.mltl,0.914,40776.8,sat
/home/michele/mltlsat/Benchmarks/random0/P0.95N3L85M100T100-7.mltl,0.338,21616,sat
/home/michele/mltlsat/Benchmarks/random0/P0.95N3L85M100T100-8.mltl,0.336,17933.6,sat
/home/michele/mltlsat/Benchmarks/random0/P0.95N3L85M100T100-9.mltl,0.35,22859.2,sat
/home/michele/mltlsat/Benchmarks/random0/P0.95N3L90M100T100-10.mltl,-1,-1,TO
/home/michele/mltlsat/Benchmarks/random0/P0.95N3L90M100T100-1.mltl,0.492,66193.6,sat
/home/michele/mltlsat/Benchmarks/random0/P0.95N3L90M100T100-2.mltl,-1,-1,TO
/home/michele/mltlsat/Benchmarks/random0/P0.95N3L90M100T100-3.mltl,0.352,37684,sat
/home/michele/mltlsat/Benchmarks/random0/P0.95N3L90M100T100-4.mltl,-1,-1,TO
/home/michele/mltlsat/Benchmarks/random0/P0.95N3L90M100T100-5.mltl,-1,-1,TO
/home/michele/mltlsat/Benchmarks/random0/P0.95N3L90M100T100-6.mltl,0.35,20092.8,sat
/home/michele/mltlsat/Benchmarks/random0/P0.95N3L90M100T100-7.mltl,0.364,37725.6,sat
/home/michele/mltlsat/Benchmarks/random0/P0.95N3L90M100T100-8.mltl,0.326,17626.4,sat
/home/michele/mltlsat/Benchmarks/random0/P0.95N3L90M100T100-9.mltl,0.332,17625.6,sat
/home/michele/mltlsat/Benchmarks/random0/P0.95N3L95M100T100-10.mltl,0.382,39565.6,sat
/home/michele/mltlsat/Benchmarks/random0/P0.95N3L95M100T100-1.mltl,0.36,38051.2,sat
/home/michele/mltlsat/Benchmarks/random0/P0.95N3L95M100T100-2.mltl,1.638,81562.4,sat
/home/michele/mltlsat/Benchmarks/random0/P0.95N3L95M100T100-3.mltl,0.364,38010.4,sat
/home/michele/mltlsat/Benchmarks/random0/P0.95N3L95M100T100-4.mltl,-1,-1,TO
/home/michele/mltlsat/Benchmarks/random0/P0.95N3L95M100T100-5.mltl,-1,-1,TO
/home/michele/mltlsat/Benchmarks/random0/P0.95N3L95M100T100-6.mltl,12.996,71519.2,sat
/home/michele/mltlsat/Benchmarks/random0/P0.95N3L95M100T100-7.mltl,56.3,112857.6,sat
/home/michele/mltlsat/Benchmarks/random0/P0.95N3L95M100T100-8.mltl,0.37,38040,sat
/home/michele/mltlsat/Benchmarks/random0/P0.95N3L95M100T100-9.mltl,-1,-1,TO
/home/michele/mltlsat/Benchmarks/random0/P0.95N4L100M100T100-10.mltl,4.262,49320.8,sat
/home/michele/mltlsat/Benchmarks/random0/P0.95N4L100M100T100-1.mltl,0.366,37432,sat
/home/michele/mltlsat/Benchmarks/random0/P0.95N4L100M100T100-2.mltl,0.37,38030.4,sat
/home/michele/mltlsat/Benchmarks/random0/P0.95N4L100M100T100-3.mltl,0.646,39571.2,sat
/home/michele/mltlsat/Benchmarks/random0/P0.95N4L100M100T100-4.mltl,-1,-1,TO
/home/michele/mltlsat/Benchmarks/random0/P0.95N4L100M100T100-5.mltl,2.716,406554.4,sat
/home/michele/mltlsat/Benchmarks/random0/P0.95N4L100M100T100-6.mltl,0.346,17017.6,sat
/home/michele/mltlsat/Benchmarks/random0/P0.95N4L100M100T100-7.mltl,0.416,41600.8,sat
/home/michele/mltlsat/Benchmarks/random0/P0.95N4L100M100T100-8.mltl,0.328,17316.8,sat
/home/michele/mltlsat/Benchmarks/random0/P0.95N4L100M100T100-9.mltl,0.386,38654.4,sat
/home/michele/mltlsat/Benchmarks/random0/P0.95N4L10M100T100-10.mltl,0.33999999999999997,17602.4,sat
/home/michele/mltlsat/Benchmarks/random0/P0.95N4L10M100T100-1.mltl,0.336,16992.8,sat
/home/michele/mltlsat/Benchmarks/random0/P0.95N4L10M100T100-2.mltl,1.982,65298.4,sat
/home/michele/mltlsat/Benchmarks/random0/P0.95N4L10M100T100-3.mltl,0.332,16992,sat
/home/michele/mltlsat/Benchmarks/random0/P0.95N4L10M100T100-4.mltl,0.324,16996.8,sat
/home/michele/mltlsat/Benchmarks/random0/P0.95N4L10M100T100-5.mltl,0.322,17597.6,sat
/home/michele/mltlsat/Benchmarks/random0/P0.95N4L10M100T100-6.mltl,0.352,17010.4,sat
/home/michele/mltlsat/Benchmarks/random0/P0.95N4L10M100T100-7.mltl,0.368,21954.4,sat
/home/michele/mltlsat/Benchmarks/random0/P0.95N4L10M100T100-8.mltl,0.348,16996,sat
/home/michele/mltlsat/Benchmarks/random0/P0.95N4L10M100T100-9.mltl,0.368,17022.4,sat
/home/michele/mltlsat/Benchmarks/random0/P0.95N4L15M100T100-10.mltl,0.368,35249.6,sat
/home/michele/mltlsat/Benchmarks/random0/P0.95N4L15M100T100-1.mltl,0.358,22251.2,sat
/home/michele/mltlsat/Benchmarks/random0/P0.95N4L15M100T100-2.mltl,0.364,17012.8,sat
/home/michele/mltlsat/Benchmarks/random0/P0.95N4L15M100T100-3.mltl,0.372,17008.8,sat
/home/michele/mltlsat/Benchmarks/random0/P0.95N4L15M100T100-4.mltl,0.372,17004,sat
/home/michele/mltlsat/Benchmarks/random0/P0.95N4L15M100T100-5.mltl,0.38,17011.2,sat
/home/michele/mltlsat/Benchmarks/random0/P0.95N4L15M100T100-6.mltl,0.40399999999999997,36207.2,sat
/home/michele/mltlsat/Benchmarks/random0/P0.95N4L15M100T100-7.mltl,0.398,17015.2,sat
/home/michele/mltlsat/Benchmarks/random0/P0.95N4L15M100T100-8.mltl,0.42,36517.6,sat
/home/michele/mltlsat/Benchmarks/random0/P0.95N4L15M100T100-9.mltl,0.388,16996,sat
/home/michele/mltlsat/Benchmarks/random0/P0.95N4L20M100T100-10.mltl,0.496,40048,sat
/home/michele/mltlsat/Benchmarks/random0/P0.95N4L20M100T100-1.mltl,0.474,38340,sat
/home/michele/mltlsat/Benchmarks/random0/P0.95N4L20M100T100-2.mltl,0.40599999999999997,17326.4,sat
/home/michele/mltlsat/Benchmarks/random0/P0.95N4L20M100T100-3.mltl,0.444,38341.6,sat
/home/michele/mltlsat/Benchmarks/random0/P0.95N4L20M100T100-4.mltl,0.412,17012,sat
/home/michele/mltlsat/Benchmarks/random0/P0.95N4L20M100T100-5.mltl,0.43,16998.4,sat
/home/michele/mltlsat/Benchmarks/random0/P0.95N4L20M100T100-6.mltl,0.506,38336,sat
/home/michele/mltlsat/Benchmarks/random0/P0.95N4L20M100T100-7.mltl,0.46799999999999997,17018.4,sat
/home/michele/mltlsat/Benchmarks/random0/P0.95N4L20M100T100-8.mltl,0.484,18241.6,sat
/home/michele/mltlsat/Benchmarks/random0/P0.95N4L20M100T100-9.mltl,0.47,17020,sat
/home/michele/mltlsat/Benchmarks/random0/P0.95N4L25M100T100-10.mltl,0.554,18836.8,sat
/home/michele/mltlsat/Benchmarks/random0/P0.95N4L25M100T100-1.mltl,0.502,17020.8,sat
/home/michele/mltlsat/Benchmarks/random0/P0.95N4L25M100T100-2.mltl,0.606,37084.8,sat
/home/michele/mltlsat/Benchmarks/random0/P0.95N4L25M100T100-3.mltl,0.528,17328.8,sat
/home/michele/mltlsat/Benchmarks/random0/P0.95N4L25M100T100-4.mltl,0.55,16998.4,sat
/home/michele/mltlsat/Benchmarks/random0/P0.95N4L25M100T100-5.mltl,0.58,17028.8,sat
/home/michele/mltlsat/Benchmarks/random0/P0.95N4L25M100T100-6.mltl,0.582,17002.4,sat
/home/michele/mltlsat/Benchmarks/random0/P0.95N4L25M100T100-7.mltl,0.594,34598.4,sat
/home/michele/mltlsat/Benchmarks/random0/P0.95N4L25M100T100-8.mltl,0.594,20410.4,sat
/home/michele/mltlsat/Benchmarks/random0/P0.95N4L25M100T100-9.mltl,0.592,16997.6,sat
/home/michele/mltlsat/Benchmarks/random0/P0.95N4L30M100T100-10.mltl,0.686,38369.6,sat
/home/michele/mltlsat/Benchmarks/random0/P0.95N4L30M100T100-1.mltl,2.18,42940.8,sat
/home/michele/mltlsat/Benchmarks/random0/P0.95N4L30M100T100-2.mltl,0.56,17310.4,sat
/home/michele/mltlsat/Benchmarks/random0/P0.95N4L30M100T100-3.mltl,0.584,17612,sat
/home/michele/mltlsat/Benchmarks/random0/P0.95N4L30M100T100-4.mltl,0.586,16992.8,sat
/home/michele/mltlsat/Benchmarks/random0/P0.95N4L30M100T100-5.mltl,0.5599999999999999,16987.2,sat
/home/michele/mltlsat/Benchmarks/random0/P0.95N4L30M100T100-6.mltl,0.63,37728,sat
/home/michele/mltlsat/Benchmarks/random0/P0.95N4L30M100T100-7.mltl,-1,-1,TO
/home/michele/mltlsat/Benchmarks/random0/P0.95N4L30M100T100-8.mltl,0.848,56944.8,sat
/home/michele/mltlsat/Benchmarks/random0/P0.95N4L30M100T100-9.mltl,0.62,19473.6,sat
/home/michele/mltlsat/Benchmarks/random0/P0.95N4L35M100T100-10.mltl,0.588,17640.8,sat
/home/michele/mltlsat/Benchmarks/random0/P0.95N4L35M100T100-1.mltl,0.872,41097.6,sat
/home/michele/mltlsat/Benchmarks/random0/P0.95N4L35M100T100-2.mltl,0.5660000000000001,17628,sat
/home/michele/mltlsat/Benchmarks/random0/P0.95N4L35M100T100-3.mltl,0.582,17324.8,sat
/home/michele/mltlsat/Benchmarks/random0/P0.95N4L35M100T100-4.mltl,0.56,17303.2,sat
/home/michele/mltlsat/Benchmarks/random0/P0.95N4L35M100T100-5.mltl,-1,-1,TO
/home/michele/mltlsat/Benchmarks/random0/P0.95N4L35M100T100-6.mltl,-1,-1,TO
/home/michele/mltlsat/Benchmarks/random0/P0.95N4L35M100T100-7.mltl,0.336,17319.2,sat
/home/michele/mltlsat/Benchmarks/random0/P0.95N4L35M100T100-8.mltl,0.33,18846.4,sat
/home/michele/mltlsat/Benchmarks/random0/P0.95N4L35M100T100-9.mltl,0.8,42644.8,sat
/home/michele/mltlsat/Benchmarks/random0/P0.95N4L40M100T100-10.mltl,0.366,38046.4,sat
/home/michele/mltlsat/Benchmarks/random0/P0.95N4L40M100T100-1.mltl,0.322,16991.2,sat
/home/michele/mltlsat/Benchmarks/random0/P0.95N4L40M100T100-2.mltl,0.348,36777.6,sat
/home/michele/mltlsat/Benchmarks/random0/P0.95N4L40M100T100-3.mltl,0.34199999999999997,38367.2,sat
/home/michele/mltlsat/Benchmarks/random0/P0.95N4L40M100T100-4.mltl,0.5640000000000001,39593.6,sat
/home/michele/mltlsat/Benchmarks/random0/P0.95N4L40M100T100-5.mltl,0.61,40779.2,sat
/home/michele/mltlsat/Benchmarks/random0/P0.95N4L40M100T100-6.mltl,0.324,34897.6,sat
/home/michele/mltlsat/Benchmarks/random0/P0.95N4L40M100T100-7.mltl,0.334,36147.2,sat
/home/michele/mltlsat/Benchmarks/random0/P0.95N4L40M100T100-8.mltl,-1,-1,TO
/home/michele/mltlsat/Benchmarks/random0/P0.95N4L40M100T100-9.mltl,0.32,17296.8,sat
/home/michele/mltlsat/Benchmarks/random0/P0.95N4L45M100T100-10.mltl,0.362,19784.8,sat
/home/michele/mltlsat/Benchmarks/random0/P0.95N4L45M100T100-1.mltl,0.482,64622.4,sat
/home/michele/mltlsat/Benchmarks/random0/P0.95N4L45M100T100-2.mltl,-1,-1,TO
/home/michele/mltlsat/Benchmarks/random0/P0.95N4L45M100T100-3.mltl,0.374,38010.4,sat
/home/michele/mltlsat/Benchmarks/random0/P0.95N4L45M100T100-4.mltl,0.322,17316,unsat
/home/michele/mltlsat/Benchmarks/random0/P0.95N4L45M100T100-5.mltl,0.352,36805.6,sat
/home/michele/mltlsat/Benchmarks/random0/P0.95N4L45M100T100-6.mltl,0.392,39221.6,sat
/home/michele/mltlsat/Benchmarks/random0/P0.95N4L45M100T100-7.mltl,0.492,40189.6,sat
/home/michele/mltlsat/Benchmarks/random0/P0.95N4L45M100T100-8.mltl,0.368,19171.2,sat
/home/michele/mltlsat/Benchmarks/random0/P0.95N4L45M100T100-9.mltl,-1,-1,TO
/home/michele/mltlsat/Benchmarks/random0/P0.95N4L50M100T100-10.mltl,0.35,38644,sat
/home/michele/mltlsat/Benchmarks/random0/P0.95N4L50M100T100-1.mltl,0.374,38052,sat
/home/michele/mltlsat/Benchmarks/random0/P0.95N4L50M100T100-2.mltl,14.658,52800,sat
/home/michele/mltlsat/Benchmarks/random0/P0.95N4L50M100T100-3.mltl,-1,-1,TO
/home/michele/mltlsat/Benchmarks/random0/P0.95N4L50M100T100-4.mltl,-1,-1,TO
/home/michele/mltlsat/Benchmarks/random0/P0.95N4L50M100T100-5.mltl,0.414,38058.4,sat
/home/michele/mltlsat/Benchmarks/random0/P0.95N4L50M100T100-6.mltl,-1,-1,TO
/home/michele/mltlsat/Benchmarks/random0/P0.95N4L50M100T100-7.mltl,-1,-1,TO
/home/michele/mltlsat/Benchmarks/random0/P0.95N4L50M100T100-8.mltl,0.35000000000000003,22839.2,sat
/home/michele/mltlsat/Benchmarks/random0/P0.95N4L50M100T100-9.mltl,0.332,34650.4,sat
/home/michele/mltlsat/Benchmarks/random0/P0.95N4L55M100T100-10.mltl,0.336,17310.4,sat
/home/michele/mltlsat/Benchmarks/random0/P0.95N4L55M100T100-1.mltl,0.346,17027.2,sat
/home/michele/mltlsat/Benchmarks/random0/P0.95N4L55M100T100-2.mltl,0.346,16979.2,sat
/home/michele/mltlsat/Benchmarks/random0/P0.95N4L55M100T100-3.mltl,0.336,17313.6,sat
/home/michele/mltlsat/Benchmarks/random0/P0.95N4L55M100T100-4.mltl,0.348,17000,sat
/home/michele/mltlsat/Benchmarks/random0/P0.95N4L55M100T100-5.mltl,3.342,213608.8,sat
/home/michele/mltlsat/Benchmarks/random0/P0.95N4L55M100T100-6.mltl,-1,-1,TO
/home/michele/mltlsat/Benchmarks/random0/P0.95N4L55M100T100-7.mltl,-1,-1,TO
/home/michele/mltlsat/Benchmarks/random0/P0.95N4L55M100T100-8.mltl,1.0,55424,sat
/home/michele/mltlsat/Benchmarks/random0/P0.95N4L55M100T100-9.mltl,0.348,17020.8,sat
/home/michele/mltlsat/Benchmarks/random0/P0.95N4L5M100T100-10.mltl,0.338,17002.4,sat
/home/michele/mltlsat/Benchmarks/random0/P0.95N4L5M100T100-1.mltl,0.334,17334.4,sat
/home/michele/mltlsat/Benchmarks/random0/P0.95N4L5M100T100-2.mltl,0.314,18545.6,sat
/home/michele/mltlsat/Benchmarks/random0/P0.95N4L5M100T100-3.mltl,0.32,18550.4,sat
/home/michele/mltlsat/Benchmarks/random0/P0.95N4L5M100T100-4.mltl,0.318,18256.8,sat
/home/michele/mltlsat/Benchmarks/random0/P0.95N4L5M100T100-5.mltl,0.32,17921.6,sat
/home/michele/mltlsat/Benchmarks/random0/P0.95N4L5M100T100-6.mltl,0.334,17916,sat
/home/michele/mltlsat/Benchmarks/random0/P0.95N4L5M100T100-7.mltl,0.34400000000000003,17027.2,sat
/home/michele/mltlsat/Benchmarks/random0/P0.95N4L5M100T100-8.mltl,0.342,17295.2,sat
/home/michele/mltlsat/Benchmarks/random0/P0.95N4L5M100T100-9.mltl,0.334,17012,sat
/home/michele/mltlsat/Benchmarks/random0/P0.95N4L60M100T100-10.mltl,0.35,22532,sat
/home/michele/mltlsat/Benchmarks/random0/P0.95N4L60M100T100-1.mltl,0.338,16991.2,sat
/home/michele/mltlsat/Benchmarks/random0/P0.95N4L60M100T100-2.mltl,33.384,93812,sat
/home/michele/mltlsat/Benchmarks/random0/P0.95N4L60M100T100-3.mltl,0.326,16997.6,sat
/home/michele/mltlsat/Benchmarks/random0/P0.95N4L60M100T100-4.mltl,-1,-1,TO
/home/michele/mltlsat/Benchmarks/random0/P0.95N4L60M100T100-5.mltl,0.34400000000000003,17013.6,sat
/home/michele/mltlsat/Benchmarks/random0/P0.95N4L60M100T100-6.mltl,1.554,43275.2,sat
/home/michele/mltlsat/Benchmarks/random0/P0.95N4L60M100T100-7.mltl,62.806,247735.2,sat
/home/michele/mltlsat/Benchmarks/random0/P0.95N4L60M100T100-8.mltl,0.444,38354.4,sat
/home/michele/mltlsat/Benchmarks/random0/P0.95N4L60M100T100-9.mltl,-1,-1,TO
/home/michele/mltlsat/Benchmarks/random0/P0.95N4L65M100T100-10.mltl,1.286,59705.6,sat
/home/michele/mltlsat/Benchmarks/random0/P0.95N4L65M100T100-1.mltl,0.33,20402.4,sat
/home/michele/mltlsat/Benchmarks/random0/P0.95N4L65M100T100-2.mltl,-1,-1,TO
/home/michele/mltlsat/Benchmarks/random0/P0.95N4L65M100T100-3.mltl,0.362,38315.2,sat
/home/michele/mltlsat/Benchmarks/random0/P0.95N4L65M100T100-4.mltl,0.318,17296,sat
/home/michele/mltlsat/Benchmarks/random0/P0.95N4L65M100T100-5.mltl,1.828,48462.4,sat
/home/michele/mltlsat/Benchmarks/random0/P0.95N4L65M100T100-6.mltl,0.444,38028,sat
/home/michele/mltlsat/Benchmarks/random0/P0.95N4L65M100T100-7.mltl,-1,-1,TO
/home/michele/mltlsat/Benchmarks/random0/P0.95N4L65M100T100-8.mltl,8.322,168459.2,sat
/home/michele/mltlsat/Benchmarks/random0/P0.95N4L65M100T100-9.mltl,0.328,16988.8,sat
/home/michele/mltlsat/Benchmarks/random0/P0.95N4L70M100T100-10.mltl,-1,-1,TO
/home/michele/mltlsat/Benchmarks/random0/P0.95N4L70M100T100-1.mltl,-1,-1,TO
/home/michele/mltlsat/Benchmarks/random0/P0.95N4L70M100T100-2.mltl,1.666,68908.8,sat
/home/michele/mltlsat/Benchmarks/random0/P0.95N4L70M100T100-3.mltl,0.342,20699.2,sat
/home/michele/mltlsat/Benchmarks/random0/P0.95N4L70M100T100-4.mltl,-1,-1,TO
/home/michele/mltlsat/Benchmarks/random0/P0.95N4L70M100T100-5.mltl,0.336,29636.8,sat
/home/michele/mltlsat/Benchmarks/random0/P0.95N4L70M100T100-6.mltl,0.45,55400,sat
/home/michele/mltlsat/Benchmarks/random0/P0.95N4L70M100T100-7.mltl,0.956,47730.4,sat
/home/michele/mltlsat/Benchmarks/random0/P0.95N4L70M100T100-8.mltl,66.69,130368,sat
/home/michele/mltlsat/Benchmarks/random0/P0.95N4L70M100T100-9.mltl,0.402,38642.4,sat
/home/michele/mltlsat/Benchmarks/random0/P0.95N4L75M100T100-10.mltl,-1,-1,TO
/home/michele/mltlsat/Benchmarks/random0/P0.95N4L75M100T100-1.mltl,4.834,88273.6,sat
/home/michele/mltlsat/Benchmarks/random0/P0.95N4L75M100T100-2.mltl,-1,-1,TO
/home/michele/mltlsat/Benchmarks/random0/P0.95N4L75M100T100-3.mltl,0.574,41409.6,sat
/home/michele/mltlsat/Benchmarks/random0/P0.95N4L75M100T100-4.mltl,0.352,34644.8,sat
/home/michele/mltlsat/Benchmarks/random0/P0.95N4L75M100T100-5.mltl,5.99,56958.4,sat
/home/michele/mltlsat/Benchmarks/random0/P0.95N4L75M100T100-6.mltl,-1,-1,TO
/home/michele/mltlsat/Benchmarks/random0/P0.95N4L75M100T100-7.mltl,4.24,178276.8,sat
/home/michele/mltlsat/Benchmarks/random0/P0.95N4L75M100T100-8.mltl,-1,-1,TO
/home/michele/mltlsat/Benchmarks/random0/P0.95N4L75M100T100-9.mltl,-1,-1,TO
/home/michele/mltlsat/Benchmarks/random0/P0.95N4L80M100T100-10.mltl,0.33799999999999997,17002.4,sat
/home/michele/mltlsat/Benchmarks/random0/P0.95N4L80M100T100-1.mltl,0.40599999999999997,38353.6,sat
/home/michele/mltlsat/Benchmarks/random0/P0.95N4L80M100T100-2.mltl,6.898000000000001,78228,sat
/home/michele/mltlsat/Benchmarks/random0/P0.95N4L80M100T100-3.mltl,0.354,38339.2,sat
/home/michele/mltlsat/Benchmarks/random0/P0.95N4L80M100T100-4.mltl,0.372,38696,sat
/home/michele/mltlsat/Benchmarks/random0/P0.95N4L80M100T100-5.mltl,-1,-1,TO
/home/michele/mltlsat/Benchmarks/random0/P0.95N4L80M100T100-6.mltl,0.34400000000000003,35205.6,sat
/home/michele/mltlsat/Benchmarks/random0/P0.95N4L80M100T100-7.mltl,0.556,99959.2,sat
/home/michele/mltlsat/Benchmarks/random0/P0.95N4L80M100T100-8.mltl,0.372,39891.2,sat
/home/michele/mltlsat/Benchmarks/random0/P0.95N4L80M100T100-9.mltl,0.374,38358.4,sat
/home/michele/mltlsat/Benchmarks/random0/P0.95N4L85M100T100-10.mltl,0.342,21611.2,sat
/home/michele/mltlsat/Benchmarks/random0/P0.95N4L85M100T100-1.mltl,0.348,37699.2,sat
/home/michele/mltlsat/Benchmarks/random0/P0.95N4L85M100T100-2.mltl,0.334,27820.8,sat
/home/michele/mltlsat/Benchmarks/random0/P0.95N4L85M100T100-3.mltl,6.672000000000001,69237.6,sat
/home/michele/mltlsat/Benchmarks/random0/P0.95N4L85M100T100-4.mltl,0.326,17307.2,sat
/home/michele/mltlsat/Benchmarks/random0/P0.95N4L85M100T100-5.mltl,0.402,38641.6,sat
/home/michele/mltlsat/Benchmarks/random0/P0.95N4L85M100T100-6.mltl,-1,-1,TO
/home/michele/mltlsat/Benchmarks/random0/P0.95N4L85M100T100-7.mltl,0.358,37743.2,sat
/home/michele/mltlsat/Benchmarks/random0/P0.95N4L85M100T100-8.mltl,-1,-1,TO
/home/michele/mltlsat/Benchmarks/random0/P0.95N4L85M100T100-9.mltl,0.674,44180.8,sat
/home/michele/mltlsat/Benchmarks/random0/P0.95N4L90M100T100-10.mltl,0.344,16975.2,sat
/home/michele/mltlsat/Benchmarks/random0/P0.95N4L90M100T100-1.mltl,-1,-1,TO
/home/michele/mltlsat/Benchmarks/random0/P0.95N4L90M100T100-2.mltl,0.332,17310.4,sat
/home/michele/mltlsat/Benchmarks/random0/P0.95N4L90M100T100-3.mltl,1.05,43293.6,sat
/home/michele/mltlsat/Benchmarks/random0/P0.95N4L90M100T100-4.mltl,0.33999999999999997,17298.4,sat
/home/michele/mltlsat/Benchmarks/random0/P0.95N4L90M100T100-5.mltl,0.34400000000000003,17027.2,sat
/home/michele/mltlsat/Benchmarks/random0/P0.95N4L90M100T100-6.mltl,1.18,42900.8,sat
/home/michele/mltlsat/Benchmarks/random0/P0.95N4L90M100T100-7.mltl,-1,-1,TO
/home/michele/mltlsat/Benchmarks/random0/P0.95N4L90M100T100-8.mltl,0.344,16998.4,sat
/home/michele/mltlsat/Benchmarks/random0/P0.95N4L90M100T100-9.mltl,-1,-1,TO
/home/michele/mltlsat/Benchmarks/random0/P0.95N4L95M100T100-10.mltl,0.35,38348.8,sat
/home/michele/mltlsat/Benchmarks/random0/P0.95N4L95M100T100-1.mltl,0.368,19776.8,sat
/home/michele/mltlsat/Benchmarks/random0/P0.95N4L95M100T100-2.mltl,0.712,104252,sat
/home/michele/mltlsat/Benchmarks/random0/P0.95N4L95M100T100-3.mltl,0.332,17335.2,sat
/home/michele/mltlsat/Benchmarks/random0/P0.95N4L95M100T100-4.mltl,-1,-1,TO
/home/michele/mltlsat/Benchmarks/random0/P0.95N4L95M100T100-5.mltl,8.28,1637808,sat
/home/michele/mltlsat/Benchmarks/random0/P0.95N4L95M100T100-6.mltl,0.322,18232.8,sat
/home/michele/mltlsat/Benchmarks/random0/P0.95N4L95M100T100-7.mltl,0.34199999999999997,17313.6,sat
/home/michele/mltlsat/Benchmarks/random0/P0.95N4L95M100T100-8.mltl,12.518,66198.4,sat
/home/michele/mltlsat/Benchmarks/random0/P0.95N4L95M100T100-9.mltl,0.344,16998.4,sat
/home/michele/mltlsat/Benchmarks/random0/P0.95N5L100M100T100-10.mltl,0.334,17019.2,sat
/home/michele/mltlsat/Benchmarks/random0/P0.95N5L100M100T100-1.mltl,-1,-1,TO
/home/michele/mltlsat/Benchmarks/random0/P0.95N5L100M100T100-2.mltl,52.972,2436189.6,sat
/home/michele/mltlsat/Benchmarks/random0/P0.95N5L100M100T100-3.mltl,2.55,75080,sat
/home/michele/mltlsat/Benchmarks/random0/P0.95N5L100M100T100-4.mltl,-1,-1,TO
/home/michele/mltlsat/Benchmarks/random0/P0.95N5L100M100T100-5.mltl,-1,-1,TO
/home/michele/mltlsat/Benchmarks/random0/P0.95N5L100M100T100-6.mltl,-1,-1,TO
/home/michele/mltlsat/Benchmarks/random0/P0.95N5L100M100T100-7.mltl,66.614,113121.2,sat
/home/michele/mltlsat/Benchmarks/random0/P0.95N5L100M100T100-8.mltl,9.544,475656.8,sat
/home/michele/mltlsat/Benchmarks/random0/P0.95N5L100M100T100-9.mltl,0.354,16997.6,sat
/home/michele/mltlsat/Benchmarks/random0/P0.95N5L10M100T100-10.mltl,0.32,17012.8,sat
/home/michele/mltlsat/Benchmarks/random0/P0.95N5L10M100T100-1.mltl,0.34199999999999997,17624,sat
/home/michele/mltlsat/Benchmarks/random0/P0.95N5L10M100T100-2.mltl,0.348,17017.6,sat
/home/michele/mltlsat/Benchmarks/random0/P0.95N5L10M100T100-3.mltl,0.336,17000,sat
/home/michele/mltlsat/Benchmarks/random0/P0.95N5L10M100T100-4.mltl,0.334,17016,sat
/home/michele/mltlsat/Benchmarks/random0/P0.95N5L10M100T100-5.mltl,0.326,18224,sat
/home/michele/mltlsat/Benchmarks/random0/P0.95N5L10M100T100-6.mltl,0.316,17942.4,sat
/home/michele/mltlsat/Benchmarks/random0/P0.95N5L10M100T100-7.mltl,0.346,17013.6,sat
/home/michele/mltlsat/Benchmarks/random0/P0.95N5L10M100T100-8.mltl,0.374,38348.8,sat
/home/michele/mltlsat/Benchmarks/random0/P0.95N5L10M100T100-9.mltl,0.338,17324.8,sat
/home/michele/mltlsat/Benchmarks/random0/P0.95N5L15M100T100-10.mltl,0.336,16979.2,sat
/home/michele/mltlsat/Benchmarks/random0/P0.95N5L15M100T100-1.mltl,0.33,27484.8,sat
/home/michele/mltlsat/Benchmarks/random0/P0.95N5L15M100T100-2.mltl,0.326,17634.4,sat
/home/michele/mltlsat/Benchmarks/random0/P0.95N5L15M100T100-3.mltl,0.35,17003.2,sat
/home/michele/mltlsat/Benchmarks/random0/P0.95N5L15M100T100-4.mltl,0.336,17955.2,sat
/home/michele/mltlsat/Benchmarks/random0/P0.95N5L15M100T100-5.mltl,0.34199999999999997,16996.8,sat
/home/michele/mltlsat/Benchmarks/random0/P0.95N5L15M100T100-6.mltl,0.342,34347.2,sat
/home/michele/mltlsat/Benchmarks/random0/P0.95N5L15M100T100-7.mltl,0.34199999999999997,17318.4,sat
/home/michele/mltlsat/Benchmarks/random0/P0.95N5L15M100T100-8.mltl,0.358,20073.6,sat
/home/michele/mltlsat/Benchmarks/random0/P0.95N5L15M100T100-9.mltl,0.344,17309.6,sat
/home/michele/mltlsat/Benchmarks/random0/P0.95N5L20M100T100-10.mltl,0.47200000000000003,38348,sat
/home/michele/mltlsat/Benchmarks/random0/P0.95N5L20M100T100-1.mltl,0.386,19147.2,sat
/home/michele/mltlsat/Benchmarks/random0/P0.95N5L20M100T100-2.mltl,0.364,17010.4,sat
/home/michele/mltlsat/Benchmarks/random0/P0.95N5L20M100T100-3.mltl,0.358,17012.8,sat
/home/michele/mltlsat/Benchmarks/random0/P0.95N5L20M100T100-4.mltl,0.384,17025.6,sat
/home/michele/mltlsat/Benchmarks/random0/P0.95N5L20M100T100-5.mltl,0.386,17016.8,sat
/home/michele/mltlsat/Benchmarks/random0/P0.95N5L20M100T100-6.mltl,0.408,36488,sat
/home/michele/mltlsat/Benchmarks/random0/P0.95N5L20M100T100-7.mltl,0.426,19149.6,sat
/home/michele/mltlsat/Benchmarks/random0/P0.95N5L20M100T100-8.mltl,0.412,17002.4,sat
/home/michele/mltlsat/Benchmarks/random0/P0.95N5L20M100T100-9.mltl,0.42,17001.6,sat
/home/michele/mltlsat/Benchmarks/random0/P0.95N5L25M100T100-10.mltl,0.434,35574.4,sat
/home/michele/mltlsat/Benchmarks/random0/P0.95N5L25M100T100-1.mltl,0.46,37113.6,sat
/home/michele/mltlsat/Benchmarks/random0/P0.95N5L25M100T100-2.mltl,0.438,16704,sat
/home/michele/mltlsat/Benchmarks/random0/P0.95N5L25M100T100-3.mltl,0.414,16713.6,sat
/home/michele/mltlsat/Benchmarks/random0/P0.95N5L25M100T100-4.mltl,1.234,40209.6,sat
/home/michele/mltlsat/Benchmarks/random0/P0.95N5L25M100T100-5.mltl,0.454,17004,sat
/home/michele/mltlsat/Benchmarks/random0/P0.95N5L25M100T100-6.mltl,0.48,17020,sat
/home/michele/mltlsat/Benchmarks/random0/P0.95N5L25M100T100-7.mltl,0.486,36220.8,sat
/home/michele/mltlsat/Benchmarks/random0/P0.95N5L25M100T100-8.mltl,0.476,38362.4,sat
/home/michele/mltlsat/Benchmarks/random0/P0.95N5L25M100T100-9.mltl,0.452,17004,sat
/home/michele/mltlsat/Benchmarks/random0/P0.95N5L30M100T100-10.mltl,0.454,17016,sat
/home/michele/mltlsat/Benchmarks/random0/P0.95N5L30M100T100-1.mltl,0.474,17014.4,sat
/home/michele/mltlsat/Benchmarks/random0/P0.95N5L30M100T100-2.mltl,0.452,17001.6,sat
/home/michele/mltlsat/Benchmarks/random0/P0.95N5L30M100T100-3.mltl,1.312,42676.8,sat
/home/michele/mltlsat/Benchmarks/random0/P0.95N5L30M100T100-4.mltl,0.44,17012,sat
/home/michele/mltlsat/Benchmarks/random0/P0.95N5L30M100T100-5.mltl,0.626,38009.6,sat
/home/michele/mltlsat/Benchmarks/random0/P0.95N5L30M100T100-6.mltl,0.604,38021.6,sat
/home/michele/mltlsat/Benchmarks/random0/P0.95N5L30M100T100-7.mltl,0.478,17326.4,sat
/home/michele/mltlsat/Benchmarks/random0/P0.95N5L30M100T100-8.mltl,1.044,39520,sat
/home/michele/mltlsat/Benchmarks/random0/P0.95N5L30M100T100-9.mltl,0.506,17004,sat
/home/michele/mltlsat/Benchmarks/random0/P0.95N5L35M100T100-10.mltl,0.568,17008,sat
/home/michele/mltlsat/Benchmarks/random0/P0.95N5L35M100T100-1.mltl,-1,-1,TO
/home/michele/mltlsat/Benchmarks/random0/P0.95N5L35M100T100-2.mltl,0.576,17016,sat
/home/michele/mltlsat/Benchmarks/random0/P0.95N5L35M100T100-3.mltl,0.56,25960,sat
/home/michele/mltlsat/Benchmarks/random0/P0.95N5L35M100T100-4.mltl,0.604,38016.8,sat
/home/michele/mltlsat/Benchmarks/random0/P0.95N5L35M100T100-5.mltl,0.754,39572.8,sat
/home/michele/mltlsat/Benchmarks/random0/P0.95N5L35M100T100-6.mltl,3.426,40759.2,sat
/home/michele/mltlsat/Benchmarks/random0/P0.95N5L35M100T100-7.mltl,0.508,17008,sat
/home/michele/mltlsat/Benchmarks/random0/P0.95N5L35M100T100-8.mltl,0.5499999999999999,17004,sat
/home/michele/mltlsat/Benchmarks/random0/P0.95N5L35M100T100-9.mltl,1.092,52343.2,sat
/home/michele/mltlsat/Benchmarks/random0/P0.95N5L40M100T100-10.mltl,0.574,17006.4,sat
/home/michele/mltlsat/Benchmarks/random0/P0.95N5L40M100T100-1.mltl,-1,-1,TO
/home/michele/mltlsat/Benchmarks/random0/P0.95N5L40M100T100-2.mltl,11.958,55426.4,sat
/home/michele/mltlsat/Benchmarks/random0/P0.95N5L40M100T100-3.mltl,0.356,17314.4,sat
/home/michele/mltlsat/Benchmarks/random0/P0.95N5L40M100T100-4.mltl,0.352,17012,sat
/home/michele/mltlsat/Benchmarks/random0/P0.95N5L40M100T100-5.mltl,0.346,16997.6,sat
/home/michele/mltlsat/Benchmarks/random0/P0.95N5L40M100T100-6.mltl,0.364,21612.8,sat
/home/michele/mltlsat/Benchmarks/random0/P0.95N5L40M100T100-7.mltl,0.35,36456,sat
/home/michele/mltlsat/Benchmarks/random0/P0.95N5L40M100T100-8.mltl,6.454,48767.2,sat
/home/michele/mltlsat/Benchmarks/random0/P0.95N5L40M100T100-9.mltl,0.358,17013.6,sat
/home/michele/mltlsat/Benchmarks/random0/P0.95N5L45M100T100-10.mltl,0.356,36780.8,sat
/home/michele/mltlsat/Benchmarks/random0/P0.95N5L45M100T100-1.mltl,0.354,38357.6,sat
/home/michele/mltlsat/Benchmarks/random0/P0.95N5L45M100T100-2.mltl,0.32,17631.2,sat
/home/michele/mltlsat/Benchmarks/random0/P0.95N5L45M100T100-3.mltl,0.34,36516.8,sat
/home/michele/mltlsat/Benchmarks/random0/P0.95N5L45M100T100-4.mltl,0.336,17332,sat
/home/michele/mltlsat/Benchmarks/random0/P0.95N5L45M100T100-5.mltl,0.33,18569.6,sat
/home/michele/mltlsat/Benchmarks/random0/P0.95N5L45M100T100-6.mltl,0.324,17307.2,sat
/home/michele/mltlsat/Benchmarks/random0/P0.95N5L45M100T100-7.mltl,0.362,38064,sat
/home/michele/mltlsat/Benchmarks/random0/P0.95N5L45M100T100-8.mltl,1.22,467084,sat
/home/michele/mltlsat/Benchmarks/random0/P0.95N5L45M100T100-9.mltl,0.34,17944,sat
/home/michele/mltlsat/Benchmarks/random0/P0.95N5L50M100T100-10.mltl,4.832,41441.6,sat
/home/michele/mltlsat/Benchmarks/random0/P0.95N5L50M100T100-1.mltl,3.412,75398.4,sat
/home/michele/mltlsat/Benchmarks/random0/P0.95N5L50M100T100-2.mltl,-1,-1,TO
/home/michele/mltlsat/Benchmarks/random0/P0.95N5L50M100T100-3.mltl,-1,-1,TO
/home/michele/mltlsat/Benchmarks/random0/P0.95N5L50M100T100-4.mltl,0.324,17303.2,sat
/home/michele/mltlsat/Benchmarks/random0/P0.95N5L50M100T100-5.mltl,0.382,38014.4,sat
/home/michele/mltlsat/Benchmarks/random0/P0.95N5L50M100T100-6.mltl,0.35,17008,sat
/home/michele/mltlsat/Benchmarks/random0/P0.95N5L50M100T100-7.mltl,0.34400000000000003,17003.2,sat
/home/michele/mltlsat/Benchmarks/random0/P0.95N5L50M100T100-8.mltl,0.332,17024.8,sat
/home/michele/mltlsat/Benchmarks/random0/P0.95N5L50M100T100-9.mltl,-1,-1,TO
/home/michele/mltlsat/Benchmarks/random0/P0.95N5L55M100T100-10.mltl,0.354,16994.4,sat
/home/michele/mltlsat/Benchmarks/random0/P0.95N5L55M100T100-1.mltl,0.36,17014.4,sat
/home/michele/mltlsat/Benchmarks/random0/P0.95N5L55M100T100-2.mltl,0.382,36490.4,sat
/home/michele/mltlsat/Benchmarks/random0/P0.95N5L55M100T100-3.mltl,0.364,16703.2,sat
/home/michele/mltlsat/Benchmarks/random0/P0.95N5L55M100T100-4.mltl,1.566,503944.8,sat
/home/michele/mltlsat/Benchmarks/random0/P0.95N5L55M100T100-5.mltl,7.03,107028,sat
/home/michele/mltlsat/Benchmarks/random0/P0.95N5L55M100T100-6.mltl,0.376,25012.8,sat
/home/michele/mltlsat/Benchmarks/random0/P0.95N5L55M100T100-7.mltl,18.721999999999998,57560,sat
/home/michele/mltlsat/Benchmarks/random0/P0.95N5L55M100T100-8.mltl,0.596,40215.2,sat
/home/michele/mltlsat/Benchmarks/random0/P0.95N5L55M100T100-9.mltl,0.426,37702.4,sat
/home/michele/mltlsat/Benchmarks/random0/P0.95N5L5M100T100-10.mltl,0.352,17008,sat
/home/michele/mltlsat/Benchmarks/random0/P0.95N5L5M100T100-1.mltl,0.352,16999.2,sat
/home/michele/mltlsat/Benchmarks/random0/P0.95N5L5M100T100-2.mltl,0.372,20111.2,sat
/home/michele/mltlsat/Benchmarks/random0/P0.95N5L5M100T100-3.mltl,0.40399999999999997,20088.8,sat
/home/michele/mltlsat/Benchmarks/random0/P0.95N5L5M100T100-4.mltl,0.352,17016.8,sat
/home/michele/mltlsat/Benchmarks/random0/P0.95N5L5M100T100-5.mltl,0.35,17024.8,sat
/home/michele/mltlsat/Benchmarks/random0/P0.95N5L5M100T100-6.mltl,0.356,16999.2,sat
/home/michele/mltlsat/Benchmarks/random0/P0.95N5L5M100T100-7.mltl,0.368,17315.2,sat
/home/michele/mltlsat/Benchmarks/random0/P0.95N5L5M100T100-8.mltl,0.362,17025.6,sat
/home/michele/mltlsat/Benchmarks/random0/P0.95N5L5M100T100-9.mltl,0.348,17616,sat
/home/michele/mltlsat/Benchmarks/random0/P0.95N5L60M100T100-10.mltl,-1,-1,TO
/home/michele/mltlsat/Benchmarks/random0/P0.95N5L60M100T100-1.mltl,1.748,110382.4,sat
/home/michele/mltlsat/Benchmarks/random0/P0.95N5L60M100T100-2.mltl,-1,-1,TO
/home/michele/mltlsat/Benchmarks/random0/P0.95N5L60M100T100-3.mltl,0.336,17320,sat
/home/michele/mltlsat/Benchmarks/random0/P0.95N5L60M100T100-4.mltl,0.762,41432.8,sat
/home/michele/mltlsat/Benchmarks/random0/P0.95N5L60M100T100-5.mltl,0.334,17288,sat
/home/michele/mltlsat/Benchmarks/random0/P0.95N5L60M100T100-6.mltl,0.368,38050.4,sat
/home/michele/mltlsat/Benchmarks/random0/P0.95N5L60M100T100-7.mltl,0.324,20105.6,sat
/home/michele/mltlsat/Benchmarks/random0/P0.95N5L60M100T100-8.mltl,0.632,44674.4,sat
/home/michele/mltlsat/Benchmarks/random0/P0.95N5L60M100T100-9.mltl,101.822,118526.4,sat
/home/michele/mltlsat/Benchmarks/random0/P0.95N5L65M100T100-10.mltl,0.962,140527.2,sat
/home/michele/mltlsat/Benchmarks/random0/P0.95N5L65M100T100-1.mltl,-1,-1,TO
/home/michele/mltlsat/Benchmarks/random0/P0.95N5L65M100T100-2.mltl,-1,-1,TO
/home/michele/mltlsat/Benchmarks/random0/P0.95N5L65M100T100-3.mltl,0.34400000000000003,38680.8,sat
/home/michele/mltlsat/Benchmarks/random0/P0.95N5L65M100T100-4.mltl,0.32,17320,sat
/home/michele/mltlsat/Benchmarks/random0/P0.95N5L65M100T100-5.mltl,0.346,37731.2,sat
/home/michele/mltlsat/Benchmarks/random0/P0.95N5L65M100T100-6.mltl,0.368,38322.4,sat
/home/michele/mltlsat/Benchmarks/random0/P0.95N5L65M100T100-7.mltl,0.336,16989.6,sat
/home/michele/mltlsat/Benchmarks/random0/P0.95N5L65M100T100-8.mltl,0.55,38932,sat
/home/michele/mltlsat/Benchmarks/random0/P0.95N5L65M100T100-9.mltl,0.33,17009.6,sat
/home/michele/mltlsat/Benchmarks/random0/P0.95N5L70M100T100-10.mltl,-1,-1,TO
/home/michele/mltlsat/Benchmarks/random0/P0.95N5L70M100T100-1.mltl,0.334,17021.6,sat
/home/michele/mltlsat/Benchmarks/random0/P0.95N5L70M100T100-2.mltl,0.332,17303.2,sat
/home/michele/mltlsat/Benchmarks/random0/P0.95N5L70M100T100-3.mltl,2.064,49120,sat
/home/michele/mltlsat/Benchmarks/random0/P0.95N5L70M100T100-4.mltl,1.658,59433.6,sat
/home/michele/mltlsat/Benchmarks/random0/P0.95N5L70M100T100-5.mltl,0.324,17305.6,sat
/home/michele/mltlsat/Benchmarks/random0/P0.95N5L70M100T100-6.mltl,17.35,51542.4,sat
/home/michele/mltlsat/Benchmarks/random0/P0.95N5L70M100T100-7.mltl,0.366,38692,sat
/home/michele/mltlsat/Benchmarks/random0/P0.95N5L70M100T100-8.mltl,5.032,456310.4,sat
/home/michele/mltlsat/Benchmarks/random0/P0.95N5L70M100T100-9.mltl,0.318,17027.2,sat
/home/michele/mltlsat/Benchmarks/random0/P0.95N5L75M100T100-10.mltl,0.364,38360,sat
/home/michele/mltlsat/Benchmarks/random0/P0.95N5L75M100T100-1.mltl,0.31,17923.2,sat
/home/michele/mltlsat/Benchmarks/random0/P0.95N5L75M100T100-2.mltl,0.326,20378.4,sat
/home/michele/mltlsat/Benchmarks/random0/P0.95N5L75M100T100-3.mltl,0.324,17331.2,sat
/home/michele/mltlsat/Benchmarks/random0/P0.95N5L75M100T100-4.mltl,0.342,17325.6,sat
/home/michele/mltlsat/Benchmarks/random0/P0.95N5L75M100T100-5.mltl,0.504,39254.4,sat
/home/michele/mltlsat/Benchmarks/random0/P0.95N5L75M100T100-6.mltl,1.408,44640.8,sat
/home/michele/mltlsat/Benchmarks/random0/P0.95N5L75M100T100-7.mltl,-1,-1,TO
/home/michele/mltlsat/Benchmarks/random0/P0.95N5L75M100T100-8.mltl,0.356,38053.6,sat
/home/michele/mltlsat/Benchmarks/random0/P0.95N5L75M100T100-9.mltl,0.324,17028.8,sat
/home/michele/mltlsat/Benchmarks/random0/P0.95N5L80M100T100-10.mltl,0.332,17319.2,sat
/home/michele/mltlsat/Benchmarks/random0/P0.95N5L80M100T100-1.mltl,0.372,38336,sat
/home/michele/mltlsat/Benchmarks/random0/P0.95N5L80M100T100-2.mltl,36.776,251116,sat
/home/michele/mltlsat/Benchmarks/random0/P0.95N5L80M100T100-3.mltl,6.614,161092.8,sat
/home/michele/mltlsat/Benchmarks/random0/P0.95N5L80M100T100-4.mltl,0.494,39911.2,sat
/home/michele/mltlsat/Benchmarks/random0/P0.95N5L80M100T100-5.mltl,0.398,21898.4,sat
/home/michele/mltlsat/Benchmarks/random0/P0.95N5L80M100T100-6.mltl,0.772,42359.2,sat
/home/michele/mltlsat/Benchmarks/random0/P0.95N5L80M100T100-7.mltl,0.46,40220.8,sat
/home/michele/mltlsat/Benchmarks/random0/P0.95N5L80M100T100-8.mltl,0.692,134988.8,sat
/home/michele/mltlsat/Benchmarks/random0/P0.95N5L80M100T100-9.mltl,0.318,16978.4,sat
/home/michele/mltlsat/Benchmarks/random0/P0.95N5L85M100T100-10.mltl,0.432,40196,sat
/home/michele/mltlsat/Benchmarks/random0/P0.95N5L85M100T100-1.mltl,0.334,21316.8,sat
/home/michele/mltlsat/Benchmarks/random0/P0.95N5L85M100T100-2.mltl,-1,-1,TO
/home/michele/mltlsat/Benchmarks/random0/P0.95N5L85M100T100-3.mltl,0.36,24378.4,sat
/home/michele/mltlsat/Benchmarks/random0/P0.95N5L85M100T100-4.mltl,0.348,16997.6,sat
/home/michele/mltlsat/Benchmarks/random0/P0.95N5L85M100T100-5.mltl,-1,-1,TO
/home/michele/mltlsat/Benchmarks/random0/P0.95N5L85M100T100-6.mltl,0.372,33666.4,sat
/home/michele/mltlsat/Benchmarks/random0/P0.95N5L85M100T100-7.mltl,-1,-1,TO
/home/michele/mltlsat/Benchmarks/random0/P0.95N5L85M100T100-8.mltl,107.996,104517.6,sat
/home/michele/mltlsat/Benchmarks/random0/P0.95N5L85M100T100-9.mltl,1.586,44157.6,sat
/home/michele/mltlsat/Benchmarks/random0/P0.95N5L90M100T100-10.mltl,0.33,17327.2,sat
/home/michele/mltlsat/Benchmarks/random0/P0.95N5L90M100T100-1.mltl,0.488,67414.4,sat
/home/michele/mltlsat/Benchmarks/random0/P0.95N5L90M100T100-2.mltl,0.34,38640,sat
/home/michele/mltlsat/Benchmarks/random0/P0.95N5L90M100T100-3.mltl,0.366,38653.6,sat
/home/michele/mltlsat/Benchmarks/random0/P0.95N5L90M100T100-4.mltl,0.338,33365.6,sat
/home/michele/mltlsat/Benchmarks/random0/P0.95N5L90M100T100-5.mltl,0.328,17324,sat
/home/michele/mltlsat/Benchmarks/random0/P0.95N5L90M100T100-6.mltl,0.346,17012,sat
/home/michele/mltlsat/Benchmarks/random0/P0.95N5L90M100T100-7.mltl,0.786,39876.8,sat
/home/michele/mltlsat/Benchmarks/random0/P0.95N5L90M100T100-8.mltl,0.308,17624.8,sat
/home/michele/mltlsat/Benchmarks/random0/P0.95N5L90M100T100-9.mltl,0.386,39548,sat
/home/michele/mltlsat/Benchmarks/random0/P0.95N5L95M100T100-10.mltl,6.664,102728.8,sat
/home/michele/mltlsat/Benchmarks/random0/P0.95N5L95M100T100-1.mltl,0.35000000000000003,37732,sat
/home/michele/mltlsat/Benchmarks/random0/P0.95N5L95M100T100-2.mltl,0.534,39849.6,sat
/home/michele/mltlsat/Benchmarks/random0/P0.95N5L95M100T100-3.mltl,0.63,99952.8,sat
/home/michele/mltlsat/Benchmarks/random0/P0.95N5L95M100T100-4.mltl,0.438,46204.8,sat
/home/michele/mltlsat/Benchmarks/random0/P0.95N5L95M100T100-5.mltl,-1,-1,TO
/home/michele/mltlsat/Benchmarks/random0/P0.95N5L95M100T100-6.mltl,-1,-1,TO
/home/michele/mltlsat/Benchmarks/random0/P0.95N5L95M100T100-7.mltl,0.494,38976.8,sat
/home/michele/mltlsat/Benchmarks/random0/P0.95N5L95M100T100-8.mltl,0.398,38024.8,sat
/home/michele/mltlsat/Benchmarks/random0/P0.95N5L95M100T100-9.mltl,0.404,38357.6,sat
