Name,Time (s),Total memory (KiB),Result
/home/michele/mltlsat/Benchmarks/random/P0.333333333333333N1L100M100T100-10.mltl,0.0,7838.4,sat
/home/michele/mltlsat/Benchmarks/random/P0.333333333333333N1L100M100T100-1.mltl,0.0,7832,sat
/home/michele/mltlsat/Benchmarks/random/P0.333333333333333N1L100M100T100-2.mltl,0.0,7770.4,sat
/home/michele/mltlsat/Benchmarks/random/P0.333333333333333N1L100M100T100-3.mltl,0.0,7788.8,unsat
/home/michele/mltlsat/Benchmarks/random/P0.333333333333333N1L100M100T100-4.mltl,0.0,7813.6,sat
/home/michele/mltlsat/Benchmarks/random/P0.333333333333333N1L100M100T100-5.mltl,0.0,7764,sat
/home/michele/mltlsat/Benchmarks/random/P0.333333333333333N1L100M100T100-6.mltl,0.0,7797.6,sat
/home/michele/mltlsat/Benchmarks/random/P0.333333333333333N1L100M100T100-7.mltl,0.0,7788,sat
/home/michele/mltlsat/Benchmarks/random/P0.333333333333333N1L100M100T100-8.mltl,0.0,7816.8,sat
/home/michele/mltlsat/Benchmarks/random/P0.333333333333333N1L100M100T100-9.mltl,0.0,7817.6,sat
/home/michele/mltlsat/Benchmarks/random/P0.333333333333333N1L10M100T100-10.mltl,0.0,7803.2,sat
/home/michele/mltlsat/Benchmarks/random/P0.333333333333333N1L10M100T100-1.mltl,0.0,7786.4,sat
/home/michele/mltlsat/Benchmarks/random/P0.333333333333333N1L10M100T100-2.mltl,0.0,7789.6,sat
/home/michele/mltlsat/Benchmarks/random/P0.333333333333333N1L10M100T100-3.mltl,0.0,7772,sat
/home/michele/mltlsat/Benchmarks/random/P0.333333333333333N1L10M100T100-4.mltl,0.0,7788,sat
/home/michele/mltlsat/Benchmarks/random/P0.333333333333333N1L10M100T100-5.mltl,0.0,7823.2,sat
/home/michele/mltlsat/Benchmarks/random/P0.333333333333333N1L10M100T100-6.mltl,0.0,7805.6,sat
/home/michele/mltlsat/Benchmarks/random/P0.333333333333333N1L10M100T100-7.mltl,0.0,7787.2,sat
/home/michele/mltlsat/Benchmarks/random/P0.333333333333333N1L10M100T100-8.mltl,0.0,7842.4,sat
/home/michele/mltlsat/Benchmarks/random/P0.333333333333333N1L10M100T100-9.mltl,0.0,7812.8,unsat
/home/michele/mltlsat/Benchmarks/random/P0.333333333333333N1L15M100T100-10.mltl,0.038,10848,sat
/home/michele/mltlsat/Benchmarks/random/P0.333333333333333N1L15M100T100-1.mltl,0.0,7809.6,sat
/home/michele/mltlsat/Benchmarks/random/P0.333333333333333N1L15M100T100-2.mltl,0.0,7800.8,sat
/home/michele/mltlsat/Benchmarks/random/P0.333333333333333N1L15M100T100-3.mltl,0.0,7821.6,sat
/home/michele/mltlsat/Benchmarks/random/P0.333333333333333N1L15M100T100-4.mltl,0.0,7776.8,sat
/home/michele/mltlsat/Benchmarks/random/P0.333333333333333N1L15M100T100-5.mltl,0.0,7789.6,sat
/home/michele/mltlsat/Benchmarks/random/P0.333333333333333N1L15M100T100-6.mltl,0.0,7788,sat
/home/michele/mltlsat/Benchmarks/random/P0.333333333333333N1L15M100T100-7.mltl,0.0,7824,sat
/home/michele/mltlsat/Benchmarks/random/P0.333333333333333N1L15M100T100-8.mltl,0.0,7815.2,sat
/home/michele/mltlsat/Benchmarks/random/P0.333333333333333N1L15M100T100-9.mltl,0.0,7807.2,sat
/home/michele/mltlsat/Benchmarks/random/P0.333333333333333N1L20M100T100-10.mltl,0.0,7794.4,unsat
/home/michele/mltlsat/Benchmarks/random/P0.333333333333333N1L20M100T100-1.mltl,0.0,7804.8,sat
/home/michele/mltlsat/Benchmarks/random/P0.333333333333333N1L20M100T100-2.mltl,0.0,7801.6,unsat
/home/michele/mltlsat/Benchmarks/random/P0.333333333333333N1L20M100T100-3.mltl,0.0,7782.4,sat
/home/michele/mltlsat/Benchmarks/random/P0.333333333333333N1L20M100T100-4.mltl,0.0,7796.8,sat
/home/michele/mltlsat/Benchmarks/random/P0.333333333333333N1L20M100T100-5.mltl,0.0,7808.8,unsat
/home/michele/mltlsat/Benchmarks/random/P0.333333333333333N1L20M100T100-6.mltl,0.0,7793.6,sat
/home/michele/mltlsat/Benchmarks/random/P0.333333333333333N1L20M100T100-7.mltl,0.01,13942.4,sat
/home/michele/mltlsat/Benchmarks/random/P0.333333333333333N1L20M100T100-8.mltl,0.0,7797.6,sat
/home/michele/mltlsat/Benchmarks/random/P0.333333333333333N1L20M100T100-9.mltl,0.0,7792.8,sat
/home/michele/mltlsat/Benchmarks/random/P0.333333333333333N1L25M100T100-10.mltl,0.0,7775.2,sat
/home/michele/mltlsat/Benchmarks/random/P0.333333333333333N1L25M100T100-1.mltl,0.0,7808,unsat
/home/michele/mltlsat/Benchmarks/random/P0.333333333333333N1L25M100T100-2.mltl,0.0,7811.2,sat
/home/michele/mltlsat/Benchmarks/random/P0.333333333333333N1L25M100T100-3.mltl,0.0,7768.8,sat
/home/michele/mltlsat/Benchmarks/random/P0.333333333333333N1L25M100T100-4.mltl,0.0,7800.8,unsat
/home/michele/mltlsat/Benchmarks/random/P0.333333333333333N1L25M100T100-5.mltl,0.0,7800,sat
/home/michele/mltlsat/Benchmarks/random/P0.333333333333333N1L25M100T100-6.mltl,0.0,7800.8,sat
/home/michele/mltlsat/Benchmarks/random/P0.333333333333333N1L25M100T100-7.mltl,0.0,7797.6,sat
/home/michele/mltlsat/Benchmarks/random/P0.333333333333333N1L25M100T100-8.mltl,0.0,7815.2,unsat
/home/michele/mltlsat/Benchmarks/random/P0.333333333333333N1L25M100T100-9.mltl,0.0,7803.2,sat
/home/michele/mltlsat/Benchmarks/random/P0.333333333333333N1L30M100T100-10.mltl,0.0,7792.8,sat
/home/michele/mltlsat/Benchmarks/random/P0.333333333333333N1L30M100T100-1.mltl,0.0,7824.8,unsat
/home/michele/mltlsat/Benchmarks/random/P0.333333333333333N1L30M100T100-2.mltl,0.0,7831.2,sat
/home/michele/mltlsat/Benchmarks/random/P0.333333333333333N1L30M100T100-3.mltl,0.0,7789.6,unsat
/home/michele/mltlsat/Benchmarks/random/P0.333333333333333N1L30M100T100-4.mltl,0.0,7538.4,sat
/home/michele/mltlsat/Benchmarks/random/P0.333333333333333N1L30M100T100-5.mltl,0.0,7843.2,unsat
/home/michele/mltlsat/Benchmarks/random/P0.333333333333333N1L30M100T100-6.mltl,0.0,7819.2,unsat
/home/michele/mltlsat/Benchmarks/random/P0.333333333333333N1L30M100T100-7.mltl,0.0,7793.6,unsat
/home/michele/mltlsat/Benchmarks/random/P0.333333333333333N1L30M100T100-8.mltl,0.0,7819.2,sat
/home/michele/mltlsat/Benchmarks/random/P0.333333333333333N1L30M100T100-9.mltl,0.01,9348.8,sat
/home/michele/mltlsat/Benchmarks/random/P0.333333333333333N1L35M100T100-10.mltl,0.0,7790.4,sat
/home/michele/mltlsat/Benchmarks/random/P0.333333333333333N1L35M100T100-1.mltl,0.0,7800.8,sat
/home/michele/mltlsat/Benchmarks/random/P0.333333333333333N1L35M100T100-2.mltl,0.0,7806.4,unsat
/home/michele/mltlsat/Benchmarks/random/P0.333333333333333N1L35M100T100-3.mltl,0.0,7816.8,sat
/home/michele/mltlsat/Benchmarks/random/P0.333333333333333N1L35M100T100-4.mltl,0.0,7802.4,sat
/home/michele/mltlsat/Benchmarks/random/P0.333333333333333N1L35M100T100-5.mltl,0.0,7805.6,sat
/home/michele/mltlsat/Benchmarks/random/P0.333333333333333N1L35M100T100-6.mltl,0.0,7823.2,sat
/home/michele/mltlsat/Benchmarks/random/P0.333333333333333N1L35M100T100-7.mltl,0.0,7793.6,sat
/home/michele/mltlsat/Benchmarks/random/P0.333333333333333N1L35M100T100-8.mltl,0.0,7826.4,unsat
/home/michele/mltlsat/Benchmarks/random/P0.333333333333333N1L35M100T100-9.mltl,0.0,7803.2,sat
/home/michele/mltlsat/Benchmarks/random/P0.333333333333333N1L40M100T100-10.mltl,0.0,7807.2,sat
/home/michele/mltlsat/Benchmarks/random/P0.333333333333333N1L40M100T100-1.mltl,0.0,7816,sat
/home/michele/mltlsat/Benchmarks/random/P0.333333333333333N1L40M100T100-2.mltl,0.0,7812.8,sat
/home/michele/mltlsat/Benchmarks/random/P0.333333333333333N1L40M100T100-3.mltl,0.0,7806.4,sat
/home/michele/mltlsat/Benchmarks/random/P0.333333333333333N1L40M100T100-4.mltl,0.0,7842.4,sat
/home/michele/mltlsat/Benchmarks/random/P0.333333333333333N1L40M100T100-5.mltl,0.0,7780.8,sat
/home/michele/mltlsat/Benchmarks/random/P0.333333333333333N1L40M100T100-6.mltl,0.0,7788,sat
/home/michele/mltlsat/Benchmarks/random/P0.333333333333333N1L40M100T100-7.mltl,0.0,7488,sat
/home/michele/mltlsat/Benchmarks/random/P0.333333333333333N1L40M100T100-8.mltl,0.0,7772.8,sat
/home/michele/mltlsat/Benchmarks/random/P0.333333333333333N1L40M100T100-9.mltl,0.0,7800.8,sat
/home/michele/mltlsat/Benchmarks/random/P0.333333333333333N1L45M100T100-10.mltl,0.0,7832.8,sat
/home/michele/mltlsat/Benchmarks/random/P0.333333333333333N1L45M100T100-1.mltl,0.0,7790.4,sat
/home/michele/mltlsat/Benchmarks/random/P0.333333333333333N1L45M100T100-2.mltl,0.0,7504.8,sat
/home/michele/mltlsat/Benchmarks/random/P0.333333333333333N1L45M100T100-3.mltl,0.0,7812,sat
/home/michele/mltlsat/Benchmarks/random/P0.333333333333333N1L45M100T100-4.mltl,0.0,7795.2,sat
/home/michele/mltlsat/Benchmarks/random/P0.333333333333333N1L45M100T100-5.mltl,0.0,7484.8,unsat
/home/michele/mltlsat/Benchmarks/random/P0.333333333333333N1L45M100T100-6.mltl,0.0,7483.2,sat
/home/michele/mltlsat/Benchmarks/random/P0.333333333333333N1L45M100T100-7.mltl,0.0,7812,sat
/home/michele/mltlsat/Benchmarks/random/P0.333333333333333N1L45M100T100-8.mltl,0.0,7804.8,sat
/home/michele/mltlsat/Benchmarks/random/P0.333333333333333N1L45M100T100-9.mltl,0.0,7791.2,sat
/home/michele/mltlsat/Benchmarks/random/P0.333333333333333N1L50M100T100-10.mltl,0.0,7804.8,unsat
/home/michele/mltlsat/Benchmarks/random/P0.333333333333333N1L50M100T100-1.mltl,23.82,10934588.8,sat
/home/michele/mltlsat/Benchmarks/random/P0.333333333333333N1L50M100T100-2.mltl,0.0,7794.4,sat
/home/michele/mltlsat/Benchmarks/random/P0.333333333333333N1L50M100T100-3.mltl,0.0,7788.8,sat
/home/michele/mltlsat/Benchmarks/random/P0.333333333333333N1L50M100T100-4.mltl,0.0,7802.4,sat
/home/michele/mltlsat/Benchmarks/random/P0.333333333333333N1L50M100T100-5.mltl,0.0,7790.4,sat
/home/michele/mltlsat/Benchmarks/random/P0.333333333333333N1L50M100T100-6.mltl,0.0,7813.6,sat
/home/michele/mltlsat/Benchmarks/random/P0.333333333333333N1L50M100T100-7.mltl,0.0,7792,sat
/home/michele/mltlsat/Benchmarks/random/P0.333333333333333N1L50M100T100-8.mltl,0.0,7793.6,sat
/home/michele/mltlsat/Benchmarks/random/P0.333333333333333N1L50M100T100-9.mltl,0.0,7793.6,sat
/home/michele/mltlsat/Benchmarks/random/P0.333333333333333N1L55M100T100-10.mltl,0.0,7802.4,sat
/home/michele/mltlsat/Benchmarks/random/P0.333333333333333N1L55M100T100-1.mltl,0.0,7804,unsat
/home/michele/mltlsat/Benchmarks/random/P0.333333333333333N1L55M100T100-2.mltl,0.0,7795.2,sat
/home/michele/mltlsat/Benchmarks/random/P0.333333333333333N1L55M100T100-3.mltl,0.0,7814.4,sat
/home/michele/mltlsat/Benchmarks/random/P0.333333333333333N1L55M100T100-4.mltl,0.0,7793.6,sat
/home/michele/mltlsat/Benchmarks/random/P0.333333333333333N1L55M100T100-5.mltl,0.0,7813.6,sat
/home/michele/mltlsat/Benchmarks/random/P0.333333333333333N1L55M100T100-6.mltl,0.0,7804,sat
/home/michele/mltlsat/Benchmarks/random/P0.333333333333333N1L55M100T100-7.mltl,0.0,7822.4,sat
/home/michele/mltlsat/Benchmarks/random/P0.333333333333333N1L55M100T100-8.mltl,0.02,10861.6,sat
/home/michele/mltlsat/Benchmarks/random/P0.333333333333333N1L55M100T100-9.mltl,0.0,7780,sat
/home/michele/mltlsat/Benchmarks/random/P0.333333333333333N1L5M100T100-10.mltl,0.0,7798.4,sat
/home/michele/mltlsat/Benchmarks/random/P0.333333333333333N1L5M100T100-1.mltl,0.0,7809.6,sat
/home/michele/mltlsat/Benchmarks/random/P0.333333333333333N1L5M100T100-2.mltl,0.0,7767.2,sat
/home/michele/mltlsat/Benchmarks/random/P0.333333333333333N1L5M100T100-3.mltl,0.0,7792.8,sat
/home/michele/mltlsat/Benchmarks/random/P0.333333333333333N1L5M100T100-4.mltl,0.0,7772,sat
/home/michele/mltlsat/Benchmarks/random/P0.333333333333333N1L5M100T100-5.mltl,0.0,7800.8,sat
/home/michele/mltlsat/Benchmarks/random/P0.333333333333333N1L5M100T100-6.mltl,0.0,7808,sat
/home/michele/mltlsat/Benchmarks/random/P0.333333333333333N1L5M100T100-7.mltl,0.0,7784.8,sat
/home/michele/mltlsat/Benchmarks/random/P0.333333333333333N1L5M100T100-8.mltl,0.0,7792.8,sat
/home/michele/mltlsat/Benchmarks/random/P0.333333333333333N1L5M100T100-9.mltl,0.0,7800,sat
/home/michele/mltlsat/Benchmarks/random/P0.333333333333333N1L60M100T100-10.mltl,0.0,7805.6,unsat
/home/michele/mltlsat/Benchmarks/random/P0.333333333333333N1L60M100T100-1.mltl,0.042,10892,sat
/home/michele/mltlsat/Benchmarks/random/P0.333333333333333N1L60M100T100-2.mltl,0.0,7800,sat
/home/michele/mltlsat/Benchmarks/random/P0.333333333333333N1L60M100T100-3.mltl,0.0,7803.2,unsat
/home/michele/mltlsat/Benchmarks/random/P0.333333333333333N1L60M100T100-4.mltl,0.0,7800.8,sat
/home/michele/mltlsat/Benchmarks/random/P0.333333333333333N1L60M100T100-5.mltl,0.0,7788.8,sat
/home/michele/mltlsat/Benchmarks/random/P0.333333333333333N1L60M100T100-6.mltl,0.0,7473.6,sat
/home/michele/mltlsat/Benchmarks/random/P0.333333333333333N1L60M100T100-7.mltl,0.0,7840.8,unsat
/home/michele/mltlsat/Benchmarks/random/P0.333333333333333N1L60M100T100-8.mltl,0.0,7790.4,sat
/home/michele/mltlsat/Benchmarks/random/P0.333333333333333N1L60M100T100-9.mltl,0.0,7476.8,sat
/home/michele/mltlsat/Benchmarks/random/P0.333333333333333N1L65M100T100-10.mltl,0.0,7855.2,sat
/home/michele/mltlsat/Benchmarks/random/P0.333333333333333N1L65M100T100-1.mltl,0.0,7815.2,sat
/home/michele/mltlsat/Benchmarks/random/P0.333333333333333N1L65M100T100-2.mltl,0.0,7478.4,unsat
/home/michele/mltlsat/Benchmarks/random/P0.333333333333333N1L65M100T100-3.mltl,0.0,7795.2,sat
/home/michele/mltlsat/Benchmarks/random/P0.333333333333333N1L65M100T100-4.mltl,0.0,7781.6,sat
/home/michele/mltlsat/Benchmarks/random/P0.333333333333333N1L65M100T100-5.mltl,0.0,7840.8,sat
/home/michele/mltlsat/Benchmarks/random/P0.333333333333333N1L65M100T100-6.mltl,0.0,7791.2,sat
/home/michele/mltlsat/Benchmarks/random/P0.333333333333333N1L65M100T100-7.mltl,0.0,7820.8,sat
/home/michele/mltlsat/Benchmarks/random/P0.333333333333333N1L65M100T100-8.mltl,0.0,7834.4,unsat
/home/michele/mltlsat/Benchmarks/random/P0.333333333333333N1L65M100T100-9.mltl,0.0,7839.2,sat
/home/michele/mltlsat/Benchmarks/random/P0.333333333333333N1L70M100T100-10.mltl,0.0,7807.2,unsat
/home/michele/mltlsat/Benchmarks/random/P0.333333333333333N1L70M100T100-1.mltl,0.0,7795.2,sat
/home/michele/mltlsat/Benchmarks/random/P0.333333333333333N1L70M100T100-2.mltl,0.0,7805.6,sat
/home/michele/mltlsat/Benchmarks/random/P0.333333333333333N1L70M100T100-3.mltl,0.0,9325.6,sat
/home/michele/mltlsat/Benchmarks/random/P0.333333333333333N1L70M100T100-4.mltl,0.0,7484.8,sat
/home/michele/mltlsat/Benchmarks/random/P0.333333333333333N1L70M100T100-5.mltl,0.0,7478.4,sat
/home/michele/mltlsat/Benchmarks/random/P0.333333333333333N1L70M100T100-6.mltl,0.0,7820.8,sat
/home/michele/mltlsat/Benchmarks/random/P0.333333333333333N1L70M100T100-7.mltl,-1,-1,TO
/home/michele/mltlsat/Benchmarks/random/P0.333333333333333N1L70M100T100-8.mltl,0.0,7804.8,sat
/home/michele/mltlsat/Benchmarks/random/P0.333333333333333N1L70M100T100-9.mltl,0.0,7791.2,unsat
/home/michele/mltlsat/Benchmarks/random/P0.333333333333333N1L75M100T100-10.mltl,0.0,7800,sat
/home/michele/mltlsat/Benchmarks/random/P0.333333333333333N1L75M100T100-1.mltl,0.0,7746.4,sat
/home/michele/mltlsat/Benchmarks/random/P0.333333333333333N1L75M100T100-2.mltl,0.0,7792.8,sat
/home/michele/mltlsat/Benchmarks/random/P0.333333333333333N1L75M100T100-3.mltl,0.0,7492.8,sat
/home/michele/mltlsat/Benchmarks/random/P0.333333333333333N1L75M100T100-4.mltl,0.0,7824.8,sat
/home/michele/mltlsat/Benchmarks/random/P0.333333333333333N1L75M100T100-5.mltl,0.0,9330.4,sat
/home/michele/mltlsat/Benchmarks/random/P0.333333333333333N1L75M100T100-6.mltl,0.0,7761.6,sat
/home/michele/mltlsat/Benchmarks/random/P0.333333333333333N1L75M100T100-7.mltl,0.0,7794.4,unsat
/home/michele/mltlsat/Benchmarks/random/P0.333333333333333N1L75M100T100-8.mltl,0.0,7815.2,sat
/home/michele/mltlsat/Benchmarks/random/P0.333333333333333N1L75M100T100-9.mltl,0.0,7790.4,unsat
/home/michele/mltlsat/Benchmarks/random/P0.333333333333333N1L80M100T100-10.mltl,0.0,7823.2,sat
/home/michele/mltlsat/Benchmarks/random/P0.333333333333333N1L80M100T100-1.mltl,0.0,7779.2,sat
/home/michele/mltlsat/Benchmarks/random/P0.333333333333333N1L80M100T100-2.mltl,0.0,7820.8,sat
/home/michele/mltlsat/Benchmarks/random/P0.333333333333333N1L80M100T100-3.mltl,0.0,7792.8,sat
/home/michele/mltlsat/Benchmarks/random/P0.333333333333333N1L80M100T100-4.mltl,0.0,7772,sat
/home/michele/mltlsat/Benchmarks/random/P0.333333333333333N1L80M100T100-5.mltl,0.0,7504.8,sat
/home/michele/mltlsat/Benchmarks/random/P0.333333333333333N1L80M100T100-6.mltl,0.0,7480,sat
/home/michele/mltlsat/Benchmarks/random/P0.333333333333333N1L80M100T100-7.mltl,0.0,7775.2,sat
/home/michele/mltlsat/Benchmarks/random/P0.333333333333333N1L80M100T100-8.mltl,0.0,7798.4,sat
/home/michele/mltlsat/Benchmarks/random/P0.333333333333333N1L80M100T100-9.mltl,0.0,7822.4,sat
/home/michele/mltlsat/Benchmarks/random/P0.333333333333333N1L85M100T100-10.mltl,0.0,7811.2,sat
/home/michele/mltlsat/Benchmarks/random/P0.333333333333333N1L85M100T100-1.mltl,0.0,7798.4,sat
/home/michele/mltlsat/Benchmarks/random/P0.333333333333333N1L85M100T100-2.mltl,0.0,7801.6,sat
/home/michele/mltlsat/Benchmarks/random/P0.333333333333333N1L85M100T100-3.mltl,0.0,7796.8,sat
/home/michele/mltlsat/Benchmarks/random/P0.333333333333333N1L85M100T100-4.mltl,0.0,7781.6,sat
/home/michele/mltlsat/Benchmarks/random/P0.333333333333333N1L85M100T100-5.mltl,0.0,7812,sat
/home/michele/mltlsat/Benchmarks/random/P0.333333333333333N1L85M100T100-6.mltl,0.0,7780,sat
/home/michele/mltlsat/Benchmarks/random/P0.333333333333333N1L85M100T100-7.mltl,0.0,7487.2,sat
/home/michele/mltlsat/Benchmarks/random/P0.333333333333333N1L85M100T100-8.mltl,0.0,7493.6,sat
/home/michele/mltlsat/Benchmarks/random/P0.333333333333333N1L85M100T100-9.mltl,0.0,7852,unsat
/home/michele/mltlsat/Benchmarks/random/P0.333333333333333N1L90M100T100-10.mltl,0.0,7816,sat
/home/michele/mltlsat/Benchmarks/random/P0.333333333333333N1L90M100T100-1.mltl,0.0,7807.2,unsat
/home/michele/mltlsat/Benchmarks/random/P0.333333333333333N1L90M100T100-2.mltl,0.0,9405.6,sat
/home/michele/mltlsat/Benchmarks/random/P0.333333333333333N1L90M100T100-3.mltl,0.0,7472.8,sat
/home/michele/mltlsat/Benchmarks/random/P0.333333333333333N1L90M100T100-4.mltl,0.0,7488,unsat
/home/michele/mltlsat/Benchmarks/random/P0.333333333333333N1L90M100T100-5.mltl,0.0,7794.4,sat
/home/michele/mltlsat/Benchmarks/random/P0.333333333333333N1L90M100T100-6.mltl,0.0,7792.8,sat
/home/michele/mltlsat/Benchmarks/random/P0.333333333333333N1L90M100T100-7.mltl,0.0,7796.8,unsat
/home/michele/mltlsat/Benchmarks/random/P0.333333333333333N1L90M100T100-8.mltl,0.0,7823.2,sat
/home/michele/mltlsat/Benchmarks/random/P0.333333333333333N1L90M100T100-9.mltl,0.0,7810.4,sat
/home/michele/mltlsat/Benchmarks/random/P0.333333333333333N1L95M100T100-10.mltl,0.002,8723.2,sat
/home/michele/mltlsat/Benchmarks/random/P0.333333333333333N1L95M100T100-1.mltl,0.0,7791.2,sat
/home/michele/mltlsat/Benchmarks/random/P0.333333333333333N1L95M100T100-2.mltl,0.0,7796,sat
/home/michele/mltlsat/Benchmarks/random/P0.333333333333333N1L95M100T100-3.mltl,0.0,7795.2,sat
/home/michele/mltlsat/Benchmarks/random/P0.333333333333333N1L95M100T100-4.mltl,0.0,7511.2,unsat
/home/michele/mltlsat/Benchmarks/random/P0.333333333333333N1L95M100T100-5.mltl,0.0,7494.4,sat
/home/michele/mltlsat/Benchmarks/random/P0.333333333333333N1L95M100T100-6.mltl,0.0,9331.2,sat
/home/michele/mltlsat/Benchmarks/random/P0.333333333333333N1L95M100T100-7.mltl,0.0,7780,sat
/home/michele/mltlsat/Benchmarks/random/P0.333333333333333N1L95M100T100-8.mltl,0.0,7841.6,sat
/home/michele/mltlsat/Benchmarks/random/P0.333333333333333N1L95M100T100-9.mltl,0.12,38529.6,unsat
/home/michele/mltlsat/Benchmarks/random/P0.333333333333333N2L100M100T100-10.mltl,0.0,7786.4,sat
/home/michele/mltlsat/Benchmarks/random/P0.333333333333333N2L100M100T100-1.mltl,0.0,7804,unsat
/home/michele/mltlsat/Benchmarks/random/P0.333333333333333N2L100M100T100-2.mltl,0.0,7789.6,unsat
/home/michele/mltlsat/Benchmarks/random/P0.333333333333333N2L100M100T100-3.mltl,0.0,7790.4,unsat
/home/michele/mltlsat/Benchmarks/random/P0.333333333333333N2L100M100T100-4.mltl,0.0,7795.2,sat
/home/michele/mltlsat/Benchmarks/random/P0.333333333333333N2L100M100T100-5.mltl,0.002,7781.6,unsat
/home/michele/mltlsat/Benchmarks/random/P0.333333333333333N2L100M100T100-6.mltl,0.0,7798.4,sat
/home/michele/mltlsat/Benchmarks/random/P0.333333333333333N2L100M100T100-7.mltl,0.014,8703.2,sat
/home/michele/mltlsat/Benchmarks/random/P0.333333333333333N2L100M100T100-8.mltl,0.0,7789.6,sat
/home/michele/mltlsat/Benchmarks/random/P0.333333333333333N2L100M100T100-9.mltl,0.0,7777.6,sat
/home/michele/mltlsat/Benchmarks/random/P0.333333333333333N2L10M100T100-10.mltl,0.0,7809.6,sat
/home/michele/mltlsat/Benchmarks/random/P0.333333333333333N2L10M100T100-1.mltl,0.0,7797.6,sat
/home/michele/mltlsat/Benchmarks/random/P0.333333333333333N2L10M100T100-2.mltl,0.0,7792,sat
/home/michele/mltlsat/Benchmarks/random/P0.333333333333333N2L10M100T100-3.mltl,0.0,7820,sat
/home/michele/mltlsat/Benchmarks/random/P0.333333333333333N2L10M100T100-4.mltl,0.0,7799.2,sat
/home/michele/mltlsat/Benchmarks/random/P0.333333333333333N2L10M100T100-5.mltl,0.0,7489.6,unsat
/home/michele/mltlsat/Benchmarks/random/P0.333333333333333N2L10M100T100-6.mltl,0.0,7772.8,sat
/home/michele/mltlsat/Benchmarks/random/P0.333333333333333N2L10M100T100-7.mltl,0.0,7786.4,sat
/home/michele/mltlsat/Benchmarks/random/P0.333333333333333N2L10M100T100-8.mltl,0.0,7480,sat
/home/michele/mltlsat/Benchmarks/random/P0.333333333333333N2L10M100T100-9.mltl,0.0,7784,sat
/home/michele/mltlsat/Benchmarks/random/P0.333333333333333N2L15M100T100-10.mltl,0.0,7776.8,sat
/home/michele/mltlsat/Benchmarks/random/P0.333333333333333N2L15M100T100-1.mltl,0.0,7799.2,sat
/home/michele/mltlsat/Benchmarks/random/P0.333333333333333N2L15M100T100-2.mltl,0.0,7829.6,sat
/home/michele/mltlsat/Benchmarks/random/P0.333333333333333N2L15M100T100-3.mltl,0.0,7801.6,sat
/home/michele/mltlsat/Benchmarks/random/P0.333333333333333N2L15M100T100-4.mltl,0.0,9005.6,sat
/home/michele/mltlsat/Benchmarks/random/P0.333333333333333N2L15M100T100-5.mltl,0.0,7490.4,sat
/home/michele/mltlsat/Benchmarks/random/P0.333333333333333N2L15M100T100-6.mltl,0.0,7804,sat
/home/michele/mltlsat/Benchmarks/random/P0.333333333333333N2L15M100T100-7.mltl,0.0,7795.2,sat
/home/michele/mltlsat/Benchmarks/random/P0.333333333333333N2L15M100T100-8.mltl,0.0,7799.2,sat
/home/michele/mltlsat/Benchmarks/random/P0.333333333333333N2L15M100T100-9.mltl,0.0,7825.6,sat
/home/michele/mltlsat/Benchmarks/random/P0.333333333333333N2L20M100T100-10.mltl,0.0,7799.2,sat
/home/michele/mltlsat/Benchmarks/random/P0.333333333333333N2L20M100T100-1.mltl,0.0,7788.8,sat
/home/michele/mltlsat/Benchmarks/random/P0.333333333333333N2L20M100T100-2.mltl,0.0,7804,sat
/home/michele/mltlsat/Benchmarks/random/P0.333333333333333N2L20M100T100-3.mltl,0.0,7800,sat
/home/michele/mltlsat/Benchmarks/random/P0.333333333333333N2L20M100T100-4.mltl,0.0,7820,sat
/home/michele/mltlsat/Benchmarks/random/P0.333333333333333N2L20M100T100-5.mltl,0.0,7786.4,sat
/home/michele/mltlsat/Benchmarks/random/P0.333333333333333N2L20M100T100-6.mltl,0.0,7788.8,sat
/home/michele/mltlsat/Benchmarks/random/P0.333333333333333N2L20M100T100-7.mltl,0.0,7813.6,sat
/home/michele/mltlsat/Benchmarks/random/P0.333333333333333N2L20M100T100-8.mltl,0.0,7771.2,sat
/home/michele/mltlsat/Benchmarks/random/P0.333333333333333N2L20M100T100-9.mltl,0.0,7820.8,sat
/home/michele/mltlsat/Benchmarks/random/P0.333333333333333N2L25M100T100-10.mltl,0.0,7816,sat
/home/michele/mltlsat/Benchmarks/random/P0.333333333333333N2L25M100T100-1.mltl,0.0,7806.4,sat
/home/michele/mltlsat/Benchmarks/random/P0.333333333333333N2L25M100T100-2.mltl,0.0,9378.4,sat
/home/michele/mltlsat/Benchmarks/random/P0.333333333333333N2L25M100T100-3.mltl,0.0,7789.6,sat
/home/michele/mltlsat/Benchmarks/random/P0.333333333333333N2L25M100T100-4.mltl,0.0,7797.6,unsat
/home/michele/mltlsat/Benchmarks/random/P0.333333333333333N2L25M100T100-5.mltl,0.0,7821.6,sat
/home/michele/mltlsat/Benchmarks/random/P0.333333333333333N2L25M100T100-6.mltl,0.0,7783.2,sat
/home/michele/mltlsat/Benchmarks/random/P0.333333333333333N2L25M100T100-7.mltl,0.0,7788.8,sat
/home/michele/mltlsat/Benchmarks/random/P0.333333333333333N2L25M100T100-8.mltl,0.0,7809.6,sat
/home/michele/mltlsat/Benchmarks/random/P0.333333333333333N2L25M100T100-9.mltl,0.0,7782.4,sat
/home/michele/mltlsat/Benchmarks/random/P0.333333333333333N2L30M100T100-10.mltl,0.0,7814.4,sat
/home/michele/mltlsat/Benchmarks/random/P0.333333333333333N2L30M100T100-1.mltl,0.0,7794.4,sat
/home/michele/mltlsat/Benchmarks/random/P0.333333333333333N2L30M100T100-2.mltl,0.0,7780,sat
/home/michele/mltlsat/Benchmarks/random/P0.333333333333333N2L30M100T100-3.mltl,0.0,7783.2,sat
/home/michele/mltlsat/Benchmarks/random/P0.333333333333333N2L30M100T100-4.mltl,0.0,7783.2,sat
/home/michele/mltlsat/Benchmarks/random/P0.333333333333333N2L30M100T100-5.mltl,0.0,7795.2,sat
/home/michele/mltlsat/Benchmarks/random/P0.333333333333333N2L30M100T100-6.mltl,0.0,7821.6,sat
/home/michele/mltlsat/Benchmarks/random/P0.333333333333333N2L30M100T100-7.mltl,0.0,7808,sat
/home/michele/mltlsat/Benchmarks/random/P0.333333333333333N2L30M100T100-8.mltl,0.0,7777.6,sat
/home/michele/mltlsat/Benchmarks/random/P0.333333333333333N2L30M100T100-9.mltl,0.0,7782.4,sat
/home/michele/mltlsat/Benchmarks/random/P0.333333333333333N2L35M100T100-10.mltl,0.0,7796.8,sat
/home/michele/mltlsat/Benchmarks/random/P0.333333333333333N2L35M100T100-1.mltl,0.0,7792.8,sat
/home/michele/mltlsat/Benchmarks/random/P0.333333333333333N2L35M100T100-2.mltl,0.0,7809.6,sat
/home/michele/mltlsat/Benchmarks/random/P0.333333333333333N2L35M100T100-3.mltl,0.0,7812,sat
/home/michele/mltlsat/Benchmarks/random/P0.333333333333333N2L35M100T100-4.mltl,0.0,7790.4,unsat
/home/michele/mltlsat/Benchmarks/random/P0.333333333333333N2L35M100T100-5.mltl,0.0,7792,sat
/home/michele/mltlsat/Benchmarks/random/P0.333333333333333N2L35M100T100-6.mltl,0.298,21675.2,sat
/home/michele/mltlsat/Benchmarks/random/P0.333333333333333N2L35M100T100-7.mltl,0.0,7813.6,unsat
/home/michele/mltlsat/Benchmarks/random/P0.333333333333333N2L35M100T100-8.mltl,0.0,7781.6,sat
/home/michele/mltlsat/Benchmarks/random/P0.333333333333333N2L35M100T100-9.mltl,0.0,7812,unsat
/home/michele/mltlsat/Benchmarks/random/P0.333333333333333N2L40M100T100-10.mltl,0.0,7798.4,sat
/home/michele/mltlsat/Benchmarks/random/P0.333333333333333N2L40M100T100-1.mltl,0.0,7809.6,sat
/home/michele/mltlsat/Benchmarks/random/P0.333333333333333N2L40M100T100-2.mltl,0.0,7775.2,sat
/home/michele/mltlsat/Benchmarks/random/P0.333333333333333N2L40M100T100-3.mltl,0.0,7790.4,sat
/home/michele/mltlsat/Benchmarks/random/P0.333333333333333N2L40M100T100-4.mltl,0.0,7809.6,sat
/home/michele/mltlsat/Benchmarks/random/P0.333333333333333N2L40M100T100-5.mltl,0.0,7786.4,sat
/home/michele/mltlsat/Benchmarks/random/P0.333333333333333N2L40M100T100-6.mltl,0.0,7788,sat
/home/michele/mltlsat/Benchmarks/random/P0.333333333333333N2L40M100T100-7.mltl,0.0,7795.2,sat
/home/michele/mltlsat/Benchmarks/random/P0.333333333333333N2L40M100T100-8.mltl,0.0,7791.2,sat
/home/michele/mltlsat/Benchmarks/random/P0.333333333333333N2L40M100T100-9.mltl,0.0,7840.8,sat
/home/michele/mltlsat/Benchmarks/random/P0.333333333333333N2L45M100T100-10.mltl,0.0,7831.2,sat
/home/michele/mltlsat/Benchmarks/random/P0.333333333333333N2L45M100T100-1.mltl,0.0,7791.2,sat
/home/michele/mltlsat/Benchmarks/random/P0.333333333333333N2L45M100T100-2.mltl,0.0,7820.8,unsat
/home/michele/mltlsat/Benchmarks/random/P0.333333333333333N2L45M100T100-3.mltl,0.0,7514.4,sat
/home/michele/mltlsat/Benchmarks/random/P0.333333333333333N2L45M100T100-4.mltl,0.002,9332,sat
/home/michele/mltlsat/Benchmarks/random/P0.333333333333333N2L45M100T100-5.mltl,0.0,7809.6,unsat
/home/michele/mltlsat/Benchmarks/random/P0.333333333333333N2L45M100T100-6.mltl,0.0,7816.8,sat
/home/michele/mltlsat/Benchmarks/random/P0.333333333333333N2L45M100T100-7.mltl,0.0,7806.4,sat
/home/michele/mltlsat/Benchmarks/random/P0.333333333333333N2L45M100T100-8.mltl,0.0,7812.8,sat
/home/michele/mltlsat/Benchmarks/random/P0.333333333333333N2L45M100T100-9.mltl,0.0,7789.6,sat
/home/michele/mltlsat/Benchmarks/random/P0.333333333333333N2L50M100T100-10.mltl,0.0,7812,sat
/home/michele/mltlsat/Benchmarks/random/P0.333333333333333N2L50M100T100-1.mltl,0.0,7800,sat
/home/michele/mltlsat/Benchmarks/random/P0.333333333333333N2L50M100T100-2.mltl,0.0,7810.4,sat
/home/michele/mltlsat/Benchmarks/random/P0.333333333333333N2L50M100T100-3.mltl,0.0,7472,sat
/home/michele/mltlsat/Benchmarks/random/P0.333333333333333N2L50M100T100-4.mltl,0.0,7780.8,sat
/home/michele/mltlsat/Benchmarks/random/P0.333333333333333N2L50M100T100-5.mltl,0.05,17011.2,sat
/home/michele/mltlsat/Benchmarks/random/P0.333333333333333N2L50M100T100-6.mltl,0.0,7795.2,sat
/home/michele/mltlsat/Benchmarks/random/P0.333333333333333N2L50M100T100-7.mltl,0.0,7793.6,sat
/home/michele/mltlsat/Benchmarks/random/P0.333333333333333N2L50M100T100-8.mltl,0.0,7802.4,sat
/home/michele/mltlsat/Benchmarks/random/P0.333333333333333N2L50M100T100-9.mltl,0.0,7800.8,unsat
/home/michele/mltlsat/Benchmarks/random/P0.333333333333333N2L55M100T100-10.mltl,0.0,7490.4,sat
/home/michele/mltlsat/Benchmarks/random/P0.333333333333333N2L55M100T100-1.mltl,0.0,7806.4,sat
/home/michele/mltlsat/Benchmarks/random/P0.333333333333333N2L55M100T100-2.mltl,0.0,7800,sat
/home/michele/mltlsat/Benchmarks/random/P0.333333333333333N2L55M100T100-3.mltl,0.0,7785.6,sat
/home/michele/mltlsat/Benchmarks/random/P0.333333333333333N2L55M100T100-4.mltl,0.01,9330.4,sat
/home/michele/mltlsat/Benchmarks/random/P0.333333333333333N2L55M100T100-5.mltl,0.0,7799.2,sat
/home/michele/mltlsat/Benchmarks/random/P0.333333333333333N2L55M100T100-6.mltl,-1,-1,TO
/home/michele/mltlsat/Benchmarks/random/P0.333333333333333N2L55M100T100-7.mltl,0.0,7827.2,sat
/home/michele/mltlsat/Benchmarks/random/P0.333333333333333N2L55M100T100-8.mltl,0.10200000000000001,12439.2,sat
/home/michele/mltlsat/Benchmarks/random/P0.333333333333333N2L55M100T100-9.mltl,0.0,7804,sat
/home/michele/mltlsat/Benchmarks/random/P0.333333333333333N2L5M100T100-10.mltl,0.0,7810.4,sat
/home/michele/mltlsat/Benchmarks/random/P0.333333333333333N2L5M100T100-1.mltl,0.0,7777.6,sat
/home/michele/mltlsat/Benchmarks/random/P0.333333333333333N2L5M100T100-2.mltl,0.0,7779.2,sat
/home/michele/mltlsat/Benchmarks/random/P0.333333333333333N2L5M100T100-3.mltl,0.0,7461.6,sat
/home/michele/mltlsat/Benchmarks/random/P0.333333333333333N2L5M100T100-4.mltl,0.0,7806.4,sat
/home/michele/mltlsat/Benchmarks/random/P0.333333333333333N2L5M100T100-5.mltl,0.0,7849.6,sat
/home/michele/mltlsat/Benchmarks/random/P0.333333333333333N2L5M100T100-6.mltl,0.0,7823.2,sat
/home/michele/mltlsat/Benchmarks/random/P0.333333333333333N2L5M100T100-7.mltl,0.0,7496,sat
/home/michele/mltlsat/Benchmarks/random/P0.333333333333333N2L5M100T100-8.mltl,0.0,7819.2,sat
/home/michele/mltlsat/Benchmarks/random/P0.333333333333333N2L5M100T100-9.mltl,0.0,7793.6,sat
/home/michele/mltlsat/Benchmarks/random/P0.333333333333333N2L60M100T100-10.mltl,0.0,7498.4,sat
/home/michele/mltlsat/Benchmarks/random/P0.333333333333333N2L60M100T100-1.mltl,0.0,7824,sat
/home/michele/mltlsat/Benchmarks/random/P0.333333333333333N2L60M100T100-2.mltl,0.0,7816.8,sat
/home/michele/mltlsat/Benchmarks/random/P0.333333333333333N2L60M100T100-3.mltl,0.0,7775.2,unsat
/home/michele/mltlsat/Benchmarks/random/P0.333333333333333N2L60M100T100-4.mltl,0.0,9376,sat
/home/michele/mltlsat/Benchmarks/random/P0.333333333333333N2L60M100T100-5.mltl,0.0,7796,sat
/home/michele/mltlsat/Benchmarks/random/P0.333333333333333N2L60M100T100-6.mltl,0.084,9048.8,sat
/home/michele/mltlsat/Benchmarks/random/P0.333333333333333N2L60M100T100-7.mltl,0.0,7816.8,sat
/home/michele/mltlsat/Benchmarks/random/P0.333333333333333N2L60M100T100-8.mltl,0.0,7481.6,sat
/home/michele/mltlsat/Benchmarks/random/P0.333333333333333N2L60M100T100-9.mltl,0.0,7784,sat
/home/michele/mltlsat/Benchmarks/random/P0.333333333333333N2L65M100T100-10.mltl,0.0,7812,sat
/home/michele/mltlsat/Benchmarks/random/P0.333333333333333N2L65M100T100-1.mltl,0.0,7783.2,sat
/home/michele/mltlsat/Benchmarks/random/P0.333333333333333N2L65M100T100-2.mltl,0.002,10865.6,sat
/home/michele/mltlsat/Benchmarks/random/P0.333333333333333N2L65M100T100-3.mltl,0.0,7814.4,sat
/home/michele/mltlsat/Benchmarks/random/P0.333333333333333N2L65M100T100-4.mltl,0.0,7811.2,sat
/home/michele/mltlsat/Benchmarks/random/P0.333333333333333N2L65M100T100-5.mltl,0.0,7844,sat
/home/michele/mltlsat/Benchmarks/random/P0.333333333333333N2L65M100T100-6.mltl,-1,-1,TO
/home/michele/mltlsat/Benchmarks/random/P0.333333333333333N2L65M100T100-7.mltl,0.0,7786.4,sat
/home/michele/mltlsat/Benchmarks/random/P0.333333333333333N2L65M100T100-8.mltl,0.004,9345.6,sat
/home/michele/mltlsat/Benchmarks/random/P0.333333333333333N2L65M100T100-9.mltl,0.0,7787.2,sat
/home/michele/mltlsat/Benchmarks/random/P0.333333333333333N2L70M100T100-10.mltl,0.0,7793.6,sat
/home/michele/mltlsat/Benchmarks/random/P0.333333333333333N2L70M100T100-1.mltl,0.0,9367.2,sat
/home/michele/mltlsat/Benchmarks/random/P0.333333333333333N2L70M100T100-2.mltl,0.0,7485.6,sat
/home/michele/mltlsat/Benchmarks/random/P0.333333333333333N2L70M100T100-3.mltl,0.0,7792.8,sat
/home/michele/mltlsat/Benchmarks/random/P0.333333333333333N2L70M100T100-4.mltl,0.0,7778.4,sat
/home/michele/mltlsat/Benchmarks/random/P0.333333333333333N2L70M100T100-5.mltl,0.0,7812.8,sat
/home/michele/mltlsat/Benchmarks/random/P0.333333333333333N2L70M100T100-6.mltl,0.0,7814.4,sat
/home/michele/mltlsat/Benchmarks/random/P0.333333333333333N2L70M100T100-7.mltl,-1,-1,TO
/home/michele/mltlsat/Benchmarks/random/P0.333333333333333N2L70M100T100-8.mltl,0.0,7803.2,sat
/home/michele/mltlsat/Benchmarks/random/P0.333333333333333N2L70M100T100-9.mltl,0.03,17012,sat
/home/michele/mltlsat/Benchmarks/random/P0.333333333333333N2L75M100T100-10.mltl,-1,-1,TO
/home/michele/mltlsat/Benchmarks/random/P0.333333333333333N2L75M100T100-1.mltl,0.0,7773.6,sat
/home/michele/mltlsat/Benchmarks/random/P0.333333333333333N2L75M100T100-2.mltl,0.0,7774.4,unsat
/home/michele/mltlsat/Benchmarks/random/P0.333333333333333N2L75M100T100-3.mltl,0.02,10876,sat
/home/michele/mltlsat/Benchmarks/random/P0.333333333333333N2L75M100T100-4.mltl,0.0,7506.4,sat
/home/michele/mltlsat/Benchmarks/random/P0.333333333333333N2L75M100T100-5.mltl,0.384,30834.4,sat
/home/michele/mltlsat/Benchmarks/random/P0.333333333333333N2L75M100T100-6.mltl,0.6880000000000001,33930.4,sat
/home/michele/mltlsat/Benchmarks/random/P0.333333333333333N2L75M100T100-7.mltl,-1,-1,TO
/home/michele/mltlsat/Benchmarks/random/P0.333333333333333N2L75M100T100-8.mltl,0.0,7775.2,sat
/home/michele/mltlsat/Benchmarks/random/P0.333333333333333N2L75M100T100-9.mltl,0.0,7809.6,sat
/home/michele/mltlsat/Benchmarks/random/P0.333333333333333N2L80M100T100-10.mltl,0.0,7812.8,sat
/home/michele/mltlsat/Benchmarks/random/P0.333333333333333N2L80M100T100-1.mltl,0.012,10927.2,sat
/home/michele/mltlsat/Benchmarks/random/P0.333333333333333N2L80M100T100-2.mltl,0.0,7795.2,sat
/home/michele/mltlsat/Benchmarks/random/P0.333333333333333N2L80M100T100-3.mltl,0.002,10868.8,sat
/home/michele/mltlsat/Benchmarks/random/P0.333333333333333N2L80M100T100-4.mltl,0.0,7807.2,sat
/home/michele/mltlsat/Benchmarks/random/P0.333333333333333N2L80M100T100-5.mltl,0.0,7492,sat
/home/michele/mltlsat/Benchmarks/random/P0.333333333333333N2L80M100T100-6.mltl,0.0,7815.2,sat
/home/michele/mltlsat/Benchmarks/random/P0.333333333333333N2L80M100T100-7.mltl,0.0,7811.2,sat
/home/michele/mltlsat/Benchmarks/random/P0.333333333333333N2L80M100T100-8.mltl,0.0,7478.4,sat
/home/michele/mltlsat/Benchmarks/random/P0.333333333333333N2L80M100T100-9.mltl,0.0,7810.4,sat
/home/michele/mltlsat/Benchmarks/random/P0.333333333333333N2L85M100T100-10.mltl,-1,-1,TO
/home/michele/mltlsat/Benchmarks/random/P0.333333333333333N2L85M100T100-1.mltl,0.0,7808,sat
/home/michele/mltlsat/Benchmarks/random/P0.333333333333333N2L85M100T100-2.mltl,0.0,7835.2,unsat
/home/michele/mltlsat/Benchmarks/random/P0.333333333333333N2L85M100T100-3.mltl,0.0,7791.2,sat
/home/michele/mltlsat/Benchmarks/random/P0.333333333333333N2L85M100T100-4.mltl,0.0,7816.8,sat
/home/michele/mltlsat/Benchmarks/random/P0.333333333333333N2L85M100T100-5.mltl,0.0,7788.8,sat
/home/michele/mltlsat/Benchmarks/random/P0.333333333333333N2L85M100T100-6.mltl,0.0,7466.4,sat
/home/michele/mltlsat/Benchmarks/random/P0.333333333333333N2L85M100T100-7.mltl,0.0,7799.2,sat
/home/michele/mltlsat/Benchmarks/random/P0.333333333333333N2L85M100T100-8.mltl,0.0,7808,unsat
/home/michele/mltlsat/Benchmarks/random/P0.333333333333333N2L85M100T100-9.mltl,0.0,7789.6,unsat
/home/michele/mltlsat/Benchmarks/random/P0.333333333333333N2L90M100T100-10.mltl,0.002,9339.2,sat
/home/michele/mltlsat/Benchmarks/random/P0.333333333333333N2L90M100T100-1.mltl,0.0,7788,sat
/home/michele/mltlsat/Benchmarks/random/P0.333333333333333N2L90M100T100-2.mltl,0.0,7808.8,unsat
/home/michele/mltlsat/Benchmarks/random/P0.333333333333333N2L90M100T100-3.mltl,0.0,7804,unsat
/home/michele/mltlsat/Benchmarks/random/P0.333333333333333N2L90M100T100-4.mltl,0.0,7784,sat
/home/michele/mltlsat/Benchmarks/random/P0.333333333333333N2L90M100T100-5.mltl,0.0,7805.6,sat
/home/michele/mltlsat/Benchmarks/random/P0.333333333333333N2L90M100T100-6.mltl,0.0,7816.8,sat
/home/michele/mltlsat/Benchmarks/random/P0.333333333333333N2L90M100T100-7.mltl,0.0,7811.2,unsat
/home/michele/mltlsat/Benchmarks/random/P0.333333333333333N2L90M100T100-8.mltl,0.0,7791.2,unsat
/home/michele/mltlsat/Benchmarks/random/P0.333333333333333N2L90M100T100-9.mltl,0.0,7798.4,sat
/home/michele/mltlsat/Benchmarks/random/P0.333333333333333N2L95M100T100-10.mltl,0.0,7804,unsat
/home/michele/mltlsat/Benchmarks/random/P0.333333333333333N2L95M100T100-1.mltl,0.0,7816.8,sat
/home/michele/mltlsat/Benchmarks/random/P0.333333333333333N2L95M100T100-2.mltl,0.0,7808.8,sat
/home/michele/mltlsat/Benchmarks/random/P0.333333333333333N2L95M100T100-3.mltl,0.0,7794.4,sat
/home/michele/mltlsat/Benchmarks/random/P0.333333333333333N2L95M100T100-4.mltl,0.0,7801.6,sat
/home/michele/mltlsat/Benchmarks/random/P0.333333333333333N2L95M100T100-5.mltl,0.0,7804.8,sat
/home/michele/mltlsat/Benchmarks/random/P0.333333333333333N2L95M100T100-6.mltl,0.556,33592.8,unsat
/home/michele/mltlsat/Benchmarks/random/P0.333333333333333N2L95M100T100-7.mltl,0.0,7790.4,sat
/home/michele/mltlsat/Benchmarks/random/P0.333333333333333N2L95M100T100-8.mltl,0.0,7828,sat
/home/michele/mltlsat/Benchmarks/random/P0.333333333333333N2L95M100T100-9.mltl,0.0,7777.6,sat
/home/michele/mltlsat/Benchmarks/random/P0.333333333333333N3L100M100T100-10.mltl,0.0,7792,sat
/home/michele/mltlsat/Benchmarks/random/P0.333333333333333N3L100M100T100-1.mltl,0.002,7791.2,sat
/home/michele/mltlsat/Benchmarks/random/P0.333333333333333N3L100M100T100-2.mltl,0.0,7798.4,sat
/home/michele/mltlsat/Benchmarks/random/P0.333333333333333N3L100M100T100-3.mltl,2.266,15167.2,sat
/home/michele/mltlsat/Benchmarks/random/P0.333333333333333N3L100M100T100-4.mltl,0.442,38521.6,sat
/home/michele/mltlsat/Benchmarks/random/P0.333333333333333N3L100M100T100-5.mltl,0.0,7804,sat
/home/michele/mltlsat/Benchmarks/random/P0.333333333333333N3L100M100T100-6.mltl,0.0,7774.4,sat
/home/michele/mltlsat/Benchmarks/random/P0.333333333333333N3L100M100T100-7.mltl,0.0,7819.2,sat
/home/michele/mltlsat/Benchmarks/random/P0.333333333333333N3L100M100T100-8.mltl,0.0,7805.6,sat
/home/michele/mltlsat/Benchmarks/random/P0.333333333333333N3L100M100T100-9.mltl,0.0,7807.2,sat
/home/michele/mltlsat/Benchmarks/random/P0.333333333333333N3L10M100T100-10.mltl,0.0,7792.8,sat
/home/michele/mltlsat/Benchmarks/random/P0.333333333333333N3L10M100T100-1.mltl,0.0,7822.4,sat
/home/michele/mltlsat/Benchmarks/random/P0.333333333333333N3L10M100T100-2.mltl,0.0,7795.2,sat
/home/michele/mltlsat/Benchmarks/random/P0.333333333333333N3L10M100T100-3.mltl,0.0,7780,sat
/home/michele/mltlsat/Benchmarks/random/P0.333333333333333N3L10M100T100-4.mltl,0.0,7796.8,sat
/home/michele/mltlsat/Benchmarks/random/P0.333333333333333N3L10M100T100-5.mltl,0.0,7778.4,sat
/home/michele/mltlsat/Benchmarks/random/P0.333333333333333N3L10M100T100-6.mltl,0.0,7489.6,sat
/home/michele/mltlsat/Benchmarks/random/P0.333333333333333N3L10M100T100-7.mltl,0.0,7810.4,sat
/home/michele/mltlsat/Benchmarks/random/P0.333333333333333N3L10M100T100-8.mltl,0.0,7503.2,sat
/home/michele/mltlsat/Benchmarks/random/P0.333333333333333N3L10M100T100-9.mltl,0.0,7801.6,sat
/home/michele/mltlsat/Benchmarks/random/P0.333333333333333N3L15M100T100-10.mltl,0.0,7824,sat
/home/michele/mltlsat/Benchmarks/random/P0.333333333333333N3L15M100T100-1.mltl,0.0,7784,sat
/home/michele/mltlsat/Benchmarks/random/P0.333333333333333N3L15M100T100-2.mltl,0.0,7808.8,sat
/home/michele/mltlsat/Benchmarks/random/P0.333333333333333N3L15M100T100-3.mltl,0.0,7821.6,sat
/home/michele/mltlsat/Benchmarks/random/P0.333333333333333N3L15M100T100-4.mltl,0.0,7815.2,sat
/home/michele/mltlsat/Benchmarks/random/P0.333333333333333N3L15M100T100-5.mltl,0.0,7788,sat
/home/michele/mltlsat/Benchmarks/random/P0.333333333333333N3L15M100T100-6.mltl,0.0,7794.4,sat
/home/michele/mltlsat/Benchmarks/random/P0.333333333333333N3L15M100T100-7.mltl,0.05,11811.2,sat
/home/michele/mltlsat/Benchmarks/random/P0.333333333333333N3L15M100T100-8.mltl,0.0,7792,sat
/home/michele/mltlsat/Benchmarks/random/P0.333333333333333N3L15M100T100-9.mltl,0.0,7816,sat
/home/michele/mltlsat/Benchmarks/random/P0.333333333333333N3L20M100T100-10.mltl,0.0,7822.4,sat
/home/michele/mltlsat/Benchmarks/random/P0.333333333333333N3L20M100T100-1.mltl,0.0,7811.2,unsat
/home/michele/mltlsat/Benchmarks/random/P0.333333333333333N3L20M100T100-2.mltl,0.0,7829.6,sat
/home/michele/mltlsat/Benchmarks/random/P0.333333333333333N3L20M100T100-3.mltl,0.0,7808,sat
/home/michele/mltlsat/Benchmarks/random/P0.333333333333333N3L20M100T100-4.mltl,0.0,7828.8,sat
/home/michele/mltlsat/Benchmarks/random/P0.333333333333333N3L20M100T100-5.mltl,0.0,7776,sat
/home/michele/mltlsat/Benchmarks/random/P0.333333333333333N3L20M100T100-6.mltl,0.0,7780,sat
/home/michele/mltlsat/Benchmarks/random/P0.333333333333333N3L20M100T100-7.mltl,0.0,7794.4,sat
/home/michele/mltlsat/Benchmarks/random/P0.333333333333333N3L20M100T100-8.mltl,0.0,7842.4,sat
/home/michele/mltlsat/Benchmarks/random/P0.333333333333333N3L20M100T100-9.mltl,0.0,7803.2,sat
/home/michele/mltlsat/Benchmarks/random/P0.333333333333333N3L25M100T100-10.mltl,0.0,7794.4,sat
/home/michele/mltlsat/Benchmarks/random/P0.333333333333333N3L25M100T100-1.mltl,0.0,7820.8,sat
/home/michele/mltlsat/Benchmarks/random/P0.333333333333333N3L25M100T100-2.mltl,0.0,7456,sat
/home/michele/mltlsat/Benchmarks/random/P0.333333333333333N3L25M100T100-3.mltl,0.0,7793.6,sat
/home/michele/mltlsat/Benchmarks/random/P0.333333333333333N3L25M100T100-4.mltl,0.0,7820,sat
/home/michele/mltlsat/Benchmarks/random/P0.333333333333333N3L25M100T100-5.mltl,0.0,7805.6,sat
/home/michele/mltlsat/Benchmarks/random/P0.333333333333333N3L25M100T100-6.mltl,0.0,7803.2,sat
/home/michele/mltlsat/Benchmarks/random/P0.333333333333333N3L25M100T100-7.mltl,0.0,7824,sat
/home/michele/mltlsat/Benchmarks/random/P0.333333333333333N3L25M100T100-8.mltl,0.002,9348,sat
/home/michele/mltlsat/Benchmarks/random/P0.333333333333333N3L25M100T100-9.mltl,0.0,7775.2,sat
/home/michele/mltlsat/Benchmarks/random/P0.333333333333333N3L30M100T100-10.mltl,0.0,7775.2,sat
/home/michele/mltlsat/Benchmarks/random/P0.333333333333333N3L30M100T100-1.mltl,0.0,9326.4,sat
/home/michele/mltlsat/Benchmarks/random/P0.333333333333333N3L30M100T100-2.mltl,0.0,7795.2,sat
/home/michele/mltlsat/Benchmarks/random/P0.333333333333333N3L30M100T100-3.mltl,0.0,7792.8,sat
/home/michele/mltlsat/Benchmarks/random/P0.333333333333333N3L30M100T100-4.mltl,0.0,7796,sat
/home/michele/mltlsat/Benchmarks/random/P0.333333333333333N3L30M100T100-5.mltl,0.0,7776.8,sat
/home/michele/mltlsat/Benchmarks/random/P0.333333333333333N3L30M100T100-6.mltl,0.0,7816.8,sat
/home/michele/mltlsat/Benchmarks/random/P0.333333333333333N3L30M100T100-7.mltl,0.0,7793.6,sat
/home/michele/mltlsat/Benchmarks/random/P0.333333333333333N3L30M100T100-8.mltl,0.0,7790.4,sat
/home/michele/mltlsat/Benchmarks/random/P0.333333333333333N3L30M100T100-9.mltl,0.0,7785.6,sat
/home/michele/mltlsat/Benchmarks/random/P0.333333333333333N3L35M100T100-10.mltl,0.0,7810.4,unsat
/home/michele/mltlsat/Benchmarks/random/P0.333333333333333N3L35M100T100-1.mltl,0.0,7781.6,sat
/home/michele/mltlsat/Benchmarks/random/P0.333333333333333N3L35M100T100-2.mltl,0.0,7828,sat
/home/michele/mltlsat/Benchmarks/random/P0.333333333333333N3L35M100T100-3.mltl,0.0,7808.8,sat
/home/michele/mltlsat/Benchmarks/random/P0.333333333333333N3L35M100T100-4.mltl,0.0,7818.4,sat
/home/michele/mltlsat/Benchmarks/random/P0.333333333333333N3L35M100T100-5.mltl,0.0,7812,sat
/home/michele/mltlsat/Benchmarks/random/P0.333333333333333N3L35M100T100-6.mltl,0.0,7796.8,sat
/home/michele/mltlsat/Benchmarks/random/P0.333333333333333N3L35M100T100-7.mltl,0.002,9027.2,sat
/home/michele/mltlsat/Benchmarks/random/P0.333333333333333N3L35M100T100-8.mltl,0.0,7797.6,sat
/home/michele/mltlsat/Benchmarks/random/P0.333333333333333N3L35M100T100-9.mltl,0.0,7808.8,unsat
/home/michele/mltlsat/Benchmarks/random/P0.333333333333333N3L40M100T100-10.mltl,0.0,7775.2,sat
/home/michele/mltlsat/Benchmarks/random/P0.333333333333333N3L40M100T100-1.mltl,0.0,7476.8,sat
/home/michele/mltlsat/Benchmarks/random/P0.333333333333333N3L40M100T100-2.mltl,0.0,7463.2,sat
/home/michele/mltlsat/Benchmarks/random/P0.333333333333333N3L40M100T100-3.mltl,0.0,7801.6,sat
/home/michele/mltlsat/Benchmarks/random/P0.333333333333333N3L40M100T100-4.mltl,0.0,7820.8,sat
/home/michele/mltlsat/Benchmarks/random/P0.333333333333333N3L40M100T100-5.mltl,0.124,14840,sat
/home/michele/mltlsat/Benchmarks/random/P0.333333333333333N3L40M100T100-6.mltl,0.0,7827.2,sat
/home/michele/mltlsat/Benchmarks/random/P0.333333333333333N3L40M100T100-7.mltl,-1,-1,TO
/home/michele/mltlsat/Benchmarks/random/P0.333333333333333N3L40M100T100-8.mltl,0.0,7783.2,sat
/home/michele/mltlsat/Benchmarks/random/P0.333333333333333N3L40M100T100-9.mltl,0.0,7808,sat
/home/michele/mltlsat/Benchmarks/random/P0.333333333333333N3L45M100T100-10.mltl,0.0,7794.4,sat
/home/michele/mltlsat/Benchmarks/random/P0.333333333333333N3L45M100T100-1.mltl,0.0,7793.6,sat
/home/michele/mltlsat/Benchmarks/random/P0.333333333333333N3L45M100T100-2.mltl,0.0,7816,sat
/home/michele/mltlsat/Benchmarks/random/P0.333333333333333N3L45M100T100-3.mltl,0.0,7787.2,sat
/home/michele/mltlsat/Benchmarks/random/P0.333333333333333N3L45M100T100-4.mltl,0.0,7824,sat
/home/michele/mltlsat/Benchmarks/random/P0.333333333333333N3L45M100T100-5.mltl,0.0,7816.8,sat
/home/michele/mltlsat/Benchmarks/random/P0.333333333333333N3L45M100T100-6.mltl,0.0,7820,sat
/home/michele/mltlsat/Benchmarks/random/P0.333333333333333N3L45M100T100-7.mltl,0.09,17024.8,sat
/home/michele/mltlsat/Benchmarks/random/P0.333333333333333N3L45M100T100-8.mltl,0.0,7781.6,sat
/home/michele/mltlsat/Benchmarks/random/P0.333333333333333N3L45M100T100-9.mltl,0.0,7790.4,sat
/home/michele/mltlsat/Benchmarks/random/P0.333333333333333N3L50M100T100-10.mltl,0.0,7476.8,sat
/home/michele/mltlsat/Benchmarks/random/P0.333333333333333N3L50M100T100-1.mltl,0.0,9336.8,sat
/home/michele/mltlsat/Benchmarks/random/P0.333333333333333N3L50M100T100-2.mltl,0.0,7779.2,sat
/home/michele/mltlsat/Benchmarks/random/P0.333333333333333N3L50M100T100-3.mltl,0.0,7803.2,sat
/home/michele/mltlsat/Benchmarks/random/P0.333333333333333N3L50M100T100-4.mltl,0.0,7796,sat
/home/michele/mltlsat/Benchmarks/random/P0.333333333333333N3L50M100T100-5.mltl,0.012,9327.2,sat
/home/michele/mltlsat/Benchmarks/random/P0.333333333333333N3L50M100T100-6.mltl,0.0,7780.8,sat
/home/michele/mltlsat/Benchmarks/random/P0.333333333333333N3L50M100T100-7.mltl,0.0,7776.8,sat
/home/michele/mltlsat/Benchmarks/random/P0.333333333333333N3L50M100T100-8.mltl,0.012,9338.4,sat
/home/michele/mltlsat/Benchmarks/random/P0.333333333333333N3L50M100T100-9.mltl,0.0,7809.6,sat
/home/michele/mltlsat/Benchmarks/random/P0.333333333333333N3L55M100T100-10.mltl,0.0,7781.6,sat
/home/michele/mltlsat/Benchmarks/random/P0.333333333333333N3L55M100T100-1.mltl,0.0,7793.6,unsat
/home/michele/mltlsat/Benchmarks/random/P0.333333333333333N3L55M100T100-2.mltl,0.0,7828,unsat
/home/michele/mltlsat/Benchmarks/random/P0.333333333333333N3L55M100T100-3.mltl,0.0,7813.6,sat
/home/michele/mltlsat/Benchmarks/random/P0.333333333333333N3L55M100T100-4.mltl,0.0,7484,sat
/home/michele/mltlsat/Benchmarks/random/P0.333333333333333N3L55M100T100-5.mltl,0.0,7514.4,unsat
/home/michele/mltlsat/Benchmarks/random/P0.333333333333333N3L55M100T100-6.mltl,0.0,7783.2,sat
/home/michele/mltlsat/Benchmarks/random/P0.333333333333333N3L55M100T100-7.mltl,0.0,7780.8,sat
/home/michele/mltlsat/Benchmarks/random/P0.333333333333333N3L55M100T100-8.mltl,0.0,7814.4,sat
/home/michele/mltlsat/Benchmarks/random/P0.333333333333333N3L55M100T100-9.mltl,-1,-1,TO
/home/michele/mltlsat/Benchmarks/random/P0.333333333333333N3L5M100T100-10.mltl,0.0,7806.4,sat
/home/michele/mltlsat/Benchmarks/random/P0.333333333333333N3L5M100T100-1.mltl,0.0,7809.6,sat
/home/michele/mltlsat/Benchmarks/random/P0.333333333333333N3L5M100T100-2.mltl,0.0,7829.6,sat
/home/michele/mltlsat/Benchmarks/random/P0.333333333333333N3L5M100T100-3.mltl,0.0,7796.8,sat
/home/michele/mltlsat/Benchmarks/random/P0.333333333333333N3L5M100T100-4.mltl,0.0,7805.6,sat
/home/michele/mltlsat/Benchmarks/random/P0.333333333333333N3L5M100T100-5.mltl,0.0,7817.6,sat
/home/michele/mltlsat/Benchmarks/random/P0.333333333333333N3L5M100T100-6.mltl,0.0,7791.2,sat
/home/michele/mltlsat/Benchmarks/random/P0.333333333333333N3L5M100T100-7.mltl,0.0,7806.4,sat
/home/michele/mltlsat/Benchmarks/random/P0.333333333333333N3L5M100T100-8.mltl,0.0,7787.2,sat
/home/michele/mltlsat/Benchmarks/random/P0.333333333333333N3L5M100T100-9.mltl,0.0,7808,sat
/home/michele/mltlsat/Benchmarks/random/P0.333333333333333N3L60M100T100-10.mltl,0.02,12427.2,sat
/home/michele/mltlsat/Benchmarks/random/P0.333333333333333N3L60M100T100-1.mltl,0.0,7816,sat
/home/michele/mltlsat/Benchmarks/random/P0.333333333333333N3L60M100T100-2.mltl,0.046,10884,sat
/home/michele/mltlsat/Benchmarks/random/P0.333333333333333N3L60M100T100-3.mltl,0.0,7796,sat
/home/michele/mltlsat/Benchmarks/random/P0.333333333333333N3L60M100T100-4.mltl,-1,-1,TO
/home/michele/mltlsat/Benchmarks/random/P0.333333333333333N3L60M100T100-5.mltl,0.0,7825.6,sat
/home/michele/mltlsat/Benchmarks/random/P0.333333333333333N3L60M100T100-6.mltl,0.0,7796.8,sat
/home/michele/mltlsat/Benchmarks/random/P0.333333333333333N3L60M100T100-7.mltl,0.0,7798.4,sat
/home/michele/mltlsat/Benchmarks/random/P0.333333333333333N3L60M100T100-8.mltl,12.412,134964.8,sat
/home/michele/mltlsat/Benchmarks/random/P0.333333333333333N3L60M100T100-9.mltl,0.0,7788.8,sat
/home/michele/mltlsat/Benchmarks/random/P0.333333333333333N3L65M100T100-10.mltl,0.0,7793.6,sat
/home/michele/mltlsat/Benchmarks/random/P0.333333333333333N3L65M100T100-1.mltl,0.0,7806.4,sat
/home/michele/mltlsat/Benchmarks/random/P0.333333333333333N3L65M100T100-2.mltl,0.0,7788,sat
/home/michele/mltlsat/Benchmarks/random/P0.333333333333333N3L65M100T100-3.mltl,0.01,9360,sat
/home/michele/mltlsat/Benchmarks/random/P0.333333333333333N3L65M100T100-4.mltl,0.0,7785.6,sat
/home/michele/mltlsat/Benchmarks/random/P0.333333333333333N3L65M100T100-5.mltl,0.0,7808.8,sat
/home/michele/mltlsat/Benchmarks/random/P0.333333333333333N3L65M100T100-6.mltl,0.0,7807.2,sat
/home/michele/mltlsat/Benchmarks/random/P0.333333333333333N3L65M100T100-7.mltl,0.0,7784,sat
/home/michele/mltlsat/Benchmarks/random/P0.333333333333333N3L65M100T100-8.mltl,0.0,7802.4,unsat
/home/michele/mltlsat/Benchmarks/random/P0.333333333333333N3L65M100T100-9.mltl,0.0,7798.4,sat
/home/michele/mltlsat/Benchmarks/random/P0.333333333333333N3L70M100T100-10.mltl,0.0,7791.2,sat
/home/michele/mltlsat/Benchmarks/random/P0.333333333333333N3L70M100T100-1.mltl,0.0,7790.4,sat
/home/michele/mltlsat/Benchmarks/random/P0.333333333333333N3L70M100T100-2.mltl,0.538,41595.2,sat
/home/michele/mltlsat/Benchmarks/random/P0.333333333333333N3L70M100T100-3.mltl,0.0,7778.4,sat
/home/michele/mltlsat/Benchmarks/random/P0.333333333333333N3L70M100T100-4.mltl,0.0,7780,sat
/home/michele/mltlsat/Benchmarks/random/P0.333333333333333N3L70M100T100-5.mltl,0.0,7808.8,unsat
/home/michele/mltlsat/Benchmarks/random/P0.333333333333333N3L70M100T100-6.mltl,0.0,7804,sat
/home/michele/mltlsat/Benchmarks/random/P0.333333333333333N3L70M100T100-7.mltl,0.0,7795.2,sat
/home/michele/mltlsat/Benchmarks/random/P0.333333333333333N3L70M100T100-8.mltl,-1,-1,TO
/home/michele/mltlsat/Benchmarks/random/P0.333333333333333N3L70M100T100-9.mltl,0.0,7836,sat
/home/michele/mltlsat/Benchmarks/random/P0.333333333333333N3L75M100T100-10.mltl,0.0,7799.2,sat
/home/michele/mltlsat/Benchmarks/random/P0.333333333333333N3L75M100T100-1.mltl,0.0,7499.2,sat
/home/michele/mltlsat/Benchmarks/random/P0.333333333333333N3L75M100T100-2.mltl,14.42,107318.4,sat
/home/michele/mltlsat/Benchmarks/random/P0.333333333333333N3L75M100T100-3.mltl,0.0,7794.4,sat
/home/michele/mltlsat/Benchmarks/random/P0.333333333333333N3L75M100T100-4.mltl,0.03,10883.2,sat
/home/michele/mltlsat/Benchmarks/random/P0.333333333333333N3L75M100T100-5.mltl,0.01,13920.8,sat
/home/michele/mltlsat/Benchmarks/random/P0.333333333333333N3L75M100T100-6.mltl,0.0,7801.6,sat
/home/michele/mltlsat/Benchmarks/random/P0.333333333333333N3L75M100T100-7.mltl,0.0,7787.2,sat
/home/michele/mltlsat/Benchmarks/random/P0.333333333333333N3L75M100T100-8.mltl,0.0,7797.6,sat
/home/michele/mltlsat/Benchmarks/random/P0.333333333333333N3L75M100T100-9.mltl,0.19,32385.6,sat
/home/michele/mltlsat/Benchmarks/random/P0.333333333333333N3L80M100T100-10.mltl,0.0,7803.2,sat
/home/michele/mltlsat/Benchmarks/random/P0.333333333333333N3L80M100T100-1.mltl,0.0,7812.8,sat
/home/michele/mltlsat/Benchmarks/random/P0.333333333333333N3L80M100T100-2.mltl,0.0,7804,sat
/home/michele/mltlsat/Benchmarks/random/P0.333333333333333N3L80M100T100-3.mltl,0.0,7780,sat
/home/michele/mltlsat/Benchmarks/random/P0.333333333333333N3L80M100T100-4.mltl,0.0,9347.2,sat
/home/michele/mltlsat/Benchmarks/random/P0.333333333333333N3L80M100T100-5.mltl,0.0,7800,sat
/home/michele/mltlsat/Benchmarks/random/P0.333333333333333N3L80M100T100-6.mltl,0.0,7816.8,unsat
/home/michele/mltlsat/Benchmarks/random/P0.333333333333333N3L80M100T100-7.mltl,0.022,12400,sat
/home/michele/mltlsat/Benchmarks/random/P0.333333333333333N3L80M100T100-8.mltl,0.0,7796,sat
/home/michele/mltlsat/Benchmarks/random/P0.333333333333333N3L80M100T100-9.mltl,0.632,49288,sat
/home/michele/mltlsat/Benchmarks/random/P0.333333333333333N3L85M100T100-10.mltl,0.012,12414.4,sat
/home/michele/mltlsat/Benchmarks/random/P0.333333333333333N3L85M100T100-1.mltl,0.0,7828.8,sat
/home/michele/mltlsat/Benchmarks/random/P0.333333333333333N3L85M100T100-2.mltl,0.0,7797.6,sat
/home/michele/mltlsat/Benchmarks/random/P0.333333333333333N3L85M100T100-3.mltl,5.262,64331.2,sat
/home/michele/mltlsat/Benchmarks/random/P0.333333333333333N3L85M100T100-4.mltl,0.0,7824.8,sat
/home/michele/mltlsat/Benchmarks/random/P0.333333333333333N3L85M100T100-5.mltl,0.0,7789.6,sat
/home/michele/mltlsat/Benchmarks/random/P0.333333333333333N3L85M100T100-6.mltl,0.0,7808.8,sat
/home/michele/mltlsat/Benchmarks/random/P0.333333333333333N3L85M100T100-7.mltl,-1,-1,TO
/home/michele/mltlsat/Benchmarks/random/P0.333333333333333N3L85M100T100-8.mltl,0.0,7793.6,sat
/home/michele/mltlsat/Benchmarks/random/P0.333333333333333N3L85M100T100-9.mltl,0.02,9340,sat
/home/michele/mltlsat/Benchmarks/random/P0.333333333333333N3L90M100T100-10.mltl,0.0,7482.4,sat
/home/michele/mltlsat/Benchmarks/random/P0.333333333333333N3L90M100T100-1.mltl,0.0,7796,sat
/home/michele/mltlsat/Benchmarks/random/P0.333333333333333N3L90M100T100-2.mltl,0.0,7788.8,sat
/home/michele/mltlsat/Benchmarks/random/P0.333333333333333N3L90M100T100-3.mltl,0.0,9341.6,sat
/home/michele/mltlsat/Benchmarks/random/P0.333333333333333N3L90M100T100-4.mltl,0.0,7800.8,sat
/home/michele/mltlsat/Benchmarks/random/P0.333333333333333N3L90M100T100-5.mltl,0.0,7816.8,sat
/home/michele/mltlsat/Benchmarks/random/P0.333333333333333N3L90M100T100-6.mltl,1.208,47140.8,sat
/home/michele/mltlsat/Benchmarks/random/P0.333333333333333N3L90M100T100-7.mltl,0.0,7798.4,sat
/home/michele/mltlsat/Benchmarks/random/P0.333333333333333N3L90M100T100-8.mltl,0.0,7787.2,sat
/home/michele/mltlsat/Benchmarks/random/P0.333333333333333N3L90M100T100-9.mltl,0.0,7800,sat
/home/michele/mltlsat/Benchmarks/random/P0.333333333333333N3L95M100T100-10.mltl,0.0,7790.4,sat
/home/michele/mltlsat/Benchmarks/random/P0.333333333333333N3L95M100T100-1.mltl,0.04,12123.2,sat
/home/michele/mltlsat/Benchmarks/random/P0.333333333333333N3L95M100T100-2.mltl,0.0,7800.8,sat
/home/michele/mltlsat/Benchmarks/random/P0.333333333333333N3L95M100T100-3.mltl,0.0,7812,sat
/home/michele/mltlsat/Benchmarks/random/P0.333333333333333N3L95M100T100-4.mltl,0.0,7484,unsat
/home/michele/mltlsat/Benchmarks/random/P0.333333333333333N3L95M100T100-5.mltl,0.01,10572,sat
/home/michele/mltlsat/Benchmarks/random/P0.333333333333333N3L95M100T100-6.mltl,0.0,7782.4,sat
/home/michele/mltlsat/Benchmarks/random/P0.333333333333333N3L95M100T100-7.mltl,1.218,274771.2,sat
/home/michele/mltlsat/Benchmarks/random/P0.333333333333333N3L95M100T100-8.mltl,0.0,7810.4,unsat
/home/michele/mltlsat/Benchmarks/random/P0.333333333333333N3L95M100T100-9.mltl,8.34,76622.4,sat
/home/michele/mltlsat/Benchmarks/random/P0.333333333333333N4L100M100T100-10.mltl,0.0,7788,sat
/home/michele/mltlsat/Benchmarks/random/P0.333333333333333N4L100M100T100-1.mltl,0.0,7835.2,sat
/home/michele/mltlsat/Benchmarks/random/P0.333333333333333N4L100M100T100-2.mltl,0.0,7808,sat
/home/michele/mltlsat/Benchmarks/random/P0.333333333333333N4L100M100T100-3.mltl,0.0,9348.8,sat
/home/michele/mltlsat/Benchmarks/random/P0.333333333333333N4L100M100T100-4.mltl,0.0,7801.6,sat
/home/michele/mltlsat/Benchmarks/random/P0.333333333333333N4L100M100T100-5.mltl,0.0,7784,sat
/home/michele/mltlsat/Benchmarks/random/P0.333333333333333N4L100M100T100-6.mltl,0.502,35474.4,sat
/home/michele/mltlsat/Benchmarks/random/P0.333333333333333N4L100M100T100-7.mltl,0.0,7832,sat
/home/michele/mltlsat/Benchmarks/random/P0.333333333333333N4L100M100T100-8.mltl,0.0,7803.2,sat
/home/michele/mltlsat/Benchmarks/random/P0.333333333333333N4L100M100T100-9.mltl,0.0,7776.8,sat
/home/michele/mltlsat/Benchmarks/random/P0.333333333333333N4L10M100T100-10.mltl,0.0,7798.4,sat
/home/michele/mltlsat/Benchmarks/random/P0.333333333333333N4L10M100T100-1.mltl,0.0,7788,sat
/home/michele/mltlsat/Benchmarks/random/P0.333333333333333N4L10M100T100-2.mltl,0.0,7796.8,sat
/home/michele/mltlsat/Benchmarks/random/P0.333333333333333N4L10M100T100-3.mltl,0.0,7798.4,sat
/home/michele/mltlsat/Benchmarks/random/P0.333333333333333N4L10M100T100-4.mltl,0.0,7804,sat
/home/michele/mltlsat/Benchmarks/random/P0.333333333333333N4L10M100T100-5.mltl,0.0,7778.4,sat
/home/michele/mltlsat/Benchmarks/random/P0.333333333333333N4L10M100T100-6.mltl,0.0,7808.8,sat
/home/michele/mltlsat/Benchmarks/random/P0.333333333333333N4L10M100T100-7.mltl,0.0,7818.4,sat
/home/michele/mltlsat/Benchmarks/random/P0.333333333333333N4L10M100T100-8.mltl,0.0,7870.4,sat
/home/michele/mltlsat/Benchmarks/random/P0.333333333333333N4L10M100T100-9.mltl,0.0,7780,sat
/home/michele/mltlsat/Benchmarks/random/P0.333333333333333N4L15M100T100-10.mltl,0.0,7471.2,sat
/home/michele/mltlsat/Benchmarks/random/P0.333333333333333N4L15M100T100-1.mltl,0.0,7795.2,sat
/home/michele/mltlsat/Benchmarks/random/P0.333333333333333N4L15M100T100-2.mltl,0.0,7816.8,sat
/home/michele/mltlsat/Benchmarks/random/P0.333333333333333N4L15M100T100-3.mltl,0.0,7831.2,sat
/home/michele/mltlsat/Benchmarks/random/P0.333333333333333N4L15M100T100-4.mltl,0.0,7791.2,sat
/home/michele/mltlsat/Benchmarks/random/P0.333333333333333N4L15M100T100-5.mltl,0.0,7784,sat
/home/michele/mltlsat/Benchmarks/random/P0.333333333333333N4L15M100T100-6.mltl,0.0,7803.2,sat
/home/michele/mltlsat/Benchmarks/random/P0.333333333333333N4L15M100T100-7.mltl,0.0,7823.2,sat
/home/michele/mltlsat/Benchmarks/random/P0.333333333333333N4L15M100T100-8.mltl,0.0,7772.8,unsat
/home/michele/mltlsat/Benchmarks/random/P0.333333333333333N4L15M100T100-9.mltl,0.0,7488,sat
/home/michele/mltlsat/Benchmarks/random/P0.333333333333333N4L20M100T100-10.mltl,0.0,7778.4,sat
/home/michele/mltlsat/Benchmarks/random/P0.333333333333333N4L20M100T100-1.mltl,0.0,7786.4,sat
/home/michele/mltlsat/Benchmarks/random/P0.333333333333333N4L20M100T100-2.mltl,0.0,7805.6,sat
/home/michele/mltlsat/Benchmarks/random/P0.333333333333333N4L20M100T100-3.mltl,0.0,7787.2,unsat
/home/michele/mltlsat/Benchmarks/random/P0.333333333333333N4L20M100T100-4.mltl,0.0,7809.6,sat
/home/michele/mltlsat/Benchmarks/random/P0.333333333333333N4L20M100T100-5.mltl,0.0,7799.2,sat
/home/michele/mltlsat/Benchmarks/random/P0.333333333333333N4L20M100T100-6.mltl,0.0,7812,sat
/home/michele/mltlsat/Benchmarks/random/P0.333333333333333N4L20M100T100-7.mltl,0.0,7792.8,sat
/home/michele/mltlsat/Benchmarks/random/P0.333333333333333N4L20M100T100-8.mltl,0.0,7806.4,sat
/home/michele/mltlsat/Benchmarks/random/P0.333333333333333N4L20M100T100-9.mltl,0.0,7789.6,sat
/home/michele/mltlsat/Benchmarks/random/P0.333333333333333N4L25M100T100-10.mltl,0.0,7798.4,sat
/home/michele/mltlsat/Benchmarks/random/P0.333333333333333N4L25M100T100-1.mltl,0.0,7811.2,sat
/home/michele/mltlsat/Benchmarks/random/P0.333333333333333N4L25M100T100-2.mltl,0.0,7806.4,sat
/home/michele/mltlsat/Benchmarks/random/P0.333333333333333N4L25M100T100-3.mltl,0.0,7793.6,sat
/home/michele/mltlsat/Benchmarks/random/P0.333333333333333N4L25M100T100-4.mltl,0.0,7803.2,sat
/home/michele/mltlsat/Benchmarks/random/P0.333333333333333N4L25M100T100-5.mltl,0.0,9311.2,sat
/home/michele/mltlsat/Benchmarks/random/P0.333333333333333N4L25M100T100-6.mltl,0.0,7792.8,sat
/home/michele/mltlsat/Benchmarks/random/P0.333333333333333N4L25M100T100-7.mltl,0.0,7799.2,sat
/home/michele/mltlsat/Benchmarks/random/P0.333333333333333N4L25M100T100-8.mltl,0.0,7785.6,sat
/home/michele/mltlsat/Benchmarks/random/P0.333333333333333N4L25M100T100-9.mltl,0.0,7802.4,sat
/home/michele/mltlsat/Benchmarks/random/P0.333333333333333N4L30M100T100-10.mltl,0.0,7788,sat
/home/michele/mltlsat/Benchmarks/random/P0.333333333333333N4L30M100T100-1.mltl,0.01,12377.6,sat
/home/michele/mltlsat/Benchmarks/random/P0.333333333333333N4L30M100T100-2.mltl,0.0,7788.8,sat
/home/michele/mltlsat/Benchmarks/random/P0.333333333333333N4L30M100T100-3.mltl,0.0,7788.8,sat
/home/michele/mltlsat/Benchmarks/random/P0.333333333333333N4L30M100T100-4.mltl,0.1,10894.4,sat
/home/michele/mltlsat/Benchmarks/random/P0.333333333333333N4L30M100T100-5.mltl,0.0,7794.4,sat
/home/michele/mltlsat/Benchmarks/random/P0.333333333333333N4L30M100T100-6.mltl,0.0,7828.8,sat
/home/michele/mltlsat/Benchmarks/random/P0.333333333333333N4L30M100T100-7.mltl,0.0,7842.4,sat
/home/michele/mltlsat/Benchmarks/random/P0.333333333333333N4L30M100T100-8.mltl,0.0,7779.2,sat
/home/michele/mltlsat/Benchmarks/random/P0.333333333333333N4L30M100T100-9.mltl,0.0,7487.2,sat
/home/michele/mltlsat/Benchmarks/random/P0.333333333333333N4L35M100T100-10.mltl,0.0,7794.4,sat
/home/michele/mltlsat/Benchmarks/random/P0.333333333333333N4L35M100T100-1.mltl,0.0,7838.4,sat
/home/michele/mltlsat/Benchmarks/random/P0.333333333333333N4L35M100T100-2.mltl,0.0,7816.8,sat
/home/michele/mltlsat/Benchmarks/random/P0.333333333333333N4L35M100T100-3.mltl,0.0,7816.8,sat
/home/michele/mltlsat/Benchmarks/random/P0.333333333333333N4L35M100T100-4.mltl,0.0,7821.6,sat
/home/michele/mltlsat/Benchmarks/random/P0.333333333333333N4L35M100T100-5.mltl,0.0,7832.8,sat
/home/michele/mltlsat/Benchmarks/random/P0.333333333333333N4L35M100T100-6.mltl,0.0,7813.6,sat
/home/michele/mltlsat/Benchmarks/random/P0.333333333333333N4L35M100T100-7.mltl,0.0,7803.2,sat
/home/michele/mltlsat/Benchmarks/random/P0.333333333333333N4L35M100T100-8.mltl,0.0,7788.8,sat
/home/michele/mltlsat/Benchmarks/random/P0.333333333333333N4L35M100T100-9.mltl,0.0,7819.2,sat
/home/michele/mltlsat/Benchmarks/random/P0.333333333333333N4L40M100T100-10.mltl,0.0,7788,sat
/home/michele/mltlsat/Benchmarks/random/P0.333333333333333N4L40M100T100-1.mltl,0.0,7812,sat
/home/michele/mltlsat/Benchmarks/random/P0.333333333333333N4L40M100T100-2.mltl,0.0,7803.2,sat
/home/michele/mltlsat/Benchmarks/random/P0.333333333333333N4L40M100T100-3.mltl,0.0,7816.8,unsat
/home/michele/mltlsat/Benchmarks/random/P0.333333333333333N4L40M100T100-4.mltl,0.0,7792.8,sat
/home/michele/mltlsat/Benchmarks/random/P0.333333333333333N4L40M100T100-5.mltl,0.0,7820,sat
/home/michele/mltlsat/Benchmarks/random/P0.333333333333333N4L40M100T100-6.mltl,0.0,7820,sat
/home/michele/mltlsat/Benchmarks/random/P0.333333333333333N4L40M100T100-7.mltl,0.0,7802.4,sat
/home/michele/mltlsat/Benchmarks/random/P0.333333333333333N4L40M100T100-8.mltl,0.0,7809.6,sat
/home/michele/mltlsat/Benchmarks/random/P0.333333333333333N4L40M100T100-9.mltl,0.0,7812,sat
/home/michele/mltlsat/Benchmarks/random/P0.333333333333333N4L45M100T100-10.mltl,0.0,7814.4,sat
/home/michele/mltlsat/Benchmarks/random/P0.333333333333333N4L45M100T100-1.mltl,0.0,7797.6,sat
/home/michele/mltlsat/Benchmarks/random/P0.333333333333333N4L45M100T100-2.mltl,0.0,7798.4,unsat
/home/michele/mltlsat/Benchmarks/random/P0.333333333333333N4L45M100T100-3.mltl,0.0,7785.6,sat
/home/michele/mltlsat/Benchmarks/random/P0.333333333333333N4L45M100T100-4.mltl,0.0,7805.6,sat
/home/michele/mltlsat/Benchmarks/random/P0.333333333333333N4L45M100T100-5.mltl,0.0,7810.4,sat
/home/michele/mltlsat/Benchmarks/random/P0.333333333333333N4L45M100T100-6.mltl,0.0,7811.2,sat
/home/michele/mltlsat/Benchmarks/random/P0.333333333333333N4L45M100T100-7.mltl,0.0,7781.6,sat
/home/michele/mltlsat/Benchmarks/random/P0.333333333333333N4L45M100T100-8.mltl,0.0,7784.8,sat
/home/michele/mltlsat/Benchmarks/random/P0.333333333333333N4L45M100T100-9.mltl,0.0,7801.6,sat
/home/michele/mltlsat/Benchmarks/random/P0.333333333333333N4L50M100T100-10.mltl,0.0,7791.2,unsat
/home/michele/mltlsat/Benchmarks/random/P0.333333333333333N4L50M100T100-1.mltl,0.0,7784,sat
/home/michele/mltlsat/Benchmarks/random/P0.333333333333333N4L50M100T100-2.mltl,-1,-1,TO
/home/michele/mltlsat/Benchmarks/random/P0.333333333333333N4L50M100T100-3.mltl,0.0,7825.6,sat
/home/michele/mltlsat/Benchmarks/random/P0.333333333333333N4L50M100T100-4.mltl,-1,-1,TO
/home/michele/mltlsat/Benchmarks/random/P0.333333333333333N4L50M100T100-5.mltl,0.0,7804.8,sat
/home/michele/mltlsat/Benchmarks/random/P0.333333333333333N4L50M100T100-6.mltl,0.0,7808,sat
/home/michele/mltlsat/Benchmarks/random/P0.333333333333333N4L50M100T100-7.mltl,0.05,29291.2,sat
/home/michele/mltlsat/Benchmarks/random/P0.333333333333333N4L50M100T100-8.mltl,0.0,7822.4,sat
/home/michele/mltlsat/Benchmarks/random/P0.333333333333333N4L50M100T100-9.mltl,0.0,7800,sat
/home/michele/mltlsat/Benchmarks/random/P0.333333333333333N4L55M100T100-10.mltl,0.0,7788,sat
/home/michele/mltlsat/Benchmarks/random/P0.333333333333333N4L55M100T100-1.mltl,0.0,7798.4,unsat
/home/michele/mltlsat/Benchmarks/random/P0.333333333333333N4L55M100T100-2.mltl,0.0,9337.6,sat
/home/michele/mltlsat/Benchmarks/random/P0.333333333333333N4L55M100T100-3.mltl,0.0,7772.8,sat
/home/michele/mltlsat/Benchmarks/random/P0.333333333333333N4L55M100T100-4.mltl,0.0,7785.6,unsat
/home/michele/mltlsat/Benchmarks/random/P0.333333333333333N4L55M100T100-5.mltl,0.0,7812,sat
/home/michele/mltlsat/Benchmarks/random/P0.333333333333333N4L55M100T100-6.mltl,0.0,7788.8,sat
/home/michele/mltlsat/Benchmarks/random/P0.333333333333333N4L55M100T100-7.mltl,0.0,7767.2,sat
/home/michele/mltlsat/Benchmarks/random/P0.333333333333333N4L55M100T100-8.mltl,0.0,7820.8,sat
/home/michele/mltlsat/Benchmarks/random/P0.333333333333333N4L55M100T100-9.mltl,0.0,7498.4,sat
/home/michele/mltlsat/Benchmarks/random/P0.333333333333333N4L5M100T100-10.mltl,0.0,7820,sat
/home/michele/mltlsat/Benchmarks/random/P0.333333333333333N4L5M100T100-1.mltl,0.0,7768.8,sat
/home/michele/mltlsat/Benchmarks/random/P0.333333333333333N4L5M100T100-2.mltl,0.0,7816.8,sat
/home/michele/mltlsat/Benchmarks/random/P0.333333333333333N4L5M100T100-3.mltl,0.0,7790.4,sat
/home/michele/mltlsat/Benchmarks/random/P0.333333333333333N4L5M100T100-4.mltl,0.0,7820.8,sat
/home/michele/mltlsat/Benchmarks/random/P0.333333333333333N4L5M100T100-5.mltl,0.0,7810.4,sat
/home/michele/mltlsat/Benchmarks/random/P0.333333333333333N4L5M100T100-6.mltl,0.0,7812.8,sat
/home/michele/mltlsat/Benchmarks/random/P0.333333333333333N4L5M100T100-7.mltl,0.0,7800,sat
/home/michele/mltlsat/Benchmarks/random/P0.333333333333333N4L5M100T100-8.mltl,0.0,7792,sat
/home/michele/mltlsat/Benchmarks/random/P0.333333333333333N4L5M100T100-9.mltl,0.0,7794.4,sat
/home/michele/mltlsat/Benchmarks/random/P0.333333333333333N4L60M100T100-10.mltl,0.242,14873.6,sat
/home/michele/mltlsat/Benchmarks/random/P0.333333333333333N4L60M100T100-1.mltl,0.0,7796,sat
/home/michele/mltlsat/Benchmarks/random/P0.333333333333333N4L60M100T100-2.mltl,0.34800000000000003,11479.2,sat
/home/michele/mltlsat/Benchmarks/random/P0.333333333333333N4L60M100T100-3.mltl,0.0,7805.6,sat
/home/michele/mltlsat/Benchmarks/random/P0.333333333333333N4L60M100T100-4.mltl,0.0,7834.4,sat
/home/michele/mltlsat/Benchmarks/random/P0.333333333333333N4L60M100T100-5.mltl,0.13,18544.8,sat
/home/michele/mltlsat/Benchmarks/random/P0.333333333333333N4L60M100T100-6.mltl,0.0,7806.4,unsat
/home/michele/mltlsat/Benchmarks/random/P0.333333333333333N4L60M100T100-7.mltl,0.0,9333.6,sat
/home/michele/mltlsat/Benchmarks/random/P0.333333333333333N4L60M100T100-8.mltl,0.0,7792,sat
/home/michele/mltlsat/Benchmarks/random/P0.333333333333333N4L60M100T100-9.mltl,0.0,7768.8,sat
/home/michele/mltlsat/Benchmarks/random/P0.333333333333333N4L65M100T100-10.mltl,0.02,15473.6,sat
/home/michele/mltlsat/Benchmarks/random/P0.333333333333333N4L65M100T100-1.mltl,0.0,7802.4,sat
/home/michele/mltlsat/Benchmarks/random/P0.333333333333333N4L65M100T100-2.mltl,0.0,7816,sat
/home/michele/mltlsat/Benchmarks/random/P0.333333333333333N4L65M100T100-3.mltl,0.0,7795.2,sat
/home/michele/mltlsat/Benchmarks/random/P0.333333333333333N4L65M100T100-4.mltl,0.0,7785.6,sat
/home/michele/mltlsat/Benchmarks/random/P0.333333333333333N4L65M100T100-5.mltl,0.0,7804.8,sat
/home/michele/mltlsat/Benchmarks/random/P0.333333333333333N4L65M100T100-6.mltl,0.252,34836,sat
/home/michele/mltlsat/Benchmarks/random/P0.333333333333333N4L65M100T100-7.mltl,0.0,7814.4,sat
/home/michele/mltlsat/Benchmarks/random/P0.333333333333333N4L65M100T100-8.mltl,0.0,7797.6,sat
/home/michele/mltlsat/Benchmarks/random/P0.333333333333333N4L65M100T100-9.mltl,0.0,7809.6,sat
/home/michele/mltlsat/Benchmarks/random/P0.333333333333333N4L70M100T100-10.mltl,0.01,9322.4,sat
/home/michele/mltlsat/Benchmarks/random/P0.333333333333333N4L70M100T100-1.mltl,0.0,7809.6,sat
/home/michele/mltlsat/Benchmarks/random/P0.333333333333333N4L70M100T100-2.mltl,0.05,27773.6,sat
/home/michele/mltlsat/Benchmarks/random/P0.333333333333333N4L70M100T100-3.mltl,-1,-1,TO
/home/michele/mltlsat/Benchmarks/random/P0.333333333333333N4L70M100T100-4.mltl,0.01,9322.4,sat
/home/michele/mltlsat/Benchmarks/random/P0.333333333333333N4L70M100T100-5.mltl,0.0,7804.8,sat
/home/michele/mltlsat/Benchmarks/random/P0.333333333333333N4L70M100T100-6.mltl,0.0,7781.6,sat
/home/michele/mltlsat/Benchmarks/random/P0.333333333333333N4L70M100T100-7.mltl,0.0,7773.6,sat
/home/michele/mltlsat/Benchmarks/random/P0.333333333333333N4L70M100T100-8.mltl,4.086,60323.2,sat
/home/michele/mltlsat/Benchmarks/random/P0.333333333333333N4L70M100T100-9.mltl,0.0,7799.2,sat
/home/michele/mltlsat/Benchmarks/random/P0.333333333333333N4L75M100T100-10.mltl,0.0,7796.8,sat
/home/michele/mltlsat/Benchmarks/random/P0.333333333333333N4L75M100T100-1.mltl,0.0,9328.8,sat
/home/michele/mltlsat/Benchmarks/random/P0.333333333333333N4L75M100T100-2.mltl,0.0,7790.4,unsat
/home/michele/mltlsat/Benchmarks/random/P0.333333333333333N4L75M100T100-3.mltl,0.0,7813.6,sat
/home/michele/mltlsat/Benchmarks/random/P0.333333333333333N4L75M100T100-4.mltl,0.0,7796.8,sat
/home/michele/mltlsat/Benchmarks/random/P0.333333333333333N4L75M100T100-5.mltl,0.002,9321.6,sat
/home/michele/mltlsat/Benchmarks/random/P0.333333333333333N4L75M100T100-6.mltl,0.0,7778.4,sat
/home/michele/mltlsat/Benchmarks/random/P0.333333333333333N4L75M100T100-7.mltl,0.0,7800.8,sat
/home/michele/mltlsat/Benchmarks/random/P0.333333333333333N4L75M100T100-8.mltl,0.0,7800,sat
/home/michele/mltlsat/Benchmarks/random/P0.333333333333333N4L75M100T100-9.mltl,0.03,20089.6,sat
/home/michele/mltlsat/Benchmarks/random/P0.333333333333333N4L80M100T100-10.mltl,0.0,7774.4,unsat
/home/michele/mltlsat/Benchmarks/random/P0.333333333333333N4L80M100T100-1.mltl,0.0,7800,sat
/home/michele/mltlsat/Benchmarks/random/P0.333333333333333N4L80M100T100-2.mltl,0.0,7804.8,sat
/home/michele/mltlsat/Benchmarks/random/P0.333333333333333N4L80M100T100-3.mltl,0.0,7820.8,sat
/home/michele/mltlsat/Benchmarks/random/P0.333333333333333N4L80M100T100-4.mltl,-1,-1,TO
/home/michele/mltlsat/Benchmarks/random/P0.333333333333333N4L80M100T100-5.mltl,0.328,46179.2,sat
/home/michele/mltlsat/Benchmarks/random/P0.333333333333333N4L80M100T100-6.mltl,0.026,9319.2,sat
/home/michele/mltlsat/Benchmarks/random/P0.333333333333333N4L80M100T100-7.mltl,0.0,7792,unsat
/home/michele/mltlsat/Benchmarks/random/P0.333333333333333N4L80M100T100-8.mltl,0.0,7795.2,sat
/home/michele/mltlsat/Benchmarks/random/P0.333333333333333N4L80M100T100-9.mltl,0.0,9336.8,sat
/home/michele/mltlsat/Benchmarks/random/P0.333333333333333N4L85M100T100-10.mltl,0.0,7775.2,sat
/home/michele/mltlsat/Benchmarks/random/P0.333333333333333N4L85M100T100-1.mltl,0.0,7801.6,sat
/home/michele/mltlsat/Benchmarks/random/P0.333333333333333N4L85M100T100-2.mltl,0.0,7788,sat
/home/michele/mltlsat/Benchmarks/random/P0.333333333333333N4L85M100T100-3.mltl,0.0,7792,sat
/home/michele/mltlsat/Benchmarks/random/P0.333333333333333N4L85M100T100-4.mltl,1.392,166006.4,sat
/home/michele/mltlsat/Benchmarks/random/P0.333333333333333N4L85M100T100-5.mltl,0.0,7799.2,sat
/home/michele/mltlsat/Benchmarks/random/P0.333333333333333N4L85M100T100-6.mltl,0.0,7792.8,sat
/home/michele/mltlsat/Benchmarks/random/P0.333333333333333N4L85M100T100-7.mltl,0.0,7800.8,sat
/home/michele/mltlsat/Benchmarks/random/P0.333333333333333N4L85M100T100-8.mltl,0.214,24391.2,sat
/home/michele/mltlsat/Benchmarks/random/P0.333333333333333N4L85M100T100-9.mltl,0.0,7817.6,sat
/home/michele/mltlsat/Benchmarks/random/P0.333333333333333N4L90M100T100-10.mltl,0.0,7802.4,sat
/home/michele/mltlsat/Benchmarks/random/P0.333333333333333N4L90M100T100-1.mltl,0.0,7800.8,sat
/home/michele/mltlsat/Benchmarks/random/P0.333333333333333N4L90M100T100-2.mltl,0.0,7808,sat
/home/michele/mltlsat/Benchmarks/random/P0.333333333333333N4L90M100T100-3.mltl,0.0,7793.6,sat
/home/michele/mltlsat/Benchmarks/random/P0.333333333333333N4L90M100T100-4.mltl,0.0,9335.2,sat
/home/michele/mltlsat/Benchmarks/random/P0.333333333333333N4L90M100T100-5.mltl,0.13,26217.6,sat
/home/michele/mltlsat/Benchmarks/random/P0.333333333333333N4L90M100T100-6.mltl,0.264,32058.4,sat
/home/michele/mltlsat/Benchmarks/random/P0.333333333333333N4L90M100T100-7.mltl,0.0,7771.2,unsat
/home/michele/mltlsat/Benchmarks/random/P0.333333333333333N4L90M100T100-8.mltl,0.0,7821.6,sat
/home/michele/mltlsat/Benchmarks/random/P0.333333333333333N4L90M100T100-9.mltl,0.0,7767.2,sat
/home/michele/mltlsat/Benchmarks/random/P0.333333333333333N4L95M100T100-10.mltl,0.0,7828,sat
/home/michele/mltlsat/Benchmarks/random/P0.333333333333333N4L95M100T100-1.mltl,0.0,7807.2,sat
/home/michele/mltlsat/Benchmarks/random/P0.333333333333333N4L95M100T100-2.mltl,0.0,7807.2,sat
/home/michele/mltlsat/Benchmarks/random/P0.333333333333333N4L95M100T100-3.mltl,0.0,7762.4,sat
/home/michele/mltlsat/Benchmarks/random/P0.333333333333333N4L95M100T100-4.mltl,0.0,7795.2,sat
/home/michele/mltlsat/Benchmarks/random/P0.333333333333333N4L95M100T100-5.mltl,0.0,7811.2,sat
/home/michele/mltlsat/Benchmarks/random/P0.333333333333333N4L95M100T100-6.mltl,0.0,7762.4,sat
/home/michele/mltlsat/Benchmarks/random/P0.333333333333333N4L95M100T100-7.mltl,0.0,7797.6,unsat
/home/michele/mltlsat/Benchmarks/random/P0.333333333333333N4L95M100T100-8.mltl,0.0,7791.2,unsat
/home/michele/mltlsat/Benchmarks/random/P0.333333333333333N4L95M100T100-9.mltl,0.194,9040.8,sat
/home/michele/mltlsat/Benchmarks/random/P0.333333333333333N5L100M100T100-10.mltl,0.0,7834.4,sat
/home/michele/mltlsat/Benchmarks/random/P0.333333333333333N5L100M100T100-1.mltl,0.002,9322.4,sat
/home/michele/mltlsat/Benchmarks/random/P0.333333333333333N5L100M100T100-2.mltl,0.0,7820.8,sat
/home/michele/mltlsat/Benchmarks/random/P0.333333333333333N5L100M100T100-3.mltl,0.0,7798.4,sat
/home/michele/mltlsat/Benchmarks/random/P0.333333333333333N5L100M100T100-4.mltl,-1,-1,TO
/home/michele/mltlsat/Benchmarks/random/P0.333333333333333N5L100M100T100-5.mltl,0.0,7788,sat
/home/michele/mltlsat/Benchmarks/random/P0.333333333333333N5L100M100T100-6.mltl,0.358,44644.8,sat
/home/michele/mltlsat/Benchmarks/random/P0.333333333333333N5L100M100T100-7.mltl,3.416,107010.4,sat
/home/michele/mltlsat/Benchmarks/random/P0.333333333333333N5L100M100T100-8.mltl,0.0,7804,sat
/home/michele/mltlsat/Benchmarks/random/P0.333333333333333N5L100M100T100-9.mltl,0.0,7792.8,sat
/home/michele/mltlsat/Benchmarks/random/P0.333333333333333N5L10M100T100-10.mltl,0.0,7775.2,sat
/home/michele/mltlsat/Benchmarks/random/P0.333333333333333N5L10M100T100-1.mltl,0.0,7804,sat
/home/michele/mltlsat/Benchmarks/random/P0.333333333333333N5L10M100T100-2.mltl,0.0,7792,sat
/home/michele/mltlsat/Benchmarks/random/P0.333333333333333N5L10M100T100-3.mltl,0.0,7808,sat
/home/michele/mltlsat/Benchmarks/random/P0.333333333333333N5L10M100T100-4.mltl,0.0,7805.6,sat
/home/michele/mltlsat/Benchmarks/random/P0.333333333333333N5L10M100T100-5.mltl,0.0,7795.2,sat
/home/michele/mltlsat/Benchmarks/random/P0.333333333333333N5L10M100T100-6.mltl,0.0,7785.6,sat
/home/michele/mltlsat/Benchmarks/random/P0.333333333333333N5L10M100T100-7.mltl,0.0,7780.8,sat
/home/michele/mltlsat/Benchmarks/random/P0.333333333333333N5L10M100T100-8.mltl,0.0,7812,sat
/home/michele/mltlsat/Benchmarks/random/P0.333333333333333N5L10M100T100-9.mltl,0.0,7787.2,sat
/home/michele/mltlsat/Benchmarks/random/P0.333333333333333N5L15M100T100-10.mltl,0.0,7796,sat
/home/michele/mltlsat/Benchmarks/random/P0.333333333333333N5L15M100T100-1.mltl,0.0,7802.4,sat
/home/michele/mltlsat/Benchmarks/random/P0.333333333333333N5L15M100T100-2.mltl,0.0,7840.8,sat
/home/michele/mltlsat/Benchmarks/random/P0.333333333333333N5L15M100T100-3.mltl,0.0,7784,sat
/home/michele/mltlsat/Benchmarks/random/P0.333333333333333N5L15M100T100-4.mltl,0.0,7794.4,sat
/home/michele/mltlsat/Benchmarks/random/P0.333333333333333N5L15M100T100-5.mltl,0.0,7819.2,unsat
/home/michele/mltlsat/Benchmarks/random/P0.333333333333333N5L15M100T100-6.mltl,0.0,7821.6,sat
/home/michele/mltlsat/Benchmarks/random/P0.333333333333333N5L15M100T100-7.mltl,0.0,7798.4,sat
/home/michele/mltlsat/Benchmarks/random/P0.333333333333333N5L15M100T100-8.mltl,0.0,7788,sat
/home/michele/mltlsat/Benchmarks/random/P0.333333333333333N5L15M100T100-9.mltl,0.0,7806.4,sat
/home/michele/mltlsat/Benchmarks/random/P0.333333333333333N5L20M100T100-10.mltl,0.0,7808,sat
/home/michele/mltlsat/Benchmarks/random/P0.333333333333333N5L20M100T100-1.mltl,0.0,7800.8,sat
/home/michele/mltlsat/Benchmarks/random/P0.333333333333333N5L20M100T100-2.mltl,0.0,7797.6,sat
/home/michele/mltlsat/Benchmarks/random/P0.333333333333333N5L20M100T100-3.mltl,0.0,7807.2,sat
/home/michele/mltlsat/Benchmarks/random/P0.333333333333333N5L20M100T100-4.mltl,-1,-1,TO
/home/michele/mltlsat/Benchmarks/random/P0.333333333333333N5L20M100T100-5.mltl,0.0,7805.6,sat
/home/michele/mltlsat/Benchmarks/random/P0.333333333333333N5L20M100T100-6.mltl,0.0,7788.8,sat
/home/michele/mltlsat/Benchmarks/random/P0.333333333333333N5L20M100T100-7.mltl,0.0,7791.2,sat
/home/michele/mltlsat/Benchmarks/random/P0.333333333333333N5L20M100T100-8.mltl,0.0,7792.8,sat
/home/michele/mltlsat/Benchmarks/random/P0.333333333333333N5L20M100T100-9.mltl,0.0,7791.2,sat
/home/michele/mltlsat/Benchmarks/random/P0.333333333333333N5L25M100T100-10.mltl,0.0,7811.2,sat
/home/michele/mltlsat/Benchmarks/random/P0.333333333333333N5L25M100T100-1.mltl,0.0,7800,sat
/home/michele/mltlsat/Benchmarks/random/P0.333333333333333N5L25M100T100-2.mltl,0.0,7799.2,sat
/home/michele/mltlsat/Benchmarks/random/P0.333333333333333N5L25M100T100-3.mltl,0.0,7831.2,sat
/home/michele/mltlsat/Benchmarks/random/P0.333333333333333N5L25M100T100-4.mltl,0.0,7800,sat
/home/michele/mltlsat/Benchmarks/random/P0.333333333333333N5L25M100T100-5.mltl,0.0,7807.2,sat
/home/michele/mltlsat/Benchmarks/random/P0.333333333333333N5L25M100T100-6.mltl,0.0,7782.4,sat
/home/michele/mltlsat/Benchmarks/random/P0.333333333333333N5L25M100T100-7.mltl,0.0,7805.6,sat
/home/michele/mltlsat/Benchmarks/random/P0.333333333333333N5L25M100T100-8.mltl,0.0,7792,sat
/home/michele/mltlsat/Benchmarks/random/P0.333333333333333N5L25M100T100-9.mltl,0.0,7807.2,sat
/home/michele/mltlsat/Benchmarks/random/P0.333333333333333N5L30M100T100-10.mltl,0.0,7800.8,sat
/home/michele/mltlsat/Benchmarks/random/P0.333333333333333N5L30M100T100-1.mltl,0.0,7822.4,sat
/home/michele/mltlsat/Benchmarks/random/P0.333333333333333N5L30M100T100-2.mltl,0.0,7788.8,sat
/home/michele/mltlsat/Benchmarks/random/P0.333333333333333N5L30M100T100-3.mltl,0.0,7780,sat
/home/michele/mltlsat/Benchmarks/random/P0.333333333333333N5L30M100T100-4.mltl,0.0,7805.6,sat
/home/michele/mltlsat/Benchmarks/random/P0.333333333333333N5L30M100T100-5.mltl,0.0,7804.8,sat
/home/michele/mltlsat/Benchmarks/random/P0.333333333333333N5L30M100T100-6.mltl,0.0,7808.8,sat
/home/michele/mltlsat/Benchmarks/random/P0.333333333333333N5L30M100T100-7.mltl,0.0,7829.6,sat
/home/michele/mltlsat/Benchmarks/random/P0.333333333333333N5L30M100T100-8.mltl,0.0,7803.2,sat
/home/michele/mltlsat/Benchmarks/random/P0.333333333333333N5L30M100T100-9.mltl,0.0,7790.4,sat
/home/michele/mltlsat/Benchmarks/random/P0.333333333333333N5L35M100T100-10.mltl,0.0,7819.2,sat
/home/michele/mltlsat/Benchmarks/random/P0.333333333333333N5L35M100T100-1.mltl,0.0,7830.4,sat
/home/michele/mltlsat/Benchmarks/random/P0.333333333333333N5L35M100T100-2.mltl,0.0,7772.8,sat
/home/michele/mltlsat/Benchmarks/random/P0.333333333333333N5L35M100T100-3.mltl,0.0,7808.8,sat
/home/michele/mltlsat/Benchmarks/random/P0.333333333333333N5L35M100T100-4.mltl,0.0,7798.4,sat
/home/michele/mltlsat/Benchmarks/random/P0.333333333333333N5L35M100T100-5.mltl,0.0,7786.4,sat
/home/michele/mltlsat/Benchmarks/random/P0.333333333333333N5L35M100T100-6.mltl,0.0,7825.6,sat
/home/michele/mltlsat/Benchmarks/random/P0.333333333333333N5L35M100T100-7.mltl,0.0,9320,sat
/home/michele/mltlsat/Benchmarks/random/P0.333333333333333N5L35M100T100-8.mltl,0.0,7772.8,sat
/home/michele/mltlsat/Benchmarks/random/P0.333333333333333N5L35M100T100-9.mltl,0.0,7811.2,sat
/home/michele/mltlsat/Benchmarks/random/P0.333333333333333N5L40M100T100-10.mltl,0.0,7784.8,unsat
/home/michele/mltlsat/Benchmarks/random/P0.333333333333333N5L40M100T100-1.mltl,0.0,7804.8,sat
/home/michele/mltlsat/Benchmarks/random/P0.333333333333333N5L40M100T100-2.mltl,0.0,9316.8,sat
/home/michele/mltlsat/Benchmarks/random/P0.333333333333333N5L40M100T100-3.mltl,-1,-1,TO
/home/michele/mltlsat/Benchmarks/random/P0.333333333333333N5L40M100T100-4.mltl,0.0,7797.6,sat
/home/michele/mltlsat/Benchmarks/random/P0.333333333333333N5L40M100T100-5.mltl,0.0,7848.8,unsat
/home/michele/mltlsat/Benchmarks/random/P0.333333333333333N5L40M100T100-6.mltl,0.0,7799.2,sat
/home/michele/mltlsat/Benchmarks/random/P0.333333333333333N5L40M100T100-7.mltl,0.0,7792,sat
/home/michele/mltlsat/Benchmarks/random/P0.333333333333333N5L40M100T100-8.mltl,0.0,7792,sat
/home/michele/mltlsat/Benchmarks/random/P0.333333333333333N5L40M100T100-9.mltl,0.01,9312,sat
/home/michele/mltlsat/Benchmarks/random/P0.333333333333333N5L45M100T100-10.mltl,0.0,7509.6,sat
/home/michele/mltlsat/Benchmarks/random/P0.333333333333333N5L45M100T100-1.mltl,0.0,7795.2,sat
/home/michele/mltlsat/Benchmarks/random/P0.333333333333333N5L45M100T100-2.mltl,0.0,7838.4,sat
/home/michele/mltlsat/Benchmarks/random/P0.333333333333333N5L45M100T100-3.mltl,0.0,9354.4,sat
/home/michele/mltlsat/Benchmarks/random/P0.333333333333333N5L45M100T100-4.mltl,0.0,7788,sat
/home/michele/mltlsat/Benchmarks/random/P0.333333333333333N5L45M100T100-5.mltl,0.0,7788,sat
/home/michele/mltlsat/Benchmarks/random/P0.333333333333333N5L45M100T100-6.mltl,0.0,7794.4,unsat
/home/michele/mltlsat/Benchmarks/random/P0.333333333333333N5L45M100T100-7.mltl,0.0,7799.2,sat
/home/michele/mltlsat/Benchmarks/random/P0.333333333333333N5L45M100T100-8.mltl,0.0,7793.6,sat
/home/michele/mltlsat/Benchmarks/random/P0.333333333333333N5L45M100T100-9.mltl,0.0,7797.6,sat
/home/michele/mltlsat/Benchmarks/random/P0.333333333333333N5L50M100T100-10.mltl,0.0,7808.8,sat
/home/michele/mltlsat/Benchmarks/random/P0.333333333333333N5L50M100T100-1.mltl,0.0,7793.6,sat
/home/michele/mltlsat/Benchmarks/random/P0.333333333333333N5L50M100T100-2.mltl,0.0,7794.4,sat
/home/michele/mltlsat/Benchmarks/random/P0.333333333333333N5L50M100T100-3.mltl,0.0,7796,sat
/home/michele/mltlsat/Benchmarks/random/P0.333333333333333N5L50M100T100-4.mltl,0.0,7800.8,sat
/home/michele/mltlsat/Benchmarks/random/P0.333333333333333N5L50M100T100-5.mltl,0.0,7820.8,sat
/home/michele/mltlsat/Benchmarks/random/P0.333333333333333N5L50M100T100-6.mltl,0.0,7813.6,sat
/home/michele/mltlsat/Benchmarks/random/P0.333333333333333N5L50M100T100-7.mltl,0.0,7813.6,unsat
/home/michele/mltlsat/Benchmarks/random/P0.333333333333333N5L50M100T100-8.mltl,0.0,7810.4,sat
/home/michele/mltlsat/Benchmarks/random/P0.333333333333333N5L50M100T100-9.mltl,0.0,7768,sat
/home/michele/mltlsat/Benchmarks/random/P0.333333333333333N5L55M100T100-10.mltl,0.186,29299.2,sat
/home/michele/mltlsat/Benchmarks/random/P0.333333333333333N5L55M100T100-1.mltl,0.01,12396.8,sat
/home/michele/mltlsat/Benchmarks/random/P0.333333333333333N5L55M100T100-2.mltl,0.0,7813.6,sat
/home/michele/mltlsat/Benchmarks/random/P0.333333333333333N5L55M100T100-3.mltl,0.0,7803.2,sat
/home/michele/mltlsat/Benchmarks/random/P0.333333333333333N5L55M100T100-4.mltl,0.0,7806.4,sat
/home/michele/mltlsat/Benchmarks/random/P0.333333333333333N5L55M100T100-5.mltl,0.0,10868.8,sat
/home/michele/mltlsat/Benchmarks/random/P0.333333333333333N5L55M100T100-6.mltl,0.0,9340.8,sat
/home/michele/mltlsat/Benchmarks/random/P0.333333333333333N5L55M100T100-7.mltl,0.0,7804,sat
/home/michele/mltlsat/Benchmarks/random/P0.333333333333333N5L55M100T100-8.mltl,0.0,7804.8,sat
/home/michele/mltlsat/Benchmarks/random/P0.333333333333333N5L55M100T100-9.mltl,0.0,7793.6,sat
/home/michele/mltlsat/Benchmarks/random/P0.333333333333333N5L5M100T100-10.mltl,0.0,7815.2,sat
/home/michele/mltlsat/Benchmarks/random/P0.333333333333333N5L5M100T100-1.mltl,0.0,7800.8,sat
/home/michele/mltlsat/Benchmarks/random/P0.333333333333333N5L5M100T100-2.mltl,0.0,7784,sat
/home/michele/mltlsat/Benchmarks/random/P0.333333333333333N5L5M100T100-3.mltl,0.0,7788,sat
/home/michele/mltlsat/Benchmarks/random/P0.333333333333333N5L5M100T100-4.mltl,0.0,7804.8,sat
/home/michele/mltlsat/Benchmarks/random/P0.333333333333333N5L5M100T100-5.mltl,0.0,7801.6,sat
/home/michele/mltlsat/Benchmarks/random/P0.333333333333333N5L5M100T100-6.mltl,0.0,7793.6,sat
/home/michele/mltlsat/Benchmarks/random/P0.333333333333333N5L5M100T100-7.mltl,0.0,7808.8,sat
/home/michele/mltlsat/Benchmarks/random/P0.333333333333333N5L5M100T100-8.mltl,0.0,7813.6,sat
/home/michele/mltlsat/Benchmarks/random/P0.333333333333333N5L5M100T100-9.mltl,0.0,7802.4,sat
/home/michele/mltlsat/Benchmarks/random/P0.333333333333333N5L60M100T100-10.mltl,0.0,7794.4,sat
/home/michele/mltlsat/Benchmarks/random/P0.333333333333333N5L60M100T100-1.mltl,0.0,9348,sat
/home/michele/mltlsat/Benchmarks/random/P0.333333333333333N5L60M100T100-2.mltl,0.0,7836,sat
/home/michele/mltlsat/Benchmarks/random/P0.333333333333333N5L60M100T100-3.mltl,0.01,10862.4,sat
/home/michele/mltlsat/Benchmarks/random/P0.333333333333333N5L60M100T100-4.mltl,0.0,7794.4,sat
/home/michele/mltlsat/Benchmarks/random/P0.333333333333333N5L60M100T100-5.mltl,0.0,7795.2,sat
/home/michele/mltlsat/Benchmarks/random/P0.333333333333333N5L60M100T100-6.mltl,0.0,7802.4,sat
/home/michele/mltlsat/Benchmarks/random/P0.333333333333333N5L60M100T100-7.mltl,117.75,17039.2,sat
/home/michele/mltlsat/Benchmarks/random/P0.333333333333333N5L60M100T100-8.mltl,0.0,7807.2,sat
/home/michele/mltlsat/Benchmarks/random/P0.333333333333333N5L60M100T100-9.mltl,0.0,7792,sat
/home/michele/mltlsat/Benchmarks/random/P0.333333333333333N5L65M100T100-10.mltl,0.01,7818.4,sat
/home/michele/mltlsat/Benchmarks/random/P0.333333333333333N5L65M100T100-1.mltl,0.0,7792,sat
/home/michele/mltlsat/Benchmarks/random/P0.333333333333333N5L65M100T100-2.mltl,0.0,7796.8,sat
/home/michele/mltlsat/Benchmarks/random/P0.333333333333333N5L65M100T100-3.mltl,0.0,7785.6,sat
/home/michele/mltlsat/Benchmarks/random/P0.333333333333333N5L65M100T100-4.mltl,0.0,9340,sat
/home/michele/mltlsat/Benchmarks/random/P0.333333333333333N5L65M100T100-5.mltl,0.0,7799.2,sat
/home/michele/mltlsat/Benchmarks/random/P0.333333333333333N5L65M100T100-6.mltl,0.0,7794.4,unsat
/home/michele/mltlsat/Benchmarks/random/P0.333333333333333N5L65M100T100-7.mltl,0.0,7489.6,sat
/home/michele/mltlsat/Benchmarks/random/P0.333333333333333N5L65M100T100-8.mltl,0.0,7799.2,sat
/home/michele/mltlsat/Benchmarks/random/P0.333333333333333N5L65M100T100-9.mltl,0.01,13947.2,sat
/home/michele/mltlsat/Benchmarks/random/P0.333333333333333N5L70M100T100-10.mltl,0.0,7786.4,sat
/home/michele/mltlsat/Benchmarks/random/P0.333333333333333N5L70M100T100-1.mltl,0.0,7788,sat
/home/michele/mltlsat/Benchmarks/random/P0.333333333333333N5L70M100T100-2.mltl,0.02,12386.4,sat
/home/michele/mltlsat/Benchmarks/random/P0.333333333333333N5L70M100T100-3.mltl,0.0,7800,sat
/home/michele/mltlsat/Benchmarks/random/P0.333333333333333N5L70M100T100-4.mltl,0.0,7793.6,sat
/home/michele/mltlsat/Benchmarks/random/P0.333333333333333N5L70M100T100-5.mltl,0.0,7799.2,sat
/home/michele/mltlsat/Benchmarks/random/P0.333333333333333N5L70M100T100-6.mltl,0.0,7772.8,sat
/home/michele/mltlsat/Benchmarks/random/P0.333333333333333N5L70M100T100-7.mltl,0.0,7780.8,sat
/home/michele/mltlsat/Benchmarks/random/P0.333333333333333N5L70M100T100-8.mltl,0.0,7774.4,sat
/home/michele/mltlsat/Benchmarks/random/P0.333333333333333N5L70M100T100-9.mltl,0.0,7786.4,sat
/home/michele/mltlsat/Benchmarks/random/P0.333333333333333N5L75M100T100-10.mltl,0.0,7808,unsat
/home/michele/mltlsat/Benchmarks/random/P0.333333333333333N5L75M100T100-1.mltl,0.0,7792,sat
/home/michele/mltlsat/Benchmarks/random/P0.333333333333333N5L75M100T100-2.mltl,0.0,7798.4,sat
/home/michele/mltlsat/Benchmarks/random/P0.333333333333333N5L75M100T100-3.mltl,0.0,7814.4,sat
/home/michele/mltlsat/Benchmarks/random/P0.333333333333333N5L75M100T100-4.mltl,0.16,23163.2,sat
/home/michele/mltlsat/Benchmarks/random/P0.333333333333333N5L75M100T100-5.mltl,0.0,7795.2,sat
/home/michele/mltlsat/Benchmarks/random/P0.333333333333333N5L75M100T100-6.mltl,0.0,9348.8,sat
/home/michele/mltlsat/Benchmarks/random/P0.333333333333333N5L75M100T100-7.mltl,0.0,7812.8,sat
/home/michele/mltlsat/Benchmarks/random/P0.333333333333333N5L75M100T100-8.mltl,0.0,9373.6,sat
/home/michele/mltlsat/Benchmarks/random/P0.333333333333333N5L75M100T100-9.mltl,0.06,32394.4,sat
/home/michele/mltlsat/Benchmarks/random/P0.333333333333333N5L80M100T100-10.mltl,0.0,7828.8,sat
/home/michele/mltlsat/Benchmarks/random/P0.333333333333333N5L80M100T100-1.mltl,0.0,7799.2,sat
/home/michele/mltlsat/Benchmarks/random/P0.333333333333333N5L80M100T100-2.mltl,0.0,7504.8,sat
/home/michele/mltlsat/Benchmarks/random/P0.333333333333333N5L80M100T100-3.mltl,0.0,7793.6,sat
/home/michele/mltlsat/Benchmarks/random/P0.333333333333333N5L80M100T100-4.mltl,0.0,7775.2,sat
/home/michele/mltlsat/Benchmarks/random/P0.333333333333333N5L80M100T100-5.mltl,0.06,17023.2,sat
/home/michele/mltlsat/Benchmarks/random/P0.333333333333333N5L80M100T100-6.mltl,0.0,7795.2,sat
/home/michele/mltlsat/Benchmarks/random/P0.333333333333333N5L80M100T100-7.mltl,-1,-1,TO
/home/michele/mltlsat/Benchmarks/random/P0.333333333333333N5L80M100T100-8.mltl,0.0,7795.2,sat
/home/michele/mltlsat/Benchmarks/random/P0.333333333333333N5L80M100T100-9.mltl,0.0,7822.4,sat
/home/michele/mltlsat/Benchmarks/random/P0.333333333333333N5L85M100T100-10.mltl,0.0,7803.2,sat
/home/michele/mltlsat/Benchmarks/random/P0.333333333333333N5L85M100T100-1.mltl,0.0,9351.2,sat
/home/michele/mltlsat/Benchmarks/random/P0.333333333333333N5L85M100T100-2.mltl,1.478,10562.4,sat
/home/michele/mltlsat/Benchmarks/random/P0.333333333333333N5L85M100T100-3.mltl,0.0,7824,sat
/home/michele/mltlsat/Benchmarks/random/P0.333333333333333N5L85M100T100-4.mltl,0.0,7785.6,sat
/home/michele/mltlsat/Benchmarks/random/P0.333333333333333N5L85M100T100-5.mltl,0.0,7801.6,sat
/home/michele/mltlsat/Benchmarks/random/P0.333333333333333N5L85M100T100-6.mltl,0.0,7791.2,unsat
/home/michele/mltlsat/Benchmarks/random/P0.333333333333333N5L85M100T100-7.mltl,0.0,9328.8,sat
/home/michele/mltlsat/Benchmarks/random/P0.333333333333333N5L85M100T100-8.mltl,0.0,7812,sat
/home/michele/mltlsat/Benchmarks/random/P0.333333333333333N5L85M100T100-9.mltl,0.0,7816,sat
/home/michele/mltlsat/Benchmarks/random/P0.333333333333333N5L90M100T100-10.mltl,0.0,7814.4,sat
/home/michele/mltlsat/Benchmarks/random/P0.333333333333333N5L90M100T100-1.mltl,0.01,9353.6,sat
/home/michele/mltlsat/Benchmarks/random/P0.333333333333333N5L90M100T100-2.mltl,0.0,7800.8,sat
/home/michele/mltlsat/Benchmarks/random/P0.333333333333333N5L90M100T100-3.mltl,0.0,7812.8,sat
/home/michele/mltlsat/Benchmarks/random/P0.333333333333333N5L90M100T100-4.mltl,0.0,7785.6,sat
/home/michele/mltlsat/Benchmarks/random/P0.333333333333333N5L90M100T100-5.mltl,6.532,327891.2,sat
/home/michele/mltlsat/Benchmarks/random/P0.333333333333333N5L90M100T100-6.mltl,0.0,7804.8,sat
/home/michele/mltlsat/Benchmarks/random/P0.333333333333333N5L90M100T100-7.mltl,0.0,9332.8,sat
/home/michele/mltlsat/Benchmarks/random/P0.333333333333333N5L90M100T100-8.mltl,0.0,7802.4,sat
/home/michele/mltlsat/Benchmarks/random/P0.333333333333333N5L90M100T100-9.mltl,0.0,7787.2,sat
/home/michele/mltlsat/Benchmarks/random/P0.333333333333333N5L95M100T100-10.mltl,0.01,9331.2,sat
/home/michele/mltlsat/Benchmarks/random/P0.333333333333333N5L95M100T100-1.mltl,0.0,7809.6,sat
/home/michele/mltlsat/Benchmarks/random/P0.333333333333333N5L95M100T100-2.mltl,0.0,7825.6,sat
/home/michele/mltlsat/Benchmarks/random/P0.333333333333333N5L95M100T100-3.mltl,0.0,7811.2,sat
/home/michele/mltlsat/Benchmarks/random/P0.333333333333333N5L95M100T100-4.mltl,0.03,21603.2,sat
/home/michele/mltlsat/Benchmarks/random/P0.333333333333333N5L95M100T100-5.mltl,0.0,7806.4,sat
/home/michele/mltlsat/Benchmarks/random/P0.333333333333333N5L95M100T100-6.mltl,0.0,7787.2,sat
/home/michele/mltlsat/Benchmarks/random/P0.333333333333333N5L95M100T100-7.mltl,0.01,13933.6,sat
/home/michele/mltlsat/Benchmarks/random/P0.333333333333333N5L95M100T100-8.mltl,0.0,7791.2,sat
/home/michele/mltlsat/Benchmarks/random/P0.333333333333333N5L95M100T100-9.mltl,0.0,7801.6,sat
/home/michele/mltlsat/Benchmarks/random/P0.5N1L100M100T100-10.mltl,0.0,7491.2,sat
/home/michele/mltlsat/Benchmarks/random/P0.5N1L100M100T100-1.mltl,0.0,7784,sat
/home/michele/mltlsat/Benchmarks/random/P0.5N1L100M100T100-2.mltl,0.0,9362.4,sat
/home/michele/mltlsat/Benchmarks/random/P0.5N1L100M100T100-3.mltl,0.07,13618.4,sat
/home/michele/mltlsat/Benchmarks/random/P0.5N1L100M100T100-4.mltl,0.0,7780,sat
/home/michele/mltlsat/Benchmarks/random/P0.5N1L100M100T100-5.mltl,0.0,7813.6,sat
/home/michele/mltlsat/Benchmarks/random/P0.5N1L100M100T100-6.mltl,0.0,7780.8,sat
/home/michele/mltlsat/Benchmarks/random/P0.5N1L100M100T100-7.mltl,0.0,7794.4,sat
/home/michele/mltlsat/Benchmarks/random/P0.5N1L100M100T100-8.mltl,0.0,7809.6,sat
/home/michele/mltlsat/Benchmarks/random/P0.5N1L100M100T100-9.mltl,5.42,121458.4,sat
/home/michele/mltlsat/Benchmarks/random/P0.5N1L10M100T100-10.mltl,0.0,7809.6,sat
/home/michele/mltlsat/Benchmarks/random/P0.5N1L10M100T100-1.mltl,0.0,7792.8,sat
/home/michele/mltlsat/Benchmarks/random/P0.5N1L10M100T100-2.mltl,0.0,7506.4,sat
/home/michele/mltlsat/Benchmarks/random/P0.5N1L10M100T100-3.mltl,0.0,7808.8,sat
/home/michele/mltlsat/Benchmarks/random/P0.5N1L10M100T100-4.mltl,0.0,8086.4,sat
/home/michele/mltlsat/Benchmarks/random/P0.5N1L10M100T100-5.mltl,0.0,7818.4,sat
/home/michele/mltlsat/Benchmarks/random/P0.5N1L10M100T100-6.mltl,0.0,7794.4,unsat
/home/michele/mltlsat/Benchmarks/random/P0.5N1L10M100T100-7.mltl,0.0,7814.4,sat
/home/michele/mltlsat/Benchmarks/random/P0.5N1L10M100T100-8.mltl,0.0,7798.4,unsat
/home/michele/mltlsat/Benchmarks/random/P0.5N1L10M100T100-9.mltl,0.0,7796,sat
/home/michele/mltlsat/Benchmarks/random/P0.5N1L15M100T100-10.mltl,0.0,9364.8,sat
/home/michele/mltlsat/Benchmarks/random/P0.5N1L15M100T100-1.mltl,0.0,7822.4,sat
/home/michele/mltlsat/Benchmarks/random/P0.5N1L15M100T100-2.mltl,0.0,7784.8,sat
/home/michele/mltlsat/Benchmarks/random/P0.5N1L15M100T100-3.mltl,0.0,7788,sat
/home/michele/mltlsat/Benchmarks/random/P0.5N1L15M100T100-4.mltl,0.0,7839.2,sat
/home/michele/mltlsat/Benchmarks/random/P0.5N1L15M100T100-5.mltl,0.0,7800.8,sat
/home/michele/mltlsat/Benchmarks/random/P0.5N1L15M100T100-6.mltl,0.0,7792,sat
/home/michele/mltlsat/Benchmarks/random/P0.5N1L15M100T100-7.mltl,0.0,7785.6,sat
/home/michele/mltlsat/Benchmarks/random/P0.5N1L15M100T100-8.mltl,0.0,7790.4,unsat
/home/michele/mltlsat/Benchmarks/random/P0.5N1L15M100T100-9.mltl,0.0,7767.2,sat
/home/michele/mltlsat/Benchmarks/random/P0.5N1L20M100T100-10.mltl,0.0,7784.8,sat
/home/michele/mltlsat/Benchmarks/random/P0.5N1L20M100T100-1.mltl,0.0,7803.2,sat
/home/michele/mltlsat/Benchmarks/random/P0.5N1L20M100T100-2.mltl,0.0,7808,sat
/home/michele/mltlsat/Benchmarks/random/P0.5N1L20M100T100-3.mltl,3.95,32080.8,sat
/home/michele/mltlsat/Benchmarks/random/P0.5N1L20M100T100-4.mltl,0.0,7800.8,sat
/home/michele/mltlsat/Benchmarks/random/P0.5N1L20M100T100-5.mltl,0.0,7846.4,sat
/home/michele/mltlsat/Benchmarks/random/P0.5N1L20M100T100-6.mltl,0.0,7791.2,sat
/home/michele/mltlsat/Benchmarks/random/P0.5N1L20M100T100-7.mltl,0.0,7792.8,sat
/home/michele/mltlsat/Benchmarks/random/P0.5N1L20M100T100-8.mltl,0.0,7782.4,sat
/home/michele/mltlsat/Benchmarks/random/P0.5N1L20M100T100-9.mltl,0.0,7800,sat
/home/michele/mltlsat/Benchmarks/random/P0.5N1L25M100T100-10.mltl,0.0,9333.6,sat
/home/michele/mltlsat/Benchmarks/random/P0.5N1L25M100T100-1.mltl,0.0,7778.4,sat
/home/michele/mltlsat/Benchmarks/random/P0.5N1L25M100T100-2.mltl,0.0,7788.8,sat
/home/michele/mltlsat/Benchmarks/random/P0.5N1L25M100T100-3.mltl,0.0,7802.4,sat
/home/michele/mltlsat/Benchmarks/random/P0.5N1L25M100T100-4.mltl,0.0,9311.2,unsat
/home/michele/mltlsat/Benchmarks/random/P0.5N1L25M100T100-5.mltl,0.0,7797.6,sat
/home/michele/mltlsat/Benchmarks/random/P0.5N1L25M100T100-6.mltl,0.0,7782.4,sat
/home/michele/mltlsat/Benchmarks/random/P0.5N1L25M100T100-7.mltl,0.07,12068,sat
/home/michele/mltlsat/Benchmarks/random/P0.5N1L25M100T100-8.mltl,0.0,7789.6,sat
/home/michele/mltlsat/Benchmarks/random/P0.5N1L25M100T100-9.mltl,0.0,7812,unsat
/home/michele/mltlsat/Benchmarks/random/P0.5N1L30M100T100-10.mltl,0.0,7800.8,unsat
/home/michele/mltlsat/Benchmarks/random/P0.5N1L30M100T100-1.mltl,0.0,7802.4,sat
/home/michele/mltlsat/Benchmarks/random/P0.5N1L30M100T100-2.mltl,0.06,12400,sat
/home/michele/mltlsat/Benchmarks/random/P0.5N1L30M100T100-3.mltl,0.0,7804.8,sat
/home/michele/mltlsat/Benchmarks/random/P0.5N1L30M100T100-4.mltl,0.0,9351.2,sat
/home/michele/mltlsat/Benchmarks/random/P0.5N1L30M100T100-5.mltl,0.0,7797.6,unsat
/home/michele/mltlsat/Benchmarks/random/P0.5N1L30M100T100-6.mltl,0.0,7780,sat
/home/michele/mltlsat/Benchmarks/random/P0.5N1L30M100T100-7.mltl,0.0,9322.4,sat
/home/michele/mltlsat/Benchmarks/random/P0.5N1L30M100T100-8.mltl,0.02,10880.8,sat
/home/michele/mltlsat/Benchmarks/random/P0.5N1L30M100T100-9.mltl,0.0,7784.8,sat
/home/michele/mltlsat/Benchmarks/random/P0.5N1L35M100T100-10.mltl,0.0,7793.6,sat
/home/michele/mltlsat/Benchmarks/random/P0.5N1L35M100T100-1.mltl,0.0,7791.2,sat
/home/michele/mltlsat/Benchmarks/random/P0.5N1L35M100T100-2.mltl,0.0,7812.8,sat
/home/michele/mltlsat/Benchmarks/random/P0.5N1L35M100T100-3.mltl,0.0,9371.2,sat
/home/michele/mltlsat/Benchmarks/random/P0.5N1L35M100T100-4.mltl,0.0,7830.4,sat
/home/michele/mltlsat/Benchmarks/random/P0.5N1L35M100T100-5.mltl,0.0,7799.2,sat
/home/michele/mltlsat/Benchmarks/random/P0.5N1L35M100T100-6.mltl,0.0,9367.2,sat
/home/michele/mltlsat/Benchmarks/random/P0.5N1L35M100T100-7.mltl,0.01,9389.6,sat
/home/michele/mltlsat/Benchmarks/random/P0.5N1L35M100T100-8.mltl,0.0,7780.8,sat
/home/michele/mltlsat/Benchmarks/random/P0.5N1L35M100T100-9.mltl,0.0,7813.6,sat
/home/michele/mltlsat/Benchmarks/random/P0.5N1L40M100T100-10.mltl,0.0,7796,sat
/home/michele/mltlsat/Benchmarks/random/P0.5N1L40M100T100-1.mltl,0.0,7791.2,sat
/home/michele/mltlsat/Benchmarks/random/P0.5N1L40M100T100-2.mltl,0.0,7808.8,sat
/home/michele/mltlsat/Benchmarks/random/P0.5N1L40M100T100-3.mltl,0.0,7769.6,sat
/home/michele/mltlsat/Benchmarks/random/P0.5N1L40M100T100-4.mltl,0.0,7794.4,sat
/home/michele/mltlsat/Benchmarks/random/P0.5N1L40M100T100-5.mltl,0.0,7791.2,sat
/home/michele/mltlsat/Benchmarks/random/P0.5N1L40M100T100-6.mltl,0.0,7788,sat
/home/michele/mltlsat/Benchmarks/random/P0.5N1L40M100T100-7.mltl,0.0,7808.8,sat
/home/michele/mltlsat/Benchmarks/random/P0.5N1L40M100T100-8.mltl,0.0,7790.4,sat
/home/michele/mltlsat/Benchmarks/random/P0.5N1L40M100T100-9.mltl,0.0,7793.6,unsat
/home/michele/mltlsat/Benchmarks/random/P0.5N1L45M100T100-10.mltl,0.0,7812.8,unsat
/home/michele/mltlsat/Benchmarks/random/P0.5N1L45M100T100-1.mltl,0.0,7788.8,sat
/home/michele/mltlsat/Benchmarks/random/P0.5N1L45M100T100-2.mltl,0.0,7787.2,sat
/home/michele/mltlsat/Benchmarks/random/P0.5N1L45M100T100-3.mltl,0.0,7773.6,sat
/home/michele/mltlsat/Benchmarks/random/P0.5N1L45M100T100-4.mltl,0.0,7796.8,sat
/home/michele/mltlsat/Benchmarks/random/P0.5N1L45M100T100-5.mltl,0.0,7815.2,sat
/home/michele/mltlsat/Benchmarks/random/P0.5N1L45M100T100-6.mltl,0.0,7792.8,sat
/home/michele/mltlsat/Benchmarks/random/P0.5N1L45M100T100-7.mltl,0.03,10857.6,sat
/home/michele/mltlsat/Benchmarks/random/P0.5N1L45M100T100-8.mltl,0.0,7800,unsat
/home/michele/mltlsat/Benchmarks/random/P0.5N1L45M100T100-9.mltl,0.0,7800,sat
/home/michele/mltlsat/Benchmarks/random/P0.5N1L50M100T100-10.mltl,0.0,7787.2,sat
/home/michele/mltlsat/Benchmarks/random/P0.5N1L50M100T100-1.mltl,0.0,7788.8,sat
/home/michele/mltlsat/Benchmarks/random/P0.5N1L50M100T100-2.mltl,0.0,7791.2,unsat
/home/michele/mltlsat/Benchmarks/random/P0.5N1L50M100T100-3.mltl,0.0,7820.8,sat
/home/michele/mltlsat/Benchmarks/random/P0.5N1L50M100T100-4.mltl,0.0,7785.6,unsat
/home/michele/mltlsat/Benchmarks/random/P0.5N1L50M100T100-5.mltl,0.0,7832,sat
/home/michele/mltlsat/Benchmarks/random/P0.5N1L50M100T100-6.mltl,0.0,7804,sat
/home/michele/mltlsat/Benchmarks/random/P0.5N1L50M100T100-7.mltl,0.07200000000000001,10869.6,sat
/home/michele/mltlsat/Benchmarks/random/P0.5N1L50M100T100-8.mltl,4.46,141420,sat
/home/michele/mltlsat/Benchmarks/random/P0.5N1L50M100T100-9.mltl,0.0,7794.4,sat
/home/michele/mltlsat/Benchmarks/random/P0.5N1L55M100T100-10.mltl,0.0,7793.6,sat
/home/michele/mltlsat/Benchmarks/random/P0.5N1L55M100T100-1.mltl,0.0,9372.8,sat
/home/michele/mltlsat/Benchmarks/random/P0.5N1L55M100T100-2.mltl,0.022,10879.2,sat
/home/michele/mltlsat/Benchmarks/random/P0.5N1L55M100T100-3.mltl,0.0,7795.2,sat
/home/michele/mltlsat/Benchmarks/random/P0.5N1L55M100T100-4.mltl,0.0,7787.2,sat
/home/michele/mltlsat/Benchmarks/random/P0.5N1L55M100T100-5.mltl,0.0,7798.4,sat
/home/michele/mltlsat/Benchmarks/random/P0.5N1L55M100T100-6.mltl,0.01,12370.4,sat
/home/michele/mltlsat/Benchmarks/random/P0.5N1L55M100T100-7.mltl,0.0,7797.6,sat
/home/michele/mltlsat/Benchmarks/random/P0.5N1L55M100T100-8.mltl,0.0,7788,sat
/home/michele/mltlsat/Benchmarks/random/P0.5N1L55M100T100-9.mltl,0.0,7822.4,sat
/home/michele/mltlsat/Benchmarks/random/P0.5N1L5M100T100-10.mltl,0.0,7790.4,sat
/home/michele/mltlsat/Benchmarks/random/P0.5N1L5M100T100-1.mltl,0.0,7801.6,sat
/home/michele/mltlsat/Benchmarks/random/P0.5N1L5M100T100-2.mltl,0.0,7792,sat
/home/michele/mltlsat/Benchmarks/random/P0.5N1L5M100T100-3.mltl,0.0,7784,sat
/home/michele/mltlsat/Benchmarks/random/P0.5N1L5M100T100-4.mltl,0.0,7812.8,sat
/home/michele/mltlsat/Benchmarks/random/P0.5N1L5M100T100-5.mltl,0.0,7812,sat
/home/michele/mltlsat/Benchmarks/random/P0.5N1L5M100T100-6.mltl,0.0,7784.8,sat
/home/michele/mltlsat/Benchmarks/random/P0.5N1L5M100T100-7.mltl,0.0,7813.6,sat
/home/michele/mltlsat/Benchmarks/random/P0.5N1L5M100T100-8.mltl,0.0,7799.2,sat
/home/michele/mltlsat/Benchmarks/random/P0.5N1L5M100T100-9.mltl,0.0,7804,sat
/home/michele/mltlsat/Benchmarks/random/P0.5N1L60M100T100-10.mltl,0.05,13926.4,sat
/home/michele/mltlsat/Benchmarks/random/P0.5N1L60M100T100-1.mltl,0.0,7796.8,sat
/home/michele/mltlsat/Benchmarks/random/P0.5N1L60M100T100-2.mltl,0.0,7780.8,sat
/home/michele/mltlsat/Benchmarks/random/P0.5N1L60M100T100-3.mltl,0.0,7768,sat
/home/michele/mltlsat/Benchmarks/random/P0.5N1L60M100T100-4.mltl,0.0,7816.8,sat
/home/michele/mltlsat/Benchmarks/random/P0.5N1L60M100T100-5.mltl,0.0,9327.2,sat
/home/michele/mltlsat/Benchmarks/random/P0.5N1L60M100T100-6.mltl,0.09,12416.8,sat
/home/michele/mltlsat/Benchmarks/random/P0.5N1L60M100T100-7.mltl,0.0,7788,sat
/home/michele/mltlsat/Benchmarks/random/P0.5N1L60M100T100-8.mltl,0.0,7813.6,unsat
/home/michele/mltlsat/Benchmarks/random/P0.5N1L60M100T100-9.mltl,0.0,7807.2,sat
/home/michele/mltlsat/Benchmarks/random/P0.5N1L65M100T100-10.mltl,0.0,7805.6,sat
/home/michele/mltlsat/Benchmarks/random/P0.5N1L65M100T100-1.mltl,0.0,7788.8,sat
/home/michele/mltlsat/Benchmarks/random/P0.5N1L65M100T100-2.mltl,0.0,7828,sat
/home/michele/mltlsat/Benchmarks/random/P0.5N1L65M100T100-3.mltl,0.0,7828,sat
/home/michele/mltlsat/Benchmarks/random/P0.5N1L65M100T100-4.mltl,0.01,7804.8,sat
/home/michele/mltlsat/Benchmarks/random/P0.5N1L65M100T100-5.mltl,0.0,7796,sat
/home/michele/mltlsat/Benchmarks/random/P0.5N1L65M100T100-6.mltl,0.0,7809.6,unsat
/home/michele/mltlsat/Benchmarks/random/P0.5N1L65M100T100-7.mltl,0.0,9322.4,sat
/home/michele/mltlsat/Benchmarks/random/P0.5N1L65M100T100-8.mltl,0.0,9328,sat
/home/michele/mltlsat/Benchmarks/random/P0.5N1L65M100T100-9.mltl,0.0,7810.4,unsat
/home/michele/mltlsat/Benchmarks/random/P0.5N1L70M100T100-10.mltl,0.0,7813.6,sat
/home/michele/mltlsat/Benchmarks/random/P0.5N1L70M100T100-1.mltl,0.0,7784.8,unsat
/home/michele/mltlsat/Benchmarks/random/P0.5N1L70M100T100-2.mltl,0.0,7811.2,unsat
/home/michele/mltlsat/Benchmarks/random/P0.5N1L70M100T100-3.mltl,0.0,7796,sat
/home/michele/mltlsat/Benchmarks/random/P0.5N1L70M100T100-4.mltl,0.0,7793.6,sat
/home/michele/mltlsat/Benchmarks/random/P0.5N1L70M100T100-5.mltl,-1,-1,TO
/home/michele/mltlsat/Benchmarks/random/P0.5N1L70M100T100-6.mltl,0.0,7813.6,sat
/home/michele/mltlsat/Benchmarks/random/P0.5N1L70M100T100-7.mltl,0.01,9316.8,sat
/home/michele/mltlsat/Benchmarks/random/P0.5N1L70M100T100-8.mltl,0.262,12096.8,sat
/home/michele/mltlsat/Benchmarks/random/P0.5N1L70M100T100-9.mltl,0.0,7789.6,sat
/home/michele/mltlsat/Benchmarks/random/P0.5N1L75M100T100-10.mltl,0.0,7821.6,sat
/home/michele/mltlsat/Benchmarks/random/P0.5N1L75M100T100-1.mltl,0.19,62775.2,sat
/home/michele/mltlsat/Benchmarks/random/P0.5N1L75M100T100-2.mltl,0.0,7808,unsat
/home/michele/mltlsat/Benchmarks/random/P0.5N1L75M100T100-3.mltl,0.01,10848,sat
/home/michele/mltlsat/Benchmarks/random/P0.5N1L75M100T100-4.mltl,-1,-1,TO
/home/michele/mltlsat/Benchmarks/random/P0.5N1L75M100T100-5.mltl,0.0,7785.6,sat
/home/michele/mltlsat/Benchmarks/random/P0.5N1L75M100T100-6.mltl,0.0,7799.2,sat
/home/michele/mltlsat/Benchmarks/random/P0.5N1L75M100T100-7.mltl,-1,-1,TO
/home/michele/mltlsat/Benchmarks/random/P0.5N1L75M100T100-8.mltl,-1,-1,TO
/home/michele/mltlsat/Benchmarks/random/P0.5N1L75M100T100-9.mltl,0.772,284320,sat
/home/michele/mltlsat/Benchmarks/random/P0.5N1L80M100T100-10.mltl,0.0,7782.4,sat
/home/michele/mltlsat/Benchmarks/random/P0.5N1L80M100T100-1.mltl,0.0,7775.2,sat
/home/michele/mltlsat/Benchmarks/random/P0.5N1L80M100T100-2.mltl,0.27,19784.8,sat
/home/michele/mltlsat/Benchmarks/random/P0.5N1L80M100T100-3.mltl,2.172,27778.4,sat
/home/michele/mltlsat/Benchmarks/random/P0.5N1L80M100T100-4.mltl,0.0,7806.4,sat
/home/michele/mltlsat/Benchmarks/random/P0.5N1L80M100T100-5.mltl,0.0,7806.4,sat
/home/michele/mltlsat/Benchmarks/random/P0.5N1L80M100T100-6.mltl,0.0,7807.2,sat
/home/michele/mltlsat/Benchmarks/random/P0.5N1L80M100T100-7.mltl,0.0,7798.4,sat
/home/michele/mltlsat/Benchmarks/random/P0.5N1L80M100T100-8.mltl,0.0,7776.8,sat
/home/michele/mltlsat/Benchmarks/random/P0.5N1L80M100T100-9.mltl,0.0,7805.6,sat
/home/michele/mltlsat/Benchmarks/random/P0.5N1L85M100T100-10.mltl,0.0,7810.4,sat
/home/michele/mltlsat/Benchmarks/random/P0.5N1L85M100T100-1.mltl,0.0,7781.6,sat
/home/michele/mltlsat/Benchmarks/random/P0.5N1L85M100T100-2.mltl,0.0,9320,sat
/home/michele/mltlsat/Benchmarks/random/P0.5N1L85M100T100-3.mltl,0.0,7798.4,sat
/home/michele/mltlsat/Benchmarks/random/P0.5N1L85M100T100-4.mltl,0.0,7789.6,sat
/home/michele/mltlsat/Benchmarks/random/P0.5N1L85M100T100-5.mltl,0.0,7801.6,sat
/home/michele/mltlsat/Benchmarks/random/P0.5N1L85M100T100-6.mltl,0.0,7803.2,sat
/home/michele/mltlsat/Benchmarks/random/P0.5N1L85M100T100-7.mltl,0.0,10587.2,sat
/home/michele/mltlsat/Benchmarks/random/P0.5N1L85M100T100-8.mltl,0.0,7796,sat
/home/michele/mltlsat/Benchmarks/random/P0.5N1L85M100T100-9.mltl,0.0,7780.8,unsat
/home/michele/mltlsat/Benchmarks/random/P0.5N1L90M100T100-10.mltl,0.0,7773.6,unsat
/home/michele/mltlsat/Benchmarks/random/P0.5N1L90M100T100-1.mltl,-1,-1,TO
/home/michele/mltlsat/Benchmarks/random/P0.5N1L90M100T100-2.mltl,0.0,7792,sat
/home/michele/mltlsat/Benchmarks/random/P0.5N1L90M100T100-3.mltl,0.0,7788.8,sat
/home/michele/mltlsat/Benchmarks/random/P0.5N1L90M100T100-4.mltl,-1,-1,TO
/home/michele/mltlsat/Benchmarks/random/P0.5N1L90M100T100-5.mltl,13.678,14529.6,unsat
/home/michele/mltlsat/Benchmarks/random/P0.5N1L90M100T100-6.mltl,0.0,7797.6,sat
/home/michele/mltlsat/Benchmarks/random/P0.5N1L90M100T100-7.mltl,0.0,7804.8,sat
/home/michele/mltlsat/Benchmarks/random/P0.5N1L90M100T100-8.mltl,0.0,7813.6,sat
/home/michele/mltlsat/Benchmarks/random/P0.5N1L90M100T100-9.mltl,0.0,7848.8,sat
/home/michele/mltlsat/Benchmarks/random/P0.5N1L95M100T100-10.mltl,0.0,7783.2,sat
/home/michele/mltlsat/Benchmarks/random/P0.5N1L95M100T100-1.mltl,0.0,7816,sat
/home/michele/mltlsat/Benchmarks/random/P0.5N1L95M100T100-2.mltl,0.01,9313.6,unsat
/home/michele/mltlsat/Benchmarks/random/P0.5N1L95M100T100-3.mltl,0.0,7798.4,sat
/home/michele/mltlsat/Benchmarks/random/P0.5N1L95M100T100-4.mltl,0.01,13943.2,sat
/home/michele/mltlsat/Benchmarks/random/P0.5N1L95M100T100-5.mltl,0.01,10865.6,sat
/home/michele/mltlsat/Benchmarks/random/P0.5N1L95M100T100-6.mltl,-1,-1,TO
/home/michele/mltlsat/Benchmarks/random/P0.5N1L95M100T100-7.mltl,0.0,7814.4,sat
/home/michele/mltlsat/Benchmarks/random/P0.5N1L95M100T100-8.mltl,0.01,9328.8,sat
/home/michele/mltlsat/Benchmarks/random/P0.5N1L95M100T100-9.mltl,0.0,7800,sat
/home/michele/mltlsat/Benchmarks/random/P0.5N2L100M100T100-10.mltl,0.0,7784,sat
/home/michele/mltlsat/Benchmarks/random/P0.5N2L100M100T100-1.mltl,0.0,7804.8,sat
/home/michele/mltlsat/Benchmarks/random/P0.5N2L100M100T100-2.mltl,0.0,7765.6,sat
/home/michele/mltlsat/Benchmarks/random/P0.5N2L100M100T100-3.mltl,-1,-1,TO
/home/michele/mltlsat/Benchmarks/random/P0.5N2L100M100T100-4.mltl,30.814,16709.6,sat
/home/michele/mltlsat/Benchmarks/random/P0.5N2L100M100T100-5.mltl,0.0,7791.2,sat
/home/michele/mltlsat/Benchmarks/random/P0.5N2L100M100T100-6.mltl,-1,-1,TO
/home/michele/mltlsat/Benchmarks/random/P0.5N2L100M100T100-7.mltl,0.0,7821.6,sat
/home/michele/mltlsat/Benchmarks/random/P0.5N2L100M100T100-8.mltl,0.0,7785.6,sat
/home/michele/mltlsat/Benchmarks/random/P0.5N2L100M100T100-9.mltl,-1,-1,TO
/home/michele/mltlsat/Benchmarks/random/P0.5N2L10M100T100-10.mltl,0.0,7823.2,sat
/home/michele/mltlsat/Benchmarks/random/P0.5N2L10M100T100-1.mltl,0.0,7809.6,sat
/home/michele/mltlsat/Benchmarks/random/P0.5N2L10M100T100-2.mltl,0.0,7816,sat
/home/michele/mltlsat/Benchmarks/random/P0.5N2L10M100T100-3.mltl,0.0,7764,sat
/home/michele/mltlsat/Benchmarks/random/P0.5N2L10M100T100-4.mltl,0.0,7788,sat
/home/michele/mltlsat/Benchmarks/random/P0.5N2L10M100T100-5.mltl,0.0,7780,sat
/home/michele/mltlsat/Benchmarks/random/P0.5N2L10M100T100-6.mltl,0.0,7788.8,sat
/home/michele/mltlsat/Benchmarks/random/P0.5N2L10M100T100-7.mltl,0.0,7805.6,sat
/home/michele/mltlsat/Benchmarks/random/P0.5N2L10M100T100-8.mltl,0.0,7817.6,sat
/home/michele/mltlsat/Benchmarks/random/P0.5N2L10M100T100-9.mltl,0.0,7784.8,sat
/home/michele/mltlsat/Benchmarks/random/P0.5N2L15M100T100-10.mltl,0.0,7795.2,sat
/home/michele/mltlsat/Benchmarks/random/P0.5N2L15M100T100-1.mltl,0.0,9342.4,sat
/home/michele/mltlsat/Benchmarks/random/P0.5N2L15M100T100-2.mltl,0.0,7824,sat
/home/michele/mltlsat/Benchmarks/random/P0.5N2L15M100T100-3.mltl,0.0,7781.6,sat
/home/michele/mltlsat/Benchmarks/random/P0.5N2L15M100T100-4.mltl,0.0,7792,sat
/home/michele/mltlsat/Benchmarks/random/P0.5N2L15M100T100-5.mltl,0.0,7794.4,sat
/home/michele/mltlsat/Benchmarks/random/P0.5N2L15M100T100-6.mltl,0.0,7792.8,sat
/home/michele/mltlsat/Benchmarks/random/P0.5N2L15M100T100-7.mltl,0.0,7787.2,sat
/home/michele/mltlsat/Benchmarks/random/P0.5N2L15M100T100-8.mltl,0.0,7789.6,sat
/home/michele/mltlsat/Benchmarks/random/P0.5N2L15M100T100-9.mltl,0.0,7772,sat
/home/michele/mltlsat/Benchmarks/random/P0.5N2L20M100T100-10.mltl,0.0,7796.8,sat
/home/michele/mltlsat/Benchmarks/random/P0.5N2L20M100T100-1.mltl,0.0,7785.6,sat
/home/michele/mltlsat/Benchmarks/random/P0.5N2L20M100T100-2.mltl,0.0,7488.8,sat
/home/michele/mltlsat/Benchmarks/random/P0.5N2L20M100T100-3.mltl,0.0,7809.6,sat
/home/michele/mltlsat/Benchmarks/random/P0.5N2L20M100T100-4.mltl,0.0,7803.2,sat
/home/michele/mltlsat/Benchmarks/random/P0.5N2L20M100T100-5.mltl,0.0,7791.2,sat
/home/michele/mltlsat/Benchmarks/random/P0.5N2L20M100T100-6.mltl,0.0,7832.8,sat
/home/michele/mltlsat/Benchmarks/random/P0.5N2L20M100T100-7.mltl,0.0,7786.4,sat
/home/michele/mltlsat/Benchmarks/random/P0.5N2L20M100T100-8.mltl,0.0,7790.4,sat
/home/michele/mltlsat/Benchmarks/random/P0.5N2L20M100T100-9.mltl,0.0,7797.6,sat
/home/michele/mltlsat/Benchmarks/random/P0.5N2L25M100T100-10.mltl,0.0,7799.2,unsat
/home/michele/mltlsat/Benchmarks/random/P0.5N2L25M100T100-1.mltl,0.0,9333.6,sat
/home/michele/mltlsat/Benchmarks/random/P0.5N2L25M100T100-2.mltl,0.0,9332.8,sat
/home/michele/mltlsat/Benchmarks/random/P0.5N2L25M100T100-3.mltl,0.0,7810.4,sat
/home/michele/mltlsat/Benchmarks/random/P0.5N2L25M100T100-4.mltl,0.0,9315.2,sat
/home/michele/mltlsat/Benchmarks/random/P0.5N2L25M100T100-5.mltl,0.0,7785.6,sat
/home/michele/mltlsat/Benchmarks/random/P0.5N2L25M100T100-6.mltl,0.0,7830.4,unsat
/home/michele/mltlsat/Benchmarks/random/P0.5N2L25M100T100-7.mltl,0.0,7812,sat
/home/michele/mltlsat/Benchmarks/random/P0.5N2L25M100T100-8.mltl,0.0,9317.6,sat
/home/michele/mltlsat/Benchmarks/random/P0.5N2L25M100T100-9.mltl,0.0,7785.6,sat
/home/michele/mltlsat/Benchmarks/random/P0.5N2L30M100T100-10.mltl,0.0,7794.4,sat
/home/michele/mltlsat/Benchmarks/random/P0.5N2L30M100T100-1.mltl,0.0,7798.4,sat
/home/michele/mltlsat/Benchmarks/random/P0.5N2L30M100T100-2.mltl,0.0,7798.4,sat
/home/michele/mltlsat/Benchmarks/random/P0.5N2L30M100T100-3.mltl,0.0,7777.6,sat
/home/michele/mltlsat/Benchmarks/random/P0.5N2L30M100T100-4.mltl,0.44,20068,sat
/home/michele/mltlsat/Benchmarks/random/P0.5N2L30M100T100-5.mltl,-1,-1,TO
/home/michele/mltlsat/Benchmarks/random/P0.5N2L30M100T100-6.mltl,0.0,7804,sat
/home/michele/mltlsat/Benchmarks/random/P0.5N2L30M100T100-7.mltl,0.0,7820,sat
/home/michele/mltlsat/Benchmarks/random/P0.5N2L30M100T100-8.mltl,0.0,7768.8,sat
/home/michele/mltlsat/Benchmarks/random/P0.5N2L30M100T100-9.mltl,0.0,7509.6,sat
/home/michele/mltlsat/Benchmarks/random/P0.5N2L35M100T100-10.mltl,0.0,7795.2,sat
/home/michele/mltlsat/Benchmarks/random/P0.5N2L35M100T100-1.mltl,0.20400000000000001,22876.8,sat
/home/michele/mltlsat/Benchmarks/random/P0.5N2L35M100T100-2.mltl,0.0,9318.4,sat
/home/michele/mltlsat/Benchmarks/random/P0.5N2L35M100T100-3.mltl,0.0,7800,sat
/home/michele/mltlsat/Benchmarks/random/P0.5N2L35M100T100-4.mltl,0.0,7816,sat
/home/michele/mltlsat/Benchmarks/random/P0.5N2L35M100T100-5.mltl,0.0,7820,sat
/home/michele/mltlsat/Benchmarks/random/P0.5N2L35M100T100-6.mltl,0.0,7794.4,sat
/home/michele/mltlsat/Benchmarks/random/P0.5N2L35M100T100-7.mltl,0.0,7820,sat
/home/michele/mltlsat/Benchmarks/random/P0.5N2L35M100T100-8.mltl,0.0,7804.8,sat
/home/michele/mltlsat/Benchmarks/random/P0.5N2L35M100T100-9.mltl,0.0,10862.4,sat
/home/michele/mltlsat/Benchmarks/random/P0.5N2L40M100T100-10.mltl,0.0,7840.8,sat
/home/michele/mltlsat/Benchmarks/random/P0.5N2L40M100T100-1.mltl,0.01,10889.6,sat
/home/michele/mltlsat/Benchmarks/random/P0.5N2L40M100T100-2.mltl,0.0,7783.2,sat
/home/michele/mltlsat/Benchmarks/random/P0.5N2L40M100T100-3.mltl,0.0,7804,sat
/home/michele/mltlsat/Benchmarks/random/P0.5N2L40M100T100-4.mltl,-1,-1,TO
/home/michele/mltlsat/Benchmarks/random/P0.5N2L40M100T100-5.mltl,0.0,7790.4,sat
/home/michele/mltlsat/Benchmarks/random/P0.5N2L40M100T100-6.mltl,0.02,15480,sat
/home/michele/mltlsat/Benchmarks/random/P0.5N2L40M100T100-7.mltl,0.0,9322.4,sat
/home/michele/mltlsat/Benchmarks/random/P0.5N2L40M100T100-8.mltl,0.0,7785.6,sat
/home/michele/mltlsat/Benchmarks/random/P0.5N2L40M100T100-9.mltl,0.14,17018.4,sat
/home/michele/mltlsat/Benchmarks/random/P0.5N2L45M100T100-10.mltl,0.08,9369.6,sat
/home/michele/mltlsat/Benchmarks/random/P0.5N2L45M100T100-1.mltl,-1,-1,TO
/home/michele/mltlsat/Benchmarks/random/P0.5N2L45M100T100-2.mltl,0.0,7832.8,sat
/home/michele/mltlsat/Benchmarks/random/P0.5N2L45M100T100-3.mltl,0.0,9354.4,sat
/home/michele/mltlsat/Benchmarks/random/P0.5N2L45M100T100-4.mltl,0.0,7764,sat
/home/michele/mltlsat/Benchmarks/random/P0.5N2L45M100T100-5.mltl,0.0,7829.6,sat
/home/michele/mltlsat/Benchmarks/random/P0.5N2L45M100T100-6.mltl,0.0,7825.6,sat
/home/michele/mltlsat/Benchmarks/random/P0.5N2L45M100T100-7.mltl,0.0,7799.2,sat
/home/michele/mltlsat/Benchmarks/random/P0.5N2L45M100T100-8.mltl,0.0,7808.8,sat
/home/michele/mltlsat/Benchmarks/random/P0.5N2L45M100T100-9.mltl,0.0,7800.8,sat
/home/michele/mltlsat/Benchmarks/random/P0.5N2L50M100T100-10.mltl,0.0,7806.4,sat
/home/michele/mltlsat/Benchmarks/random/P0.5N2L50M100T100-1.mltl,0.0,7792.8,sat
/home/michele/mltlsat/Benchmarks/random/P0.5N2L50M100T100-2.mltl,0.0,7800,sat
/home/michele/mltlsat/Benchmarks/random/P0.5N2L50M100T100-3.mltl,0.01,9317.6,sat
/home/michele/mltlsat/Benchmarks/random/P0.5N2L50M100T100-4.mltl,0.0,7795.2,sat
/home/michele/mltlsat/Benchmarks/random/P0.5N2L50M100T100-5.mltl,0.0,7802.4,sat
/home/michele/mltlsat/Benchmarks/random/P0.5N2L50M100T100-6.mltl,0.0,7796.8,sat
/home/michele/mltlsat/Benchmarks/random/P0.5N2L50M100T100-7.mltl,-1,-1,TO
/home/michele/mltlsat/Benchmarks/random/P0.5N2L50M100T100-8.mltl,0.0,7806.4,sat
/home/michele/mltlsat/Benchmarks/random/P0.5N2L50M100T100-9.mltl,0.0,10871.2,sat
/home/michele/mltlsat/Benchmarks/random/P0.5N2L55M100T100-10.mltl,-1,-1,TO
/home/michele/mltlsat/Benchmarks/random/P0.5N2L55M100T100-1.mltl,0.0,7803.2,unsat
/home/michele/mltlsat/Benchmarks/random/P0.5N2L55M100T100-2.mltl,0.0,7791.2,sat
/home/michele/mltlsat/Benchmarks/random/P0.5N2L55M100T100-3.mltl,0.17,21637.6,sat
/home/michele/mltlsat/Benchmarks/random/P0.5N2L55M100T100-4.mltl,0.0,7803.2,sat
/home/michele/mltlsat/Benchmarks/random/P0.5N2L55M100T100-5.mltl,0.0,7780,sat
/home/michele/mltlsat/Benchmarks/random/P0.5N2L55M100T100-6.mltl,19.888,4568492,sat
/home/michele/mltlsat/Benchmarks/random/P0.5N2L55M100T100-7.mltl,0.0,7785.6,sat
/home/michele/mltlsat/Benchmarks/random/P0.5N2L55M100T100-8.mltl,0.0,7795.2,sat
/home/michele/mltlsat/Benchmarks/random/P0.5N2L55M100T100-9.mltl,0.0,7797.6,sat
/home/michele/mltlsat/Benchmarks/random/P0.5N2L5M100T100-10.mltl,0.0,7820,sat
/home/michele/mltlsat/Benchmarks/random/P0.5N2L5M100T100-1.mltl,0.0,7776.8,sat
/home/michele/mltlsat/Benchmarks/random/P0.5N2L5M100T100-2.mltl,0.0,7809.6,sat
/home/michele/mltlsat/Benchmarks/random/P0.5N2L5M100T100-3.mltl,0.0,7809.6,sat
/home/michele/mltlsat/Benchmarks/random/P0.5N2L5M100T100-4.mltl,0.0,7798.4,sat
/home/michele/mltlsat/Benchmarks/random/P0.5N2L5M100T100-5.mltl,0.0,7803.2,sat
/home/michele/mltlsat/Benchmarks/random/P0.5N2L5M100T100-6.mltl,0.0,7788.8,unsat
/home/michele/mltlsat/Benchmarks/random/P0.5N2L5M100T100-7.mltl,0.0,7800,sat
/home/michele/mltlsat/Benchmarks/random/P0.5N2L5M100T100-8.mltl,0.0,7767.2,sat
/home/michele/mltlsat/Benchmarks/random/P0.5N2L5M100T100-9.mltl,0.0,7813.6,sat
/home/michele/mltlsat/Benchmarks/random/P0.5N2L60M100T100-10.mltl,0.0,7797.6,sat
/home/michele/mltlsat/Benchmarks/random/P0.5N2L60M100T100-1.mltl,0.0,7788,sat
/home/michele/mltlsat/Benchmarks/random/P0.5N2L60M100T100-2.mltl,0.0,7792.8,sat
/home/michele/mltlsat/Benchmarks/random/P0.5N2L60M100T100-3.mltl,0.0,7775.2,sat
/home/michele/mltlsat/Benchmarks/random/P0.5N2L60M100T100-4.mltl,0.0,7779.2,sat
/home/michele/mltlsat/Benchmarks/random/P0.5N2L60M100T100-5.mltl,0.0,7786.4,sat
/home/michele/mltlsat/Benchmarks/random/P0.5N2L60M100T100-6.mltl,0.0,7796.8,sat
/home/michele/mltlsat/Benchmarks/random/P0.5N2L60M100T100-7.mltl,0.0,9343.2,sat
/home/michele/mltlsat/Benchmarks/random/P0.5N2L60M100T100-8.mltl,-1,-1,TO
/home/michele/mltlsat/Benchmarks/random/P0.5N2L60M100T100-9.mltl,0.01,13971.2,sat
/home/michele/mltlsat/Benchmarks/random/P0.5N2L65M100T100-10.mltl,0.0,7802.4,unsat
/home/michele/mltlsat/Benchmarks/random/P0.5N2L65M100T100-1.mltl,0.0,7800.8,sat
/home/michele/mltlsat/Benchmarks/random/P0.5N2L65M100T100-2.mltl,0.0,7811.2,sat
/home/michele/mltlsat/Benchmarks/random/P0.5N2L65M100T100-3.mltl,0.0,7808.8,sat
/home/michele/mltlsat/Benchmarks/random/P0.5N2L65M100T100-4.mltl,0.0,7792,sat
/home/michele/mltlsat/Benchmarks/random/P0.5N2L65M100T100-5.mltl,0.0,7781.6,sat
/home/michele/mltlsat/Benchmarks/random/P0.5N2L65M100T100-6.mltl,0.004,10874.4,sat
/home/michele/mltlsat/Benchmarks/random/P0.5N2L65M100T100-7.mltl,0.0,7784.8,sat
/home/michele/mltlsat/Benchmarks/random/P0.5N2L65M100T100-8.mltl,0.0,7801.6,sat
/home/michele/mltlsat/Benchmarks/random/P0.5N2L65M100T100-9.mltl,0.0,7790.4,sat
/home/michele/mltlsat/Benchmarks/random/P0.5N2L70M100T100-10.mltl,0.0,7807.2,sat
/home/michele/mltlsat/Benchmarks/random/P0.5N2L70M100T100-1.mltl,-1,-1,TO
/home/michele/mltlsat/Benchmarks/random/P0.5N2L70M100T100-2.mltl,0.474,26247.2,sat
/home/michele/mltlsat/Benchmarks/random/P0.5N2L70M100T100-3.mltl,16.304,16720,sat
/home/michele/mltlsat/Benchmarks/random/P0.5N2L70M100T100-4.mltl,-1,-1,TO
/home/michele/mltlsat/Benchmarks/random/P0.5N2L70M100T100-5.mltl,0.0,7793.6,sat
/home/michele/mltlsat/Benchmarks/random/P0.5N2L70M100T100-6.mltl,0.0,7799.2,sat
/home/michele/mltlsat/Benchmarks/random/P0.5N2L70M100T100-7.mltl,-1,-1,OOM
/home/michele/mltlsat/Benchmarks/random/P0.5N2L70M100T100-8.mltl,0.0,7808.8,sat
/home/michele/mltlsat/Benchmarks/random/P0.5N2L70M100T100-9.mltl,-1,-1,TO
/home/michele/mltlsat/Benchmarks/random/P0.5N2L75M100T100-10.mltl,0.0,7818.4,sat
/home/michele/mltlsat/Benchmarks/random/P0.5N2L75M100T100-1.mltl,0.0,7788,sat
/home/michele/mltlsat/Benchmarks/random/P0.5N2L75M100T100-2.mltl,0.0,7828.8,unsat
/home/michele/mltlsat/Benchmarks/random/P0.5N2L75M100T100-3.mltl,7.758,27781.6,sat
/home/michele/mltlsat/Benchmarks/random/P0.5N2L75M100T100-4.mltl,0.0,7813.6,sat
/home/michele/mltlsat/Benchmarks/random/P0.5N2L75M100T100-5.mltl,0.04,24709.6,sat
/home/michele/mltlsat/Benchmarks/random/P0.5N2L75M100T100-6.mltl,0.0,7782.4,sat
/home/michele/mltlsat/Benchmarks/random/P0.5N2L75M100T100-7.mltl,0.0,7788,sat
/home/michele/mltlsat/Benchmarks/random/P0.5N2L75M100T100-8.mltl,0.0,7806.4,sat
/home/michele/mltlsat/Benchmarks/random/P0.5N2L75M100T100-9.mltl,0.0,7800.8,sat
/home/michele/mltlsat/Benchmarks/random/P0.5N2L80M100T100-10.mltl,0.05,15470.4,sat
/home/michele/mltlsat/Benchmarks/random/P0.5N2L80M100T100-1.mltl,0.0,7800.8,sat
/home/michele/mltlsat/Benchmarks/random/P0.5N2L80M100T100-2.mltl,0.06,29311.2,sat
/home/michele/mltlsat/Benchmarks/random/P0.5N2L80M100T100-3.mltl,0.0,7809.6,sat
/home/michele/mltlsat/Benchmarks/random/P0.5N2L80M100T100-4.mltl,0.12,10859.2,sat
/home/michele/mltlsat/Benchmarks/random/P0.5N2L80M100T100-5.mltl,0.0,7788.8,sat
/home/michele/mltlsat/Benchmarks/random/P0.5N2L80M100T100-6.mltl,0.772,36965.6,sat
/home/michele/mltlsat/Benchmarks/random/P0.5N2L80M100T100-7.mltl,0.024,19786.4,sat
/home/michele/mltlsat/Benchmarks/random/P0.5N2L80M100T100-8.mltl,0.0,7793.6,sat
/home/michele/mltlsat/Benchmarks/random/P0.5N2L80M100T100-9.mltl,0.012,12391.2,sat
/home/michele/mltlsat/Benchmarks/random/P0.5N2L85M100T100-10.mltl,0.0,7783.2,sat
/home/michele/mltlsat/Benchmarks/random/P0.5N2L85M100T100-1.mltl,0.0,7784,sat
/home/michele/mltlsat/Benchmarks/random/P0.5N2L85M100T100-2.mltl,3.884,18240.8,sat
/home/michele/mltlsat/Benchmarks/random/P0.5N2L85M100T100-3.mltl,0.08,17005.6,sat
/home/michele/mltlsat/Benchmarks/random/P0.5N2L85M100T100-4.mltl,0.0,7776.8,sat
/home/michele/mltlsat/Benchmarks/random/P0.5N2L85M100T100-5.mltl,0.002,9304,sat
/home/michele/mltlsat/Benchmarks/random/P0.5N2L85M100T100-6.mltl,0.0,7789.6,sat
/home/michele/mltlsat/Benchmarks/random/P0.5N2L85M100T100-7.mltl,0.01,9334.4,unsat
/home/michele/mltlsat/Benchmarks/random/P0.5N2L85M100T100-8.mltl,-1,-1,TO
/home/michele/mltlsat/Benchmarks/random/P0.5N2L85M100T100-9.mltl,0.0,7799.2,sat
/home/michele/mltlsat/Benchmarks/random/P0.5N2L90M100T100-10.mltl,0.042,13951.2,sat
/home/michele/mltlsat/Benchmarks/random/P0.5N2L90M100T100-1.mltl,0.01,13919.2,sat
/home/michele/mltlsat/Benchmarks/random/P0.5N2L90M100T100-2.mltl,0.0,7787.2,sat
/home/michele/mltlsat/Benchmarks/random/P0.5N2L90M100T100-3.mltl,0.0,7802.4,sat
/home/michele/mltlsat/Benchmarks/random/P0.5N2L90M100T100-4.mltl,-1,-1,TO
/home/michele/mltlsat/Benchmarks/random/P0.5N2L90M100T100-5.mltl,0.0,7812,sat
/home/michele/mltlsat/Benchmarks/random/P0.5N2L90M100T100-6.mltl,0.0,7781.6,sat
/home/michele/mltlsat/Benchmarks/random/P0.5N2L90M100T100-7.mltl,0.0,7796.8,sat
/home/michele/mltlsat/Benchmarks/random/P0.5N2L90M100T100-8.mltl,0.0,7776,sat
/home/michele/mltlsat/Benchmarks/random/P0.5N2L90M100T100-9.mltl,0.0,7834.4,sat
/home/michele/mltlsat/Benchmarks/random/P0.5N2L95M100T100-10.mltl,0.0,9324,sat
/home/michele/mltlsat/Benchmarks/random/P0.5N2L95M100T100-1.mltl,0.0,7804,sat
/home/michele/mltlsat/Benchmarks/random/P0.5N2L95M100T100-2.mltl,0.0,7794.4,sat
/home/michele/mltlsat/Benchmarks/random/P0.5N2L95M100T100-3.mltl,0.0,7790.4,sat
/home/michele/mltlsat/Benchmarks/random/P0.5N2L95M100T100-4.mltl,0.02,15487.2,sat
/home/michele/mltlsat/Benchmarks/random/P0.5N2L95M100T100-5.mltl,0.0,7805.6,sat
/home/michele/mltlsat/Benchmarks/random/P0.5N2L95M100T100-6.mltl,0.108,16998.4,sat
/home/michele/mltlsat/Benchmarks/random/P0.5N2L95M100T100-7.mltl,0.0,9343.2,sat
/home/michele/mltlsat/Benchmarks/random/P0.5N2L95M100T100-8.mltl,0.0,7786.4,unsat
/home/michele/mltlsat/Benchmarks/random/P0.5N2L95M100T100-9.mltl,0.0,7798.4,unsat
/home/michele/mltlsat/Benchmarks/random/P0.5N3L100M100T100-10.mltl,0.0,7776,sat
/home/michele/mltlsat/Benchmarks/random/P0.5N3L100M100T100-1.mltl,0.0,7811.2,sat
/home/michele/mltlsat/Benchmarks/random/P0.5N3L100M100T100-2.mltl,0.0,7811.2,sat
/home/michele/mltlsat/Benchmarks/random/P0.5N3L100M100T100-3.mltl,0.0,7800.8,sat
/home/michele/mltlsat/Benchmarks/random/P0.5N3L100M100T100-4.mltl,-1,-1,TO
/home/michele/mltlsat/Benchmarks/random/P0.5N3L100M100T100-5.mltl,0.042,17009.6,sat
/home/michele/mltlsat/Benchmarks/random/P0.5N3L100M100T100-6.mltl,0.0,7815.2,sat
/home/michele/mltlsat/Benchmarks/random/P0.5N3L100M100T100-7.mltl,-1,-1,TO
/home/michele/mltlsat/Benchmarks/random/P0.5N3L100M100T100-8.mltl,0.114,15475.2,sat
/home/michele/mltlsat/Benchmarks/random/P0.5N3L100M100T100-9.mltl,0.04,13949.6,sat
/home/michele/mltlsat/Benchmarks/random/P0.5N3L10M100T100-10.mltl,0.0,7785.6,sat
/home/michele/mltlsat/Benchmarks/random/P0.5N3L10M100T100-1.mltl,0.0,7791.2,sat
/home/michele/mltlsat/Benchmarks/random/P0.5N3L10M100T100-2.mltl,0.0,7786.4,sat
/home/michele/mltlsat/Benchmarks/random/P0.5N3L10M100T100-3.mltl,0.0,7766.4,sat
/home/michele/mltlsat/Benchmarks/random/P0.5N3L10M100T100-4.mltl,0.0,7806.4,sat
/home/michele/mltlsat/Benchmarks/random/P0.5N3L10M100T100-5.mltl,0.0,7784.8,sat
/home/michele/mltlsat/Benchmarks/random/P0.5N3L10M100T100-6.mltl,0.0,7836.8,sat
/home/michele/mltlsat/Benchmarks/random/P0.5N3L10M100T100-7.mltl,0.0,7819.2,sat
/home/michele/mltlsat/Benchmarks/random/P0.5N3L10M100T100-8.mltl,0.0,7792.8,sat
/home/michele/mltlsat/Benchmarks/random/P0.5N3L10M100T100-9.mltl,0.0,7799.2,sat
/home/michele/mltlsat/Benchmarks/random/P0.5N3L15M100T100-10.mltl,0.0,7784.8,unsat
/home/michele/mltlsat/Benchmarks/random/P0.5N3L15M100T100-1.mltl,0.0,7810.4,sat
/home/michele/mltlsat/Benchmarks/random/P0.5N3L15M100T100-2.mltl,0.0,7812.8,sat
/home/michele/mltlsat/Benchmarks/random/P0.5N3L15M100T100-3.mltl,0.0,7792,sat
/home/michele/mltlsat/Benchmarks/random/P0.5N3L15M100T100-4.mltl,0.10200000000000001,44347.2,sat
/home/michele/mltlsat/Benchmarks/random/P0.5N3L15M100T100-5.mltl,0.0,7782.4,sat
/home/michele/mltlsat/Benchmarks/random/P0.5N3L15M100T100-6.mltl,0.0,7766.4,sat
/home/michele/mltlsat/Benchmarks/random/P0.5N3L15M100T100-7.mltl,0.0,7783.2,sat
/home/michele/mltlsat/Benchmarks/random/P0.5N3L15M100T100-8.mltl,0.0,7788.8,sat
/home/michele/mltlsat/Benchmarks/random/P0.5N3L15M100T100-9.mltl,0.0,7804.8,sat
/home/michele/mltlsat/Benchmarks/random/P0.5N3L20M100T100-10.mltl,0.0,7775.2,sat
/home/michele/mltlsat/Benchmarks/random/P0.5N3L20M100T100-1.mltl,0.0,7780.8,sat
/home/michele/mltlsat/Benchmarks/random/P0.5N3L20M100T100-2.mltl,0.0,7781.6,sat
/home/michele/mltlsat/Benchmarks/random/P0.5N3L20M100T100-3.mltl,0.0,7779.2,sat
/home/michele/mltlsat/Benchmarks/random/P0.5N3L20M100T100-4.mltl,0.0,7784.8,sat
/home/michele/mltlsat/Benchmarks/random/P0.5N3L20M100T100-5.mltl,0.0,9320.8,sat
/home/michele/mltlsat/Benchmarks/random/P0.5N3L20M100T100-6.mltl,0.098,15464,sat
/home/michele/mltlsat/Benchmarks/random/P0.5N3L20M100T100-7.mltl,0.0,7816.8,sat
/home/michele/mltlsat/Benchmarks/random/P0.5N3L20M100T100-8.mltl,0.0,7800,sat
/home/michele/mltlsat/Benchmarks/random/P0.5N3L20M100T100-9.mltl,0.02,15454.4,sat
/home/michele/mltlsat/Benchmarks/random/P0.5N3L25M100T100-10.mltl,0.0,7821.6,sat
/home/michele/mltlsat/Benchmarks/random/P0.5N3L25M100T100-1.mltl,0.0,7800,sat
/home/michele/mltlsat/Benchmarks/random/P0.5N3L25M100T100-2.mltl,0.0,7454.4,sat
/home/michele/mltlsat/Benchmarks/random/P0.5N3L25M100T100-3.mltl,0.0,9338.4,sat
/home/michele/mltlsat/Benchmarks/random/P0.5N3L25M100T100-4.mltl,0.0,7784,unsat
/home/michele/mltlsat/Benchmarks/random/P0.5N3L25M100T100-5.mltl,0.0,7800.8,sat
/home/michele/mltlsat/Benchmarks/random/P0.5N3L25M100T100-6.mltl,0.0,7795.2,sat
/home/michele/mltlsat/Benchmarks/random/P0.5N3L25M100T100-7.mltl,0.0,7804.8,sat
/home/michele/mltlsat/Benchmarks/random/P0.5N3L25M100T100-8.mltl,0.06,12099.2,sat
/home/michele/mltlsat/Benchmarks/random/P0.5N3L25M100T100-9.mltl,0.0,7800,sat
/home/michele/mltlsat/Benchmarks/random/P0.5N3L30M100T100-10.mltl,0.0,7808.8,sat
/home/michele/mltlsat/Benchmarks/random/P0.5N3L30M100T100-1.mltl,0.0,9338.4,sat
/home/michele/mltlsat/Benchmarks/random/P0.5N3L30M100T100-2.mltl,0.0,9364,sat
/home/michele/mltlsat/Benchmarks/random/P0.5N3L30M100T100-3.mltl,0.0,7781.6,sat
/home/michele/mltlsat/Benchmarks/random/P0.5N3L30M100T100-4.mltl,0.0,7794.4,sat
/home/michele/mltlsat/Benchmarks/random/P0.5N3L30M100T100-5.mltl,0.0,7808.8,sat
/home/michele/mltlsat/Benchmarks/random/P0.5N3L30M100T100-6.mltl,0.0,7820,sat
/home/michele/mltlsat/Benchmarks/random/P0.5N3L30M100T100-7.mltl,0.0,7796.8,sat
/home/michele/mltlsat/Benchmarks/random/P0.5N3L30M100T100-8.mltl,0.0,7817.6,sat
/home/michele/mltlsat/Benchmarks/random/P0.5N3L30M100T100-9.mltl,0.0,7797.6,sat
/home/michele/mltlsat/Benchmarks/random/P0.5N3L35M100T100-10.mltl,0.0,7804.8,sat
/home/michele/mltlsat/Benchmarks/random/P0.5N3L35M100T100-1.mltl,-1,-1,TO
/home/michele/mltlsat/Benchmarks/random/P0.5N3L35M100T100-2.mltl,0.0,7793.6,sat
/home/michele/mltlsat/Benchmarks/random/P0.5N3L35M100T100-3.mltl,0.002,10863.2,sat
/home/michele/mltlsat/Benchmarks/random/P0.5N3L35M100T100-4.mltl,0.0,7777.6,sat
/home/michele/mltlsat/Benchmarks/random/P0.5N3L35M100T100-5.mltl,0.0,7804,sat
/home/michele/mltlsat/Benchmarks/random/P0.5N3L35M100T100-6.mltl,0.0,7813.6,sat
/home/michele/mltlsat/Benchmarks/random/P0.5N3L35M100T100-7.mltl,0.0,7806.4,sat
/home/michele/mltlsat/Benchmarks/random/P0.5N3L35M100T100-8.mltl,0.0,7820,sat
/home/michele/mltlsat/Benchmarks/random/P0.5N3L35M100T100-9.mltl,0.0,7781.6,sat
/home/michele/mltlsat/Benchmarks/random/P0.5N3L40M100T100-10.mltl,0.0,7772.8,sat
/home/michele/mltlsat/Benchmarks/random/P0.5N3L40M100T100-1.mltl,0.0,9365.6,sat
/home/michele/mltlsat/Benchmarks/random/P0.5N3L40M100T100-2.mltl,0.0,7814.4,sat
/home/michele/mltlsat/Benchmarks/random/P0.5N3L40M100T100-3.mltl,0.0,9316,sat
/home/michele/mltlsat/Benchmarks/random/P0.5N3L40M100T100-4.mltl,0.0,7821.6,sat
/home/michele/mltlsat/Benchmarks/random/P0.5N3L40M100T100-5.mltl,0.0,7802.4,sat
/home/michele/mltlsat/Benchmarks/random/P0.5N3L40M100T100-6.mltl,0.0,9345.6,sat
/home/michele/mltlsat/Benchmarks/random/P0.5N3L40M100T100-7.mltl,0.15,15506.4,sat
/home/michele/mltlsat/Benchmarks/random/P0.5N3L40M100T100-8.mltl,0.0,7795.2,sat
/home/michele/mltlsat/Benchmarks/random/P0.5N3L40M100T100-9.mltl,0.0,9324.8,sat
/home/michele/mltlsat/Benchmarks/random/P0.5N3L45M100T100-10.mltl,0.0,7819.2,sat
/home/michele/mltlsat/Benchmarks/random/P0.5N3L45M100T100-1.mltl,0.28,21622.4,sat
/home/michele/mltlsat/Benchmarks/random/P0.5N3L45M100T100-2.mltl,0.03,12409.6,sat
/home/michele/mltlsat/Benchmarks/random/P0.5N3L45M100T100-3.mltl,0.0,9333.6,sat
/home/michele/mltlsat/Benchmarks/random/P0.5N3L45M100T100-4.mltl,0.0,7806.4,sat
/home/michele/mltlsat/Benchmarks/random/P0.5N3L45M100T100-5.mltl,0.0,7786.4,sat
/home/michele/mltlsat/Benchmarks/random/P0.5N3L45M100T100-6.mltl,0.0,7775.2,sat
/home/michele/mltlsat/Benchmarks/random/P0.5N3L45M100T100-7.mltl,0.0,7784.8,sat
/home/michele/mltlsat/Benchmarks/random/P0.5N3L45M100T100-8.mltl,0.0,7800.8,sat
/home/michele/mltlsat/Benchmarks/random/P0.5N3L45M100T100-9.mltl,0.17,18539.2,sat
/home/michele/mltlsat/Benchmarks/random/P0.5N3L50M100T100-10.mltl,0.0,7802.4,sat
/home/michele/mltlsat/Benchmarks/random/P0.5N3L50M100T100-1.mltl,0.0,7799.2,sat
/home/michele/mltlsat/Benchmarks/random/P0.5N3L50M100T100-2.mltl,0.0,7812.8,sat
/home/michele/mltlsat/Benchmarks/random/P0.5N3L50M100T100-3.mltl,0.0,7798.4,sat
/home/michele/mltlsat/Benchmarks/random/P0.5N3L50M100T100-4.mltl,0.0,9013.6,sat
/home/michele/mltlsat/Benchmarks/random/P0.5N3L50M100T100-5.mltl,0.0,7800,sat
/home/michele/mltlsat/Benchmarks/random/P0.5N3L50M100T100-6.mltl,0.0,7772,sat
/home/michele/mltlsat/Benchmarks/random/P0.5N3L50M100T100-7.mltl,0.0,9348,sat
/home/michele/mltlsat/Benchmarks/random/P0.5N3L50M100T100-8.mltl,0.0,7804.8,sat
/home/michele/mltlsat/Benchmarks/random/P0.5N3L50M100T100-9.mltl,0.01,12392.8,sat
/home/michele/mltlsat/Benchmarks/random/P0.5N3L55M100T100-10.mltl,-1,-1,TO
/home/michele/mltlsat/Benchmarks/random/P0.5N3L55M100T100-1.mltl,0.0,7805.6,sat
/home/michele/mltlsat/Benchmarks/random/P0.5N3L55M100T100-2.mltl,1.084,252047.2,sat
/home/michele/mltlsat/Benchmarks/random/P0.5N3L55M100T100-3.mltl,0.0,7784,sat
/home/michele/mltlsat/Benchmarks/random/P0.5N3L55M100T100-4.mltl,0.0,7823.2,sat
/home/michele/mltlsat/Benchmarks/random/P0.5N3L55M100T100-5.mltl,0.0,7808.8,sat
/home/michele/mltlsat/Benchmarks/random/P0.5N3L55M100T100-6.mltl,0.0,7766.4,sat
/home/michele/mltlsat/Benchmarks/random/P0.5N3L55M100T100-7.mltl,0.05,12410.4,sat
/home/michele/mltlsat/Benchmarks/random/P0.5N3L55M100T100-8.mltl,0.0,7801.6,sat
/home/michele/mltlsat/Benchmarks/random/P0.5N3L55M100T100-9.mltl,0.13,24686.4,sat
/home/michele/mltlsat/Benchmarks/random/P0.5N3L5M100T100-10.mltl,0.0,7464,sat
/home/michele/mltlsat/Benchmarks/random/P0.5N3L5M100T100-1.mltl,0.0,7828,sat
/home/michele/mltlsat/Benchmarks/random/P0.5N3L5M100T100-2.mltl,0.0,7817.6,sat
/home/michele/mltlsat/Benchmarks/random/P0.5N3L5M100T100-3.mltl,0.0,7802.4,sat
/home/michele/mltlsat/Benchmarks/random/P0.5N3L5M100T100-4.mltl,0.0,7810.4,sat
/home/michele/mltlsat/Benchmarks/random/P0.5N3L5M100T100-5.mltl,0.0,7824,sat
/home/michele/mltlsat/Benchmarks/random/P0.5N3L5M100T100-6.mltl,0.0,7807.2,sat
/home/michele/mltlsat/Benchmarks/random/P0.5N3L5M100T100-7.mltl,0.0,7793.6,sat
/home/michele/mltlsat/Benchmarks/random/P0.5N3L5M100T100-8.mltl,0.0,7793.6,sat
/home/michele/mltlsat/Benchmarks/random/P0.5N3L5M100T100-9.mltl,0.0,7816.8,sat
/home/michele/mltlsat/Benchmarks/random/P0.5N3L60M100T100-10.mltl,0.0,7807.2,sat
/home/michele/mltlsat/Benchmarks/random/P0.5N3L60M100T100-1.mltl,0.0,7799.2,unsat
/home/michele/mltlsat/Benchmarks/random/P0.5N3L60M100T100-2.mltl,0.0,7784,sat
/home/michele/mltlsat/Benchmarks/random/P0.5N3L60M100T100-3.mltl,0.0,7812,sat
/home/michele/mltlsat/Benchmarks/random/P0.5N3L60M100T100-4.mltl,0.0,7797.6,sat
/home/michele/mltlsat/Benchmarks/random/P0.5N3L60M100T100-5.mltl,0.0,7827.2,sat
/home/michele/mltlsat/Benchmarks/random/P0.5N3L60M100T100-6.mltl,0.0,7788,sat
/home/michele/mltlsat/Benchmarks/random/P0.5N3L60M100T100-7.mltl,0.0,7787.2,sat
/home/michele/mltlsat/Benchmarks/random/P0.5N3L60M100T100-8.mltl,0.0,7788.8,sat
/home/michele/mltlsat/Benchmarks/random/P0.5N3L60M100T100-9.mltl,0.0,7473.6,sat
/home/michele/mltlsat/Benchmarks/random/P0.5N3L65M100T100-10.mltl,0.0,10861.6,sat
/home/michele/mltlsat/Benchmarks/random/P0.5N3L65M100T100-1.mltl,0.0,7809.6,sat
/home/michele/mltlsat/Benchmarks/random/P0.5N3L65M100T100-2.mltl,0.0,7797.6,sat
/home/michele/mltlsat/Benchmarks/random/P0.5N3L65M100T100-3.mltl,0.03,12412,sat
/home/michele/mltlsat/Benchmarks/random/P0.5N3L65M100T100-4.mltl,0.0,7801.6,sat
/home/michele/mltlsat/Benchmarks/random/P0.5N3L65M100T100-5.mltl,0.01,13944,sat
/home/michele/mltlsat/Benchmarks/random/P0.5N3L65M100T100-6.mltl,0.0,7785.6,sat
/home/michele/mltlsat/Benchmarks/random/P0.5N3L65M100T100-7.mltl,0.04,10872,sat
/home/michele/mltlsat/Benchmarks/random/P0.5N3L65M100T100-8.mltl,-1,-1,TO
/home/michele/mltlsat/Benchmarks/random/P0.5N3L65M100T100-9.mltl,0.0,7793.6,sat
/home/michele/mltlsat/Benchmarks/random/P0.5N3L70M100T100-10.mltl,0.0,7787.2,sat
/home/michele/mltlsat/Benchmarks/random/P0.5N3L70M100T100-1.mltl,0.0,7796.8,sat
/home/michele/mltlsat/Benchmarks/random/P0.5N3L70M100T100-2.mltl,0.0,7780.8,sat
/home/michele/mltlsat/Benchmarks/random/P0.5N3L70M100T100-3.mltl,0.03,21622.4,sat
/home/michele/mltlsat/Benchmarks/random/P0.5N3L70M100T100-4.mltl,0.0,7801.6,sat
/home/michele/mltlsat/Benchmarks/random/P0.5N3L70M100T100-5.mltl,0.0,7794.4,sat
/home/michele/mltlsat/Benchmarks/random/P0.5N3L70M100T100-6.mltl,0.0,7799.2,sat
/home/michele/mltlsat/Benchmarks/random/P0.5N3L70M100T100-7.mltl,0.01,9336,sat
/home/michele/mltlsat/Benchmarks/random/P0.5N3L70M100T100-8.mltl,0.03,9025.6,unsat
/home/michele/mltlsat/Benchmarks/random/P0.5N3L70M100T100-9.mltl,0.0,7803.2,sat
/home/michele/mltlsat/Benchmarks/random/P0.5N3L75M100T100-10.mltl,0.0,7788.8,sat
/home/michele/mltlsat/Benchmarks/random/P0.5N3L75M100T100-1.mltl,0.046,17000.8,sat
/home/michele/mltlsat/Benchmarks/random/P0.5N3L75M100T100-2.mltl,0.0,7786.4,sat
/home/michele/mltlsat/Benchmarks/random/P0.5N3L75M100T100-3.mltl,0.0,7788,sat
/home/michele/mltlsat/Benchmarks/random/P0.5N3L75M100T100-4.mltl,110.35000000000001,969037.6,sat
/home/michele/mltlsat/Benchmarks/random/P0.5N3L75M100T100-5.mltl,0.0,7800.8,sat
/home/michele/mltlsat/Benchmarks/random/P0.5N3L75M100T100-6.mltl,0.52,35444.8,sat
/home/michele/mltlsat/Benchmarks/random/P0.5N3L75M100T100-7.mltl,0.012,7810.4,sat
/home/michele/mltlsat/Benchmarks/random/P0.5N3L75M100T100-8.mltl,0.0,9311.2,sat
/home/michele/mltlsat/Benchmarks/random/P0.5N3L75M100T100-9.mltl,0.0,9325.6,sat
/home/michele/mltlsat/Benchmarks/random/P0.5N3L80M100T100-10.mltl,0.12,53590.4,sat
/home/michele/mltlsat/Benchmarks/random/P0.5N3L80M100T100-1.mltl,0.0,7796,sat
/home/michele/mltlsat/Benchmarks/random/P0.5N3L80M100T100-2.mltl,0.0,7782.4,sat
/home/michele/mltlsat/Benchmarks/random/P0.5N3L80M100T100-3.mltl,0.0,7788.8,sat
/home/michele/mltlsat/Benchmarks/random/P0.5N3L80M100T100-4.mltl,0.0,7792.8,unsat
/home/michele/mltlsat/Benchmarks/random/P0.5N3L80M100T100-5.mltl,0.0,7823.2,sat
/home/michele/mltlsat/Benchmarks/random/P0.5N3L80M100T100-6.mltl,0.01,12416,sat
/home/michele/mltlsat/Benchmarks/random/P0.5N3L80M100T100-7.mltl,-1,-1,TO
/home/michele/mltlsat/Benchmarks/random/P0.5N3L80M100T100-8.mltl,0.0,7807.2,sat
/home/michele/mltlsat/Benchmarks/random/P0.5N3L80M100T100-9.mltl,0.0,7781.6,sat
/home/michele/mltlsat/Benchmarks/random/P0.5N3L85M100T100-10.mltl,0.0,9325.6,sat
/home/michele/mltlsat/Benchmarks/random/P0.5N3L85M100T100-1.mltl,0.16,18548.8,sat
/home/michele/mltlsat/Benchmarks/random/P0.5N3L85M100T100-2.mltl,0.0,7797.6,sat
/home/michele/mltlsat/Benchmarks/random/P0.5N3L85M100T100-3.mltl,0.01,9296.8,unsat
/home/michele/mltlsat/Benchmarks/random/P0.5N3L85M100T100-4.mltl,0.0,7788,sat
/home/michele/mltlsat/Benchmarks/random/P0.5N3L85M100T100-5.mltl,0.0,7776.8,sat
/home/michele/mltlsat/Benchmarks/random/P0.5N3L85M100T100-6.mltl,0.0,9371.2,sat
/home/michele/mltlsat/Benchmarks/random/P0.5N3L85M100T100-7.mltl,0.0,7806.4,sat
/home/michele/mltlsat/Benchmarks/random/P0.5N3L85M100T100-8.mltl,0.0,9333.6,sat
/home/michele/mltlsat/Benchmarks/random/P0.5N3L85M100T100-9.mltl,0.0,7792.8,sat
/home/michele/mltlsat/Benchmarks/random/P0.5N3L90M100T100-10.mltl,0.0,9341.6,sat
/home/michele/mltlsat/Benchmarks/random/P0.5N3L90M100T100-1.mltl,0.0,7799.2,sat
/home/michele/mltlsat/Benchmarks/random/P0.5N3L90M100T100-2.mltl,2.962,1067024.8,sat
/home/michele/mltlsat/Benchmarks/random/P0.5N3L90M100T100-3.mltl,0.16,12432.8,sat
/home/michele/mltlsat/Benchmarks/random/P0.5N3L90M100T100-4.mltl,0.0,9320.8,sat
/home/michele/mltlsat/Benchmarks/random/P0.5N3L90M100T100-5.mltl,0.0,9378.4,sat
/home/michele/mltlsat/Benchmarks/random/P0.5N3L90M100T100-6.mltl,0.0,7769.6,sat
/home/michele/mltlsat/Benchmarks/random/P0.5N3L90M100T100-7.mltl,0.422,13964.8,sat
/home/michele/mltlsat/Benchmarks/random/P0.5N3L90M100T100-8.mltl,-1,-1,TO
/home/michele/mltlsat/Benchmarks/random/P0.5N3L90M100T100-9.mltl,0.0,7822.4,sat
/home/michele/mltlsat/Benchmarks/random/P0.5N3L95M100T100-10.mltl,7.096,17910.4,sat
/home/michele/mltlsat/Benchmarks/random/P0.5N3L95M100T100-1.mltl,0.0,7801.6,sat
/home/michele/mltlsat/Benchmarks/random/P0.5N3L95M100T100-2.mltl,-1,-1,TO
/home/michele/mltlsat/Benchmarks/random/P0.5N3L95M100T100-3.mltl,0.0,9374.4,sat
/home/michele/mltlsat/Benchmarks/random/P0.5N3L95M100T100-4.mltl,0.0,9312,sat
/home/michele/mltlsat/Benchmarks/random/P0.5N3L95M100T100-5.mltl,0.0,7780,sat
/home/michele/mltlsat/Benchmarks/random/P0.5N3L95M100T100-6.mltl,0.0,7808,sat
/home/michele/mltlsat/Benchmarks/random/P0.5N3L95M100T100-7.mltl,0.0,7788,sat
/home/michele/mltlsat/Benchmarks/random/P0.5N3L95M100T100-8.mltl,0.0,7806.4,sat
/home/michele/mltlsat/Benchmarks/random/P0.5N3L95M100T100-9.mltl,0.0,7792,sat
/home/michele/mltlsat/Benchmarks/random/P0.5N4L100M100T100-10.mltl,0.0,7777.6,sat
/home/michele/mltlsat/Benchmarks/random/P0.5N4L100M100T100-1.mltl,-1,-1,TO
/home/michele/mltlsat/Benchmarks/random/P0.5N4L100M100T100-2.mltl,0.28,25918.4,sat
/home/michele/mltlsat/Benchmarks/random/P0.5N4L100M100T100-3.mltl,0.01,12401.6,sat
/home/michele/mltlsat/Benchmarks/random/P0.5N4L100M100T100-4.mltl,0.0,7841.6,sat
/home/michele/mltlsat/Benchmarks/random/P0.5N4L100M100T100-5.mltl,0.01,10876,sat
/home/michele/mltlsat/Benchmarks/random/P0.5N4L100M100T100-6.mltl,0.12,60019.2,sat
/home/michele/mltlsat/Benchmarks/random/P0.5N4L100M100T100-7.mltl,0.224,27791.2,sat
/home/michele/mltlsat/Benchmarks/random/P0.5N4L100M100T100-8.mltl,0.0,7803.2,sat
/home/michele/mltlsat/Benchmarks/random/P0.5N4L100M100T100-9.mltl,-1,-1,TO
/home/michele/mltlsat/Benchmarks/random/P0.5N4L10M100T100-10.mltl,0.0,7792,sat
/home/michele/mltlsat/Benchmarks/random/P0.5N4L10M100T100-1.mltl,0.0,7788,sat
/home/michele/mltlsat/Benchmarks/random/P0.5N4L10M100T100-2.mltl,0.0,7798.4,sat
/home/michele/mltlsat/Benchmarks/random/P0.5N4L10M100T100-3.mltl,0.0,7797.6,sat
/home/michele/mltlsat/Benchmarks/random/P0.5N4L10M100T100-4.mltl,0.0,7798.4,sat
/home/michele/mltlsat/Benchmarks/random/P0.5N4L10M100T100-5.mltl,0.0,7792.8,sat
/home/michele/mltlsat/Benchmarks/random/P0.5N4L10M100T100-6.mltl,0.0,7796,sat
/home/michele/mltlsat/Benchmarks/random/P0.5N4L10M100T100-7.mltl,0.0,7785.6,sat
/home/michele/mltlsat/Benchmarks/random/P0.5N4L10M100T100-8.mltl,0.0,7802.4,sat
/home/michele/mltlsat/Benchmarks/random/P0.5N4L10M100T100-9.mltl,0.0,7799.2,sat
/home/michele/mltlsat/Benchmarks/random/P0.5N4L15M100T100-10.mltl,0.0,7832.8,sat
/home/michele/mltlsat/Benchmarks/random/P0.5N4L15M100T100-1.mltl,0.0,7804,sat
/home/michele/mltlsat/Benchmarks/random/P0.5N4L15M100T100-2.mltl,74.128,53259.2,unsat
/home/michele/mltlsat/Benchmarks/random/P0.5N4L15M100T100-3.mltl,0.0,7782.4,sat
/home/michele/mltlsat/Benchmarks/random/P0.5N4L15M100T100-4.mltl,0.04,12422.4,sat
/home/michele/mltlsat/Benchmarks/random/P0.5N4L15M100T100-5.mltl,0.0,7807.2,sat
/home/michele/mltlsat/Benchmarks/random/P0.5N4L15M100T100-6.mltl,0.0,7796,sat
/home/michele/mltlsat/Benchmarks/random/P0.5N4L15M100T100-7.mltl,0.0,7812.8,sat
/home/michele/mltlsat/Benchmarks/random/P0.5N4L15M100T100-8.mltl,0.0,7792,sat
/home/michele/mltlsat/Benchmarks/random/P0.5N4L15M100T100-9.mltl,0.0,7783.2,sat
/home/michele/mltlsat/Benchmarks/random/P0.5N4L20M100T100-10.mltl,0.0,7787.2,unsat
/home/michele/mltlsat/Benchmarks/random/P0.5N4L20M100T100-1.mltl,0.0,7802.4,sat
/home/michele/mltlsat/Benchmarks/random/P0.5N4L20M100T100-2.mltl,0.0,7801.6,sat
/home/michele/mltlsat/Benchmarks/random/P0.5N4L20M100T100-3.mltl,0.0,7789.6,sat
/home/michele/mltlsat/Benchmarks/random/P0.5N4L20M100T100-4.mltl,0.0,7819.2,sat
/home/michele/mltlsat/Benchmarks/random/P0.5N4L20M100T100-5.mltl,0.0,7806.4,sat
/home/michele/mltlsat/Benchmarks/random/P0.5N4L20M100T100-6.mltl,0.0,7784,sat
/home/michele/mltlsat/Benchmarks/random/P0.5N4L20M100T100-7.mltl,0.0,7819.2,sat
/home/michele/mltlsat/Benchmarks/random/P0.5N4L20M100T100-8.mltl,0.0,7808,sat
/home/michele/mltlsat/Benchmarks/random/P0.5N4L20M100T100-9.mltl,0.0,7816,sat
/home/michele/mltlsat/Benchmarks/random/P0.5N4L25M100T100-10.mltl,0.0,7798.4,sat
/home/michele/mltlsat/Benchmarks/random/P0.5N4L25M100T100-1.mltl,0.0,7813.6,sat
/home/michele/mltlsat/Benchmarks/random/P0.5N4L25M100T100-2.mltl,-1,-1,TO
/home/michele/mltlsat/Benchmarks/random/P0.5N4L25M100T100-3.mltl,0.0,7796,sat
/home/michele/mltlsat/Benchmarks/random/P0.5N4L25M100T100-4.mltl,0.0,7825.6,sat
/home/michele/mltlsat/Benchmarks/random/P0.5N4L25M100T100-5.mltl,0.0,7792,sat
/home/michele/mltlsat/Benchmarks/random/P0.5N4L25M100T100-6.mltl,0.0,7776.8,sat
/home/michele/mltlsat/Benchmarks/random/P0.5N4L25M100T100-7.mltl,0.0,7820,sat
/home/michele/mltlsat/Benchmarks/random/P0.5N4L25M100T100-8.mltl,0.0,9325.6,sat
/home/michele/mltlsat/Benchmarks/random/P0.5N4L25M100T100-9.mltl,0.0,7810.4,sat
/home/michele/mltlsat/Benchmarks/random/P0.5N4L30M100T100-10.mltl,0.01,9333.6,sat
/home/michele/mltlsat/Benchmarks/random/P0.5N4L30M100T100-1.mltl,0.0,7805.6,sat
/home/michele/mltlsat/Benchmarks/random/P0.5N4L30M100T100-2.mltl,0.0,7816,sat
/home/michele/mltlsat/Benchmarks/random/P0.5N4L30M100T100-3.mltl,0.0,7796,sat
/home/michele/mltlsat/Benchmarks/random/P0.5N4L30M100T100-4.mltl,0.01,12407.2,sat
/home/michele/mltlsat/Benchmarks/random/P0.5N4L30M100T100-5.mltl,0.0,7779.2,sat
/home/michele/mltlsat/Benchmarks/random/P0.5N4L30M100T100-6.mltl,0.05,27758.4,sat
/home/michele/mltlsat/Benchmarks/random/P0.5N4L30M100T100-7.mltl,0.02,10852.8,sat
/home/michele/mltlsat/Benchmarks/random/P0.5N4L30M100T100-8.mltl,0.0,7784.8,sat
/home/michele/mltlsat/Benchmarks/random/P0.5N4L30M100T100-9.mltl,27.256,15473.6,sat
/home/michele/mltlsat/Benchmarks/random/P0.5N4L35M100T100-10.mltl,0.0,7788.8,sat
/home/michele/mltlsat/Benchmarks/random/P0.5N4L35M100T100-1.mltl,0.0,7781.6,sat
/home/michele/mltlsat/Benchmarks/random/P0.5N4L35M100T100-2.mltl,0.0,7798.4,sat
/home/michele/mltlsat/Benchmarks/random/P0.5N4L35M100T100-3.mltl,0.26,20093.6,sat
/home/michele/mltlsat/Benchmarks/random/P0.5N4L35M100T100-4.mltl,0.01,12419.2,sat
/home/michele/mltlsat/Benchmarks/random/P0.5N4L35M100T100-5.mltl,0.0,7800.8,sat
/home/michele/mltlsat/Benchmarks/random/P0.5N4L35M100T100-6.mltl,0.0,7774.4,sat
/home/michele/mltlsat/Benchmarks/random/P0.5N4L35M100T100-7.mltl,0.758,23150.4,sat
/home/michele/mltlsat/Benchmarks/random/P0.5N4L35M100T100-8.mltl,0.0,7796,sat
/home/michele/mltlsat/Benchmarks/random/P0.5N4L35M100T100-9.mltl,0.0,7808,sat
/home/michele/mltlsat/Benchmarks/random/P0.5N4L40M100T100-10.mltl,0.0,10877.6,sat
/home/michele/mltlsat/Benchmarks/random/P0.5N4L40M100T100-1.mltl,0.0,7788.8,sat
/home/michele/mltlsat/Benchmarks/random/P0.5N4L40M100T100-2.mltl,0.03,10864.8,sat
/home/michele/mltlsat/Benchmarks/random/P0.5N4L40M100T100-3.mltl,0.342,26216,sat
/home/michele/mltlsat/Benchmarks/random/P0.5N4L40M100T100-4.mltl,0.0,7781.6,sat
/home/michele/mltlsat/Benchmarks/random/P0.5N4L40M100T100-5.mltl,0.0,7802.4,sat
/home/michele/mltlsat/Benchmarks/random/P0.5N4L40M100T100-6.mltl,0.0,9319.2,sat
/home/michele/mltlsat/Benchmarks/random/P0.5N4L40M100T100-7.mltl,0.01,12436,sat
/home/michele/mltlsat/Benchmarks/random/P0.5N4L40M100T100-8.mltl,17.382,90148,sat
/home/michele/mltlsat/Benchmarks/random/P0.5N4L40M100T100-9.mltl,0.0,7772.8,sat
/home/michele/mltlsat/Benchmarks/random/P0.5N4L45M100T100-10.mltl,0.0,7777.6,sat
/home/michele/mltlsat/Benchmarks/random/P0.5N4L45M100T100-1.mltl,0.0,7793.6,sat
/home/michele/mltlsat/Benchmarks/random/P0.5N4L45M100T100-2.mltl,0.0,7811.2,unsat
/home/michele/mltlsat/Benchmarks/random/P0.5N4L45M100T100-3.mltl,0.0,7796.8,sat
/home/michele/mltlsat/Benchmarks/random/P0.5N4L45M100T100-4.mltl,0.0,7791.2,sat
/home/michele/mltlsat/Benchmarks/random/P0.5N4L45M100T100-5.mltl,0.07,21641.6,sat
/home/michele/mltlsat/Benchmarks/random/P0.5N4L45M100T100-6.mltl,0.0,9334.4,sat
/home/michele/mltlsat/Benchmarks/random/P0.5N4L45M100T100-7.mltl,0.0,7791.2,sat
/home/michele/mltlsat/Benchmarks/random/P0.5N4L45M100T100-8.mltl,0.0,7795.2,sat
/home/michele/mltlsat/Benchmarks/random/P0.5N4L45M100T100-9.mltl,0.0,10892,sat
/home/michele/mltlsat/Benchmarks/random/P0.5N4L50M100T100-10.mltl,0.0,7796,sat
/home/michele/mltlsat/Benchmarks/random/P0.5N4L50M100T100-1.mltl,0.0,7783.2,sat
/home/michele/mltlsat/Benchmarks/random/P0.5N4L50M100T100-2.mltl,0.0,7761.6,sat
/home/michele/mltlsat/Benchmarks/random/P0.5N4L50M100T100-3.mltl,0.0,7809.6,sat
/home/michele/mltlsat/Benchmarks/random/P0.5N4L50M100T100-4.mltl,0.0,7782.4,sat
/home/michele/mltlsat/Benchmarks/random/P0.5N4L50M100T100-5.mltl,0.0,7796,sat
/home/michele/mltlsat/Benchmarks/random/P0.5N4L50M100T100-6.mltl,0.0,7815.2,sat
/home/michele/mltlsat/Benchmarks/random/P0.5N4L50M100T100-7.mltl,0.0,7794.4,sat
/home/michele/mltlsat/Benchmarks/random/P0.5N4L50M100T100-8.mltl,0.0,7787.2,sat
/home/michele/mltlsat/Benchmarks/random/P0.5N4L50M100T100-9.mltl,0.0,7789.6,unsat
/home/michele/mltlsat/Benchmarks/random/P0.5N4L55M100T100-10.mltl,0.0,7784,sat
/home/michele/mltlsat/Benchmarks/random/P0.5N4L55M100T100-1.mltl,0.0,7808,sat
/home/michele/mltlsat/Benchmarks/random/P0.5N4L55M100T100-2.mltl,0.02,15495.2,sat
/home/michele/mltlsat/Benchmarks/random/P0.5N4L55M100T100-3.mltl,0.0,7784,sat
/home/michele/mltlsat/Benchmarks/random/P0.5N4L55M100T100-4.mltl,1.542,64020.8,sat
/home/michele/mltlsat/Benchmarks/random/P0.5N4L55M100T100-5.mltl,0.0,7801.6,sat
/home/michele/mltlsat/Benchmarks/random/P0.5N4L55M100T100-6.mltl,0.04,13930.4,sat
/home/michele/mltlsat/Benchmarks/random/P0.5N4L55M100T100-7.mltl,0.09,15460.8,sat
/home/michele/mltlsat/Benchmarks/random/P0.5N4L55M100T100-8.mltl,0.0,7818.4,sat
/home/michele/mltlsat/Benchmarks/random/P0.5N4L55M100T100-9.mltl,0.0,7803.2,sat
/home/michele/mltlsat/Benchmarks/random/P0.5N4L5M100T100-10.mltl,0.0,7795.2,sat
/home/michele/mltlsat/Benchmarks/random/P0.5N4L5M100T100-1.mltl,0.0,7819.2,sat
/home/michele/mltlsat/Benchmarks/random/P0.5N4L5M100T100-2.mltl,0.0,7803.2,sat
/home/michele/mltlsat/Benchmarks/random/P0.5N4L5M100T100-3.mltl,0.0,7792.8,sat
/home/michele/mltlsat/Benchmarks/random/P0.5N4L5M100T100-4.mltl,0.0,7834.4,sat
/home/michele/mltlsat/Benchmarks/random/P0.5N4L5M100T100-5.mltl,0.0,7781.6,sat
/home/michele/mltlsat/Benchmarks/random/P0.5N4L5M100T100-6.mltl,0.0,7787.2,sat
/home/michele/mltlsat/Benchmarks/random/P0.5N4L5M100T100-7.mltl,0.0,7813.6,sat
/home/michele/mltlsat/Benchmarks/random/P0.5N4L5M100T100-8.mltl,0.0,7776,sat
/home/michele/mltlsat/Benchmarks/random/P0.5N4L5M100T100-9.mltl,0.0,7795.2,sat
/home/michele/mltlsat/Benchmarks/random/P0.5N4L60M100T100-10.mltl,0.0,7801.6,sat
/home/michele/mltlsat/Benchmarks/random/P0.5N4L60M100T100-1.mltl,0.0,7795.2,sat
/home/michele/mltlsat/Benchmarks/random/P0.5N4L60M100T100-2.mltl,0.0,7795.2,sat
/home/michele/mltlsat/Benchmarks/random/P0.5N4L60M100T100-3.mltl,0.0,7792.8,sat
/home/michele/mltlsat/Benchmarks/random/P0.5N4L60M100T100-4.mltl,0.0,7806.4,sat
/home/michele/mltlsat/Benchmarks/random/P0.5N4L60M100T100-5.mltl,0.338,12089.6,sat
/home/michele/mltlsat/Benchmarks/random/P0.5N4L60M100T100-6.mltl,0.0,7792,sat
/home/michele/mltlsat/Benchmarks/random/P0.5N4L60M100T100-7.mltl,0.0,7808.8,sat
/home/michele/mltlsat/Benchmarks/random/P0.5N4L60M100T100-8.mltl,0.0,9355.2,sat
/home/michele/mltlsat/Benchmarks/random/P0.5N4L60M100T100-9.mltl,0.0,7795.2,unsat
/home/michele/mltlsat/Benchmarks/random/P0.5N4L65M100T100-10.mltl,0.0,9349.6,sat
/home/michele/mltlsat/Benchmarks/random/P0.5N4L65M100T100-1.mltl,0.0,7817.6,sat
/home/michele/mltlsat/Benchmarks/random/P0.5N4L65M100T100-2.mltl,0.0,9335.2,sat
/home/michele/mltlsat/Benchmarks/random/P0.5N4L65M100T100-3.mltl,-1,-1,TO
/home/michele/mltlsat/Benchmarks/random/P0.5N4L65M100T100-4.mltl,0.0,7798.4,unsat
/home/michele/mltlsat/Benchmarks/random/P0.5N4L65M100T100-5.mltl,0.0,9353.6,sat
/home/michele/mltlsat/Benchmarks/random/P0.5N4L65M100T100-6.mltl,0.0,7796,sat
/home/michele/mltlsat/Benchmarks/random/P0.5N4L65M100T100-7.mltl,-1,-1,TO
/home/michele/mltlsat/Benchmarks/random/P0.5N4L65M100T100-8.mltl,0.152,30851.2,sat
/home/michele/mltlsat/Benchmarks/random/P0.5N4L65M100T100-9.mltl,0.0,7792.8,sat
/home/michele/mltlsat/Benchmarks/random/P0.5N4L70M100T100-10.mltl,2.06,12419.2,sat
/home/michele/mltlsat/Benchmarks/random/P0.5N4L70M100T100-1.mltl,38.516,47435.2,sat
/home/michele/mltlsat/Benchmarks/random/P0.5N4L70M100T100-2.mltl,-1,-1,TO
/home/michele/mltlsat/Benchmarks/random/P0.5N4L70M100T100-3.mltl,10.368,47428.8,sat
/home/michele/mltlsat/Benchmarks/random/P0.5N4L70M100T100-4.mltl,0.0,7786.4,sat
/home/michele/mltlsat/Benchmarks/random/P0.5N4L70M100T100-5.mltl,0.39,26204.8,sat
/home/michele/mltlsat/Benchmarks/random/P0.5N4L70M100T100-6.mltl,0.0,7796,sat
/home/michele/mltlsat/Benchmarks/random/P0.5N4L70M100T100-7.mltl,0.0,9344,sat
/home/michele/mltlsat/Benchmarks/random/P0.5N4L70M100T100-8.mltl,0.0,7814.4,sat
/home/michele/mltlsat/Benchmarks/random/P0.5N4L70M100T100-9.mltl,0.03,16720,sat
/home/michele/mltlsat/Benchmarks/random/P0.5N4L75M100T100-10.mltl,0.0,7801.6,sat
/home/michele/mltlsat/Benchmarks/random/P0.5N4L75M100T100-1.mltl,0.096,13930.4,sat
/home/michele/mltlsat/Benchmarks/random/P0.5N4L75M100T100-2.mltl,0.1,16728.8,sat
/home/michele/mltlsat/Benchmarks/random/P0.5N4L75M100T100-3.mltl,0.0,9336,sat
/home/michele/mltlsat/Benchmarks/random/P0.5N4L75M100T100-4.mltl,4.3999999999999995,104579.2,sat
/home/michele/mltlsat/Benchmarks/random/P0.5N4L75M100T100-5.mltl,0.0,7784.8,sat
/home/michele/mltlsat/Benchmarks/random/P0.5N4L75M100T100-6.mltl,0.0,7812.8,sat
/home/michele/mltlsat/Benchmarks/random/P0.5N4L75M100T100-7.mltl,0.08,10885.6,sat
/home/michele/mltlsat/Benchmarks/random/P0.5N4L75M100T100-8.mltl,0.0,7792,sat
/home/michele/mltlsat/Benchmarks/random/P0.5N4L75M100T100-9.mltl,0.0,7783.2,sat
/home/michele/mltlsat/Benchmarks/random/P0.5N4L80M100T100-10.mltl,-1,-1,TO
/home/michele/mltlsat/Benchmarks/random/P0.5N4L80M100T100-1.mltl,0.0,7792,sat
/home/michele/mltlsat/Benchmarks/random/P0.5N4L80M100T100-2.mltl,0.0,7816,sat
/home/michele/mltlsat/Benchmarks/random/P0.5N4L80M100T100-3.mltl,0.0,9323.2,sat
/home/michele/mltlsat/Benchmarks/random/P0.5N4L80M100T100-4.mltl,0.0,7795.2,sat
/home/michele/mltlsat/Benchmarks/random/P0.5N4L80M100T100-5.mltl,0.0,7814.4,sat
/home/michele/mltlsat/Benchmarks/random/P0.5N4L80M100T100-6.mltl,0.0,10882.4,sat
/home/michele/mltlsat/Benchmarks/random/P0.5N4L80M100T100-7.mltl,0.0,7776.8,sat
/home/michele/mltlsat/Benchmarks/random/P0.5N4L80M100T100-8.mltl,0.0,7793.6,sat
/home/michele/mltlsat/Benchmarks/random/P0.5N4L80M100T100-9.mltl,0.0,7795.2,sat
/home/michele/mltlsat/Benchmarks/random/P0.5N4L85M100T100-10.mltl,0.3,18558.4,sat
/home/michele/mltlsat/Benchmarks/random/P0.5N4L85M100T100-1.mltl,0.0,7807.2,sat
/home/michele/mltlsat/Benchmarks/random/P0.5N4L85M100T100-2.mltl,0.0,7807.2,sat
/home/michele/mltlsat/Benchmarks/random/P0.5N4L85M100T100-3.mltl,0.0,7796,sat
/home/michele/mltlsat/Benchmarks/random/P0.5N4L85M100T100-4.mltl,0.0,7800.8,sat
/home/michele/mltlsat/Benchmarks/random/P0.5N4L85M100T100-5.mltl,0.0,7784.8,unsat
/home/michele/mltlsat/Benchmarks/random/P0.5N4L85M100T100-6.mltl,0.0,7794.4,sat
/home/michele/mltlsat/Benchmarks/random/P0.5N4L85M100T100-7.mltl,0.0,7797.6,sat
/home/michele/mltlsat/Benchmarks/random/P0.5N4L85M100T100-8.mltl,0.0,7820.8,unsat
/home/michele/mltlsat/Benchmarks/random/P0.5N4L85M100T100-9.mltl,-1,-1,TO
/home/michele/mltlsat/Benchmarks/random/P0.5N4L90M100T100-10.mltl,0.008,10874.4,sat
/home/michele/mltlsat/Benchmarks/random/P0.5N4L90M100T100-1.mltl,0.01,10856.8,sat
/home/michele/mltlsat/Benchmarks/random/P0.5N4L90M100T100-2.mltl,0.0,7778.4,sat
/home/michele/mltlsat/Benchmarks/random/P0.5N4L90M100T100-3.mltl,0.0,9327.2,sat
/home/michele/mltlsat/Benchmarks/random/P0.5N4L90M100T100-4.mltl,-1,-1,TO
/home/michele/mltlsat/Benchmarks/random/P0.5N4L90M100T100-5.mltl,0.01,12402.4,sat
/home/michele/mltlsat/Benchmarks/random/P0.5N4L90M100T100-6.mltl,-1,-1,TO
/home/michele/mltlsat/Benchmarks/random/P0.5N4L90M100T100-7.mltl,0.0,7798.4,unsat
/home/michele/mltlsat/Benchmarks/random/P0.5N4L90M100T100-8.mltl,0.0,7800,sat
/home/michele/mltlsat/Benchmarks/random/P0.5N4L90M100T100-9.mltl,0.0,7803.2,sat
/home/michele/mltlsat/Benchmarks/random/P0.5N4L95M100T100-10.mltl,0.0,9016.8,sat
/home/michele/mltlsat/Benchmarks/random/P0.5N4L95M100T100-1.mltl,0.02,15491.2,sat
/home/michele/mltlsat/Benchmarks/random/P0.5N4L95M100T100-2.mltl,-1,-1,TO
/home/michele/mltlsat/Benchmarks/random/P0.5N4L95M100T100-3.mltl,0.0,10858.4,sat
/home/michele/mltlsat/Benchmarks/random/P0.5N4L95M100T100-4.mltl,0.0,7785.6,sat
/home/michele/mltlsat/Benchmarks/random/P0.5N4L95M100T100-5.mltl,0.0,7794.4,sat
/home/michele/mltlsat/Benchmarks/random/P0.5N4L95M100T100-6.mltl,19.262,1142896.8,sat
/home/michele/mltlsat/Benchmarks/random/P0.5N4L95M100T100-7.mltl,0.0,7818.4,unsat
/home/michele/mltlsat/Benchmarks/random/P0.5N4L95M100T100-8.mltl,0.01,12398.4,sat
/home/michele/mltlsat/Benchmarks/random/P0.5N4L95M100T100-9.mltl,0.0,10853.6,sat
/home/michele/mltlsat/Benchmarks/random/P0.5N5L100M100T100-10.mltl,0.0,7819.2,sat
/home/michele/mltlsat/Benchmarks/random/P0.5N5L100M100T100-1.mltl,0.0,7792.8,sat
/home/michele/mltlsat/Benchmarks/random/P0.5N5L100M100T100-2.mltl,0.2,42823.2,sat
/home/michele/mltlsat/Benchmarks/random/P0.5N5L100M100T100-3.mltl,0.0,7801.6,sat
/home/michele/mltlsat/Benchmarks/random/P0.5N5L100M100T100-4.mltl,0.0,7796,sat
/home/michele/mltlsat/Benchmarks/random/P0.5N5L100M100T100-5.mltl,0.0,7787.2,sat
/home/michele/mltlsat/Benchmarks/random/P0.5N5L100M100T100-6.mltl,0.056,17029.6,sat
/home/michele/mltlsat/Benchmarks/random/P0.5N5L100M100T100-7.mltl,0.43,46208.8,sat
/home/michele/mltlsat/Benchmarks/random/P0.5N5L100M100T100-8.mltl,0.0,7797.6,sat
/home/michele/mltlsat/Benchmarks/random/P0.5N5L100M100T100-9.mltl,0.0,7780.8,sat
/home/michele/mltlsat/Benchmarks/random/P0.5N5L10M100T100-10.mltl,0.0,7801.6,sat
/home/michele/mltlsat/Benchmarks/random/P0.5N5L10M100T100-1.mltl,0.0,7832.8,sat
/home/michele/mltlsat/Benchmarks/random/P0.5N5L10M100T100-2.mltl,0.0,7766.4,sat
/home/michele/mltlsat/Benchmarks/random/P0.5N5L10M100T100-3.mltl,0.0,7796,sat
/home/michele/mltlsat/Benchmarks/random/P0.5N5L10M100T100-4.mltl,0.0,7814.4,sat
/home/michele/mltlsat/Benchmarks/random/P0.5N5L10M100T100-5.mltl,0.0,7777.6,sat
/home/michele/mltlsat/Benchmarks/random/P0.5N5L10M100T100-6.mltl,0.0,7813.6,sat
/home/michele/mltlsat/Benchmarks/random/P0.5N5L10M100T100-7.mltl,0.0,7781.6,sat
/home/michele/mltlsat/Benchmarks/random/P0.5N5L10M100T100-8.mltl,0.0,7793.6,sat
/home/michele/mltlsat/Benchmarks/random/P0.5N5L10M100T100-9.mltl,0.0,7788.8,sat
/home/michele/mltlsat/Benchmarks/random/P0.5N5L15M100T100-10.mltl,0.0,7791.2,sat
/home/michele/mltlsat/Benchmarks/random/P0.5N5L15M100T100-1.mltl,0.0,7801.6,sat
/home/michele/mltlsat/Benchmarks/random/P0.5N5L15M100T100-2.mltl,0.0,7796.8,sat
/home/michele/mltlsat/Benchmarks/random/P0.5N5L15M100T100-3.mltl,0.0,7784.8,sat
/home/michele/mltlsat/Benchmarks/random/P0.5N5L15M100T100-4.mltl,0.0,7786.4,sat
/home/michele/mltlsat/Benchmarks/random/P0.5N5L15M100T100-5.mltl,0.0,7787.2,sat
/home/michele/mltlsat/Benchmarks/random/P0.5N5L15M100T100-6.mltl,0.0,7780,sat
/home/michele/mltlsat/Benchmarks/random/P0.5N5L15M100T100-7.mltl,0.0,7784,sat
/home/michele/mltlsat/Benchmarks/random/P0.5N5L15M100T100-8.mltl,0.0,7792,sat
/home/michele/mltlsat/Benchmarks/random/P0.5N5L15M100T100-9.mltl,0.0,7776,sat
/home/michele/mltlsat/Benchmarks/random/P0.5N5L20M100T100-10.mltl,0.0,7800.8,sat
/home/michele/mltlsat/Benchmarks/random/P0.5N5L20M100T100-1.mltl,0.0,9324.8,sat
/home/michele/mltlsat/Benchmarks/random/P0.5N5L20M100T100-2.mltl,0.0,7796,sat
/home/michele/mltlsat/Benchmarks/random/P0.5N5L20M100T100-3.mltl,0.0,7784.8,sat
/home/michele/mltlsat/Benchmarks/random/P0.5N5L20M100T100-4.mltl,0.0,7812.8,sat
/home/michele/mltlsat/Benchmarks/random/P0.5N5L20M100T100-5.mltl,0.0,7794.4,sat
/home/michele/mltlsat/Benchmarks/random/P0.5N5L20M100T100-6.mltl,0.0,7816,sat
/home/michele/mltlsat/Benchmarks/random/P0.5N5L20M100T100-7.mltl,0.0,7798.4,sat
/home/michele/mltlsat/Benchmarks/random/P0.5N5L20M100T100-8.mltl,0.0,7794.4,sat
/home/michele/mltlsat/Benchmarks/random/P0.5N5L20M100T100-9.mltl,0.0,7772.8,sat
/home/michele/mltlsat/Benchmarks/random/P0.5N5L25M100T100-10.mltl,-1,-1,TO
/home/michele/mltlsat/Benchmarks/random/P0.5N5L25M100T100-1.mltl,0.0,7810.4,sat
/home/michele/mltlsat/Benchmarks/random/P0.5N5L25M100T100-2.mltl,0.0,7789.6,sat
/home/michele/mltlsat/Benchmarks/random/P0.5N5L25M100T100-3.mltl,0.0,7787.2,sat
/home/michele/mltlsat/Benchmarks/random/P0.5N5L25M100T100-4.mltl,0.0,7787.2,sat
/home/michele/mltlsat/Benchmarks/random/P0.5N5L25M100T100-5.mltl,-1,-1,TO
/home/michele/mltlsat/Benchmarks/random/P0.5N5L25M100T100-6.mltl,0.0,7800.8,sat
/home/michele/mltlsat/Benchmarks/random/P0.5N5L25M100T100-7.mltl,0.0,7809.6,sat
/home/michele/mltlsat/Benchmarks/random/P0.5N5L25M100T100-8.mltl,0.0,7792,sat
/home/michele/mltlsat/Benchmarks/random/P0.5N5L25M100T100-9.mltl,0.0,7788,sat
/home/michele/mltlsat/Benchmarks/random/P0.5N5L30M100T100-10.mltl,0.0,7788.8,sat
/home/michele/mltlsat/Benchmarks/random/P0.5N5L30M100T100-1.mltl,0.0,7812,sat
/home/michele/mltlsat/Benchmarks/random/P0.5N5L30M100T100-2.mltl,0.0,7792,sat
/home/michele/mltlsat/Benchmarks/random/P0.5N5L30M100T100-3.mltl,0.01,12402.4,sat
/home/michele/mltlsat/Benchmarks/random/P0.5N5L30M100T100-4.mltl,0.0,7774.4,sat
/home/michele/mltlsat/Benchmarks/random/P0.5N5L30M100T100-5.mltl,0.0,7789.6,sat
/home/michele/mltlsat/Benchmarks/random/P0.5N5L30M100T100-6.mltl,0.0,7782.4,unsat
/home/michele/mltlsat/Benchmarks/random/P0.5N5L30M100T100-7.mltl,0.0,7800,sat
/home/michele/mltlsat/Benchmarks/random/P0.5N5L30M100T100-8.mltl,0.0,7795.2,sat
/home/michele/mltlsat/Benchmarks/random/P0.5N5L30M100T100-9.mltl,0.0,7808.8,sat
/home/michele/mltlsat/Benchmarks/random/P0.5N5L35M100T100-10.mltl,0.01,10872,sat
/home/michele/mltlsat/Benchmarks/random/P0.5N5L35M100T100-1.mltl,0.0,7800,sat
/home/michele/mltlsat/Benchmarks/random/P0.5N5L35M100T100-2.mltl,0.0,7804,sat
/home/michele/mltlsat/Benchmarks/random/P0.5N5L35M100T100-3.mltl,0.0,7804.8,sat
/home/michele/mltlsat/Benchmarks/random/P0.5N5L35M100T100-4.mltl,0.0,7812.8,sat
/home/michele/mltlsat/Benchmarks/random/P0.5N5L35M100T100-5.mltl,0.0,7807.2,sat
/home/michele/mltlsat/Benchmarks/random/P0.5N5L35M100T100-6.mltl,1.668,69243.2,sat
/home/michele/mltlsat/Benchmarks/random/P0.5N5L35M100T100-7.mltl,0.01,9334.4,sat
/home/michele/mltlsat/Benchmarks/random/P0.5N5L35M100T100-8.mltl,0.0,7812.8,sat
/home/michele/mltlsat/Benchmarks/random/P0.5N5L35M100T100-9.mltl,0.0,7792,sat
/home/michele/mltlsat/Benchmarks/random/P0.5N5L40M100T100-10.mltl,0.0,7792,sat
/home/michele/mltlsat/Benchmarks/random/P0.5N5L40M100T100-1.mltl,0.0,7796,sat
/home/michele/mltlsat/Benchmarks/random/P0.5N5L40M100T100-2.mltl,0.076,15500.8,sat
/home/michele/mltlsat/Benchmarks/random/P0.5N5L40M100T100-3.mltl,0.0,7781.6,sat
/home/michele/mltlsat/Benchmarks/random/P0.5N5L40M100T100-4.mltl,0.372,40045.6,sat
/home/michele/mltlsat/Benchmarks/random/P0.5N5L40M100T100-5.mltl,0.0,7802.4,sat
/home/michele/mltlsat/Benchmarks/random/P0.5N5L40M100T100-6.mltl,0.0,7784.8,sat
/home/michele/mltlsat/Benchmarks/random/P0.5N5L40M100T100-7.mltl,0.0,7803.2,sat
/home/michele/mltlsat/Benchmarks/random/P0.5N5L40M100T100-8.mltl,0.0,7799.2,sat
/home/michele/mltlsat/Benchmarks/random/P0.5N5L40M100T100-9.mltl,0.0,7797.6,sat
/home/michele/mltlsat/Benchmarks/random/P0.5N5L45M100T100-10.mltl,0.0,7809.6,sat
/home/michele/mltlsat/Benchmarks/random/P0.5N5L45M100T100-1.mltl,0.0,7795.2,sat
/home/michele/mltlsat/Benchmarks/random/P0.5N5L45M100T100-2.mltl,0.0,7817.6,sat
/home/michele/mltlsat/Benchmarks/random/P0.5N5L45M100T100-3.mltl,0.07,12412.8,sat
/home/michele/mltlsat/Benchmarks/random/P0.5N5L45M100T100-4.mltl,4.452,20096,sat
/home/michele/mltlsat/Benchmarks/random/P0.5N5L45M100T100-5.mltl,0.0,9372,sat
/home/michele/mltlsat/Benchmarks/random/P0.5N5L45M100T100-6.mltl,0.0,7800,sat
/home/michele/mltlsat/Benchmarks/random/P0.5N5L45M100T100-7.mltl,0.0,7798.4,sat
/home/michele/mltlsat/Benchmarks/random/P0.5N5L45M100T100-8.mltl,0.0,7836,sat
/home/michele/mltlsat/Benchmarks/random/P0.5N5L45M100T100-9.mltl,0.07,17010.4,sat
/home/michele/mltlsat/Benchmarks/random/P0.5N5L50M100T100-10.mltl,0.0,7819.2,sat
/home/michele/mltlsat/Benchmarks/random/P0.5N5L50M100T100-1.mltl,0.0,7800,sat
/home/michele/mltlsat/Benchmarks/random/P0.5N5L50M100T100-2.mltl,0.0,7784.8,sat
/home/michele/mltlsat/Benchmarks/random/P0.5N5L50M100T100-3.mltl,0.01,13929.6,sat
/home/michele/mltlsat/Benchmarks/random/P0.5N5L50M100T100-4.mltl,0.0,7788,sat
/home/michele/mltlsat/Benchmarks/random/P0.5N5L50M100T100-5.mltl,0.22,84619.2,sat
/home/michele/mltlsat/Benchmarks/random/P0.5N5L50M100T100-6.mltl,0.0,7792,sat
/home/michele/mltlsat/Benchmarks/random/P0.5N5L50M100T100-7.mltl,0.0,7788,sat
/home/michele/mltlsat/Benchmarks/random/P0.5N5L50M100T100-8.mltl,0.0,7788,sat
/home/michele/mltlsat/Benchmarks/random/P0.5N5L50M100T100-9.mltl,0.0,7824,sat
/home/michele/mltlsat/Benchmarks/random/P0.5N5L55M100T100-10.mltl,0.0,10862.4,sat
/home/michele/mltlsat/Benchmarks/random/P0.5N5L55M100T100-1.mltl,0.004,9332,sat
/home/michele/mltlsat/Benchmarks/random/P0.5N5L55M100T100-2.mltl,0.02,10853.6,sat
/home/michele/mltlsat/Benchmarks/random/P0.5N5L55M100T100-3.mltl,0.0,7795.2,sat
/home/michele/mltlsat/Benchmarks/random/P0.5N5L55M100T100-4.mltl,-1,-1,TO
/home/michele/mltlsat/Benchmarks/random/P0.5N5L55M100T100-5.mltl,0.0,7802.4,sat
/home/michele/mltlsat/Benchmarks/random/P0.5N5L55M100T100-6.mltl,-1,-1,TO
/home/michele/mltlsat/Benchmarks/random/P0.5N5L55M100T100-7.mltl,0.0,7798.4,sat
/home/michele/mltlsat/Benchmarks/random/P0.5N5L55M100T100-8.mltl,0.0,9327.2,sat
/home/michele/mltlsat/Benchmarks/random/P0.5N5L55M100T100-9.mltl,0.0,7827.2,sat
/home/michele/mltlsat/Benchmarks/random/P0.5N5L5M100T100-10.mltl,0.0,7783.2,sat
/home/michele/mltlsat/Benchmarks/random/P0.5N5L5M100T100-1.mltl,0.0,7791.2,sat
/home/michele/mltlsat/Benchmarks/random/P0.5N5L5M100T100-2.mltl,0.0,7829.6,sat
/home/michele/mltlsat/Benchmarks/random/P0.5N5L5M100T100-3.mltl,0.0,7788,sat
/home/michele/mltlsat/Benchmarks/random/P0.5N5L5M100T100-4.mltl,0.0,7788.8,sat
/home/michele/mltlsat/Benchmarks/random/P0.5N5L5M100T100-5.mltl,0.0,7809.6,sat
/home/michele/mltlsat/Benchmarks/random/P0.5N5L5M100T100-6.mltl,0.0,7799.2,sat
/home/michele/mltlsat/Benchmarks/random/P0.5N5L5M100T100-7.mltl,0.0,7792,sat
/home/michele/mltlsat/Benchmarks/random/P0.5N5L5M100T100-8.mltl,0.0,7786.4,sat
/home/michele/mltlsat/Benchmarks/random/P0.5N5L5M100T100-9.mltl,0.0,7803.2,sat
/home/michele/mltlsat/Benchmarks/random/P0.5N5L60M100T100-10.mltl,-1,-1,TO
/home/michele/mltlsat/Benchmarks/random/P0.5N5L60M100T100-1.mltl,0.0,7793.6,sat
/home/michele/mltlsat/Benchmarks/random/P0.5N5L60M100T100-2.mltl,0.004,9340,sat
/home/michele/mltlsat/Benchmarks/random/P0.5N5L60M100T100-3.mltl,0.0,7796.8,sat
/home/michele/mltlsat/Benchmarks/random/P0.5N5L60M100T100-4.mltl,0.532,35454.4,sat
/home/michele/mltlsat/Benchmarks/random/P0.5N5L60M100T100-5.mltl,-1,-1,TO
/home/michele/mltlsat/Benchmarks/random/P0.5N5L60M100T100-6.mltl,0.0,7808,sat
/home/michele/mltlsat/Benchmarks/random/P0.5N5L60M100T100-7.mltl,0.0,7816,sat
/home/michele/mltlsat/Benchmarks/random/P0.5N5L60M100T100-8.mltl,0.0,7788.8,sat
/home/michele/mltlsat/Benchmarks/random/P0.5N5L60M100T100-9.mltl,-1,-1,TO
/home/michele/mltlsat/Benchmarks/random/P0.5N5L65M100T100-10.mltl,-1,-1,TO
/home/michele/mltlsat/Benchmarks/random/P0.5N5L65M100T100-1.mltl,0.0,7816.8,sat
/home/michele/mltlsat/Benchmarks/random/P0.5N5L65M100T100-2.mltl,48.653999999999996,15781.6,unsat
/home/michele/mltlsat/Benchmarks/random/P0.5N5L65M100T100-3.mltl,0.0,7805.6,sat
/home/michele/mltlsat/Benchmarks/random/P0.5N5L65M100T100-4.mltl,0.0,7795.2,sat
/home/michele/mltlsat/Benchmarks/random/P0.5N5L65M100T100-5.mltl,0.0,7812,sat
/home/michele/mltlsat/Benchmarks/random/P0.5N5L65M100T100-6.mltl,0.0,9045.6,sat
/home/michele/mltlsat/Benchmarks/random/P0.5N5L65M100T100-7.mltl,0.0,7831.2,sat
/home/michele/mltlsat/Benchmarks/random/P0.5N5L65M100T100-8.mltl,0.0,7784,sat
/home/michele/mltlsat/Benchmarks/random/P0.5N5L65M100T100-9.mltl,0.0,7821.6,sat
/home/michele/mltlsat/Benchmarks/random/P0.5N5L70M100T100-10.mltl,0.0,7811.2,sat
/home/michele/mltlsat/Benchmarks/random/P0.5N5L70M100T100-1.mltl,0.0,7792,sat
/home/michele/mltlsat/Benchmarks/random/P0.5N5L70M100T100-2.mltl,0.0,7808,sat
/home/michele/mltlsat/Benchmarks/random/P0.5N5L70M100T100-3.mltl,0.0,7801.6,sat
/home/michele/mltlsat/Benchmarks/random/P0.5N5L70M100T100-4.mltl,3.136,231741.6,sat
/home/michele/mltlsat/Benchmarks/random/P0.5N5L70M100T100-5.mltl,0.008,10882.4,sat
/home/michele/mltlsat/Benchmarks/random/P0.5N5L70M100T100-6.mltl,0.0,7796,sat
/home/michele/mltlsat/Benchmarks/random/P0.5N5L70M100T100-7.mltl,0.0,7808,sat
/home/michele/mltlsat/Benchmarks/random/P0.5N5L70M100T100-8.mltl,0.19,50826.4,sat
/home/michele/mltlsat/Benchmarks/random/P0.5N5L70M100T100-9.mltl,0.0,7777.6,sat
/home/michele/mltlsat/Benchmarks/random/P0.5N5L75M100T100-10.mltl,-1,-1,TO
/home/michele/mltlsat/Benchmarks/random/P0.5N5L75M100T100-1.mltl,0.19,18572.8,sat
/home/michele/mltlsat/Benchmarks/random/P0.5N5L75M100T100-2.mltl,22.794,110429.6,sat
/home/michele/mltlsat/Benchmarks/random/P0.5N5L75M100T100-3.mltl,0.0,7784,sat
/home/michele/mltlsat/Benchmarks/random/P0.5N5L75M100T100-4.mltl,0.764,60038.4,sat
/home/michele/mltlsat/Benchmarks/random/P0.5N5L75M100T100-5.mltl,0.0,7812,sat
/home/michele/mltlsat/Benchmarks/random/P0.5N5L75M100T100-6.mltl,-1,-1,TO
/home/michele/mltlsat/Benchmarks/random/P0.5N5L75M100T100-7.mltl,0.0,7797.6,sat
/home/michele/mltlsat/Benchmarks/random/P0.5N5L75M100T100-8.mltl,0.0,7807.2,sat
/home/michele/mltlsat/Benchmarks/random/P0.5N5L75M100T100-9.mltl,0.0,9324,sat
/home/michele/mltlsat/Benchmarks/random/P0.5N5L80M100T100-10.mltl,0.0,7806.4,sat
/home/michele/mltlsat/Benchmarks/random/P0.5N5L80M100T100-1.mltl,-1,-1,TO
/home/michele/mltlsat/Benchmarks/random/P0.5N5L80M100T100-2.mltl,0.0,7790.4,sat
/home/michele/mltlsat/Benchmarks/random/P0.5N5L80M100T100-3.mltl,0.01,9343.2,sat
/home/michele/mltlsat/Benchmarks/random/P0.5N5L80M100T100-4.mltl,0.07200000000000001,23168,sat
/home/michele/mltlsat/Benchmarks/random/P0.5N5L80M100T100-5.mltl,0.0,7789.6,sat
/home/michele/mltlsat/Benchmarks/random/P0.5N5L80M100T100-6.mltl,0.256,35465.6,sat
/home/michele/mltlsat/Benchmarks/random/P0.5N5L80M100T100-7.mltl,0.0,7807.2,sat
/home/michele/mltlsat/Benchmarks/random/P0.5N5L80M100T100-8.mltl,0.0,7817.6,sat
/home/michele/mltlsat/Benchmarks/random/P0.5N5L80M100T100-9.mltl,0.08,12404.8,sat
/home/michele/mltlsat/Benchmarks/random/P0.5N5L85M100T100-10.mltl,0.314,38529.6,sat
/home/michele/mltlsat/Benchmarks/random/P0.5N5L85M100T100-1.mltl,0.0,7843.2,sat
/home/michele/mltlsat/Benchmarks/random/P0.5N5L85M100T100-2.mltl,0.0,7812.8,sat
/home/michele/mltlsat/Benchmarks/random/P0.5N5L85M100T100-3.mltl,0.0,7815.2,sat
/home/michele/mltlsat/Benchmarks/random/P0.5N5L85M100T100-4.mltl,0.02,17020.8,sat
/home/michele/mltlsat/Benchmarks/random/P0.5N5L85M100T100-5.mltl,0.0,7801.6,sat
/home/michele/mltlsat/Benchmarks/random/P0.5N5L85M100T100-6.mltl,0.0,7803.2,sat
/home/michele/mltlsat/Benchmarks/random/P0.5N5L85M100T100-7.mltl,0.0,7814.4,sat
/home/michele/mltlsat/Benchmarks/random/P0.5N5L85M100T100-8.mltl,0.0,7796,sat
/home/michele/mltlsat/Benchmarks/random/P0.5N5L85M100T100-9.mltl,0.01,7786.4,sat
/home/michele/mltlsat/Benchmarks/random/P0.5N5L90M100T100-10.mltl,0.0,7808.8,sat
/home/michele/mltlsat/Benchmarks/random/P0.5N5L90M100T100-1.mltl,-1,-1,TO
/home/michele/mltlsat/Benchmarks/random/P0.5N5L90M100T100-2.mltl,0.0,7825.6,sat
/home/michele/mltlsat/Benchmarks/random/P0.5N5L90M100T100-3.mltl,0.0,7813.6,sat
/home/michele/mltlsat/Benchmarks/random/P0.5N5L90M100T100-4.mltl,0.0,7800.8,sat
/home/michele/mltlsat/Benchmarks/random/P0.5N5L90M100T100-5.mltl,0.0,7781.6,sat
/home/michele/mltlsat/Benchmarks/random/P0.5N5L90M100T100-6.mltl,-1,-1,TO
/home/michele/mltlsat/Benchmarks/random/P0.5N5L90M100T100-7.mltl,0.0,7780,sat
/home/michele/mltlsat/Benchmarks/random/P0.5N5L90M100T100-8.mltl,0.0,7785.6,sat
/home/michele/mltlsat/Benchmarks/random/P0.5N5L90M100T100-9.mltl,5.846,163856,sat
/home/michele/mltlsat/Benchmarks/random/P0.5N5L95M100T100-10.mltl,0.0,7813.6,sat
/home/michele/mltlsat/Benchmarks/random/P0.5N5L95M100T100-1.mltl,0.0,7794.4,sat
/home/michele/mltlsat/Benchmarks/random/P0.5N5L95M100T100-2.mltl,0.0,7784,sat
/home/michele/mltlsat/Benchmarks/random/P0.5N5L95M100T100-3.mltl,0.0,7798.4,sat
/home/michele/mltlsat/Benchmarks/random/P0.5N5L95M100T100-4.mltl,0.0,7795.2,sat
/home/michele/mltlsat/Benchmarks/random/P0.5N5L95M100T100-5.mltl,0.922,56939.2,sat
/home/michele/mltlsat/Benchmarks/random/P0.5N5L95M100T100-6.mltl,0.0,7812.8,sat
/home/michele/mltlsat/Benchmarks/random/P0.5N5L95M100T100-7.mltl,-1,-1,TO
/home/michele/mltlsat/Benchmarks/random/P0.5N5L95M100T100-8.mltl,0.0,7804.8,sat
/home/michele/mltlsat/Benchmarks/random/P0.5N5L95M100T100-9.mltl,0.0,7808,sat
/home/michele/mltlsat/Benchmarks/random/P0.7N1L100M100T100-10.mltl,25.882,166308,sat
/home/michele/mltlsat/Benchmarks/random/P0.7N1L100M100T100-1.mltl,-1,-1,TO
/home/michele/mltlsat/Benchmarks/random/P0.7N1L100M100T100-2.mltl,-1,-1,TO
/home/michele/mltlsat/Benchmarks/random/P0.7N1L100M100T100-3.mltl,-1,-1,TO
/home/michele/mltlsat/Benchmarks/random/P0.7N1L100M100T100-4.mltl,0.0,7792,sat
/home/michele/mltlsat/Benchmarks/random/P0.7N1L100M100T100-5.mltl,-1,-1,TO
/home/michele/mltlsat/Benchmarks/random/P0.7N1L100M100T100-6.mltl,-1,-1,TO
/home/michele/mltlsat/Benchmarks/random/P0.7N1L100M100T100-7.mltl,0.0,7808.8,sat
/home/michele/mltlsat/Benchmarks/random/P0.7N1L100M100T100-8.mltl,-1,-1,TO
/home/michele/mltlsat/Benchmarks/random/P0.7N1L100M100T100-9.mltl,0.874,35440,sat
/home/michele/mltlsat/Benchmarks/random/P0.7N1L10M100T100-10.mltl,0.0,7787.2,sat
/home/michele/mltlsat/Benchmarks/random/P0.7N1L10M100T100-1.mltl,0.0,7840,sat
/home/michele/mltlsat/Benchmarks/random/P0.7N1L10M100T100-2.mltl,0.0,7797.6,sat
/home/michele/mltlsat/Benchmarks/random/P0.7N1L10M100T100-3.mltl,0.0,7806.4,sat
/home/michele/mltlsat/Benchmarks/random/P0.7N1L10M100T100-4.mltl,0.0,7813.6,sat
/home/michele/mltlsat/Benchmarks/random/P0.7N1L10M100T100-5.mltl,0.0,7800,sat
/home/michele/mltlsat/Benchmarks/random/P0.7N1L10M100T100-6.mltl,0.0,7788.8,sat
/home/michele/mltlsat/Benchmarks/random/P0.7N1L10M100T100-7.mltl,0.0,7809.6,sat
/home/michele/mltlsat/Benchmarks/random/P0.7N1L10M100T100-8.mltl,0.0,7792.8,sat
/home/michele/mltlsat/Benchmarks/random/P0.7N1L10M100T100-9.mltl,0.0,7792.8,sat
/home/michele/mltlsat/Benchmarks/random/P0.7N1L15M100T100-10.mltl,0.0,9346.4,sat
/home/michele/mltlsat/Benchmarks/random/P0.7N1L15M100T100-1.mltl,0.0,7798.4,sat
/home/michele/mltlsat/Benchmarks/random/P0.7N1L15M100T100-2.mltl,0.0,7852,sat
/home/michele/mltlsat/Benchmarks/random/P0.7N1L15M100T100-3.mltl,0.0,7778.4,sat
/home/michele/mltlsat/Benchmarks/random/P0.7N1L15M100T100-4.mltl,0.0,7814.4,sat
/home/michele/mltlsat/Benchmarks/random/P0.7N1L15M100T100-5.mltl,0.0,7783.2,sat
/home/michele/mltlsat/Benchmarks/random/P0.7N1L15M100T100-6.mltl,0.0,7798.4,sat
/home/michele/mltlsat/Benchmarks/random/P0.7N1L15M100T100-7.mltl,0.0,7792.8,sat
/home/michele/mltlsat/Benchmarks/random/P0.7N1L15M100T100-8.mltl,0.0,7804,sat
/home/michele/mltlsat/Benchmarks/random/P0.7N1L15M100T100-9.mltl,0.0,7790.4,sat
/home/michele/mltlsat/Benchmarks/random/P0.7N1L20M100T100-10.mltl,0.0,9352.8,sat
/home/michele/mltlsat/Benchmarks/random/P0.7N1L20M100T100-1.mltl,0.0,7796,sat
/home/michele/mltlsat/Benchmarks/random/P0.7N1L20M100T100-2.mltl,0.108,15476.8,sat
/home/michele/mltlsat/Benchmarks/random/P0.7N1L20M100T100-3.mltl,0.0,7823.2,sat
/home/michele/mltlsat/Benchmarks/random/P0.7N1L20M100T100-4.mltl,0.0,7782.4,sat
/home/michele/mltlsat/Benchmarks/random/P0.7N1L20M100T100-5.mltl,0.0,7784.8,sat
/home/michele/mltlsat/Benchmarks/random/P0.7N1L20M100T100-6.mltl,0.0,7806.4,sat
/home/michele/mltlsat/Benchmarks/random/P0.7N1L20M100T100-7.mltl,0.0,7797.6,sat
/home/michele/mltlsat/Benchmarks/random/P0.7N1L20M100T100-8.mltl,0.0,7804.8,sat
/home/michele/mltlsat/Benchmarks/random/P0.7N1L20M100T100-9.mltl,0.0,7800,sat
/home/michele/mltlsat/Benchmarks/random/P0.7N1L25M100T100-10.mltl,0.0,7816.8,sat
/home/michele/mltlsat/Benchmarks/random/P0.7N1L25M100T100-1.mltl,0.0,7808.8,sat
/home/michele/mltlsat/Benchmarks/random/P0.7N1L25M100T100-2.mltl,0.0,9346.4,sat
/home/michele/mltlsat/Benchmarks/random/P0.7N1L25M100T100-3.mltl,0.0,7796.8,sat
/home/michele/mltlsat/Benchmarks/random/P0.7N1L25M100T100-4.mltl,0.0,7812.8,sat
/home/michele/mltlsat/Benchmarks/random/P0.7N1L25M100T100-5.mltl,0.0,7810.4,sat
/home/michele/mltlsat/Benchmarks/random/P0.7N1L25M100T100-6.mltl,-1,-1,TO
/home/michele/mltlsat/Benchmarks/random/P0.7N1L25M100T100-7.mltl,0.0,7810.4,sat
/home/michele/mltlsat/Benchmarks/random/P0.7N1L25M100T100-8.mltl,0.0,7809.6,sat
/home/michele/mltlsat/Benchmarks/random/P0.7N1L25M100T100-9.mltl,0.0,7796,sat
/home/michele/mltlsat/Benchmarks/random/P0.7N1L30M100T100-10.mltl,0.0,7804.8,sat
/home/michele/mltlsat/Benchmarks/random/P0.7N1L30M100T100-1.mltl,0.0,7813.6,sat
/home/michele/mltlsat/Benchmarks/random/P0.7N1L30M100T100-2.mltl,0.0,7790.4,sat
/home/michele/mltlsat/Benchmarks/random/P0.7N1L30M100T100-3.mltl,0.01,12375.2,sat
/home/michele/mltlsat/Benchmarks/random/P0.7N1L30M100T100-4.mltl,0.0,7803.2,sat
/home/michele/mltlsat/Benchmarks/random/P0.7N1L30M100T100-5.mltl,0.0,7801.6,sat
/home/michele/mltlsat/Benchmarks/random/P0.7N1L30M100T100-6.mltl,0.0,7796.8,sat
/home/michele/mltlsat/Benchmarks/random/P0.7N1L30M100T100-7.mltl,0.01,12403.2,sat
/home/michele/mltlsat/Benchmarks/random/P0.7N1L30M100T100-8.mltl,0.02,15464,sat
/home/michele/mltlsat/Benchmarks/random/P0.7N1L30M100T100-9.mltl,0.0,9322.4,sat
/home/michele/mltlsat/Benchmarks/random/P0.7N1L35M100T100-10.mltl,0.0,7806.4,sat
/home/michele/mltlsat/Benchmarks/random/P0.7N1L35M100T100-1.mltl,0.0,7773.6,sat
/home/michele/mltlsat/Benchmarks/random/P0.7N1L35M100T100-2.mltl,0.0,7775.2,sat
/home/michele/mltlsat/Benchmarks/random/P0.7N1L35M100T100-3.mltl,0.0,7800.8,sat
/home/michele/mltlsat/Benchmarks/random/P0.7N1L35M100T100-4.mltl,0.0,7854.4,sat
/home/michele/mltlsat/Benchmarks/random/P0.7N1L35M100T100-5.mltl,0.0,7804,sat
/home/michele/mltlsat/Benchmarks/random/P0.7N1L35M100T100-6.mltl,0.0,7792.8,sat
/home/michele/mltlsat/Benchmarks/random/P0.7N1L35M100T100-7.mltl,0.0,9333.6,sat
/home/michele/mltlsat/Benchmarks/random/P0.7N1L35M100T100-8.mltl,1.214,20112,sat
/home/michele/mltlsat/Benchmarks/random/P0.7N1L35M100T100-9.mltl,0.0,7808,sat
/home/michele/mltlsat/Benchmarks/random/P0.7N1L40M100T100-10.mltl,0.0,7782.4,unsat
/home/michele/mltlsat/Benchmarks/random/P0.7N1L40M100T100-1.mltl,3.212,10581.6,sat
/home/michele/mltlsat/Benchmarks/random/P0.7N1L40M100T100-2.mltl,0.0,7796,sat
/home/michele/mltlsat/Benchmarks/random/P0.7N1L40M100T100-3.mltl,0.07,15492,sat
/home/michele/mltlsat/Benchmarks/random/P0.7N1L40M100T100-4.mltl,0.0,9314.4,sat
/home/michele/mltlsat/Benchmarks/random/P0.7N1L40M100T100-5.mltl,-1,-1,TO
/home/michele/mltlsat/Benchmarks/random/P0.7N1L40M100T100-6.mltl,0.0,7796.8,sat
/home/michele/mltlsat/Benchmarks/random/P0.7N1L40M100T100-7.mltl,0.0,7787.2,sat
/home/michele/mltlsat/Benchmarks/random/P0.7N1L40M100T100-8.mltl,0.0,9316,sat
/home/michele/mltlsat/Benchmarks/random/P0.7N1L40M100T100-9.mltl,0.0,7786.4,sat
/home/michele/mltlsat/Benchmarks/random/P0.7N1L45M100T100-10.mltl,-1,-1,TO
/home/michele/mltlsat/Benchmarks/random/P0.7N1L45M100T100-1.mltl,0.0,7793.6,sat
/home/michele/mltlsat/Benchmarks/random/P0.7N1L45M100T100-2.mltl,0.01,9312.8,sat
/home/michele/mltlsat/Benchmarks/random/P0.7N1L45M100T100-3.mltl,0.0,9328,sat
/home/michele/mltlsat/Benchmarks/random/P0.7N1L45M100T100-4.mltl,0.0,7797.6,sat
/home/michele/mltlsat/Benchmarks/random/P0.7N1L45M100T100-5.mltl,0.264,10859.2,sat
/home/michele/mltlsat/Benchmarks/random/P0.7N1L45M100T100-6.mltl,-1,-1,TO
/home/michele/mltlsat/Benchmarks/random/P0.7N1L45M100T100-7.mltl,1.59,18538.4,sat
/home/michele/mltlsat/Benchmarks/random/P0.7N1L45M100T100-8.mltl,0.024,10881.6,sat
/home/michele/mltlsat/Benchmarks/random/P0.7N1L45M100T100-9.mltl,0.0,7793.6,sat
/home/michele/mltlsat/Benchmarks/random/P0.7N1L50M100T100-10.mltl,0.0,9339.2,sat
/home/michele/mltlsat/Benchmarks/random/P0.7N1L50M100T100-1.mltl,0.0,7792.8,sat
/home/michele/mltlsat/Benchmarks/random/P0.7N1L50M100T100-2.mltl,0.0,9324.8,sat
/home/michele/mltlsat/Benchmarks/random/P0.7N1L50M100T100-3.mltl,0.0,7801.6,sat
/home/michele/mltlsat/Benchmarks/random/P0.7N1L50M100T100-4.mltl,-1,-1,TO
/home/michele/mltlsat/Benchmarks/random/P0.7N1L50M100T100-5.mltl,0.0,7840,sat
/home/michele/mltlsat/Benchmarks/random/P0.7N1L50M100T100-6.mltl,0.02,16992.8,sat
/home/michele/mltlsat/Benchmarks/random/P0.7N1L50M100T100-7.mltl,0.03,9035.2,unsat
/home/michele/mltlsat/Benchmarks/random/P0.7N1L50M100T100-8.mltl,0.0,7816.8,sat
/home/michele/mltlsat/Benchmarks/random/P0.7N1L50M100T100-9.mltl,0.0,7829.6,sat
/home/michele/mltlsat/Benchmarks/random/P0.7N1L55M100T100-10.mltl,0.0,7814.4,sat
/home/michele/mltlsat/Benchmarks/random/P0.7N1L55M100T100-1.mltl,0.0,7780.8,sat
/home/michele/mltlsat/Benchmarks/random/P0.7N1L55M100T100-2.mltl,0.0,7789.6,sat
/home/michele/mltlsat/Benchmarks/random/P0.7N1L55M100T100-3.mltl,0.0,10868,sat
/home/michele/mltlsat/Benchmarks/random/P0.7N1L55M100T100-4.mltl,0.0,7784,sat
/home/michele/mltlsat/Benchmarks/random/P0.7N1L55M100T100-5.mltl,0.0,7796,unsat
/home/michele/mltlsat/Benchmarks/random/P0.7N1L55M100T100-6.mltl,0.0,10846.4,sat
/home/michele/mltlsat/Benchmarks/random/P0.7N1L55M100T100-7.mltl,0.0,7787.2,sat
/home/michele/mltlsat/Benchmarks/random/P0.7N1L55M100T100-8.mltl,0.09,18264.8,sat
/home/michele/mltlsat/Benchmarks/random/P0.7N1L55M100T100-9.mltl,0.0,7830.4,sat
/home/michele/mltlsat/Benchmarks/random/P0.7N1L5M100T100-10.mltl,0.0,7800.8,sat
/home/michele/mltlsat/Benchmarks/random/P0.7N1L5M100T100-1.mltl,0.0,7794.4,sat
/home/michele/mltlsat/Benchmarks/random/P0.7N1L5M100T100-2.mltl,0.0,7781.6,sat
/home/michele/mltlsat/Benchmarks/random/P0.7N1L5M100T100-3.mltl,0.0,7823.2,sat
/home/michele/mltlsat/Benchmarks/random/P0.7N1L5M100T100-4.mltl,0.0,7784.8,sat
/home/michele/mltlsat/Benchmarks/random/P0.7N1L5M100T100-5.mltl,0.0,7797.6,sat
/home/michele/mltlsat/Benchmarks/random/P0.7N1L5M100T100-6.mltl,0.0,7782.4,sat
/home/michele/mltlsat/Benchmarks/random/P0.7N1L5M100T100-7.mltl,0.0,7776,sat
/home/michele/mltlsat/Benchmarks/random/P0.7N1L5M100T100-8.mltl,0.0,7792,sat
/home/michele/mltlsat/Benchmarks/random/P0.7N1L5M100T100-9.mltl,0.0,7813.6,sat
/home/michele/mltlsat/Benchmarks/random/P0.7N1L60M100T100-10.mltl,0.0,7782.4,sat
/home/michele/mltlsat/Benchmarks/random/P0.7N1L60M100T100-1.mltl,0.0,7807.2,sat
/home/michele/mltlsat/Benchmarks/random/P0.7N1L60M100T100-2.mltl,0.0,7815.2,unsat
/home/michele/mltlsat/Benchmarks/random/P0.7N1L60M100T100-3.mltl,0.0,7792.8,sat
/home/michele/mltlsat/Benchmarks/random/P0.7N1L60M100T100-4.mltl,0.0,7798.4,sat
/home/michele/mltlsat/Benchmarks/random/P0.7N1L60M100T100-5.mltl,-1,-1,TO
/home/michele/mltlsat/Benchmarks/random/P0.7N1L60M100T100-6.mltl,0.01,10848.8,sat
/home/michele/mltlsat/Benchmarks/random/P0.7N1L60M100T100-7.mltl,-1,-1,TO
/home/michele/mltlsat/Benchmarks/random/P0.7N1L60M100T100-8.mltl,0.0,7804.8,sat
/home/michele/mltlsat/Benchmarks/random/P0.7N1L60M100T100-9.mltl,0.11,52329.6,sat
/home/michele/mltlsat/Benchmarks/random/P0.7N1L65M100T100-10.mltl,0.03,9344.8,unsat
/home/michele/mltlsat/Benchmarks/random/P0.7N1L65M100T100-1.mltl,0.0,7824,sat
/home/michele/mltlsat/Benchmarks/random/P0.7N1L65M100T100-2.mltl,-1,-1,TO
/home/michele/mltlsat/Benchmarks/random/P0.7N1L65M100T100-3.mltl,-1,-1,TO
/home/michele/mltlsat/Benchmarks/random/P0.7N1L65M100T100-4.mltl,0.0,9322.4,sat
/home/michele/mltlsat/Benchmarks/random/P0.7N1L65M100T100-5.mltl,0.04,13936,sat
/home/michele/mltlsat/Benchmarks/random/P0.7N1L65M100T100-6.mltl,0.0,7784,sat
/home/michele/mltlsat/Benchmarks/random/P0.7N1L65M100T100-7.mltl,0.0,7796,sat
/home/michele/mltlsat/Benchmarks/random/P0.7N1L65M100T100-8.mltl,-1,-1,TO
/home/michele/mltlsat/Benchmarks/random/P0.7N1L65M100T100-9.mltl,0.0,7778.4,sat
/home/michele/mltlsat/Benchmarks/random/P0.7N1L70M100T100-10.mltl,0.16,18528,sat
/home/michele/mltlsat/Benchmarks/random/P0.7N1L70M100T100-1.mltl,0.0,7793.6,sat
/home/michele/mltlsat/Benchmarks/random/P0.7N1L70M100T100-2.mltl,0.0,9339.2,sat
/home/michele/mltlsat/Benchmarks/random/P0.7N1L70M100T100-3.mltl,0.3,73852,sat
/home/michele/mltlsat/Benchmarks/random/P0.7N1L70M100T100-4.mltl,0.0,7821.6,sat
/home/michele/mltlsat/Benchmarks/random/P0.7N1L70M100T100-5.mltl,0.006,9339.2,sat
/home/michele/mltlsat/Benchmarks/random/P0.7N1L70M100T100-6.mltl,-1,-1,TO
/home/michele/mltlsat/Benchmarks/random/P0.7N1L70M100T100-7.mltl,0.0,7829.6,sat
/home/michele/mltlsat/Benchmarks/random/P0.7N1L70M100T100-8.mltl,-1,-1,TO
/home/michele/mltlsat/Benchmarks/random/P0.7N1L70M100T100-9.mltl,0.0,7793.6,sat
/home/michele/mltlsat/Benchmarks/random/P0.7N1L75M100T100-10.mltl,0.418,184432,sat
/home/michele/mltlsat/Benchmarks/random/P0.7N1L75M100T100-1.mltl,0.0,7785.6,sat
/home/michele/mltlsat/Benchmarks/random/P0.7N1L75M100T100-2.mltl,0.0,7796,sat
/home/michele/mltlsat/Benchmarks/random/P0.7N1L75M100T100-3.mltl,0.0,7787.2,sat
/home/michele/mltlsat/Benchmarks/random/P0.7N1L75M100T100-4.mltl,0.01,10861.6,sat
/home/michele/mltlsat/Benchmarks/random/P0.7N1L75M100T100-5.mltl,0.01,9328,sat
/home/michele/mltlsat/Benchmarks/random/P0.7N1L75M100T100-6.mltl,0.0,7803.2,unsat
/home/michele/mltlsat/Benchmarks/random/P0.7N1L75M100T100-7.mltl,-1,-1,TO
/home/michele/mltlsat/Benchmarks/random/P0.7N1L75M100T100-8.mltl,0.0,7820.8,sat
/home/michele/mltlsat/Benchmarks/random/P0.7N1L75M100T100-9.mltl,0.01,10872.8,sat
/home/michele/mltlsat/Benchmarks/random/P0.7N1L80M100T100-10.mltl,0.24,29288.8,sat
/home/michele/mltlsat/Benchmarks/random/P0.7N1L80M100T100-1.mltl,-1,-1,TO
/home/michele/mltlsat/Benchmarks/random/P0.7N1L80M100T100-2.mltl,-1,-1,TO
/home/michele/mltlsat/Benchmarks/random/P0.7N1L80M100T100-3.mltl,0.03,15509.6,sat
/home/michele/mltlsat/Benchmarks/random/P0.7N1L80M100T100-4.mltl,-1,-1,TO
/home/michele/mltlsat/Benchmarks/random/P0.7N1L80M100T100-5.mltl,0.0,7768.8,sat
/home/michele/mltlsat/Benchmarks/random/P0.7N1L80M100T100-6.mltl,-1,-1,TO
/home/michele/mltlsat/Benchmarks/random/P0.7N1L80M100T100-7.mltl,0.0,7810.4,sat
/home/michele/mltlsat/Benchmarks/random/P0.7N1L80M100T100-8.mltl,0.02,12420,sat
/home/michele/mltlsat/Benchmarks/random/P0.7N1L80M100T100-9.mltl,0.0,9319.2,sat
/home/michele/mltlsat/Benchmarks/random/P0.7N1L85M100T100-10.mltl,0.06,20084.8,sat
/home/michele/mltlsat/Benchmarks/random/P0.7N1L85M100T100-1.mltl,0.0,7800.8,sat
/home/michele/mltlsat/Benchmarks/random/P0.7N1L85M100T100-2.mltl,0.01,10840,sat
/home/michele/mltlsat/Benchmarks/random/P0.7N1L85M100T100-3.mltl,0.024,12419.2,sat
/home/michele/mltlsat/Benchmarks/random/P0.7N1L85M100T100-4.mltl,0.0,7785.6,sat
/home/michele/mltlsat/Benchmarks/random/P0.7N1L85M100T100-5.mltl,0.0,7760.8,sat
/home/michele/mltlsat/Benchmarks/random/P0.7N1L85M100T100-6.mltl,0.346,35451.2,sat
/home/michele/mltlsat/Benchmarks/random/P0.7N1L85M100T100-7.mltl,-1,-1,TO
/home/michele/mltlsat/Benchmarks/random/P0.7N1L85M100T100-8.mltl,-1,-1,TO
/home/michele/mltlsat/Benchmarks/random/P0.7N1L85M100T100-9.mltl,0.01,13944.8,sat
/home/michele/mltlsat/Benchmarks/random/P0.7N1L90M100T100-10.mltl,0.0,9344,sat
/home/michele/mltlsat/Benchmarks/random/P0.7N1L90M100T100-1.mltl,0.0,7799.2,sat
/home/michele/mltlsat/Benchmarks/random/P0.7N1L90M100T100-2.mltl,-1,-1,TO
/home/michele/mltlsat/Benchmarks/random/P0.7N1L90M100T100-3.mltl,0.0,7792,sat
/home/michele/mltlsat/Benchmarks/random/P0.7N1L90M100T100-4.mltl,0.0,7776,sat
/home/michele/mltlsat/Benchmarks/random/P0.7N1L90M100T100-5.mltl,0.04,13930.4,sat
/home/michele/mltlsat/Benchmarks/random/P0.7N1L90M100T100-6.mltl,0.474,42828,sat
/home/michele/mltlsat/Benchmarks/random/P0.7N1L90M100T100-7.mltl,0.0,7797.6,sat
/home/michele/mltlsat/Benchmarks/random/P0.7N1L90M100T100-8.mltl,-1,-1,TO
/home/michele/mltlsat/Benchmarks/random/P0.7N1L90M100T100-9.mltl,-1,-1,TO
/home/michele/mltlsat/Benchmarks/random/P0.7N1L95M100T100-10.mltl,0.07,21627.2,sat
/home/michele/mltlsat/Benchmarks/random/P0.7N1L95M100T100-1.mltl,0.022,17017.6,sat
/home/michele/mltlsat/Benchmarks/random/P0.7N1L95M100T100-2.mltl,-1,-1,TO
/home/michele/mltlsat/Benchmarks/random/P0.7N1L95M100T100-3.mltl,0.14400000000000002,13930.4,sat
/home/michele/mltlsat/Benchmarks/random/P0.7N1L95M100T100-4.mltl,-1,-1,TO
/home/michele/mltlsat/Benchmarks/random/P0.7N1L95M100T100-5.mltl,0.0,7795.2,unsat
/home/michele/mltlsat/Benchmarks/random/P0.7N1L95M100T100-6.mltl,0.0,7805.6,sat
/home/michele/mltlsat/Benchmarks/random/P0.7N1L95M100T100-7.mltl,1.652,35148.8,sat
/home/michele/mltlsat/Benchmarks/random/P0.7N1L95M100T100-8.mltl,0.0,7802.4,sat
/home/michele/mltlsat/Benchmarks/random/P0.7N1L95M100T100-9.mltl,-1,-1,TO
/home/michele/mltlsat/Benchmarks/random/P0.7N2L100M100T100-10.mltl,0.0,9006.4,sat
/home/michele/mltlsat/Benchmarks/random/P0.7N2L100M100T100-1.mltl,-1,-1,TO
/home/michele/mltlsat/Benchmarks/random/P0.7N2L100M100T100-2.mltl,0.0,7814.4,sat
/home/michele/mltlsat/Benchmarks/random/P0.7N2L100M100T100-3.mltl,0.0,7820.8,sat
/home/michele/mltlsat/Benchmarks/random/P0.7N2L100M100T100-4.mltl,-1,-1,TO
/home/michele/mltlsat/Benchmarks/random/P0.7N2L100M100T100-5.mltl,0.0,7796.8,sat
/home/michele/mltlsat/Benchmarks/random/P0.7N2L100M100T100-6.mltl,0.01,10859.2,sat
/home/michele/mltlsat/Benchmarks/random/P0.7N2L100M100T100-7.mltl,0.0,7796.8,sat
/home/michele/mltlsat/Benchmarks/random/P0.7N2L100M100T100-8.mltl,0.364,21616.8,sat
/home/michele/mltlsat/Benchmarks/random/P0.7N2L100M100T100-9.mltl,0.0,7811.2,sat
/home/michele/mltlsat/Benchmarks/random/P0.7N2L10M100T100-10.mltl,0.0,7807.2,sat
/home/michele/mltlsat/Benchmarks/random/P0.7N2L10M100T100-1.mltl,0.0,7793.6,sat
/home/michele/mltlsat/Benchmarks/random/P0.7N2L10M100T100-2.mltl,0.06,12392.8,sat
/home/michele/mltlsat/Benchmarks/random/P0.7N2L10M100T100-3.mltl,0.0,7810.4,sat
/home/michele/mltlsat/Benchmarks/random/P0.7N2L10M100T100-4.mltl,0.0,7768.8,unsat
/home/michele/mltlsat/Benchmarks/random/P0.7N2L10M100T100-5.mltl,0.0,7786.4,sat
/home/michele/mltlsat/Benchmarks/random/P0.7N2L10M100T100-6.mltl,0.0,7794.4,sat
/home/michele/mltlsat/Benchmarks/random/P0.7N2L10M100T100-7.mltl,0.0,7782.4,sat
/home/michele/mltlsat/Benchmarks/random/P0.7N2L10M100T100-8.mltl,0.0,7788.8,sat
/home/michele/mltlsat/Benchmarks/random/P0.7N2L10M100T100-9.mltl,0.0,9342.4,sat
/home/michele/mltlsat/Benchmarks/random/P0.7N2L15M100T100-10.mltl,0.0,7811.2,sat
/home/michele/mltlsat/Benchmarks/random/P0.7N2L15M100T100-1.mltl,0.0,7814.4,sat
/home/michele/mltlsat/Benchmarks/random/P0.7N2L15M100T100-2.mltl,0.0,7801.6,sat
/home/michele/mltlsat/Benchmarks/random/P0.7N2L15M100T100-3.mltl,0.0,7793.6,sat
/home/michele/mltlsat/Benchmarks/random/P0.7N2L15M100T100-4.mltl,0.0,9324,sat
/home/michele/mltlsat/Benchmarks/random/P0.7N2L15M100T100-5.mltl,0.0,7820.8,sat
/home/michele/mltlsat/Benchmarks/random/P0.7N2L15M100T100-6.mltl,0.0,7788,sat
/home/michele/mltlsat/Benchmarks/random/P0.7N2L15M100T100-7.mltl,0.0,7823.2,sat
/home/michele/mltlsat/Benchmarks/random/P0.7N2L15M100T100-8.mltl,0.0,7808.8,sat
/home/michele/mltlsat/Benchmarks/random/P0.7N2L15M100T100-9.mltl,0.0,7815.2,sat
/home/michele/mltlsat/Benchmarks/random/P0.7N2L20M100T100-10.mltl,0.0,7799.2,sat
/home/michele/mltlsat/Benchmarks/random/P0.7N2L20M100T100-1.mltl,0.0,7792,sat
/home/michele/mltlsat/Benchmarks/random/P0.7N2L20M100T100-2.mltl,0.0,7828,sat
/home/michele/mltlsat/Benchmarks/random/P0.7N2L20M100T100-3.mltl,0.0,7801.6,sat
/home/michele/mltlsat/Benchmarks/random/P0.7N2L20M100T100-4.mltl,0.0,9334.4,sat
/home/michele/mltlsat/Benchmarks/random/P0.7N2L20M100T100-5.mltl,0.0,9329.6,sat
/home/michele/mltlsat/Benchmarks/random/P0.7N2L20M100T100-6.mltl,0.0,7779.2,sat
/home/michele/mltlsat/Benchmarks/random/P0.7N2L20M100T100-7.mltl,0.0,7801.6,sat
/home/michele/mltlsat/Benchmarks/random/P0.7N2L20M100T100-8.mltl,0.0,7800.8,sat
/home/michele/mltlsat/Benchmarks/random/P0.7N2L20M100T100-9.mltl,0.0,7824.8,sat
/home/michele/mltlsat/Benchmarks/random/P0.7N2L25M100T100-10.mltl,0.0,7815.2,sat
/home/michele/mltlsat/Benchmarks/random/P0.7N2L25M100T100-1.mltl,0.0,7799.2,sat
/home/michele/mltlsat/Benchmarks/random/P0.7N2L25M100T100-2.mltl,0.0,7765.6,sat
/home/michele/mltlsat/Benchmarks/random/P0.7N2L25M100T100-3.mltl,0.0,9336.8,sat
/home/michele/mltlsat/Benchmarks/random/P0.7N2L25M100T100-4.mltl,0.0,9308,sat
/home/michele/mltlsat/Benchmarks/random/P0.7N2L25M100T100-5.mltl,0.0,7789.6,sat
/home/michele/mltlsat/Benchmarks/random/P0.7N2L25M100T100-6.mltl,0.0,7806.4,sat
/home/michele/mltlsat/Benchmarks/random/P0.7N2L25M100T100-7.mltl,-1,-1,TO
/home/michele/mltlsat/Benchmarks/random/P0.7N2L25M100T100-8.mltl,0.01,9366.4,unsat
/home/michele/mltlsat/Benchmarks/random/P0.7N2L25M100T100-9.mltl,0.01,12399.2,sat
/home/michele/mltlsat/Benchmarks/random/P0.7N2L30M100T100-10.mltl,0.0,7824.8,sat
/home/michele/mltlsat/Benchmarks/random/P0.7N2L30M100T100-1.mltl,0.0,7827.2,sat
/home/michele/mltlsat/Benchmarks/random/P0.7N2L30M100T100-2.mltl,0.0,7796.8,sat
/home/michele/mltlsat/Benchmarks/random/P0.7N2L30M100T100-3.mltl,0.0,7796,sat
/home/michele/mltlsat/Benchmarks/random/P0.7N2L30M100T100-4.mltl,0.0,7789.6,sat
/home/michele/mltlsat/Benchmarks/random/P0.7N2L30M100T100-5.mltl,0.0,9331.2,sat
/home/michele/mltlsat/Benchmarks/random/P0.7N2L30M100T100-6.mltl,-1,-1,TO
/home/michele/mltlsat/Benchmarks/random/P0.7N2L30M100T100-7.mltl,0.0,9034.4,sat
/home/michele/mltlsat/Benchmarks/random/P0.7N2L30M100T100-8.mltl,0.17200000000000001,13924.8,sat
/home/michele/mltlsat/Benchmarks/random/P0.7N2L30M100T100-9.mltl,0.0,7792.8,sat
/home/michele/mltlsat/Benchmarks/random/P0.7N2L35M100T100-10.mltl,0.0,9330.4,sat
/home/michele/mltlsat/Benchmarks/random/P0.7N2L35M100T100-1.mltl,0.0,7818.4,sat
/home/michele/mltlsat/Benchmarks/random/P0.7N2L35M100T100-2.mltl,0.0,7806.4,sat
/home/michele/mltlsat/Benchmarks/random/P0.7N2L35M100T100-3.mltl,0.0,7788,unsat
/home/michele/mltlsat/Benchmarks/random/P0.7N2L35M100T100-4.mltl,0.084,10864.8,sat
/home/michele/mltlsat/Benchmarks/random/P0.7N2L35M100T100-5.mltl,0.374,13928.8,sat
/home/michele/mltlsat/Benchmarks/random/P0.7N2L35M100T100-6.mltl,4.566,16718.4,sat
/home/michele/mltlsat/Benchmarks/random/P0.7N2L35M100T100-7.mltl,0.0,7796,sat
/home/michele/mltlsat/Benchmarks/random/P0.7N2L35M100T100-8.mltl,0.11,15500.8,sat
/home/michele/mltlsat/Benchmarks/random/P0.7N2L35M100T100-9.mltl,-1,-1,TO
/home/michele/mltlsat/Benchmarks/random/P0.7N2L40M100T100-10.mltl,0.07200000000000001,17032.8,sat
/home/michele/mltlsat/Benchmarks/random/P0.7N2L40M100T100-1.mltl,0.0,9327.2,sat
/home/michele/mltlsat/Benchmarks/random/P0.7N2L40M100T100-2.mltl,0.0,7792,sat
/home/michele/mltlsat/Benchmarks/random/P0.7N2L40M100T100-3.mltl,0.0,7815.2,sat
/home/michele/mltlsat/Benchmarks/random/P0.7N2L40M100T100-4.mltl,0.0,7803.2,sat
/home/michele/mltlsat/Benchmarks/random/P0.7N2L40M100T100-5.mltl,0.034,10563.2,sat
/home/michele/mltlsat/Benchmarks/random/P0.7N2L40M100T100-6.mltl,0.0,7811.2,sat
/home/michele/mltlsat/Benchmarks/random/P0.7N2L40M100T100-7.mltl,0.0,7815.2,sat
/home/michele/mltlsat/Benchmarks/random/P0.7N2L40M100T100-8.mltl,0.0,7774.4,sat
/home/michele/mltlsat/Benchmarks/random/P0.7N2L40M100T100-9.mltl,0.0,7799.2,sat
/home/michele/mltlsat/Benchmarks/random/P0.7N2L45M100T100-10.mltl,0.0,7772.8,sat
/home/michele/mltlsat/Benchmarks/random/P0.7N2L45M100T100-1.mltl,0.0,7781.6,sat
/home/michele/mltlsat/Benchmarks/random/P0.7N2L45M100T100-2.mltl,0.0,7806.4,sat
/home/michele/mltlsat/Benchmarks/random/P0.7N2L45M100T100-3.mltl,0.0,7796.8,sat
/home/michele/mltlsat/Benchmarks/random/P0.7N2L45M100T100-4.mltl,0.0,7814.4,sat
/home/michele/mltlsat/Benchmarks/random/P0.7N2L45M100T100-5.mltl,0.0,7775.2,sat
/home/michele/mltlsat/Benchmarks/random/P0.7N2L45M100T100-6.mltl,0.0,9352.8,sat
/home/michele/mltlsat/Benchmarks/random/P0.7N2L45M100T100-7.mltl,0.0,7786.4,sat
/home/michele/mltlsat/Benchmarks/random/P0.7N2L45M100T100-8.mltl,0.0,7809.6,sat
/home/michele/mltlsat/Benchmarks/random/P0.7N2L45M100T100-9.mltl,0.0,7828.8,sat
/home/michele/mltlsat/Benchmarks/random/P0.7N2L50M100T100-10.mltl,0.0,7798.4,sat
/home/michele/mltlsat/Benchmarks/random/P0.7N2L50M100T100-1.mltl,0.0,7772,sat
/home/michele/mltlsat/Benchmarks/random/P0.7N2L50M100T100-2.mltl,0.0,7800,sat
/home/michele/mltlsat/Benchmarks/random/P0.7N2L50M100T100-3.mltl,0.02,13960,sat
/home/michele/mltlsat/Benchmarks/random/P0.7N2L50M100T100-4.mltl,0.0,9343.2,sat
/home/michele/mltlsat/Benchmarks/random/P0.7N2L50M100T100-5.mltl,0.274,69235.2,sat
/home/michele/mltlsat/Benchmarks/random/P0.7N2L50M100T100-6.mltl,0.0,7807.2,sat
/home/michele/mltlsat/Benchmarks/random/P0.7N2L50M100T100-7.mltl,3.384,18257.6,sat
/home/michele/mltlsat/Benchmarks/random/P0.7N2L50M100T100-8.mltl,-1,-1,TO
/home/michele/mltlsat/Benchmarks/random/P0.7N2L50M100T100-9.mltl,0.0,7811.2,sat
/home/michele/mltlsat/Benchmarks/random/P0.7N2L55M100T100-10.mltl,-1,-1,TO
/home/michele/mltlsat/Benchmarks/random/P0.7N2L55M100T100-1.mltl,0.01,13949.6,sat
/home/michele/mltlsat/Benchmarks/random/P0.7N2L55M100T100-2.mltl,-1,-1,TO
/home/michele/mltlsat/Benchmarks/random/P0.7N2L55M100T100-3.mltl,0.0,7776.8,sat
/home/michele/mltlsat/Benchmarks/random/P0.7N2L55M100T100-4.mltl,41.222,829552.8,sat
/home/michele/mltlsat/Benchmarks/random/P0.7N2L55M100T100-5.mltl,0.03,21613.6,sat
/home/michele/mltlsat/Benchmarks/random/P0.7N2L55M100T100-6.mltl,0.0,7793.6,sat
/home/michele/mltlsat/Benchmarks/random/P0.7N2L55M100T100-7.mltl,0.0,7800.8,sat
/home/michele/mltlsat/Benchmarks/random/P0.7N2L55M100T100-8.mltl,0.0,7795.2,sat
/home/michele/mltlsat/Benchmarks/random/P0.7N2L55M100T100-9.mltl,0.0,7813.6,sat
/home/michele/mltlsat/Benchmarks/random/P0.7N2L5M100T100-10.mltl,0.0,7790.4,sat
/home/michele/mltlsat/Benchmarks/random/P0.7N2L5M100T100-1.mltl,0.0,7795.2,sat
/home/michele/mltlsat/Benchmarks/random/P0.7N2L5M100T100-2.mltl,0.0,7800,sat
/home/michele/mltlsat/Benchmarks/random/P0.7N2L5M100T100-3.mltl,0.0,7819.2,sat
/home/michele/mltlsat/Benchmarks/random/P0.7N2L5M100T100-4.mltl,0.0,7808,sat
/home/michele/mltlsat/Benchmarks/random/P0.7N2L5M100T100-5.mltl,0.0,7823.2,sat
/home/michele/mltlsat/Benchmarks/random/P0.7N2L5M100T100-6.mltl,0.0,7480.8,sat
/home/michele/mltlsat/Benchmarks/random/P0.7N2L5M100T100-7.mltl,0.0,7510.4,sat
/home/michele/mltlsat/Benchmarks/random/P0.7N2L5M100T100-8.mltl,0.0,7786.4,sat
/home/michele/mltlsat/Benchmarks/random/P0.7N2L5M100T100-9.mltl,0.0,7781.6,sat
/home/michele/mltlsat/Benchmarks/random/P0.7N2L60M100T100-10.mltl,0.02,15492.8,sat
/home/michele/mltlsat/Benchmarks/random/P0.7N2L60M100T100-1.mltl,0.0,9333.6,sat
/home/michele/mltlsat/Benchmarks/random/P0.7N2L60M100T100-2.mltl,0.0,7774.4,sat
/home/michele/mltlsat/Benchmarks/random/P0.7N2L60M100T100-3.mltl,0.0,7799.2,sat
/home/michele/mltlsat/Benchmarks/random/P0.7N2L60M100T100-4.mltl,0.0,7791.2,sat
/home/michele/mltlsat/Benchmarks/random/P0.7N2L60M100T100-5.mltl,0.04,9317.6,sat
/home/michele/mltlsat/Benchmarks/random/P0.7N2L60M100T100-6.mltl,0.01,13977.6,sat
/home/michele/mltlsat/Benchmarks/random/P0.7N2L60M100T100-7.mltl,0.0,9330.4,sat
/home/michele/mltlsat/Benchmarks/random/P0.7N2L60M100T100-8.mltl,-1,-1,TO
/home/michele/mltlsat/Benchmarks/random/P0.7N2L60M100T100-9.mltl,0.99,75365.6,sat
/home/michele/mltlsat/Benchmarks/random/P0.7N2L65M100T100-10.mltl,0.0,7795.2,sat
/home/michele/mltlsat/Benchmarks/random/P0.7N2L65M100T100-1.mltl,0.0,7796.8,sat
/home/michele/mltlsat/Benchmarks/random/P0.7N2L65M100T100-2.mltl,0.0,7789.6,sat
/home/michele/mltlsat/Benchmarks/random/P0.7N2L65M100T100-3.mltl,0.0,7798.4,sat
/home/michele/mltlsat/Benchmarks/random/P0.7N2L65M100T100-4.mltl,0.0,9330.4,sat
/home/michele/mltlsat/Benchmarks/random/P0.7N2L65M100T100-5.mltl,0.0,7792,sat
/home/michele/mltlsat/Benchmarks/random/P0.7N2L65M100T100-6.mltl,0.11,12415.2,sat
/home/michele/mltlsat/Benchmarks/random/P0.7N2L65M100T100-7.mltl,0.0,7773.6,sat
/home/michele/mltlsat/Benchmarks/random/P0.7N2L65M100T100-8.mltl,-1,-1,TO
/home/michele/mltlsat/Benchmarks/random/P0.7N2L65M100T100-9.mltl,0.0,7792,sat
/home/michele/mltlsat/Benchmarks/random/P0.7N2L70M100T100-10.mltl,0.0,7793.6,sat
/home/michele/mltlsat/Benchmarks/random/P0.7N2L70M100T100-1.mltl,0.09,18548.8,sat
/home/michele/mltlsat/Benchmarks/random/P0.7N2L70M100T100-2.mltl,0.0,7800.8,sat
/home/michele/mltlsat/Benchmarks/random/P0.7N2L70M100T100-3.mltl,0.0,7796,sat
/home/michele/mltlsat/Benchmarks/random/P0.7N2L70M100T100-4.mltl,0.0,7820.8,unsat
/home/michele/mltlsat/Benchmarks/random/P0.7N2L70M100T100-5.mltl,0.0,7771.2,sat
/home/michele/mltlsat/Benchmarks/random/P0.7N2L70M100T100-6.mltl,0.0,7790.4,sat
/home/michele/mltlsat/Benchmarks/random/P0.7N2L70M100T100-7.mltl,-1,-1,TO
/home/michele/mltlsat/Benchmarks/random/P0.7N2L70M100T100-8.mltl,0.0,7792,sat
/home/michele/mltlsat/Benchmarks/random/P0.7N2L70M100T100-9.mltl,0.73,26231.2,sat
/home/michele/mltlsat/Benchmarks/random/P0.7N2L75M100T100-10.mltl,-1,-1,TO
/home/michele/mltlsat/Benchmarks/random/P0.7N2L75M100T100-1.mltl,-1,-1,TO
/home/michele/mltlsat/Benchmarks/random/P0.7N2L75M100T100-2.mltl,0.0,9337.6,sat
/home/michele/mltlsat/Benchmarks/random/P0.7N2L75M100T100-3.mltl,0.2,38536.8,sat
/home/michele/mltlsat/Benchmarks/random/P0.7N2L75M100T100-4.mltl,0.0,7821.6,sat
/home/michele/mltlsat/Benchmarks/random/P0.7N2L75M100T100-5.mltl,-1,-1,TO
/home/michele/mltlsat/Benchmarks/random/P0.7N2L75M100T100-6.mltl,-1,-1,TO
/home/michele/mltlsat/Benchmarks/random/P0.7N2L75M100T100-7.mltl,0.0,7835.2,sat
/home/michele/mltlsat/Benchmarks/random/P0.7N2L75M100T100-8.mltl,-1,-1,TO
/home/michele/mltlsat/Benchmarks/random/P0.7N2L75M100T100-9.mltl,-1,-1,TO
/home/michele/mltlsat/Benchmarks/random/P0.7N2L80M100T100-10.mltl,0.0,7796,sat
/home/michele/mltlsat/Benchmarks/random/P0.7N2L80M100T100-1.mltl,-1,-1,TO
/home/michele/mltlsat/Benchmarks/random/P0.7N2L80M100T100-2.mltl,0.01,12378.4,sat
/home/michele/mltlsat/Benchmarks/random/P0.7N2L80M100T100-3.mltl,0.0,7777.6,sat
/home/michele/mltlsat/Benchmarks/random/P0.7N2L80M100T100-4.mltl,0.0,7809.6,sat
/home/michele/mltlsat/Benchmarks/random/P0.7N2L80M100T100-5.mltl,0.0,9341.6,sat
/home/michele/mltlsat/Benchmarks/random/P0.7N2L80M100T100-6.mltl,0.01,9344,sat
/home/michele/mltlsat/Benchmarks/random/P0.7N2L80M100T100-7.mltl,0.0,7787.2,sat
/home/michele/mltlsat/Benchmarks/random/P0.7N2L80M100T100-8.mltl,0.05,9360.8,sat
/home/michele/mltlsat/Benchmarks/random/P0.7N2L80M100T100-9.mltl,0.01,12407.2,sat
/home/michele/mltlsat/Benchmarks/random/P0.7N2L85M100T100-10.mltl,0.0,9346.4,sat
/home/michele/mltlsat/Benchmarks/random/P0.7N2L85M100T100-1.mltl,-1,-1,TO
/home/michele/mltlsat/Benchmarks/random/P0.7N2L85M100T100-2.mltl,0.07400000000000001,21633.6,sat
/home/michele/mltlsat/Benchmarks/random/P0.7N2L85M100T100-3.mltl,-1,-1,TO
/home/michele/mltlsat/Benchmarks/random/P0.7N2L85M100T100-4.mltl,0.0,7803.2,sat
/home/michele/mltlsat/Benchmarks/random/P0.7N2L85M100T100-5.mltl,0.0,7800,sat
/home/michele/mltlsat/Benchmarks/random/P0.7N2L85M100T100-6.mltl,-1,-1,TO
/home/michele/mltlsat/Benchmarks/random/P0.7N2L85M100T100-7.mltl,0.006,10880.8,sat
/home/michele/mltlsat/Benchmarks/random/P0.7N2L85M100T100-8.mltl,-1,-1,TO
/home/michele/mltlsat/Benchmarks/random/P0.7N2L85M100T100-9.mltl,0.0,7800.8,unsat
/home/michele/mltlsat/Benchmarks/random/P0.7N2L90M100T100-10.mltl,0.03,12392,sat
/home/michele/mltlsat/Benchmarks/random/P0.7N2L90M100T100-1.mltl,3.054,16406.4,sat
/home/michele/mltlsat/Benchmarks/random/P0.7N2L90M100T100-2.mltl,0.93,29312,sat
/home/michele/mltlsat/Benchmarks/random/P0.7N2L90M100T100-3.mltl,-1,-1,TO
/home/michele/mltlsat/Benchmarks/random/P0.7N2L90M100T100-4.mltl,-1,-1,TO
/home/michele/mltlsat/Benchmarks/random/P0.7N2L90M100T100-5.mltl,0.514,32050.4,sat
/home/michele/mltlsat/Benchmarks/random/P0.7N2L90M100T100-6.mltl,-1,-1,TO
/home/michele/mltlsat/Benchmarks/random/P0.7N2L90M100T100-7.mltl,2.368,705164.8,sat
/home/michele/mltlsat/Benchmarks/random/P0.7N2L90M100T100-8.mltl,0.0,9309.6,sat
/home/michele/mltlsat/Benchmarks/random/P0.7N2L90M100T100-9.mltl,0.0,7807.2,sat
/home/michele/mltlsat/Benchmarks/random/P0.7N2L95M100T100-10.mltl,0.0,7784.8,sat
/home/michele/mltlsat/Benchmarks/random/P0.7N2L95M100T100-1.mltl,0.354,27767.2,sat
/home/michele/mltlsat/Benchmarks/random/P0.7N2L95M100T100-2.mltl,-1,-1,TO
/home/michele/mltlsat/Benchmarks/random/P0.7N2L95M100T100-3.mltl,-1,-1,TO
/home/michele/mltlsat/Benchmarks/random/P0.7N2L95M100T100-4.mltl,117.878,21942.4,sat
/home/michele/mltlsat/Benchmarks/random/P0.7N2L95M100T100-5.mltl,0.0,7828,sat
/home/michele/mltlsat/Benchmarks/random/P0.7N2L95M100T100-6.mltl,-1,-1,TO
/home/michele/mltlsat/Benchmarks/random/P0.7N2L95M100T100-7.mltl,0.0,7822.4,sat
/home/michele/mltlsat/Benchmarks/random/P0.7N2L95M100T100-8.mltl,-1,-1,TO
/home/michele/mltlsat/Benchmarks/random/P0.7N2L95M100T100-9.mltl,-1,-1,TO
/home/michele/mltlsat/Benchmarks/random/P0.7N3L100M100T100-10.mltl,0.69,38553.6,sat
/home/michele/mltlsat/Benchmarks/random/P0.7N3L100M100T100-1.mltl,0.122,56964.8,sat
/home/michele/mltlsat/Benchmarks/random/P0.7N3L100M100T100-2.mltl,1.046,63104.8,sat
/home/michele/mltlsat/Benchmarks/random/P0.7N3L100M100T100-3.mltl,0.0,9338.4,sat
/home/michele/mltlsat/Benchmarks/random/P0.7N3L100M100T100-4.mltl,-1,-1,TO
/home/michele/mltlsat/Benchmarks/random/P0.7N3L100M100T100-5.mltl,0.0,7804,sat
/home/michele/mltlsat/Benchmarks/random/P0.7N3L100M100T100-6.mltl,0.0,7796,sat
/home/michele/mltlsat/Benchmarks/random/P0.7N3L100M100T100-7.mltl,3.798,131602.4,sat
/home/michele/mltlsat/Benchmarks/random/P0.7N3L100M100T100-8.mltl,0.13,27781.6,sat
/home/michele/mltlsat/Benchmarks/random/P0.7N3L100M100T100-9.mltl,-1,-1,TO
/home/michele/mltlsat/Benchmarks/random/P0.7N3L10M100T100-10.mltl,0.0,7813.6,sat
/home/michele/mltlsat/Benchmarks/random/P0.7N3L10M100T100-1.mltl,0.0,7779.2,sat
/home/michele/mltlsat/Benchmarks/random/P0.7N3L10M100T100-2.mltl,0.0,7806.4,sat
/home/michele/mltlsat/Benchmarks/random/P0.7N3L10M100T100-3.mltl,0.0,7768,sat
/home/michele/mltlsat/Benchmarks/random/P0.7N3L10M100T100-4.mltl,0.0,7817.6,sat
/home/michele/mltlsat/Benchmarks/random/P0.7N3L10M100T100-5.mltl,0.0,7799.2,sat
/home/michele/mltlsat/Benchmarks/random/P0.7N3L10M100T100-6.mltl,0.0,7793.6,sat
/home/michele/mltlsat/Benchmarks/random/P0.7N3L10M100T100-7.mltl,0.0,7801.6,sat
/home/michele/mltlsat/Benchmarks/random/P0.7N3L10M100T100-8.mltl,0.0,7800,sat
/home/michele/mltlsat/Benchmarks/random/P0.7N3L10M100T100-9.mltl,0.0,7806.4,sat
/home/michele/mltlsat/Benchmarks/random/P0.7N3L15M100T100-10.mltl,0.0,9310.4,sat
/home/michele/mltlsat/Benchmarks/random/P0.7N3L15M100T100-1.mltl,0.052000000000000005,10876.8,sat
/home/michele/mltlsat/Benchmarks/random/P0.7N3L15M100T100-2.mltl,0.0,7802.4,sat
/home/michele/mltlsat/Benchmarks/random/P0.7N3L15M100T100-3.mltl,0.0,7788,sat
/home/michele/mltlsat/Benchmarks/random/P0.7N3L15M100T100-4.mltl,0.0,7788.8,sat
/home/michele/mltlsat/Benchmarks/random/P0.7N3L15M100T100-5.mltl,0.0,7770.4,sat
/home/michele/mltlsat/Benchmarks/random/P0.7N3L15M100T100-6.mltl,0.0,7804.8,sat
/home/michele/mltlsat/Benchmarks/random/P0.7N3L15M100T100-7.mltl,0.0,7482.4,sat
/home/michele/mltlsat/Benchmarks/random/P0.7N3L15M100T100-8.mltl,0.0,9036.8,sat
/home/michele/mltlsat/Benchmarks/random/P0.7N3L15M100T100-9.mltl,0.0,7803.2,sat
/home/michele/mltlsat/Benchmarks/random/P0.7N3L20M100T100-10.mltl,0.0,7847.2,sat
/home/michele/mltlsat/Benchmarks/random/P0.7N3L20M100T100-1.mltl,0.0,7794.4,sat
/home/michele/mltlsat/Benchmarks/random/P0.7N3L20M100T100-2.mltl,0.08,15470.4,sat
/home/michele/mltlsat/Benchmarks/random/P0.7N3L20M100T100-3.mltl,0.0,7804,sat
/home/michele/mltlsat/Benchmarks/random/P0.7N3L20M100T100-4.mltl,0.0,9325.6,sat
/home/michele/mltlsat/Benchmarks/random/P0.7N3L20M100T100-5.mltl,0.0,7804.8,sat
/home/michele/mltlsat/Benchmarks/random/P0.7N3L20M100T100-6.mltl,0.03,10264.8,sat
/home/michele/mltlsat/Benchmarks/random/P0.7N3L20M100T100-7.mltl,0.0,7783.2,sat
/home/michele/mltlsat/Benchmarks/random/P0.7N3L20M100T100-8.mltl,0.0,7778.4,sat
/home/michele/mltlsat/Benchmarks/random/P0.7N3L20M100T100-9.mltl,0.01,12414.4,sat
/home/michele/mltlsat/Benchmarks/random/P0.7N3L25M100T100-10.mltl,0.11,18540.8,sat
/home/michele/mltlsat/Benchmarks/random/P0.7N3L25M100T100-1.mltl,0.0,9334.4,sat
/home/michele/mltlsat/Benchmarks/random/P0.7N3L25M100T100-2.mltl,0.0,7800.8,sat
/home/michele/mltlsat/Benchmarks/random/P0.7N3L25M100T100-3.mltl,0.0,7825.6,sat
/home/michele/mltlsat/Benchmarks/random/P0.7N3L25M100T100-4.mltl,0.0,7797.6,sat
/home/michele/mltlsat/Benchmarks/random/P0.7N3L25M100T100-5.mltl,0.0,7812,sat
/home/michele/mltlsat/Benchmarks/random/P0.7N3L25M100T100-6.mltl,0.0,7784.8,sat
/home/michele/mltlsat/Benchmarks/random/P0.7N3L25M100T100-7.mltl,3.566,12401.6,unsat
/home/michele/mltlsat/Benchmarks/random/P0.7N3L25M100T100-8.mltl,0.0,9348.8,sat
/home/michele/mltlsat/Benchmarks/random/P0.7N3L25M100T100-9.mltl,0.0,7776.8,sat
/home/michele/mltlsat/Benchmarks/random/P0.7N3L30M100T100-10.mltl,0.0,7782.4,sat
/home/michele/mltlsat/Benchmarks/random/P0.7N3L30M100T100-1.mltl,0.01,13957.6,sat
/home/michele/mltlsat/Benchmarks/random/P0.7N3L30M100T100-2.mltl,0.0,9036,sat
/home/michele/mltlsat/Benchmarks/random/P0.7N3L30M100T100-3.mltl,-1,-1,TO
/home/michele/mltlsat/Benchmarks/random/P0.7N3L30M100T100-4.mltl,0.0,7775.2,sat
/home/michele/mltlsat/Benchmarks/random/P0.7N3L30M100T100-5.mltl,0.0,7812,sat
/home/michele/mltlsat/Benchmarks/random/P0.7N3L30M100T100-6.mltl,1.342,86129.6,sat
/home/michele/mltlsat/Benchmarks/random/P0.7N3L30M100T100-7.mltl,0.0,7811.2,sat
/home/michele/mltlsat/Benchmarks/random/P0.7N3L30M100T100-8.mltl,0.0,9336.8,sat
/home/michele/mltlsat/Benchmarks/random/P0.7N3L30M100T100-9.mltl,0.0,7812.8,sat
/home/michele/mltlsat/Benchmarks/random/P0.7N3L35M100T100-10.mltl,0.0,7814.4,sat
/home/michele/mltlsat/Benchmarks/random/P0.7N3L35M100T100-1.mltl,0.0,7794.4,sat
/home/michele/mltlsat/Benchmarks/random/P0.7N3L35M100T100-2.mltl,0.0,7780.8,sat
/home/michele/mltlsat/Benchmarks/random/P0.7N3L35M100T100-3.mltl,0.006,10859.2,sat
/home/michele/mltlsat/Benchmarks/random/P0.7N3L35M100T100-4.mltl,0.0,7788,sat
/home/michele/mltlsat/Benchmarks/random/P0.7N3L35M100T100-5.mltl,0.04,17039.2,sat
/home/michele/mltlsat/Benchmarks/random/P0.7N3L35M100T100-6.mltl,0.0,7482.4,sat
/home/michele/mltlsat/Benchmarks/random/P0.7N3L35M100T100-7.mltl,0.214,76908.8,sat
/home/michele/mltlsat/Benchmarks/random/P0.7N3L35M100T100-8.mltl,0.0,7816,sat
/home/michele/mltlsat/Benchmarks/random/P0.7N3L35M100T100-9.mltl,0.0,7843.2,sat
/home/michele/mltlsat/Benchmarks/random/P0.7N3L40M100T100-10.mltl,0.0,7826.4,sat
/home/michele/mltlsat/Benchmarks/random/P0.7N3L40M100T100-1.mltl,16.154,16988,sat
/home/michele/mltlsat/Benchmarks/random/P0.7N3L40M100T100-2.mltl,0.0,7800,sat
/home/michele/mltlsat/Benchmarks/random/P0.7N3L40M100T100-3.mltl,0.0,9320.8,sat
/home/michele/mltlsat/Benchmarks/random/P0.7N3L40M100T100-4.mltl,0.0,7773.6,sat
/home/michele/mltlsat/Benchmarks/random/P0.7N3L40M100T100-5.mltl,0.0,7806.4,sat
/home/michele/mltlsat/Benchmarks/random/P0.7N3L40M100T100-6.mltl,31.492,109192,sat
/home/michele/mltlsat/Benchmarks/random/P0.7N3L40M100T100-7.mltl,0.0,7795.2,sat
/home/michele/mltlsat/Benchmarks/random/P0.7N3L40M100T100-8.mltl,-1,-1,TO
/home/michele/mltlsat/Benchmarks/random/P0.7N3L40M100T100-9.mltl,0.0,7791.2,sat
/home/michele/mltlsat/Benchmarks/random/P0.7N3L45M100T100-10.mltl,0.0,7793.6,sat
/home/michele/mltlsat/Benchmarks/random/P0.7N3L45M100T100-1.mltl,0.0,7800,sat
/home/michele/mltlsat/Benchmarks/random/P0.7N3L45M100T100-2.mltl,0.0,7784.8,sat
/home/michele/mltlsat/Benchmarks/random/P0.7N3L45M100T100-3.mltl,0.0,7818.4,sat
/home/michele/mltlsat/Benchmarks/random/P0.7N3L45M100T100-4.mltl,0.0,7799.2,sat
/home/michele/mltlsat/Benchmarks/random/P0.7N3L45M100T100-5.mltl,0.0,7796,sat
/home/michele/mltlsat/Benchmarks/random/P0.7N3L45M100T100-6.mltl,0.0,7812,sat
/home/michele/mltlsat/Benchmarks/random/P0.7N3L45M100T100-7.mltl,0.0,9344,sat
/home/michele/mltlsat/Benchmarks/random/P0.7N3L45M100T100-8.mltl,0.02,10876.8,sat
/home/michele/mltlsat/Benchmarks/random/P0.7N3L45M100T100-9.mltl,0.0,7796.8,sat
/home/michele/mltlsat/Benchmarks/random/P0.7N3L50M100T100-10.mltl,0.01,10853.6,sat
/home/michele/mltlsat/Benchmarks/random/P0.7N3L50M100T100-1.mltl,-1,-1,TO
/home/michele/mltlsat/Benchmarks/random/P0.7N3L50M100T100-2.mltl,0.582,50832,sat
/home/michele/mltlsat/Benchmarks/random/P0.7N3L50M100T100-3.mltl,-1,-1,TO
/home/michele/mltlsat/Benchmarks/random/P0.7N3L50M100T100-4.mltl,0.0,7804.8,sat
/home/michele/mltlsat/Benchmarks/random/P0.7N3L50M100T100-5.mltl,-1,-1,TO
/home/michele/mltlsat/Benchmarks/random/P0.7N3L50M100T100-6.mltl,0.126,13951.2,sat
/home/michele/mltlsat/Benchmarks/random/P0.7N3L50M100T100-7.mltl,0.0,7788,sat
/home/michele/mltlsat/Benchmarks/random/P0.7N3L50M100T100-8.mltl,0.0,9323.2,sat
/home/michele/mltlsat/Benchmarks/random/P0.7N3L50M100T100-9.mltl,0.0,7813.6,sat
/home/michele/mltlsat/Benchmarks/random/P0.7N3L55M100T100-10.mltl,0.33,66178.4,sat
/home/michele/mltlsat/Benchmarks/random/P0.7N3L55M100T100-1.mltl,-1,-1,TO
/home/michele/mltlsat/Benchmarks/random/P0.7N3L55M100T100-2.mltl,1.268,52044.8,sat
/home/michele/mltlsat/Benchmarks/random/P0.7N3L55M100T100-3.mltl,0.0,7836,sat
/home/michele/mltlsat/Benchmarks/random/P0.7N3L55M100T100-4.mltl,0.01,12406.4,sat
/home/michele/mltlsat/Benchmarks/random/P0.7N3L55M100T100-5.mltl,0.0,7802.4,sat
/home/michele/mltlsat/Benchmarks/random/P0.7N3L55M100T100-6.mltl,0.118,53878.4,sat
/home/michele/mltlsat/Benchmarks/random/P0.7N3L55M100T100-7.mltl,0.0,7783.2,sat
/home/michele/mltlsat/Benchmarks/random/P0.7N3L55M100T100-8.mltl,0.08,13930.4,sat
/home/michele/mltlsat/Benchmarks/random/P0.7N3L55M100T100-9.mltl,3.434,121151.2,sat
/home/michele/mltlsat/Benchmarks/random/P0.7N3L5M100T100-10.mltl,0.0,7800.8,sat
/home/michele/mltlsat/Benchmarks/random/P0.7N3L5M100T100-1.mltl,0.0,7789.6,sat
/home/michele/mltlsat/Benchmarks/random/P0.7N3L5M100T100-2.mltl,0.0,7801.6,sat
/home/michele/mltlsat/Benchmarks/random/P0.7N3L5M100T100-3.mltl,0.0,7821.6,sat
/home/michele/mltlsat/Benchmarks/random/P0.7N3L5M100T100-4.mltl,0.0,7780.8,sat
/home/michele/mltlsat/Benchmarks/random/P0.7N3L5M100T100-5.mltl,0.0,7806.4,sat
/home/michele/mltlsat/Benchmarks/random/P0.7N3L5M100T100-6.mltl,0.0,7792,sat
/home/michele/mltlsat/Benchmarks/random/P0.7N3L5M100T100-7.mltl,0.0,7810.4,sat
/home/michele/mltlsat/Benchmarks/random/P0.7N3L5M100T100-8.mltl,0.0,7788.8,sat
/home/michele/mltlsat/Benchmarks/random/P0.7N3L5M100T100-9.mltl,0.0,7792,sat
/home/michele/mltlsat/Benchmarks/random/P0.7N3L60M100T100-10.mltl,0.0,7801.6,sat
/home/michele/mltlsat/Benchmarks/random/P0.7N3L60M100T100-1.mltl,0.0,7780,sat
/home/michele/mltlsat/Benchmarks/random/P0.7N3L60M100T100-2.mltl,0.0,9332,sat
/home/michele/mltlsat/Benchmarks/random/P0.7N3L60M100T100-3.mltl,0.0,7816.8,sat
/home/michele/mltlsat/Benchmarks/random/P0.7N3L60M100T100-4.mltl,0.02,10569.6,sat
/home/michele/mltlsat/Benchmarks/random/P0.7N3L60M100T100-5.mltl,0.01,10866.4,sat
/home/michele/mltlsat/Benchmarks/random/P0.7N3L60M100T100-6.mltl,0.01,12410.4,sat
/home/michele/mltlsat/Benchmarks/random/P0.7N3L60M100T100-7.mltl,0.0,7799.2,sat
/home/michele/mltlsat/Benchmarks/random/P0.7N3L60M100T100-8.mltl,0.0,7748.8,sat
/home/michele/mltlsat/Benchmarks/random/P0.7N3L60M100T100-9.mltl,0.034,21625.6,sat
/home/michele/mltlsat/Benchmarks/random/P0.7N3L65M100T100-10.mltl,-1,-1,TO
/home/michele/mltlsat/Benchmarks/random/P0.7N3L65M100T100-1.mltl,0.0,7795.2,sat
/home/michele/mltlsat/Benchmarks/random/P0.7N3L65M100T100-2.mltl,-1,-1,TO
/home/michele/mltlsat/Benchmarks/random/P0.7N3L65M100T100-3.mltl,0.0,7777.6,sat
/home/michele/mltlsat/Benchmarks/random/P0.7N3L65M100T100-4.mltl,0.0,7808.8,sat
/home/michele/mltlsat/Benchmarks/random/P0.7N3L65M100T100-5.mltl,-1,-1,TO
/home/michele/mltlsat/Benchmarks/random/P0.7N3L65M100T100-6.mltl,0.0,7783.2,sat
/home/michele/mltlsat/Benchmarks/random/P0.7N3L65M100T100-7.mltl,0.0,7800,sat
/home/michele/mltlsat/Benchmarks/random/P0.7N3L65M100T100-8.mltl,-1,-1,TO
/home/michele/mltlsat/Benchmarks/random/P0.7N3L65M100T100-9.mltl,0.0,7825.6,unsat
/home/michele/mltlsat/Benchmarks/random/P0.7N3L70M100T100-10.mltl,32.34,114086.4,sat
/home/michele/mltlsat/Benchmarks/random/P0.7N3L70M100T100-1.mltl,0.47000000000000003,38238.4,sat
/home/michele/mltlsat/Benchmarks/random/P0.7N3L70M100T100-2.mltl,0.0,7802.4,sat
/home/michele/mltlsat/Benchmarks/random/P0.7N3L70M100T100-3.mltl,0.0,9351.2,sat
/home/michele/mltlsat/Benchmarks/random/P0.7N3L70M100T100-4.mltl,0.0,9328.8,sat
/home/michele/mltlsat/Benchmarks/random/P0.7N3L70M100T100-5.mltl,0.0,7813.6,sat
/home/michele/mltlsat/Benchmarks/random/P0.7N3L70M100T100-6.mltl,0.0,7816.8,sat
/home/michele/mltlsat/Benchmarks/random/P0.7N3L70M100T100-7.mltl,0.0,7799.2,sat
/home/michele/mltlsat/Benchmarks/random/P0.7N3L70M100T100-8.mltl,0.0,7796.8,sat
/home/michele/mltlsat/Benchmarks/random/P0.7N3L70M100T100-9.mltl,-1,-1,TO
/home/michele/mltlsat/Benchmarks/random/P0.7N3L75M100T100-10.mltl,0.0,7787.2,sat
/home/michele/mltlsat/Benchmarks/random/P0.7N3L75M100T100-1.mltl,0.17400000000000002,20076.8,sat
/home/michele/mltlsat/Benchmarks/random/P0.7N3L75M100T100-2.mltl,0.062,15464,sat
/home/michele/mltlsat/Benchmarks/random/P0.7N3L75M100T100-3.mltl,0.01,10880,sat
/home/michele/mltlsat/Benchmarks/random/P0.7N3L75M100T100-4.mltl,0.02,10860.8,sat
/home/michele/mltlsat/Benchmarks/random/P0.7N3L75M100T100-5.mltl,23.012,102701.6,sat
/home/michele/mltlsat/Benchmarks/random/P0.7N3L75M100T100-6.mltl,-1,-1,TO
/home/michele/mltlsat/Benchmarks/random/P0.7N3L75M100T100-7.mltl,-1,-1,TO
/home/michele/mltlsat/Benchmarks/random/P0.7N3L75M100T100-8.mltl,0.0,7784.8,sat
/home/michele/mltlsat/Benchmarks/random/P0.7N3L75M100T100-9.mltl,0.636,35148.8,sat
/home/michele/mltlsat/Benchmarks/random/P0.7N3L80M100T100-10.mltl,0.0,7833.6,sat
/home/michele/mltlsat/Benchmarks/random/P0.7N3L80M100T100-1.mltl,0.0,7816,sat
/home/michele/mltlsat/Benchmarks/random/P0.7N3L80M100T100-2.mltl,0.0,9323.2,sat
/home/michele/mltlsat/Benchmarks/random/P0.7N3L80M100T100-3.mltl,0.14,13936.8,sat
/home/michele/mltlsat/Benchmarks/random/P0.7N3L80M100T100-4.mltl,0.018000000000000002,13926.4,sat
/home/michele/mltlsat/Benchmarks/random/P0.7N3L80M100T100-5.mltl,0.012,13954.4,sat
/home/michele/mltlsat/Benchmarks/random/P0.7N3L80M100T100-6.mltl,0.0,7828.8,sat
/home/michele/mltlsat/Benchmarks/random/P0.7N3L80M100T100-7.mltl,0.0,10869.6,sat
/home/michele/mltlsat/Benchmarks/random/P0.7N3L80M100T100-8.mltl,101.22,28057.6,unsat
/home/michele/mltlsat/Benchmarks/random/P0.7N3L80M100T100-9.mltl,0.438,30824,sat
/home/michele/mltlsat/Benchmarks/random/P0.7N3L85M100T100-10.mltl,0.0,7792,sat
/home/michele/mltlsat/Benchmarks/random/P0.7N3L85M100T100-1.mltl,-1,-1,TO
/home/michele/mltlsat/Benchmarks/random/P0.7N3L85M100T100-2.mltl,0.782,18536,sat
/home/michele/mltlsat/Benchmarks/random/P0.7N3L85M100T100-3.mltl,-1,-1,TO
/home/michele/mltlsat/Benchmarks/random/P0.7N3L85M100T100-4.mltl,2.792,20069.6,sat
/home/michele/mltlsat/Benchmarks/random/P0.7N3L85M100T100-5.mltl,0.0,7798.4,sat
/home/michele/mltlsat/Benchmarks/random/P0.7N3L85M100T100-6.mltl,0.002,9331.2,sat
/home/michele/mltlsat/Benchmarks/random/P0.7N3L85M100T100-7.mltl,0.0,7799.2,sat
/home/michele/mltlsat/Benchmarks/random/P0.7N3L85M100T100-8.mltl,0.124,24692,sat
/home/michele/mltlsat/Benchmarks/random/P0.7N3L85M100T100-9.mltl,-1,-1,TO
/home/michele/mltlsat/Benchmarks/random/P0.7N3L90M100T100-10.mltl,0.0,7810.4,sat
/home/michele/mltlsat/Benchmarks/random/P0.7N3L90M100T100-1.mltl,0.0,7828,sat
/home/michele/mltlsat/Benchmarks/random/P0.7N3L90M100T100-2.mltl,-1,-1,TO
/home/michele/mltlsat/Benchmarks/random/P0.7N3L90M100T100-3.mltl,-1,-1,TO
/home/michele/mltlsat/Benchmarks/random/P0.7N3L90M100T100-4.mltl,3.482,116269.6,sat
/home/michele/mltlsat/Benchmarks/random/P0.7N3L90M100T100-5.mltl,0.12,12406.4,sat
/home/michele/mltlsat/Benchmarks/random/P0.7N3L90M100T100-6.mltl,0.0,7809.6,sat
/home/michele/mltlsat/Benchmarks/random/P0.7N3L90M100T100-7.mltl,0.0,7778.4,sat
/home/michele/mltlsat/Benchmarks/random/P0.7N3L90M100T100-8.mltl,0.614,26212.8,sat
/home/michele/mltlsat/Benchmarks/random/P0.7N3L90M100T100-9.mltl,0.0,7786.4,sat
/home/michele/mltlsat/Benchmarks/random/P0.7N3L95M100T100-10.mltl,0.1,56956,sat
/home/michele/mltlsat/Benchmarks/random/P0.7N3L95M100T100-1.mltl,0.0,7807.2,sat
/home/michele/mltlsat/Benchmarks/random/P0.7N3L95M100T100-2.mltl,0.0,7779.2,sat
/home/michele/mltlsat/Benchmarks/random/P0.7N3L95M100T100-3.mltl,0.0,7811.2,sat
/home/michele/mltlsat/Benchmarks/random/P0.7N3L95M100T100-4.mltl,0.0,9336,sat
/home/michele/mltlsat/Benchmarks/random/P0.7N3L95M100T100-5.mltl,0.01,10869.6,sat
/home/michele/mltlsat/Benchmarks/random/P0.7N3L95M100T100-6.mltl,0.02,15494.4,sat
/home/michele/mltlsat/Benchmarks/random/P0.7N3L95M100T100-7.mltl,-1,-1,TO
/home/michele/mltlsat/Benchmarks/random/P0.7N3L95M100T100-8.mltl,0.0,7803.2,sat
/home/michele/mltlsat/Benchmarks/random/P0.7N3L95M100T100-9.mltl,-1,-1,TO
/home/michele/mltlsat/Benchmarks/random/P0.7N4L100M100T100-10.mltl,0.006,9340,sat
/home/michele/mltlsat/Benchmarks/random/P0.7N4L100M100T100-1.mltl,-1,-1,TO
/home/michele/mltlsat/Benchmarks/random/P0.7N4L100M100T100-2.mltl,1.016,30838.4,sat
/home/michele/mltlsat/Benchmarks/random/P0.7N4L100M100T100-3.mltl,0.0,7780.8,sat
/home/michele/mltlsat/Benchmarks/random/P0.7N4L100M100T100-4.mltl,21.278,10256,sat
/home/michele/mltlsat/Benchmarks/random/P0.7N4L100M100T100-5.mltl,0.0,7774.4,sat
/home/michele/mltlsat/Benchmarks/random/P0.7N4L100M100T100-6.mltl,0.10400000000000001,18540.8,sat
/home/michele/mltlsat/Benchmarks/random/P0.7N4L100M100T100-7.mltl,1.05,311908,sat
/home/michele/mltlsat/Benchmarks/random/P0.7N4L100M100T100-8.mltl,0.068,17030.4,sat
/home/michele/mltlsat/Benchmarks/random/P0.7N4L100M100T100-9.mltl,-1,-1,TO
/home/michele/mltlsat/Benchmarks/random/P0.7N4L10M100T100-10.mltl,0.0,7778.4,sat
/home/michele/mltlsat/Benchmarks/random/P0.7N4L10M100T100-1.mltl,0.0,7793.6,sat
/home/michele/mltlsat/Benchmarks/random/P0.7N4L10M100T100-2.mltl,0.05,10871.2,sat
/home/michele/mltlsat/Benchmarks/random/P0.7N4L10M100T100-3.mltl,0.0,7804.8,sat
/home/michele/mltlsat/Benchmarks/random/P0.7N4L10M100T100-4.mltl,0.0,7794.4,sat
/home/michele/mltlsat/Benchmarks/random/P0.7N4L10M100T100-5.mltl,0.0,7804,sat
/home/michele/mltlsat/Benchmarks/random/P0.7N4L10M100T100-6.mltl,0.0,7788,sat
/home/michele/mltlsat/Benchmarks/random/P0.7N4L10M100T100-7.mltl,0.0,7791.2,sat
/home/michele/mltlsat/Benchmarks/random/P0.7N4L10M100T100-8.mltl,0.0,7794.4,sat
/home/michele/mltlsat/Benchmarks/random/P0.7N4L10M100T100-9.mltl,1.356,10574.4,sat
/home/michele/mltlsat/Benchmarks/random/P0.7N4L15M100T100-10.mltl,0.0,7788,sat
/home/michele/mltlsat/Benchmarks/random/P0.7N4L15M100T100-1.mltl,0.0,7792,sat
/home/michele/mltlsat/Benchmarks/random/P0.7N4L15M100T100-2.mltl,0.0,7815.2,sat
/home/michele/mltlsat/Benchmarks/random/P0.7N4L15M100T100-3.mltl,0.0,7792.8,sat
/home/michele/mltlsat/Benchmarks/random/P0.7N4L15M100T100-4.mltl,0.0,7783.2,sat
/home/michele/mltlsat/Benchmarks/random/P0.7N4L15M100T100-5.mltl,0.0,7786.4,unsat
/home/michele/mltlsat/Benchmarks/random/P0.7N4L15M100T100-6.mltl,0.0,7475.2,sat
/home/michele/mltlsat/Benchmarks/random/P0.7N4L15M100T100-7.mltl,0.0,7794.4,sat
/home/michele/mltlsat/Benchmarks/random/P0.7N4L15M100T100-8.mltl,0.0,7800,sat
/home/michele/mltlsat/Benchmarks/random/P0.7N4L15M100T100-9.mltl,0.0,7797.6,sat
/home/michele/mltlsat/Benchmarks/random/P0.7N4L20M100T100-10.mltl,0.0,7823.2,sat
/home/michele/mltlsat/Benchmarks/random/P0.7N4L20M100T100-1.mltl,0.0,7798.4,sat
/home/michele/mltlsat/Benchmarks/random/P0.7N4L20M100T100-2.mltl,0.0,7797.6,sat
/home/michele/mltlsat/Benchmarks/random/P0.7N4L20M100T100-3.mltl,0.03,20125.6,sat
/home/michele/mltlsat/Benchmarks/random/P0.7N4L20M100T100-4.mltl,0.0,7797.6,sat
/home/michele/mltlsat/Benchmarks/random/P0.7N4L20M100T100-5.mltl,0.0,7821.6,sat
/home/michele/mltlsat/Benchmarks/random/P0.7N4L20M100T100-6.mltl,0.0,9340.8,sat
/home/michele/mltlsat/Benchmarks/random/P0.7N4L20M100T100-7.mltl,0.0,7822.4,sat
/home/michele/mltlsat/Benchmarks/random/P0.7N4L20M100T100-8.mltl,0.0,10856,sat
/home/michele/mltlsat/Benchmarks/random/P0.7N4L20M100T100-9.mltl,0.0,7780,sat
/home/michele/mltlsat/Benchmarks/random/P0.7N4L25M100T100-10.mltl,0.05,20068.8,sat
/home/michele/mltlsat/Benchmarks/random/P0.7N4L25M100T100-1.mltl,0.0,10841.6,sat
/home/michele/mltlsat/Benchmarks/random/P0.7N4L25M100T100-2.mltl,0.0,7804.8,sat
/home/michele/mltlsat/Benchmarks/random/P0.7N4L25M100T100-3.mltl,0.0,7772.8,sat
/home/michele/mltlsat/Benchmarks/random/P0.7N4L25M100T100-4.mltl,0.0,7821.6,sat
/home/michele/mltlsat/Benchmarks/random/P0.7N4L25M100T100-5.mltl,0.0,7800,sat
/home/michele/mltlsat/Benchmarks/random/P0.7N4L25M100T100-6.mltl,0.0,7799.2,sat
/home/michele/mltlsat/Benchmarks/random/P0.7N4L25M100T100-7.mltl,0.0,7779.2,sat
/home/michele/mltlsat/Benchmarks/random/P0.7N4L25M100T100-8.mltl,0.0,9050.4,sat
/home/michele/mltlsat/Benchmarks/random/P0.7N4L25M100T100-9.mltl,0.0,7816.8,sat
/home/michele/mltlsat/Benchmarks/random/P0.7N4L30M100T100-10.mltl,0.0,7806.4,sat
/home/michele/mltlsat/Benchmarks/random/P0.7N4L30M100T100-1.mltl,0.0,10858.4,sat
/home/michele/mltlsat/Benchmarks/random/P0.7N4L30M100T100-2.mltl,0.0,7464,sat
/home/michele/mltlsat/Benchmarks/random/P0.7N4L30M100T100-3.mltl,0.0,7771.2,sat
/home/michele/mltlsat/Benchmarks/random/P0.7N4L30M100T100-4.mltl,0.0,9341.6,sat
/home/michele/mltlsat/Benchmarks/random/P0.7N4L30M100T100-5.mltl,0.238,19789.6,sat
/home/michele/mltlsat/Benchmarks/random/P0.7N4L30M100T100-6.mltl,1.924,866107.2,sat
/home/michele/mltlsat/Benchmarks/random/P0.7N4L30M100T100-7.mltl,-1,-1,TO
/home/michele/mltlsat/Benchmarks/random/P0.7N4L30M100T100-8.mltl,0.0,7776,sat
/home/michele/mltlsat/Benchmarks/random/P0.7N4L30M100T100-9.mltl,0.002,9319.2,sat
/home/michele/mltlsat/Benchmarks/random/P0.7N4L35M100T100-10.mltl,0.0,9341.6,sat
/home/michele/mltlsat/Benchmarks/random/P0.7N4L35M100T100-1.mltl,0.0,7813.6,sat
/home/michele/mltlsat/Benchmarks/random/P0.7N4L35M100T100-2.mltl,0.03,20091.2,sat
/home/michele/mltlsat/Benchmarks/random/P0.7N4L35M100T100-3.mltl,0.0,7792,sat
/home/michele/mltlsat/Benchmarks/random/P0.7N4L35M100T100-4.mltl,0.0,7763.2,sat
/home/michele/mltlsat/Benchmarks/random/P0.7N4L35M100T100-5.mltl,0.0,7782.4,sat
/home/michele/mltlsat/Benchmarks/random/P0.7N4L35M100T100-6.mltl,0.0,7808.8,sat
/home/michele/mltlsat/Benchmarks/random/P0.7N4L35M100T100-7.mltl,0.0,9328,sat
/home/michele/mltlsat/Benchmarks/random/P0.7N4L35M100T100-8.mltl,0.02,13935.2,sat
/home/michele/mltlsat/Benchmarks/random/P0.7N4L35M100T100-9.mltl,0.0,7794.4,sat
/home/michele/mltlsat/Benchmarks/random/P0.7N4L40M100T100-10.mltl,0.03,10846.4,sat
/home/michele/mltlsat/Benchmarks/random/P0.7N4L40M100T100-1.mltl,0.0,7803.2,sat
/home/michele/mltlsat/Benchmarks/random/P0.7N4L40M100T100-2.mltl,-1,-1,TO
/home/michele/mltlsat/Benchmarks/random/P0.7N4L40M100T100-3.mltl,0.0,7792,sat
/home/michele/mltlsat/Benchmarks/random/P0.7N4L40M100T100-4.mltl,0.0,7808,sat
/home/michele/mltlsat/Benchmarks/random/P0.7N4L40M100T100-5.mltl,0.04,10864,sat
/home/michele/mltlsat/Benchmarks/random/P0.7N4L40M100T100-6.mltl,0.0,7806.4,sat
/home/michele/mltlsat/Benchmarks/random/P0.7N4L40M100T100-7.mltl,0.0,7773.6,sat
/home/michele/mltlsat/Benchmarks/random/P0.7N4L40M100T100-8.mltl,0.0,7796,sat
/home/michele/mltlsat/Benchmarks/random/P0.7N4L40M100T100-9.mltl,0.01,12396.8,sat
/home/michele/mltlsat/Benchmarks/random/P0.7N4L45M100T100-10.mltl,0.002,10868,sat
/home/michele/mltlsat/Benchmarks/random/P0.7N4L45M100T100-1.mltl,0.006,10886.4,sat
/home/michele/mltlsat/Benchmarks/random/P0.7N4L45M100T100-2.mltl,0.0,7787.2,sat
/home/michele/mltlsat/Benchmarks/random/P0.7N4L45M100T100-3.mltl,0.01,9344.8,unsat
/home/michele/mltlsat/Benchmarks/random/P0.7N4L45M100T100-4.mltl,0.0,7805.6,sat
/home/michele/mltlsat/Benchmarks/random/P0.7N4L45M100T100-5.mltl,-1,-1,TO
/home/michele/mltlsat/Benchmarks/random/P0.7N4L45M100T100-6.mltl,-1,-1,TO
/home/michele/mltlsat/Benchmarks/random/P0.7N4L45M100T100-7.mltl,0.0,7819.2,sat
/home/michele/mltlsat/Benchmarks/random/P0.7N4L45M100T100-8.mltl,0.0,7804.8,sat
/home/michele/mltlsat/Benchmarks/random/P0.7N4L45M100T100-9.mltl,20.73,65269.6,sat
/home/michele/mltlsat/Benchmarks/random/P0.7N4L50M100T100-10.mltl,0.0,7809.6,sat
/home/michele/mltlsat/Benchmarks/random/P0.7N4L50M100T100-1.mltl,0.0,7808.8,unsat
/home/michele/mltlsat/Benchmarks/random/P0.7N4L50M100T100-2.mltl,0.0,7803.2,sat
/home/michele/mltlsat/Benchmarks/random/P0.7N4L50M100T100-3.mltl,0.06,12408.8,sat
/home/michele/mltlsat/Benchmarks/random/P0.7N4L50M100T100-4.mltl,0.0,7826.4,sat
/home/michele/mltlsat/Benchmarks/random/P0.7N4L50M100T100-5.mltl,0.0,7804.8,sat
/home/michele/mltlsat/Benchmarks/random/P0.7N4L50M100T100-6.mltl,1.294,52356,sat
/home/michele/mltlsat/Benchmarks/random/P0.7N4L50M100T100-7.mltl,0.0,9326.4,sat
/home/michele/mltlsat/Benchmarks/random/P0.7N4L50M100T100-8.mltl,-1,-1,TO
/home/michele/mltlsat/Benchmarks/random/P0.7N4L50M100T100-9.mltl,0.0,7783.2,sat
/home/michele/mltlsat/Benchmarks/random/P0.7N4L55M100T100-10.mltl,0.0,9343.2,sat
/home/michele/mltlsat/Benchmarks/random/P0.7N4L55M100T100-1.mltl,0.0,7780.8,sat
/home/michele/mltlsat/Benchmarks/random/P0.7N4L55M100T100-2.mltl,0.0,7804.8,sat
/home/michele/mltlsat/Benchmarks/random/P0.7N4L55M100T100-3.mltl,0.0,7788.8,sat
/home/michele/mltlsat/Benchmarks/random/P0.7N4L55M100T100-4.mltl,0.06,26226.4,sat
/home/michele/mltlsat/Benchmarks/random/P0.7N4L55M100T100-5.mltl,0.02,15465.6,sat
/home/michele/mltlsat/Benchmarks/random/P0.7N4L55M100T100-6.mltl,0.628,32365.6,sat
/home/michele/mltlsat/Benchmarks/random/P0.7N4L55M100T100-7.mltl,0.01,12400.8,sat
/home/michele/mltlsat/Benchmarks/random/P0.7N4L55M100T100-8.mltl,0.58,30841.6,sat
/home/michele/mltlsat/Benchmarks/random/P0.7N4L55M100T100-9.mltl,0.0,7784.8,sat
/home/michele/mltlsat/Benchmarks/random/P0.7N4L5M100T100-10.mltl,0.0,7823.2,sat
/home/michele/mltlsat/Benchmarks/random/P0.7N4L5M100T100-1.mltl,0.0,7802.4,sat
/home/michele/mltlsat/Benchmarks/random/P0.7N4L5M100T100-2.mltl,0.0,7799.2,sat
/home/michele/mltlsat/Benchmarks/random/P0.7N4L5M100T100-3.mltl,0.0,7794.4,sat
/home/michele/mltlsat/Benchmarks/random/P0.7N4L5M100T100-4.mltl,0.0,7804,sat
/home/michele/mltlsat/Benchmarks/random/P0.7N4L5M100T100-5.mltl,0.0,7799.2,sat
/home/michele/mltlsat/Benchmarks/random/P0.7N4L5M100T100-6.mltl,0.0,7815.2,sat
/home/michele/mltlsat/Benchmarks/random/P0.7N4L5M100T100-7.mltl,0.0,7789.6,sat
/home/michele/mltlsat/Benchmarks/random/P0.7N4L5M100T100-8.mltl,0.0,7797.6,sat
/home/michele/mltlsat/Benchmarks/random/P0.7N4L5M100T100-9.mltl,0.0,7793.6,sat
/home/michele/mltlsat/Benchmarks/random/P0.7N4L60M100T100-10.mltl,0.12,23158.4,sat
/home/michele/mltlsat/Benchmarks/random/P0.7N4L60M100T100-1.mltl,-1,-1,TO
/home/michele/mltlsat/Benchmarks/random/P0.7N4L60M100T100-2.mltl,0.31,55428,sat
/home/michele/mltlsat/Benchmarks/random/P0.7N4L60M100T100-3.mltl,0.0,7782.4,unsat
/home/michele/mltlsat/Benchmarks/random/P0.7N4L60M100T100-4.mltl,-1,-1,TO
/home/michele/mltlsat/Benchmarks/random/P0.7N4L60M100T100-5.mltl,0.01,12401.6,sat
/home/michele/mltlsat/Benchmarks/random/P0.7N4L60M100T100-6.mltl,0.0,7817.6,sat
/home/michele/mltlsat/Benchmarks/random/P0.7N4L60M100T100-7.mltl,0.0,7797.6,sat
/home/michele/mltlsat/Benchmarks/random/P0.7N4L60M100T100-8.mltl,3.192,20072.8,sat
/home/michele/mltlsat/Benchmarks/random/P0.7N4L60M100T100-9.mltl,0.258,17040.8,sat
/home/michele/mltlsat/Benchmarks/random/P0.7N4L65M100T100-10.mltl,0.0,7803.2,sat
/home/michele/mltlsat/Benchmarks/random/P0.7N4L65M100T100-1.mltl,0.0,7795.2,sat
/home/michele/mltlsat/Benchmarks/random/P0.7N4L65M100T100-2.mltl,0.0,7800,sat
/home/michele/mltlsat/Benchmarks/random/P0.7N4L65M100T100-3.mltl,0.0,7779.2,sat
/home/michele/mltlsat/Benchmarks/random/P0.7N4L65M100T100-4.mltl,0.01,10864.8,sat
/home/michele/mltlsat/Benchmarks/random/P0.7N4L65M100T100-5.mltl,4.704,53564.8,sat
/home/michele/mltlsat/Benchmarks/random/P0.7N4L65M100T100-6.mltl,0.01,10841.6,sat
/home/michele/mltlsat/Benchmarks/random/P0.7N4L65M100T100-7.mltl,0.088,41608.8,sat
/home/michele/mltlsat/Benchmarks/random/P0.7N4L65M100T100-8.mltl,0.0,7785.6,sat
/home/michele/mltlsat/Benchmarks/random/P0.7N4L65M100T100-9.mltl,-1,-1,TO
/home/michele/mltlsat/Benchmarks/random/P0.7N4L70M100T100-10.mltl,0.0,9339.2,sat
/home/michele/mltlsat/Benchmarks/random/P0.7N4L70M100T100-1.mltl,0.0,7504.8,sat
/home/michele/mltlsat/Benchmarks/random/P0.7N4L70M100T100-2.mltl,0.0,7785.6,sat
/home/michele/mltlsat/Benchmarks/random/P0.7N4L70M100T100-3.mltl,0.0,7804,sat
/home/michele/mltlsat/Benchmarks/random/P0.7N4L70M100T100-4.mltl,0.0,7824,sat
/home/michele/mltlsat/Benchmarks/random/P0.7N4L70M100T100-5.mltl,0.0,7784,sat
/home/michele/mltlsat/Benchmarks/random/P0.7N4L70M100T100-6.mltl,0.0,10882.4,sat
/home/michele/mltlsat/Benchmarks/random/P0.7N4L70M100T100-7.mltl,0.0,7808,sat
/home/michele/mltlsat/Benchmarks/random/P0.7N4L70M100T100-8.mltl,0.0,7790.4,sat
/home/michele/mltlsat/Benchmarks/random/P0.7N4L70M100T100-9.mltl,0.01,10874.4,sat
/home/michele/mltlsat/Benchmarks/random/P0.7N4L75M100T100-10.mltl,0.06,33630.4,sat
/home/michele/mltlsat/Benchmarks/random/P0.7N4L75M100T100-1.mltl,0.006,10877.6,sat
/home/michele/mltlsat/Benchmarks/random/P0.7N4L75M100T100-2.mltl,-1,-1,TO
/home/michele/mltlsat/Benchmarks/random/P0.7N4L75M100T100-3.mltl,-1,-1,TO
/home/michele/mltlsat/Benchmarks/random/P0.7N4L75M100T100-4.mltl,0.0,7796,sat
/home/michele/mltlsat/Benchmarks/random/P0.7N4L75M100T100-5.mltl,0.01,10853.6,sat
/home/michele/mltlsat/Benchmarks/random/P0.7N4L75M100T100-6.mltl,0.0,9330.4,sat
/home/michele/mltlsat/Benchmarks/random/P0.7N4L75M100T100-7.mltl,0.02,10860.8,sat
/home/michele/mltlsat/Benchmarks/random/P0.7N4L75M100T100-8.mltl,0.01,13960.8,sat
/home/michele/mltlsat/Benchmarks/random/P0.7N4L75M100T100-9.mltl,0.0,7800.8,sat
/home/michele/mltlsat/Benchmarks/random/P0.7N4L80M100T100-10.mltl,0.0,7828,sat
/home/michele/mltlsat/Benchmarks/random/P0.7N4L80M100T100-1.mltl,0.0,7800.8,sat
/home/michele/mltlsat/Benchmarks/random/P0.7N4L80M100T100-2.mltl,0.032,18224,sat
/home/michele/mltlsat/Benchmarks/random/P0.7N4L80M100T100-3.mltl,-1,-1,TO
/home/michele/mltlsat/Benchmarks/random/P0.7N4L80M100T100-4.mltl,0.0,7796.8,sat
/home/michele/mltlsat/Benchmarks/random/P0.7N4L80M100T100-5.mltl,0.586,61264.8,sat
/home/michele/mltlsat/Benchmarks/random/P0.7N4L80M100T100-6.mltl,0.0,7810.4,sat
/home/michele/mltlsat/Benchmarks/random/P0.7N4L80M100T100-7.mltl,0.346,23157.6,sat
/home/michele/mltlsat/Benchmarks/random/P0.7N4L80M100T100-8.mltl,0.0,7815.2,sat
/home/michele/mltlsat/Benchmarks/random/P0.7N4L80M100T100-9.mltl,0.014,10868,sat
/home/michele/mltlsat/Benchmarks/random/P0.7N4L85M100T100-10.mltl,-1,-1,TO
/home/michele/mltlsat/Benchmarks/random/P0.7N4L85M100T100-1.mltl,-1,-1,TO
/home/michele/mltlsat/Benchmarks/random/P0.7N4L85M100T100-2.mltl,0.194,36962.4,sat
/home/michele/mltlsat/Benchmarks/random/P0.7N4L85M100T100-3.mltl,0.01,10838.4,sat
/home/michele/mltlsat/Benchmarks/random/P0.7N4L85M100T100-4.mltl,-1,-1,TO
/home/michele/mltlsat/Benchmarks/random/P0.7N4L85M100T100-5.mltl,0.0,7779.2,sat
/home/michele/mltlsat/Benchmarks/random/P0.7N4L85M100T100-6.mltl,0.0,7800.8,sat
/home/michele/mltlsat/Benchmarks/random/P0.7N4L85M100T100-7.mltl,0.0,7820,sat
/home/michele/mltlsat/Benchmarks/random/P0.7N4L85M100T100-8.mltl,-1,-1,TO
/home/michele/mltlsat/Benchmarks/random/P0.7N4L85M100T100-9.mltl,0.0,7809.6,sat
/home/michele/mltlsat/Benchmarks/random/P0.7N4L90M100T100-10.mltl,0.0,7779.2,sat
/home/michele/mltlsat/Benchmarks/random/P0.7N4L90M100T100-1.mltl,0.032,10891.2,sat
/home/michele/mltlsat/Benchmarks/random/P0.7N4L90M100T100-2.mltl,0.02,18548.8,sat
/home/michele/mltlsat/Benchmarks/random/P0.7N4L90M100T100-3.mltl,0.0,9370.4,sat
/home/michele/mltlsat/Benchmarks/random/P0.7N4L90M100T100-4.mltl,-1,-1,TO
/home/michele/mltlsat/Benchmarks/random/P0.7N4L90M100T100-5.mltl,-1,-1,TO
/home/michele/mltlsat/Benchmarks/random/P0.7N4L90M100T100-6.mltl,-1,-1,TO
/home/michele/mltlsat/Benchmarks/random/P0.7N4L90M100T100-7.mltl,0.138,53880.8,sat
/home/michele/mltlsat/Benchmarks/random/P0.7N4L90M100T100-8.mltl,-1,-1,TO
/home/michele/mltlsat/Benchmarks/random/P0.7N4L90M100T100-9.mltl,-1,-1,TO
/home/michele/mltlsat/Benchmarks/random/P0.7N4L95M100T100-10.mltl,0.0,7788,sat
/home/michele/mltlsat/Benchmarks/random/P0.7N4L95M100T100-1.mltl,-1,-1,TO
/home/michele/mltlsat/Benchmarks/random/P0.7N4L95M100T100-2.mltl,-1,-1,TO
/home/michele/mltlsat/Benchmarks/random/P0.7N4L95M100T100-3.mltl,-1,-1,TO
/home/michele/mltlsat/Benchmarks/random/P0.7N4L95M100T100-4.mltl,0.35,18574.4,sat
/home/michele/mltlsat/Benchmarks/random/P0.7N4L95M100T100-5.mltl,0.0,7808,sat
/home/michele/mltlsat/Benchmarks/random/P0.7N4L95M100T100-6.mltl,0.10200000000000001,21652,sat
/home/michele/mltlsat/Benchmarks/random/P0.7N4L95M100T100-7.mltl,0.0,7793.6,sat
/home/michele/mltlsat/Benchmarks/random/P0.7N4L95M100T100-8.mltl,0.0,7776.8,unsat
/home/michele/mltlsat/Benchmarks/random/P0.7N4L95M100T100-9.mltl,0.0,7788,sat
/home/michele/mltlsat/Benchmarks/random/P0.7N5L100M100T100-10.mltl,-1,-1,TO
/home/michele/mltlsat/Benchmarks/random/P0.7N5L100M100T100-1.mltl,13.162,21597.6,sat
/home/michele/mltlsat/Benchmarks/random/P0.7N5L100M100T100-2.mltl,0.01,7789.6,sat
/home/michele/mltlsat/Benchmarks/random/P0.7N5L100M100T100-3.mltl,0.0,7809.6,sat
/home/michele/mltlsat/Benchmarks/random/P0.7N5L100M100T100-4.mltl,0.02,17012,sat
/home/michele/mltlsat/Benchmarks/random/P0.7N5L100M100T100-5.mltl,0.052000000000000005,14862.4,sat
/home/michele/mltlsat/Benchmarks/random/P0.7N5L100M100T100-6.mltl,0.01,10876.8,sat
/home/michele/mltlsat/Benchmarks/random/P0.7N5L100M100T100-7.mltl,35.054,5345415.2,sat
/home/michele/mltlsat/Benchmarks/random/P0.7N5L100M100T100-8.mltl,0.252,60019.2,sat
/home/michele/mltlsat/Benchmarks/random/P0.7N5L100M100T100-9.mltl,-1,-1,TO
/home/michele/mltlsat/Benchmarks/random/P0.7N5L10M100T100-10.mltl,0.0,7794.4,sat
/home/michele/mltlsat/Benchmarks/random/P0.7N5L10M100T100-1.mltl,0.0,7795.2,sat
/home/michele/mltlsat/Benchmarks/random/P0.7N5L10M100T100-2.mltl,0.0,7802.4,sat
/home/michele/mltlsat/Benchmarks/random/P0.7N5L10M100T100-3.mltl,0.0,7805.6,sat
/home/michele/mltlsat/Benchmarks/random/P0.7N5L10M100T100-4.mltl,0.0,7820.8,sat
/home/michele/mltlsat/Benchmarks/random/P0.7N5L10M100T100-5.mltl,0.0,7803.2,sat
/home/michele/mltlsat/Benchmarks/random/P0.7N5L10M100T100-6.mltl,0.0,7803.2,sat
/home/michele/mltlsat/Benchmarks/random/P0.7N5L10M100T100-7.mltl,0.0,7787.2,sat
/home/michele/mltlsat/Benchmarks/random/P0.7N5L10M100T100-8.mltl,0.0,7794.4,sat
/home/michele/mltlsat/Benchmarks/random/P0.7N5L10M100T100-9.mltl,0.0,7800.8,sat
/home/michele/mltlsat/Benchmarks/random/P0.7N5L15M100T100-10.mltl,0.0,7800.8,sat
/home/michele/mltlsat/Benchmarks/random/P0.7N5L15M100T100-1.mltl,0.0,7781.6,sat
/home/michele/mltlsat/Benchmarks/random/P0.7N5L15M100T100-2.mltl,0.02,9338.4,sat
/home/michele/mltlsat/Benchmarks/random/P0.7N5L15M100T100-3.mltl,0.0,7778.4,sat
/home/michele/mltlsat/Benchmarks/random/P0.7N5L15M100T100-4.mltl,0.01,9348.8,sat
/home/michele/mltlsat/Benchmarks/random/P0.7N5L15M100T100-5.mltl,0.0,7786.4,sat
/home/michele/mltlsat/Benchmarks/random/P0.7N5L15M100T100-6.mltl,0.0,7804.8,sat
/home/michele/mltlsat/Benchmarks/random/P0.7N5L15M100T100-7.mltl,0.0,7796,sat
/home/michele/mltlsat/Benchmarks/random/P0.7N5L15M100T100-8.mltl,0.0,7774.4,sat
/home/michele/mltlsat/Benchmarks/random/P0.7N5L15M100T100-9.mltl,0.0,7801.6,sat
/home/michele/mltlsat/Benchmarks/random/P0.7N5L20M100T100-10.mltl,0.0,7826.4,sat
/home/michele/mltlsat/Benchmarks/random/P0.7N5L20M100T100-1.mltl,0.0,7810.4,sat
/home/michele/mltlsat/Benchmarks/random/P0.7N5L20M100T100-2.mltl,0.0,7794.4,sat
/home/michele/mltlsat/Benchmarks/random/P0.7N5L20M100T100-3.mltl,0.0,7798.4,sat
/home/michele/mltlsat/Benchmarks/random/P0.7N5L20M100T100-4.mltl,0.0,7788.8,sat
/home/michele/mltlsat/Benchmarks/random/P0.7N5L20M100T100-5.mltl,0.0,7804.8,sat
/home/michele/mltlsat/Benchmarks/random/P0.7N5L20M100T100-6.mltl,0.0,7809.6,sat
/home/michele/mltlsat/Benchmarks/random/P0.7N5L20M100T100-7.mltl,0.0,7791.2,sat
/home/michele/mltlsat/Benchmarks/random/P0.7N5L20M100T100-8.mltl,0.0,7810.4,sat
/home/michele/mltlsat/Benchmarks/random/P0.7N5L20M100T100-9.mltl,-1,-1,TO
/home/michele/mltlsat/Benchmarks/random/P0.7N5L25M100T100-10.mltl,0.0,7808.8,sat
/home/michele/mltlsat/Benchmarks/random/P0.7N5L25M100T100-1.mltl,0.0,7796,sat
/home/michele/mltlsat/Benchmarks/random/P0.7N5L25M100T100-2.mltl,0.0,7808.8,sat
/home/michele/mltlsat/Benchmarks/random/P0.7N5L25M100T100-3.mltl,0.0,7788.8,sat
/home/michele/mltlsat/Benchmarks/random/P0.7N5L25M100T100-4.mltl,0.152,21609.6,sat
/home/michele/mltlsat/Benchmarks/random/P0.7N5L25M100T100-5.mltl,0.0,7790.4,sat
/home/michele/mltlsat/Benchmarks/random/P0.7N5L25M100T100-6.mltl,0.0,9335.2,sat
/home/michele/mltlsat/Benchmarks/random/P0.7N5L25M100T100-7.mltl,0.0,7824.8,sat
/home/michele/mltlsat/Benchmarks/random/P0.7N5L25M100T100-8.mltl,0.0,7797.6,sat
/home/michele/mltlsat/Benchmarks/random/P0.7N5L25M100T100-9.mltl,0.0,7800.8,sat
/home/michele/mltlsat/Benchmarks/random/P0.7N5L30M100T100-10.mltl,0.02,9330.4,sat
/home/michele/mltlsat/Benchmarks/random/P0.7N5L30M100T100-1.mltl,0.15,33912.8,sat
/home/michele/mltlsat/Benchmarks/random/P0.7N5L30M100T100-2.mltl,0.0,9327.2,sat
/home/michele/mltlsat/Benchmarks/random/P0.7N5L30M100T100-3.mltl,0.0,7796,sat
/home/michele/mltlsat/Benchmarks/random/P0.7N5L30M100T100-4.mltl,0.0,7784.8,sat
/home/michele/mltlsat/Benchmarks/random/P0.7N5L30M100T100-5.mltl,0.0,7789.6,sat
/home/michele/mltlsat/Benchmarks/random/P0.7N5L30M100T100-6.mltl,0.02,9332,sat
/home/michele/mltlsat/Benchmarks/random/P0.7N5L30M100T100-7.mltl,1.692,10872,sat
/home/michele/mltlsat/Benchmarks/random/P0.7N5L30M100T100-8.mltl,0.008,10872.8,sat
/home/michele/mltlsat/Benchmarks/random/P0.7N5L30M100T100-9.mltl,-1,-1,TO
/home/michele/mltlsat/Benchmarks/random/P0.7N5L35M100T100-10.mltl,0.0,7787.2,sat
/home/michele/mltlsat/Benchmarks/random/P0.7N5L35M100T100-1.mltl,0.01,9351.2,sat
/home/michele/mltlsat/Benchmarks/random/P0.7N5L35M100T100-2.mltl,-1,-1,TO
/home/michele/mltlsat/Benchmarks/random/P0.7N5L35M100T100-3.mltl,0.02,18532,sat
/home/michele/mltlsat/Benchmarks/random/P0.7N5L35M100T100-4.mltl,0.0,7785.6,sat
/home/michele/mltlsat/Benchmarks/random/P0.7N5L35M100T100-5.mltl,0.002,10851.2,sat
/home/michele/mltlsat/Benchmarks/random/P0.7N5L35M100T100-6.mltl,0.0,7785.6,sat
/home/michele/mltlsat/Benchmarks/random/P0.7N5L35M100T100-7.mltl,0.0,7787.2,sat
/home/michele/mltlsat/Benchmarks/random/P0.7N5L35M100T100-8.mltl,0.0,7806.4,sat
/home/michele/mltlsat/Benchmarks/random/P0.7N5L35M100T100-9.mltl,0.0,7809.6,sat
/home/michele/mltlsat/Benchmarks/random/P0.7N5L40M100T100-10.mltl,0.02,16998.4,sat
/home/michele/mltlsat/Benchmarks/random/P0.7N5L40M100T100-1.mltl,0.0,9328.8,sat
/home/michele/mltlsat/Benchmarks/random/P0.7N5L40M100T100-2.mltl,0.0,7808,sat
/home/michele/mltlsat/Benchmarks/random/P0.7N5L40M100T100-3.mltl,-1,-1,TO
/home/michele/mltlsat/Benchmarks/random/P0.7N5L40M100T100-4.mltl,-1,-1,TO
/home/michele/mltlsat/Benchmarks/random/P0.7N5L40M100T100-5.mltl,0.018000000000000002,10848.8,sat
/home/michele/mltlsat/Benchmarks/random/P0.7N5L40M100T100-6.mltl,0.0,7793.6,sat
/home/michele/mltlsat/Benchmarks/random/P0.7N5L40M100T100-7.mltl,0.0,7794.4,sat
/home/michele/mltlsat/Benchmarks/random/P0.7N5L40M100T100-8.mltl,0.0,7800,sat
/home/michele/mltlsat/Benchmarks/random/P0.7N5L40M100T100-9.mltl,0.0,7807.2,sat
/home/michele/mltlsat/Benchmarks/random/P0.7N5L45M100T100-10.mltl,-1,-1,TO
/home/michele/mltlsat/Benchmarks/random/P0.7N5L45M100T100-1.mltl,-1,-1,TO
/home/michele/mltlsat/Benchmarks/random/P0.7N5L45M100T100-2.mltl,2.7520000000000002,75376,sat
/home/michele/mltlsat/Benchmarks/random/P0.7N5L45M100T100-3.mltl,0.0,7779.2,sat
/home/michele/mltlsat/Benchmarks/random/P0.7N5L45M100T100-4.mltl,4.242,48340,sat
/home/michele/mltlsat/Benchmarks/random/P0.7N5L45M100T100-5.mltl,0.02,18244.8,sat
/home/michele/mltlsat/Benchmarks/random/P0.7N5L45M100T100-6.mltl,0.04,13339.2,sat
/home/michele/mltlsat/Benchmarks/random/P0.7N5L45M100T100-7.mltl,0.0,7790.4,sat
/home/michele/mltlsat/Benchmarks/random/P0.7N5L45M100T100-8.mltl,0.0,7802.4,sat
/home/michele/mltlsat/Benchmarks/random/P0.7N5L45M100T100-9.mltl,0.0,7776.8,sat
/home/michele/mltlsat/Benchmarks/random/P0.7N5L50M100T100-10.mltl,0.0,9342.4,sat
/home/michele/mltlsat/Benchmarks/random/P0.7N5L50M100T100-1.mltl,0.0,7794.4,sat
/home/michele/mltlsat/Benchmarks/random/P0.7N5L50M100T100-2.mltl,0.0,7809.6,sat
/home/michele/mltlsat/Benchmarks/random/P0.7N5L50M100T100-3.mltl,0.0,7804.8,sat
/home/michele/mltlsat/Benchmarks/random/P0.7N5L50M100T100-4.mltl,0.0,7800,sat
/home/michele/mltlsat/Benchmarks/random/P0.7N5L50M100T100-5.mltl,0.0,7820.8,sat
/home/michele/mltlsat/Benchmarks/random/P0.7N5L50M100T100-6.mltl,0.05,26234.4,sat
/home/michele/mltlsat/Benchmarks/random/P0.7N5L50M100T100-7.mltl,1.212,99645.6,sat
/home/michele/mltlsat/Benchmarks/random/P0.7N5L50M100T100-8.mltl,0.0,7777.6,sat
/home/michele/mltlsat/Benchmarks/random/P0.7N5L50M100T100-9.mltl,0.752,35458.4,sat
/home/michele/mltlsat/Benchmarks/random/P0.7N5L55M100T100-10.mltl,0.0,7830.4,sat
/home/michele/mltlsat/Benchmarks/random/P0.7N5L55M100T100-1.mltl,0.0,7816,sat
/home/michele/mltlsat/Benchmarks/random/P0.7N5L55M100T100-2.mltl,0.0,7800.8,sat
/home/michele/mltlsat/Benchmarks/random/P0.7N5L55M100T100-3.mltl,0.0,10858.4,sat
/home/michele/mltlsat/Benchmarks/random/P0.7N5L55M100T100-4.mltl,-1,-1,TO
/home/michele/mltlsat/Benchmarks/random/P0.7N5L55M100T100-5.mltl,0.0,7798.4,sat
/home/michele/mltlsat/Benchmarks/random/P0.7N5L55M100T100-6.mltl,0.0,7800.8,sat
/home/michele/mltlsat/Benchmarks/random/P0.7N5L55M100T100-7.mltl,0.18,29290.4,sat
/home/michele/mltlsat/Benchmarks/random/P0.7N5L55M100T100-8.mltl,0.066,13932.8,sat
/home/michele/mltlsat/Benchmarks/random/P0.7N5L55M100T100-9.mltl,0.0,7819.2,sat
/home/michele/mltlsat/Benchmarks/random/P0.7N5L5M100T100-10.mltl,0.0,7795.2,sat
/home/michele/mltlsat/Benchmarks/random/P0.7N5L5M100T100-1.mltl,0.0,7799.2,sat
/home/michele/mltlsat/Benchmarks/random/P0.7N5L5M100T100-2.mltl,0.0,7786.4,sat
/home/michele/mltlsat/Benchmarks/random/P0.7N5L5M100T100-3.mltl,0.0,7788,sat
/home/michele/mltlsat/Benchmarks/random/P0.7N5L5M100T100-4.mltl,0.0,7798.4,sat
/home/michele/mltlsat/Benchmarks/random/P0.7N5L5M100T100-5.mltl,0.0,7785.6,sat
/home/michele/mltlsat/Benchmarks/random/P0.7N5L5M100T100-6.mltl,0.0,7796.8,sat
/home/michele/mltlsat/Benchmarks/random/P0.7N5L5M100T100-7.mltl,0.0,7794.4,sat
/home/michele/mltlsat/Benchmarks/random/P0.7N5L5M100T100-8.mltl,0.0,7778.4,sat
/home/michele/mltlsat/Benchmarks/random/P0.7N5L5M100T100-9.mltl,0.0,7810.4,sat
/home/michele/mltlsat/Benchmarks/random/P0.7N5L60M100T100-10.mltl,2.09,182581.6,sat
/home/michele/mltlsat/Benchmarks/random/P0.7N5L60M100T100-1.mltl,0.0,7798.4,sat
/home/michele/mltlsat/Benchmarks/random/P0.7N5L60M100T100-2.mltl,9.546,16703.2,sat
/home/michele/mltlsat/Benchmarks/random/P0.7N5L60M100T100-3.mltl,0.06,15495.2,sat
/home/michele/mltlsat/Benchmarks/random/P0.7N5L60M100T100-4.mltl,56.128,45258.4,sat
/home/michele/mltlsat/Benchmarks/random/P0.7N5L60M100T100-5.mltl,-1,-1,TO
/home/michele/mltlsat/Benchmarks/random/P0.7N5L60M100T100-6.mltl,0.0,9356,sat
/home/michele/mltlsat/Benchmarks/random/P0.7N5L60M100T100-7.mltl,0.11,47712.8,sat
/home/michele/mltlsat/Benchmarks/random/P0.7N5L60M100T100-8.mltl,0.0,7812.8,sat
/home/michele/mltlsat/Benchmarks/random/P0.7N5L60M100T100-9.mltl,0.0,7816,sat
/home/michele/mltlsat/Benchmarks/random/P0.7N5L65M100T100-10.mltl,0.0,7824,sat
/home/michele/mltlsat/Benchmarks/random/P0.7N5L65M100T100-1.mltl,0.0,7791.2,sat
/home/michele/mltlsat/Benchmarks/random/P0.7N5L65M100T100-2.mltl,0.0,7788.8,sat
/home/michele/mltlsat/Benchmarks/random/P0.7N5L65M100T100-3.mltl,0.0,7801.6,sat
/home/michele/mltlsat/Benchmarks/random/P0.7N5L65M100T100-4.mltl,0.082,12406.4,sat
/home/michele/mltlsat/Benchmarks/random/P0.7N5L65M100T100-5.mltl,-1,-1,TO
/home/michele/mltlsat/Benchmarks/random/P0.7N5L65M100T100-6.mltl,0.06,20116.8,sat
/home/michele/mltlsat/Benchmarks/random/P0.7N5L65M100T100-7.mltl,0.01,12419.2,sat
/home/michele/mltlsat/Benchmarks/random/P0.7N5L65M100T100-8.mltl,0.0,7798.4,sat
/home/michele/mltlsat/Benchmarks/random/P0.7N5L65M100T100-9.mltl,0.0,9327.2,sat
/home/michele/mltlsat/Benchmarks/random/P0.7N5L70M100T100-10.mltl,0.0,7799.2,sat
/home/michele/mltlsat/Benchmarks/random/P0.7N5L70M100T100-1.mltl,0.0,9351.2,sat
/home/michele/mltlsat/Benchmarks/random/P0.7N5L70M100T100-2.mltl,-1,-1,TO
/home/michele/mltlsat/Benchmarks/random/P0.7N5L70M100T100-3.mltl,0.252,18565.6,sat
/home/michele/mltlsat/Benchmarks/random/P0.7N5L70M100T100-4.mltl,-1,-1,TO
/home/michele/mltlsat/Benchmarks/random/P0.7N5L70M100T100-5.mltl,0.15,32386.4,sat
/home/michele/mltlsat/Benchmarks/random/P0.7N5L70M100T100-6.mltl,0.0,7792.8,sat
/home/michele/mltlsat/Benchmarks/random/P0.7N5L70M100T100-7.mltl,0.0,7796,sat
/home/michele/mltlsat/Benchmarks/random/P0.7N5L70M100T100-8.mltl,0.0,7804.8,sat
/home/michele/mltlsat/Benchmarks/random/P0.7N5L70M100T100-9.mltl,0.0,7808,sat
/home/michele/mltlsat/Benchmarks/random/P0.7N5L75M100T100-10.mltl,-1,-1,TO
/home/michele/mltlsat/Benchmarks/random/P0.7N5L75M100T100-1.mltl,0.0,7792.8,sat
/home/michele/mltlsat/Benchmarks/random/P0.7N5L75M100T100-2.mltl,0.912,30844,sat
/home/michele/mltlsat/Benchmarks/random/P0.7N5L75M100T100-3.mltl,0.03,10859.2,sat
/home/michele/mltlsat/Benchmarks/random/P0.7N5L75M100T100-4.mltl,0.0,7788.8,sat
/home/michele/mltlsat/Benchmarks/random/P0.7N5L75M100T100-5.mltl,0.15,18556,sat
/home/michele/mltlsat/Benchmarks/random/P0.7N5L75M100T100-6.mltl,-1,-1,TO
/home/michele/mltlsat/Benchmarks/random/P0.7N5L75M100T100-7.mltl,0.0,7803.2,sat
/home/michele/mltlsat/Benchmarks/random/P0.7N5L75M100T100-8.mltl,0.0,7796.8,sat
/home/michele/mltlsat/Benchmarks/random/P0.7N5L75M100T100-9.mltl,0.0,7788.8,sat
/home/michele/mltlsat/Benchmarks/random/P0.7N5L80M100T100-10.mltl,0.0,7801.6,sat
/home/michele/mltlsat/Benchmarks/random/P0.7N5L80M100T100-1.mltl,0.0,7761.6,sat
/home/michele/mltlsat/Benchmarks/random/P0.7N5L80M100T100-2.mltl,-1,-1,TO
/home/michele/mltlsat/Benchmarks/random/P0.7N5L80M100T100-3.mltl,0.01,10874.4,sat
/home/michele/mltlsat/Benchmarks/random/P0.7N5L80M100T100-4.mltl,0.0,7792,sat
/home/michele/mltlsat/Benchmarks/random/P0.7N5L80M100T100-5.mltl,0.01,10886.4,sat
/home/michele/mltlsat/Benchmarks/random/P0.7N5L80M100T100-6.mltl,0.244,15490.4,sat
/home/michele/mltlsat/Benchmarks/random/P0.7N5L80M100T100-7.mltl,0.374,40081.6,sat
/home/michele/mltlsat/Benchmarks/random/P0.7N5L80M100T100-8.mltl,0.0,7790.4,sat
/home/michele/mltlsat/Benchmarks/random/P0.7N5L80M100T100-9.mltl,0.0,7802.4,sat
/home/michele/mltlsat/Benchmarks/random/P0.7N5L85M100T100-10.mltl,0.996,447115.2,sat
/home/michele/mltlsat/Benchmarks/random/P0.7N5L85M100T100-1.mltl,0.0,7787.2,sat
/home/michele/mltlsat/Benchmarks/random/P0.7N5L85M100T100-2.mltl,0.01,12421.6,sat
/home/michele/mltlsat/Benchmarks/random/P0.7N5L85M100T100-3.mltl,0.0,7808,sat
/home/michele/mltlsat/Benchmarks/random/P0.7N5L85M100T100-4.mltl,0.0,7830.4,sat
/home/michele/mltlsat/Benchmarks/random/P0.7N5L85M100T100-5.mltl,0.0,7789.6,sat
/home/michele/mltlsat/Benchmarks/random/P0.7N5L85M100T100-6.mltl,-1,-1,TO
/home/michele/mltlsat/Benchmarks/random/P0.7N5L85M100T100-7.mltl,42.044,1007760.8,sat
/home/michele/mltlsat/Benchmarks/random/P0.7N5L85M100T100-8.mltl,0.09,9371.2,sat
/home/michele/mltlsat/Benchmarks/random/P0.7N5L85M100T100-9.mltl,-1,-1,TO
/home/michele/mltlsat/Benchmarks/random/P0.7N5L90M100T100-10.mltl,-1,-1,TO
/home/michele/mltlsat/Benchmarks/random/P0.7N5L90M100T100-1.mltl,-1,-1,TO
/home/michele/mltlsat/Benchmarks/random/P0.7N5L90M100T100-2.mltl,-1,-1,TO
/home/michele/mltlsat/Benchmarks/random/P0.7N5L90M100T100-3.mltl,-1,-1,TO
/home/michele/mltlsat/Benchmarks/random/P0.7N5L90M100T100-4.mltl,16.692,104584.8,sat
/home/michele/mltlsat/Benchmarks/random/P0.7N5L90M100T100-5.mltl,-1,-1,TO
/home/michele/mltlsat/Benchmarks/random/P0.7N5L90M100T100-6.mltl,-1,-1,TO
/home/michele/mltlsat/Benchmarks/random/P0.7N5L90M100T100-7.mltl,86.014,12743.2,sat
/home/michele/mltlsat/Benchmarks/random/P0.7N5L90M100T100-8.mltl,-1,-1,TO
/home/michele/mltlsat/Benchmarks/random/P0.7N5L90M100T100-9.mltl,-1,-1,TO
/home/michele/mltlsat/Benchmarks/random/P0.7N5L95M100T100-10.mltl,0.0,7794.4,sat
/home/michele/mltlsat/Benchmarks/random/P0.7N5L95M100T100-1.mltl,0.0,9325.6,sat
/home/michele/mltlsat/Benchmarks/random/P0.7N5L95M100T100-2.mltl,0.0,7776.8,sat
/home/michele/mltlsat/Benchmarks/random/P0.7N5L95M100T100-3.mltl,0.01,13960.8,sat
/home/michele/mltlsat/Benchmarks/random/P0.7N5L95M100T100-4.mltl,0.0,7800.8,sat
/home/michele/mltlsat/Benchmarks/random/P0.7N5L95M100T100-5.mltl,-1,-1,TO
/home/michele/mltlsat/Benchmarks/random/P0.7N5L95M100T100-6.mltl,0.0,9320.8,sat
/home/michele/mltlsat/Benchmarks/random/P0.7N5L95M100T100-7.mltl,0.0,7796,sat
/home/michele/mltlsat/Benchmarks/random/P0.7N5L95M100T100-8.mltl,-1,-1,TO
/home/michele/mltlsat/Benchmarks/random/P0.7N5L95M100T100-9.mltl,-1,-1,TO
/home/michele/mltlsat/Benchmarks/random/P0.95N1L100M100T100-10.mltl,0.0,7784.8,sat
/home/michele/mltlsat/Benchmarks/random/P0.95N1L100M100T100-1.mltl,0.0,7781.6,sat
/home/michele/mltlsat/Benchmarks/random/P0.95N1L100M100T100-2.mltl,-1,-1,TO
/home/michele/mltlsat/Benchmarks/random/P0.95N1L100M100T100-3.mltl,-1,-1,TO
/home/michele/mltlsat/Benchmarks/random/P0.95N1L100M100T100-4.mltl,7.144,2247292,sat
/home/michele/mltlsat/Benchmarks/random/P0.95N1L100M100T100-5.mltl,-1,-1,TO
/home/michele/mltlsat/Benchmarks/random/P0.95N1L100M100T100-6.mltl,6.25,17005.6,sat
/home/michele/mltlsat/Benchmarks/random/P0.95N1L100M100T100-7.mltl,-1,-1,TO
/home/michele/mltlsat/Benchmarks/random/P0.95N1L100M100T100-8.mltl,-1,-1,TO
/home/michele/mltlsat/Benchmarks/random/P0.95N1L100M100T100-9.mltl,-1,-1,TO
/home/michele/mltlsat/Benchmarks/random/P0.95N1L10M100T100-10.mltl,0.0,9377.6,sat
/home/michele/mltlsat/Benchmarks/random/P0.95N1L10M100T100-1.mltl,0.0,7804,sat
/home/michele/mltlsat/Benchmarks/random/P0.95N1L10M100T100-2.mltl,0.0,7793.6,sat
/home/michele/mltlsat/Benchmarks/random/P0.95N1L10M100T100-3.mltl,0.0,10851.2,sat
/home/michele/mltlsat/Benchmarks/random/P0.95N1L10M100T100-4.mltl,0.028,10862.4,sat
/home/michele/mltlsat/Benchmarks/random/P0.95N1L10M100T100-5.mltl,0.0,7807.2,sat
/home/michele/mltlsat/Benchmarks/random/P0.95N1L10M100T100-6.mltl,0.0,7778.4,sat
/home/michele/mltlsat/Benchmarks/random/P0.95N1L10M100T100-7.mltl,0.0,7783.2,sat
/home/michele/mltlsat/Benchmarks/random/P0.95N1L10M100T100-8.mltl,0.0,7792.8,sat
/home/michele/mltlsat/Benchmarks/random/P0.95N1L10M100T100-9.mltl,0.0,7824.8,sat
/home/michele/mltlsat/Benchmarks/random/P0.95N1L15M100T100-10.mltl,-1,-1,TO
/home/michele/mltlsat/Benchmarks/random/P0.95N1L15M100T100-1.mltl,0.0,7784,sat
/home/michele/mltlsat/Benchmarks/random/P0.95N1L15M100T100-2.mltl,0.0,7777.6,sat
/home/michele/mltlsat/Benchmarks/random/P0.95N1L15M100T100-3.mltl,0.0,7768,sat
/home/michele/mltlsat/Benchmarks/random/P0.95N1L15M100T100-4.mltl,0.0,7780.8,sat
/home/michele/mltlsat/Benchmarks/random/P0.95N1L15M100T100-5.mltl,0.0,7790.4,sat
/home/michele/mltlsat/Benchmarks/random/P0.95N1L15M100T100-6.mltl,0.0,7790.4,sat
/home/michele/mltlsat/Benchmarks/random/P0.95N1L15M100T100-7.mltl,0.0,7763.2,sat
/home/michele/mltlsat/Benchmarks/random/P0.95N1L15M100T100-8.mltl,0.0,7761.6,sat
/home/michele/mltlsat/Benchmarks/random/P0.95N1L15M100T100-9.mltl,0.0,9021.6,sat
/home/michele/mltlsat/Benchmarks/random/P0.95N1L20M100T100-10.mltl,0.0,7781.6,sat
/home/michele/mltlsat/Benchmarks/random/P0.95N1L20M100T100-1.mltl,-1,-1,TO
/home/michele/mltlsat/Benchmarks/random/P0.95N1L20M100T100-2.mltl,0.0,7796.8,sat
/home/michele/mltlsat/Benchmarks/random/P0.95N1L20M100T100-3.mltl,0.01,9336.8,sat
/home/michele/mltlsat/Benchmarks/random/P0.95N1L20M100T100-4.mltl,0.0,7785.6,sat
/home/michele/mltlsat/Benchmarks/random/P0.95N1L20M100T100-5.mltl,0.0,7784.8,sat
/home/michele/mltlsat/Benchmarks/random/P0.95N1L20M100T100-6.mltl,0.34,159546.4,sat
/home/michele/mltlsat/Benchmarks/random/P0.95N1L20M100T100-7.mltl,0.0,7816.8,sat
/home/michele/mltlsat/Benchmarks/random/P0.95N1L20M100T100-8.mltl,0.0,7790.4,sat
/home/michele/mltlsat/Benchmarks/random/P0.95N1L20M100T100-9.mltl,0.0,7796.8,sat
/home/michele/mltlsat/Benchmarks/random/P0.95N1L25M100T100-10.mltl,0.0,7804.8,sat
/home/michele/mltlsat/Benchmarks/random/P0.95N1L25M100T100-1.mltl,-1,-1,TO
/home/michele/mltlsat/Benchmarks/random/P0.95N1L25M100T100-2.mltl,0.0,7781.6,sat
/home/michele/mltlsat/Benchmarks/random/P0.95N1L25M100T100-3.mltl,0.0,7795.2,sat
/home/michele/mltlsat/Benchmarks/random/P0.95N1L25M100T100-4.mltl,0.0,10840,sat
/home/michele/mltlsat/Benchmarks/random/P0.95N1L25M100T100-5.mltl,0.056,12426.4,sat
/home/michele/mltlsat/Benchmarks/random/P0.95N1L25M100T100-6.mltl,0.148,64616,sat
/home/michele/mltlsat/Benchmarks/random/P0.95N1L25M100T100-7.mltl,0.0,9320.8,sat
/home/michele/mltlsat/Benchmarks/random/P0.95N1L25M100T100-8.mltl,0.06,32366.4,sat
/home/michele/mltlsat/Benchmarks/random/P0.95N1L25M100T100-9.mltl,0.04,12416.8,sat
/home/michele/mltlsat/Benchmarks/random/P0.95N1L30M100T100-10.mltl,0.178,17016.8,sat
/home/michele/mltlsat/Benchmarks/random/P0.95N1L30M100T100-1.mltl,2.738,40072,sat
/home/michele/mltlsat/Benchmarks/random/P0.95N1L30M100T100-2.mltl,0.0,7813.6,sat
/home/michele/mltlsat/Benchmarks/random/P0.95N1L30M100T100-3.mltl,0.0,7821.6,sat
/home/michele/mltlsat/Benchmarks/random/P0.95N1L30M100T100-4.mltl,0.682,16997.6,sat
/home/michele/mltlsat/Benchmarks/random/P0.95N1L30M100T100-5.mltl,-1,-1,TO
/home/michele/mltlsat/Benchmarks/random/P0.95N1L30M100T100-6.mltl,-1,-1,TO
/home/michele/mltlsat/Benchmarks/random/P0.95N1L30M100T100-7.mltl,-1,-1,TO
/home/michele/mltlsat/Benchmarks/random/P0.95N1L30M100T100-8.mltl,0.01,9320,sat
/home/michele/mltlsat/Benchmarks/random/P0.95N1L30M100T100-9.mltl,0.0,7811.2,sat
/home/michele/mltlsat/Benchmarks/random/P0.95N1L35M100T100-10.mltl,2.662,19130.4,sat
/home/michele/mltlsat/Benchmarks/random/P0.95N1L35M100T100-1.mltl,0.09,10876,sat
/home/michele/mltlsat/Benchmarks/random/P0.95N1L35M100T100-2.mltl,-1,-1,TO
/home/michele/mltlsat/Benchmarks/random/P0.95N1L35M100T100-3.mltl,3.258,18559.2,sat
/home/michele/mltlsat/Benchmarks/random/P0.95N1L35M100T100-4.mltl,0.0,10897.6,sat
/home/michele/mltlsat/Benchmarks/random/P0.95N1L35M100T100-5.mltl,0.14,15463.2,sat
/home/michele/mltlsat/Benchmarks/random/P0.95N1L35M100T100-6.mltl,-1,-1,TO
/home/michele/mltlsat/Benchmarks/random/P0.95N1L35M100T100-7.mltl,-1,-1,TO
/home/michele/mltlsat/Benchmarks/random/P0.95N1L35M100T100-8.mltl,0.0,7797.6,sat
/home/michele/mltlsat/Benchmarks/random/P0.95N1L35M100T100-9.mltl,0.0,7800.8,sat
/home/michele/mltlsat/Benchmarks/random/P0.95N1L40M100T100-10.mltl,0.0,9323.2,sat
/home/michele/mltlsat/Benchmarks/random/P0.95N1L40M100T100-1.mltl,0.0,7788,unsat
/home/michele/mltlsat/Benchmarks/random/P0.95N1L40M100T100-2.mltl,-1,-1,TO
/home/michele/mltlsat/Benchmarks/random/P0.95N1L40M100T100-3.mltl,-1,-1,TO
/home/michele/mltlsat/Benchmarks/random/P0.95N1L40M100T100-4.mltl,-1,-1,TO
/home/michele/mltlsat/Benchmarks/random/P0.95N1L40M100T100-5.mltl,0.0,7804,sat
/home/michele/mltlsat/Benchmarks/random/P0.95N1L40M100T100-6.mltl,-1,-1,TO
/home/michele/mltlsat/Benchmarks/random/P0.95N1L40M100T100-7.mltl,4.564,52030.4,sat
/home/michele/mltlsat/Benchmarks/random/P0.95N1L40M100T100-8.mltl,50.566,85220.8,sat
/home/michele/mltlsat/Benchmarks/random/P0.95N1L40M100T100-9.mltl,0.02,13932.8,sat
/home/michele/mltlsat/Benchmarks/random/P0.95N1L45M100T100-10.mltl,-1,-1,TO
/home/michele/mltlsat/Benchmarks/random/P0.95N1L45M100T100-1.mltl,12.658,45587.2,sat
/home/michele/mltlsat/Benchmarks/random/P0.95N1L45M100T100-2.mltl,0.69,56654.4,sat
/home/michele/mltlsat/Benchmarks/random/P0.95N1L45M100T100-3.mltl,0.0,7778.4,sat
/home/michele/mltlsat/Benchmarks/random/P0.95N1L45M100T100-4.mltl,-1,-1,TO
/home/michele/mltlsat/Benchmarks/random/P0.95N1L45M100T100-5.mltl,-1,-1,TO
/home/michele/mltlsat/Benchmarks/random/P0.95N1L45M100T100-6.mltl,0.286,116845.6,sat
/home/michele/mltlsat/Benchmarks/random/P0.95N1L45M100T100-7.mltl,0.0,7778.4,sat
/home/michele/mltlsat/Benchmarks/random/P0.95N1L45M100T100-8.mltl,0.06,13948.8,sat
/home/michele/mltlsat/Benchmarks/random/P0.95N1L45M100T100-9.mltl,0.012,15459.2,sat
/home/michele/mltlsat/Benchmarks/random/P0.95N1L50M100T100-10.mltl,-1,-1,TO
/home/michele/mltlsat/Benchmarks/random/P0.95N1L50M100T100-1.mltl,0.0,7810.4,sat
/home/michele/mltlsat/Benchmarks/random/P0.95N1L50M100T100-2.mltl,0.0,9030.4,sat
/home/michele/mltlsat/Benchmarks/random/P0.95N1L50M100T100-3.mltl,0.002,9313.6,sat
/home/michele/mltlsat/Benchmarks/random/P0.95N1L50M100T100-4.mltl,0.0,9330.4,sat
/home/michele/mltlsat/Benchmarks/random/P0.95N1L50M100T100-5.mltl,0.0,7468,sat
/home/michele/mltlsat/Benchmarks/random/P0.95N1L50M100T100-6.mltl,-1,-1,TO
/home/michele/mltlsat/Benchmarks/random/P0.95N1L50M100T100-7.mltl,0.0,7800.8,sat
/home/michele/mltlsat/Benchmarks/random/P0.95N1L50M100T100-8.mltl,0.2,12432.8,sat
/home/michele/mltlsat/Benchmarks/random/P0.95N1L50M100T100-9.mltl,0.08,15474.4,sat
/home/michele/mltlsat/Benchmarks/random/P0.95N1L55M100T100-10.mltl,0.0,9337.6,sat
/home/michele/mltlsat/Benchmarks/random/P0.95N1L55M100T100-1.mltl,0.428,35140.8,sat
/home/michele/mltlsat/Benchmarks/random/P0.95N1L55M100T100-2.mltl,-1,-1,TO
/home/michele/mltlsat/Benchmarks/random/P0.95N1L55M100T100-3.mltl,-1,-1,TO
/home/michele/mltlsat/Benchmarks/random/P0.95N1L55M100T100-4.mltl,-1,-1,TO
/home/michele/mltlsat/Benchmarks/random/P0.95N1L55M100T100-5.mltl,0.0,7815.2,sat
/home/michele/mltlsat/Benchmarks/random/P0.95N1L55M100T100-6.mltl,89.352,172469.6,sat
/home/michele/mltlsat/Benchmarks/random/P0.95N1L55M100T100-7.mltl,-1,-1,TO
/home/michele/mltlsat/Benchmarks/random/P0.95N1L55M100T100-8.mltl,0.374,32412.8,sat
/home/michele/mltlsat/Benchmarks/random/P0.95N1L55M100T100-9.mltl,0.0,7800.8,sat
/home/michele/mltlsat/Benchmarks/random/P0.95N1L5M100T100-10.mltl,0.01,9328,sat
/home/michele/mltlsat/Benchmarks/random/P0.95N1L5M100T100-1.mltl,0.0,7783.2,sat
/home/michele/mltlsat/Benchmarks/random/P0.95N1L5M100T100-2.mltl,0.0,7815.2,sat
/home/michele/mltlsat/Benchmarks/random/P0.95N1L5M100T100-3.mltl,0.0,7803.2,sat
/home/michele/mltlsat/Benchmarks/random/P0.95N1L5M100T100-4.mltl,0.0,7788.8,sat
/home/michele/mltlsat/Benchmarks/random/P0.95N1L5M100T100-5.mltl,0.0,7829.6,sat
/home/michele/mltlsat/Benchmarks/random/P0.95N1L5M100T100-6.mltl,0.0,7824.8,sat
/home/michele/mltlsat/Benchmarks/random/P0.95N1L5M100T100-7.mltl,0.0,7812.8,sat
/home/michele/mltlsat/Benchmarks/random/P0.95N1L5M100T100-8.mltl,0.0,7796,sat
/home/michele/mltlsat/Benchmarks/random/P0.95N1L5M100T100-9.mltl,0.0,7799.2,sat
/home/michele/mltlsat/Benchmarks/random/P0.95N1L60M100T100-10.mltl,32.198,927873.6,sat
/home/michele/mltlsat/Benchmarks/random/P0.95N1L60M100T100-1.mltl,-1,-1,TO
/home/michele/mltlsat/Benchmarks/random/P0.95N1L60M100T100-2.mltl,0.0,7804,sat
/home/michele/mltlsat/Benchmarks/random/P0.95N1L60M100T100-3.mltl,-1,-1,TO
/home/michele/mltlsat/Benchmarks/random/P0.95N1L60M100T100-4.mltl,1.888,27778.4,sat
/home/michele/mltlsat/Benchmarks/random/P0.95N1L60M100T100-5.mltl,-1,-1,TO
/home/michele/mltlsat/Benchmarks/random/P0.95N1L60M100T100-6.mltl,0.414,32358.4,sat
/home/michele/mltlsat/Benchmarks/random/P0.95N1L60M100T100-7.mltl,-1,-1,TO
/home/michele/mltlsat/Benchmarks/random/P0.95N1L60M100T100-8.mltl,-1,-1,TO
/home/michele/mltlsat/Benchmarks/random/P0.95N1L60M100T100-9.mltl,0.01,13936,sat
/home/michele/mltlsat/Benchmarks/random/P0.95N1L65M100T100-10.mltl,0.01,12409.6,sat
/home/michele/mltlsat/Benchmarks/random/P0.95N1L65M100T100-1.mltl,0.0,9036.8,sat
/home/michele/mltlsat/Benchmarks/random/P0.95N1L65M100T100-2.mltl,-1,-1,TO
/home/michele/mltlsat/Benchmarks/random/P0.95N1L65M100T100-3.mltl,-1,-1,TO
/home/michele/mltlsat/Benchmarks/random/P0.95N1L65M100T100-4.mltl,-1,-1,TO
/home/michele/mltlsat/Benchmarks/random/P0.95N1L65M100T100-5.mltl,83.934,35125.6,sat
/home/michele/mltlsat/Benchmarks/random/P0.95N1L65M100T100-6.mltl,0.0,7795.2,sat
/home/michele/mltlsat/Benchmarks/random/P0.95N1L65M100T100-7.mltl,-1,-1,TO
/home/michele/mltlsat/Benchmarks/random/P0.95N1L65M100T100-8.mltl,-1,-1,TO
/home/michele/mltlsat/Benchmarks/random/P0.95N1L65M100T100-9.mltl,-1,-1,TO
/home/michele/mltlsat/Benchmarks/random/P0.95N1L70M100T100-10.mltl,-1,-1,TO
/home/michele/mltlsat/Benchmarks/random/P0.95N1L70M100T100-1.mltl,0.764,32373.6,sat
/home/michele/mltlsat/Benchmarks/random/P0.95N1L70M100T100-2.mltl,-1,-1,TO
/home/michele/mltlsat/Benchmarks/random/P0.95N1L70M100T100-3.mltl,-1,-1,TO
/home/michele/mltlsat/Benchmarks/random/P0.95N1L70M100T100-4.mltl,0.01,12418.4,sat
/home/michele/mltlsat/Benchmarks/random/P0.95N1L70M100T100-5.mltl,-1,-1,TO
/home/michele/mltlsat/Benchmarks/random/P0.95N1L70M100T100-6.mltl,0.0,7809.6,sat
/home/michele/mltlsat/Benchmarks/random/P0.95N1L70M100T100-7.mltl,13.184,493181.6,sat
/home/michele/mltlsat/Benchmarks/random/P0.95N1L70M100T100-8.mltl,0.0,7851.2,sat
/home/michele/mltlsat/Benchmarks/random/P0.95N1L70M100T100-9.mltl,0.0,9350.4,sat
/home/michele/mltlsat/Benchmarks/random/P0.95N1L75M100T100-10.mltl,-1,-1,TO
/home/michele/mltlsat/Benchmarks/random/P0.95N1L75M100T100-1.mltl,-1,-1,TO
/home/michele/mltlsat/Benchmarks/random/P0.95N1L75M100T100-2.mltl,0.0,7784,sat
/home/michele/mltlsat/Benchmarks/random/P0.95N1L75M100T100-3.mltl,0.0,7784,sat
/home/michele/mltlsat/Benchmarks/random/P0.95N1L75M100T100-4.mltl,-1,-1,TO
/home/michele/mltlsat/Benchmarks/random/P0.95N1L75M100T100-5.mltl,58.948,639088,sat
/home/michele/mltlsat/Benchmarks/random/P0.95N1L75M100T100-6.mltl,-1,-1,TO
/home/michele/mltlsat/Benchmarks/random/P0.95N1L75M100T100-7.mltl,-1,-1,TO
/home/michele/mltlsat/Benchmarks/random/P0.95N1L75M100T100-8.mltl,1.624,32384.8,sat
/home/michele/mltlsat/Benchmarks/random/P0.95N1L75M100T100-9.mltl,0.0,7780,sat
/home/michele/mltlsat/Benchmarks/random/P0.95N1L80M100T100-10.mltl,0.07200000000000001,7811.2,sat
/home/michele/mltlsat/Benchmarks/random/P0.95N1L80M100T100-1.mltl,-1,-1,TO
/home/michele/mltlsat/Benchmarks/random/P0.95N1L80M100T100-2.mltl,-1,-1,TO
/home/michele/mltlsat/Benchmarks/random/P0.95N1L80M100T100-3.mltl,-1,-1,TO
/home/michele/mltlsat/Benchmarks/random/P0.95N1L80M100T100-4.mltl,0.01,12413.6,sat
/home/michele/mltlsat/Benchmarks/random/P0.95N1L80M100T100-5.mltl,-1,-1,TO
/home/michele/mltlsat/Benchmarks/random/P0.95N1L80M100T100-6.mltl,-1,-1,TO
/home/michele/mltlsat/Benchmarks/random/P0.95N1L80M100T100-7.mltl,-1,-1,TO
/home/michele/mltlsat/Benchmarks/random/P0.95N1L80M100T100-8.mltl,0.0,7814.4,sat
/home/michele/mltlsat/Benchmarks/random/P0.95N1L80M100T100-9.mltl,-1,-1,TO
/home/michele/mltlsat/Benchmarks/random/P0.95N1L85M100T100-10.mltl,0.01,9019.2,sat
/home/michele/mltlsat/Benchmarks/random/P0.95N1L85M100T100-1.mltl,-1,-1,TO
/home/michele/mltlsat/Benchmarks/random/P0.95N1L85M100T100-2.mltl,-1,-1,TO
/home/michele/mltlsat/Benchmarks/random/P0.95N1L85M100T100-3.mltl,-1,-1,TO
/home/michele/mltlsat/Benchmarks/random/P0.95N1L85M100T100-4.mltl,0.624,18240.8,sat
/home/michele/mltlsat/Benchmarks/random/P0.95N1L85M100T100-5.mltl,0.01,12420,sat
/home/michele/mltlsat/Benchmarks/random/P0.95N1L85M100T100-6.mltl,0.978,18557.6,sat
/home/michele/mltlsat/Benchmarks/random/P0.95N1L85M100T100-7.mltl,0.0,7798.4,sat
/home/michele/mltlsat/Benchmarks/random/P0.95N1L85M100T100-8.mltl,98.542,227734.4,sat
/home/michele/mltlsat/Benchmarks/random/P0.95N1L85M100T100-9.mltl,-1,-1,TO
/home/michele/mltlsat/Benchmarks/random/P0.95N1L90M100T100-10.mltl,18.65,942915.2,sat
/home/michele/mltlsat/Benchmarks/random/P0.95N1L90M100T100-1.mltl,0.0,9317.6,sat
/home/michele/mltlsat/Benchmarks/random/P0.95N1L90M100T100-2.mltl,0.41,30848,sat
/home/michele/mltlsat/Benchmarks/random/P0.95N1L90M100T100-3.mltl,-1,-1,TO
/home/michele/mltlsat/Benchmarks/random/P0.95N1L90M100T100-4.mltl,0.362,33936.8,sat
/home/michele/mltlsat/Benchmarks/random/P0.95N1L90M100T100-5.mltl,0.0,7802.4,sat
/home/michele/mltlsat/Benchmarks/random/P0.95N1L90M100T100-6.mltl,-1,-1,TO
/home/michele/mltlsat/Benchmarks/random/P0.95N1L90M100T100-7.mltl,0.07200000000000001,33918.4,sat
/home/michele/mltlsat/Benchmarks/random/P0.95N1L90M100T100-8.mltl,0.262,20108,sat
/home/michele/mltlsat/Benchmarks/random/P0.95N1L90M100T100-9.mltl,-1,-1,TO
/home/michele/mltlsat/Benchmarks/random/P0.95N1L95M100T100-10.mltl,-1,-1,TO
/home/michele/mltlsat/Benchmarks/random/P0.95N1L95M100T100-1.mltl,-1,-1,TO
/home/michele/mltlsat/Benchmarks/random/P0.95N1L95M100T100-2.mltl,-1,-1,TO
/home/michele/mltlsat/Benchmarks/random/P0.95N1L95M100T100-3.mltl,0.02,15483.2,sat
/home/michele/mltlsat/Benchmarks/random/P0.95N1L95M100T100-4.mltl,0.01,13949.6,sat
/home/michele/mltlsat/Benchmarks/random/P0.95N1L95M100T100-5.mltl,0.01,12405.6,sat
/home/michele/mltlsat/Benchmarks/random/P0.95N1L95M100T100-6.mltl,0.902,27781.6,sat
/home/michele/mltlsat/Benchmarks/random/P0.95N1L95M100T100-7.mltl,-1,-1,TO
/home/michele/mltlsat/Benchmarks/random/P0.95N1L95M100T100-8.mltl,-1,-1,TO
/home/michele/mltlsat/Benchmarks/random/P0.95N1L95M100T100-9.mltl,-1,-1,TO
/home/michele/mltlsat/Benchmarks/random/P0.95N2L100M100T100-10.mltl,-1,-1,TO
/home/michele/mltlsat/Benchmarks/random/P0.95N2L100M100T100-1.mltl,-1,-1,TO
/home/michele/mltlsat/Benchmarks/random/P0.95N2L100M100T100-2.mltl,0.01,9328,sat
/home/michele/mltlsat/Benchmarks/random/P0.95N2L100M100T100-3.mltl,-1,-1,TO
/home/michele/mltlsat/Benchmarks/random/P0.95N2L100M100T100-4.mltl,0.022,18539.2,sat
/home/michele/mltlsat/Benchmarks/random/P0.95N2L100M100T100-5.mltl,2.504,26226.4,sat
/home/michele/mltlsat/Benchmarks/random/P0.95N2L100M100T100-6.mltl,-1,-1,TO
/home/michele/mltlsat/Benchmarks/random/P0.95N2L100M100T100-7.mltl,0.54,52333.6,sat
/home/michele/mltlsat/Benchmarks/random/P0.95N2L100M100T100-8.mltl,0.0,7787.2,sat
/home/michele/mltlsat/Benchmarks/random/P0.95N2L100M100T100-9.mltl,-1,-1,TO
/home/michele/mltlsat/Benchmarks/random/P0.95N2L10M100T100-10.mltl,0.01,10857.6,sat
/home/michele/mltlsat/Benchmarks/random/P0.95N2L10M100T100-1.mltl,0.0,9330.4,sat
/home/michele/mltlsat/Benchmarks/random/P0.95N2L10M100T100-2.mltl,0.0,7790.4,sat
/home/michele/mltlsat/Benchmarks/random/P0.95N2L10M100T100-3.mltl,0.0,7803.2,sat
/home/michele/mltlsat/Benchmarks/random/P0.95N2L10M100T100-4.mltl,0.0,7811.2,sat
/home/michele/mltlsat/Benchmarks/random/P0.95N2L10M100T100-5.mltl,0.0,7791.2,sat
/home/michele/mltlsat/Benchmarks/random/P0.95N2L10M100T100-6.mltl,0.0,7784,sat
/home/michele/mltlsat/Benchmarks/random/P0.95N2L10M100T100-7.mltl,0.0,9346.4,sat
/home/michele/mltlsat/Benchmarks/random/P0.95N2L10M100T100-8.mltl,0.0,7792,sat
/home/michele/mltlsat/Benchmarks/random/P0.95N2L10M100T100-9.mltl,0.0,7799.2,sat
/home/michele/mltlsat/Benchmarks/random/P0.95N2L15M100T100-10.mltl,0.0,7810.4,sat
/home/michele/mltlsat/Benchmarks/random/P0.95N2L15M100T100-1.mltl,0.0,7781.6,sat
/home/michele/mltlsat/Benchmarks/random/P0.95N2L15M100T100-2.mltl,0.0,7799.2,sat
/home/michele/mltlsat/Benchmarks/random/P0.95N2L15M100T100-3.mltl,0.05,10854.4,sat
/home/michele/mltlsat/Benchmarks/random/P0.95N2L15M100T100-4.mltl,0.0,7833.6,sat
/home/michele/mltlsat/Benchmarks/random/P0.95N2L15M100T100-5.mltl,0.004,7783.2,sat
/home/michele/mltlsat/Benchmarks/random/P0.95N2L15M100T100-6.mltl,0.0,9331.2,sat
/home/michele/mltlsat/Benchmarks/random/P0.95N2L15M100T100-7.mltl,0.0,7788,sat
/home/michele/mltlsat/Benchmarks/random/P0.95N2L15M100T100-8.mltl,0.0,7803.2,sat
/home/michele/mltlsat/Benchmarks/random/P0.95N2L15M100T100-9.mltl,0.226,21647.2,sat
/home/michele/mltlsat/Benchmarks/random/P0.95N2L20M100T100-10.mltl,0.0,7798.4,sat
/home/michele/mltlsat/Benchmarks/random/P0.95N2L20M100T100-1.mltl,0.0,7785.6,sat
/home/michele/mltlsat/Benchmarks/random/P0.95N2L20M100T100-2.mltl,0.0,7816.8,sat
/home/michele/mltlsat/Benchmarks/random/P0.95N2L20M100T100-3.mltl,0.0,9332,unsat
/home/michele/mltlsat/Benchmarks/random/P0.95N2L20M100T100-4.mltl,0.1,13949.6,sat
/home/michele/mltlsat/Benchmarks/random/P0.95N2L20M100T100-5.mltl,0.06,12411.2,sat
/home/michele/mltlsat/Benchmarks/random/P0.95N2L20M100T100-6.mltl,0.0,7820,sat
/home/michele/mltlsat/Benchmarks/random/P0.95N2L20M100T100-7.mltl,0.09,13944,sat
/home/michele/mltlsat/Benchmarks/random/P0.95N2L20M100T100-8.mltl,0.0,7808.8,sat
/home/michele/mltlsat/Benchmarks/random/P0.95N2L20M100T100-9.mltl,0.0,7800,sat
/home/michele/mltlsat/Benchmarks/random/P0.95N2L25M100T100-10.mltl,0.0,7808,sat
/home/michele/mltlsat/Benchmarks/random/P0.95N2L25M100T100-1.mltl,0.0,7794.4,sat
/home/michele/mltlsat/Benchmarks/random/P0.95N2L25M100T100-2.mltl,-1,-1,TO
/home/michele/mltlsat/Benchmarks/random/P0.95N2L25M100T100-3.mltl,0.1,20059.2,sat
/home/michele/mltlsat/Benchmarks/random/P0.95N2L25M100T100-4.mltl,-1,-1,TO
/home/michele/mltlsat/Benchmarks/random/P0.95N2L25M100T100-5.mltl,0.252,20089.6,sat
/home/michele/mltlsat/Benchmarks/random/P0.95N2L25M100T100-6.mltl,0.0,7775.2,sat
/home/michele/mltlsat/Benchmarks/random/P0.95N2L25M100T100-7.mltl,0.0,7821.6,sat
/home/michele/mltlsat/Benchmarks/random/P0.95N2L25M100T100-8.mltl,-1,-1,TO
/home/michele/mltlsat/Benchmarks/random/P0.95N2L25M100T100-9.mltl,0.0,7789.6,sat
/home/michele/mltlsat/Benchmarks/random/P0.95N2L30M100T100-10.mltl,0.0,9347.2,sat
/home/michele/mltlsat/Benchmarks/random/P0.95N2L30M100T100-1.mltl,0.062,13930.4,sat
/home/michele/mltlsat/Benchmarks/random/P0.95N2L30M100T100-2.mltl,0.0,7484.8,sat
/home/michele/mltlsat/Benchmarks/random/P0.95N2L30M100T100-3.mltl,-1,-1,TO
/home/michele/mltlsat/Benchmarks/random/P0.95N2L30M100T100-4.mltl,0.0,7798.4,sat
/home/michele/mltlsat/Benchmarks/random/P0.95N2L30M100T100-5.mltl,0.0,7825.6,sat
/home/michele/mltlsat/Benchmarks/random/P0.95N2L30M100T100-6.mltl,0.17,33907.2,sat
/home/michele/mltlsat/Benchmarks/random/P0.95N2L30M100T100-7.mltl,0.0,7790.4,sat
/home/michele/mltlsat/Benchmarks/random/P0.95N2L30M100T100-8.mltl,0.0,9336,sat
/home/michele/mltlsat/Benchmarks/random/P0.95N2L30M100T100-9.mltl,0.008,10867.2,sat
/home/michele/mltlsat/Benchmarks/random/P0.95N2L35M100T100-10.mltl,7.438,2678301.6,sat
/home/michele/mltlsat/Benchmarks/random/P0.95N2L35M100T100-1.mltl,20.088,520820,sat
/home/michele/mltlsat/Benchmarks/random/P0.95N2L35M100T100-2.mltl,2.65,79395.2,sat
/home/michele/mltlsat/Benchmarks/random/P0.95N2L35M100T100-3.mltl,0.0,7804,sat
/home/michele/mltlsat/Benchmarks/random/P0.95N2L35M100T100-4.mltl,2.82,9347.2,sat
/home/michele/mltlsat/Benchmarks/random/P0.95N2L35M100T100-5.mltl,-1,-1,TO
/home/michele/mltlsat/Benchmarks/random/P0.95N2L35M100T100-6.mltl,0.0,7791.2,sat
/home/michele/mltlsat/Benchmarks/random/P0.95N2L35M100T100-7.mltl,-1,-1,TO
/home/michele/mltlsat/Benchmarks/random/P0.95N2L35M100T100-8.mltl,-1,-1,TO
/home/michele/mltlsat/Benchmarks/random/P0.95N2L35M100T100-9.mltl,-1,-1,TO
/home/michele/mltlsat/Benchmarks/random/P0.95N2L40M100T100-10.mltl,0.0,7761.6,sat
/home/michele/mltlsat/Benchmarks/random/P0.95N2L40M100T100-1.mltl,0.0,7806.4,sat
/home/michele/mltlsat/Benchmarks/random/P0.95N2L40M100T100-2.mltl,4.3020000000000005,23149.6,sat
/home/michele/mltlsat/Benchmarks/random/P0.95N2L40M100T100-3.mltl,-1,-1,TO
/home/michele/mltlsat/Benchmarks/random/P0.95N2L40M100T100-4.mltl,-1,-1,TO
/home/michele/mltlsat/Benchmarks/random/P0.95N2L40M100T100-5.mltl,108.252,149412,sat
/home/michele/mltlsat/Benchmarks/random/P0.95N2L40M100T100-6.mltl,0.0,7784.8,sat
/home/michele/mltlsat/Benchmarks/random/P0.95N2L40M100T100-7.mltl,8.466,79380,sat
/home/michele/mltlsat/Benchmarks/random/P0.95N2L40M100T100-8.mltl,0.02,10867.2,sat
/home/michele/mltlsat/Benchmarks/random/P0.95N2L40M100T100-9.mltl,-1,-1,TO
/home/michele/mltlsat/Benchmarks/random/P0.95N2L45M100T100-10.mltl,10.448,148477.6,sat
/home/michele/mltlsat/Benchmarks/random/P0.95N2L45M100T100-1.mltl,0.0,9330.4,sat
/home/michele/mltlsat/Benchmarks/random/P0.95N2L45M100T100-2.mltl,-1,-1,TO
/home/michele/mltlsat/Benchmarks/random/P0.95N2L45M100T100-3.mltl,0.2,36996.8,sat
/home/michele/mltlsat/Benchmarks/random/P0.95N2L45M100T100-4.mltl,0.0,7796,sat
/home/michele/mltlsat/Benchmarks/random/P0.95N2L45M100T100-5.mltl,-1,-1,TO
/home/michele/mltlsat/Benchmarks/random/P0.95N2L45M100T100-6.mltl,-1,-1,TO
/home/michele/mltlsat/Benchmarks/random/P0.95N2L45M100T100-7.mltl,0.092,15478.4,sat
/home/michele/mltlsat/Benchmarks/random/P0.95N2L45M100T100-8.mltl,2.21,26213.6,sat
/home/michele/mltlsat/Benchmarks/random/P0.95N2L45M100T100-9.mltl,0.01,10861.6,sat
/home/michele/mltlsat/Benchmarks/random/P0.95N2L50M100T100-10.mltl,-1,-1,TO
/home/michele/mltlsat/Benchmarks/random/P0.95N2L50M100T100-1.mltl,0.222,26232,sat
/home/michele/mltlsat/Benchmarks/random/P0.95N2L50M100T100-2.mltl,16.356,13671.2,sat
/home/michele/mltlsat/Benchmarks/random/P0.95N2L50M100T100-3.mltl,0.006,10886.4,sat
/home/michele/mltlsat/Benchmarks/random/P0.95N2L50M100T100-4.mltl,0.0,7799.2,sat
/home/michele/mltlsat/Benchmarks/random/P0.95N2L50M100T100-5.mltl,4.984,76320.8,sat
/home/michele/mltlsat/Benchmarks/random/P0.95N2L50M100T100-6.mltl,52.508,13347.2,sat
/home/michele/mltlsat/Benchmarks/random/P0.95N2L50M100T100-7.mltl,0.1,17021.6,sat
/home/michele/mltlsat/Benchmarks/random/P0.95N2L50M100T100-8.mltl,0.15,13922.4,sat
/home/michele/mltlsat/Benchmarks/random/P0.95N2L50M100T100-9.mltl,16.638,37906.4,sat
/home/michele/mltlsat/Benchmarks/random/P0.95N2L55M100T100-10.mltl,0.114,30836.8,sat
/home/michele/mltlsat/Benchmarks/random/P0.95N2L55M100T100-1.mltl,2.376,30516,sat
/home/michele/mltlsat/Benchmarks/random/P0.95N2L55M100T100-2.mltl,-1,-1,TO
/home/michele/mltlsat/Benchmarks/random/P0.95N2L55M100T100-3.mltl,0.0,7793.6,sat
/home/michele/mltlsat/Benchmarks/random/P0.95N2L55M100T100-4.mltl,0.0,7801.6,sat
/home/michele/mltlsat/Benchmarks/random/P0.95N2L55M100T100-5.mltl,0.01,9330.4,sat
/home/michele/mltlsat/Benchmarks/random/P0.95N2L55M100T100-6.mltl,0.162,18548,sat
/home/michele/mltlsat/Benchmarks/random/P0.95N2L55M100T100-7.mltl,0.0,7802.4,sat
/home/michele/mltlsat/Benchmarks/random/P0.95N2L55M100T100-8.mltl,0.0,9335.2,sat
/home/michele/mltlsat/Benchmarks/random/P0.95N2L55M100T100-9.mltl,6.852,13922.4,sat
/home/michele/mltlsat/Benchmarks/random/P0.95N2L5M100T100-10.mltl,0.0,7788.8,sat
/home/michele/mltlsat/Benchmarks/random/P0.95N2L5M100T100-1.mltl,0.0,7819.2,sat
/home/michele/mltlsat/Benchmarks/random/P0.95N2L5M100T100-2.mltl,0.0,7812,sat
/home/michele/mltlsat/Benchmarks/random/P0.95N2L5M100T100-3.mltl,0.0,7784,sat
/home/michele/mltlsat/Benchmarks/random/P0.95N2L5M100T100-4.mltl,0.0,7792.8,sat
/home/michele/mltlsat/Benchmarks/random/P0.95N2L5M100T100-5.mltl,0.0,7794.4,sat
/home/michele/mltlsat/Benchmarks/random/P0.95N2L5M100T100-6.mltl,0.0,7793.6,sat
/home/michele/mltlsat/Benchmarks/random/P0.95N2L5M100T100-7.mltl,0.0,7792,sat
/home/michele/mltlsat/Benchmarks/random/P0.95N2L5M100T100-8.mltl,0.0,7776.8,sat
/home/michele/mltlsat/Benchmarks/random/P0.95N2L5M100T100-9.mltl,0.0,7828.8,sat
/home/michele/mltlsat/Benchmarks/random/P0.95N2L60M100T100-10.mltl,-1,-1,TO
/home/michele/mltlsat/Benchmarks/random/P0.95N2L60M100T100-1.mltl,-1,-1,TO
/home/michele/mltlsat/Benchmarks/random/P0.95N2L60M100T100-2.mltl,-1,-1,TO
/home/michele/mltlsat/Benchmarks/random/P0.95N2L60M100T100-3.mltl,-1,-1,TO
/home/michele/mltlsat/Benchmarks/random/P0.95N2L60M100T100-4.mltl,0.0,10878.4,sat
/home/michele/mltlsat/Benchmarks/random/P0.95N2L60M100T100-5.mltl,-1,-1,TO
/home/michele/mltlsat/Benchmarks/random/P0.95N2L60M100T100-6.mltl,0.0,7808.8,sat
/home/michele/mltlsat/Benchmarks/random/P0.95N2L60M100T100-7.mltl,0.0,10874.4,sat
/home/michele/mltlsat/Benchmarks/random/P0.95N2L60M100T100-8.mltl,0.048,12420.8,sat
/home/michele/mltlsat/Benchmarks/random/P0.95N2L60M100T100-9.mltl,0.0,7792.8,sat
/home/michele/mltlsat/Benchmarks/random/P0.95N2L65M100T100-10.mltl,0.0,10878.4,sat
/home/michele/mltlsat/Benchmarks/random/P0.95N2L65M100T100-1.mltl,0.016,15499.2,sat
/home/michele/mltlsat/Benchmarks/random/P0.95N2L65M100T100-2.mltl,-1,-1,TO
/home/michele/mltlsat/Benchmarks/random/P0.95N2L65M100T100-3.mltl,-1,-1,TO
/home/michele/mltlsat/Benchmarks/random/P0.95N2L65M100T100-4.mltl,36.408,13642.4,sat
/home/michele/mltlsat/Benchmarks/random/P0.95N2L65M100T100-5.mltl,-1,-1,TO
/home/michele/mltlsat/Benchmarks/random/P0.95N2L65M100T100-6.mltl,0.12,66173.6,sat
/home/michele/mltlsat/Benchmarks/random/P0.95N2L65M100T100-7.mltl,-1,-1,TO
/home/michele/mltlsat/Benchmarks/random/P0.95N2L65M100T100-8.mltl,0.79,33900,sat
/home/michele/mltlsat/Benchmarks/random/P0.95N2L65M100T100-9.mltl,0.0,9327.2,sat
/home/michele/mltlsat/Benchmarks/random/P0.95N2L70M100T100-10.mltl,-1,-1,TO
/home/michele/mltlsat/Benchmarks/random/P0.95N2L70M100T100-1.mltl,-1,-1,TO
/home/michele/mltlsat/Benchmarks/random/P0.95N2L70M100T100-2.mltl,-1,-1,TO
/home/michele/mltlsat/Benchmarks/random/P0.95N2L70M100T100-3.mltl,-1,-1,TO
/home/michele/mltlsat/Benchmarks/random/P0.95N2L70M100T100-4.mltl,0.03,12417.6,sat
/home/michele/mltlsat/Benchmarks/random/P0.95N2L70M100T100-5.mltl,2.934,38227.2,sat
/home/michele/mltlsat/Benchmarks/random/P0.95N2L70M100T100-6.mltl,-1,-1,TO
/home/michele/mltlsat/Benchmarks/random/P0.95N2L70M100T100-7.mltl,-1,-1,TO
/home/michele/mltlsat/Benchmarks/random/P0.95N2L70M100T100-8.mltl,0.0,7790.4,sat
/home/michele/mltlsat/Benchmarks/random/P0.95N2L70M100T100-9.mltl,0.032,21611.2,sat
/home/michele/mltlsat/Benchmarks/random/P0.95N2L75M100T100-10.mltl,-1,-1,TO
/home/michele/mltlsat/Benchmarks/random/P0.95N2L75M100T100-1.mltl,-1,-1,TO
/home/michele/mltlsat/Benchmarks/random/P0.95N2L75M100T100-2.mltl,0.0,7800,sat
/home/michele/mltlsat/Benchmarks/random/P0.95N2L75M100T100-3.mltl,0.834,41589.6,sat
/home/michele/mltlsat/Benchmarks/random/P0.95N2L75M100T100-4.mltl,-1,-1,TO
/home/michele/mltlsat/Benchmarks/random/P0.95N2L75M100T100-5.mltl,-1,-1,TO
/home/michele/mltlsat/Benchmarks/random/P0.95N2L75M100T100-6.mltl,0.0,7803.2,sat
/home/michele/mltlsat/Benchmarks/random/P0.95N2L75M100T100-7.mltl,0.0,8398.4,sat
/home/michele/mltlsat/Benchmarks/random/P0.95N2L75M100T100-8.mltl,-1,-1,TO
/home/michele/mltlsat/Benchmarks/random/P0.95N2L75M100T100-9.mltl,0.01,10860,sat
/home/michele/mltlsat/Benchmarks/random/P0.95N2L80M100T100-10.mltl,0.21,13948,sat
/home/michele/mltlsat/Benchmarks/random/P0.95N2L80M100T100-1.mltl,4.096,222810.4,sat
/home/michele/mltlsat/Benchmarks/random/P0.95N2L80M100T100-2.mltl,0.0,7788.8,sat
/home/michele/mltlsat/Benchmarks/random/P0.95N2L80M100T100-3.mltl,-1,-1,TO
/home/michele/mltlsat/Benchmarks/random/P0.95N2L80M100T100-4.mltl,-1,-1,TO
/home/michele/mltlsat/Benchmarks/random/P0.95N2L80M100T100-5.mltl,-1,-1,TO
/home/michele/mltlsat/Benchmarks/random/P0.95N2L80M100T100-6.mltl,0.0,7808,sat
/home/michele/mltlsat/Benchmarks/random/P0.95N2L80M100T100-7.mltl,0.0,7789.6,sat
/home/michele/mltlsat/Benchmarks/random/P0.95N2L80M100T100-8.mltl,-1,-1,TO
/home/michele/mltlsat/Benchmarks/random/P0.95N2L80M100T100-9.mltl,-1,-1,TO
/home/michele/mltlsat/Benchmarks/random/P0.95N2L85M100T100-10.mltl,-1,-1,TO
/home/michele/mltlsat/Benchmarks/random/P0.95N2L85M100T100-1.mltl,0.01,12429.6,sat
/home/michele/mltlsat/Benchmarks/random/P0.95N2L85M100T100-2.mltl,-1,-1,TO
/home/michele/mltlsat/Benchmarks/random/P0.95N2L85M100T100-3.mltl,-1,-1,TO
/home/michele/mltlsat/Benchmarks/random/P0.95N2L85M100T100-4.mltl,-1,-1,TO
/home/michele/mltlsat/Benchmarks/random/P0.95N2L85M100T100-5.mltl,0.0,7792.8,sat
/home/michele/mltlsat/Benchmarks/random/P0.95N2L85M100T100-6.mltl,-1,-1,TO
/home/michele/mltlsat/Benchmarks/random/P0.95N2L85M100T100-7.mltl,0.0,7788,sat
/home/michele/mltlsat/Benchmarks/random/P0.95N2L85M100T100-8.mltl,0.0,7809.6,sat
/home/michele/mltlsat/Benchmarks/random/P0.95N2L85M100T100-9.mltl,3.238,87676.8,sat
/home/michele/mltlsat/Benchmarks/random/P0.95N2L90M100T100-10.mltl,0.0,9340,sat
/home/michele/mltlsat/Benchmarks/random/P0.95N2L90M100T100-1.mltl,-1,-1,TO
/home/michele/mltlsat/Benchmarks/random/P0.95N2L90M100T100-2.mltl,-1,-1,TO
/home/michele/mltlsat/Benchmarks/random/P0.95N2L90M100T100-3.mltl,0.0,7783.2,sat
/home/michele/mltlsat/Benchmarks/random/P0.95N2L90M100T100-4.mltl,-1,-1,TO
/home/michele/mltlsat/Benchmarks/random/P0.95N2L90M100T100-5.mltl,-1,-1,TO
/home/michele/mltlsat/Benchmarks/random/P0.95N2L90M100T100-6.mltl,-1,-1,TO
/home/michele/mltlsat/Benchmarks/random/P0.95N2L90M100T100-7.mltl,-1,-1,TO
/home/michele/mltlsat/Benchmarks/random/P0.95N2L90M100T100-8.mltl,-1,-1,TO
/home/michele/mltlsat/Benchmarks/random/P0.95N2L90M100T100-9.mltl,-1,-1,TO
/home/michele/mltlsat/Benchmarks/random/P0.95N2L95M100T100-10.mltl,-1,-1,TO
/home/michele/mltlsat/Benchmarks/random/P0.95N2L95M100T100-1.mltl,-1,-1,TO
/home/michele/mltlsat/Benchmarks/random/P0.95N2L95M100T100-2.mltl,-1,-1,TO
/home/michele/mltlsat/Benchmarks/random/P0.95N2L95M100T100-3.mltl,0.0,7796.8,sat
/home/michele/mltlsat/Benchmarks/random/P0.95N2L95M100T100-4.mltl,-1,-1,TO
/home/michele/mltlsat/Benchmarks/random/P0.95N2L95M100T100-5.mltl,0.0,7782.4,sat
/home/michele/mltlsat/Benchmarks/random/P0.95N2L95M100T100-6.mltl,-1,-1,TO
/home/michele/mltlsat/Benchmarks/random/P0.95N2L95M100T100-7.mltl,3.18,84596,sat
/home/michele/mltlsat/Benchmarks/random/P0.95N2L95M100T100-8.mltl,-1,-1,TO
/home/michele/mltlsat/Benchmarks/random/P0.95N2L95M100T100-9.mltl,0.04,27746.4,sat
/home/michele/mltlsat/Benchmarks/random/P0.95N3L100M100T100-10.mltl,-1,-1,TO
/home/michele/mltlsat/Benchmarks/random/P0.95N3L100M100T100-1.mltl,0.0,9354.4,sat
/home/michele/mltlsat/Benchmarks/random/P0.95N3L100M100T100-2.mltl,2.892,17938.4,sat
/home/michele/mltlsat/Benchmarks/random/P0.95N3L100M100T100-3.mltl,0.0,7799.2,sat
/home/michele/mltlsat/Benchmarks/random/P0.95N3L100M100T100-4.mltl,0.0,7792.8,sat
/home/michele/mltlsat/Benchmarks/random/P0.95N3L100M100T100-5.mltl,-1,-1,TO
/home/michele/mltlsat/Benchmarks/random/P0.95N3L100M100T100-6.mltl,-1,-1,TO
/home/michele/mltlsat/Benchmarks/random/P0.95N3L100M100T100-7.mltl,0.382,10551.2,sat
/home/michele/mltlsat/Benchmarks/random/P0.95N3L100M100T100-8.mltl,0.0,10861.6,sat
/home/michele/mltlsat/Benchmarks/random/P0.95N3L100M100T100-9.mltl,0.008,10880,sat
/home/michele/mltlsat/Benchmarks/random/P0.95N3L10M100T100-10.mltl,0.0,9310.4,sat
/home/michele/mltlsat/Benchmarks/random/P0.95N3L10M100T100-1.mltl,0.0,7788,sat
/home/michele/mltlsat/Benchmarks/random/P0.95N3L10M100T100-2.mltl,0.09,12402.4,sat
/home/michele/mltlsat/Benchmarks/random/P0.95N3L10M100T100-3.mltl,0.0,7811.2,sat
/home/michele/mltlsat/Benchmarks/random/P0.95N3L10M100T100-4.mltl,0.0,9336.8,sat
/home/michele/mltlsat/Benchmarks/random/P0.95N3L10M100T100-5.mltl,0.0,9336.8,sat
/home/michele/mltlsat/Benchmarks/random/P0.95N3L10M100T100-6.mltl,0.0,7804,sat
/home/michele/mltlsat/Benchmarks/random/P0.95N3L10M100T100-7.mltl,0.0,7803.2,sat
/home/michele/mltlsat/Benchmarks/random/P0.95N3L10M100T100-8.mltl,0.0,9330.4,sat
/home/michele/mltlsat/Benchmarks/random/P0.95N3L10M100T100-9.mltl,0.0,7781.6,sat
/home/michele/mltlsat/Benchmarks/random/P0.95N3L15M100T100-10.mltl,0.0,7811.2,sat
/home/michele/mltlsat/Benchmarks/random/P0.95N3L15M100T100-1.mltl,0.0,7819.2,sat
/home/michele/mltlsat/Benchmarks/random/P0.95N3L15M100T100-2.mltl,0.0,7820.8,sat
/home/michele/mltlsat/Benchmarks/random/P0.95N3L15M100T100-3.mltl,0.01,10865.6,sat
/home/michele/mltlsat/Benchmarks/random/P0.95N3L15M100T100-4.mltl,0.0,7817.6,sat
/home/michele/mltlsat/Benchmarks/random/P0.95N3L15M100T100-5.mltl,0.0,9349.6,sat
/home/michele/mltlsat/Benchmarks/random/P0.95N3L15M100T100-6.mltl,0.0,9348,sat
/home/michele/mltlsat/Benchmarks/random/P0.95N3L15M100T100-7.mltl,0.0,7764,sat
/home/michele/mltlsat/Benchmarks/random/P0.95N3L15M100T100-8.mltl,0.0,7794.4,sat
/home/michele/mltlsat/Benchmarks/random/P0.95N3L15M100T100-9.mltl,0.02,7796,sat
/home/michele/mltlsat/Benchmarks/random/P0.95N3L20M100T100-10.mltl,0.01,13931.2,sat
/home/michele/mltlsat/Benchmarks/random/P0.95N3L20M100T100-1.mltl,0.0,7802.4,sat
/home/michele/mltlsat/Benchmarks/random/P0.95N3L20M100T100-2.mltl,0.0,7826.4,sat
/home/michele/mltlsat/Benchmarks/random/P0.95N3L20M100T100-3.mltl,0.0,9333.6,sat
/home/michele/mltlsat/Benchmarks/random/P0.95N3L20M100T100-4.mltl,0.0,7800,sat
/home/michele/mltlsat/Benchmarks/random/P0.95N3L20M100T100-5.mltl,0.09,44972.8,sat
/home/michele/mltlsat/Benchmarks/random/P0.95N3L20M100T100-6.mltl,0.0,7806.4,sat
/home/michele/mltlsat/Benchmarks/random/P0.95N3L20M100T100-7.mltl,-1,-1,TO
/home/michele/mltlsat/Benchmarks/random/P0.95N3L20M100T100-8.mltl,0.05,13939.2,sat
/home/michele/mltlsat/Benchmarks/random/P0.95N3L20M100T100-9.mltl,0.09,13965.6,sat
/home/michele/mltlsat/Benchmarks/random/P0.95N3L25M100T100-10.mltl,0.002,10897.6,sat
/home/michele/mltlsat/Benchmarks/random/P0.95N3L25M100T100-1.mltl,0.0,7805.6,sat
/home/michele/mltlsat/Benchmarks/random/P0.95N3L25M100T100-2.mltl,0.0,7803.2,sat
/home/michele/mltlsat/Benchmarks/random/P0.95N3L25M100T100-3.mltl,0.04,10551.2,sat
/home/michele/mltlsat/Benchmarks/random/P0.95N3L25M100T100-4.mltl,-1,-1,TO
/home/michele/mltlsat/Benchmarks/random/P0.95N3L25M100T100-5.mltl,0.0,7780.8,sat
/home/michele/mltlsat/Benchmarks/random/P0.95N3L25M100T100-6.mltl,0.04,12393.6,sat
/home/michele/mltlsat/Benchmarks/random/P0.95N3L25M100T100-7.mltl,-1,-1,TO
/home/michele/mltlsat/Benchmarks/random/P0.95N3L25M100T100-8.mltl,0.0,7794.4,sat
/home/michele/mltlsat/Benchmarks/random/P0.95N3L25M100T100-9.mltl,0.05,12419.2,sat
/home/michele/mltlsat/Benchmarks/random/P0.95N3L30M100T100-10.mltl,0.0,7808.8,sat
/home/michele/mltlsat/Benchmarks/random/P0.95N3L30M100T100-1.mltl,0.014,15459.2,sat
/home/michele/mltlsat/Benchmarks/random/P0.95N3L30M100T100-2.mltl,0.0,9338.4,sat
/home/michele/mltlsat/Benchmarks/random/P0.95N3L30M100T100-3.mltl,0.0,7786.4,sat
/home/michele/mltlsat/Benchmarks/random/P0.95N3L30M100T100-4.mltl,0.08,12369.6,sat
/home/michele/mltlsat/Benchmarks/random/P0.95N3L30M100T100-5.mltl,0.01,12408.8,sat
/home/michele/mltlsat/Benchmarks/random/P0.95N3L30M100T100-6.mltl,0.0,7807.2,sat
/home/michele/mltlsat/Benchmarks/random/P0.95N3L30M100T100-7.mltl,0.0,9328,sat
/home/michele/mltlsat/Benchmarks/random/P0.95N3L30M100T100-8.mltl,0.05,12398.4,sat
/home/michele/mltlsat/Benchmarks/random/P0.95N3L30M100T100-9.mltl,0.0,7791.2,sat
/home/michele/mltlsat/Benchmarks/random/P0.95N3L35M100T100-10.mltl,-1,-1,TO
/home/michele/mltlsat/Benchmarks/random/P0.95N3L35M100T100-1.mltl,-1,-1,TO
/home/michele/mltlsat/Benchmarks/random/P0.95N3L35M100T100-2.mltl,-1,-1,TO
/home/michele/mltlsat/Benchmarks/random/P0.95N3L35M100T100-3.mltl,-1,-1,TO
/home/michele/mltlsat/Benchmarks/random/P0.95N3L35M100T100-4.mltl,0.0,10861.6,sat
/home/michele/mltlsat/Benchmarks/random/P0.95N3L35M100T100-5.mltl,0.0,7808.8,sat
/home/michele/mltlsat/Benchmarks/random/P0.95N3L35M100T100-6.mltl,-1,-1,TO
/home/michele/mltlsat/Benchmarks/random/P0.95N3L35M100T100-7.mltl,-1,-1,TO
/home/michele/mltlsat/Benchmarks/random/P0.95N3L35M100T100-8.mltl,0.0,7804.8,sat
/home/michele/mltlsat/Benchmarks/random/P0.95N3L35M100T100-9.mltl,-1,-1,TO
/home/michele/mltlsat/Benchmarks/random/P0.95N3L40M100T100-10.mltl,-1,-1,TO
/home/michele/mltlsat/Benchmarks/random/P0.95N3L40M100T100-1.mltl,-1,-1,TO
/home/michele/mltlsat/Benchmarks/random/P0.95N3L40M100T100-2.mltl,71.98,69451.2,sat
/home/michele/mltlsat/Benchmarks/random/P0.95N3L40M100T100-3.mltl,-1,-1,TO
/home/michele/mltlsat/Benchmarks/random/P0.95N3L40M100T100-4.mltl,0.0,9328.8,sat
/home/michele/mltlsat/Benchmarks/random/P0.95N3L40M100T100-5.mltl,0.0,7779.2,sat
/home/michele/mltlsat/Benchmarks/random/P0.95N3L40M100T100-6.mltl,0.0,7796,sat
/home/michele/mltlsat/Benchmarks/random/P0.95N3L40M100T100-7.mltl,0.0,7772.8,sat
/home/michele/mltlsat/Benchmarks/random/P0.95N3L40M100T100-8.mltl,-1,-1,TO
/home/michele/mltlsat/Benchmarks/random/P0.95N3L40M100T100-9.mltl,0.312,10871.2,sat
/home/michele/mltlsat/Benchmarks/random/P0.95N3L45M100T100-10.mltl,-1,-1,TO
/home/michele/mltlsat/Benchmarks/random/P0.95N3L45M100T100-1.mltl,0.21,49278.4,sat
/home/michele/mltlsat/Benchmarks/random/P0.95N3L45M100T100-2.mltl,0.0,7793.6,sat
/home/michele/mltlsat/Benchmarks/random/P0.95N3L45M100T100-3.mltl,0.01,9336,sat
/home/michele/mltlsat/Benchmarks/random/P0.95N3L45M100T100-4.mltl,-1,-1,TO
/home/michele/mltlsat/Benchmarks/random/P0.95N3L45M100T100-5.mltl,0.0,7780.8,sat
/home/michele/mltlsat/Benchmarks/random/P0.95N3L45M100T100-6.mltl,0.0,7796,sat
/home/michele/mltlsat/Benchmarks/random/P0.95N3L45M100T100-7.mltl,0.0,7806.4,sat
/home/michele/mltlsat/Benchmarks/random/P0.95N3L45M100T100-8.mltl,56.28,295336.8,sat
/home/michele/mltlsat/Benchmarks/random/P0.95N3L45M100T100-9.mltl,0.0,7788,sat
/home/michele/mltlsat/Benchmarks/random/P0.95N3L50M100T100-10.mltl,-1,-1,TO
/home/michele/mltlsat/Benchmarks/random/P0.95N3L50M100T100-1.mltl,0.016,13938.4,sat
/home/michele/mltlsat/Benchmarks/random/P0.95N3L50M100T100-2.mltl,-1,-1,TO
/home/michele/mltlsat/Benchmarks/random/P0.95N3L50M100T100-3.mltl,-1,-1,TO
/home/michele/mltlsat/Benchmarks/random/P0.95N3L50M100T100-4.mltl,-1,-1,TO
/home/michele/mltlsat/Benchmarks/random/P0.95N3L50M100T100-5.mltl,0.0,9331.2,sat
/home/michele/mltlsat/Benchmarks/random/P0.95N3L50M100T100-6.mltl,-1,-1,TO
/home/michele/mltlsat/Benchmarks/random/P0.95N3L50M100T100-7.mltl,0.0,7766.4,sat
/home/michele/mltlsat/Benchmarks/random/P0.95N3L50M100T100-8.mltl,0.01,12434.4,sat
/home/michele/mltlsat/Benchmarks/random/P0.95N3L50M100T100-9.mltl,0.34400000000000003,15196,sat
/home/michele/mltlsat/Benchmarks/random/P0.95N3L55M100T100-10.mltl,0.0,7791.2,sat
/home/michele/mltlsat/Benchmarks/random/P0.95N3L55M100T100-1.mltl,6.362,21633.6,sat
/home/michele/mltlsat/Benchmarks/random/P0.95N3L55M100T100-2.mltl,-1,-1,TO
/home/michele/mltlsat/Benchmarks/random/P0.95N3L55M100T100-3.mltl,-1,-1,TO
/home/michele/mltlsat/Benchmarks/random/P0.95N3L55M100T100-4.mltl,-1,-1,TO
/home/michele/mltlsat/Benchmarks/random/P0.95N3L55M100T100-5.mltl,0.0,7804,sat
/home/michele/mltlsat/Benchmarks/random/P0.95N3L55M100T100-6.mltl,0.05,9332,sat
/home/michele/mltlsat/Benchmarks/random/P0.95N3L55M100T100-7.mltl,-1,-1,TO
/home/michele/mltlsat/Benchmarks/random/P0.95N3L55M100T100-8.mltl,0.0,9344,sat
/home/michele/mltlsat/Benchmarks/random/P0.95N3L55M100T100-9.mltl,-1,-1,TO
/home/michele/mltlsat/Benchmarks/random/P0.95N3L5M100T100-10.mltl,0.0,7785.6,sat
/home/michele/mltlsat/Benchmarks/random/P0.95N3L5M100T100-1.mltl,0.0,7809.6,sat
/home/michele/mltlsat/Benchmarks/random/P0.95N3L5M100T100-2.mltl,0.0,7768.8,sat
/home/michele/mltlsat/Benchmarks/random/P0.95N3L5M100T100-3.mltl,0.0,7800.8,sat
/home/michele/mltlsat/Benchmarks/random/P0.95N3L5M100T100-4.mltl,0.0,7786.4,sat
/home/michele/mltlsat/Benchmarks/random/P0.95N3L5M100T100-5.mltl,0.0,9334.4,sat
/home/michele/mltlsat/Benchmarks/random/P0.95N3L5M100T100-6.mltl,0.0,7800,sat
/home/michele/mltlsat/Benchmarks/random/P0.95N3L5M100T100-7.mltl,0.0,7793.6,sat
/home/michele/mltlsat/Benchmarks/random/P0.95N3L5M100T100-8.mltl,0.0,7829.6,sat
/home/michele/mltlsat/Benchmarks/random/P0.95N3L5M100T100-9.mltl,0.0,7819.2,sat
/home/michele/mltlsat/Benchmarks/random/P0.95N3L60M100T100-10.mltl,0.0,7809.6,sat
/home/michele/mltlsat/Benchmarks/random/P0.95N3L60M100T100-1.mltl,-1,-1,TO
/home/michele/mltlsat/Benchmarks/random/P0.95N3L60M100T100-2.mltl,0.0,7795.2,sat
/home/michele/mltlsat/Benchmarks/random/P0.95N3L60M100T100-3.mltl,0.0,7790.4,sat
/home/michele/mltlsat/Benchmarks/random/P0.95N3L60M100T100-4.mltl,0.0,7802.4,sat
/home/michele/mltlsat/Benchmarks/random/P0.95N3L60M100T100-5.mltl,0.0,7788.8,sat
/home/michele/mltlsat/Benchmarks/random/P0.95N3L60M100T100-6.mltl,-1,-1,TO
/home/michele/mltlsat/Benchmarks/random/P0.95N3L60M100T100-7.mltl,1.706,27452,sat
/home/michele/mltlsat/Benchmarks/random/P0.95N3L60M100T100-8.mltl,0.0,7796.8,sat
/home/michele/mltlsat/Benchmarks/random/P0.95N3L60M100T100-9.mltl,-1,-1,TO
/home/michele/mltlsat/Benchmarks/random/P0.95N3L65M100T100-10.mltl,0.0,7804,sat
/home/michele/mltlsat/Benchmarks/random/P0.95N3L65M100T100-1.mltl,89.462,50778.4,sat
/home/michele/mltlsat/Benchmarks/random/P0.95N3L65M100T100-2.mltl,0.438,33888.8,sat
/home/michele/mltlsat/Benchmarks/random/P0.95N3L65M100T100-3.mltl,0.09,15498.4,sat
/home/michele/mltlsat/Benchmarks/random/P0.95N3L65M100T100-4.mltl,-1,-1,TO
/home/michele/mltlsat/Benchmarks/random/P0.95N3L65M100T100-5.mltl,-1,-1,TO
/home/michele/mltlsat/Benchmarks/random/P0.95N3L65M100T100-6.mltl,0.0,7825.6,sat
/home/michele/mltlsat/Benchmarks/random/P0.95N3L65M100T100-7.mltl,0.976,32384.8,sat
/home/michele/mltlsat/Benchmarks/random/P0.95N3L65M100T100-8.mltl,37.81,260311.2,sat
/home/michele/mltlsat/Benchmarks/random/P0.95N3L65M100T100-9.mltl,-1,-1,TO
/home/michele/mltlsat/Benchmarks/random/P0.95N3L70M100T100-10.mltl,0.022,17004,sat
/home/michele/mltlsat/Benchmarks/random/P0.95N3L70M100T100-1.mltl,0.024,20081.6,sat
/home/michele/mltlsat/Benchmarks/random/P0.95N3L70M100T100-2.mltl,-1,-1,TO
/home/michele/mltlsat/Benchmarks/random/P0.95N3L70M100T100-3.mltl,-1,-1,TO
/home/michele/mltlsat/Benchmarks/random/P0.95N3L70M100T100-4.mltl,-1,-1,TO
/home/michele/mltlsat/Benchmarks/random/P0.95N3L70M100T100-5.mltl,-1,-1,TO
/home/michele/mltlsat/Benchmarks/random/P0.95N3L70M100T100-6.mltl,-1,-1,TO
/home/michele/mltlsat/Benchmarks/random/P0.95N3L70M100T100-7.mltl,-1,-1,TO
/home/michele/mltlsat/Benchmarks/random/P0.95N3L70M100T100-8.mltl,-1,-1,TO
/home/michele/mltlsat/Benchmarks/random/P0.95N3L70M100T100-9.mltl,-1,-1,TO
/home/michele/mltlsat/Benchmarks/random/P0.95N3L75M100T100-10.mltl,0.376,155252,sat
/home/michele/mltlsat/Benchmarks/random/P0.95N3L75M100T100-1.mltl,-1,-1,TO
/home/michele/mltlsat/Benchmarks/random/P0.95N3L75M100T100-2.mltl,0.332,23144,sat
/home/michele/mltlsat/Benchmarks/random/P0.95N3L75M100T100-3.mltl,0.01,12422.4,sat
/home/michele/mltlsat/Benchmarks/random/P0.95N3L75M100T100-4.mltl,0.01,10862.4,sat
/home/michele/mltlsat/Benchmarks/random/P0.95N3L75M100T100-5.mltl,-1,-1,TO
/home/michele/mltlsat/Benchmarks/random/P0.95N3L75M100T100-6.mltl,-1,-1,TO
/home/michele/mltlsat/Benchmarks/random/P0.95N3L75M100T100-7.mltl,-1,-1,TO
/home/michele/mltlsat/Benchmarks/random/P0.95N3L75M100T100-8.mltl,-1,-1,TO
/home/michele/mltlsat/Benchmarks/random/P0.95N3L75M100T100-9.mltl,-1,-1,TO
/home/michele/mltlsat/Benchmarks/random/P0.95N3L80M100T100-10.mltl,0.0,7810.4,sat
/home/michele/mltlsat/Benchmarks/random/P0.95N3L80M100T100-1.mltl,33.686,75963.2,sat
/home/michele/mltlsat/Benchmarks/random/P0.95N3L80M100T100-2.mltl,-1,-1,TO
/home/michele/mltlsat/Benchmarks/random/P0.95N3L80M100T100-3.mltl,2.156,169058.4,sat
/home/michele/mltlsat/Benchmarks/random/P0.95N3L80M100T100-4.mltl,0.0,7795.2,sat
/home/michele/mltlsat/Benchmarks/random/P0.95N3L80M100T100-5.mltl,-1,-1,TO
/home/michele/mltlsat/Benchmarks/random/P0.95N3L80M100T100-6.mltl,0.716,20091.2,sat
/home/michele/mltlsat/Benchmarks/random/P0.95N3L80M100T100-7.mltl,-1,-1,TO
/home/michele/mltlsat/Benchmarks/random/P0.95N3L80M100T100-8.mltl,0.0,9314.4,sat
/home/michele/mltlsat/Benchmarks/random/P0.95N3L80M100T100-9.mltl,0.882,288880.8,sat
/home/michele/mltlsat/Benchmarks/random/P0.95N3L85M100T100-10.mltl,0.0,7797.6,sat
/home/michele/mltlsat/Benchmarks/random/P0.95N3L85M100T100-1.mltl,-1,-1,TO
/home/michele/mltlsat/Benchmarks/random/P0.95N3L85M100T100-2.mltl,-1,-1,TO
/home/michele/mltlsat/Benchmarks/random/P0.95N3L85M100T100-3.mltl,-1,-1,TO
/home/michele/mltlsat/Benchmarks/random/P0.95N3L85M100T100-4.mltl,0.0,7787.2,sat
/home/michele/mltlsat/Benchmarks/random/P0.95N3L85M100T100-5.mltl,0.0,7763.2,sat
/home/michele/mltlsat/Benchmarks/random/P0.95N3L85M100T100-6.mltl,0.0,10580,sat
/home/michele/mltlsat/Benchmarks/random/P0.95N3L85M100T100-7.mltl,-1,-1,TO
/home/michele/mltlsat/Benchmarks/random/P0.95N3L85M100T100-8.mltl,-1,-1,TO
/home/michele/mltlsat/Benchmarks/random/P0.95N3L85M100T100-9.mltl,0.0,7800,sat
/home/michele/mltlsat/Benchmarks/random/P0.95N3L90M100T100-10.mltl,6.348,1571476,sat
/home/michele/mltlsat/Benchmarks/random/P0.95N3L90M100T100-1.mltl,0.0,7480.8,sat
/home/michele/mltlsat/Benchmarks/random/P0.95N3L90M100T100-2.mltl,-1,-1,TO
/home/michele/mltlsat/Benchmarks/random/P0.95N3L90M100T100-3.mltl,38.316,152790.4,sat
/home/michele/mltlsat/Benchmarks/random/P0.95N3L90M100T100-4.mltl,5.85,55098.4,sat
/home/michele/mltlsat/Benchmarks/random/P0.95N3L90M100T100-5.mltl,0.0,9329.6,sat
/home/michele/mltlsat/Benchmarks/random/P0.95N3L90M100T100-6.mltl,-1,-1,TO
/home/michele/mltlsat/Benchmarks/random/P0.95N3L90M100T100-7.mltl,0.13,12412.8,sat
/home/michele/mltlsat/Benchmarks/random/P0.95N3L90M100T100-8.mltl,0.02,15479.2,sat
/home/michele/mltlsat/Benchmarks/random/P0.95N3L90M100T100-9.mltl,20.73,777636,sat
/home/michele/mltlsat/Benchmarks/random/P0.95N3L95M100T100-10.mltl,-1,-1,TO
/home/michele/mltlsat/Benchmarks/random/P0.95N3L95M100T100-1.mltl,0.05,29294.4,sat
/home/michele/mltlsat/Benchmarks/random/P0.95N3L95M100T100-2.mltl,0.02,10840.8,sat
/home/michele/mltlsat/Benchmarks/random/P0.95N3L95M100T100-3.mltl,0.522,26259.2,sat
/home/michele/mltlsat/Benchmarks/random/P0.95N3L95M100T100-4.mltl,0.02,10885.6,sat
/home/michele/mltlsat/Benchmarks/random/P0.95N3L95M100T100-5.mltl,-1,-1,TO
/home/michele/mltlsat/Benchmarks/random/P0.95N3L95M100T100-6.mltl,0.26,18564,sat
/home/michele/mltlsat/Benchmarks/random/P0.95N3L95M100T100-7.mltl,-1,-1,TO
/home/michele/mltlsat/Benchmarks/random/P0.95N3L95M100T100-8.mltl,0.02,13947.2,sat
/home/michele/mltlsat/Benchmarks/random/P0.95N3L95M100T100-9.mltl,-1,-1,TO
/home/michele/mltlsat/Benchmarks/random/P0.95N4L100M100T100-10.mltl,0.0,7796.8,sat
/home/michele/mltlsat/Benchmarks/random/P0.95N4L100M100T100-1.mltl,-1,-1,TO
/home/michele/mltlsat/Benchmarks/random/P0.95N4L100M100T100-2.mltl,-1,-1,TO
/home/michele/mltlsat/Benchmarks/random/P0.95N4L100M100T100-3.mltl,0.0,7819.2,sat
/home/michele/mltlsat/Benchmarks/random/P0.95N4L100M100T100-4.mltl,1.172,155258.4,sat
/home/michele/mltlsat/Benchmarks/random/P0.95N4L100M100T100-5.mltl,0.092,32372,sat
/home/michele/mltlsat/Benchmarks/random/P0.95N4L100M100T100-6.mltl,-1,-1,TO
/home/michele/mltlsat/Benchmarks/random/P0.95N4L100M100T100-7.mltl,-1,-1,TO
/home/michele/mltlsat/Benchmarks/random/P0.95N4L100M100T100-8.mltl,0.0,9344.8,sat
/home/michele/mltlsat/Benchmarks/random/P0.95N4L100M100T100-9.mltl,0.0,7792,sat
/home/michele/mltlsat/Benchmarks/random/P0.95N4L10M100T100-10.mltl,0.0,7842.4,sat
/home/michele/mltlsat/Benchmarks/random/P0.95N4L10M100T100-1.mltl,0.0,7776,sat
/home/michele/mltlsat/Benchmarks/random/P0.95N4L10M100T100-2.mltl,0.0,7812,sat
/home/michele/mltlsat/Benchmarks/random/P0.95N4L10M100T100-3.mltl,0.04,10899.2,sat
/home/michele/mltlsat/Benchmarks/random/P0.95N4L10M100T100-4.mltl,0.0,7784.8,sat
/home/michele/mltlsat/Benchmarks/random/P0.95N4L10M100T100-5.mltl,0.0,7812,sat
/home/michele/mltlsat/Benchmarks/random/P0.95N4L10M100T100-6.mltl,0.0,7807.2,sat
/home/michele/mltlsat/Benchmarks/random/P0.95N4L10M100T100-7.mltl,0.0,7813.6,sat
/home/michele/mltlsat/Benchmarks/random/P0.95N4L10M100T100-8.mltl,0.0,7810.4,sat
/home/michele/mltlsat/Benchmarks/random/P0.95N4L10M100T100-9.mltl,0.0,7777.6,sat
/home/michele/mltlsat/Benchmarks/random/P0.95N4L15M100T100-10.mltl,0.0,7823.2,sat
/home/michele/mltlsat/Benchmarks/random/P0.95N4L15M100T100-1.mltl,0.0,7803.2,sat
/home/michele/mltlsat/Benchmarks/random/P0.95N4L15M100T100-2.mltl,0.0,7804,sat
/home/michele/mltlsat/Benchmarks/random/P0.95N4L15M100T100-3.mltl,0.0,7803.2,sat
/home/michele/mltlsat/Benchmarks/random/P0.95N4L15M100T100-4.mltl,0.0,7797.6,sat
/home/michele/mltlsat/Benchmarks/random/P0.95N4L15M100T100-5.mltl,0.0,7798.4,sat
/home/michele/mltlsat/Benchmarks/random/P0.95N4L15M100T100-6.mltl,0.0,7793.6,sat
/home/michele/mltlsat/Benchmarks/random/P0.95N4L15M100T100-7.mltl,0.0,7778.4,sat
/home/michele/mltlsat/Benchmarks/random/P0.95N4L15M100T100-8.mltl,0.01,9312.8,sat
/home/michele/mltlsat/Benchmarks/random/P0.95N4L15M100T100-9.mltl,0.02,9317.6,sat
/home/michele/mltlsat/Benchmarks/random/P0.95N4L20M100T100-10.mltl,0.0,7773.6,sat
/home/michele/mltlsat/Benchmarks/random/P0.95N4L20M100T100-1.mltl,-1,-1,TO
/home/michele/mltlsat/Benchmarks/random/P0.95N4L20M100T100-2.mltl,0.0,7795.2,sat
/home/michele/mltlsat/Benchmarks/random/P0.95N4L20M100T100-3.mltl,13.558,41585.6,sat
/home/michele/mltlsat/Benchmarks/random/P0.95N4L20M100T100-4.mltl,87.72,79367.2,sat
/home/michele/mltlsat/Benchmarks/random/P0.95N4L20M100T100-5.mltl,0.042,29302.4,sat
/home/michele/mltlsat/Benchmarks/random/P0.95N4L20M100T100-6.mltl,0.0,7852,sat
/home/michele/mltlsat/Benchmarks/random/P0.95N4L20M100T100-7.mltl,0.07400000000000001,12088.8,sat
/home/michele/mltlsat/Benchmarks/random/P0.95N4L20M100T100-8.mltl,0.0,7799.2,sat
/home/michele/mltlsat/Benchmarks/random/P0.95N4L20M100T100-9.mltl,1.428,9341.6,sat
/home/michele/mltlsat/Benchmarks/random/P0.95N4L25M100T100-10.mltl,0.0,7793.6,sat
/home/michele/mltlsat/Benchmarks/random/P0.95N4L25M100T100-1.mltl,0.0,7780.8,sat
/home/michele/mltlsat/Benchmarks/random/P0.95N4L25M100T100-2.mltl,0.0,9327.2,sat
/home/michele/mltlsat/Benchmarks/random/P0.95N4L25M100T100-3.mltl,0.0,7786.4,sat
/home/michele/mltlsat/Benchmarks/random/P0.95N4L25M100T100-4.mltl,0.0,7792,sat
/home/michele/mltlsat/Benchmarks/random/P0.95N4L25M100T100-5.mltl,0.0,9360,sat
/home/michele/mltlsat/Benchmarks/random/P0.95N4L25M100T100-6.mltl,0.088,23156.8,sat
/home/michele/mltlsat/Benchmarks/random/P0.95N4L25M100T100-7.mltl,0.04,10882.4,sat
/home/michele/mltlsat/Benchmarks/random/P0.95N4L25M100T100-8.mltl,0.0,7810.4,sat
/home/michele/mltlsat/Benchmarks/random/P0.95N4L25M100T100-9.mltl,0.0,7798.4,sat
/home/michele/mltlsat/Benchmarks/random/P0.95N4L30M100T100-10.mltl,0.008,10873.6,sat
/home/michele/mltlsat/Benchmarks/random/P0.95N4L30M100T100-1.mltl,0.0,7800,sat
/home/michele/mltlsat/Benchmarks/random/P0.95N4L30M100T100-2.mltl,-1,-1,TO
/home/michele/mltlsat/Benchmarks/random/P0.95N4L30M100T100-3.mltl,0.758,10880,sat
/home/michele/mltlsat/Benchmarks/random/P0.95N4L30M100T100-4.mltl,0.0,10876,sat
/home/michele/mltlsat/Benchmarks/random/P0.95N4L30M100T100-5.mltl,-1,-1,TO
/home/michele/mltlsat/Benchmarks/random/P0.95N4L30M100T100-6.mltl,0.16,18537.6,sat
/home/michele/mltlsat/Benchmarks/random/P0.95N4L30M100T100-7.mltl,0.0,7815.2,sat
/home/michele/mltlsat/Benchmarks/random/P0.95N4L30M100T100-8.mltl,0.0,9334.4,sat
/home/michele/mltlsat/Benchmarks/random/P0.95N4L30M100T100-9.mltl,0.0,7828,sat
/home/michele/mltlsat/Benchmarks/random/P0.95N4L35M100T100-10.mltl,0.02,12384.8,sat
/home/michele/mltlsat/Benchmarks/random/P0.95N4L35M100T100-1.mltl,-1,-1,TO
/home/michele/mltlsat/Benchmarks/random/P0.95N4L35M100T100-2.mltl,0.05,18559.2,sat
/home/michele/mltlsat/Benchmarks/random/P0.95N4L35M100T100-3.mltl,0.0,9328,sat
/home/michele/mltlsat/Benchmarks/random/P0.95N4L35M100T100-4.mltl,3.018,14844.8,sat
/home/michele/mltlsat/Benchmarks/random/P0.95N4L35M100T100-5.mltl,0.01,10870.4,sat
/home/michele/mltlsat/Benchmarks/random/P0.95N4L35M100T100-6.mltl,0.0,9306.4,sat
/home/michele/mltlsat/Benchmarks/random/P0.95N4L35M100T100-7.mltl,0.274,23184.8,sat
/home/michele/mltlsat/Benchmarks/random/P0.95N4L35M100T100-8.mltl,0.0,7791.2,sat
/home/michele/mltlsat/Benchmarks/random/P0.95N4L35M100T100-9.mltl,0.0,7780,sat
/home/michele/mltlsat/Benchmarks/random/P0.95N4L40M100T100-10.mltl,1.936,26219.2,sat
/home/michele/mltlsat/Benchmarks/random/P0.95N4L40M100T100-1.mltl,0.0,7793.6,sat
/home/michele/mltlsat/Benchmarks/random/P0.95N4L40M100T100-2.mltl,1.73,15164.8,sat
/home/michele/mltlsat/Benchmarks/random/P0.95N4L40M100T100-3.mltl,0.0,7768.8,sat
/home/michele/mltlsat/Benchmarks/random/P0.95N4L40M100T100-4.mltl,0.0,7772,sat
/home/michele/mltlsat/Benchmarks/random/P0.95N4L40M100T100-5.mltl,0.28200000000000003,23183.2,sat
/home/michele/mltlsat/Benchmarks/random/P0.95N4L40M100T100-6.mltl,-1,-1,TO
/home/michele/mltlsat/Benchmarks/random/P0.95N4L40M100T100-7.mltl,0.01,9324.8,sat
/home/michele/mltlsat/Benchmarks/random/P0.95N4L40M100T100-8.mltl,0.0,9320,sat
/home/michele/mltlsat/Benchmarks/random/P0.95N4L40M100T100-9.mltl,0.01,10888.8,sat
/home/michele/mltlsat/Benchmarks/random/P0.95N4L45M100T100-10.mltl,1.112,35444.8,sat
/home/michele/mltlsat/Benchmarks/random/P0.95N4L45M100T100-1.mltl,0.054,13928,sat
/home/michele/mltlsat/Benchmarks/random/P0.95N4L45M100T100-2.mltl,0.034,12401.6,sat
/home/michele/mltlsat/Benchmarks/random/P0.95N4L45M100T100-3.mltl,0.132,10881.6,sat
/home/michele/mltlsat/Benchmarks/random/P0.95N4L45M100T100-4.mltl,-1,-1,TO
/home/michele/mltlsat/Benchmarks/random/P0.95N4L45M100T100-5.mltl,0.0,7792.8,sat
/home/michele/mltlsat/Benchmarks/random/P0.95N4L45M100T100-6.mltl,55.348,14249.6,sat
/home/michele/mltlsat/Benchmarks/random/P0.95N4L45M100T100-7.mltl,1.18,30520.8,sat
/home/michele/mltlsat/Benchmarks/random/P0.95N4L45M100T100-8.mltl,0.01,9329.6,sat
/home/michele/mltlsat/Benchmarks/random/P0.95N4L45M100T100-9.mltl,-1,-1,TO
/home/michele/mltlsat/Benchmarks/random/P0.95N4L50M100T100-10.mltl,0.002,9032,sat
/home/michele/mltlsat/Benchmarks/random/P0.95N4L50M100T100-1.mltl,6.904,23756,sat
/home/michele/mltlsat/Benchmarks/random/P0.95N4L50M100T100-2.mltl,0.0,7821.6,sat
/home/michele/mltlsat/Benchmarks/random/P0.95N4L50M100T100-3.mltl,-1,-1,TO
/home/michele/mltlsat/Benchmarks/random/P0.95N4L50M100T100-4.mltl,0.05,10855.2,sat
/home/michele/mltlsat/Benchmarks/random/P0.95N4L50M100T100-5.mltl,0.05,29014.4,sat
/home/michele/mltlsat/Benchmarks/random/P0.95N4L50M100T100-6.mltl,-1,-1,TO
/home/michele/mltlsat/Benchmarks/random/P0.95N4L50M100T100-7.mltl,0.002,10869.6,sat
/home/michele/mltlsat/Benchmarks/random/P0.95N4L50M100T100-8.mltl,0.0,7804,sat
/home/michele/mltlsat/Benchmarks/random/P0.95N4L50M100T100-9.mltl,-1,-1,TO
/home/michele/mltlsat/Benchmarks/random/P0.95N4L55M100T100-10.mltl,0.0,7800,sat
/home/michele/mltlsat/Benchmarks/random/P0.95N4L55M100T100-1.mltl,-1,-1,TO
/home/michele/mltlsat/Benchmarks/random/P0.95N4L55M100T100-2.mltl,0.616,152174.4,sat
/home/michele/mltlsat/Benchmarks/random/P0.95N4L55M100T100-3.mltl,0.012,10864,sat
/home/michele/mltlsat/Benchmarks/random/P0.95N4L55M100T100-4.mltl,-1,-1,TO
/home/michele/mltlsat/Benchmarks/random/P0.95N4L55M100T100-5.mltl,-1,-1,TO
/home/michele/mltlsat/Benchmarks/random/P0.95N4L55M100T100-6.mltl,0.01,10888,sat
/home/michele/mltlsat/Benchmarks/random/P0.95N4L55M100T100-7.mltl,-1,-1,TO
/home/michele/mltlsat/Benchmarks/random/P0.95N4L55M100T100-8.mltl,0.152,18550.4,sat
/home/michele/mltlsat/Benchmarks/random/P0.95N4L55M100T100-9.mltl,0.01,10866.4,sat
/home/michele/mltlsat/Benchmarks/random/P0.95N4L5M100T100-10.mltl,0.0,7808,sat
/home/michele/mltlsat/Benchmarks/random/P0.95N4L5M100T100-1.mltl,0.0,7787.2,sat
/home/michele/mltlsat/Benchmarks/random/P0.95N4L5M100T100-2.mltl,0.0,7792,sat
/home/michele/mltlsat/Benchmarks/random/P0.95N4L5M100T100-3.mltl,0.0,7778.4,sat
/home/michele/mltlsat/Benchmarks/random/P0.95N4L5M100T100-4.mltl,0.0,7797.6,sat
/home/michele/mltlsat/Benchmarks/random/P0.95N4L5M100T100-5.mltl,0.0,7802.4,sat
/home/michele/mltlsat/Benchmarks/random/P0.95N4L5M100T100-6.mltl,0.0,7792.8,sat
/home/michele/mltlsat/Benchmarks/random/P0.95N4L5M100T100-7.mltl,0.0,7799.2,sat
/home/michele/mltlsat/Benchmarks/random/P0.95N4L5M100T100-8.mltl,0.0,7791.2,sat
/home/michele/mltlsat/Benchmarks/random/P0.95N4L5M100T100-9.mltl,0.0,7795.2,sat
/home/michele/mltlsat/Benchmarks/random/P0.95N4L60M100T100-10.mltl,0.84,35449.6,sat
/home/michele/mltlsat/Benchmarks/random/P0.95N4L60M100T100-1.mltl,0.0,7805.6,sat
/home/michele/mltlsat/Benchmarks/random/P0.95N4L60M100T100-2.mltl,0.0,7792,sat
/home/michele/mltlsat/Benchmarks/random/P0.95N4L60M100T100-3.mltl,1.504,70781.6,sat
/home/michele/mltlsat/Benchmarks/random/P0.95N4L60M100T100-4.mltl,-1,-1,TO
/home/michele/mltlsat/Benchmarks/random/P0.95N4L60M100T100-5.mltl,1.714,227149.6,sat
/home/michele/mltlsat/Benchmarks/random/P0.95N4L60M100T100-6.mltl,0.026,20080.8,sat
/home/michele/mltlsat/Benchmarks/random/P0.95N4L60M100T100-7.mltl,0.0,7828,sat
/home/michele/mltlsat/Benchmarks/random/P0.95N4L60M100T100-8.mltl,-1,-1,TO
/home/michele/mltlsat/Benchmarks/random/P0.95N4L60M100T100-9.mltl,-1,-1,TO
/home/michele/mltlsat/Benchmarks/random/P0.95N4L65M100T100-10.mltl,-1,-1,TO
/home/michele/mltlsat/Benchmarks/random/P0.95N4L65M100T100-1.mltl,21.221999999999998,13344.8,sat
/home/michele/mltlsat/Benchmarks/random/P0.95N4L65M100T100-2.mltl,0.13,15486.4,sat
/home/michele/mltlsat/Benchmarks/random/P0.95N4L65M100T100-3.mltl,109.618,14238.4,sat
/home/michele/mltlsat/Benchmarks/random/P0.95N4L65M100T100-4.mltl,-1,-1,TO
/home/michele/mltlsat/Benchmarks/random/P0.95N4L65M100T100-5.mltl,-1,-1,TO
/home/michele/mltlsat/Benchmarks/random/P0.95N4L65M100T100-6.mltl,0.0,7788.8,sat
/home/michele/mltlsat/Benchmarks/random/P0.95N4L65M100T100-7.mltl,0.01,12384,sat
/home/michele/mltlsat/Benchmarks/random/P0.95N4L65M100T100-8.mltl,0.0,7802.4,sat
/home/michele/mltlsat/Benchmarks/random/P0.95N4L65M100T100-9.mltl,0.0,7803.2,sat
/home/michele/mltlsat/Benchmarks/random/P0.95N4L70M100T100-10.mltl,0.0,9351.2,sat
/home/michele/mltlsat/Benchmarks/random/P0.95N4L70M100T100-1.mltl,11.146,68938.4,sat
/home/michele/mltlsat/Benchmarks/random/P0.95N4L70M100T100-2.mltl,0.0,7798.4,sat
/home/michele/mltlsat/Benchmarks/random/P0.95N4L70M100T100-3.mltl,-1,-1,TO
/home/michele/mltlsat/Benchmarks/random/P0.95N4L70M100T100-4.mltl,0.0,7777.6,sat
/home/michele/mltlsat/Benchmarks/random/P0.95N4L70M100T100-5.mltl,-1,-1,TO
/home/michele/mltlsat/Benchmarks/random/P0.95N4L70M100T100-6.mltl,-1,-1,TO
/home/michele/mltlsat/Benchmarks/random/P0.95N4L70M100T100-7.mltl,0.0,7779.2,sat
/home/michele/mltlsat/Benchmarks/random/P0.95N4L70M100T100-8.mltl,0.13,24387.2,sat
/home/michele/mltlsat/Benchmarks/random/P0.95N4L70M100T100-9.mltl,0.0,7769.6,sat
/home/michele/mltlsat/Benchmarks/random/P0.95N4L75M100T100-10.mltl,0.31,30832,sat
/home/michele/mltlsat/Benchmarks/random/P0.95N4L75M100T100-1.mltl,0.0,9332.8,sat
/home/michele/mltlsat/Benchmarks/random/P0.95N4L75M100T100-2.mltl,0.742,90773.6,sat
/home/michele/mltlsat/Benchmarks/random/P0.95N4L75M100T100-3.mltl,0.02,16988.8,sat
/home/michele/mltlsat/Benchmarks/random/P0.95N4L75M100T100-4.mltl,-1,-1,TO
/home/michele/mltlsat/Benchmarks/random/P0.95N4L75M100T100-5.mltl,3.798,9327.2,sat
/home/michele/mltlsat/Benchmarks/random/P0.95N4L75M100T100-6.mltl,0.0,7799.2,sat
/home/michele/mltlsat/Benchmarks/random/P0.95N4L75M100T100-7.mltl,-1,-1,TO
/home/michele/mltlsat/Benchmarks/random/P0.95N4L75M100T100-8.mltl,-1,-1,TO
/home/michele/mltlsat/Benchmarks/random/P0.95N4L75M100T100-9.mltl,-1,-1,TO
/home/michele/mltlsat/Benchmarks/random/P0.95N4L80M100T100-10.mltl,-1,-1,TO
/home/michele/mltlsat/Benchmarks/random/P0.95N4L80M100T100-1.mltl,-1,-1,TO
/home/michele/mltlsat/Benchmarks/random/P0.95N4L80M100T100-2.mltl,0.0,7803.2,sat
/home/michele/mltlsat/Benchmarks/random/P0.95N4L80M100T100-3.mltl,0.02,15465.6,sat
/home/michele/mltlsat/Benchmarks/random/P0.95N4L80M100T100-4.mltl,0.0,7811.2,sat
/home/michele/mltlsat/Benchmarks/random/P0.95N4L80M100T100-5.mltl,0.0,7832.8,sat
/home/michele/mltlsat/Benchmarks/random/P0.95N4L80M100T100-6.mltl,0.0,7789.6,sat
/home/michele/mltlsat/Benchmarks/random/P0.95N4L80M100T100-7.mltl,0.0,7792.8,sat
/home/michele/mltlsat/Benchmarks/random/P0.95N4L80M100T100-8.mltl,0.0,9320.8,sat
/home/michele/mltlsat/Benchmarks/random/P0.95N4L80M100T100-9.mltl,-1,-1,TO
/home/michele/mltlsat/Benchmarks/random/P0.95N4L85M100T100-10.mltl,0.0,7804,sat
/home/michele/mltlsat/Benchmarks/random/P0.95N4L85M100T100-1.mltl,-1,-1,TO
/home/michele/mltlsat/Benchmarks/random/P0.95N4L85M100T100-2.mltl,-1,-1,TO
/home/michele/mltlsat/Benchmarks/random/P0.95N4L85M100T100-3.mltl,9.538,71996,sat
/home/michele/mltlsat/Benchmarks/random/P0.95N4L85M100T100-4.mltl,-1,-1,TO
/home/michele/mltlsat/Benchmarks/random/P0.95N4L85M100T100-5.mltl,-1,-1,TO
/home/michele/mltlsat/Benchmarks/random/P0.95N4L85M100T100-6.mltl,0.024,15452.8,sat
/home/michele/mltlsat/Benchmarks/random/P0.95N4L85M100T100-7.mltl,-1,-1,TO
/home/michele/mltlsat/Benchmarks/random/P0.95N4L85M100T100-8.mltl,0.0,7789.6,sat
/home/michele/mltlsat/Benchmarks/random/P0.95N4L85M100T100-9.mltl,0.0,7800.8,sat
/home/michele/mltlsat/Benchmarks/random/P0.95N4L90M100T100-10.mltl,-1,-1,TO
/home/michele/mltlsat/Benchmarks/random/P0.95N4L90M100T100-1.mltl,1.152,46177.6,sat
/home/michele/mltlsat/Benchmarks/random/P0.95N4L90M100T100-2.mltl,0.0,7805.6,sat
/home/michele/mltlsat/Benchmarks/random/P0.95N4L90M100T100-3.mltl,-1,-1,TO
/home/michele/mltlsat/Benchmarks/random/P0.95N4L90M100T100-4.mltl,-1,-1,TO
/home/michele/mltlsat/Benchmarks/random/P0.95N4L90M100T100-5.mltl,-1,-1,TO
/home/michele/mltlsat/Benchmarks/random/P0.95N4L90M100T100-6.mltl,0.192,98433.6,sat
/home/michele/mltlsat/Benchmarks/random/P0.95N4L90M100T100-7.mltl,-1,-1,TO
/home/michele/mltlsat/Benchmarks/random/P0.95N4L90M100T100-8.mltl,0.0,7807.2,sat
/home/michele/mltlsat/Benchmarks/random/P0.95N4L90M100T100-9.mltl,1.266,70770.4,sat
/home/michele/mltlsat/Benchmarks/random/P0.95N4L95M100T100-10.mltl,-1,-1,TO
/home/michele/mltlsat/Benchmarks/random/P0.95N4L95M100T100-1.mltl,0.0,7783.2,sat
/home/michele/mltlsat/Benchmarks/random/P0.95N4L95M100T100-2.mltl,-1,-1,TO
/home/michele/mltlsat/Benchmarks/random/P0.95N4L95M100T100-3.mltl,-1,-1,TO
/home/michele/mltlsat/Benchmarks/random/P0.95N4L95M100T100-4.mltl,-1,-1,TO
/home/michele/mltlsat/Benchmarks/random/P0.95N4L95M100T100-5.mltl,-1,-1,TO
/home/michele/mltlsat/Benchmarks/random/P0.95N4L95M100T100-6.mltl,0.206,20120.8,sat
/home/michele/mltlsat/Benchmarks/random/P0.95N4L95M100T100-7.mltl,-1,-1,TO
/home/michele/mltlsat/Benchmarks/random/P0.95N4L95M100T100-8.mltl,0.0,7800.8,sat
/home/michele/mltlsat/Benchmarks/random/P0.95N4L95M100T100-9.mltl,0.01,12397.6,sat
/home/michele/mltlsat/Benchmarks/random/P0.95N5L100M100T100-10.mltl,-1,-1,TO
/home/michele/mltlsat/Benchmarks/random/P0.95N5L100M100T100-1.mltl,-1,-1,TO
/home/michele/mltlsat/Benchmarks/random/P0.95N5L100M100T100-2.mltl,5.36,159869.6,sat
/home/michele/mltlsat/Benchmarks/random/P0.95N5L100M100T100-3.mltl,0.0,7800,sat
/home/michele/mltlsat/Benchmarks/random/P0.95N5L100M100T100-4.mltl,1.642,674433.6,sat
/home/michele/mltlsat/Benchmarks/random/P0.95N5L100M100T100-5.mltl,0.114,26215.2,sat
/home/michele/mltlsat/Benchmarks/random/P0.95N5L100M100T100-6.mltl,-1,-1,TO
/home/michele/mltlsat/Benchmarks/random/P0.95N5L100M100T100-7.mltl,-1,-1,TO
/home/michele/mltlsat/Benchmarks/random/P0.95N5L100M100T100-8.mltl,-1,-1,TO
/home/michele/mltlsat/Benchmarks/random/P0.95N5L100M100T100-9.mltl,20.222,1898272,sat
/home/michele/mltlsat/Benchmarks/random/P0.95N5L10M100T100-10.mltl,0.0,7782.4,sat
/home/michele/mltlsat/Benchmarks/random/P0.95N5L10M100T100-1.mltl,0.0,7805.6,sat
/home/michele/mltlsat/Benchmarks/random/P0.95N5L10M100T100-2.mltl,0.0,7787.2,sat
/home/michele/mltlsat/Benchmarks/random/P0.95N5L10M100T100-3.mltl,0.0,7790.4,sat
/home/michele/mltlsat/Benchmarks/random/P0.95N5L10M100T100-4.mltl,0.0,7791.2,sat
/home/michele/mltlsat/Benchmarks/random/P0.95N5L10M100T100-5.mltl,0.0,7799.2,sat
/home/michele/mltlsat/Benchmarks/random/P0.95N5L10M100T100-6.mltl,0.0,7780.8,sat
/home/michele/mltlsat/Benchmarks/random/P0.95N5L10M100T100-7.mltl,0.0,7816,sat
/home/michele/mltlsat/Benchmarks/random/P0.95N5L10M100T100-8.mltl,0.0,7780.8,sat
/home/michele/mltlsat/Benchmarks/random/P0.95N5L10M100T100-9.mltl,0.0,7780,sat
/home/michele/mltlsat/Benchmarks/random/P0.95N5L15M100T100-10.mltl,0.0,7806.4,sat
/home/michele/mltlsat/Benchmarks/random/P0.95N5L15M100T100-1.mltl,0.0,7824.8,sat
/home/michele/mltlsat/Benchmarks/random/P0.95N5L15M100T100-2.mltl,0.0,9328.8,sat
/home/michele/mltlsat/Benchmarks/random/P0.95N5L15M100T100-3.mltl,0.0,7817.6,sat
/home/michele/mltlsat/Benchmarks/random/P0.95N5L15M100T100-4.mltl,0.0,7800.8,sat
/home/michele/mltlsat/Benchmarks/random/P0.95N5L15M100T100-5.mltl,0.02,9332.8,sat
/home/michele/mltlsat/Benchmarks/random/P0.95N5L15M100T100-6.mltl,0.0,9306.4,sat
/home/michele/mltlsat/Benchmarks/random/P0.95N5L15M100T100-7.mltl,0.0,7784.8,sat
/home/michele/mltlsat/Benchmarks/random/P0.95N5L15M100T100-8.mltl,0.0,7804,sat
/home/michele/mltlsat/Benchmarks/random/P0.95N5L15M100T100-9.mltl,0.0,7804.8,sat
/home/michele/mltlsat/Benchmarks/random/P0.95N5L20M100T100-10.mltl,0.02,12426.4,sat
/home/michele/mltlsat/Benchmarks/random/P0.95N5L20M100T100-1.mltl,0.226,20096,sat
/home/michele/mltlsat/Benchmarks/random/P0.95N5L20M100T100-2.mltl,0.0,7781.6,sat
/home/michele/mltlsat/Benchmarks/random/P0.95N5L20M100T100-3.mltl,0.0,7803.2,sat
/home/michele/mltlsat/Benchmarks/random/P0.95N5L20M100T100-4.mltl,0.0,9325.6,sat
/home/michele/mltlsat/Benchmarks/random/P0.95N5L20M100T100-5.mltl,0.0,7815.2,sat
/home/michele/mltlsat/Benchmarks/random/P0.95N5L20M100T100-6.mltl,0.0,7800.8,sat
/home/michele/mltlsat/Benchmarks/random/P0.95N5L20M100T100-7.mltl,-1,-1,TO
/home/michele/mltlsat/Benchmarks/random/P0.95N5L20M100T100-8.mltl,0.0,10869.6,sat
/home/michele/mltlsat/Benchmarks/random/P0.95N5L20M100T100-9.mltl,0.0,7794.4,sat
/home/michele/mltlsat/Benchmarks/random/P0.95N5L25M100T100-10.mltl,0.01,9325.6,sat
/home/michele/mltlsat/Benchmarks/random/P0.95N5L25M100T100-1.mltl,0.0,7795.2,sat
/home/michele/mltlsat/Benchmarks/random/P0.95N5L25M100T100-2.mltl,0.0,7777.6,sat
/home/michele/mltlsat/Benchmarks/random/P0.95N5L25M100T100-3.mltl,0.0,7796.8,sat
/home/michele/mltlsat/Benchmarks/random/P0.95N5L25M100T100-4.mltl,0.0,7799.2,sat
/home/michele/mltlsat/Benchmarks/random/P0.95N5L25M100T100-5.mltl,0.0,9353.6,sat
/home/michele/mltlsat/Benchmarks/random/P0.95N5L25M100T100-6.mltl,-1,-1,TO
/home/michele/mltlsat/Benchmarks/random/P0.95N5L25M100T100-7.mltl,0.0,7801.6,sat
/home/michele/mltlsat/Benchmarks/random/P0.95N5L25M100T100-8.mltl,-1,-1,TO
/home/michele/mltlsat/Benchmarks/random/P0.95N5L25M100T100-9.mltl,0.14,64648.8,sat
/home/michele/mltlsat/Benchmarks/random/P0.95N5L30M100T100-10.mltl,0.0,7793.6,sat
/home/michele/mltlsat/Benchmarks/random/P0.95N5L30M100T100-1.mltl,0.0,9336.8,sat
/home/michele/mltlsat/Benchmarks/random/P0.95N5L30M100T100-2.mltl,0.03,10872.8,sat
/home/michele/mltlsat/Benchmarks/random/P0.95N5L30M100T100-3.mltl,-1,-1,TO
/home/michele/mltlsat/Benchmarks/random/P0.95N5L30M100T100-4.mltl,0.05,18558.4,sat
/home/michele/mltlsat/Benchmarks/random/P0.95N5L30M100T100-5.mltl,0.0,7801.6,sat
/home/michele/mltlsat/Benchmarks/random/P0.95N5L30M100T100-6.mltl,0.0,7782.4,sat
/home/michele/mltlsat/Benchmarks/random/P0.95N5L30M100T100-7.mltl,-1,-1,TO
/home/michele/mltlsat/Benchmarks/random/P0.95N5L30M100T100-8.mltl,0.0,10850.4,sat
/home/michele/mltlsat/Benchmarks/random/P0.95N5L30M100T100-9.mltl,0.052000000000000005,9321.6,sat
/home/michele/mltlsat/Benchmarks/random/P0.95N5L35M100T100-10.mltl,-1,-1,TO
/home/michele/mltlsat/Benchmarks/random/P0.95N5L35M100T100-1.mltl,0.194,13964,sat
/home/michele/mltlsat/Benchmarks/random/P0.95N5L35M100T100-2.mltl,0.0,9328.8,sat
/home/michele/mltlsat/Benchmarks/random/P0.95N5L35M100T100-3.mltl,2.134,18248,sat
/home/michele/mltlsat/Benchmarks/random/P0.95N5L35M100T100-4.mltl,0.58,41608.8,sat
/home/michele/mltlsat/Benchmarks/random/P0.95N5L35M100T100-5.mltl,0.0,7801.6,sat
/home/michele/mltlsat/Benchmarks/random/P0.95N5L35M100T100-6.mltl,0.0,7797.6,sat
/home/michele/mltlsat/Benchmarks/random/P0.95N5L35M100T100-7.mltl,0.122,15476,sat
/home/michele/mltlsat/Benchmarks/random/P0.95N5L35M100T100-8.mltl,0.03,20098.4,sat
/home/michele/mltlsat/Benchmarks/random/P0.95N5L35M100T100-9.mltl,0.0,7807.2,sat
/home/michele/mltlsat/Benchmarks/random/P0.95N5L40M100T100-10.mltl,0.31,33303.2,sat
/home/michele/mltlsat/Benchmarks/random/P0.95N5L40M100T100-1.mltl,0.454,24729.6,sat
/home/michele/mltlsat/Benchmarks/random/P0.95N5L40M100T100-2.mltl,2.278,24674.4,sat
/home/michele/mltlsat/Benchmarks/random/P0.95N5L40M100T100-3.mltl,-1,-1,TO
/home/michele/mltlsat/Benchmarks/random/P0.95N5L40M100T100-4.mltl,5.358,64636,sat
/home/michele/mltlsat/Benchmarks/random/P0.95N5L40M100T100-5.mltl,0.02,9318.4,sat
/home/michele/mltlsat/Benchmarks/random/P0.95N5L40M100T100-6.mltl,0.0,7794.4,sat
/home/michele/mltlsat/Benchmarks/random/P0.95N5L40M100T100-7.mltl,0.0,7797.6,sat
/home/michele/mltlsat/Benchmarks/random/P0.95N5L40M100T100-8.mltl,0.0,7796.8,sat
/home/michele/mltlsat/Benchmarks/random/P0.95N5L40M100T100-9.mltl,0.01,12395.2,sat
/home/michele/mltlsat/Benchmarks/random/P0.95N5L45M100T100-10.mltl,0.0,9334.4,sat
/home/michele/mltlsat/Benchmarks/random/P0.95N5L45M100T100-1.mltl,0.0,7802.4,sat
/home/michele/mltlsat/Benchmarks/random/P0.95N5L45M100T100-2.mltl,0.906,95387.2,sat
/home/michele/mltlsat/Benchmarks/random/P0.95N5L45M100T100-3.mltl,0.196,10880,sat
/home/michele/mltlsat/Benchmarks/random/P0.95N5L45M100T100-4.mltl,0.01,9313.6,sat
/home/michele/mltlsat/Benchmarks/random/P0.95N5L45M100T100-5.mltl,-1,-1,TO
/home/michele/mltlsat/Benchmarks/random/P0.95N5L45M100T100-6.mltl,0.04,9038.4,sat
/home/michele/mltlsat/Benchmarks/random/P0.95N5L45M100T100-7.mltl,0.12,9340.8,sat
/home/michele/mltlsat/Benchmarks/random/P0.95N5L45M100T100-8.mltl,-1,-1,TO
/home/michele/mltlsat/Benchmarks/random/P0.95N5L45M100T100-9.mltl,0.0,9304.8,sat
/home/michele/mltlsat/Benchmarks/random/P0.95N5L50M100T100-10.mltl,0.0,7804.8,sat
/home/michele/mltlsat/Benchmarks/random/P0.95N5L50M100T100-1.mltl,0.0,9349.6,sat
/home/michele/mltlsat/Benchmarks/random/P0.95N5L50M100T100-2.mltl,0.06,12397.6,sat
/home/michele/mltlsat/Benchmarks/random/P0.95N5L50M100T100-3.mltl,-1,-1,TO
/home/michele/mltlsat/Benchmarks/random/P0.95N5L50M100T100-4.mltl,0.0,7803.2,sat
/home/michele/mltlsat/Benchmarks/random/P0.95N5L50M100T100-5.mltl,0.0,7802.4,sat
/home/michele/mltlsat/Benchmarks/random/P0.95N5L50M100T100-6.mltl,-1,-1,TO
/home/michele/mltlsat/Benchmarks/random/P0.95N5L50M100T100-7.mltl,1.93,758890.4,sat
/home/michele/mltlsat/Benchmarks/random/P0.95N5L50M100T100-8.mltl,0.0,7807.2,sat
/home/michele/mltlsat/Benchmarks/random/P0.95N5L50M100T100-9.mltl,-1,-1,TO
/home/michele/mltlsat/Benchmarks/random/P0.95N5L55M100T100-10.mltl,-1,-1,TO
/home/michele/mltlsat/Benchmarks/random/P0.95N5L55M100T100-1.mltl,-1,-1,TO
/home/michele/mltlsat/Benchmarks/random/P0.95N5L55M100T100-2.mltl,-1,-1,TO
/home/michele/mltlsat/Benchmarks/random/P0.95N5L55M100T100-3.mltl,0.0,10853.6,sat
/home/michele/mltlsat/Benchmarks/random/P0.95N5L55M100T100-4.mltl,0.0,7801.6,sat
/home/michele/mltlsat/Benchmarks/random/P0.95N5L55M100T100-5.mltl,0.04,24688.8,sat
/home/michele/mltlsat/Benchmarks/random/P0.95N5L55M100T100-6.mltl,0.08,12416,sat
/home/michele/mltlsat/Benchmarks/random/P0.95N5L55M100T100-7.mltl,0.356,83084.8,sat
/home/michele/mltlsat/Benchmarks/random/P0.95N5L55M100T100-8.mltl,-1,-1,TO
/home/michele/mltlsat/Benchmarks/random/P0.95N5L55M100T100-9.mltl,-1,-1,TO
/home/michele/mltlsat/Benchmarks/random/P0.95N5L5M100T100-10.mltl,0.0,7804,sat
/home/michele/mltlsat/Benchmarks/random/P0.95N5L5M100T100-1.mltl,0.0,7784,sat
/home/michele/mltlsat/Benchmarks/random/P0.95N5L5M100T100-2.mltl,0.0,7792.8,sat
/home/michele/mltlsat/Benchmarks/random/P0.95N5L5M100T100-3.mltl,0.0,7806.4,sat
/home/michele/mltlsat/Benchmarks/random/P0.95N5L5M100T100-4.mltl,0.0,7797.6,sat
/home/michele/mltlsat/Benchmarks/random/P0.95N5L5M100T100-5.mltl,0.0,7787.2,sat
/home/michele/mltlsat/Benchmarks/random/P0.95N5L5M100T100-6.mltl,0.0,7797.6,sat
/home/michele/mltlsat/Benchmarks/random/P0.95N5L5M100T100-7.mltl,0.0,7816,sat
/home/michele/mltlsat/Benchmarks/random/P0.95N5L5M100T100-8.mltl,0.0,7482.4,sat
/home/michele/mltlsat/Benchmarks/random/P0.95N5L5M100T100-9.mltl,0.0,7780.8,sat
/home/michele/mltlsat/Benchmarks/random/P0.95N5L60M100T100-10.mltl,-1,-1,TO
/home/michele/mltlsat/Benchmarks/random/P0.95N5L60M100T100-1.mltl,0.0,7764,sat
/home/michele/mltlsat/Benchmarks/random/P0.95N5L60M100T100-2.mltl,-1,-1,TO
/home/michele/mltlsat/Benchmarks/random/P0.95N5L60M100T100-3.mltl,0.066,26212.8,sat
/home/michele/mltlsat/Benchmarks/random/P0.95N5L60M100T100-4.mltl,-1,-1,TO
/home/michele/mltlsat/Benchmarks/random/P0.95N5L60M100T100-5.mltl,0.0,7784.8,sat
/home/michele/mltlsat/Benchmarks/random/P0.95N5L60M100T100-6.mltl,0.0,7774.4,sat
/home/michele/mltlsat/Benchmarks/random/P0.95N5L60M100T100-7.mltl,0.03,12106.4,sat
/home/michele/mltlsat/Benchmarks/random/P0.95N5L60M100T100-8.mltl,0.0,7795.2,sat
/home/michele/mltlsat/Benchmarks/random/P0.95N5L60M100T100-9.mltl,8.39,106085.6,sat
/home/michele/mltlsat/Benchmarks/random/P0.95N5L65M100T100-10.mltl,0.10200000000000001,12409.6,sat
/home/michele/mltlsat/Benchmarks/random/P0.95N5L65M100T100-1.mltl,0.12,9328,sat
/home/michele/mltlsat/Benchmarks/random/P0.95N5L65M100T100-2.mltl,-1,-1,TO
/home/michele/mltlsat/Benchmarks/random/P0.95N5L65M100T100-3.mltl,0.0,7784.8,sat
/home/michele/mltlsat/Benchmarks/random/P0.95N5L65M100T100-4.mltl,0.0,9324,sat
/home/michele/mltlsat/Benchmarks/random/P0.95N5L65M100T100-5.mltl,-1,-1,TO
/home/michele/mltlsat/Benchmarks/random/P0.95N5L65M100T100-6.mltl,0.0,7778.4,sat
/home/michele/mltlsat/Benchmarks/random/P0.95N5L65M100T100-7.mltl,0.962,76935.2,sat
/home/michele/mltlsat/Benchmarks/random/P0.95N5L65M100T100-8.mltl,-1,-1,TO
/home/michele/mltlsat/Benchmarks/random/P0.95N5L65M100T100-9.mltl,-1,-1,TO
/home/michele/mltlsat/Benchmarks/random/P0.95N5L70M100T100-10.mltl,-1,-1,TO
/home/michele/mltlsat/Benchmarks/random/P0.95N5L70M100T100-1.mltl,0.0,7786.4,sat
/home/michele/mltlsat/Benchmarks/random/P0.95N5L70M100T100-2.mltl,0.0,9338.4,sat
/home/michele/mltlsat/Benchmarks/random/P0.95N5L70M100T100-3.mltl,-1,-1,TO
/home/michele/mltlsat/Benchmarks/random/P0.95N5L70M100T100-4.mltl,29.42,256333.6,sat
/home/michele/mltlsat/Benchmarks/random/P0.95N5L70M100T100-5.mltl,-1,-1,TO
/home/michele/mltlsat/Benchmarks/random/P0.95N5L70M100T100-6.mltl,0.0,9336,sat
/home/michele/mltlsat/Benchmarks/random/P0.95N5L70M100T100-7.mltl,-1,-1,TO
/home/michele/mltlsat/Benchmarks/random/P0.95N5L70M100T100-8.mltl,0.1,23163.2,sat
/home/michele/mltlsat/Benchmarks/random/P0.95N5L70M100T100-9.mltl,-1,-1,TO
/home/michele/mltlsat/Benchmarks/random/P0.95N5L75M100T100-10.mltl,-1,-1,TO
/home/michele/mltlsat/Benchmarks/random/P0.95N5L75M100T100-1.mltl,0.01,10848.8,sat
/home/michele/mltlsat/Benchmarks/random/P0.95N5L75M100T100-2.mltl,0.638,21021.6,sat
/home/michele/mltlsat/Benchmarks/random/P0.95N5L75M100T100-3.mltl,-1,-1,TO
/home/michele/mltlsat/Benchmarks/random/P0.95N5L75M100T100-4.mltl,2.032,24359.2,sat
/home/michele/mltlsat/Benchmarks/random/P0.95N5L75M100T100-5.mltl,-1,-1,TO
/home/michele/mltlsat/Benchmarks/random/P0.95N5L75M100T100-6.mltl,0.0,9311.2,sat
/home/michele/mltlsat/Benchmarks/random/P0.95N5L75M100T100-7.mltl,-1,-1,TO
/home/michele/mltlsat/Benchmarks/random/P0.95N5L75M100T100-8.mltl,-1,-1,TO
/home/michele/mltlsat/Benchmarks/random/P0.95N5L75M100T100-9.mltl,-1,-1,TO
/home/michele/mltlsat/Benchmarks/random/P0.95N5L80M100T100-10.mltl,0.0,7822.4,sat
/home/michele/mltlsat/Benchmarks/random/P0.95N5L80M100T100-1.mltl,-1,-1,TO
/home/michele/mltlsat/Benchmarks/random/P0.95N5L80M100T100-2.mltl,0.05,29316,sat
/home/michele/mltlsat/Benchmarks/random/P0.95N5L80M100T100-3.mltl,-1,-1,TO
/home/michele/mltlsat/Benchmarks/random/P0.95N5L80M100T100-4.mltl,-1,-1,TO
/home/michele/mltlsat/Benchmarks/random/P0.95N5L80M100T100-5.mltl,0.052000000000000005,18545.6,sat
/home/michele/mltlsat/Benchmarks/random/P0.95N5L80M100T100-6.mltl,0.0,9320,sat
/home/michele/mltlsat/Benchmarks/random/P0.95N5L80M100T100-7.mltl,0.04,10876.8,sat
/home/michele/mltlsat/Benchmarks/random/P0.95N5L80M100T100-8.mltl,-1,-1,TO
/home/michele/mltlsat/Benchmarks/random/P0.95N5L80M100T100-9.mltl,0.0,7784.8,sat
/home/michele/mltlsat/Benchmarks/random/P0.95N5L85M100T100-10.mltl,-1,-1,TO
/home/michele/mltlsat/Benchmarks/random/P0.95N5L85M100T100-1.mltl,0.04,12421.6,sat
/home/michele/mltlsat/Benchmarks/random/P0.95N5L85M100T100-2.mltl,-1,-1,TO
/home/michele/mltlsat/Benchmarks/random/P0.95N5L85M100T100-3.mltl,0.0,7792.8,sat
/home/michele/mltlsat/Benchmarks/random/P0.95N5L85M100T100-4.mltl,-1,-1,TO
/home/michele/mltlsat/Benchmarks/random/P0.95N5L85M100T100-5.mltl,-1,-1,TO
/home/michele/mltlsat/Benchmarks/random/P0.95N5L85M100T100-6.mltl,0.0,9337.6,sat
/home/michele/mltlsat/Benchmarks/random/P0.95N5L85M100T100-7.mltl,1.758,400704,sat
/home/michele/mltlsat/Benchmarks/random/P0.95N5L85M100T100-8.mltl,-1,-1,TO
/home/michele/mltlsat/Benchmarks/random/P0.95N5L85M100T100-9.mltl,0.0,9325.6,sat
/home/michele/mltlsat/Benchmarks/random/P0.95N5L90M100T100-10.mltl,-1,-1,TO
/home/michele/mltlsat/Benchmarks/random/P0.95N5L90M100T100-1.mltl,-1,-1,TO
/home/michele/mltlsat/Benchmarks/random/P0.95N5L90M100T100-2.mltl,0.0,7801.6,sat
/home/michele/mltlsat/Benchmarks/random/P0.95N5L90M100T100-3.mltl,-1,-1,TO
/home/michele/mltlsat/Benchmarks/random/P0.95N5L90M100T100-4.mltl,-1,-1,TO
/home/michele/mltlsat/Benchmarks/random/P0.95N5L90M100T100-5.mltl,3.452,267092.8,sat
/home/michele/mltlsat/Benchmarks/random/P0.95N5L90M100T100-6.mltl,-1,-1,TO
/home/michele/mltlsat/Benchmarks/random/P0.95N5L90M100T100-7.mltl,-1,-1,TO
/home/michele/mltlsat/Benchmarks/random/P0.95N5L90M100T100-8.mltl,-1,-1,TO
/home/michele/mltlsat/Benchmarks/random/P0.95N5L90M100T100-9.mltl,0.01,12412,sat
/home/michele/mltlsat/Benchmarks/random/P0.95N5L95M100T100-10.mltl,-1,-1,TO
/home/michele/mltlsat/Benchmarks/random/P0.95N5L95M100T100-1.mltl,-1,-1,TO
/home/michele/mltlsat/Benchmarks/random/P0.95N5L95M100T100-2.mltl,-1,-1,TO
/home/michele/mltlsat/Benchmarks/random/P0.95N5L95M100T100-3.mltl,0.01,12408.8,sat
/home/michele/mltlsat/Benchmarks/random/P0.95N5L95M100T100-4.mltl,-1,-1,TO
/home/michele/mltlsat/Benchmarks/random/P0.95N5L95M100T100-5.mltl,0.0,9328.8,sat
/home/michele/mltlsat/Benchmarks/random/P0.95N5L95M100T100-6.mltl,-1,-1,TO
/home/michele/mltlsat/Benchmarks/random/P0.95N5L95M100T100-7.mltl,0.0,10878.4,sat
/home/michele/mltlsat/Benchmarks/random/P0.95N5L95M100T100-8.mltl,1.53,52027.2,sat
/home/michele/mltlsat/Benchmarks/random/P0.95N5L95M100T100-9.mltl,-1,-1,TO
