Name,Time (s),Total memory (KiB),Result
/home/michele/mltlsat/Benchmarks/random/P0.333333333333333N1L100M100T100-10.mltl,0.348,17307.2,sat
/home/michele/mltlsat/Benchmarks/random/P0.333333333333333N1L100M100T100-1.mltl,0.34,17307.2,sat
/home/michele/mltlsat/Benchmarks/random/P0.333333333333333N1L100M100T100-2.mltl,0.35,17322.4,sat
/home/michele/mltlsat/Benchmarks/random/P0.333333333333333N1L100M100T100-3.mltl,0.35,17011.2,unsat
/home/michele/mltlsat/Benchmarks/random/P0.333333333333333N1L100M100T100-4.mltl,0.346,17009.6,sat
/home/michele/mltlsat/Benchmarks/random/P0.333333333333333N1L100M100T100-5.mltl,0.354,20396.8,sat
/home/michele/mltlsat/Benchmarks/random/P0.333333333333333N1L100M100T100-6.mltl,0.348,17002.4,sat
/home/michele/mltlsat/Benchmarks/random/P0.333333333333333N1L100M100T100-7.mltl,0.356,16980,sat
/home/michele/mltlsat/Benchmarks/random/P0.333333333333333N1L100M100T100-8.mltl,0.358,17002.4,sat
/home/michele/mltlsat/Benchmarks/random/P0.333333333333333N1L100M100T100-9.mltl,0.358,16997.6,sat
/home/michele/mltlsat/Benchmarks/random/P0.333333333333333N1L10M100T100-10.mltl,0.364,17003.2,sat
/home/michele/mltlsat/Benchmarks/random/P0.333333333333333N1L10M100T100-1.mltl,0.37,17016,sat
/home/michele/mltlsat/Benchmarks/random/P0.333333333333333N1L10M100T100-2.mltl,0.36,17022.4,sat
/home/michele/mltlsat/Benchmarks/random/P0.333333333333333N1L10M100T100-3.mltl,0.364,17012.8,sat
/home/michele/mltlsat/Benchmarks/random/P0.333333333333333N1L10M100T100-4.mltl,0.38,16995.2,sat
/home/michele/mltlsat/Benchmarks/random/P0.333333333333333N1L10M100T100-5.mltl,0.36,17327.2,sat
/home/michele/mltlsat/Benchmarks/random/P0.333333333333333N1L10M100T100-6.mltl,0.37,17017.6,sat
/home/michele/mltlsat/Benchmarks/random/P0.333333333333333N1L10M100T100-7.mltl,0.37,17015.2,sat
/home/michele/mltlsat/Benchmarks/random/P0.333333333333333N1L10M100T100-8.mltl,0.368,17025.6,sat
/home/michele/mltlsat/Benchmarks/random/P0.333333333333333N1L10M100T100-9.mltl,0.374,17019.2,unsat
/home/michele/mltlsat/Benchmarks/random/P0.333333333333333N1L15M100T100-10.mltl,0.39,37128.8,sat
/home/michele/mltlsat/Benchmarks/random/P0.333333333333333N1L15M100T100-1.mltl,0.366,17026.4,sat
/home/michele/mltlsat/Benchmarks/random/P0.333333333333333N1L15M100T100-2.mltl,0.374,16671.2,sat
/home/michele/mltlsat/Benchmarks/random/P0.333333333333333N1L15M100T100-3.mltl,0.37,17324.8,sat
/home/michele/mltlsat/Benchmarks/random/P0.333333333333333N1L15M100T100-4.mltl,0.38,17008.8,sat
/home/michele/mltlsat/Benchmarks/random/P0.333333333333333N1L15M100T100-5.mltl,0.372,17016,sat
/home/michele/mltlsat/Benchmarks/random/P0.333333333333333N1L15M100T100-6.mltl,0.366,16998.4,sat
/home/michele/mltlsat/Benchmarks/random/P0.333333333333333N1L15M100T100-7.mltl,0.374,17012.8,sat
/home/michele/mltlsat/Benchmarks/random/P0.333333333333333N1L15M100T100-8.mltl,0.374,17004.8,sat
/home/michele/mltlsat/Benchmarks/random/P0.333333333333333N1L15M100T100-9.mltl,0.372,17008.8,sat
/home/michele/mltlsat/Benchmarks/random/P0.333333333333333N1L20M100T100-10.mltl,0.378,17005.6,unsat
/home/michele/mltlsat/Benchmarks/random/P0.333333333333333N1L20M100T100-1.mltl,0.384,17005.6,sat
/home/michele/mltlsat/Benchmarks/random/P0.333333333333333N1L20M100T100-2.mltl,0.38,17292.8,unsat
/home/michele/mltlsat/Benchmarks/random/P0.333333333333333N1L20M100T100-3.mltl,0.374,17021.6,sat
/home/michele/mltlsat/Benchmarks/random/P0.333333333333333N1L20M100T100-4.mltl,0.378,16700.8,sat
/home/michele/mltlsat/Benchmarks/random/P0.333333333333333N1L20M100T100-5.mltl,0.374,17026.4,unsat
/home/michele/mltlsat/Benchmarks/random/P0.333333333333333N1L20M100T100-6.mltl,0.364,17316,sat
/home/michele/mltlsat/Benchmarks/random/P0.333333333333333N1L20M100T100-7.mltl,0.386,33676.8,sat
/home/michele/mltlsat/Benchmarks/random/P0.333333333333333N1L20M100T100-8.mltl,0.372,17003.2,sat
/home/michele/mltlsat/Benchmarks/random/P0.333333333333333N1L20M100T100-9.mltl,0.374,16990.4,sat
/home/michele/mltlsat/Benchmarks/random/P0.333333333333333N1L25M100T100-10.mltl,0.37,17001.6,sat
/home/michele/mltlsat/Benchmarks/random/P0.333333333333333N1L25M100T100-1.mltl,0.368,16707.2,unsat
/home/michele/mltlsat/Benchmarks/random/P0.333333333333333N1L25M100T100-2.mltl,0.374,17000,sat
/home/michele/mltlsat/Benchmarks/random/P0.333333333333333N1L25M100T100-3.mltl,0.386,16980.8,sat
/home/michele/mltlsat/Benchmarks/random/P0.333333333333333N1L25M100T100-4.mltl,0.388,16993.6,unsat
/home/michele/mltlsat/Benchmarks/random/P0.333333333333333N1L25M100T100-5.mltl,0.388,20110.4,sat
/home/michele/mltlsat/Benchmarks/random/P0.333333333333333N1L25M100T100-6.mltl,0.388,16984.8,sat
/home/michele/mltlsat/Benchmarks/random/P0.333333333333333N1L25M100T100-7.mltl,0.38,17008,sat
/home/michele/mltlsat/Benchmarks/random/P0.333333333333333N1L25M100T100-8.mltl,0.386,17000.8,unsat
/home/michele/mltlsat/Benchmarks/random/P0.333333333333333N1L25M100T100-9.mltl,0.368,17018.4,sat
/home/michele/mltlsat/Benchmarks/random/P0.333333333333333N1L30M100T100-10.mltl,0.376,17002.4,sat
/home/michele/mltlsat/Benchmarks/random/P0.333333333333333N1L30M100T100-1.mltl,0.368,17314.4,unsat
/home/michele/mltlsat/Benchmarks/random/P0.333333333333333N1L30M100T100-2.mltl,0.372,17332,sat
/home/michele/mltlsat/Benchmarks/random/P0.333333333333333N1L30M100T100-3.mltl,0.376,17005.6,unsat
/home/michele/mltlsat/Benchmarks/random/P0.333333333333333N1L30M100T100-4.mltl,0.384,16997.6,sat
/home/michele/mltlsat/Benchmarks/random/P0.333333333333333N1L30M100T100-5.mltl,0.378,17024,unsat
/home/michele/mltlsat/Benchmarks/random/P0.333333333333333N1L30M100T100-6.mltl,0.374,17307.2,unsat
/home/michele/mltlsat/Benchmarks/random/P0.333333333333333N1L30M100T100-7.mltl,0.376,17023.2,unsat
/home/michele/mltlsat/Benchmarks/random/P0.333333333333333N1L30M100T100-8.mltl,0.38,16992,sat
/home/michele/mltlsat/Benchmarks/random/P0.333333333333333N1L30M100T100-9.mltl,0.39,25946.4,sat
/home/michele/mltlsat/Benchmarks/random/P0.333333333333333N1L35M100T100-10.mltl,0.378,17036.8,sat
/home/michele/mltlsat/Benchmarks/random/P0.333333333333333N1L35M100T100-1.mltl,0.384,17004,sat
/home/michele/mltlsat/Benchmarks/random/P0.333333333333333N1L35M100T100-2.mltl,0.38,17310.4,unsat
/home/michele/mltlsat/Benchmarks/random/P0.333333333333333N1L35M100T100-3.mltl,0.372,17336,sat
/home/michele/mltlsat/Benchmarks/random/P0.333333333333333N1L35M100T100-4.mltl,0.386,17014.4,sat
/home/michele/mltlsat/Benchmarks/random/P0.333333333333333N1L35M100T100-5.mltl,0.384,17009.6,sat
/home/michele/mltlsat/Benchmarks/random/P0.333333333333333N1L35M100T100-6.mltl,0.388,17019.2,sat
/home/michele/mltlsat/Benchmarks/random/P0.333333333333333N1L35M100T100-7.mltl,0.39,17018.4,sat
/home/michele/mltlsat/Benchmarks/random/P0.333333333333333N1L35M100T100-8.mltl,0.39,16987.2,unsat
/home/michele/mltlsat/Benchmarks/random/P0.333333333333333N1L35M100T100-9.mltl,0.39,17004.8,sat
/home/michele/mltlsat/Benchmarks/random/P0.333333333333333N1L40M100T100-10.mltl,0.384,17318.4,sat
/home/michele/mltlsat/Benchmarks/random/P0.333333333333333N1L40M100T100-1.mltl,0.40599999999999997,17008.8,sat
/home/michele/mltlsat/Benchmarks/random/P0.333333333333333N1L40M100T100-2.mltl,0.402,16992.8,sat
/home/michele/mltlsat/Benchmarks/random/P0.333333333333333N1L40M100T100-3.mltl,0.398,16999.2,sat
/home/michele/mltlsat/Benchmarks/random/P0.333333333333333N1L40M100T100-4.mltl,0.396,17028,sat
/home/michele/mltlsat/Benchmarks/random/P0.333333333333333N1L40M100T100-5.mltl,0.402,17010.4,sat
/home/michele/mltlsat/Benchmarks/random/P0.333333333333333N1L40M100T100-6.mltl,0.4,17004,sat
/home/michele/mltlsat/Benchmarks/random/P0.333333333333333N1L40M100T100-7.mltl,0.382,16997.6,sat
/home/michele/mltlsat/Benchmarks/random/P0.333333333333333N1L40M100T100-8.mltl,0.398,16977.6,sat
/home/michele/mltlsat/Benchmarks/random/P0.333333333333333N1L40M100T100-9.mltl,0.402,16995.2,sat
/home/michele/mltlsat/Benchmarks/random/P0.333333333333333N1L45M100T100-10.mltl,0.394,17007.2,sat
/home/michele/mltlsat/Benchmarks/random/P0.333333333333333N1L45M100T100-1.mltl,0.396,16695.2,sat
/home/michele/mltlsat/Benchmarks/random/P0.333333333333333N1L45M100T100-2.mltl,0.386,17013.6,sat
/home/michele/mltlsat/Benchmarks/random/P0.333333333333333N1L45M100T100-3.mltl,0.4,16992,sat
/home/michele/mltlsat/Benchmarks/random/P0.333333333333333N1L45M100T100-4.mltl,0.392,17008,sat
/home/michele/mltlsat/Benchmarks/random/P0.333333333333333N1L45M100T100-5.mltl,0.414,16685.6,unsat
/home/michele/mltlsat/Benchmarks/random/P0.333333333333333N1L45M100T100-6.mltl,0.404,16990.4,sat
/home/michele/mltlsat/Benchmarks/random/P0.333333333333333N1L45M100T100-7.mltl,0.412,17012,sat
/home/michele/mltlsat/Benchmarks/random/P0.333333333333333N1L45M100T100-8.mltl,0.408,16726.4,sat
/home/michele/mltlsat/Benchmarks/random/P0.333333333333333N1L45M100T100-9.mltl,0.41,17000.8,sat
/home/michele/mltlsat/Benchmarks/random/P0.333333333333333N1L50M100T100-10.mltl,0.408,16996,unsat
/home/michele/mltlsat/Benchmarks/random/P0.333333333333333N1L50M100T100-1.mltl,0.414,35873.6,sat
/home/michele/mltlsat/Benchmarks/random/P0.333333333333333N1L50M100T100-2.mltl,0.412,16997.6,sat
/home/michele/mltlsat/Benchmarks/random/P0.333333333333333N1L50M100T100-3.mltl,0.422,17025.6,sat
/home/michele/mltlsat/Benchmarks/random/P0.333333333333333N1L50M100T100-4.mltl,0.416,16991.2,sat
/home/michele/mltlsat/Benchmarks/random/P0.333333333333333N1L50M100T100-5.mltl,0.412,17010.4,sat
/home/michele/mltlsat/Benchmarks/random/P0.333333333333333N1L50M100T100-6.mltl,0.414,17002.4,sat
/home/michele/mltlsat/Benchmarks/random/P0.333333333333333N1L50M100T100-7.mltl,0.412,16688,sat
/home/michele/mltlsat/Benchmarks/random/P0.333333333333333N1L50M100T100-8.mltl,0.408,16995.2,sat
/home/michele/mltlsat/Benchmarks/random/P0.333333333333333N1L50M100T100-9.mltl,0.432,17002.4,sat
/home/michele/mltlsat/Benchmarks/random/P0.333333333333333N1L55M100T100-10.mltl,0.46799999999999997,20397.6,sat
/home/michele/mltlsat/Benchmarks/random/P0.333333333333333N1L55M100T100-1.mltl,0.43,17015.2,unsat
/home/michele/mltlsat/Benchmarks/random/P0.333333333333333N1L55M100T100-2.mltl,0.434,17016,sat
/home/michele/mltlsat/Benchmarks/random/P0.333333333333333N1L55M100T100-3.mltl,0.436,17010.4,sat
/home/michele/mltlsat/Benchmarks/random/P0.333333333333333N1L55M100T100-4.mltl,0.436,16992,sat
/home/michele/mltlsat/Benchmarks/random/P0.333333333333333N1L55M100T100-5.mltl,0.448,17026.4,sat
/home/michele/mltlsat/Benchmarks/random/P0.333333333333333N1L55M100T100-6.mltl,0.454,17023.2,sat
/home/michele/mltlsat/Benchmarks/random/P0.333333333333333N1L55M100T100-7.mltl,0.462,16987.2,sat
/home/michele/mltlsat/Benchmarks/random/P0.333333333333333N1L55M100T100-8.mltl,0.486,38040.8,sat
/home/michele/mltlsat/Benchmarks/random/P0.333333333333333N1L55M100T100-9.mltl,0.45,17017.6,sat
/home/michele/mltlsat/Benchmarks/random/P0.333333333333333N1L5M100T100-10.mltl,0.456,17017.6,sat
/home/michele/mltlsat/Benchmarks/random/P0.333333333333333N1L5M100T100-1.mltl,0.47,16691.2,sat
/home/michele/mltlsat/Benchmarks/random/P0.333333333333333N1L5M100T100-2.mltl,0.422,17010.4,sat
/home/michele/mltlsat/Benchmarks/random/P0.333333333333333N1L5M100T100-3.mltl,0.422,16990.4,sat
/home/michele/mltlsat/Benchmarks/random/P0.333333333333333N1L5M100T100-4.mltl,0.432,17017.6,sat
/home/michele/mltlsat/Benchmarks/random/P0.333333333333333N1L5M100T100-5.mltl,0.422,17020,sat
/home/michele/mltlsat/Benchmarks/random/P0.333333333333333N1L5M100T100-6.mltl,0.42,16987.2,sat
/home/michele/mltlsat/Benchmarks/random/P0.333333333333333N1L5M100T100-7.mltl,0.428,16699.2,sat
/home/michele/mltlsat/Benchmarks/random/P0.333333333333333N1L5M100T100-8.mltl,0.432,17017.6,sat
/home/michele/mltlsat/Benchmarks/random/P0.333333333333333N1L5M100T100-9.mltl,0.424,17004,sat
/home/michele/mltlsat/Benchmarks/random/P0.333333333333333N1L60M100T100-10.mltl,0.426,16995.2,unsat
/home/michele/mltlsat/Benchmarks/random/P0.333333333333333N1L60M100T100-1.mltl,0.46799999999999997,36511.2,sat
/home/michele/mltlsat/Benchmarks/random/P0.333333333333333N1L60M100T100-2.mltl,0.422,17024,sat
/home/michele/mltlsat/Benchmarks/random/P0.333333333333333N1L60M100T100-3.mltl,0.428,17003.2,unsat
/home/michele/mltlsat/Benchmarks/random/P0.333333333333333N1L60M100T100-4.mltl,0.422,16999.2,sat
/home/michele/mltlsat/Benchmarks/random/P0.333333333333333N1L60M100T100-5.mltl,0.45,17006.4,sat
/home/michele/mltlsat/Benchmarks/random/P0.333333333333333N1L60M100T100-6.mltl,0.476,17019.2,sat
/home/michele/mltlsat/Benchmarks/random/P0.333333333333333N1L60M100T100-7.mltl,0.48400000000000004,16987.2,unsat
/home/michele/mltlsat/Benchmarks/random/P0.333333333333333N1L60M100T100-8.mltl,0.492,16996.8,sat
/home/michele/mltlsat/Benchmarks/random/P0.333333333333333N1L60M100T100-9.mltl,0.498,16999.2,sat
/home/michele/mltlsat/Benchmarks/random/P0.333333333333333N1L65M100T100-10.mltl,0.492,17006.4,sat
/home/michele/mltlsat/Benchmarks/random/P0.333333333333333N1L65M100T100-1.mltl,0.512,17022.4,sat
/home/michele/mltlsat/Benchmarks/random/P0.333333333333333N1L65M100T100-2.mltl,0.494,16984.8,unsat
/home/michele/mltlsat/Benchmarks/random/P0.333333333333333N1L65M100T100-3.mltl,0.5539999999999999,17001.6,sat
/home/michele/mltlsat/Benchmarks/random/P0.333333333333333N1L65M100T100-4.mltl,0.568,17020.8,sat
/home/michele/mltlsat/Benchmarks/random/P0.333333333333333N1L65M100T100-5.mltl,0.628,18856,sat
/home/michele/mltlsat/Benchmarks/random/P0.333333333333333N1L65M100T100-6.mltl,0.574,16998.4,sat
/home/michele/mltlsat/Benchmarks/random/P0.333333333333333N1L65M100T100-7.mltl,0.594,16984,sat
/home/michele/mltlsat/Benchmarks/random/P0.333333333333333N1L65M100T100-8.mltl,0.58,17010.4,unsat
/home/michele/mltlsat/Benchmarks/random/P0.333333333333333N1L65M100T100-9.mltl,0.594,16990.4,sat
/home/michele/mltlsat/Benchmarks/random/P0.333333333333333N1L70M100T100-10.mltl,0.604,16981.6,unsat
/home/michele/mltlsat/Benchmarks/random/P0.333333333333333N1L70M100T100-1.mltl,0.6,17004.8,sat
/home/michele/mltlsat/Benchmarks/random/P0.333333333333333N1L70M100T100-2.mltl,0.614,17001.6,sat
/home/michele/mltlsat/Benchmarks/random/P0.333333333333333N1L70M100T100-3.mltl,0.63,17318.4,sat
/home/michele/mltlsat/Benchmarks/random/P0.333333333333333N1L70M100T100-4.mltl,0.596,17008.8,sat
/home/michele/mltlsat/Benchmarks/random/P0.333333333333333N1L70M100T100-5.mltl,0.602,16983.2,sat
/home/michele/mltlsat/Benchmarks/random/P0.333333333333333N1L70M100T100-6.mltl,0.608,17020,sat
/home/michele/mltlsat/Benchmarks/random/P0.333333333333333N1L70M100T100-7.mltl,0.694,37125.6,sat
/home/michele/mltlsat/Benchmarks/random/P0.333333333333333N1L70M100T100-8.mltl,0.626,21060,sat
/home/michele/mltlsat/Benchmarks/random/P0.333333333333333N1L70M100T100-9.mltl,0.65,16997.6,unsat
/home/michele/mltlsat/Benchmarks/random/P0.333333333333333N1L75M100T100-10.mltl,0.644,17028.8,sat
/home/michele/mltlsat/Benchmarks/random/P0.333333333333333N1L75M100T100-1.mltl,0.618,16999.2,sat
/home/michele/mltlsat/Benchmarks/random/P0.333333333333333N1L75M100T100-2.mltl,0.652,17014.4,sat
/home/michele/mltlsat/Benchmarks/random/P0.333333333333333N1L75M100T100-3.mltl,0.664,21014.4,sat
/home/michele/mltlsat/Benchmarks/random/P0.333333333333333N1L75M100T100-4.mltl,0.65,17016,sat
/home/michele/mltlsat/Benchmarks/random/P0.333333333333333N1L75M100T100-5.mltl,0.626,20714.4,sat
/home/michele/mltlsat/Benchmarks/random/P0.333333333333333N1L75M100T100-6.mltl,0.658,17634.4,sat
/home/michele/mltlsat/Benchmarks/random/P0.333333333333333N1L75M100T100-7.mltl,0.642,17004.8,unsat
/home/michele/mltlsat/Benchmarks/random/P0.333333333333333N1L75M100T100-8.mltl,0.658,16703.2,sat
/home/michele/mltlsat/Benchmarks/random/P0.333333333333333N1L75M100T100-9.mltl,0.63,17009.6,unsat
/home/michele/mltlsat/Benchmarks/random/P0.333333333333333N1L80M100T100-10.mltl,0.65,16692.8,sat
/home/michele/mltlsat/Benchmarks/random/P0.333333333333333N1L80M100T100-1.mltl,0.65,17008,sat
/home/michele/mltlsat/Benchmarks/random/P0.333333333333333N1L80M100T100-2.mltl,0.606,16982.4,sat
/home/michele/mltlsat/Benchmarks/random/P0.333333333333333N1L80M100T100-3.mltl,0.63,17023.2,sat
/home/michele/mltlsat/Benchmarks/random/P0.333333333333333N1L80M100T100-4.mltl,0.684,17006.4,sat
/home/michele/mltlsat/Benchmarks/random/P0.333333333333333N1L80M100T100-5.mltl,0.612,17004.8,sat
/home/michele/mltlsat/Benchmarks/random/P0.333333333333333N1L80M100T100-6.mltl,0.656,17009.6,sat
/home/michele/mltlsat/Benchmarks/random/P0.333333333333333N1L80M100T100-7.mltl,0.678,19175.2,sat
/home/michele/mltlsat/Benchmarks/random/P0.333333333333333N1L80M100T100-8.mltl,0.672,17021.6,sat
/home/michele/mltlsat/Benchmarks/random/P0.333333333333333N1L80M100T100-9.mltl,0.642,17018.4,sat
/home/michele/mltlsat/Benchmarks/random/P0.333333333333333N1L85M100T100-10.mltl,0.662,17004,sat
/home/michele/mltlsat/Benchmarks/random/P0.333333333333333N1L85M100T100-1.mltl,0.672,16994.4,sat
/home/michele/mltlsat/Benchmarks/random/P0.333333333333333N1L85M100T100-2.mltl,0.666,16994.4,sat
/home/michele/mltlsat/Benchmarks/random/P0.333333333333333N1L85M100T100-3.mltl,0.662,16992,sat
/home/michele/mltlsat/Benchmarks/random/P0.333333333333333N1L85M100T100-4.mltl,0.656,17608.8,sat
/home/michele/mltlsat/Benchmarks/random/P0.333333333333333N1L85M100T100-5.mltl,0.6839999999999999,17017.6,sat
/home/michele/mltlsat/Benchmarks/random/P0.333333333333333N1L85M100T100-6.mltl,0.6920000000000001,17022.4,sat
/home/michele/mltlsat/Benchmarks/random/P0.333333333333333N1L85M100T100-7.mltl,0.678,17010.4,sat
/home/michele/mltlsat/Benchmarks/random/P0.333333333333333N1L85M100T100-8.mltl,0.65,16987.2,sat
/home/michele/mltlsat/Benchmarks/random/P0.333333333333333N1L85M100T100-9.mltl,0.664,17011.2,unsat
/home/michele/mltlsat/Benchmarks/random/P0.333333333333333N1L90M100T100-10.mltl,0.682,16994.4,sat
/home/michele/mltlsat/Benchmarks/random/P0.333333333333333N1L90M100T100-1.mltl,0.722,16692,unsat
/home/michele/mltlsat/Benchmarks/random/P0.333333333333333N1L90M100T100-2.mltl,0.71,16696.8,sat
/home/michele/mltlsat/Benchmarks/random/P0.333333333333333N1L90M100T100-3.mltl,0.6900000000000001,20081.6,sat
/home/michele/mltlsat/Benchmarks/random/P0.333333333333333N1L90M100T100-4.mltl,0.718,17010.4,unsat
/home/michele/mltlsat/Benchmarks/random/P0.333333333333333N1L90M100T100-5.mltl,0.76,20427.2,sat
/home/michele/mltlsat/Benchmarks/random/P0.333333333333333N1L90M100T100-6.mltl,0.8220000000000001,19466.4,sat
/home/michele/mltlsat/Benchmarks/random/P0.333333333333333N1L90M100T100-7.mltl,0.692,17316.8,unsat
/home/michele/mltlsat/Benchmarks/random/P0.333333333333333N1L90M100T100-8.mltl,0.732,17004.8,sat
/home/michele/mltlsat/Benchmarks/random/P0.333333333333333N1L90M100T100-9.mltl,0.708,17012.8,sat
/home/michele/mltlsat/Benchmarks/random/P0.333333333333333N1L95M100T100-10.mltl,0.728,17622.4,sat
/home/michele/mltlsat/Benchmarks/random/P0.333333333333333N1L95M100T100-1.mltl,0.714,17009.6,sat
/home/michele/mltlsat/Benchmarks/random/P0.333333333333333N1L95M100T100-2.mltl,0.74,16711.2,sat
/home/michele/mltlsat/Benchmarks/random/P0.333333333333333N1L95M100T100-3.mltl,0.72,17317.6,sat
/home/michele/mltlsat/Benchmarks/random/P0.333333333333333N1L95M100T100-4.mltl,0.696,17017.6,unsat
/home/michele/mltlsat/Benchmarks/random/P0.333333333333333N1L95M100T100-5.mltl,0.73,16701.6,sat
/home/michele/mltlsat/Benchmarks/random/P0.333333333333333N1L95M100T100-6.mltl,0.712,17021.6,sat
/home/michele/mltlsat/Benchmarks/random/P0.333333333333333N1L95M100T100-7.mltl,0.686,17007.2,sat
/home/michele/mltlsat/Benchmarks/random/P0.333333333333333N1L95M100T100-8.mltl,0.754,17000,sat
/home/michele/mltlsat/Benchmarks/random/P0.333333333333333N1L95M100T100-9.mltl,0.774,37783.2,unsat
/home/michele/mltlsat/Benchmarks/random/P0.333333333333333N2L100M100T100-10.mltl,0.704,17308,sat
/home/michele/mltlsat/Benchmarks/random/P0.333333333333333N2L100M100T100-1.mltl,0.718,16999.2,unsat
/home/michele/mltlsat/Benchmarks/random/P0.333333333333333N2L100M100T100-2.mltl,0.732,16994.4,unsat
/home/michele/mltlsat/Benchmarks/random/P0.333333333333333N2L100M100T100-3.mltl,0.708,16995.2,unsat
/home/michele/mltlsat/Benchmarks/random/P0.333333333333333N2L100M100T100-4.mltl,0.722,16721.6,sat
/home/michele/mltlsat/Benchmarks/random/P0.333333333333333N2L100M100T100-5.mltl,0.724,17660,unsat
/home/michele/mltlsat/Benchmarks/random/P0.333333333333333N2L100M100T100-6.mltl,0.692,16973.6,sat
/home/michele/mltlsat/Benchmarks/random/P0.333333333333333N2L100M100T100-7.mltl,0.728,37119.2,sat
/home/michele/mltlsat/Benchmarks/random/P0.333333333333333N2L100M100T100-8.mltl,0.728,16695.2,sat
/home/michele/mltlsat/Benchmarks/random/P0.333333333333333N2L100M100T100-9.mltl,0.744,19160,sat
/home/michele/mltlsat/Benchmarks/random/P0.333333333333333N2L10M100T100-10.mltl,0.6880000000000001,20072.8,sat
/home/michele/mltlsat/Benchmarks/random/P0.333333333333333N2L10M100T100-1.mltl,0.67,16988.8,sat
/home/michele/mltlsat/Benchmarks/random/P0.333333333333333N2L10M100T100-2.mltl,0.684,16701.6,sat
/home/michele/mltlsat/Benchmarks/random/P0.333333333333333N2L10M100T100-3.mltl,0.67,17016.8,sat
/home/michele/mltlsat/Benchmarks/random/P0.333333333333333N2L10M100T100-4.mltl,0.6839999999999999,16380,sat
/home/michele/mltlsat/Benchmarks/random/P0.333333333333333N2L10M100T100-5.mltl,0.662,16688,unsat
/home/michele/mltlsat/Benchmarks/random/P0.333333333333333N2L10M100T100-6.mltl,0.658,20405.6,sat
/home/michele/mltlsat/Benchmarks/random/P0.333333333333333N2L10M100T100-7.mltl,0.66,17004.8,sat
/home/michele/mltlsat/Benchmarks/random/P0.333333333333333N2L10M100T100-8.mltl,0.672,17023.2,sat
/home/michele/mltlsat/Benchmarks/random/P0.333333333333333N2L10M100T100-9.mltl,0.65,23464.8,sat
/home/michele/mltlsat/Benchmarks/random/P0.333333333333333N2L15M100T100-10.mltl,0.666,17018.4,sat
/home/michele/mltlsat/Benchmarks/random/P0.333333333333333N2L15M100T100-1.mltl,0.646,16695.2,sat
/home/michele/mltlsat/Benchmarks/random/P0.333333333333333N2L15M100T100-2.mltl,0.6940000000000001,16999.2,sat
/home/michele/mltlsat/Benchmarks/random/P0.333333333333333N2L15M100T100-3.mltl,0.672,16991.2,sat
/home/michele/mltlsat/Benchmarks/random/P0.333333333333333N2L15M100T100-4.mltl,0.632,17012.8,sat
/home/michele/mltlsat/Benchmarks/random/P0.333333333333333N2L15M100T100-5.mltl,0.634,16992.8,sat
/home/michele/mltlsat/Benchmarks/random/P0.333333333333333N2L15M100T100-6.mltl,0.658,16996.8,sat
/home/michele/mltlsat/Benchmarks/random/P0.333333333333333N2L15M100T100-7.mltl,0.642,17015.2,sat
/home/michele/mltlsat/Benchmarks/random/P0.333333333333333N2L15M100T100-8.mltl,0.654,20404,sat
/home/michele/mltlsat/Benchmarks/random/P0.333333333333333N2L15M100T100-9.mltl,0.662,16985.6,sat
/home/michele/mltlsat/Benchmarks/random/P0.333333333333333N2L20M100T100-10.mltl,0.642,16700.8,sat
/home/michele/mltlsat/Benchmarks/random/P0.333333333333333N2L20M100T100-1.mltl,0.682,16694.4,sat
/home/michele/mltlsat/Benchmarks/random/P0.333333333333333N2L20M100T100-2.mltl,0.6819999999999999,16704.8,sat
/home/michele/mltlsat/Benchmarks/random/P0.333333333333333N2L20M100T100-3.mltl,0.706,17006.4,sat
/home/michele/mltlsat/Benchmarks/random/P0.333333333333333N2L20M100T100-4.mltl,0.686,17010.4,sat
/home/michele/mltlsat/Benchmarks/random/P0.333333333333333N2L20M100T100-5.mltl,0.6859999999999999,17018.4,sat
/home/michele/mltlsat/Benchmarks/random/P0.333333333333333N2L20M100T100-6.mltl,0.678,17020,sat
/home/michele/mltlsat/Benchmarks/random/P0.333333333333333N2L20M100T100-7.mltl,0.692,17016,sat
/home/michele/mltlsat/Benchmarks/random/P0.333333333333333N2L20M100T100-8.mltl,0.688,17008,sat
/home/michele/mltlsat/Benchmarks/random/P0.333333333333333N2L20M100T100-9.mltl,0.718,20700,sat
/home/michele/mltlsat/Benchmarks/random/P0.333333333333333N2L25M100T100-10.mltl,0.682,17027.2,sat
/home/michele/mltlsat/Benchmarks/random/P0.333333333333333N2L25M100T100-1.mltl,0.7100000000000001,17004,sat
/home/michele/mltlsat/Benchmarks/random/P0.333333333333333N2L25M100T100-2.mltl,0.71,17001.6,sat
/home/michele/mltlsat/Benchmarks/random/P0.333333333333333N2L25M100T100-3.mltl,0.698,16394.4,sat
/home/michele/mltlsat/Benchmarks/random/P0.333333333333333N2L25M100T100-4.mltl,0.678,17005.6,unsat
/home/michele/mltlsat/Benchmarks/random/P0.333333333333333N2L25M100T100-5.mltl,0.678,16699.2,sat
/home/michele/mltlsat/Benchmarks/random/P0.333333333333333N2L25M100T100-6.mltl,0.676,17007.2,sat
/home/michele/mltlsat/Benchmarks/random/P0.333333333333333N2L25M100T100-7.mltl,0.66,17003.2,sat
/home/michele/mltlsat/Benchmarks/random/P0.333333333333333N2L25M100T100-8.mltl,0.668,16710.4,sat
/home/michele/mltlsat/Benchmarks/random/P0.333333333333333N2L25M100T100-9.mltl,0.662,16692.8,sat
/home/michele/mltlsat/Benchmarks/random/P0.333333333333333N2L30M100T100-10.mltl,0.688,17000.8,sat
/home/michele/mltlsat/Benchmarks/random/P0.333333333333333N2L30M100T100-1.mltl,0.656,17000,sat
/home/michele/mltlsat/Benchmarks/random/P0.333333333333333N2L30M100T100-2.mltl,0.68,16998.4,sat
/home/michele/mltlsat/Benchmarks/random/P0.333333333333333N2L30M100T100-3.mltl,0.656,17024,sat
/home/michele/mltlsat/Benchmarks/random/P0.333333333333333N2L30M100T100-4.mltl,0.642,18845.6,sat
/home/michele/mltlsat/Benchmarks/random/P0.333333333333333N2L30M100T100-5.mltl,0.7020000000000001,16999.2,sat
/home/michele/mltlsat/Benchmarks/random/P0.333333333333333N2L30M100T100-6.mltl,0.694,16626.4,sat
/home/michele/mltlsat/Benchmarks/random/P0.333333333333333N2L30M100T100-7.mltl,0.656,16989.6,sat
/home/michele/mltlsat/Benchmarks/random/P0.333333333333333N2L30M100T100-8.mltl,0.66,16990.4,sat
/home/michele/mltlsat/Benchmarks/random/P0.333333333333333N2L30M100T100-9.mltl,0.664,17015.2,sat
/home/michele/mltlsat/Benchmarks/random/P0.333333333333333N2L35M100T100-10.mltl,0.738,16692,sat
/home/michele/mltlsat/Benchmarks/random/P0.333333333333333N2L35M100T100-1.mltl,0.7,16406.4,sat
/home/michele/mltlsat/Benchmarks/random/P0.333333333333333N2L35M100T100-2.mltl,0.676,17004,sat
/home/michele/mltlsat/Benchmarks/random/P0.333333333333333N2L35M100T100-3.mltl,0.738,16992.8,sat
/home/michele/mltlsat/Benchmarks/random/P0.333333333333333N2L35M100T100-4.mltl,0.712,16996.8,unsat
/home/michele/mltlsat/Benchmarks/random/P0.333333333333333N2L35M100T100-5.mltl,0.696,16683.2,sat
/home/michele/mltlsat/Benchmarks/random/P0.333333333333333N2L35M100T100-6.mltl,0.804,38657.6,sat
/home/michele/mltlsat/Benchmarks/random/P0.333333333333333N2L35M100T100-7.mltl,0.72,17000.8,unsat
/home/michele/mltlsat/Benchmarks/random/P0.333333333333333N2L35M100T100-8.mltl,0.8019999999999999,17024,sat
/home/michele/mltlsat/Benchmarks/random/P0.333333333333333N2L35M100T100-9.mltl,0.754,17017.6,unsat
/home/michele/mltlsat/Benchmarks/random/P0.333333333333333N2L40M100T100-10.mltl,0.752,17008,sat
/home/michele/mltlsat/Benchmarks/random/P0.333333333333333N2L40M100T100-1.mltl,0.766,16998.4,sat
/home/michele/mltlsat/Benchmarks/random/P0.333333333333333N2L40M100T100-2.mltl,0.76,17019.2,sat
/home/michele/mltlsat/Benchmarks/random/P0.333333333333333N2L40M100T100-3.mltl,0.728,16996.8,sat
/home/michele/mltlsat/Benchmarks/random/P0.333333333333333N2L40M100T100-4.mltl,0.774,16246.4,sat
/home/michele/mltlsat/Benchmarks/random/P0.333333333333333N2L40M100T100-5.mltl,0.704,16992,sat
/home/michele/mltlsat/Benchmarks/random/P0.333333333333333N2L40M100T100-6.mltl,0.76,17020.8,sat
/home/michele/mltlsat/Benchmarks/random/P0.333333333333333N2L40M100T100-7.mltl,0.76,17633.6,sat
/home/michele/mltlsat/Benchmarks/random/P0.333333333333333N2L40M100T100-8.mltl,0.712,20387.2,sat
/home/michele/mltlsat/Benchmarks/random/P0.333333333333333N2L40M100T100-9.mltl,0.756,17015.2,sat
/home/michele/mltlsat/Benchmarks/random/P0.333333333333333N2L45M100T100-10.mltl,0.728,17003.2,sat
/home/michele/mltlsat/Benchmarks/random/P0.333333333333333N2L45M100T100-1.mltl,0.69,16700,sat
/home/michele/mltlsat/Benchmarks/random/P0.333333333333333N2L45M100T100-2.mltl,0.7040000000000001,17313.6,unsat
/home/michele/mltlsat/Benchmarks/random/P0.333333333333333N2L45M100T100-3.mltl,0.694,17004.8,sat
/home/michele/mltlsat/Benchmarks/random/P0.333333333333333N2L45M100T100-4.mltl,0.712,17644.8,sat
/home/michele/mltlsat/Benchmarks/random/P0.333333333333333N2L45M100T100-5.mltl,0.702,16698.4,unsat
/home/michele/mltlsat/Benchmarks/random/P0.333333333333333N2L45M100T100-6.mltl,0.6859999999999999,16996,sat
/home/michele/mltlsat/Benchmarks/random/P0.333333333333333N2L45M100T100-7.mltl,0.732,17927.2,sat
/home/michele/mltlsat/Benchmarks/random/P0.333333333333333N2L45M100T100-8.mltl,0.726,16703.2,sat
/home/michele/mltlsat/Benchmarks/random/P0.333333333333333N2L45M100T100-9.mltl,0.684,17000,sat
/home/michele/mltlsat/Benchmarks/random/P0.333333333333333N2L50M100T100-10.mltl,0.66,17018.4,sat
/home/michele/mltlsat/Benchmarks/random/P0.333333333333333N2L50M100T100-1.mltl,0.622,17031.2,sat
/home/michele/mltlsat/Benchmarks/random/P0.333333333333333N2L50M100T100-2.mltl,0.662,17003.2,sat
/home/michele/mltlsat/Benchmarks/random/P0.333333333333333N2L50M100T100-3.mltl,0.668,17003.2,sat
/home/michele/mltlsat/Benchmarks/random/P0.333333333333333N2L50M100T100-4.mltl,0.6960000000000001,16712.8,sat
/home/michele/mltlsat/Benchmarks/random/P0.333333333333333N2L50M100T100-5.mltl,0.71,35876.8,sat
/home/michele/mltlsat/Benchmarks/random/P0.333333333333333N2L50M100T100-6.mltl,0.652,17308,sat
/home/michele/mltlsat/Benchmarks/random/P0.333333333333333N2L50M100T100-7.mltl,0.652,17652.8,sat
/home/michele/mltlsat/Benchmarks/random/P0.333333333333333N2L50M100T100-8.mltl,0.654,16668,sat
/home/michele/mltlsat/Benchmarks/random/P0.333333333333333N2L50M100T100-9.mltl,0.744,19148.8,unsat
/home/michele/mltlsat/Benchmarks/random/P0.333333333333333N2L55M100T100-10.mltl,0.688,16991.2,sat
/home/michele/mltlsat/Benchmarks/random/P0.333333333333333N2L55M100T100-1.mltl,0.75,18880.8,sat
/home/michele/mltlsat/Benchmarks/random/P0.333333333333333N2L55M100T100-2.mltl,0.73,17003.2,sat
/home/michele/mltlsat/Benchmarks/random/P0.333333333333333N2L55M100T100-3.mltl,0.728,16712,sat
/home/michele/mltlsat/Benchmarks/random/P0.333333333333333N2L55M100T100-4.mltl,0.746,25664,sat
/home/michele/mltlsat/Benchmarks/random/P0.333333333333333N2L55M100T100-5.mltl,0.762,16700,sat
/home/michele/mltlsat/Benchmarks/random/P0.333333333333333N2L55M100T100-6.mltl,0.774,36483.2,sat
/home/michele/mltlsat/Benchmarks/random/P0.333333333333333N2L55M100T100-7.mltl,0.722,16709.6,sat
/home/michele/mltlsat/Benchmarks/random/P0.333333333333333N2L55M100T100-8.mltl,0.716,37109.6,sat
/home/michele/mltlsat/Benchmarks/random/P0.333333333333333N2L55M100T100-9.mltl,0.722,17024.8,sat
/home/michele/mltlsat/Benchmarks/random/P0.333333333333333N2L5M100T100-10.mltl,0.668,16692.8,sat
/home/michele/mltlsat/Benchmarks/random/P0.333333333333333N2L5M100T100-1.mltl,0.6799999999999999,16681.6,sat
/home/michele/mltlsat/Benchmarks/random/P0.333333333333333N2L5M100T100-2.mltl,0.652,16988.8,sat
/home/michele/mltlsat/Benchmarks/random/P0.333333333333333N2L5M100T100-3.mltl,0.666,20429.6,sat
/home/michele/mltlsat/Benchmarks/random/P0.333333333333333N2L5M100T100-4.mltl,0.6880000000000001,17016.8,sat
/home/michele/mltlsat/Benchmarks/random/P0.333333333333333N2L5M100T100-5.mltl,0.6859999999999999,17004.8,sat
/home/michele/mltlsat/Benchmarks/random/P0.333333333333333N2L5M100T100-6.mltl,0.668,16676.8,sat
/home/michele/mltlsat/Benchmarks/random/P0.333333333333333N2L5M100T100-7.mltl,0.672,20394.4,sat
/home/michele/mltlsat/Benchmarks/random/P0.333333333333333N2L5M100T100-8.mltl,0.674,17031.2,sat
/home/michele/mltlsat/Benchmarks/random/P0.333333333333333N2L5M100T100-9.mltl,0.674,16677.6,sat
/home/michele/mltlsat/Benchmarks/random/P0.333333333333333N2L60M100T100-10.mltl,0.714,17006.4,sat
/home/michele/mltlsat/Benchmarks/random/P0.333333333333333N2L60M100T100-1.mltl,0.636,17013.6,sat
/home/michele/mltlsat/Benchmarks/random/P0.333333333333333N2L60M100T100-2.mltl,0.678,17019.2,sat
/home/michele/mltlsat/Benchmarks/random/P0.333333333333333N2L60M100T100-3.mltl,0.656,17620,unsat
/home/michele/mltlsat/Benchmarks/random/P0.333333333333333N2L60M100T100-4.mltl,0.638,16686.4,sat
/home/michele/mltlsat/Benchmarks/random/P0.333333333333333N2L60M100T100-5.mltl,0.696,17034.4,sat
/home/michele/mltlsat/Benchmarks/random/P0.333333333333333N2L60M100T100-6.mltl,0.858,39581.6,sat
/home/michele/mltlsat/Benchmarks/random/P0.333333333333333N2L60M100T100-7.mltl,0.6900000000000001,21330.4,sat
/home/michele/mltlsat/Benchmarks/random/P0.333333333333333N2L60M100T100-8.mltl,0.684,16696.8,sat
/home/michele/mltlsat/Benchmarks/random/P0.333333333333333N2L60M100T100-9.mltl,0.6759999999999999,17007.2,sat
/home/michele/mltlsat/Benchmarks/random/P0.333333333333333N2L65M100T100-10.mltl,0.692,16998.4,sat
/home/michele/mltlsat/Benchmarks/random/P0.333333333333333N2L65M100T100-1.mltl,0.6920000000000001,17013.6,sat
/home/michele/mltlsat/Benchmarks/random/P0.333333333333333N2L65M100T100-2.mltl,0.676,25344.8,sat
/home/michele/mltlsat/Benchmarks/random/P0.333333333333333N2L65M100T100-3.mltl,0.672,17001.6,sat
/home/michele/mltlsat/Benchmarks/random/P0.333333333333333N2L65M100T100-4.mltl,0.71,17008,sat
/home/michele/mltlsat/Benchmarks/random/P0.333333333333333N2L65M100T100-5.mltl,0.698,17005.6,sat
/home/michele/mltlsat/Benchmarks/random/P0.333333333333333N2L65M100T100-6.mltl,-1,-1,TO
/home/michele/mltlsat/Benchmarks/random/P0.333333333333333N2L65M100T100-7.mltl,0.678,16996,sat
/home/michele/mltlsat/Benchmarks/random/P0.333333333333333N2L65M100T100-8.mltl,0.662,22286.4,sat
/home/michele/mltlsat/Benchmarks/random/P0.333333333333333N2L65M100T100-9.mltl,0.656,17024,sat
/home/michele/mltlsat/Benchmarks/random/P0.333333333333333N2L70M100T100-10.mltl,0.654,17014.4,sat
/home/michele/mltlsat/Benchmarks/random/P0.333333333333333N2L70M100T100-1.mltl,0.64,16994.4,sat
/home/michele/mltlsat/Benchmarks/random/P0.333333333333333N2L70M100T100-2.mltl,0.6900000000000001,17033.6,sat
/home/michele/mltlsat/Benchmarks/random/P0.333333333333333N2L70M100T100-3.mltl,0.662,17000.8,sat
/home/michele/mltlsat/Benchmarks/random/P0.333333333333333N2L70M100T100-4.mltl,0.626,17004.8,sat
/home/michele/mltlsat/Benchmarks/random/P0.333333333333333N2L70M100T100-5.mltl,0.628,16988,sat
/home/michele/mltlsat/Benchmarks/random/P0.333333333333333N2L70M100T100-6.mltl,0.6,16702.4,sat
/home/michele/mltlsat/Benchmarks/random/P0.333333333333333N2L70M100T100-7.mltl,0.624,36484.8,sat
/home/michele/mltlsat/Benchmarks/random/P0.333333333333333N2L70M100T100-8.mltl,0.614,17011.2,sat
/home/michele/mltlsat/Benchmarks/random/P0.333333333333333N2L70M100T100-9.mltl,0.6880000000000001,38402.4,sat
/home/michele/mltlsat/Benchmarks/random/P0.333333333333333N2L75M100T100-10.mltl,45.708,179744,sat
/home/michele/mltlsat/Benchmarks/random/P0.333333333333333N2L75M100T100-1.mltl,0.638,17304,sat
/home/michele/mltlsat/Benchmarks/random/P0.333333333333333N2L75M100T100-2.mltl,0.63,17016,unsat
/home/michele/mltlsat/Benchmarks/random/P0.333333333333333N2L75M100T100-3.mltl,0.66,38364,sat
/home/michele/mltlsat/Benchmarks/random/P0.333333333333333N2L75M100T100-4.mltl,0.666,17014.4,sat
/home/michele/mltlsat/Benchmarks/random/P0.333333333333333N2L75M100T100-5.mltl,1.266,46663.2,sat
/home/michele/mltlsat/Benchmarks/random/P0.333333333333333N2L75M100T100-6.mltl,0.676,38327.2,sat
/home/michele/mltlsat/Benchmarks/random/P0.333333333333333N2L75M100T100-7.mltl,-1,-1,TO
/home/michele/mltlsat/Benchmarks/random/P0.333333333333333N2L75M100T100-8.mltl,0.59,16977.6,sat
/home/michele/mltlsat/Benchmarks/random/P0.333333333333333N2L75M100T100-9.mltl,0.602,16984.8,sat
/home/michele/mltlsat/Benchmarks/random/P0.333333333333333N2L80M100T100-10.mltl,0.596,17005.6,sat
/home/michele/mltlsat/Benchmarks/random/P0.333333333333333N2L80M100T100-1.mltl,0.6,33376,sat
/home/michele/mltlsat/Benchmarks/random/P0.333333333333333N2L80M100T100-2.mltl,0.608,21024,sat
/home/michele/mltlsat/Benchmarks/random/P0.333333333333333N2L80M100T100-3.mltl,0.584,17924,sat
/home/michele/mltlsat/Benchmarks/random/P0.333333333333333N2L80M100T100-4.mltl,0.578,17011.2,sat
/home/michele/mltlsat/Benchmarks/random/P0.333333333333333N2L80M100T100-5.mltl,0.558,16987.2,sat
/home/michele/mltlsat/Benchmarks/random/P0.333333333333333N2L80M100T100-6.mltl,0.554,16996.8,sat
/home/michele/mltlsat/Benchmarks/random/P0.333333333333333N2L80M100T100-7.mltl,0.572,16988,sat
/home/michele/mltlsat/Benchmarks/random/P0.333333333333333N2L80M100T100-8.mltl,0.5680000000000001,17010.4,sat
/home/michele/mltlsat/Benchmarks/random/P0.333333333333333N2L80M100T100-9.mltl,0.57,17003.2,sat
/home/michele/mltlsat/Benchmarks/random/P0.333333333333333N2L85M100T100-10.mltl,1.326,41708.8,sat
/home/michele/mltlsat/Benchmarks/random/P0.333333333333333N2L85M100T100-1.mltl,0.564,17005.6,sat
/home/michele/mltlsat/Benchmarks/random/P0.333333333333333N2L85M100T100-2.mltl,0.57,17017.6,unsat
/home/michele/mltlsat/Benchmarks/random/P0.333333333333333N2L85M100T100-3.mltl,0.532,17016,sat
/home/michele/mltlsat/Benchmarks/random/P0.333333333333333N2L85M100T100-4.mltl,0.5619999999999999,17013.6,sat
/home/michele/mltlsat/Benchmarks/random/P0.333333333333333N2L85M100T100-5.mltl,0.58,17319.2,sat
/home/michele/mltlsat/Benchmarks/random/P0.333333333333333N2L85M100T100-6.mltl,0.586,17007.2,sat
/home/michele/mltlsat/Benchmarks/random/P0.333333333333333N2L85M100T100-7.mltl,0.532,17015.2,sat
/home/michele/mltlsat/Benchmarks/random/P0.333333333333333N2L85M100T100-8.mltl,0.516,17020,unsat
/home/michele/mltlsat/Benchmarks/random/P0.333333333333333N2L85M100T100-9.mltl,0.54,17013.6,unsat
/home/michele/mltlsat/Benchmarks/random/P0.333333333333333N2L90M100T100-10.mltl,0.542,16999.2,sat
/home/michele/mltlsat/Benchmarks/random/P0.333333333333333N2L90M100T100-1.mltl,0.544,17005.6,sat
/home/michele/mltlsat/Benchmarks/random/P0.333333333333333N2L90M100T100-2.mltl,0.534,17012,unsat
/home/michele/mltlsat/Benchmarks/random/P0.333333333333333N2L90M100T100-3.mltl,0.562,17014.4,unsat
/home/michele/mltlsat/Benchmarks/random/P0.333333333333333N2L90M100T100-4.mltl,0.534,16993.6,sat
/home/michele/mltlsat/Benchmarks/random/P0.333333333333333N2L90M100T100-5.mltl,0.532,16992.8,sat
/home/michele/mltlsat/Benchmarks/random/P0.333333333333333N2L90M100T100-6.mltl,0.576,17011.2,sat
/home/michele/mltlsat/Benchmarks/random/P0.333333333333333N2L90M100T100-7.mltl,0.528,17010.4,unsat
/home/michele/mltlsat/Benchmarks/random/P0.333333333333333N2L90M100T100-8.mltl,0.568,17001.6,unsat
/home/michele/mltlsat/Benchmarks/random/P0.333333333333333N2L90M100T100-9.mltl,0.57,17308.8,sat
/home/michele/mltlsat/Benchmarks/random/P0.333333333333333N2L95M100T100-10.mltl,0.578,17031.2,unsat
/home/michele/mltlsat/Benchmarks/random/P0.333333333333333N2L95M100T100-1.mltl,0.58,17008,sat
/home/michele/mltlsat/Benchmarks/random/P0.333333333333333N2L95M100T100-2.mltl,0.572,17007.2,sat
/home/michele/mltlsat/Benchmarks/random/P0.333333333333333N2L95M100T100-3.mltl,0.586,17011.2,sat
/home/michele/mltlsat/Benchmarks/random/P0.333333333333333N2L95M100T100-4.mltl,0.574,17001.6,sat
/home/michele/mltlsat/Benchmarks/random/P0.333333333333333N2L95M100T100-5.mltl,0.578,17024.8,sat
/home/michele/mltlsat/Benchmarks/random/P0.333333333333333N2L95M100T100-6.mltl,1.56,40819.2,unsat
/home/michele/mltlsat/Benchmarks/random/P0.333333333333333N2L95M100T100-7.mltl,0.57,16992.8,sat
/home/michele/mltlsat/Benchmarks/random/P0.333333333333333N2L95M100T100-8.mltl,0.604,17004.8,sat
/home/michele/mltlsat/Benchmarks/random/P0.333333333333333N2L95M100T100-9.mltl,0.592,17014.4,sat
/home/michele/mltlsat/Benchmarks/random/P0.333333333333333N3L100M100T100-10.mltl,0.5579999999999999,17004.8,sat
/home/michele/mltlsat/Benchmarks/random/P0.333333333333333N3L100M100T100-1.mltl,0.596,16989.6,sat
/home/michele/mltlsat/Benchmarks/random/P0.333333333333333N3L100M100T100-2.mltl,0.596,17019.2,sat
/home/michele/mltlsat/Benchmarks/random/P0.333333333333333N3L100M100T100-3.mltl,5.008,42959.2,sat
/home/michele/mltlsat/Benchmarks/random/P0.333333333333333N3L100M100T100-4.mltl,0.612,36175.2,sat
/home/michele/mltlsat/Benchmarks/random/P0.333333333333333N3L100M100T100-5.mltl,0.568,17000.8,sat
/home/michele/mltlsat/Benchmarks/random/P0.333333333333333N3L100M100T100-6.mltl,0.604,17012.8,sat
/home/michele/mltlsat/Benchmarks/random/P0.333333333333333N3L100M100T100-7.mltl,0.592,17000,sat
/home/michele/mltlsat/Benchmarks/random/P0.333333333333333N3L100M100T100-8.mltl,0.586,16995.2,sat
/home/michele/mltlsat/Benchmarks/random/P0.333333333333333N3L100M100T100-9.mltl,0.596,17008.8,sat
/home/michele/mltlsat/Benchmarks/random/P0.333333333333333N3L10M100T100-10.mltl,0.594,17004,sat
/home/michele/mltlsat/Benchmarks/random/P0.333333333333333N3L10M100T100-1.mltl,0.59,17011.2,sat
/home/michele/mltlsat/Benchmarks/random/P0.333333333333333N3L10M100T100-2.mltl,0.558,17006.4,sat
/home/michele/mltlsat/Benchmarks/random/P0.333333333333333N3L10M100T100-3.mltl,0.588,17008.8,sat
/home/michele/mltlsat/Benchmarks/random/P0.333333333333333N3L10M100T100-4.mltl,0.622,17002.4,sat
/home/michele/mltlsat/Benchmarks/random/P0.333333333333333N3L10M100T100-5.mltl,0.61,17000.8,sat
/home/michele/mltlsat/Benchmarks/random/P0.333333333333333N3L10M100T100-6.mltl,0.584,17016.8,sat
/home/michele/mltlsat/Benchmarks/random/P0.333333333333333N3L10M100T100-7.mltl,0.546,17012.8,sat
/home/michele/mltlsat/Benchmarks/random/P0.333333333333333N3L10M100T100-8.mltl,0.5599999999999999,17024,sat
/home/michele/mltlsat/Benchmarks/random/P0.333333333333333N3L10M100T100-9.mltl,0.592,20400,sat
/home/michele/mltlsat/Benchmarks/random/P0.333333333333333N3L15M100T100-10.mltl,0.526,16997.6,sat
/home/michele/mltlsat/Benchmarks/random/P0.333333333333333N3L15M100T100-1.mltl,0.558,17028,sat
/home/michele/mltlsat/Benchmarks/random/P0.333333333333333N3L15M100T100-2.mltl,0.514,16986.4,sat
/home/michele/mltlsat/Benchmarks/random/P0.333333333333333N3L15M100T100-3.mltl,0.542,17012.8,sat
/home/michele/mltlsat/Benchmarks/random/P0.333333333333333N3L15M100T100-4.mltl,0.528,17309.6,sat
/home/michele/mltlsat/Benchmarks/random/P0.333333333333333N3L15M100T100-5.mltl,0.534,16985.6,sat
/home/michele/mltlsat/Benchmarks/random/P0.333333333333333N3L15M100T100-6.mltl,0.532,17000.8,sat
/home/michele/mltlsat/Benchmarks/random/P0.333333333333333N3L15M100T100-7.mltl,0.53,37110.4,sat
/home/michele/mltlsat/Benchmarks/random/P0.333333333333333N3L15M100T100-8.mltl,0.522,17012.8,sat
/home/michele/mltlsat/Benchmarks/random/P0.333333333333333N3L15M100T100-9.mltl,0.54,16997.6,sat
/home/michele/mltlsat/Benchmarks/random/P0.333333333333333N3L20M100T100-10.mltl,0.5579999999999999,16997.6,sat
/home/michele/mltlsat/Benchmarks/random/P0.333333333333333N3L20M100T100-1.mltl,0.548,17004.8,unsat
/home/michele/mltlsat/Benchmarks/random/P0.333333333333333N3L20M100T100-2.mltl,0.58,16997.6,sat
/home/michele/mltlsat/Benchmarks/random/P0.333333333333333N3L20M100T100-3.mltl,0.606,17014.4,sat
/home/michele/mltlsat/Benchmarks/random/P0.333333333333333N3L20M100T100-4.mltl,0.606,16992,sat
/home/michele/mltlsat/Benchmarks/random/P0.333333333333333N3L20M100T100-5.mltl,0.58,17006.4,sat
/home/michele/mltlsat/Benchmarks/random/P0.333333333333333N3L20M100T100-6.mltl,0.596,17001.6,sat
/home/michele/mltlsat/Benchmarks/random/P0.333333333333333N3L20M100T100-7.mltl,0.588,17012,sat
/home/michele/mltlsat/Benchmarks/random/P0.333333333333333N3L20M100T100-8.mltl,0.58,17004,sat
/home/michele/mltlsat/Benchmarks/random/P0.333333333333333N3L20M100T100-9.mltl,0.58,17300.8,sat
/home/michele/mltlsat/Benchmarks/random/P0.333333333333333N3L25M100T100-10.mltl,0.584,17000.8,sat
/home/michele/mltlsat/Benchmarks/random/P0.333333333333333N3L25M100T100-1.mltl,0.5640000000000001,17003.2,sat
/home/michele/mltlsat/Benchmarks/random/P0.333333333333333N3L25M100T100-2.mltl,0.57,17012.8,sat
/home/michele/mltlsat/Benchmarks/random/P0.333333333333333N3L25M100T100-3.mltl,0.548,16994.4,sat
/home/michele/mltlsat/Benchmarks/random/P0.333333333333333N3L25M100T100-4.mltl,0.564,17003.2,sat
/home/michele/mltlsat/Benchmarks/random/P0.333333333333333N3L25M100T100-5.mltl,0.548,16990.4,sat
/home/michele/mltlsat/Benchmarks/random/P0.333333333333333N3L25M100T100-6.mltl,0.5619999999999999,17035.2,sat
/home/michele/mltlsat/Benchmarks/random/P0.333333333333333N3L25M100T100-7.mltl,0.546,17008,sat
/home/michele/mltlsat/Benchmarks/random/P0.333333333333333N3L25M100T100-8.mltl,0.5619999999999999,17011.2,sat
/home/michele/mltlsat/Benchmarks/random/P0.333333333333333N3L25M100T100-9.mltl,0.5619999999999999,17011.2,sat
/home/michele/mltlsat/Benchmarks/random/P0.333333333333333N3L30M100T100-10.mltl,0.538,17020.8,sat
/home/michele/mltlsat/Benchmarks/random/P0.333333333333333N3L30M100T100-1.mltl,0.57,17015.2,sat
/home/michele/mltlsat/Benchmarks/random/P0.333333333333333N3L30M100T100-2.mltl,0.574,17006.4,sat
/home/michele/mltlsat/Benchmarks/random/P0.333333333333333N3L30M100T100-3.mltl,0.5660000000000001,17016,sat
/home/michele/mltlsat/Benchmarks/random/P0.333333333333333N3L30M100T100-4.mltl,0.572,17017.6,sat
/home/michele/mltlsat/Benchmarks/random/P0.333333333333333N3L30M100T100-5.mltl,0.548,16994.4,sat
/home/michele/mltlsat/Benchmarks/random/P0.333333333333333N3L30M100T100-6.mltl,0.584,17008,sat
/home/michele/mltlsat/Benchmarks/random/P0.333333333333333N3L30M100T100-7.mltl,0.5619999999999999,16707.2,sat
/home/michele/mltlsat/Benchmarks/random/P0.333333333333333N3L30M100T100-8.mltl,0.592,17004,sat
/home/michele/mltlsat/Benchmarks/random/P0.333333333333333N3L30M100T100-9.mltl,0.5579999999999999,17028,sat
/home/michele/mltlsat/Benchmarks/random/P0.333333333333333N3L35M100T100-10.mltl,0.564,17005.6,unsat
/home/michele/mltlsat/Benchmarks/random/P0.333333333333333N3L35M100T100-1.mltl,0.574,17009.6,sat
/home/michele/mltlsat/Benchmarks/random/P0.333333333333333N3L35M100T100-2.mltl,0.572,17011.2,sat
/home/michele/mltlsat/Benchmarks/random/P0.333333333333333N3L35M100T100-3.mltl,0.568,16698.4,sat
/home/michele/mltlsat/Benchmarks/random/P0.333333333333333N3L35M100T100-4.mltl,0.54,16700.8,sat
/home/michele/mltlsat/Benchmarks/random/P0.333333333333333N3L35M100T100-5.mltl,0.524,17005.6,sat
/home/michele/mltlsat/Benchmarks/random/P0.333333333333333N3L35M100T100-6.mltl,0.538,17015.2,sat
/home/michele/mltlsat/Benchmarks/random/P0.333333333333333N3L35M100T100-7.mltl,0.544,17019.2,sat
/home/michele/mltlsat/Benchmarks/random/P0.333333333333333N3L35M100T100-8.mltl,0.526,17019.2,sat
/home/michele/mltlsat/Benchmarks/random/P0.333333333333333N3L35M100T100-9.mltl,0.54,17008.8,unsat
/home/michele/mltlsat/Benchmarks/random/P0.333333333333333N3L40M100T100-10.mltl,0.508,17009.6,sat
/home/michele/mltlsat/Benchmarks/random/P0.333333333333333N3L40M100T100-1.mltl,0.5579999999999999,17010.4,sat
/home/michele/mltlsat/Benchmarks/random/P0.333333333333333N3L40M100T100-2.mltl,0.5419999999999999,17016.8,sat
/home/michele/mltlsat/Benchmarks/random/P0.333333333333333N3L40M100T100-3.mltl,0.53,17000.8,sat
/home/michele/mltlsat/Benchmarks/random/P0.333333333333333N3L40M100T100-4.mltl,0.58,17004.8,sat
/home/michele/mltlsat/Benchmarks/random/P0.333333333333333N3L40M100T100-5.mltl,0.752,40492.8,sat
/home/michele/mltlsat/Benchmarks/random/P0.333333333333333N3L40M100T100-6.mltl,0.526,16985.6,sat
/home/michele/mltlsat/Benchmarks/random/P0.333333333333333N3L40M100T100-7.mltl,-1,-1,TO
/home/michele/mltlsat/Benchmarks/random/P0.333333333333333N3L40M100T100-8.mltl,0.508,17002.4,sat
/home/michele/mltlsat/Benchmarks/random/P0.333333333333333N3L40M100T100-9.mltl,0.5539999999999999,17016,sat
/home/michele/mltlsat/Benchmarks/random/P0.333333333333333N3L45M100T100-10.mltl,0.55,17005.6,sat
/home/michele/mltlsat/Benchmarks/random/P0.333333333333333N3L45M100T100-1.mltl,0.588,17003.2,sat
/home/michele/mltlsat/Benchmarks/random/P0.333333333333333N3L45M100T100-2.mltl,0.568,17008.8,sat
/home/michele/mltlsat/Benchmarks/random/P0.333333333333333N3L45M100T100-3.mltl,0.544,17015.2,sat
/home/michele/mltlsat/Benchmarks/random/P0.333333333333333N3L45M100T100-4.mltl,0.56,17000,sat
/home/michele/mltlsat/Benchmarks/random/P0.333333333333333N3L45M100T100-5.mltl,0.5459999999999999,17024,sat
/home/michele/mltlsat/Benchmarks/random/P0.333333333333333N3L45M100T100-6.mltl,0.55,17019.2,sat
/home/michele/mltlsat/Benchmarks/random/P0.333333333333333N3L45M100T100-7.mltl,0.604,36817.6,sat
/home/michele/mltlsat/Benchmarks/random/P0.333333333333333N3L45M100T100-8.mltl,0.544,17321.6,sat
/home/michele/mltlsat/Benchmarks/random/P0.333333333333333N3L45M100T100-9.mltl,0.598,17021.6,sat
/home/michele/mltlsat/Benchmarks/random/P0.333333333333333N3L50M100T100-10.mltl,0.63,19773.6,sat
/home/michele/mltlsat/Benchmarks/random/P0.333333333333333N3L50M100T100-1.mltl,0.6,17012,sat
/home/michele/mltlsat/Benchmarks/random/P0.333333333333333N3L50M100T100-2.mltl,0.596,17020,sat
/home/michele/mltlsat/Benchmarks/random/P0.333333333333333N3L50M100T100-3.mltl,0.604,16994.4,sat
/home/michele/mltlsat/Benchmarks/random/P0.333333333333333N3L50M100T100-4.mltl,0.616,17014.4,sat
/home/michele/mltlsat/Benchmarks/random/P0.333333333333333N3L50M100T100-5.mltl,0.622,24067.2,sat
/home/michele/mltlsat/Benchmarks/random/P0.333333333333333N3L50M100T100-6.mltl,0.59,16995.2,sat
/home/michele/mltlsat/Benchmarks/random/P0.333333333333333N3L50M100T100-7.mltl,0.608,17001.6,sat
/home/michele/mltlsat/Benchmarks/random/P0.333333333333333N3L50M100T100-8.mltl,0.626,33391.2,sat
/home/michele/mltlsat/Benchmarks/random/P0.333333333333333N3L50M100T100-9.mltl,0.586,16998.4,sat
/home/michele/mltlsat/Benchmarks/random/P0.333333333333333N3L55M100T100-10.mltl,0.596,17301.6,sat
/home/michele/mltlsat/Benchmarks/random/P0.333333333333333N3L55M100T100-1.mltl,0.552,16984,unsat
/home/michele/mltlsat/Benchmarks/random/P0.333333333333333N3L55M100T100-2.mltl,0.572,17009.6,unsat
/home/michele/mltlsat/Benchmarks/random/P0.333333333333333N3L55M100T100-3.mltl,0.592,16990.4,sat
/home/michele/mltlsat/Benchmarks/random/P0.333333333333333N3L55M100T100-4.mltl,0.58,17018.4,sat
/home/michele/mltlsat/Benchmarks/random/P0.333333333333333N3L55M100T100-5.mltl,0.584,17008,unsat
/home/michele/mltlsat/Benchmarks/random/P0.333333333333333N3L55M100T100-6.mltl,0.59,17012,sat
/home/michele/mltlsat/Benchmarks/random/P0.333333333333333N3L55M100T100-7.mltl,0.6,16985.6,sat
/home/michele/mltlsat/Benchmarks/random/P0.333333333333333N3L55M100T100-8.mltl,0.544,16994.4,sat
/home/michele/mltlsat/Benchmarks/random/P0.333333333333333N3L55M100T100-9.mltl,7.7139999999999995,58038.4,sat
/home/michele/mltlsat/Benchmarks/random/P0.333333333333333N3L5M100T100-10.mltl,0.524,17017.6,sat
/home/michele/mltlsat/Benchmarks/random/P0.333333333333333N3L5M100T100-1.mltl,0.57,17012.8,sat
/home/michele/mltlsat/Benchmarks/random/P0.333333333333333N3L5M100T100-2.mltl,0.544,16990.4,sat
/home/michele/mltlsat/Benchmarks/random/P0.333333333333333N3L5M100T100-3.mltl,0.582,17008,sat
/home/michele/mltlsat/Benchmarks/random/P0.333333333333333N3L5M100T100-4.mltl,0.568,17004,sat
/home/michele/mltlsat/Benchmarks/random/P0.333333333333333N3L5M100T100-5.mltl,0.538,17009.6,sat
/home/michele/mltlsat/Benchmarks/random/P0.333333333333333N3L5M100T100-6.mltl,0.468,17012.8,sat
/home/michele/mltlsat/Benchmarks/random/P0.333333333333333N3L5M100T100-7.mltl,0.472,17005.6,sat
/home/michele/mltlsat/Benchmarks/random/P0.333333333333333N3L5M100T100-8.mltl,0.464,20408,sat
/home/michele/mltlsat/Benchmarks/random/P0.333333333333333N3L5M100T100-9.mltl,0.41,17005.6,sat
/home/michele/mltlsat/Benchmarks/random/P0.333333333333333N3L60M100T100-10.mltl,0.432,37150.4,sat
/home/michele/mltlsat/Benchmarks/random/P0.333333333333333N3L60M100T100-1.mltl,0.428,17005.6,sat
/home/michele/mltlsat/Benchmarks/random/P0.333333333333333N3L60M100T100-2.mltl,0.488,38359.2,sat
/home/michele/mltlsat/Benchmarks/random/P0.333333333333333N3L60M100T100-3.mltl,0.426,17005.6,sat
/home/michele/mltlsat/Benchmarks/random/P0.333333333333333N3L60M100T100-4.mltl,0.44,38049.6,sat
/home/michele/mltlsat/Benchmarks/random/P0.333333333333333N3L60M100T100-5.mltl,0.444,19145.6,sat
/home/michele/mltlsat/Benchmarks/random/P0.333333333333333N3L60M100T100-6.mltl,0.40599999999999997,17007.2,sat
/home/michele/mltlsat/Benchmarks/random/P0.333333333333333N3L60M100T100-7.mltl,0.438,19159.2,sat
/home/michele/mltlsat/Benchmarks/random/P0.333333333333333N3L60M100T100-8.mltl,0.484,38367.2,sat
/home/michele/mltlsat/Benchmarks/random/P0.333333333333333N3L60M100T100-9.mltl,0.414,17014.4,sat
/home/michele/mltlsat/Benchmarks/random/P0.333333333333333N3L65M100T100-10.mltl,0.408,16999.2,sat
/home/michele/mltlsat/Benchmarks/random/P0.333333333333333N3L65M100T100-1.mltl,0.416,17028,sat
/home/michele/mltlsat/Benchmarks/random/P0.333333333333333N3L65M100T100-2.mltl,0.404,17020.8,sat
/home/michele/mltlsat/Benchmarks/random/P0.333333333333333N3L65M100T100-3.mltl,0.428,36491.2,sat
/home/michele/mltlsat/Benchmarks/random/P0.333333333333333N3L65M100T100-4.mltl,0.40800000000000003,17318.4,sat
/home/michele/mltlsat/Benchmarks/random/P0.333333333333333N3L65M100T100-5.mltl,0.398,17000,sat
/home/michele/mltlsat/Benchmarks/random/P0.333333333333333N3L65M100T100-6.mltl,0.426,16993.6,sat
/home/michele/mltlsat/Benchmarks/random/P0.333333333333333N3L65M100T100-7.mltl,0.418,17006.4,sat
/home/michele/mltlsat/Benchmarks/random/P0.333333333333333N3L65M100T100-8.mltl,0.426,17015.2,unsat
/home/michele/mltlsat/Benchmarks/random/P0.333333333333333N3L65M100T100-9.mltl,0.45,17014.4,sat
/home/michele/mltlsat/Benchmarks/random/P0.333333333333333N3L70M100T100-10.mltl,0.432,17013.6,sat
/home/michele/mltlsat/Benchmarks/random/P0.333333333333333N3L70M100T100-1.mltl,0.42,17014.4,sat
/home/michele/mltlsat/Benchmarks/random/P0.333333333333333N3L70M100T100-2.mltl,0.458,37137.6,sat
/home/michele/mltlsat/Benchmarks/random/P0.333333333333333N3L70M100T100-3.mltl,0.442,17010.4,sat
/home/michele/mltlsat/Benchmarks/random/P0.333333333333333N3L70M100T100-4.mltl,0.446,16999.2,sat
/home/michele/mltlsat/Benchmarks/random/P0.333333333333333N3L70M100T100-5.mltl,0.48000000000000004,16991.2,unsat
/home/michele/mltlsat/Benchmarks/random/P0.333333333333333N3L70M100T100-6.mltl,0.514,17006.4,sat
/home/michele/mltlsat/Benchmarks/random/P0.333333333333333N3L70M100T100-7.mltl,0.522,17010.4,sat
/home/michele/mltlsat/Benchmarks/random/P0.333333333333333N3L70M100T100-8.mltl,0.56,36172,sat
/home/michele/mltlsat/Benchmarks/random/P0.333333333333333N3L70M100T100-9.mltl,0.57,16975.2,sat
/home/michele/mltlsat/Benchmarks/random/P0.333333333333333N3L75M100T100-10.mltl,0.576,17017.6,sat
/home/michele/mltlsat/Benchmarks/random/P0.333333333333333N3L75M100T100-1.mltl,0.55,17025.6,sat
/home/michele/mltlsat/Benchmarks/random/P0.333333333333333N3L75M100T100-2.mltl,21.971999999999998,107616,sat
/home/michele/mltlsat/Benchmarks/random/P0.333333333333333N3L75M100T100-3.mltl,0.59,17012.8,sat
/home/michele/mltlsat/Benchmarks/random/P0.333333333333333N3L75M100T100-4.mltl,0.636,38340.8,sat
/home/michele/mltlsat/Benchmarks/random/P0.333333333333333N3L75M100T100-5.mltl,0.6,34015.2,sat
/home/michele/mltlsat/Benchmarks/random/P0.333333333333333N3L75M100T100-6.mltl,0.564,17003.2,sat
/home/michele/mltlsat/Benchmarks/random/P0.333333333333333N3L75M100T100-7.mltl,0.484,17007.2,sat
/home/michele/mltlsat/Benchmarks/random/P0.333333333333333N3L75M100T100-8.mltl,0.512,17330.4,sat
/home/michele/mltlsat/Benchmarks/random/P0.333333333333333N3L75M100T100-9.mltl,0.602,38340.8,sat
/home/michele/mltlsat/Benchmarks/random/P0.333333333333333N3L80M100T100-10.mltl,0.496,16999.2,sat
/home/michele/mltlsat/Benchmarks/random/P0.333333333333333N3L80M100T100-1.mltl,0.534,17005.6,sat
/home/michele/mltlsat/Benchmarks/random/P0.333333333333333N3L80M100T100-2.mltl,0.5539999999999999,17000,sat
/home/michele/mltlsat/Benchmarks/random/P0.333333333333333N3L80M100T100-3.mltl,0.544,17017.6,sat
/home/michele/mltlsat/Benchmarks/random/P0.333333333333333N3L80M100T100-4.mltl,0.5619999999999999,16993.6,sat
/home/michele/mltlsat/Benchmarks/random/P0.333333333333333N3L80M100T100-5.mltl,0.598,17002.4,sat
/home/michele/mltlsat/Benchmarks/random/P0.333333333333333N3L80M100T100-6.mltl,0.58,17000.8,unsat
/home/michele/mltlsat/Benchmarks/random/P0.333333333333333N3L80M100T100-7.mltl,0.5760000000000001,38288,sat
/home/michele/mltlsat/Benchmarks/random/P0.333333333333333N3L80M100T100-8.mltl,0.572,17012.8,sat
/home/michele/mltlsat/Benchmarks/random/P0.333333333333333N3L80M100T100-9.mltl,0.574,37145.6,sat
/home/michele/mltlsat/Benchmarks/random/P0.333333333333333N3L85M100T100-10.mltl,0.5599999999999999,29061.6,sat
/home/michele/mltlsat/Benchmarks/random/P0.333333333333333N3L85M100T100-1.mltl,0.522,16999.2,sat
/home/michele/mltlsat/Benchmarks/random/P0.333333333333333N3L85M100T100-2.mltl,0.558,17024,sat
/home/michele/mltlsat/Benchmarks/random/P0.333333333333333N3L85M100T100-3.mltl,10.788,74006.4,sat
/home/michele/mltlsat/Benchmarks/random/P0.333333333333333N3L85M100T100-4.mltl,0.572,17005.6,sat
/home/michele/mltlsat/Benchmarks/random/P0.333333333333333N3L85M100T100-5.mltl,0.5599999999999999,17618.4,sat
/home/michele/mltlsat/Benchmarks/random/P0.333333333333333N3L85M100T100-6.mltl,0.55,17629.6,sat
/home/michele/mltlsat/Benchmarks/random/P0.333333333333333N3L85M100T100-7.mltl,0.58,35892,sat
/home/michele/mltlsat/Benchmarks/random/P0.333333333333333N3L85M100T100-8.mltl,0.5539999999999999,17009.6,sat
/home/michele/mltlsat/Benchmarks/random/P0.333333333333333N3L85M100T100-9.mltl,0.608,36752.8,sat
/home/michele/mltlsat/Benchmarks/random/P0.333333333333333N3L90M100T100-10.mltl,0.5579999999999999,17027.2,sat
/home/michele/mltlsat/Benchmarks/random/P0.333333333333333N3L90M100T100-1.mltl,0.572,17021.6,sat
/home/michele/mltlsat/Benchmarks/random/P0.333333333333333N3L90M100T100-2.mltl,0.5499999999999999,17008,sat
/home/michele/mltlsat/Benchmarks/random/P0.333333333333333N3L90M100T100-3.mltl,0.534,17009.6,sat
/home/michele/mltlsat/Benchmarks/random/P0.333333333333333N3L90M100T100-4.mltl,0.58,17016.8,sat
/home/michele/mltlsat/Benchmarks/random/P0.333333333333333N3L90M100T100-5.mltl,0.578,17014.4,sat
/home/michele/mltlsat/Benchmarks/random/P0.333333333333333N3L90M100T100-6.mltl,2.722,50974.4,sat
/home/michele/mltlsat/Benchmarks/random/P0.333333333333333N3L90M100T100-7.mltl,0.588,16992.8,sat
/home/michele/mltlsat/Benchmarks/random/P0.333333333333333N3L90M100T100-8.mltl,0.594,16995.2,sat
/home/michele/mltlsat/Benchmarks/random/P0.333333333333333N3L90M100T100-9.mltl,0.566,17020,sat
/home/michele/mltlsat/Benchmarks/random/P0.333333333333333N3L95M100T100-10.mltl,0.572,17004,sat
/home/michele/mltlsat/Benchmarks/random/P0.333333333333333N3L95M100T100-1.mltl,0.646,38659.2,sat
/home/michele/mltlsat/Benchmarks/random/P0.333333333333333N3L95M100T100-2.mltl,0.578,17024.8,sat
/home/michele/mltlsat/Benchmarks/random/P0.333333333333333N3L95M100T100-3.mltl,0.544,17310.4,sat
/home/michele/mltlsat/Benchmarks/random/P0.333333333333333N3L95M100T100-4.mltl,0.59,17016,unsat
/home/michele/mltlsat/Benchmarks/random/P0.333333333333333N3L95M100T100-5.mltl,0.572,24723.2,sat
/home/michele/mltlsat/Benchmarks/random/P0.333333333333333N3L95M100T100-6.mltl,0.5619999999999999,17316.8,sat
/home/michele/mltlsat/Benchmarks/random/P0.333333333333333N3L95M100T100-7.mltl,2.682,275048,sat
/home/michele/mltlsat/Benchmarks/random/P0.333333333333333N3L95M100T100-8.mltl,0.602,17323.2,unsat
/home/michele/mltlsat/Benchmarks/random/P0.333333333333333N3L95M100T100-9.mltl,12.336,77846.4,sat
/home/michele/mltlsat/Benchmarks/random/P0.333333333333333N4L100M100T100-10.mltl,0.59,17297.6,sat
/home/michele/mltlsat/Benchmarks/random/P0.333333333333333N4L100M100T100-1.mltl,0.592,17020.8,sat
/home/michele/mltlsat/Benchmarks/random/P0.333333333333333N4L100M100T100-2.mltl,0.592,17009.6,sat
/home/michele/mltlsat/Benchmarks/random/P0.333333333333333N4L100M100T100-3.mltl,0.596,17020.8,sat
/home/michele/mltlsat/Benchmarks/random/P0.333333333333333N4L100M100T100-4.mltl,0.57,17319.2,sat
/home/michele/mltlsat/Benchmarks/random/P0.333333333333333N4L100M100T100-5.mltl,0.586,17317.6,sat
/home/michele/mltlsat/Benchmarks/random/P0.333333333333333N4L100M100T100-6.mltl,0.63,36174.4,sat
/home/michele/mltlsat/Benchmarks/random/P0.333333333333333N4L100M100T100-7.mltl,0.59,17031.2,sat
/home/michele/mltlsat/Benchmarks/random/P0.333333333333333N4L100M100T100-8.mltl,0.602,17004,sat
/home/michele/mltlsat/Benchmarks/random/P0.333333333333333N4L100M100T100-9.mltl,0.584,17011.2,sat
/home/michele/mltlsat/Benchmarks/random/P0.333333333333333N4L10M100T100-10.mltl,0.5559999999999999,17029.6,sat
/home/michele/mltlsat/Benchmarks/random/P0.333333333333333N4L10M100T100-1.mltl,0.54,17016,sat
/home/michele/mltlsat/Benchmarks/random/P0.333333333333333N4L10M100T100-2.mltl,0.52,17008.8,sat
/home/michele/mltlsat/Benchmarks/random/P0.333333333333333N4L10M100T100-3.mltl,0.5,16993.6,sat
/home/michele/mltlsat/Benchmarks/random/P0.333333333333333N4L10M100T100-4.mltl,0.466,17319.2,sat
/home/michele/mltlsat/Benchmarks/random/P0.333333333333333N4L10M100T100-5.mltl,0.496,17032.8,sat
/home/michele/mltlsat/Benchmarks/random/P0.333333333333333N4L10M100T100-6.mltl,0.484,20401.6,sat
/home/michele/mltlsat/Benchmarks/random/P0.333333333333333N4L10M100T100-7.mltl,0.428,17001.6,sat
/home/michele/mltlsat/Benchmarks/random/P0.333333333333333N4L10M100T100-8.mltl,0.456,16995.2,sat
/home/michele/mltlsat/Benchmarks/random/P0.333333333333333N4L10M100T100-9.mltl,0.428,16995.2,sat
/home/michele/mltlsat/Benchmarks/random/P0.333333333333333N4L15M100T100-10.mltl,0.434,17000,sat
/home/michele/mltlsat/Benchmarks/random/P0.333333333333333N4L15M100T100-1.mltl,0.446,16980,sat
/home/michele/mltlsat/Benchmarks/random/P0.333333333333333N4L15M100T100-2.mltl,0.468,17024.8,sat
/home/michele/mltlsat/Benchmarks/random/P0.333333333333333N4L15M100T100-3.mltl,0.444,17024.8,sat
/home/michele/mltlsat/Benchmarks/random/P0.333333333333333N4L15M100T100-4.mltl,0.432,17009.6,sat
/home/michele/mltlsat/Benchmarks/random/P0.333333333333333N4L15M100T100-5.mltl,0.424,16992.8,sat
/home/michele/mltlsat/Benchmarks/random/P0.333333333333333N4L15M100T100-6.mltl,0.422,17024,sat
/home/michele/mltlsat/Benchmarks/random/P0.333333333333333N4L15M100T100-7.mltl,0.438,20402.4,sat
/home/michele/mltlsat/Benchmarks/random/P0.333333333333333N4L15M100T100-8.mltl,0.418,16999.2,unsat
/home/michele/mltlsat/Benchmarks/random/P0.333333333333333N4L15M100T100-9.mltl,0.424,16400.8,sat
/home/michele/mltlsat/Benchmarks/random/P0.333333333333333N4L20M100T100-10.mltl,0.43,17009.6,sat
/home/michele/mltlsat/Benchmarks/random/P0.333333333333333N4L20M100T100-1.mltl,0.422,17025.6,sat
/home/michele/mltlsat/Benchmarks/random/P0.333333333333333N4L20M100T100-2.mltl,0.434,16986.4,sat
/home/michele/mltlsat/Benchmarks/random/P0.333333333333333N4L20M100T100-3.mltl,0.422,17022.4,unsat
/home/michele/mltlsat/Benchmarks/random/P0.333333333333333N4L20M100T100-4.mltl,0.43,17015.2,sat
/home/michele/mltlsat/Benchmarks/random/P0.333333333333333N4L20M100T100-5.mltl,0.45,17003.2,sat
/home/michele/mltlsat/Benchmarks/random/P0.333333333333333N4L20M100T100-6.mltl,0.416,16710.4,sat
/home/michele/mltlsat/Benchmarks/random/P0.333333333333333N4L20M100T100-7.mltl,0.424,17020,sat
/home/michele/mltlsat/Benchmarks/random/P0.333333333333333N4L20M100T100-8.mltl,0.424,16991.2,sat
/home/michele/mltlsat/Benchmarks/random/P0.333333333333333N4L20M100T100-9.mltl,0.418,17011.2,sat
/home/michele/mltlsat/Benchmarks/random/P0.333333333333333N4L25M100T100-10.mltl,0.42,16992.8,sat
/home/michele/mltlsat/Benchmarks/random/P0.333333333333333N4L25M100T100-1.mltl,0.43,17009.6,sat
/home/michele/mltlsat/Benchmarks/random/P0.333333333333333N4L25M100T100-2.mltl,0.428,17013.6,sat
/home/michele/mltlsat/Benchmarks/random/P0.333333333333333N4L25M100T100-3.mltl,0.422,17017.6,sat
/home/michele/mltlsat/Benchmarks/random/P0.333333333333333N4L25M100T100-4.mltl,0.418,16684.8,sat
/home/michele/mltlsat/Benchmarks/random/P0.333333333333333N4L25M100T100-5.mltl,0.426,17009.6,sat
/home/michele/mltlsat/Benchmarks/random/P0.333333333333333N4L25M100T100-6.mltl,0.436,16996,sat
/home/michele/mltlsat/Benchmarks/random/P0.333333333333333N4L25M100T100-7.mltl,0.428,16984,sat
/home/michele/mltlsat/Benchmarks/random/P0.333333333333333N4L25M100T100-8.mltl,0.428,17020.8,sat
/home/michele/mltlsat/Benchmarks/random/P0.333333333333333N4L25M100T100-9.mltl,0.416,16993.6,sat
/home/michele/mltlsat/Benchmarks/random/P0.333333333333333N4L30M100T100-10.mltl,0.404,17014.4,sat
/home/michele/mltlsat/Benchmarks/random/P0.333333333333333N4L30M100T100-1.mltl,0.422,29648,sat
/home/michele/mltlsat/Benchmarks/random/P0.333333333333333N4L30M100T100-2.mltl,0.404,17014.4,sat
/home/michele/mltlsat/Benchmarks/random/P0.333333333333333N4L30M100T100-3.mltl,0.402,17004.8,sat
/home/michele/mltlsat/Benchmarks/random/P0.333333333333333N4L30M100T100-4.mltl,0.45,38356.8,sat
/home/michele/mltlsat/Benchmarks/random/P0.333333333333333N4L30M100T100-5.mltl,0.41,16696,sat
/home/michele/mltlsat/Benchmarks/random/P0.333333333333333N4L30M100T100-6.mltl,0.42,17012.8,sat
/home/michele/mltlsat/Benchmarks/random/P0.333333333333333N4L30M100T100-7.mltl,0.438,17010.4,sat
/home/michele/mltlsat/Benchmarks/random/P0.333333333333333N4L30M100T100-8.mltl,0.486,19136.8,sat
/home/michele/mltlsat/Benchmarks/random/P0.333333333333333N4L30M100T100-9.mltl,0.436,17010.4,sat
/home/michele/mltlsat/Benchmarks/random/P0.333333333333333N4L35M100T100-10.mltl,0.436,17021.6,sat
/home/michele/mltlsat/Benchmarks/random/P0.333333333333333N4L35M100T100-1.mltl,0.436,17000,sat
/home/michele/mltlsat/Benchmarks/random/P0.333333333333333N4L35M100T100-2.mltl,0.45,17016.8,sat
/home/michele/mltlsat/Benchmarks/random/P0.333333333333333N4L35M100T100-3.mltl,0.496,20094.4,sat
/home/michele/mltlsat/Benchmarks/random/P0.333333333333333N4L35M100T100-4.mltl,0.424,20424.8,sat
/home/michele/mltlsat/Benchmarks/random/P0.333333333333333N4L35M100T100-5.mltl,0.416,17006.4,sat
/home/michele/mltlsat/Benchmarks/random/P0.333333333333333N4L35M100T100-6.mltl,0.418,17012.8,sat
/home/michele/mltlsat/Benchmarks/random/P0.333333333333333N4L35M100T100-7.mltl,0.414,17010.4,sat
/home/michele/mltlsat/Benchmarks/random/P0.333333333333333N4L35M100T100-8.mltl,0.41000000000000003,16995.2,sat
/home/michele/mltlsat/Benchmarks/random/P0.333333333333333N4L35M100T100-9.mltl,0.42,17020.8,sat
/home/michele/mltlsat/Benchmarks/random/P0.333333333333333N4L40M100T100-10.mltl,0.40599999999999997,17004.8,sat
/home/michele/mltlsat/Benchmarks/random/P0.333333333333333N4L40M100T100-1.mltl,0.412,17000.8,sat
/home/michele/mltlsat/Benchmarks/random/P0.333333333333333N4L40M100T100-2.mltl,0.40599999999999997,16996,sat
/home/michele/mltlsat/Benchmarks/random/P0.333333333333333N4L40M100T100-3.mltl,0.42,16963.2,unsat
/home/michele/mltlsat/Benchmarks/random/P0.333333333333333N4L40M100T100-4.mltl,0.422,17003.2,sat
/home/michele/mltlsat/Benchmarks/random/P0.333333333333333N4L40M100T100-5.mltl,0.414,17020,sat
/home/michele/mltlsat/Benchmarks/random/P0.333333333333333N4L40M100T100-6.mltl,0.422,17000.8,sat
/home/michele/mltlsat/Benchmarks/random/P0.333333333333333N4L40M100T100-7.mltl,0.42,16992,sat
/home/michele/mltlsat/Benchmarks/random/P0.333333333333333N4L40M100T100-8.mltl,0.418,17016.8,sat
/home/michele/mltlsat/Benchmarks/random/P0.333333333333333N4L40M100T100-9.mltl,0.43,16994.4,sat
/home/michele/mltlsat/Benchmarks/random/P0.333333333333333N4L45M100T100-10.mltl,0.426,17014.4,sat
/home/michele/mltlsat/Benchmarks/random/P0.333333333333333N4L45M100T100-1.mltl,0.436,17004.8,sat
/home/michele/mltlsat/Benchmarks/random/P0.333333333333333N4L45M100T100-2.mltl,0.432,16995.2,unsat
/home/michele/mltlsat/Benchmarks/random/P0.333333333333333N4L45M100T100-3.mltl,0.444,16989.6,sat
/home/michele/mltlsat/Benchmarks/random/P0.333333333333333N4L45M100T100-4.mltl,0.444,16712,sat
/home/michele/mltlsat/Benchmarks/random/P0.333333333333333N4L45M100T100-5.mltl,0.452,17006.4,sat
/home/michele/mltlsat/Benchmarks/random/P0.333333333333333N4L45M100T100-6.mltl,0.452,17010.4,sat
/home/michele/mltlsat/Benchmarks/random/P0.333333333333333N4L45M100T100-7.mltl,0.454,16997.6,sat
/home/michele/mltlsat/Benchmarks/random/P0.333333333333333N4L45M100T100-8.mltl,0.478,16993.6,sat
/home/michele/mltlsat/Benchmarks/random/P0.333333333333333N4L45M100T100-9.mltl,0.484,16992.8,sat
/home/michele/mltlsat/Benchmarks/random/P0.333333333333333N4L50M100T100-10.mltl,0.46,16991.2,unsat
/home/michele/mltlsat/Benchmarks/random/P0.333333333333333N4L50M100T100-1.mltl,0.478,17000.8,sat
/home/michele/mltlsat/Benchmarks/random/P0.333333333333333N4L50M100T100-2.mltl,0.92,44776.8,unsat
/home/michele/mltlsat/Benchmarks/random/P0.333333333333333N4L50M100T100-3.mltl,0.528,16997.6,sat
/home/michele/mltlsat/Benchmarks/random/P0.333333333333333N4L50M100T100-4.mltl,-1,-1,TO
/home/michele/mltlsat/Benchmarks/random/P0.333333333333333N4L50M100T100-5.mltl,0.526,17014.4,sat
/home/michele/mltlsat/Benchmarks/random/P0.333333333333333N4L50M100T100-6.mltl,0.486,17000,sat
/home/michele/mltlsat/Benchmarks/random/P0.333333333333333N4L50M100T100-7.mltl,0.564,35891.2,sat
/home/michele/mltlsat/Benchmarks/random/P0.333333333333333N4L50M100T100-8.mltl,0.492,16988,sat
/home/michele/mltlsat/Benchmarks/random/P0.333333333333333N4L50M100T100-9.mltl,0.528,16999.2,sat
/home/michele/mltlsat/Benchmarks/random/P0.333333333333333N4L55M100T100-10.mltl,0.51,17304,sat
/home/michele/mltlsat/Benchmarks/random/P0.333333333333333N4L55M100T100-1.mltl,0.482,17005.6,unsat
/home/michele/mltlsat/Benchmarks/random/P0.333333333333333N4L55M100T100-2.mltl,0.558,17019.2,sat
/home/michele/mltlsat/Benchmarks/random/P0.333333333333333N4L55M100T100-3.mltl,0.566,16987.2,sat
/home/michele/mltlsat/Benchmarks/random/P0.333333333333333N4L55M100T100-4.mltl,0.564,17012,unsat
/home/michele/mltlsat/Benchmarks/random/P0.333333333333333N4L55M100T100-5.mltl,0.538,17016,sat
/home/michele/mltlsat/Benchmarks/random/P0.333333333333333N4L55M100T100-6.mltl,0.55,17030.4,sat
/home/michele/mltlsat/Benchmarks/random/P0.333333333333333N4L55M100T100-7.mltl,0.526,16981.6,sat
/home/michele/mltlsat/Benchmarks/random/P0.333333333333333N4L55M100T100-8.mltl,0.574,17030.4,sat
/home/michele/mltlsat/Benchmarks/random/P0.333333333333333N4L55M100T100-9.mltl,0.602,16998.4,sat
/home/michele/mltlsat/Benchmarks/random/P0.333333333333333N4L5M100T100-10.mltl,0.554,17009.6,sat
/home/michele/mltlsat/Benchmarks/random/P0.333333333333333N4L5M100T100-1.mltl,0.572,17004,sat
/home/michele/mltlsat/Benchmarks/random/P0.333333333333333N4L5M100T100-2.mltl,0.566,16980.8,sat
/home/michele/mltlsat/Benchmarks/random/P0.333333333333333N4L5M100T100-3.mltl,0.5599999999999999,17002.4,sat
/home/michele/mltlsat/Benchmarks/random/P0.333333333333333N4L5M100T100-4.mltl,0.5479999999999999,17017.6,sat
/home/michele/mltlsat/Benchmarks/random/P0.333333333333333N4L5M100T100-5.mltl,0.538,17015.2,sat
/home/michele/mltlsat/Benchmarks/random/P0.333333333333333N4L5M100T100-6.mltl,0.5,17007.2,sat
/home/michele/mltlsat/Benchmarks/random/P0.333333333333333N4L5M100T100-7.mltl,0.514,17021.6,sat
/home/michele/mltlsat/Benchmarks/random/P0.333333333333333N4L5M100T100-8.mltl,0.514,17008,sat
/home/michele/mltlsat/Benchmarks/random/P0.333333333333333N4L5M100T100-9.mltl,0.506,17024,sat
/home/michele/mltlsat/Benchmarks/random/P0.333333333333333N4L60M100T100-10.mltl,0.534,36522.4,sat
/home/michele/mltlsat/Benchmarks/random/P0.333333333333333N4L60M100T100-1.mltl,0.498,16708,sat
/home/michele/mltlsat/Benchmarks/random/P0.333333333333333N4L60M100T100-2.mltl,0.554,38362.4,sat
/home/michele/mltlsat/Benchmarks/random/P0.333333333333333N4L60M100T100-3.mltl,0.49,17032.8,sat
/home/michele/mltlsat/Benchmarks/random/P0.333333333333333N4L60M100T100-4.mltl,0.506,17016.8,sat
/home/michele/mltlsat/Benchmarks/random/P0.333333333333333N4L60M100T100-5.mltl,0.56,36791.2,sat
/home/michele/mltlsat/Benchmarks/random/P0.333333333333333N4L60M100T100-6.mltl,0.61,19184,unsat
/home/michele/mltlsat/Benchmarks/random/P0.333333333333333N4L60M100T100-7.mltl,0.57,17651.2,sat
/home/michele/mltlsat/Benchmarks/random/P0.333333333333333N4L60M100T100-8.mltl,0.532,17024.8,sat
/home/michele/mltlsat/Benchmarks/random/P0.333333333333333N4L60M100T100-9.mltl,0.476,17012,sat
/home/michele/mltlsat/Benchmarks/random/P0.333333333333333N4L65M100T100-10.mltl,0.52,37140.8,sat
/home/michele/mltlsat/Benchmarks/random/P0.333333333333333N4L65M100T100-1.mltl,0.5,19159.2,sat
/home/michele/mltlsat/Benchmarks/random/P0.333333333333333N4L65M100T100-2.mltl,0.48,17023.2,sat
/home/michele/mltlsat/Benchmarks/random/P0.333333333333333N4L65M100T100-3.mltl,0.484,17007.2,sat
/home/michele/mltlsat/Benchmarks/random/P0.333333333333333N4L65M100T100-4.mltl,0.492,16974.4,sat
/home/michele/mltlsat/Benchmarks/random/P0.333333333333333N4L65M100T100-5.mltl,0.488,17015.2,sat
/home/michele/mltlsat/Benchmarks/random/P0.333333333333333N4L65M100T100-6.mltl,0.8200000000000001,43300.8,sat
/home/michele/mltlsat/Benchmarks/random/P0.333333333333333N4L65M100T100-7.mltl,0.46799999999999997,17324,sat
/home/michele/mltlsat/Benchmarks/random/P0.333333333333333N4L65M100T100-8.mltl,0.46799999999999997,17011.2,sat
/home/michele/mltlsat/Benchmarks/random/P0.333333333333333N4L65M100T100-9.mltl,0.448,17004,sat
/home/michele/mltlsat/Benchmarks/random/P0.333333333333333N4L70M100T100-10.mltl,0.46399999999999997,27173.6,sat
/home/michele/mltlsat/Benchmarks/random/P0.333333333333333N4L70M100T100-1.mltl,0.476,16999.2,sat
/home/michele/mltlsat/Benchmarks/random/P0.333333333333333N4L70M100T100-2.mltl,0.508,40480.8,sat
/home/michele/mltlsat/Benchmarks/random/P0.333333333333333N4L70M100T100-3.mltl,0.454,37157.6,sat
/home/michele/mltlsat/Benchmarks/random/P0.333333333333333N4L70M100T100-4.mltl,0.442,27465.6,sat
/home/michele/mltlsat/Benchmarks/random/P0.333333333333333N4L70M100T100-5.mltl,0.434,17014.4,sat
/home/michele/mltlsat/Benchmarks/random/P0.333333333333333N4L70M100T100-6.mltl,0.426,17021.6,sat
/home/michele/mltlsat/Benchmarks/random/P0.333333333333333N4L70M100T100-7.mltl,0.442,17020,sat
/home/michele/mltlsat/Benchmarks/random/P0.333333333333333N4L70M100T100-8.mltl,5.77,65366.4,sat
/home/michele/mltlsat/Benchmarks/random/P0.333333333333333N4L70M100T100-9.mltl,0.434,20423.2,sat
/home/michele/mltlsat/Benchmarks/random/P0.333333333333333N4L75M100T100-10.mltl,0.42,17007.2,sat
/home/michele/mltlsat/Benchmarks/random/P0.333333333333333N4L75M100T100-1.mltl,0.428,17019.2,sat
/home/michele/mltlsat/Benchmarks/random/P0.333333333333333N4L75M100T100-2.mltl,0.428,17009.6,unsat
/home/michele/mltlsat/Benchmarks/random/P0.333333333333333N4L75M100T100-3.mltl,0.43,16992,sat
/home/michele/mltlsat/Benchmarks/random/P0.333333333333333N4L75M100T100-4.mltl,0.45,16984,sat
/home/michele/mltlsat/Benchmarks/random/P0.333333333333333N4L75M100T100-5.mltl,0.448,17907.2,sat
/home/michele/mltlsat/Benchmarks/random/P0.333333333333333N4L75M100T100-6.mltl,0.454,20691.2,sat
/home/michele/mltlsat/Benchmarks/random/P0.333333333333333N4L75M100T100-7.mltl,0.44,17013.6,sat
/home/michele/mltlsat/Benchmarks/random/P0.333333333333333N4L75M100T100-8.mltl,0.472,19157.6,sat
/home/michele/mltlsat/Benchmarks/random/P0.333333333333333N4L75M100T100-9.mltl,0.464,37109.6,sat
/home/michele/mltlsat/Benchmarks/random/P0.333333333333333N4L80M100T100-10.mltl,0.442,17039.2,unsat
/home/michele/mltlsat/Benchmarks/random/P0.333333333333333N4L80M100T100-1.mltl,0.496,19481.6,sat
/home/michele/mltlsat/Benchmarks/random/P0.333333333333333N4L80M100T100-2.mltl,0.464,17020,sat
/home/michele/mltlsat/Benchmarks/random/P0.333333333333333N4L80M100T100-3.mltl,0.494,17004.8,sat
/home/michele/mltlsat/Benchmarks/random/P0.333333333333333N4L80M100T100-4.mltl,0.486,36177.6,sat
/home/michele/mltlsat/Benchmarks/random/P0.333333333333333N4L80M100T100-5.mltl,0.992,45595.2,sat
/home/michele/mltlsat/Benchmarks/random/P0.333333333333333N4L80M100T100-6.mltl,0.5579999999999999,36495.2,sat
/home/michele/mltlsat/Benchmarks/random/P0.333333333333333N4L80M100T100-7.mltl,0.446,17004.8,unsat
/home/michele/mltlsat/Benchmarks/random/P0.333333333333333N4L80M100T100-8.mltl,0.478,16994.4,sat
/home/michele/mltlsat/Benchmarks/random/P0.333333333333333N4L80M100T100-9.mltl,0.48,17011.2,sat
/home/michele/mltlsat/Benchmarks/random/P0.333333333333333N4L85M100T100-10.mltl,0.5479999999999999,17006.4,sat
/home/michele/mltlsat/Benchmarks/random/P0.333333333333333N4L85M100T100-1.mltl,0.564,17008,sat
/home/michele/mltlsat/Benchmarks/random/P0.333333333333333N4L85M100T100-2.mltl,0.506,16998.4,sat
/home/michele/mltlsat/Benchmarks/random/P0.333333333333333N4L85M100T100-3.mltl,0.584,17007.2,sat
/home/michele/mltlsat/Benchmarks/random/P0.333333333333333N4L85M100T100-4.mltl,3.324,166018.4,sat
/home/michele/mltlsat/Benchmarks/random/P0.333333333333333N4L85M100T100-5.mltl,0.584,16997.6,sat
/home/michele/mltlsat/Benchmarks/random/P0.333333333333333N4L85M100T100-6.mltl,0.568,17344.8,sat
/home/michele/mltlsat/Benchmarks/random/P0.333333333333333N4L85M100T100-7.mltl,0.6,17012.8,sat
/home/michele/mltlsat/Benchmarks/random/P0.333333333333333N4L85M100T100-8.mltl,0.964,45436.8,sat
/home/michele/mltlsat/Benchmarks/random/P0.333333333333333N4L85M100T100-9.mltl,0.57,17019.2,sat
/home/michele/mltlsat/Benchmarks/random/P0.333333333333333N4L90M100T100-10.mltl,0.5619999999999999,16993.6,sat
/home/michele/mltlsat/Benchmarks/random/P0.333333333333333N4L90M100T100-1.mltl,0.572,16993.6,sat
/home/michele/mltlsat/Benchmarks/random/P0.333333333333333N4L90M100T100-2.mltl,0.5479999999999999,17312,sat
/home/michele/mltlsat/Benchmarks/random/P0.333333333333333N4L90M100T100-3.mltl,0.59,17000,sat
/home/michele/mltlsat/Benchmarks/random/P0.333333333333333N4L90M100T100-4.mltl,0.484,17016.8,sat
/home/michele/mltlsat/Benchmarks/random/P0.333333333333333N4L90M100T100-5.mltl,0.626,41088,sat
/home/michele/mltlsat/Benchmarks/random/P0.333333333333333N4L90M100T100-6.mltl,0.474,36158.4,sat
/home/michele/mltlsat/Benchmarks/random/P0.333333333333333N4L90M100T100-7.mltl,0.468,16990.4,unsat
/home/michele/mltlsat/Benchmarks/random/P0.333333333333333N4L90M100T100-8.mltl,0.504,17010.4,sat
/home/michele/mltlsat/Benchmarks/random/P0.333333333333333N4L90M100T100-9.mltl,0.53,19476.8,sat
/home/michele/mltlsat/Benchmarks/random/P0.333333333333333N4L95M100T100-10.mltl,0.46,16998.4,sat
/home/michele/mltlsat/Benchmarks/random/P0.333333333333333N4L95M100T100-1.mltl,0.474,17002.4,sat
/home/michele/mltlsat/Benchmarks/random/P0.333333333333333N4L95M100T100-2.mltl,0.464,16993.6,sat
/home/michele/mltlsat/Benchmarks/random/P0.333333333333333N4L95M100T100-3.mltl,0.47000000000000003,17016,sat
/home/michele/mltlsat/Benchmarks/random/P0.333333333333333N4L95M100T100-4.mltl,0.524,16992,sat
/home/michele/mltlsat/Benchmarks/random/P0.333333333333333N4L95M100T100-5.mltl,0.56,16997.6,sat
/home/michele/mltlsat/Benchmarks/random/P0.333333333333333N4L95M100T100-6.mltl,0.522,17013.6,sat
/home/michele/mltlsat/Benchmarks/random/P0.333333333333333N4L95M100T100-7.mltl,0.528,16987.2,unsat
/home/michele/mltlsat/Benchmarks/random/P0.333333333333333N4L95M100T100-8.mltl,0.532,16992,unsat
/home/michele/mltlsat/Benchmarks/random/P0.333333333333333N4L95M100T100-9.mltl,0.638,38663.2,sat
/home/michele/mltlsat/Benchmarks/random/P0.333333333333333N5L100M100T100-10.mltl,0.532,17013.6,sat
/home/michele/mltlsat/Benchmarks/random/P0.333333333333333N5L100M100T100-1.mltl,0.556,17912,sat
/home/michele/mltlsat/Benchmarks/random/P0.333333333333333N5L100M100T100-2.mltl,0.5599999999999999,17005.6,sat
/home/michele/mltlsat/Benchmarks/random/P0.333333333333333N5L100M100T100-3.mltl,0.538,16987.2,sat
/home/michele/mltlsat/Benchmarks/random/P0.333333333333333N5L100M100T100-4.mltl,0.55,36188,sat
/home/michele/mltlsat/Benchmarks/random/P0.333333333333333N5L100M100T100-5.mltl,0.522,17008.8,sat
/home/michele/mltlsat/Benchmarks/random/P0.333333333333333N5L100M100T100-6.mltl,0.506,36223.2,sat
/home/michele/mltlsat/Benchmarks/random/P0.333333333333333N5L100M100T100-7.mltl,0.5,38655.2,sat
/home/michele/mltlsat/Benchmarks/random/P0.333333333333333N5L100M100T100-8.mltl,0.44,16999.2,sat
/home/michele/mltlsat/Benchmarks/random/P0.333333333333333N5L100M100T100-9.mltl,0.44,17006.4,sat
/home/michele/mltlsat/Benchmarks/random/P0.333333333333333N5L10M100T100-10.mltl,0.442,17000.8,sat
/home/michele/mltlsat/Benchmarks/random/P0.333333333333333N5L10M100T100-1.mltl,0.43,16998.4,sat
/home/michele/mltlsat/Benchmarks/random/P0.333333333333333N5L10M100T100-2.mltl,0.426,16995.2,sat
/home/michele/mltlsat/Benchmarks/random/P0.333333333333333N5L10M100T100-3.mltl,0.442,17020.8,sat
/home/michele/mltlsat/Benchmarks/random/P0.333333333333333N5L10M100T100-4.mltl,0.438,17002.4,sat
/home/michele/mltlsat/Benchmarks/random/P0.333333333333333N5L10M100T100-5.mltl,0.428,17006.4,sat
/home/michele/mltlsat/Benchmarks/random/P0.333333333333333N5L10M100T100-6.mltl,0.422,16995.2,sat
/home/michele/mltlsat/Benchmarks/random/P0.333333333333333N5L10M100T100-7.mltl,0.416,16997.6,sat
/home/michele/mltlsat/Benchmarks/random/P0.333333333333333N5L10M100T100-8.mltl,0.42,17005.6,sat
/home/michele/mltlsat/Benchmarks/random/P0.333333333333333N5L10M100T100-9.mltl,0.424,17020,sat
/home/michele/mltlsat/Benchmarks/random/P0.333333333333333N5L15M100T100-10.mltl,0.414,17026.4,sat
/home/michele/mltlsat/Benchmarks/random/P0.333333333333333N5L15M100T100-1.mltl,0.418,17004.8,sat
/home/michele/mltlsat/Benchmarks/random/P0.333333333333333N5L15M100T100-2.mltl,0.41,17009.6,sat
/home/michele/mltlsat/Benchmarks/random/P0.333333333333333N5L15M100T100-3.mltl,0.418,20394.4,sat
/home/michele/mltlsat/Benchmarks/random/P0.333333333333333N5L15M100T100-4.mltl,0.426,16996.8,sat
/home/michele/mltlsat/Benchmarks/random/P0.333333333333333N5L15M100T100-5.mltl,0.406,17014.4,unsat
/home/michele/mltlsat/Benchmarks/random/P0.333333333333333N5L15M100T100-6.mltl,0.412,17036,sat
/home/michele/mltlsat/Benchmarks/random/P0.333333333333333N5L15M100T100-7.mltl,0.4,16987.2,sat
/home/michele/mltlsat/Benchmarks/random/P0.333333333333333N5L15M100T100-8.mltl,0.4,17019.2,sat
/home/michele/mltlsat/Benchmarks/random/P0.333333333333333N5L15M100T100-9.mltl,0.416,17016,sat
/home/michele/mltlsat/Benchmarks/random/P0.333333333333333N5L20M100T100-10.mltl,0.414,17008.8,sat
/home/michele/mltlsat/Benchmarks/random/P0.333333333333333N5L20M100T100-1.mltl,0.442,20399.2,sat
/home/michele/mltlsat/Benchmarks/random/P0.333333333333333N5L20M100T100-2.mltl,0.424,16716,sat
/home/michele/mltlsat/Benchmarks/random/P0.333333333333333N5L20M100T100-3.mltl,0.418,16999.2,sat
/home/michele/mltlsat/Benchmarks/random/P0.333333333333333N5L20M100T100-4.mltl,51.384,68066.8,unsat
/home/michele/mltlsat/Benchmarks/random/P0.333333333333333N5L20M100T100-5.mltl,0.39,16999.2,sat
/home/michele/mltlsat/Benchmarks/random/P0.333333333333333N5L20M100T100-6.mltl,0.39999999999999997,17309.6,sat
/home/michele/mltlsat/Benchmarks/random/P0.333333333333333N5L20M100T100-7.mltl,0.398,17002.4,sat
/home/michele/mltlsat/Benchmarks/random/P0.333333333333333N5L20M100T100-8.mltl,0.40599999999999997,17024,sat
/home/michele/mltlsat/Benchmarks/random/P0.333333333333333N5L20M100T100-9.mltl,0.39799999999999996,17008.8,sat
/home/michele/mltlsat/Benchmarks/random/P0.333333333333333N5L25M100T100-10.mltl,0.386,17002.4,sat
/home/michele/mltlsat/Benchmarks/random/P0.333333333333333N5L25M100T100-1.mltl,0.40399999999999997,17004,sat
/home/michele/mltlsat/Benchmarks/random/P0.333333333333333N5L25M100T100-2.mltl,0.398,17018.4,sat
/home/michele/mltlsat/Benchmarks/random/P0.333333333333333N5L25M100T100-3.mltl,0.41,17014.4,sat
/home/michele/mltlsat/Benchmarks/random/P0.333333333333333N5L25M100T100-4.mltl,0.414,17008,sat
/home/michele/mltlsat/Benchmarks/random/P0.333333333333333N5L25M100T100-5.mltl,0.424,17013.6,sat
/home/michele/mltlsat/Benchmarks/random/P0.333333333333333N5L25M100T100-6.mltl,0.42,17015.2,sat
/home/michele/mltlsat/Benchmarks/random/P0.333333333333333N5L25M100T100-7.mltl,0.41,17012.8,sat
/home/michele/mltlsat/Benchmarks/random/P0.333333333333333N5L25M100T100-8.mltl,0.408,16995.2,sat
/home/michele/mltlsat/Benchmarks/random/P0.333333333333333N5L25M100T100-9.mltl,0.41,16998.4,sat
/home/michele/mltlsat/Benchmarks/random/P0.333333333333333N5L30M100T100-10.mltl,0.412,17002.4,sat
/home/michele/mltlsat/Benchmarks/random/P0.333333333333333N5L30M100T100-1.mltl,0.406,17014.4,sat
/home/michele/mltlsat/Benchmarks/random/P0.333333333333333N5L30M100T100-2.mltl,0.404,17016.8,sat
/home/michele/mltlsat/Benchmarks/random/P0.333333333333333N5L30M100T100-3.mltl,0.41,17008.8,sat
/home/michele/mltlsat/Benchmarks/random/P0.333333333333333N5L30M100T100-4.mltl,0.422,16992.8,sat
/home/michele/mltlsat/Benchmarks/random/P0.333333333333333N5L30M100T100-5.mltl,0.418,17003.2,sat
/home/michele/mltlsat/Benchmarks/random/P0.333333333333333N5L30M100T100-6.mltl,0.42,17015.2,sat
/home/michele/mltlsat/Benchmarks/random/P0.333333333333333N5L30M100T100-7.mltl,0.41,17005.6,sat
/home/michele/mltlsat/Benchmarks/random/P0.333333333333333N5L30M100T100-8.mltl,0.42,17035.2,sat
/home/michele/mltlsat/Benchmarks/random/P0.333333333333333N5L30M100T100-9.mltl,0.454,19158.4,sat
/home/michele/mltlsat/Benchmarks/random/P0.333333333333333N5L35M100T100-10.mltl,0.416,20388.8,sat
/home/michele/mltlsat/Benchmarks/random/P0.333333333333333N5L35M100T100-1.mltl,0.396,16999.2,sat
/home/michele/mltlsat/Benchmarks/random/P0.333333333333333N5L35M100T100-2.mltl,0.396,16998.4,sat
/home/michele/mltlsat/Benchmarks/random/P0.333333333333333N5L35M100T100-3.mltl,0.412,17325.6,sat
/home/michele/mltlsat/Benchmarks/random/P0.333333333333333N5L35M100T100-4.mltl,0.412,17004.8,sat
/home/michele/mltlsat/Benchmarks/random/P0.333333333333333N5L35M100T100-5.mltl,0.41,17028,sat
/home/michele/mltlsat/Benchmarks/random/P0.333333333333333N5L35M100T100-6.mltl,0.41,17302.4,sat
/home/michele/mltlsat/Benchmarks/random/P0.333333333333333N5L35M100T100-7.mltl,0.42,17028,sat
/home/michele/mltlsat/Benchmarks/random/P0.333333333333333N5L35M100T100-8.mltl,0.43,17004,sat
/home/michele/mltlsat/Benchmarks/random/P0.333333333333333N5L35M100T100-9.mltl,0.42,17011.2,sat
/home/michele/mltlsat/Benchmarks/random/P0.333333333333333N5L40M100T100-10.mltl,0.414,17026.4,unsat
/home/michele/mltlsat/Benchmarks/random/P0.333333333333333N5L40M100T100-1.mltl,0.388,17006.4,sat
/home/michele/mltlsat/Benchmarks/random/P0.333333333333333N5L40M100T100-2.mltl,0.376,17014.4,sat
/home/michele/mltlsat/Benchmarks/random/P0.333333333333333N5L40M100T100-3.mltl,0.39,34919.2,unsat
/home/michele/mltlsat/Benchmarks/random/P0.333333333333333N5L40M100T100-4.mltl,0.382,17007.2,sat
/home/michele/mltlsat/Benchmarks/random/P0.333333333333333N5L40M100T100-5.mltl,0.382,17014.4,unsat
/home/michele/mltlsat/Benchmarks/random/P0.333333333333333N5L40M100T100-6.mltl,0.382,20405.6,sat
/home/michele/mltlsat/Benchmarks/random/P0.333333333333333N5L40M100T100-7.mltl,0.392,16998.4,sat
/home/michele/mltlsat/Benchmarks/random/P0.333333333333333N5L40M100T100-8.mltl,0.386,17322.4,sat
/home/michele/mltlsat/Benchmarks/random/P0.333333333333333N5L40M100T100-9.mltl,0.426,36472,sat
/home/michele/mltlsat/Benchmarks/random/P0.333333333333333N5L45M100T100-10.mltl,0.402,17014.4,sat
/home/michele/mltlsat/Benchmarks/random/P0.333333333333333N5L45M100T100-1.mltl,0.4,17007.2,sat
/home/michele/mltlsat/Benchmarks/random/P0.333333333333333N5L45M100T100-2.mltl,0.384,16995.2,sat
/home/michele/mltlsat/Benchmarks/random/P0.333333333333333N5L45M100T100-3.mltl,0.4,17001.6,sat
/home/michele/mltlsat/Benchmarks/random/P0.333333333333333N5L45M100T100-4.mltl,0.392,16972.8,sat
/home/michele/mltlsat/Benchmarks/random/P0.333333333333333N5L45M100T100-5.mltl,0.394,16986.4,sat
/home/michele/mltlsat/Benchmarks/random/P0.333333333333333N5L45M100T100-6.mltl,0.39,17015.2,unsat
/home/michele/mltlsat/Benchmarks/random/P0.333333333333333N5L45M100T100-7.mltl,0.39,17007.2,sat
/home/michele/mltlsat/Benchmarks/random/P0.333333333333333N5L45M100T100-8.mltl,0.384,17002.4,sat
/home/michele/mltlsat/Benchmarks/random/P0.333333333333333N5L45M100T100-9.mltl,0.402,16989.6,sat
/home/michele/mltlsat/Benchmarks/random/P0.333333333333333N5L50M100T100-10.mltl,0.396,17016,sat
/home/michele/mltlsat/Benchmarks/random/P0.333333333333333N5L50M100T100-1.mltl,0.408,21042.4,sat
/home/michele/mltlsat/Benchmarks/random/P0.333333333333333N5L50M100T100-2.mltl,0.396,16988,sat
/home/michele/mltlsat/Benchmarks/random/P0.333333333333333N5L50M100T100-3.mltl,0.44,19786.4,sat
/home/michele/mltlsat/Benchmarks/random/P0.333333333333333N5L50M100T100-4.mltl,0.402,20410.4,sat
/home/michele/mltlsat/Benchmarks/random/P0.333333333333333N5L50M100T100-5.mltl,0.406,17008.8,sat
/home/michele/mltlsat/Benchmarks/random/P0.333333333333333N5L50M100T100-6.mltl,0.396,16991.2,sat
/home/michele/mltlsat/Benchmarks/random/P0.333333333333333N5L50M100T100-7.mltl,0.40399999999999997,17013.6,unsat
/home/michele/mltlsat/Benchmarks/random/P0.333333333333333N5L50M100T100-8.mltl,0.412,17003.2,sat
/home/michele/mltlsat/Benchmarks/random/P0.333333333333333N5L50M100T100-9.mltl,0.418,17021.6,sat
/home/michele/mltlsat/Benchmarks/random/P0.333333333333333N5L55M100T100-10.mltl,0.646,41092,sat
/home/michele/mltlsat/Benchmarks/random/P0.333333333333333N5L55M100T100-1.mltl,0.418,25617.6,sat
/home/michele/mltlsat/Benchmarks/random/P0.333333333333333N5L55M100T100-2.mltl,0.422,17008,sat
/home/michele/mltlsat/Benchmarks/random/P0.333333333333333N5L55M100T100-3.mltl,0.40399999999999997,16979.2,sat
/home/michele/mltlsat/Benchmarks/random/P0.333333333333333N5L55M100T100-4.mltl,0.414,17012,sat
/home/michele/mltlsat/Benchmarks/random/P0.333333333333333N5L55M100T100-5.mltl,0.432,17018.4,sat
/home/michele/mltlsat/Benchmarks/random/P0.333333333333333N5L55M100T100-6.mltl,0.428,17031.2,sat
/home/michele/mltlsat/Benchmarks/random/P0.333333333333333N5L55M100T100-7.mltl,0.428,16988.8,sat
/home/michele/mltlsat/Benchmarks/random/P0.333333333333333N5L55M100T100-8.mltl,0.422,16996.8,sat
/home/michele/mltlsat/Benchmarks/random/P0.333333333333333N5L55M100T100-9.mltl,0.43,17013.6,sat
/home/michele/mltlsat/Benchmarks/random/P0.333333333333333N5L5M100T100-10.mltl,0.416,17008,sat
/home/michele/mltlsat/Benchmarks/random/P0.333333333333333N5L5M100T100-1.mltl,0.41000000000000003,17032,sat
/home/michele/mltlsat/Benchmarks/random/P0.333333333333333N5L5M100T100-2.mltl,0.394,17018.4,sat
/home/michele/mltlsat/Benchmarks/random/P0.333333333333333N5L5M100T100-3.mltl,0.38,17009.6,sat
/home/michele/mltlsat/Benchmarks/random/P0.333333333333333N5L5M100T100-4.mltl,0.378,17022.4,sat
/home/michele/mltlsat/Benchmarks/random/P0.333333333333333N5L5M100T100-5.mltl,0.376,17006.4,sat
/home/michele/mltlsat/Benchmarks/random/P0.333333333333333N5L5M100T100-6.mltl,0.368,17004.8,sat
/home/michele/mltlsat/Benchmarks/random/P0.333333333333333N5L5M100T100-7.mltl,0.374,17000.8,sat
/home/michele/mltlsat/Benchmarks/random/P0.333333333333333N5L5M100T100-8.mltl,0.388,17014.4,sat
/home/michele/mltlsat/Benchmarks/random/P0.333333333333333N5L5M100T100-9.mltl,0.37,17028,sat
/home/michele/mltlsat/Benchmarks/random/P0.333333333333333N5L60M100T100-10.mltl,0.36,17010.4,sat
/home/michele/mltlsat/Benchmarks/random/P0.333333333333333N5L60M100T100-1.mltl,0.372,20706.4,sat
/home/michele/mltlsat/Benchmarks/random/P0.333333333333333N5L60M100T100-2.mltl,0.368,17008,sat
/home/michele/mltlsat/Benchmarks/random/P0.333333333333333N5L60M100T100-3.mltl,0.37,19480.8,sat
/home/michele/mltlsat/Benchmarks/random/P0.333333333333333N5L60M100T100-4.mltl,0.37,16996.8,sat
/home/michele/mltlsat/Benchmarks/random/P0.333333333333333N5L60M100T100-5.mltl,0.364,17319.2,sat
/home/michele/mltlsat/Benchmarks/random/P0.333333333333333N5L60M100T100-6.mltl,0.376,17300,sat
/home/michele/mltlsat/Benchmarks/random/P0.333333333333333N5L60M100T100-7.mltl,2.072,50935.2,sat
/home/michele/mltlsat/Benchmarks/random/P0.333333333333333N5L60M100T100-8.mltl,0.374,17013.6,sat
/home/michele/mltlsat/Benchmarks/random/P0.333333333333333N5L60M100T100-9.mltl,0.354,17008.8,sat
/home/michele/mltlsat/Benchmarks/random/P0.333333333333333N5L65M100T100-10.mltl,0.378,22840.8,sat
/home/michele/mltlsat/Benchmarks/random/P0.333333333333333N5L65M100T100-1.mltl,0.358,17009.6,sat
/home/michele/mltlsat/Benchmarks/random/P0.333333333333333N5L65M100T100-2.mltl,0.37,17031.2,sat
/home/michele/mltlsat/Benchmarks/random/P0.333333333333333N5L65M100T100-3.mltl,0.374,16977.6,sat
/home/michele/mltlsat/Benchmarks/random/P0.333333333333333N5L65M100T100-4.mltl,0.376,17012,sat
/home/michele/mltlsat/Benchmarks/random/P0.333333333333333N5L65M100T100-5.mltl,0.38,16992.8,sat
/home/michele/mltlsat/Benchmarks/random/P0.333333333333333N5L65M100T100-6.mltl,0.37,16996,unsat
/home/michele/mltlsat/Benchmarks/random/P0.333333333333333N5L65M100T100-7.mltl,0.378,16979.2,sat
/home/michele/mltlsat/Benchmarks/random/P0.333333333333333N5L65M100T100-8.mltl,0.392,16998.4,sat
/home/michele/mltlsat/Benchmarks/random/P0.333333333333333N5L65M100T100-9.mltl,0.40800000000000003,36164.8,sat
/home/michele/mltlsat/Benchmarks/random/P0.333333333333333N5L70M100T100-10.mltl,0.40399999999999997,17012,sat
/home/michele/mltlsat/Benchmarks/random/P0.333333333333333N5L70M100T100-1.mltl,0.404,17004,sat
/home/michele/mltlsat/Benchmarks/random/P0.333333333333333N5L70M100T100-2.mltl,0.428,37728,sat
/home/michele/mltlsat/Benchmarks/random/P0.333333333333333N5L70M100T100-3.mltl,0.41200000000000003,17000.8,sat
/home/michele/mltlsat/Benchmarks/random/P0.333333333333333N5L70M100T100-4.mltl,0.42,17000.8,sat
/home/michele/mltlsat/Benchmarks/random/P0.333333333333333N5L70M100T100-5.mltl,0.44,20419.2,sat
/home/michele/mltlsat/Benchmarks/random/P0.333333333333333N5L70M100T100-6.mltl,0.428,16991.2,sat
/home/michele/mltlsat/Benchmarks/random/P0.333333333333333N5L70M100T100-7.mltl,0.434,17003.2,sat
/home/michele/mltlsat/Benchmarks/random/P0.333333333333333N5L70M100T100-8.mltl,0.43,16697.6,sat
/home/michele/mltlsat/Benchmarks/random/P0.333333333333333N5L70M100T100-9.mltl,0.442,16994.4,sat
/home/michele/mltlsat/Benchmarks/random/P0.333333333333333N5L75M100T100-10.mltl,0.432,17012.8,unsat
/home/michele/mltlsat/Benchmarks/random/P0.333333333333333N5L75M100T100-1.mltl,0.456,16990.4,sat
/home/michele/mltlsat/Benchmarks/random/P0.333333333333333N5L75M100T100-2.mltl,0.452,16676,sat
/home/michele/mltlsat/Benchmarks/random/P0.333333333333333N5L75M100T100-3.mltl,0.458,17022.4,sat
/home/michele/mltlsat/Benchmarks/random/P0.333333333333333N5L75M100T100-4.mltl,0.656,39908.8,sat
/home/michele/mltlsat/Benchmarks/random/P0.333333333333333N5L75M100T100-5.mltl,0.438,17004.8,sat
/home/michele/mltlsat/Benchmarks/random/P0.333333333333333N5L75M100T100-6.mltl,0.462,17018.4,sat
/home/michele/mltlsat/Benchmarks/random/P0.333333333333333N5L75M100T100-7.mltl,0.464,17011.2,sat
/home/michele/mltlsat/Benchmarks/random/P0.333333333333333N5L75M100T100-8.mltl,0.504,17314.4,sat
/home/michele/mltlsat/Benchmarks/random/P0.333333333333333N5L75M100T100-9.mltl,0.606,39538.4,sat
/home/michele/mltlsat/Benchmarks/random/P0.333333333333333N5L80M100T100-10.mltl,0.516,16705.6,sat
/home/michele/mltlsat/Benchmarks/random/P0.333333333333333N5L80M100T100-1.mltl,0.524,17024,sat
/home/michele/mltlsat/Benchmarks/random/P0.333333333333333N5L80M100T100-2.mltl,0.552,17005.6,sat
/home/michele/mltlsat/Benchmarks/random/P0.333333333333333N5L80M100T100-3.mltl,0.592,17004.8,sat
/home/michele/mltlsat/Benchmarks/random/P0.333333333333333N5L80M100T100-4.mltl,0.5499999999999999,17004.8,sat
/home/michele/mltlsat/Benchmarks/random/P0.333333333333333N5L80M100T100-5.mltl,0.692,40211.2,sat
/home/michele/mltlsat/Benchmarks/random/P0.333333333333333N5L80M100T100-6.mltl,0.54,17021.6,sat
/home/michele/mltlsat/Benchmarks/random/P0.333333333333333N5L80M100T100-7.mltl,23.522,303909.6,unsat
/home/michele/mltlsat/Benchmarks/random/P0.333333333333333N5L80M100T100-8.mltl,0.5599999999999999,17002.4,sat
/home/michele/mltlsat/Benchmarks/random/P0.333333333333333N5L80M100T100-9.mltl,0.5599999999999999,16985.6,sat
/home/michele/mltlsat/Benchmarks/random/P0.333333333333333N5L85M100T100-10.mltl,0.546,17636.8,sat
/home/michele/mltlsat/Benchmarks/random/P0.333333333333333N5L85M100T100-1.mltl,0.56,17309.6,sat
/home/michele/mltlsat/Benchmarks/random/P0.333333333333333N5L85M100T100-2.mltl,1.71,44512,sat
/home/michele/mltlsat/Benchmarks/random/P0.333333333333333N5L85M100T100-3.mltl,0.554,17312.8,sat
/home/michele/mltlsat/Benchmarks/random/P0.333333333333333N5L85M100T100-4.mltl,0.5579999999999999,17008,sat
/home/michele/mltlsat/Benchmarks/random/P0.333333333333333N5L85M100T100-5.mltl,0.5579999999999999,17005.6,sat
/home/michele/mltlsat/Benchmarks/random/P0.333333333333333N5L85M100T100-6.mltl,0.572,17016,unsat
/home/michele/mltlsat/Benchmarks/random/P0.333333333333333N5L85M100T100-7.mltl,0.5499999999999999,17921.6,sat
/home/michele/mltlsat/Benchmarks/random/P0.333333333333333N5L85M100T100-8.mltl,0.548,16693.6,sat
/home/michele/mltlsat/Benchmarks/random/P0.333333333333333N5L85M100T100-9.mltl,0.554,17010.4,sat
/home/michele/mltlsat/Benchmarks/random/P0.333333333333333N5L90M100T100-10.mltl,0.542,16986.4,sat
/home/michele/mltlsat/Benchmarks/random/P0.333333333333333N5L90M100T100-1.mltl,0.55,32472,sat
/home/michele/mltlsat/Benchmarks/random/P0.333333333333333N5L90M100T100-2.mltl,0.506,16999.2,sat
/home/michele/mltlsat/Benchmarks/random/P0.333333333333333N5L90M100T100-3.mltl,0.5619999999999999,16984,sat
/home/michele/mltlsat/Benchmarks/random/P0.333333333333333N5L90M100T100-4.mltl,0.5579999999999999,17008.8,sat
/home/michele/mltlsat/Benchmarks/random/P0.333333333333333N5L90M100T100-5.mltl,11.826,327913.6,sat
/home/michele/mltlsat/Benchmarks/random/P0.333333333333333N5L90M100T100-6.mltl,0.558,16983.2,sat
/home/michele/mltlsat/Benchmarks/random/P0.333333333333333N5L90M100T100-7.mltl,0.5700000000000001,16711.2,sat
/home/michele/mltlsat/Benchmarks/random/P0.333333333333333N5L90M100T100-8.mltl,0.506,19479.2,sat
/home/michele/mltlsat/Benchmarks/random/P0.333333333333333N5L90M100T100-9.mltl,0.502,17008,sat
/home/michele/mltlsat/Benchmarks/random/P0.333333333333333N5L95M100T100-10.mltl,0.582,31535.2,sat
/home/michele/mltlsat/Benchmarks/random/P0.333333333333333N5L95M100T100-1.mltl,0.586,17002.4,sat
/home/michele/mltlsat/Benchmarks/random/P0.333333333333333N5L95M100T100-2.mltl,0.576,17007.2,sat
/home/michele/mltlsat/Benchmarks/random/P0.333333333333333N5L95M100T100-3.mltl,0.568,17924,sat
/home/michele/mltlsat/Benchmarks/random/P0.333333333333333N5L95M100T100-4.mltl,0.632,37133.6,sat
/home/michele/mltlsat/Benchmarks/random/P0.333333333333333N5L95M100T100-5.mltl,0.586,16988,sat
/home/michele/mltlsat/Benchmarks/random/P0.333333333333333N5L95M100T100-6.mltl,0.5579999999999999,17002.4,sat
/home/michele/mltlsat/Benchmarks/random/P0.333333333333333N5L95M100T100-7.mltl,0.61,35571.2,sat
/home/michele/mltlsat/Benchmarks/random/P0.333333333333333N5L95M100T100-8.mltl,0.572,17014.4,sat
/home/michele/mltlsat/Benchmarks/random/P0.333333333333333N5L95M100T100-9.mltl,0.588,16996,sat
/home/michele/mltlsat/Benchmarks/random/P0.5N1L100M100T100-10.mltl,0.604,16998.4,sat
/home/michele/mltlsat/Benchmarks/random/P0.5N1L100M100T100-1.mltl,0.608,17015.2,sat
/home/michele/mltlsat/Benchmarks/random/P0.5N1L100M100T100-2.mltl,0.598,17314.4,sat
/home/michele/mltlsat/Benchmarks/random/P0.5N1L100M100T100-3.mltl,0.652,37752,sat
/home/michele/mltlsat/Benchmarks/random/P0.5N1L100M100T100-4.mltl,0.606,17612.8,sat
/home/michele/mltlsat/Benchmarks/random/P0.5N1L100M100T100-5.mltl,0.624,17020,sat
/home/michele/mltlsat/Benchmarks/random/P0.5N1L100M100T100-6.mltl,0.634,21326.4,sat
/home/michele/mltlsat/Benchmarks/random/P0.5N1L100M100T100-7.mltl,0.618,17004.8,sat
/home/michele/mltlsat/Benchmarks/random/P0.5N1L100M100T100-8.mltl,0.654,19469.6,sat
/home/michele/mltlsat/Benchmarks/random/P0.5N1L100M100T100-9.mltl,0.656,37113.6,sat
/home/michele/mltlsat/Benchmarks/random/P0.5N1L10M100T100-10.mltl,0.606,17004.8,sat
/home/michele/mltlsat/Benchmarks/random/P0.5N1L10M100T100-1.mltl,0.606,17025.6,sat
/home/michele/mltlsat/Benchmarks/random/P0.5N1L10M100T100-2.mltl,0.584,17015.2,sat
/home/michele/mltlsat/Benchmarks/random/P0.5N1L10M100T100-3.mltl,0.588,17021.6,sat
/home/michele/mltlsat/Benchmarks/random/P0.5N1L10M100T100-4.mltl,0.582,17316.8,sat
/home/michele/mltlsat/Benchmarks/random/P0.5N1L10M100T100-5.mltl,0.602,17320.8,sat
/home/michele/mltlsat/Benchmarks/random/P0.5N1L10M100T100-6.mltl,0.602,17624.8,unsat
/home/michele/mltlsat/Benchmarks/random/P0.5N1L10M100T100-7.mltl,0.62,17013.6,sat
/home/michele/mltlsat/Benchmarks/random/P0.5N1L10M100T100-8.mltl,0.626,16996,unsat
/home/michele/mltlsat/Benchmarks/random/P0.5N1L10M100T100-9.mltl,0.602,17008,sat
/home/michele/mltlsat/Benchmarks/random/P0.5N1L15M100T100-10.mltl,0.586,16985.6,sat
/home/michele/mltlsat/Benchmarks/random/P0.5N1L15M100T100-1.mltl,0.606,20409.6,sat
/home/michele/mltlsat/Benchmarks/random/P0.5N1L15M100T100-2.mltl,0.616,16997.6,sat
/home/michele/mltlsat/Benchmarks/random/P0.5N1L15M100T100-3.mltl,0.63,17009.6,sat
/home/michele/mltlsat/Benchmarks/random/P0.5N1L15M100T100-4.mltl,0.594,17023.2,sat
/home/michele/mltlsat/Benchmarks/random/P0.5N1L15M100T100-5.mltl,0.624,17008,sat
/home/michele/mltlsat/Benchmarks/random/P0.5N1L15M100T100-6.mltl,0.632,17012,sat
/home/michele/mltlsat/Benchmarks/random/P0.5N1L15M100T100-7.mltl,0.624,17015.2,sat
/home/michele/mltlsat/Benchmarks/random/P0.5N1L15M100T100-8.mltl,0.618,17306.4,unsat
/home/michele/mltlsat/Benchmarks/random/P0.5N1L15M100T100-9.mltl,0.604,17020.8,sat
/home/michele/mltlsat/Benchmarks/random/P0.5N1L20M100T100-10.mltl,0.588,17024,sat
/home/michele/mltlsat/Benchmarks/random/P0.5N1L20M100T100-1.mltl,0.598,17308.8,sat
/home/michele/mltlsat/Benchmarks/random/P0.5N1L20M100T100-2.mltl,0.616,17312.8,sat
/home/michele/mltlsat/Benchmarks/random/P0.5N1L20M100T100-3.mltl,7.412,41430.4,sat
/home/michele/mltlsat/Benchmarks/random/P0.5N1L20M100T100-4.mltl,0.596,17009.6,sat
/home/michele/mltlsat/Benchmarks/random/P0.5N1L20M100T100-5.mltl,0.616,17018.4,sat
/home/michele/mltlsat/Benchmarks/random/P0.5N1L20M100T100-6.mltl,0.594,17008,sat
/home/michele/mltlsat/Benchmarks/random/P0.5N1L20M100T100-7.mltl,0.62,17005.6,sat
/home/michele/mltlsat/Benchmarks/random/P0.5N1L20M100T100-8.mltl,0.606,17004,sat
/home/michele/mltlsat/Benchmarks/random/P0.5N1L20M100T100-9.mltl,0.602,17006.4,sat
/home/michele/mltlsat/Benchmarks/random/P0.5N1L25M100T100-10.mltl,0.622,17006.4,sat
/home/michele/mltlsat/Benchmarks/random/P0.5N1L25M100T100-1.mltl,0.604,16996,sat
/home/michele/mltlsat/Benchmarks/random/P0.5N1L25M100T100-2.mltl,0.588,17002.4,sat
/home/michele/mltlsat/Benchmarks/random/P0.5N1L25M100T100-3.mltl,0.596,16997.6,sat
/home/michele/mltlsat/Benchmarks/random/P0.5N1L25M100T100-4.mltl,0.608,17316.8,unsat
/home/michele/mltlsat/Benchmarks/random/P0.5N1L25M100T100-5.mltl,0.56,16704.8,sat
/home/michele/mltlsat/Benchmarks/random/P0.5N1L25M100T100-6.mltl,0.602,17011.2,sat
/home/michele/mltlsat/Benchmarks/random/P0.5N1L25M100T100-7.mltl,0.656,38994.4,sat
/home/michele/mltlsat/Benchmarks/random/P0.5N1L25M100T100-8.mltl,0.552,17002.4,sat
/home/michele/mltlsat/Benchmarks/random/P0.5N1L25M100T100-9.mltl,0.544,17008.8,unsat
/home/michele/mltlsat/Benchmarks/random/P0.5N1L30M100T100-10.mltl,0.524,17018.4,unsat
/home/michele/mltlsat/Benchmarks/random/P0.5N1L30M100T100-1.mltl,0.536,17031.2,sat
/home/michele/mltlsat/Benchmarks/random/P0.5N1L30M100T100-2.mltl,0.572,36776.8,sat
/home/michele/mltlsat/Benchmarks/random/P0.5N1L30M100T100-3.mltl,0.496,17010.4,sat
/home/michele/mltlsat/Benchmarks/random/P0.5N1L30M100T100-4.mltl,0.486,16997.6,sat
/home/michele/mltlsat/Benchmarks/random/P0.5N1L30M100T100-5.mltl,0.53,17010.4,unsat
/home/michele/mltlsat/Benchmarks/random/P0.5N1L30M100T100-6.mltl,0.538,17000,sat
/home/michele/mltlsat/Benchmarks/random/P0.5N1L30M100T100-7.mltl,0.512,16998.4,sat
/home/michele/mltlsat/Benchmarks/random/P0.5N1L30M100T100-8.mltl,0.524,36785.6,sat
/home/michele/mltlsat/Benchmarks/random/P0.5N1L30M100T100-9.mltl,0.532,16990.4,sat
/home/michele/mltlsat/Benchmarks/random/P0.5N1L35M100T100-10.mltl,0.514,17029.6,sat
/home/michele/mltlsat/Benchmarks/random/P0.5N1L35M100T100-1.mltl,0.538,17020.8,sat
/home/michele/mltlsat/Benchmarks/random/P0.5N1L35M100T100-2.mltl,0.476,16695.2,sat
/home/michele/mltlsat/Benchmarks/random/P0.5N1L35M100T100-3.mltl,0.532,17001.6,sat
/home/michele/mltlsat/Benchmarks/random/P0.5N1L35M100T100-4.mltl,0.51,17030.4,sat
/home/michele/mltlsat/Benchmarks/random/P0.5N1L35M100T100-5.mltl,0.524,17031.2,sat
/home/michele/mltlsat/Benchmarks/random/P0.5N1L35M100T100-6.mltl,0.53,17033.6,sat
/home/michele/mltlsat/Benchmarks/random/P0.5N1L35M100T100-7.mltl,0.542,33394.4,sat
/home/michele/mltlsat/Benchmarks/random/P0.5N1L35M100T100-8.mltl,0.558,16990.4,sat
/home/michele/mltlsat/Benchmarks/random/P0.5N1L35M100T100-9.mltl,0.542,17011.2,sat
/home/michele/mltlsat/Benchmarks/random/P0.5N1L40M100T100-10.mltl,0.588,16995.2,sat
/home/michele/mltlsat/Benchmarks/random/P0.5N1L40M100T100-1.mltl,0.582,17006.4,sat
/home/michele/mltlsat/Benchmarks/random/P0.5N1L40M100T100-2.mltl,0.5619999999999999,17005.6,sat
/home/michele/mltlsat/Benchmarks/random/P0.5N1L40M100T100-3.mltl,0.57,17016.8,sat
/home/michele/mltlsat/Benchmarks/random/P0.5N1L40M100T100-4.mltl,0.592,17001.6,sat
/home/michele/mltlsat/Benchmarks/random/P0.5N1L40M100T100-5.mltl,0.582,17009.6,sat
/home/michele/mltlsat/Benchmarks/random/P0.5N1L40M100T100-6.mltl,0.556,17012,sat
/home/michele/mltlsat/Benchmarks/random/P0.5N1L40M100T100-7.mltl,0.59,17002.4,sat
/home/michele/mltlsat/Benchmarks/random/P0.5N1L40M100T100-8.mltl,0.586,17014.4,sat
/home/michele/mltlsat/Benchmarks/random/P0.5N1L40M100T100-9.mltl,0.5539999999999999,17009.6,unsat
/home/michele/mltlsat/Benchmarks/random/P0.5N1L45M100T100-10.mltl,0.5599999999999999,16998.4,unsat
/home/michele/mltlsat/Benchmarks/random/P0.5N1L45M100T100-1.mltl,0.586,17000,sat
/home/michele/mltlsat/Benchmarks/random/P0.5N1L45M100T100-2.mltl,0.5559999999999999,16996,sat
/home/michele/mltlsat/Benchmarks/random/P0.5N1L45M100T100-3.mltl,0.586,16718.4,sat
/home/michele/mltlsat/Benchmarks/random/P0.5N1L45M100T100-4.mltl,0.592,17002.4,sat
/home/michele/mltlsat/Benchmarks/random/P0.5N1L45M100T100-5.mltl,0.586,16988.8,sat
/home/michele/mltlsat/Benchmarks/random/P0.5N1L45M100T100-6.mltl,0.614,17007.2,sat
/home/michele/mltlsat/Benchmarks/random/P0.5N1L45M100T100-7.mltl,0.648,38385.6,sat
/home/michele/mltlsat/Benchmarks/random/P0.5N1L45M100T100-8.mltl,0.6,17001.6,unsat
/home/michele/mltlsat/Benchmarks/random/P0.5N1L45M100T100-9.mltl,0.5640000000000001,17008.8,sat
/home/michele/mltlsat/Benchmarks/random/P0.5N1L50M100T100-10.mltl,0.602,17017.6,sat
/home/michele/mltlsat/Benchmarks/random/P0.5N1L50M100T100-1.mltl,0.6,17016.8,sat
/home/michele/mltlsat/Benchmarks/random/P0.5N1L50M100T100-2.mltl,0.638,17011.2,unsat
/home/michele/mltlsat/Benchmarks/random/P0.5N1L50M100T100-3.mltl,0.624,16984,sat
/home/michele/mltlsat/Benchmarks/random/P0.5N1L50M100T100-4.mltl,0.636,17013.6,unsat
/home/michele/mltlsat/Benchmarks/random/P0.5N1L50M100T100-5.mltl,0.624,17002.4,sat
/home/michele/mltlsat/Benchmarks/random/P0.5N1L50M100T100-6.mltl,0.612,16997.6,sat
/home/michele/mltlsat/Benchmarks/random/P0.5N1L50M100T100-7.mltl,0.778,39908.8,sat
/home/michele/mltlsat/Benchmarks/random/P0.5N1L50M100T100-8.mltl,9.67,141445.6,sat
/home/michele/mltlsat/Benchmarks/random/P0.5N1L50M100T100-9.mltl,0.628,17006.4,sat
/home/michele/mltlsat/Benchmarks/random/P0.5N1L55M100T100-10.mltl,0.592,17032.8,sat
/home/michele/mltlsat/Benchmarks/random/P0.5N1L55M100T100-1.mltl,0.634,18548,sat
/home/michele/mltlsat/Benchmarks/random/P0.5N1L55M100T100-2.mltl,0.66,38362.4,sat
/home/michele/mltlsat/Benchmarks/random/P0.5N1L55M100T100-3.mltl,0.626,16696,sat
/home/michele/mltlsat/Benchmarks/random/P0.5N1L55M100T100-4.mltl,0.626,17008.8,sat
/home/michele/mltlsat/Benchmarks/random/P0.5N1L55M100T100-5.mltl,0.606,17004,sat
/home/michele/mltlsat/Benchmarks/random/P0.5N1L55M100T100-6.mltl,0.7000000000000001,35248.8,sat
/home/michele/mltlsat/Benchmarks/random/P0.5N1L55M100T100-7.mltl,0.62,17028,sat
/home/michele/mltlsat/Benchmarks/random/P0.5N1L55M100T100-8.mltl,0.656,16995.2,sat
/home/michele/mltlsat/Benchmarks/random/P0.5N1L55M100T100-9.mltl,0.624,17026.4,sat
/home/michele/mltlsat/Benchmarks/random/P0.5N1L5M100T100-10.mltl,0.63,16681.6,sat
/home/michele/mltlsat/Benchmarks/random/P0.5N1L5M100T100-1.mltl,0.608,17322.4,sat
/home/michele/mltlsat/Benchmarks/random/P0.5N1L5M100T100-2.mltl,0.644,17008.8,sat
/home/michele/mltlsat/Benchmarks/random/P0.5N1L5M100T100-3.mltl,0.642,17014.4,sat
/home/michele/mltlsat/Benchmarks/random/P0.5N1L5M100T100-4.mltl,0.63,17025.6,sat
/home/michele/mltlsat/Benchmarks/random/P0.5N1L5M100T100-5.mltl,0.608,17012.8,sat
/home/michele/mltlsat/Benchmarks/random/P0.5N1L5M100T100-6.mltl,0.64,20416.8,sat
/home/michele/mltlsat/Benchmarks/random/P0.5N1L5M100T100-7.mltl,0.612,17004,sat
/home/michele/mltlsat/Benchmarks/random/P0.5N1L5M100T100-8.mltl,0.618,17007.2,sat
/home/michele/mltlsat/Benchmarks/random/P0.5N1L5M100T100-9.mltl,0.606,17022.4,sat
/home/michele/mltlsat/Benchmarks/random/P0.5N1L60M100T100-10.mltl,0.618,36484.8,sat
/home/michele/mltlsat/Benchmarks/random/P0.5N1L60M100T100-1.mltl,0.638,16699.2,sat
/home/michele/mltlsat/Benchmarks/random/P0.5N1L60M100T100-2.mltl,0.634,17297.6,sat
/home/michele/mltlsat/Benchmarks/random/P0.5N1L60M100T100-3.mltl,0.622,17028.8,sat
/home/michele/mltlsat/Benchmarks/random/P0.5N1L60M100T100-4.mltl,0.65,19157.6,sat
/home/michele/mltlsat/Benchmarks/random/P0.5N1L60M100T100-5.mltl,0.612,17005.6,sat
/home/michele/mltlsat/Benchmarks/random/P0.5N1L60M100T100-6.mltl,0.73,38667.2,sat
/home/michele/mltlsat/Benchmarks/random/P0.5N1L60M100T100-7.mltl,0.632,17016.8,sat
/home/michele/mltlsat/Benchmarks/random/P0.5N1L60M100T100-8.mltl,0.62,17012,unsat
/home/michele/mltlsat/Benchmarks/random/P0.5N1L60M100T100-9.mltl,0.612,17001.6,sat
/home/michele/mltlsat/Benchmarks/random/P0.5N1L65M100T100-10.mltl,0.608,17032,sat
/home/michele/mltlsat/Benchmarks/random/P0.5N1L65M100T100-1.mltl,0.614,16995.2,sat
/home/michele/mltlsat/Benchmarks/random/P0.5N1L65M100T100-2.mltl,0.586,17013.6,sat
/home/michele/mltlsat/Benchmarks/random/P0.5N1L65M100T100-3.mltl,0.606,17011.2,sat
/home/michele/mltlsat/Benchmarks/random/P0.5N1L65M100T100-4.mltl,0.652,30564.8,sat
/home/michele/mltlsat/Benchmarks/random/P0.5N1L65M100T100-5.mltl,0.6,16999.2,sat
/home/michele/mltlsat/Benchmarks/random/P0.5N1L65M100T100-6.mltl,0.65,17001.6,unsat
/home/michele/mltlsat/Benchmarks/random/P0.5N1L65M100T100-7.mltl,0.656,17030.4,sat
/home/michele/mltlsat/Benchmarks/random/P0.5N1L65M100T100-8.mltl,0.652,17015.2,sat
/home/michele/mltlsat/Benchmarks/random/P0.5N1L65M100T100-9.mltl,0.638,17000,unsat
/home/michele/mltlsat/Benchmarks/random/P0.5N1L70M100T100-10.mltl,0.628,16706.4,sat
/home/michele/mltlsat/Benchmarks/random/P0.5N1L70M100T100-1.mltl,0.622,17007.2,unsat
/home/michele/mltlsat/Benchmarks/random/P0.5N1L70M100T100-2.mltl,0.614,17007.2,unsat
/home/michele/mltlsat/Benchmarks/random/P0.5N1L70M100T100-3.mltl,0.622,17312,sat
/home/michele/mltlsat/Benchmarks/random/P0.5N1L70M100T100-4.mltl,0.618,16981.6,sat
/home/michele/mltlsat/Benchmarks/random/P0.5N1L70M100T100-5.mltl,0.602,36194.4,sat
/home/michele/mltlsat/Benchmarks/random/P0.5N1L70M100T100-6.mltl,0.616,17016,sat
/home/michele/mltlsat/Benchmarks/random/P0.5N1L70M100T100-7.mltl,0.61,28432,sat
/home/michele/mltlsat/Benchmarks/random/P0.5N1L70M100T100-8.mltl,0.63,36483.2,sat
/home/michele/mltlsat/Benchmarks/random/P0.5N1L70M100T100-9.mltl,0.606,16997.6,sat
/home/michele/mltlsat/Benchmarks/random/P0.5N1L75M100T100-10.mltl,0.554,17012.8,sat
/home/michele/mltlsat/Benchmarks/random/P0.5N1L75M100T100-1.mltl,0.9480000000000001,64617.6,sat
/home/michele/mltlsat/Benchmarks/random/P0.5N1L75M100T100-2.mltl,0.612,17004.8,unsat
/home/michele/mltlsat/Benchmarks/random/P0.5N1L75M100T100-3.mltl,0.64,35261.6,sat
/home/michele/mltlsat/Benchmarks/random/P0.5N1L75M100T100-4.mltl,0.78,38056.8,sat
/home/michele/mltlsat/Benchmarks/random/P0.5N1L75M100T100-5.mltl,0.62,17009.6,sat
/home/michele/mltlsat/Benchmarks/random/P0.5N1L75M100T100-6.mltl,0.628,17005.6,sat
/home/michele/mltlsat/Benchmarks/random/P0.5N1L75M100T100-7.mltl,0.662,35927.2,sat
/home/michele/mltlsat/Benchmarks/random/P0.5N1L75M100T100-8.mltl,-1,-1,TO
/home/michele/mltlsat/Benchmarks/random/P0.5N1L75M100T100-9.mltl,2.246,283658.4,sat
/home/michele/mltlsat/Benchmarks/random/P0.5N1L80M100T100-10.mltl,0.658,21001.6,sat
/home/michele/mltlsat/Benchmarks/random/P0.5N1L80M100T100-1.mltl,0.668,16996.8,sat
/home/michele/mltlsat/Benchmarks/random/P0.5N1L80M100T100-2.mltl,0.766,38651.2,sat
/home/michele/mltlsat/Benchmarks/random/P0.5N1L80M100T100-3.mltl,5.470000000000001,44780.8,sat
/home/michele/mltlsat/Benchmarks/random/P0.5N1L80M100T100-4.mltl,0.728,17317.6,sat
/home/michele/mltlsat/Benchmarks/random/P0.5N1L80M100T100-5.mltl,0.688,17627.2,sat
/home/michele/mltlsat/Benchmarks/random/P0.5N1L80M100T100-6.mltl,0.6880000000000001,17000,sat
/home/michele/mltlsat/Benchmarks/random/P0.5N1L80M100T100-7.mltl,0.672,17004.8,sat
/home/michele/mltlsat/Benchmarks/random/P0.5N1L80M100T100-8.mltl,0.678,17019.2,sat
/home/michele/mltlsat/Benchmarks/random/P0.5N1L80M100T100-9.mltl,0.666,17010.4,sat
/home/michele/mltlsat/Benchmarks/random/P0.5N1L85M100T100-10.mltl,0.648,17312,sat
/home/michele/mltlsat/Benchmarks/random/P0.5N1L85M100T100-1.mltl,0.654,17008.8,sat
/home/michele/mltlsat/Benchmarks/random/P0.5N1L85M100T100-2.mltl,0.6759999999999999,19761.6,sat
/home/michele/mltlsat/Benchmarks/random/P0.5N1L85M100T100-3.mltl,0.67,17016,sat
/home/michele/mltlsat/Benchmarks/random/P0.5N1L85M100T100-4.mltl,0.682,20712,sat
/home/michele/mltlsat/Benchmarks/random/P0.5N1L85M100T100-5.mltl,0.706,20717.6,sat
/home/michele/mltlsat/Benchmarks/random/P0.5N1L85M100T100-6.mltl,0.73,17000.8,sat
/home/michele/mltlsat/Benchmarks/random/P0.5N1L85M100T100-7.mltl,0.758,17036,sat
/home/michele/mltlsat/Benchmarks/random/P0.5N1L85M100T100-8.mltl,0.8180000000000001,17020,sat
/home/michele/mltlsat/Benchmarks/random/P0.5N1L85M100T100-9.mltl,0.826,21023.2,unsat
/home/michele/mltlsat/Benchmarks/random/P0.5N1L90M100T100-10.mltl,0.856,17297.6,unsat
/home/michele/mltlsat/Benchmarks/random/P0.5N1L90M100T100-1.mltl,-1,-1,TO
/home/michele/mltlsat/Benchmarks/random/P0.5N1L90M100T100-2.mltl,0.752,17321.6,sat
/home/michele/mltlsat/Benchmarks/random/P0.5N1L90M100T100-3.mltl,0.766,17021.6,sat
/home/michele/mltlsat/Benchmarks/random/P0.5N1L90M100T100-4.mltl,-1,-1,TO
/home/michele/mltlsat/Benchmarks/random/P0.5N1L90M100T100-5.mltl,0.812,38368,unsat
/home/michele/mltlsat/Benchmarks/random/P0.5N1L90M100T100-6.mltl,0.698,17004.8,sat
/home/michele/mltlsat/Benchmarks/random/P0.5N1L90M100T100-7.mltl,0.7,17016,sat
/home/michele/mltlsat/Benchmarks/random/P0.5N1L90M100T100-8.mltl,0.724,17002.4,sat
/home/michele/mltlsat/Benchmarks/random/P0.5N1L90M100T100-9.mltl,0.874,20734.4,sat
/home/michele/mltlsat/Benchmarks/random/P0.5N1L95M100T100-10.mltl,0.776,19169.6,sat
/home/michele/mltlsat/Benchmarks/random/P0.5N1L95M100T100-1.mltl,0.638,17013.6,sat
/home/michele/mltlsat/Benchmarks/random/P0.5N1L95M100T100-2.mltl,0.674,33398.4,unsat
/home/michele/mltlsat/Benchmarks/random/P0.5N1L95M100T100-3.mltl,0.678,17310.4,sat
/home/michele/mltlsat/Benchmarks/random/P0.5N1L95M100T100-4.mltl,0.73,35244.8,sat
/home/michele/mltlsat/Benchmarks/random/P0.5N1L95M100T100-5.mltl,0.7080000000000001,29946.4,sat
/home/michele/mltlsat/Benchmarks/random/P0.5N1L95M100T100-6.mltl,0.702,36793.6,sat
/home/michele/mltlsat/Benchmarks/random/P0.5N1L95M100T100-7.mltl,0.642,17312.8,sat
/home/michele/mltlsat/Benchmarks/random/P0.5N1L95M100T100-8.mltl,0.64,25966.4,sat
/home/michele/mltlsat/Benchmarks/random/P0.5N1L95M100T100-9.mltl,0.628,17011.2,sat
/home/michele/mltlsat/Benchmarks/random/P0.5N2L100M100T100-10.mltl,0.644,17021.6,sat
/home/michele/mltlsat/Benchmarks/random/P0.5N2L100M100T100-1.mltl,0.624,17006.4,sat
/home/michele/mltlsat/Benchmarks/random/P0.5N2L100M100T100-2.mltl,0.608,16989.6,sat
/home/michele/mltlsat/Benchmarks/random/P0.5N2L100M100T100-3.mltl,-1,-1,TO
/home/michele/mltlsat/Benchmarks/random/P0.5N2L100M100T100-4.mltl,36.010000000000005,321687.2,sat
/home/michele/mltlsat/Benchmarks/random/P0.5N2L100M100T100-5.mltl,0.378,16993.6,sat
/home/michele/mltlsat/Benchmarks/random/P0.5N2L100M100T100-6.mltl,0.422,38705.6,sat
/home/michele/mltlsat/Benchmarks/random/P0.5N2L100M100T100-7.mltl,0.382,17001.6,sat
/home/michele/mltlsat/Benchmarks/random/P0.5N2L100M100T100-8.mltl,0.37,16987.2,sat
/home/michele/mltlsat/Benchmarks/random/P0.5N2L100M100T100-9.mltl,55.616,141365.6,unsat
/home/michele/mltlsat/Benchmarks/random/P0.5N2L10M100T100-10.mltl,0.358,17007.2,sat
/home/michele/mltlsat/Benchmarks/random/P0.5N2L10M100T100-1.mltl,0.36,17012.8,sat
/home/michele/mltlsat/Benchmarks/random/P0.5N2L10M100T100-2.mltl,0.364,17016,sat
/home/michele/mltlsat/Benchmarks/random/P0.5N2L10M100T100-3.mltl,0.328,17327.2,sat
/home/michele/mltlsat/Benchmarks/random/P0.5N2L10M100T100-4.mltl,0.346,17016.8,sat
/home/michele/mltlsat/Benchmarks/random/P0.5N2L10M100T100-5.mltl,0.348,16997.6,sat
/home/michele/mltlsat/Benchmarks/random/P0.5N2L10M100T100-6.mltl,0.344,17012,sat
/home/michele/mltlsat/Benchmarks/random/P0.5N2L10M100T100-7.mltl,0.334,17004.8,sat
/home/michele/mltlsat/Benchmarks/random/P0.5N2L10M100T100-8.mltl,0.312,17613.6,sat
/home/michele/mltlsat/Benchmarks/random/P0.5N2L10M100T100-9.mltl,0.314,17626.4,sat
/home/michele/mltlsat/Benchmarks/random/P0.5N2L15M100T100-10.mltl,0.324,17017.6,sat
/home/michele/mltlsat/Benchmarks/random/P0.5N2L15M100T100-1.mltl,0.33,17018.4,sat
/home/michele/mltlsat/Benchmarks/random/P0.5N2L15M100T100-2.mltl,0.328,17301.6,sat
/home/michele/mltlsat/Benchmarks/random/P0.5N2L15M100T100-3.mltl,0.326,16994.4,sat
/home/michele/mltlsat/Benchmarks/random/P0.5N2L15M100T100-4.mltl,0.326,17008.8,sat
/home/michele/mltlsat/Benchmarks/random/P0.5N2L15M100T100-5.mltl,0.33,17007.2,sat
/home/michele/mltlsat/Benchmarks/random/P0.5N2L15M100T100-6.mltl,0.328,17021.6,sat
/home/michele/mltlsat/Benchmarks/random/P0.5N2L15M100T100-7.mltl,0.33,17022.4,sat
/home/michele/mltlsat/Benchmarks/random/P0.5N2L15M100T100-8.mltl,0.334,17305.6,sat
/home/michele/mltlsat/Benchmarks/random/P0.5N2L15M100T100-9.mltl,0.342,20714.4,sat
/home/michele/mltlsat/Benchmarks/random/P0.5N2L20M100T100-10.mltl,0.338,16718.4,sat
/home/michele/mltlsat/Benchmarks/random/P0.5N2L20M100T100-1.mltl,0.34,17013.6,sat
/home/michele/mltlsat/Benchmarks/random/P0.5N2L20M100T100-2.mltl,0.34,17002.4,sat
/home/michele/mltlsat/Benchmarks/random/P0.5N2L20M100T100-3.mltl,0.336,17320,sat
/home/michele/mltlsat/Benchmarks/random/P0.5N2L20M100T100-4.mltl,0.34,17018.4,sat
/home/michele/mltlsat/Benchmarks/random/P0.5N2L20M100T100-5.mltl,0.34400000000000003,17008.8,sat
/home/michele/mltlsat/Benchmarks/random/P0.5N2L20M100T100-6.mltl,0.33,20394.4,sat
/home/michele/mltlsat/Benchmarks/random/P0.5N2L20M100T100-7.mltl,0.33,17311.2,sat
/home/michele/mltlsat/Benchmarks/random/P0.5N2L20M100T100-8.mltl,0.328,17302.4,sat
/home/michele/mltlsat/Benchmarks/random/P0.5N2L20M100T100-9.mltl,0.312,17920.8,sat
/home/michele/mltlsat/Benchmarks/random/P0.5N2L25M100T100-10.mltl,0.326,17322.4,unsat
/home/michele/mltlsat/Benchmarks/random/P0.5N2L25M100T100-1.mltl,0.33,17292,sat
/home/michele/mltlsat/Benchmarks/random/P0.5N2L25M100T100-2.mltl,0.342,18228,sat
/home/michele/mltlsat/Benchmarks/random/P0.5N2L25M100T100-3.mltl,0.338,17325.6,sat
/home/michele/mltlsat/Benchmarks/random/P0.5N2L25M100T100-4.mltl,0.358,17013.6,sat
/home/michele/mltlsat/Benchmarks/random/P0.5N2L25M100T100-5.mltl,0.36,17015.2,sat
/home/michele/mltlsat/Benchmarks/random/P0.5N2L25M100T100-6.mltl,0.346,17318.4,unsat
/home/michele/mltlsat/Benchmarks/random/P0.5N2L25M100T100-7.mltl,0.324,17927.2,sat
/home/michele/mltlsat/Benchmarks/random/P0.5N2L25M100T100-8.mltl,0.34800000000000003,17009.6,sat
/home/michele/mltlsat/Benchmarks/random/P0.5N2L25M100T100-9.mltl,0.35,17000,sat
/home/michele/mltlsat/Benchmarks/random/P0.5N2L30M100T100-10.mltl,0.352,17020.8,sat
/home/michele/mltlsat/Benchmarks/random/P0.5N2L30M100T100-1.mltl,0.362,16404,sat
/home/michele/mltlsat/Benchmarks/random/P0.5N2L30M100T100-2.mltl,0.356,16706.4,sat
/home/michele/mltlsat/Benchmarks/random/P0.5N2L30M100T100-3.mltl,0.358,17322.4,sat
/home/michele/mltlsat/Benchmarks/random/P0.5N2L30M100T100-4.mltl,0.83,40808.8,sat
/home/michele/mltlsat/Benchmarks/random/P0.5N2L30M100T100-5.mltl,0.37,36202.4,sat
/home/michele/mltlsat/Benchmarks/random/P0.5N2L30M100T100-6.mltl,0.348,16994.4,sat
/home/michele/mltlsat/Benchmarks/random/P0.5N2L30M100T100-7.mltl,0.368,20377.6,sat
/home/michele/mltlsat/Benchmarks/random/P0.5N2L30M100T100-8.mltl,0.36,17010.4,sat
/home/michele/mltlsat/Benchmarks/random/P0.5N2L30M100T100-9.mltl,0.36,17018.4,sat
/home/michele/mltlsat/Benchmarks/random/P0.5N2L35M100T100-10.mltl,0.358,16981.6,sat
/home/michele/mltlsat/Benchmarks/random/P0.5N2L35M100T100-1.mltl,0.396,36486.4,sat
/home/michele/mltlsat/Benchmarks/random/P0.5N2L35M100T100-2.mltl,0.378,20713.6,sat
/home/michele/mltlsat/Benchmarks/random/P0.5N2L35M100T100-3.mltl,0.352,17016.8,sat
/home/michele/mltlsat/Benchmarks/random/P0.5N2L35M100T100-4.mltl,0.39799999999999996,19436,sat
/home/michele/mltlsat/Benchmarks/random/P0.5N2L35M100T100-5.mltl,0.372,17003.2,sat
/home/michele/mltlsat/Benchmarks/random/P0.5N2L35M100T100-6.mltl,0.374,17016.8,sat
/home/michele/mltlsat/Benchmarks/random/P0.5N2L35M100T100-7.mltl,0.384,17320,sat
/home/michele/mltlsat/Benchmarks/random/P0.5N2L35M100T100-8.mltl,0.378,17008,sat
/home/michele/mltlsat/Benchmarks/random/P0.5N2L35M100T100-9.mltl,0.378,16704,sat
/home/michele/mltlsat/Benchmarks/random/P0.5N2L40M100T100-10.mltl,0.40599999999999997,19780,sat
/home/michele/mltlsat/Benchmarks/random/P0.5N2L40M100T100-1.mltl,0.384,20694.4,sat
/home/michele/mltlsat/Benchmarks/random/P0.5N2L40M100T100-2.mltl,0.37,17021.6,sat
/home/michele/mltlsat/Benchmarks/random/P0.5N2L40M100T100-3.mltl,0.378,16995.2,sat
/home/michele/mltlsat/Benchmarks/random/P0.5N2L40M100T100-4.mltl,0.482,38665.6,sat
/home/michele/mltlsat/Benchmarks/random/P0.5N2L40M100T100-5.mltl,0.394,17001.6,sat
/home/michele/mltlsat/Benchmarks/random/P0.5N2L40M100T100-6.mltl,0.418,36468.8,sat
/home/michele/mltlsat/Benchmarks/random/P0.5N2L40M100T100-7.mltl,0.4,17015.2,sat
/home/michele/mltlsat/Benchmarks/random/P0.5N2L40M100T100-8.mltl,0.396,17012.8,sat
/home/michele/mltlsat/Benchmarks/random/P0.5N2L40M100T100-9.mltl,0.406,36472,sat
/home/michele/mltlsat/Benchmarks/random/P0.5N2L45M100T100-10.mltl,0.49,38376.8,sat
/home/michele/mltlsat/Benchmarks/random/P0.5N2L45M100T100-1.mltl,-1,-1,TO
/home/michele/mltlsat/Benchmarks/random/P0.5N2L45M100T100-2.mltl,0.39,17008.8,sat
/home/michele/mltlsat/Benchmarks/random/P0.5N2L45M100T100-3.mltl,0.376,17020,sat
/home/michele/mltlsat/Benchmarks/random/P0.5N2L45M100T100-4.mltl,0.364,17308.8,sat
/home/michele/mltlsat/Benchmarks/random/P0.5N2L45M100T100-5.mltl,0.37,17016,sat
/home/michele/mltlsat/Benchmarks/random/P0.5N2L45M100T100-6.mltl,0.364,17312.8,sat
/home/michele/mltlsat/Benchmarks/random/P0.5N2L45M100T100-7.mltl,0.394,17026.4,sat
/home/michele/mltlsat/Benchmarks/random/P0.5N2L45M100T100-8.mltl,0.402,16985.6,sat
/home/michele/mltlsat/Benchmarks/random/P0.5N2L45M100T100-9.mltl,0.394,17604.8,sat
/home/michele/mltlsat/Benchmarks/random/P0.5N2L50M100T100-10.mltl,0.402,17317.6,sat
/home/michele/mltlsat/Benchmarks/random/P0.5N2L50M100T100-1.mltl,0.394,17297.6,sat
/home/michele/mltlsat/Benchmarks/random/P0.5N2L50M100T100-2.mltl,0.416,17023.2,sat
/home/michele/mltlsat/Benchmarks/random/P0.5N2L50M100T100-3.mltl,0.422,21000,sat
/home/michele/mltlsat/Benchmarks/random/P0.5N2L50M100T100-4.mltl,0.416,17024,sat
/home/michele/mltlsat/Benchmarks/random/P0.5N2L50M100T100-5.mltl,0.442,17007.2,sat
/home/michele/mltlsat/Benchmarks/random/P0.5N2L50M100T100-6.mltl,0.452,17008,sat
/home/michele/mltlsat/Benchmarks/random/P0.5N2L50M100T100-7.mltl,0.456,37119.2,unsat
/home/michele/mltlsat/Benchmarks/random/P0.5N2L50M100T100-8.mltl,0.42,17608.8,sat
/home/michele/mltlsat/Benchmarks/random/P0.5N2L50M100T100-9.mltl,0.422,17629.6,sat
/home/michele/mltlsat/Benchmarks/random/P0.5N2L55M100T100-10.mltl,-1,-1,TO
/home/michele/mltlsat/Benchmarks/random/P0.5N2L55M100T100-1.mltl,0.338,17308,unsat
/home/michele/mltlsat/Benchmarks/random/P0.5N2L55M100T100-2.mltl,0.334,17314.4,sat
/home/michele/mltlsat/Benchmarks/random/P0.5N2L55M100T100-3.mltl,0.378,38670.4,sat
/home/michele/mltlsat/Benchmarks/random/P0.5N2L55M100T100-4.mltl,0.338,17002.4,sat
/home/michele/mltlsat/Benchmarks/random/P0.5N2L55M100T100-5.mltl,0.338,17023.2,sat
/home/michele/mltlsat/Benchmarks/random/P0.5N2L55M100T100-6.mltl,20.442,4568180,sat
/home/michele/mltlsat/Benchmarks/random/P0.5N2L55M100T100-7.mltl,0.326,17295.2,sat
/home/michele/mltlsat/Benchmarks/random/P0.5N2L55M100T100-8.mltl,0.342,17004.8,sat
/home/michele/mltlsat/Benchmarks/random/P0.5N2L55M100T100-9.mltl,0.322,17309.6,sat
/home/michele/mltlsat/Benchmarks/random/P0.5N2L5M100T100-10.mltl,0.342,17015.2,sat
/home/michele/mltlsat/Benchmarks/random/P0.5N2L5M100T100-1.mltl,0.34400000000000003,17004,sat
/home/michele/mltlsat/Benchmarks/random/P0.5N2L5M100T100-2.mltl,0.332,17616,sat
/home/michele/mltlsat/Benchmarks/random/P0.5N2L5M100T100-3.mltl,0.328,17306.4,sat
/home/michele/mltlsat/Benchmarks/random/P0.5N2L5M100T100-4.mltl,0.336,16992.8,sat
/home/michele/mltlsat/Benchmarks/random/P0.5N2L5M100T100-5.mltl,0.33,16999.2,sat
/home/michele/mltlsat/Benchmarks/random/P0.5N2L5M100T100-6.mltl,0.34,16685.6,unsat
/home/michele/mltlsat/Benchmarks/random/P0.5N2L5M100T100-7.mltl,0.342,16996.8,sat
/home/michele/mltlsat/Benchmarks/random/P0.5N2L5M100T100-8.mltl,0.338,17011.2,sat
/home/michele/mltlsat/Benchmarks/random/P0.5N2L5M100T100-9.mltl,0.314,18227.2,sat
/home/michele/mltlsat/Benchmarks/random/P0.5N2L60M100T100-10.mltl,0.328,17622.4,sat
/home/michele/mltlsat/Benchmarks/random/P0.5N2L60M100T100-1.mltl,0.326,17007.2,sat
/home/michele/mltlsat/Benchmarks/random/P0.5N2L60M100T100-2.mltl,0.34199999999999997,17013.6,sat
/home/michele/mltlsat/Benchmarks/random/P0.5N2L60M100T100-3.mltl,0.342,17015.2,sat
/home/michele/mltlsat/Benchmarks/random/P0.5N2L60M100T100-4.mltl,0.338,17010.4,sat
/home/michele/mltlsat/Benchmarks/random/P0.5N2L60M100T100-5.mltl,0.338,16970.4,sat
/home/michele/mltlsat/Benchmarks/random/P0.5N2L60M100T100-6.mltl,0.338,17297.6,sat
/home/michele/mltlsat/Benchmarks/random/P0.5N2L60M100T100-7.mltl,0.352,17327.2,sat
/home/michele/mltlsat/Benchmarks/random/P0.5N2L60M100T100-8.mltl,-1,-1,TO
/home/michele/mltlsat/Benchmarks/random/P0.5N2L60M100T100-9.mltl,0.322,35877.6,sat
/home/michele/mltlsat/Benchmarks/random/P0.5N2L65M100T100-10.mltl,0.31,18229.6,unsat
/home/michele/mltlsat/Benchmarks/random/P0.5N2L65M100T100-1.mltl,0.366,19782.4,sat
/home/michele/mltlsat/Benchmarks/random/P0.5N2L65M100T100-2.mltl,0.322,17935.2,sat
/home/michele/mltlsat/Benchmarks/random/P0.5N2L65M100T100-3.mltl,0.326,17628.8,sat
/home/michele/mltlsat/Benchmarks/random/P0.5N2L65M100T100-4.mltl,0.372,19456,sat
/home/michele/mltlsat/Benchmarks/random/P0.5N2L65M100T100-5.mltl,0.33,17617.6,sat
/home/michele/mltlsat/Benchmarks/random/P0.5N2L65M100T100-6.mltl,0.354,19471.2,sat
/home/michele/mltlsat/Benchmarks/random/P0.5N2L65M100T100-7.mltl,0.354,17000.8,sat
/home/michele/mltlsat/Benchmarks/random/P0.5N2L65M100T100-8.mltl,0.38,17007.2,sat
/home/michele/mltlsat/Benchmarks/random/P0.5N2L65M100T100-9.mltl,0.376,17025.6,sat
/home/michele/mltlsat/Benchmarks/random/P0.5N2L70M100T100-10.mltl,0.366,17000.8,sat
/home/michele/mltlsat/Benchmarks/random/P0.5N2L70M100T100-1.mltl,0.386,37769.6,sat
/home/michele/mltlsat/Benchmarks/random/P0.5N2L70M100T100-2.mltl,0.9,44786.4,sat
/home/michele/mltlsat/Benchmarks/random/P0.5N2L70M100T100-3.mltl,22.118,69071.2,sat
/home/michele/mltlsat/Benchmarks/random/P0.5N2L70M100T100-4.mltl,0.394,36176,sat
/home/michele/mltlsat/Benchmarks/random/P0.5N2L70M100T100-5.mltl,0.372,17292,sat
/home/michele/mltlsat/Benchmarks/random/P0.5N2L70M100T100-6.mltl,0.372,17019.2,sat
/home/michele/mltlsat/Benchmarks/random/P0.5N2L70M100T100-7.mltl,-1,-1,TO
/home/michele/mltlsat/Benchmarks/random/P0.5N2L70M100T100-8.mltl,0.378,16992.8,sat
/home/michele/mltlsat/Benchmarks/random/P0.5N2L70M100T100-9.mltl,0.426,40212,unsat
/home/michele/mltlsat/Benchmarks/random/P0.5N2L75M100T100-10.mltl,0.424,18844,sat
/home/michele/mltlsat/Benchmarks/random/P0.5N2L75M100T100-1.mltl,0.386,16699.2,sat
/home/michele/mltlsat/Benchmarks/random/P0.5N2L75M100T100-2.mltl,0.386,16692,unsat
/home/michele/mltlsat/Benchmarks/random/P0.5N2L75M100T100-3.mltl,0.442,38029.6,sat
/home/michele/mltlsat/Benchmarks/random/P0.5N2L75M100T100-4.mltl,0.39,16996,sat
/home/michele/mltlsat/Benchmarks/random/P0.5N2L75M100T100-5.mltl,0.442,37738.4,sat
/home/michele/mltlsat/Benchmarks/random/P0.5N2L75M100T100-6.mltl,0.39,17020.8,sat
/home/michele/mltlsat/Benchmarks/random/P0.5N2L75M100T100-7.mltl,0.416,17029.6,sat
/home/michele/mltlsat/Benchmarks/random/P0.5N2L75M100T100-8.mltl,0.412,17004,sat
/home/michele/mltlsat/Benchmarks/random/P0.5N2L75M100T100-9.mltl,0.432,16990.4,sat
/home/michele/mltlsat/Benchmarks/random/P0.5N2L80M100T100-10.mltl,0.514,37416,sat
/home/michele/mltlsat/Benchmarks/random/P0.5N2L80M100T100-1.mltl,0.434,17015.2,sat
/home/michele/mltlsat/Benchmarks/random/P0.5N2L80M100T100-2.mltl,0.478,40172,sat
/home/michele/mltlsat/Benchmarks/random/P0.5N2L80M100T100-3.mltl,0.412,16993.6,sat
/home/michele/mltlsat/Benchmarks/random/P0.5N2L80M100T100-4.mltl,0.61,40508.8,sat
/home/michele/mltlsat/Benchmarks/random/P0.5N2L80M100T100-5.mltl,0.446,17004,sat
/home/michele/mltlsat/Benchmarks/random/P0.5N2L80M100T100-6.mltl,0.494,38359.2,sat
/home/michele/mltlsat/Benchmarks/random/P0.5N2L80M100T100-7.mltl,0.464,37674.4,sat
/home/michele/mltlsat/Benchmarks/random/P0.5N2L80M100T100-8.mltl,0.41600000000000004,17018.4,sat
/home/michele/mltlsat/Benchmarks/random/P0.5N2L80M100T100-9.mltl,0.448,36174.4,sat
/home/michele/mltlsat/Benchmarks/random/P0.5N2L85M100T100-10.mltl,0.46599999999999997,16989.6,sat
/home/michele/mltlsat/Benchmarks/random/P0.5N2L85M100T100-1.mltl,0.502,17009.6,sat
/home/michele/mltlsat/Benchmarks/random/P0.5N2L85M100T100-2.mltl,0.55,36172,sat
/home/michele/mltlsat/Benchmarks/random/P0.5N2L85M100T100-3.mltl,0.544,38684.8,sat
/home/michele/mltlsat/Benchmarks/random/P0.5N2L85M100T100-4.mltl,0.47000000000000003,16996,sat
/home/michele/mltlsat/Benchmarks/random/P0.5N2L85M100T100-5.mltl,0.46799999999999997,19490.4,sat
/home/michele/mltlsat/Benchmarks/random/P0.5N2L85M100T100-6.mltl,0.49,17011.2,sat
/home/michele/mltlsat/Benchmarks/random/P0.5N2L85M100T100-7.mltl,0.494,26865.6,unsat
/home/michele/mltlsat/Benchmarks/random/P0.5N2L85M100T100-8.mltl,0.882,41420.8,sat
/home/michele/mltlsat/Benchmarks/random/P0.5N2L85M100T100-9.mltl,0.526,17004,sat
/home/michele/mltlsat/Benchmarks/random/P0.5N2L90M100T100-10.mltl,0.622,38362.4,sat
/home/michele/mltlsat/Benchmarks/random/P0.5N2L90M100T100-1.mltl,0.538,33379.2,sat
/home/michele/mltlsat/Benchmarks/random/P0.5N2L90M100T100-2.mltl,0.526,17026.4,sat
/home/michele/mltlsat/Benchmarks/random/P0.5N2L90M100T100-3.mltl,0.54,17016,sat
/home/michele/mltlsat/Benchmarks/random/P0.5N2L90M100T100-4.mltl,1.062,104567.2,sat
/home/michele/mltlsat/Benchmarks/random/P0.5N2L90M100T100-5.mltl,0.552,17014.4,sat
/home/michele/mltlsat/Benchmarks/random/P0.5N2L90M100T100-6.mltl,0.5720000000000001,17625.6,sat
/home/michele/mltlsat/Benchmarks/random/P0.5N2L90M100T100-7.mltl,0.578,17316,sat
/home/michele/mltlsat/Benchmarks/random/P0.5N2L90M100T100-8.mltl,0.592,17008.8,sat
/home/michele/mltlsat/Benchmarks/random/P0.5N2L90M100T100-9.mltl,0.554,17319.2,sat
/home/michele/mltlsat/Benchmarks/random/P0.5N2L95M100T100-10.mltl,0.584,16988.8,sat
/home/michele/mltlsat/Benchmarks/random/P0.5N2L95M100T100-1.mltl,0.586,17616,sat
/home/michele/mltlsat/Benchmarks/random/P0.5N2L95M100T100-2.mltl,0.596,17012.8,sat
/home/michele/mltlsat/Benchmarks/random/P0.5N2L95M100T100-3.mltl,0.5559999999999999,17021.6,sat
/home/michele/mltlsat/Benchmarks/random/P0.5N2L95M100T100-4.mltl,0.658,38309.6,sat
/home/michele/mltlsat/Benchmarks/random/P0.5N2L95M100T100-5.mltl,0.608,17012.8,sat
/home/michele/mltlsat/Benchmarks/random/P0.5N2L95M100T100-6.mltl,0.812,40216,sat
/home/michele/mltlsat/Benchmarks/random/P0.5N2L95M100T100-7.mltl,0.612,17007.2,sat
/home/michele/mltlsat/Benchmarks/random/P0.5N2L95M100T100-8.mltl,0.598,17015.2,unsat
/home/michele/mltlsat/Benchmarks/random/P0.5N2L95M100T100-9.mltl,0.594,17012,unsat
/home/michele/mltlsat/Benchmarks/random/P0.5N3L100M100T100-10.mltl,0.586,16992,sat
/home/michele/mltlsat/Benchmarks/random/P0.5N3L100M100T100-1.mltl,0.598,17012,sat
/home/michele/mltlsat/Benchmarks/random/P0.5N3L100M100T100-2.mltl,0.59,17320,sat
/home/michele/mltlsat/Benchmarks/random/P0.5N3L100M100T100-3.mltl,0.592,17611.2,sat
/home/michele/mltlsat/Benchmarks/random/P0.5N3L100M100T100-4.mltl,-1,-1,TO
/home/michele/mltlsat/Benchmarks/random/P0.5N3L100M100T100-5.mltl,0.7,39900.8,sat
/home/michele/mltlsat/Benchmarks/random/P0.5N3L100M100T100-6.mltl,0.5640000000000001,17313.6,sat
/home/michele/mltlsat/Benchmarks/random/P0.5N3L100M100T100-7.mltl,-1,-1,TO
/home/michele/mltlsat/Benchmarks/random/P0.5N3L100M100T100-8.mltl,0.742,38976,sat
/home/michele/mltlsat/Benchmarks/random/P0.5N3L100M100T100-9.mltl,0.524,38664.8,sat
/home/michele/mltlsat/Benchmarks/random/P0.5N3L10M100T100-10.mltl,0.532,17608,sat
/home/michele/mltlsat/Benchmarks/random/P0.5N3L10M100T100-1.mltl,0.546,18533.6,sat
/home/michele/mltlsat/Benchmarks/random/P0.5N3L10M100T100-2.mltl,0.576,17625.6,sat
/home/michele/mltlsat/Benchmarks/random/P0.5N3L10M100T100-3.mltl,0.616,17008,sat
/home/michele/mltlsat/Benchmarks/random/P0.5N3L10M100T100-4.mltl,0.592,17318.4,sat
/home/michele/mltlsat/Benchmarks/random/P0.5N3L10M100T100-5.mltl,0.586,17303.2,sat
/home/michele/mltlsat/Benchmarks/random/P0.5N3L10M100T100-6.mltl,0.622,17017.6,sat
/home/michele/mltlsat/Benchmarks/random/P0.5N3L10M100T100-7.mltl,0.612,16986.4,sat
/home/michele/mltlsat/Benchmarks/random/P0.5N3L10M100T100-8.mltl,0.602,17310.4,sat
/home/michele/mltlsat/Benchmarks/random/P0.5N3L10M100T100-9.mltl,0.518,17319.2,sat
/home/michele/mltlsat/Benchmarks/random/P0.5N3L15M100T100-10.mltl,0.582,17009.6,unsat
/home/michele/mltlsat/Benchmarks/random/P0.5N3L15M100T100-1.mltl,0.57,17012.8,sat
/home/michele/mltlsat/Benchmarks/random/P0.5N3L15M100T100-2.mltl,0.568,17298.4,sat
/home/michele/mltlsat/Benchmarks/random/P0.5N3L15M100T100-3.mltl,0.552,16999.2,sat
/home/michele/mltlsat/Benchmarks/random/P0.5N3L15M100T100-4.mltl,0.75,44652,sat
/home/michele/mltlsat/Benchmarks/random/P0.5N3L15M100T100-5.mltl,0.5720000000000001,16992,sat
/home/michele/mltlsat/Benchmarks/random/P0.5N3L15M100T100-6.mltl,0.498,16996.8,sat
/home/michele/mltlsat/Benchmarks/random/P0.5N3L15M100T100-7.mltl,0.454,17322.4,sat
/home/michele/mltlsat/Benchmarks/random/P0.5N3L15M100T100-8.mltl,0.434,17636,sat
/home/michele/mltlsat/Benchmarks/random/P0.5N3L15M100T100-9.mltl,0.43,17008.8,sat
/home/michele/mltlsat/Benchmarks/random/P0.5N3L20M100T100-10.mltl,0.448,17016.8,sat
/home/michele/mltlsat/Benchmarks/random/P0.5N3L20M100T100-1.mltl,0.428,16688,sat
/home/michele/mltlsat/Benchmarks/random/P0.5N3L20M100T100-2.mltl,0.414,17318.4,sat
/home/michele/mltlsat/Benchmarks/random/P0.5N3L20M100T100-3.mltl,0.422,17006.4,sat
/home/michele/mltlsat/Benchmarks/random/P0.5N3L20M100T100-4.mltl,0.402,17330.4,sat
/home/michele/mltlsat/Benchmarks/random/P0.5N3L20M100T100-5.mltl,0.388,16995.2,sat
/home/michele/mltlsat/Benchmarks/random/P0.5N3L20M100T100-6.mltl,0.508,40208,sat
/home/michele/mltlsat/Benchmarks/random/P0.5N3L20M100T100-7.mltl,0.382,17300,sat
/home/michele/mltlsat/Benchmarks/random/P0.5N3L20M100T100-8.mltl,0.43,19768,sat
/home/michele/mltlsat/Benchmarks/random/P0.5N3L20M100T100-9.mltl,0.388,38362.4,sat
/home/michele/mltlsat/Benchmarks/random/P0.5N3L25M100T100-10.mltl,0.364,17313.6,sat
/home/michele/mltlsat/Benchmarks/random/P0.5N3L25M100T100-1.mltl,0.362,17005.6,sat
/home/michele/mltlsat/Benchmarks/random/P0.5N3L25M100T100-2.mltl,0.36,16971.2,sat
/home/michele/mltlsat/Benchmarks/random/P0.5N3L25M100T100-3.mltl,0.348,17015.2,sat
/home/michele/mltlsat/Benchmarks/random/P0.5N3L25M100T100-4.mltl,0.354,16988,unsat
/home/michele/mltlsat/Benchmarks/random/P0.5N3L25M100T100-5.mltl,0.36,20104.8,sat
/home/michele/mltlsat/Benchmarks/random/P0.5N3L25M100T100-6.mltl,0.336,17013.6,sat
/home/michele/mltlsat/Benchmarks/random/P0.5N3L25M100T100-7.mltl,0.328,17310.4,sat
/home/michele/mltlsat/Benchmarks/random/P0.5N3L25M100T100-8.mltl,0.392,38057.6,sat
/home/michele/mltlsat/Benchmarks/random/P0.5N3L25M100T100-9.mltl,0.33,17309.6,sat
/home/michele/mltlsat/Benchmarks/random/P0.5N3L30M100T100-10.mltl,0.34800000000000003,21315.2,sat
/home/michele/mltlsat/Benchmarks/random/P0.5N3L30M100T100-1.mltl,0.34800000000000003,17924.8,sat
/home/michele/mltlsat/Benchmarks/random/P0.5N3L30M100T100-2.mltl,0.32,17312,sat
/home/michele/mltlsat/Benchmarks/random/P0.5N3L30M100T100-3.mltl,0.308,18525.6,sat
/home/michele/mltlsat/Benchmarks/random/P0.5N3L30M100T100-4.mltl,0.31,18525.6,sat
/home/michele/mltlsat/Benchmarks/random/P0.5N3L30M100T100-5.mltl,0.34199999999999997,16991.2,sat
/home/michele/mltlsat/Benchmarks/random/P0.5N3L30M100T100-6.mltl,0.338,17006.4,sat
/home/michele/mltlsat/Benchmarks/random/P0.5N3L30M100T100-7.mltl,0.336,16996,sat
/home/michele/mltlsat/Benchmarks/random/P0.5N3L30M100T100-8.mltl,0.338,17012.8,sat
/home/michele/mltlsat/Benchmarks/random/P0.5N3L30M100T100-9.mltl,0.326,17297.6,sat
/home/michele/mltlsat/Benchmarks/random/P0.5N3L35M100T100-10.mltl,0.328,17013.6,sat
/home/michele/mltlsat/Benchmarks/random/P0.5N3L35M100T100-1.mltl,25.64,274421.6,sat
/home/michele/mltlsat/Benchmarks/random/P0.5N3L35M100T100-2.mltl,0.326,17324.8,sat
/home/michele/mltlsat/Benchmarks/random/P0.5N3L35M100T100-3.mltl,0.334,17008.8,sat
/home/michele/mltlsat/Benchmarks/random/P0.5N3L35M100T100-4.mltl,0.334,17024.8,sat
/home/michele/mltlsat/Benchmarks/random/P0.5N3L35M100T100-5.mltl,0.332,17012,sat
/home/michele/mltlsat/Benchmarks/random/P0.5N3L35M100T100-6.mltl,0.332,16987.2,sat
/home/michele/mltlsat/Benchmarks/random/P0.5N3L35M100T100-7.mltl,0.334,17018.4,sat
/home/michele/mltlsat/Benchmarks/random/P0.5N3L35M100T100-8.mltl,0.34400000000000003,17009.6,sat
/home/michele/mltlsat/Benchmarks/random/P0.5N3L35M100T100-9.mltl,0.348,17032,sat
/home/michele/mltlsat/Benchmarks/random/P0.5N3L40M100T100-10.mltl,0.342,16995.2,sat
/home/michele/mltlsat/Benchmarks/random/P0.5N3L40M100T100-1.mltl,0.328,17925.6,sat
/home/michele/mltlsat/Benchmarks/random/P0.5N3L40M100T100-2.mltl,0.34199999999999997,17001.6,sat
/home/michele/mltlsat/Benchmarks/random/P0.5N3L40M100T100-3.mltl,0.358,16705.6,sat
/home/michele/mltlsat/Benchmarks/random/P0.5N3L40M100T100-4.mltl,0.34400000000000003,16999.2,sat
/home/michele/mltlsat/Benchmarks/random/P0.5N3L40M100T100-5.mltl,0.358,17320,sat
/home/michele/mltlsat/Benchmarks/random/P0.5N3L40M100T100-6.mltl,0.306,18234.4,sat
/home/michele/mltlsat/Benchmarks/random/P0.5N3L40M100T100-7.mltl,0.466,38958.4,sat
/home/michele/mltlsat/Benchmarks/random/P0.5N3L40M100T100-8.mltl,0.324,18533.6,sat
/home/michele/mltlsat/Benchmarks/random/P0.5N3L40M100T100-9.mltl,0.33,18540.8,sat
/home/michele/mltlsat/Benchmarks/random/P0.5N3L45M100T100-10.mltl,0.36,21005.6,sat
/home/michele/mltlsat/Benchmarks/random/P0.5N3L45M100T100-1.mltl,0.632,42596.8,sat
/home/michele/mltlsat/Benchmarks/random/P0.5N3L45M100T100-2.mltl,0.35,36848,sat
/home/michele/mltlsat/Benchmarks/random/P0.5N3L45M100T100-3.mltl,0.352,17322.4,sat
/home/michele/mltlsat/Benchmarks/random/P0.5N3L45M100T100-4.mltl,0.358,17012.8,sat
/home/michele/mltlsat/Benchmarks/random/P0.5N3L45M100T100-5.mltl,0.354,17006.4,sat
/home/michele/mltlsat/Benchmarks/random/P0.5N3L45M100T100-6.mltl,0.364,16999.2,sat
/home/michele/mltlsat/Benchmarks/random/P0.5N3L45M100T100-7.mltl,0.364,17023.2,sat
/home/michele/mltlsat/Benchmarks/random/P0.5N3L45M100T100-8.mltl,0.374,17006.4,sat
/home/michele/mltlsat/Benchmarks/random/P0.5N3L45M100T100-9.mltl,0.394,35843.2,sat
/home/michele/mltlsat/Benchmarks/random/P0.5N3L50M100T100-10.mltl,0.384,16698.4,sat
/home/michele/mltlsat/Benchmarks/random/P0.5N3L50M100T100-1.mltl,0.384,17018.4,sat
/home/michele/mltlsat/Benchmarks/random/P0.5N3L50M100T100-2.mltl,0.388,17005.6,sat
/home/michele/mltlsat/Benchmarks/random/P0.5N3L50M100T100-3.mltl,0.388,16996.8,sat
/home/michele/mltlsat/Benchmarks/random/P0.5N3L50M100T100-4.mltl,0.396,16712,sat
/home/michele/mltlsat/Benchmarks/random/P0.5N3L50M100T100-5.mltl,0.386,17005.6,sat
/home/michele/mltlsat/Benchmarks/random/P0.5N3L50M100T100-6.mltl,0.436,18836,sat
/home/michele/mltlsat/Benchmarks/random/P0.5N3L50M100T100-7.mltl,0.384,17016.8,sat
/home/michele/mltlsat/Benchmarks/random/P0.5N3L50M100T100-8.mltl,0.388,17016.8,sat
/home/michele/mltlsat/Benchmarks/random/P0.5N3L50M100T100-9.mltl,0.402,22250.4,sat
/home/michele/mltlsat/Benchmarks/random/P0.5N3L55M100T100-10.mltl,-1,-1,TO
/home/michele/mltlsat/Benchmarks/random/P0.5N3L55M100T100-1.mltl,0.392,17319.2,sat
/home/michele/mltlsat/Benchmarks/random/P0.5N3L55M100T100-2.mltl,1.698,251686.4,sat
/home/michele/mltlsat/Benchmarks/random/P0.5N3L55M100T100-3.mltl,0.384,17615.2,sat
/home/michele/mltlsat/Benchmarks/random/P0.5N3L55M100T100-4.mltl,0.398,17012.8,sat
/home/michele/mltlsat/Benchmarks/random/P0.5N3L55M100T100-5.mltl,0.422,17000.8,sat
/home/michele/mltlsat/Benchmarks/random/P0.5N3L55M100T100-6.mltl,0.412,17312,sat
/home/michele/mltlsat/Benchmarks/random/P0.5N3L55M100T100-7.mltl,0.478,39204,sat
/home/michele/mltlsat/Benchmarks/random/P0.5N3L55M100T100-8.mltl,0.432,16705.6,sat
/home/michele/mltlsat/Benchmarks/random/P0.5N3L55M100T100-9.mltl,0.474,38380,sat
/home/michele/mltlsat/Benchmarks/random/P0.5N3L5M100T100-10.mltl,0.404,17310.4,sat
/home/michele/mltlsat/Benchmarks/random/P0.5N3L5M100T100-1.mltl,0.394,17619.2,sat
/home/michele/mltlsat/Benchmarks/random/P0.5N3L5M100T100-2.mltl,0.4,17319.2,sat
/home/michele/mltlsat/Benchmarks/random/P0.5N3L5M100T100-3.mltl,0.402,17012.8,sat
/home/michele/mltlsat/Benchmarks/random/P0.5N3L5M100T100-4.mltl,0.4,17006.4,sat
/home/michele/mltlsat/Benchmarks/random/P0.5N3L5M100T100-5.mltl,0.402,16982.4,sat
/home/michele/mltlsat/Benchmarks/random/P0.5N3L5M100T100-6.mltl,0.394,16695.2,sat
/home/michele/mltlsat/Benchmarks/random/P0.5N3L5M100T100-7.mltl,0.402,17024,sat
/home/michele/mltlsat/Benchmarks/random/P0.5N3L5M100T100-8.mltl,0.402,17017.6,sat
/home/michele/mltlsat/Benchmarks/random/P0.5N3L5M100T100-9.mltl,0.41,16997.6,sat
/home/michele/mltlsat/Benchmarks/random/P0.5N3L60M100T100-10.mltl,0.44,17302.4,sat
/home/michele/mltlsat/Benchmarks/random/P0.5N3L60M100T100-1.mltl,0.522,17011.2,unsat
/home/michele/mltlsat/Benchmarks/random/P0.5N3L60M100T100-2.mltl,0.47000000000000003,17010.4,sat
/home/michele/mltlsat/Benchmarks/random/P0.5N3L60M100T100-3.mltl,0.532,17003.2,sat
/home/michele/mltlsat/Benchmarks/random/P0.5N3L60M100T100-4.mltl,0.496,17030.4,sat
/home/michele/mltlsat/Benchmarks/random/P0.5N3L60M100T100-5.mltl,0.54,17000,sat
/home/michele/mltlsat/Benchmarks/random/P0.5N3L60M100T100-6.mltl,0.572,16992.8,sat
/home/michele/mltlsat/Benchmarks/random/P0.5N3L60M100T100-7.mltl,0.586,17009.6,sat
/home/michele/mltlsat/Benchmarks/random/P0.5N3L60M100T100-8.mltl,0.584,17000,sat
/home/michele/mltlsat/Benchmarks/random/P0.5N3L60M100T100-9.mltl,0.57,17000,sat
/home/michele/mltlsat/Benchmarks/random/P0.5N3L65M100T100-10.mltl,0.566,20100,sat
/home/michele/mltlsat/Benchmarks/random/P0.5N3L65M100T100-1.mltl,0.572,17012.8,sat
/home/michele/mltlsat/Benchmarks/random/P0.5N3L65M100T100-2.mltl,0.58,17010.4,sat
/home/michele/mltlsat/Benchmarks/random/P0.5N3L65M100T100-3.mltl,0.628,38373.6,sat
/home/michele/mltlsat/Benchmarks/random/P0.5N3L65M100T100-4.mltl,0.582,16989.6,sat
/home/michele/mltlsat/Benchmarks/random/P0.5N3L65M100T100-5.mltl,0.628,36813.6,sat
/home/michele/mltlsat/Benchmarks/random/P0.5N3L65M100T100-6.mltl,0.61,17003.2,sat
/home/michele/mltlsat/Benchmarks/random/P0.5N3L65M100T100-7.mltl,0.6819999999999999,39580,sat
/home/michele/mltlsat/Benchmarks/random/P0.5N3L65M100T100-8.mltl,0.652,38321.6,unsat
/home/michele/mltlsat/Benchmarks/random/P0.5N3L65M100T100-9.mltl,0.554,17015.2,sat
/home/michele/mltlsat/Benchmarks/random/P0.5N3L70M100T100-10.mltl,0.576,17314.4,sat
/home/michele/mltlsat/Benchmarks/random/P0.5N3L70M100T100-1.mltl,0.582,17016,sat
/home/michele/mltlsat/Benchmarks/random/P0.5N3L70M100T100-2.mltl,0.6,16998.4,sat
/home/michele/mltlsat/Benchmarks/random/P0.5N3L70M100T100-3.mltl,0.684,38351.2,sat
/home/michele/mltlsat/Benchmarks/random/P0.5N3L70M100T100-4.mltl,0.604,17012,sat
/home/michele/mltlsat/Benchmarks/random/P0.5N3L70M100T100-5.mltl,0.606,17008,sat
/home/michele/mltlsat/Benchmarks/random/P0.5N3L70M100T100-6.mltl,0.582,17323.2,sat
/home/michele/mltlsat/Benchmarks/random/P0.5N3L70M100T100-7.mltl,0.614,28716.8,sat
/home/michele/mltlsat/Benchmarks/random/P0.5N3L70M100T100-8.mltl,0.634,38624.8,unsat
/home/michele/mltlsat/Benchmarks/random/P0.5N3L70M100T100-9.mltl,0.574,17012,sat
/home/michele/mltlsat/Benchmarks/random/P0.5N3L75M100T100-10.mltl,0.616,17307.2,sat
/home/michele/mltlsat/Benchmarks/random/P0.5N3L75M100T100-1.mltl,0.716,39855.2,sat
/home/michele/mltlsat/Benchmarks/random/P0.5N3L75M100T100-2.mltl,0.596,17021.6,sat
/home/michele/mltlsat/Benchmarks/random/P0.5N3L75M100T100-3.mltl,0.5619999999999999,16999.2,sat
/home/michele/mltlsat/Benchmarks/random/P0.5N3L75M100T100-4.mltl,46.928,387432.2,TO
/home/michele/mltlsat/Benchmarks/random/P0.5N3L75M100T100-5.mltl,0.576,17320,sat
/home/michele/mltlsat/Benchmarks/random/P0.5N3L75M100T100-6.mltl,0.5579999999999999,38648,sat
/home/michele/mltlsat/Benchmarks/random/P0.5N3L75M100T100-7.mltl,0.5479999999999999,37452,sat
/home/michele/mltlsat/Benchmarks/random/P0.5N3L75M100T100-8.mltl,0.55,18234.4,sat
/home/michele/mltlsat/Benchmarks/random/P0.5N3L75M100T100-9.mltl,0.57,17332.8,sat
/home/michele/mltlsat/Benchmarks/random/P0.5N3L80M100T100-10.mltl,0.79,53872.8,sat
/home/michele/mltlsat/Benchmarks/random/P0.5N3L80M100T100-1.mltl,0.538,17930.4,sat
/home/michele/mltlsat/Benchmarks/random/P0.5N3L80M100T100-2.mltl,0.556,17933.6,sat
/home/michele/mltlsat/Benchmarks/random/P0.5N3L80M100T100-3.mltl,0.57,17288,sat
/home/michele/mltlsat/Benchmarks/random/P0.5N3L80M100T100-4.mltl,0.57,17615.2,unsat
/home/michele/mltlsat/Benchmarks/random/P0.5N3L80M100T100-5.mltl,0.588,17318.4,sat
/home/michele/mltlsat/Benchmarks/random/P0.5N3L80M100T100-6.mltl,0.594,37736,sat
/home/michele/mltlsat/Benchmarks/random/P0.5N3L80M100T100-7.mltl,-1,-1,TO
/home/michele/mltlsat/Benchmarks/random/P0.5N3L80M100T100-8.mltl,0.352,17003.2,sat
/home/michele/mltlsat/Benchmarks/random/P0.5N3L80M100T100-9.mltl,0.382,19150.4,sat
/home/michele/mltlsat/Benchmarks/random/P0.5N3L85M100T100-10.mltl,0.348,16976.8,sat
/home/michele/mltlsat/Benchmarks/random/P0.5N3L85M100T100-1.mltl,0.52,41072.8,sat
/home/michele/mltlsat/Benchmarks/random/P0.5N3L85M100T100-2.mltl,0.33,17949.6,sat
/home/michele/mltlsat/Benchmarks/random/P0.5N3L85M100T100-3.mltl,0.358,33681.6,unsat
/home/michele/mltlsat/Benchmarks/random/P0.5N3L85M100T100-4.mltl,0.352,17294.4,sat
/home/michele/mltlsat/Benchmarks/random/P0.5N3L85M100T100-5.mltl,0.394,19468,sat
/home/michele/mltlsat/Benchmarks/random/P0.5N3L85M100T100-6.mltl,0.354,17017.6,sat
/home/michele/mltlsat/Benchmarks/random/P0.5N3L85M100T100-7.mltl,0.348,17320.8,sat
/home/michele/mltlsat/Benchmarks/random/P0.5N3L85M100T100-8.mltl,0.338,17025.6,sat
/home/michele/mltlsat/Benchmarks/random/P0.5N3L85M100T100-9.mltl,0.346,17023.2,sat
/home/michele/mltlsat/Benchmarks/random/P0.5N3L90M100T100-10.mltl,0.34,17599.2,sat
/home/michele/mltlsat/Benchmarks/random/P0.5N3L90M100T100-1.mltl,0.328,17304,sat
/home/michele/mltlsat/Benchmarks/random/P0.5N3L90M100T100-2.mltl,3.344,1067050.4,sat
/home/michele/mltlsat/Benchmarks/random/P0.5N3L90M100T100-3.mltl,0.362,38375.2,sat
/home/michele/mltlsat/Benchmarks/random/P0.5N3L90M100T100-4.mltl,0.326,17309.6,sat
/home/michele/mltlsat/Benchmarks/random/P0.5N3L90M100T100-5.mltl,0.334,17020,sat
/home/michele/mltlsat/Benchmarks/random/P0.5N3L90M100T100-6.mltl,0.362,17003.2,sat
/home/michele/mltlsat/Benchmarks/random/P0.5N3L90M100T100-7.mltl,0.822,41393.6,sat
/home/michele/mltlsat/Benchmarks/random/P0.5N3L90M100T100-8.mltl,-1,-1,TO
/home/michele/mltlsat/Benchmarks/random/P0.5N3L90M100T100-9.mltl,0.352,17329.6,sat
/home/michele/mltlsat/Benchmarks/random/P0.5N3L95M100T100-10.mltl,0.384,38027.2,sat
/home/michele/mltlsat/Benchmarks/random/P0.5N3L95M100T100-1.mltl,0.368,17307.2,sat
/home/michele/mltlsat/Benchmarks/random/P0.5N3L95M100T100-2.mltl,0.36,36452,sat
/home/michele/mltlsat/Benchmarks/random/P0.5N3L95M100T100-3.mltl,0.358,17618.4,sat
/home/michele/mltlsat/Benchmarks/random/P0.5N3L95M100T100-4.mltl,0.37,17312,sat
/home/michele/mltlsat/Benchmarks/random/P0.5N3L95M100T100-5.mltl,0.394,17008,sat
/home/michele/mltlsat/Benchmarks/random/P0.5N3L95M100T100-6.mltl,0.394,17007.2,sat
/home/michele/mltlsat/Benchmarks/random/P0.5N3L95M100T100-7.mltl,0.40199999999999997,16991.2,sat
/home/michele/mltlsat/Benchmarks/random/P0.5N3L95M100T100-8.mltl,0.412,17006.4,sat
/home/michele/mltlsat/Benchmarks/random/P0.5N3L95M100T100-9.mltl,0.416,17016,sat
/home/michele/mltlsat/Benchmarks/random/P0.5N4L100M100T100-10.mltl,0.40399999999999997,17317.6,sat
/home/michele/mltlsat/Benchmarks/random/P0.5N4L100M100T100-1.mltl,0.45,38690.4,sat
/home/michele/mltlsat/Benchmarks/random/P0.5N4L100M100T100-2.mltl,0.41,38006.4,sat
/home/michele/mltlsat/Benchmarks/random/P0.5N4L100M100T100-3.mltl,0.41,32763.2,sat
/home/michele/mltlsat/Benchmarks/random/P0.5N4L100M100T100-4.mltl,0.408,17023.2,sat
/home/michele/mltlsat/Benchmarks/random/P0.5N4L100M100T100-5.mltl,0.422,34009.6,sat
/home/michele/mltlsat/Benchmarks/random/P0.5N4L100M100T100-6.mltl,0.436,36799.2,sat
/home/michele/mltlsat/Benchmarks/random/P0.5N4L100M100T100-7.mltl,0.632,41412,sat
/home/michele/mltlsat/Benchmarks/random/P0.5N4L100M100T100-8.mltl,0.41000000000000003,17018.4,sat
/home/michele/mltlsat/Benchmarks/random/P0.5N4L100M100T100-9.mltl,-1,-1,TO
/home/michele/mltlsat/Benchmarks/random/P0.5N4L10M100T100-10.mltl,0.354,17012,sat
/home/michele/mltlsat/Benchmarks/random/P0.5N4L10M100T100-1.mltl,0.354,17329.6,sat
/home/michele/mltlsat/Benchmarks/random/P0.5N4L10M100T100-2.mltl,0.362,17024.8,sat
/home/michele/mltlsat/Benchmarks/random/P0.5N4L10M100T100-3.mltl,0.382,17317.6,sat
/home/michele/mltlsat/Benchmarks/random/P0.5N4L10M100T100-4.mltl,0.372,17004.8,sat
/home/michele/mltlsat/Benchmarks/random/P0.5N4L10M100T100-5.mltl,0.382,17001.6,sat
/home/michele/mltlsat/Benchmarks/random/P0.5N4L10M100T100-6.mltl,0.38,17008.8,sat
/home/michele/mltlsat/Benchmarks/random/P0.5N4L10M100T100-7.mltl,0.376,17004,sat
/home/michele/mltlsat/Benchmarks/random/P0.5N4L10M100T100-8.mltl,0.37,17023.2,sat
/home/michele/mltlsat/Benchmarks/random/P0.5N4L10M100T100-9.mltl,0.37,17003.2,sat
/home/michele/mltlsat/Benchmarks/random/P0.5N4L15M100T100-10.mltl,0.384,17322.4,sat
/home/michele/mltlsat/Benchmarks/random/P0.5N4L15M100T100-1.mltl,0.374,17028,sat
/home/michele/mltlsat/Benchmarks/random/P0.5N4L15M100T100-2.mltl,0.37,37139.2,unsat
/home/michele/mltlsat/Benchmarks/random/P0.5N4L15M100T100-3.mltl,0.35200000000000004,21009.6,sat
/home/michele/mltlsat/Benchmarks/random/P0.5N4L15M100T100-4.mltl,0.38,38064,sat
/home/michele/mltlsat/Benchmarks/random/P0.5N4L15M100T100-5.mltl,0.33999999999999997,16994.4,sat
/home/michele/mltlsat/Benchmarks/random/P0.5N4L15M100T100-6.mltl,0.33,17004.8,sat
/home/michele/mltlsat/Benchmarks/random/P0.5N4L15M100T100-7.mltl,0.324,17011.2,sat
/home/michele/mltlsat/Benchmarks/random/P0.5N4L15M100T100-8.mltl,0.338,17016,sat
/home/michele/mltlsat/Benchmarks/random/P0.5N4L15M100T100-9.mltl,0.35,17020.8,sat
/home/michele/mltlsat/Benchmarks/random/P0.5N4L20M100T100-10.mltl,0.372,16987.2,unsat
/home/michele/mltlsat/Benchmarks/random/P0.5N4L20M100T100-1.mltl,0.374,16699.2,sat
/home/michele/mltlsat/Benchmarks/random/P0.5N4L20M100T100-2.mltl,0.372,17011.2,sat
/home/michele/mltlsat/Benchmarks/random/P0.5N4L20M100T100-3.mltl,0.366,17002.4,sat
/home/michele/mltlsat/Benchmarks/random/P0.5N4L20M100T100-4.mltl,0.368,17001.6,sat
/home/michele/mltlsat/Benchmarks/random/P0.5N4L20M100T100-5.mltl,0.364,17005.6,sat
/home/michele/mltlsat/Benchmarks/random/P0.5N4L20M100T100-6.mltl,0.358,17320.8,sat
/home/michele/mltlsat/Benchmarks/random/P0.5N4L20M100T100-7.mltl,0.354,17005.6,sat
/home/michele/mltlsat/Benchmarks/random/P0.5N4L20M100T100-8.mltl,0.37,17007.2,sat
/home/michele/mltlsat/Benchmarks/random/P0.5N4L20M100T100-9.mltl,0.362,17006.4,sat
/home/michele/mltlsat/Benchmarks/random/P0.5N4L25M100T100-10.mltl,0.368,16995.2,sat
/home/michele/mltlsat/Benchmarks/random/P0.5N4L25M100T100-1.mltl,0.372,16985.6,sat
/home/michele/mltlsat/Benchmarks/random/P0.5N4L25M100T100-2.mltl,-1,-1,TO
/home/michele/mltlsat/Benchmarks/random/P0.5N4L25M100T100-3.mltl,0.354,17349.6,sat
/home/michele/mltlsat/Benchmarks/random/P0.5N4L25M100T100-4.mltl,0.374,16996.8,sat
/home/michele/mltlsat/Benchmarks/random/P0.5N4L25M100T100-5.mltl,0.366,17011.2,sat
/home/michele/mltlsat/Benchmarks/random/P0.5N4L25M100T100-6.mltl,0.354,17022.4,sat
/home/michele/mltlsat/Benchmarks/random/P0.5N4L25M100T100-7.mltl,0.354,16999.2,sat
/home/michele/mltlsat/Benchmarks/random/P0.5N4L25M100T100-8.mltl,0.35,17009.6,sat
/home/michele/mltlsat/Benchmarks/random/P0.5N4L25M100T100-9.mltl,0.352,17316.8,sat
/home/michele/mltlsat/Benchmarks/random/P0.5N4L30M100T100-10.mltl,0.356,36842.4,sat
/home/michele/mltlsat/Benchmarks/random/P0.5N4L30M100T100-1.mltl,0.352,17008.8,sat
/home/michele/mltlsat/Benchmarks/random/P0.5N4L30M100T100-2.mltl,0.352,17638.4,sat
/home/michele/mltlsat/Benchmarks/random/P0.5N4L30M100T100-3.mltl,0.344,17000,sat
/home/michele/mltlsat/Benchmarks/random/P0.5N4L30M100T100-4.mltl,0.306,26864.8,sat
/home/michele/mltlsat/Benchmarks/random/P0.5N4L30M100T100-5.mltl,0.328,17629.6,sat
/home/michele/mltlsat/Benchmarks/random/P0.5N4L30M100T100-6.mltl,0.34400000000000003,36185.6,sat
/home/michele/mltlsat/Benchmarks/random/P0.5N4L30M100T100-7.mltl,0.32,37744.8,sat
/home/michele/mltlsat/Benchmarks/random/P0.5N4L30M100T100-8.mltl,0.292,18561.6,sat
/home/michele/mltlsat/Benchmarks/random/P0.5N4L30M100T100-9.mltl,0.328,36502.4,sat
/home/michele/mltlsat/Benchmarks/random/P0.5N4L35M100T100-10.mltl,0.356,20684.8,sat
/home/michele/mltlsat/Benchmarks/random/P0.5N4L35M100T100-1.mltl,0.328,16995.2,sat
/home/michele/mltlsat/Benchmarks/random/P0.5N4L35M100T100-2.mltl,0.348,17005.6,sat
/home/michele/mltlsat/Benchmarks/random/P0.5N4L35M100T100-3.mltl,0.368,36204.8,sat
/home/michele/mltlsat/Benchmarks/random/P0.5N4L35M100T100-4.mltl,0.336,25944.8,sat
/home/michele/mltlsat/Benchmarks/random/P0.5N4L35M100T100-5.mltl,0.35,17312.8,sat
/home/michele/mltlsat/Benchmarks/random/P0.5N4L35M100T100-6.mltl,0.37,17027.2,sat
/home/michele/mltlsat/Benchmarks/random/P0.5N4L35M100T100-7.mltl,1.206,39876,sat
/home/michele/mltlsat/Benchmarks/random/P0.5N4L35M100T100-8.mltl,0.35,17320,sat
/home/michele/mltlsat/Benchmarks/random/P0.5N4L35M100T100-9.mltl,0.368,17315.2,sat
/home/michele/mltlsat/Benchmarks/random/P0.5N4L40M100T100-10.mltl,0.388,17000.8,sat
/home/michele/mltlsat/Benchmarks/random/P0.5N4L40M100T100-1.mltl,0.358,16998.4,sat
/home/michele/mltlsat/Benchmarks/random/P0.5N4L40M100T100-2.mltl,0.402,40813.6,sat
/home/michele/mltlsat/Benchmarks/random/P0.5N4L40M100T100-3.mltl,0.358,35845.6,sat
/home/michele/mltlsat/Benchmarks/random/P0.5N4L40M100T100-4.mltl,0.358,17310.4,sat
/home/michele/mltlsat/Benchmarks/random/P0.5N4L40M100T100-5.mltl,0.374,17007.2,sat
/home/michele/mltlsat/Benchmarks/random/P0.5N4L40M100T100-6.mltl,0.39,19461.6,sat
/home/michele/mltlsat/Benchmarks/random/P0.5N4L40M100T100-7.mltl,0.392,36215.2,sat
/home/michele/mltlsat/Benchmarks/random/P0.5N4L40M100T100-8.mltl,18.624000000000002,194220,sat
/home/michele/mltlsat/Benchmarks/random/P0.5N4L40M100T100-9.mltl,0.334,17295.2,sat
/home/michele/mltlsat/Benchmarks/random/P0.5N4L45M100T100-10.mltl,0.348,16991.2,sat
/home/michele/mltlsat/Benchmarks/random/P0.5N4L45M100T100-1.mltl,0.362,17014.4,sat
/home/michele/mltlsat/Benchmarks/random/P0.5N4L45M100T100-2.mltl,0.356,17014.4,unsat
/home/michele/mltlsat/Benchmarks/random/P0.5N4L45M100T100-3.mltl,0.35,16986.4,sat
/home/michele/mltlsat/Benchmarks/random/P0.5N4L45M100T100-4.mltl,0.354,17309.6,sat
/home/michele/mltlsat/Benchmarks/random/P0.5N4L45M100T100-5.mltl,0.408,38664,sat
/home/michele/mltlsat/Benchmarks/random/P0.5N4L45M100T100-6.mltl,0.366,16990.4,sat
/home/michele/mltlsat/Benchmarks/random/P0.5N4L45M100T100-7.mltl,0.36,17010.4,sat
/home/michele/mltlsat/Benchmarks/random/P0.5N4L45M100T100-8.mltl,0.36,16985.6,sat
/home/michele/mltlsat/Benchmarks/random/P0.5N4L45M100T100-9.mltl,0.366,20093.6,sat
/home/michele/mltlsat/Benchmarks/random/P0.5N4L50M100T100-10.mltl,0.354,17621.6,sat
/home/michele/mltlsat/Benchmarks/random/P0.5N4L50M100T100-1.mltl,0.356,17621.6,sat
/home/michele/mltlsat/Benchmarks/random/P0.5N4L50M100T100-2.mltl,0.378,16991.2,sat
/home/michele/mltlsat/Benchmarks/random/P0.5N4L50M100T100-3.mltl,0.368,17002.4,sat
/home/michele/mltlsat/Benchmarks/random/P0.5N4L50M100T100-4.mltl,0.38,16996.8,sat
/home/michele/mltlsat/Benchmarks/random/P0.5N4L50M100T100-5.mltl,0.37,17000,sat
/home/michele/mltlsat/Benchmarks/random/P0.5N4L50M100T100-6.mltl,0.37,17620.8,sat
/home/michele/mltlsat/Benchmarks/random/P0.5N4L50M100T100-7.mltl,0.386,16993.6,sat
/home/michele/mltlsat/Benchmarks/random/P0.5N4L50M100T100-8.mltl,0.392,17019.2,sat
/home/michele/mltlsat/Benchmarks/random/P0.5N4L50M100T100-9.mltl,0.392,17003.2,unsat
/home/michele/mltlsat/Benchmarks/random/P0.5N4L55M100T100-10.mltl,0.4,17018.4,sat
/home/michele/mltlsat/Benchmarks/random/P0.5N4L55M100T100-1.mltl,0.392,17032,sat
/home/michele/mltlsat/Benchmarks/random/P0.5N4L55M100T100-2.mltl,0.424,37721.6,sat
/home/michele/mltlsat/Benchmarks/random/P0.5N4L55M100T100-3.mltl,0.4,17008,sat
/home/michele/mltlsat/Benchmarks/random/P0.5N4L55M100T100-4.mltl,2.226,64332,sat
/home/michele/mltlsat/Benchmarks/random/P0.5N4L55M100T100-5.mltl,0.40399999999999997,17023.2,sat
/home/michele/mltlsat/Benchmarks/random/P0.5N4L55M100T100-6.mltl,0.446,38356.8,sat
/home/michele/mltlsat/Benchmarks/random/P0.5N4L55M100T100-7.mltl,0.392,37089.6,sat
/home/michele/mltlsat/Benchmarks/random/P0.5N4L55M100T100-8.mltl,0.37,17634.4,sat
/home/michele/mltlsat/Benchmarks/random/P0.5N4L55M100T100-9.mltl,0.394,17315.2,sat
/home/michele/mltlsat/Benchmarks/random/P0.5N4L5M100T100-10.mltl,0.40599999999999997,16697.6,sat
/home/michele/mltlsat/Benchmarks/random/P0.5N4L5M100T100-1.mltl,0.412,16996.8,sat
/home/michele/mltlsat/Benchmarks/random/P0.5N4L5M100T100-2.mltl,0.40599999999999997,17004,sat
/home/michele/mltlsat/Benchmarks/random/P0.5N4L5M100T100-3.mltl,0.412,17000.8,sat
/home/michele/mltlsat/Benchmarks/random/P0.5N4L5M100T100-4.mltl,0.41,17005.6,sat
/home/michele/mltlsat/Benchmarks/random/P0.5N4L5M100T100-5.mltl,0.41,17323.2,sat
/home/michele/mltlsat/Benchmarks/random/P0.5N4L5M100T100-6.mltl,0.414,16998.4,sat
/home/michele/mltlsat/Benchmarks/random/P0.5N4L5M100T100-7.mltl,0.416,17018.4,sat
/home/michele/mltlsat/Benchmarks/random/P0.5N4L5M100T100-8.mltl,0.416,20428,sat
/home/michele/mltlsat/Benchmarks/random/P0.5N4L5M100T100-9.mltl,0.414,16701.6,sat
/home/michele/mltlsat/Benchmarks/random/P0.5N4L60M100T100-10.mltl,0.416,17001.6,sat
/home/michele/mltlsat/Benchmarks/random/P0.5N4L60M100T100-1.mltl,0.484,19136.8,sat
/home/michele/mltlsat/Benchmarks/random/P0.5N4L60M100T100-2.mltl,0.46,17017.6,sat
/home/michele/mltlsat/Benchmarks/random/P0.5N4L60M100T100-3.mltl,0.514,16992,sat
/home/michele/mltlsat/Benchmarks/random/P0.5N4L60M100T100-4.mltl,0.564,17009.6,sat
/home/michele/mltlsat/Benchmarks/random/P0.5N4L60M100T100-5.mltl,0.882,39560.8,sat
/home/michele/mltlsat/Benchmarks/random/P0.5N4L60M100T100-6.mltl,0.5559999999999999,16996.8,sat
/home/michele/mltlsat/Benchmarks/random/P0.5N4L60M100T100-7.mltl,0.572,17320.8,sat
/home/michele/mltlsat/Benchmarks/random/P0.5N4L60M100T100-8.mltl,0.588,18233.6,sat
/home/michele/mltlsat/Benchmarks/random/P0.5N4L60M100T100-9.mltl,0.608,17012,unsat
/home/michele/mltlsat/Benchmarks/random/P0.5N4L65M100T100-10.mltl,0.62,17016,sat
/home/michele/mltlsat/Benchmarks/random/P0.5N4L65M100T100-1.mltl,0.58,17006.4,sat
/home/michele/mltlsat/Benchmarks/random/P0.5N4L65M100T100-2.mltl,0.596,17004,sat
/home/michele/mltlsat/Benchmarks/random/P0.5N4L65M100T100-3.mltl,-1,-1,TO
/home/michele/mltlsat/Benchmarks/random/P0.5N4L65M100T100-4.mltl,0.6,17004.8,unsat
/home/michele/mltlsat/Benchmarks/random/P0.5N4L65M100T100-5.mltl,0.5619999999999999,17644,sat
/home/michele/mltlsat/Benchmarks/random/P0.5N4L65M100T100-6.mltl,0.582,17314.4,sat
/home/michele/mltlsat/Benchmarks/random/P0.5N4L65M100T100-7.mltl,0.61,36192,sat
/home/michele/mltlsat/Benchmarks/random/P0.5N4L65M100T100-8.mltl,0.85,39870.4,sat
/home/michele/mltlsat/Benchmarks/random/P0.5N4L65M100T100-9.mltl,0.582,17012,sat
/home/michele/mltlsat/Benchmarks/random/P0.5N4L70M100T100-10.mltl,0.618,35887.2,sat
/home/michele/mltlsat/Benchmarks/random/P0.5N4L70M100T100-1.mltl,51.882,47859.2,sat
/home/michele/mltlsat/Benchmarks/random/P0.5N4L70M100T100-2.mltl,-1,-1,TO
/home/michele/mltlsat/Benchmarks/random/P0.5N4L70M100T100-3.mltl,0.39,35862.4,sat
/home/michele/mltlsat/Benchmarks/random/P0.5N4L70M100T100-4.mltl,0.382,17920.8,sat
/home/michele/mltlsat/Benchmarks/random/P0.5N4L70M100T100-5.mltl,0.404,36813.6,sat
/home/michele/mltlsat/Benchmarks/random/P0.5N4L70M100T100-6.mltl,0.386,17017.6,sat
/home/michele/mltlsat/Benchmarks/random/P0.5N4L70M100T100-7.mltl,0.408,17017.6,sat
/home/michele/mltlsat/Benchmarks/random/P0.5N4L70M100T100-8.mltl,0.39,17032,sat
/home/michele/mltlsat/Benchmarks/random/P0.5N4L70M100T100-9.mltl,0.428,38638.4,sat
/home/michele/mltlsat/Benchmarks/random/P0.5N4L75M100T100-10.mltl,0.388,17306.4,sat
/home/michele/mltlsat/Benchmarks/random/P0.5N4L75M100T100-1.mltl,0.422,36818.4,sat
/home/michele/mltlsat/Benchmarks/random/P0.5N4L75M100T100-2.mltl,0.522,38024.8,sat
/home/michele/mltlsat/Benchmarks/random/P0.5N4L75M100T100-3.mltl,0.394,17356,sat
/home/michele/mltlsat/Benchmarks/random/P0.5N4L75M100T100-4.mltl,0.402,36832,sat
/home/michele/mltlsat/Benchmarks/random/P0.5N4L75M100T100-5.mltl,0.37,17631.2,sat
/home/michele/mltlsat/Benchmarks/random/P0.5N4L75M100T100-6.mltl,0.368,17008.8,sat
/home/michele/mltlsat/Benchmarks/random/P0.5N4L75M100T100-7.mltl,0.384,36203.2,sat
/home/michele/mltlsat/Benchmarks/random/P0.5N4L75M100T100-8.mltl,0.366,17617.6,sat
/home/michele/mltlsat/Benchmarks/random/P0.5N4L75M100T100-9.mltl,0.372,17614.4,sat
/home/michele/mltlsat/Benchmarks/random/P0.5N4L80M100T100-10.mltl,0.426,38636.8,sat
/home/michele/mltlsat/Benchmarks/random/P0.5N4L80M100T100-1.mltl,0.416,19484.8,sat
/home/michele/mltlsat/Benchmarks/random/P0.5N4L80M100T100-2.mltl,0.368,17319.2,sat
/home/michele/mltlsat/Benchmarks/random/P0.5N4L80M100T100-3.mltl,0.374,17001.6,sat
/home/michele/mltlsat/Benchmarks/random/P0.5N4L80M100T100-4.mltl,0.376,17020.8,sat
/home/michele/mltlsat/Benchmarks/random/P0.5N4L80M100T100-5.mltl,0.386,17016,sat
/home/michele/mltlsat/Benchmarks/random/P0.5N4L80M100T100-6.mltl,0.358,17916.8,sat
/home/michele/mltlsat/Benchmarks/random/P0.5N4L80M100T100-7.mltl,0.368,17609.6,sat
/home/michele/mltlsat/Benchmarks/random/P0.5N4L80M100T100-8.mltl,0.394,16990.4,sat
/home/michele/mltlsat/Benchmarks/random/P0.5N4L80M100T100-9.mltl,0.388,17315.2,sat
/home/michele/mltlsat/Benchmarks/random/P0.5N4L85M100T100-10.mltl,0.766,42659.2,sat
/home/michele/mltlsat/Benchmarks/random/P0.5N4L85M100T100-1.mltl,0.416,17004,sat
/home/michele/mltlsat/Benchmarks/random/P0.5N4L85M100T100-2.mltl,0.42,16995.2,sat
/home/michele/mltlsat/Benchmarks/random/P0.5N4L85M100T100-3.mltl,0.446,19446.4,sat
/home/michele/mltlsat/Benchmarks/random/P0.5N4L85M100T100-4.mltl,0.412,17007.2,sat
/home/michele/mltlsat/Benchmarks/random/P0.5N4L85M100T100-5.mltl,0.428,17029.6,unsat
/home/michele/mltlsat/Benchmarks/random/P0.5N4L85M100T100-6.mltl,0.458,16712.8,sat
/home/michele/mltlsat/Benchmarks/random/P0.5N4L85M100T100-7.mltl,0.474,17327.2,sat
/home/michele/mltlsat/Benchmarks/random/P0.5N4L85M100T100-8.mltl,0.56,17002.4,unsat
/home/michele/mltlsat/Benchmarks/random/P0.5N4L85M100T100-9.mltl,0.546,36800.8,sat
/home/michele/mltlsat/Benchmarks/random/P0.5N4L90M100T100-10.mltl,0.48,18556.8,sat
/home/michele/mltlsat/Benchmarks/random/P0.5N4L90M100T100-1.mltl,0.484,18551.2,sat
/home/michele/mltlsat/Benchmarks/random/P0.5N4L90M100T100-2.mltl,0.566,17006.4,sat
/home/michele/mltlsat/Benchmarks/random/P0.5N4L90M100T100-3.mltl,0.572,17327.2,sat
/home/michele/mltlsat/Benchmarks/random/P0.5N4L90M100T100-4.mltl,-1,-1,TO
/home/michele/mltlsat/Benchmarks/random/P0.5N4L90M100T100-5.mltl,0.426,26545.6,sat
/home/michele/mltlsat/Benchmarks/random/P0.5N4L90M100T100-6.mltl,0.45,38019.2,sat
/home/michele/mltlsat/Benchmarks/random/P0.5N4L90M100T100-7.mltl,0.47,19169.6,unsat
/home/michele/mltlsat/Benchmarks/random/P0.5N4L90M100T100-8.mltl,0.43,17001.6,sat
/home/michele/mltlsat/Benchmarks/random/P0.5N4L90M100T100-9.mltl,0.424,17015.2,sat
/home/michele/mltlsat/Benchmarks/random/P0.5N4L95M100T100-10.mltl,0.43,17010.4,sat
/home/michele/mltlsat/Benchmarks/random/P0.5N4L95M100T100-1.mltl,0.442,37400,sat
/home/michele/mltlsat/Benchmarks/random/P0.5N4L95M100T100-2.mltl,0.958,82140,sat
/home/michele/mltlsat/Benchmarks/random/P0.5N4L95M100T100-3.mltl,0.382,17320.8,sat
/home/michele/mltlsat/Benchmarks/random/P0.5N4L95M100T100-4.mltl,0.422,19165.6,sat
/home/michele/mltlsat/Benchmarks/random/P0.5N4L95M100T100-5.mltl,0.392,17029.6,sat
/home/michele/mltlsat/Benchmarks/random/P0.5N4L95M100T100-6.mltl,23.402,1143817.6,sat
/home/michele/mltlsat/Benchmarks/random/P0.5N4L95M100T100-7.mltl,0.37,17019.2,unsat
/home/michele/mltlsat/Benchmarks/random/P0.5N4L95M100T100-8.mltl,0.384,33677.6,sat
/home/michele/mltlsat/Benchmarks/random/P0.5N4L95M100T100-9.mltl,0.378,17023.2,sat
/home/michele/mltlsat/Benchmarks/random/P0.5N5L100M100T100-10.mltl,0.348,17003.2,sat
/home/michele/mltlsat/Benchmarks/random/P0.5N5L100M100T100-1.mltl,0.362,17317.6,sat
/home/michele/mltlsat/Benchmarks/random/P0.5N5L100M100T100-2.mltl,0.592,43111.2,sat
/home/michele/mltlsat/Benchmarks/random/P0.5N5L100M100T100-3.mltl,0.382,17007.2,sat
/home/michele/mltlsat/Benchmarks/random/P0.5N5L100M100T100-4.mltl,0.372,17006.4,sat
/home/michele/mltlsat/Benchmarks/random/P0.5N5L100M100T100-5.mltl,0.376,17001.6,sat
/home/michele/mltlsat/Benchmarks/random/P0.5N5L100M100T100-6.mltl,0.45,38344.8,sat
/home/michele/mltlsat/Benchmarks/random/P0.5N5L100M100T100-7.mltl,0.414,37148.8,sat
/home/michele/mltlsat/Benchmarks/random/P0.5N5L100M100T100-8.mltl,0.4,17329.6,sat
/home/michele/mltlsat/Benchmarks/random/P0.5N5L100M100T100-9.mltl,0.394,17007.2,sat
/home/michele/mltlsat/Benchmarks/random/P0.5N5L10M100T100-10.mltl,0.41000000000000003,17015.2,sat
/home/michele/mltlsat/Benchmarks/random/P0.5N5L10M100T100-1.mltl,0.398,16986.4,sat
/home/michele/mltlsat/Benchmarks/random/P0.5N5L10M100T100-2.mltl,0.394,17009.6,sat
/home/michele/mltlsat/Benchmarks/random/P0.5N5L10M100T100-3.mltl,0.39,17026.4,sat
/home/michele/mltlsat/Benchmarks/random/P0.5N5L10M100T100-4.mltl,0.384,17303.2,sat
/home/michele/mltlsat/Benchmarks/random/P0.5N5L10M100T100-5.mltl,0.4,17324,sat
/home/michele/mltlsat/Benchmarks/random/P0.5N5L10M100T100-6.mltl,0.404,17024,sat
/home/michele/mltlsat/Benchmarks/random/P0.5N5L10M100T100-7.mltl,0.4,17020,sat
/home/michele/mltlsat/Benchmarks/random/P0.5N5L10M100T100-8.mltl,0.388,16709.6,sat
/home/michele/mltlsat/Benchmarks/random/P0.5N5L10M100T100-9.mltl,0.39,17019.2,sat
/home/michele/mltlsat/Benchmarks/random/P0.5N5L15M100T100-10.mltl,0.392,16993.6,sat
/home/michele/mltlsat/Benchmarks/random/P0.5N5L15M100T100-1.mltl,0.392,17022.4,sat
/home/michele/mltlsat/Benchmarks/random/P0.5N5L15M100T100-2.mltl,0.392,17000.8,sat
/home/michele/mltlsat/Benchmarks/random/P0.5N5L15M100T100-3.mltl,0.394,17316.8,sat
/home/michele/mltlsat/Benchmarks/random/P0.5N5L15M100T100-4.mltl,0.418,17309.6,sat
/home/michele/mltlsat/Benchmarks/random/P0.5N5L15M100T100-5.mltl,0.416,16993.6,sat
/home/michele/mltlsat/Benchmarks/random/P0.5N5L15M100T100-6.mltl,0.42,17008,sat
/home/michele/mltlsat/Benchmarks/random/P0.5N5L15M100T100-7.mltl,0.416,16982.4,sat
/home/michele/mltlsat/Benchmarks/random/P0.5N5L15M100T100-8.mltl,0.414,16697.6,sat
/home/michele/mltlsat/Benchmarks/random/P0.5N5L15M100T100-9.mltl,0.416,17032,sat
/home/michele/mltlsat/Benchmarks/random/P0.5N5L20M100T100-10.mltl,0.424,17000.8,sat
/home/michele/mltlsat/Benchmarks/random/P0.5N5L20M100T100-1.mltl,0.422,17012.8,sat
/home/michele/mltlsat/Benchmarks/random/P0.5N5L20M100T100-2.mltl,0.402,17013.6,sat
/home/michele/mltlsat/Benchmarks/random/P0.5N5L20M100T100-3.mltl,0.40599999999999997,17014.4,sat
/home/michele/mltlsat/Benchmarks/random/P0.5N5L20M100T100-4.mltl,0.402,17018.4,sat
/home/michele/mltlsat/Benchmarks/random/P0.5N5L20M100T100-5.mltl,0.398,16979.2,sat
/home/michele/mltlsat/Benchmarks/random/P0.5N5L20M100T100-6.mltl,0.406,17013.6,sat
/home/michele/mltlsat/Benchmarks/random/P0.5N5L20M100T100-7.mltl,0.412,17010.4,sat
/home/michele/mltlsat/Benchmarks/random/P0.5N5L20M100T100-8.mltl,0.40800000000000003,20702.4,sat
/home/michele/mltlsat/Benchmarks/random/P0.5N5L20M100T100-9.mltl,0.39,17004.8,sat
/home/michele/mltlsat/Benchmarks/random/P0.5N5L25M100T100-10.mltl,0.498,40188,sat
/home/michele/mltlsat/Benchmarks/random/P0.5N5L25M100T100-1.mltl,0.384,17316,sat
/home/michele/mltlsat/Benchmarks/random/P0.5N5L25M100T100-2.mltl,0.414,16994.4,sat
/home/michele/mltlsat/Benchmarks/random/P0.5N5L25M100T100-3.mltl,0.416,17015.2,sat
/home/michele/mltlsat/Benchmarks/random/P0.5N5L25M100T100-4.mltl,0.418,16998.4,sat
/home/michele/mltlsat/Benchmarks/random/P0.5N5L25M100T100-5.mltl,0.44,36167.2,sat
/home/michele/mltlsat/Benchmarks/random/P0.5N5L25M100T100-6.mltl,0.434,16669.6,sat
/home/michele/mltlsat/Benchmarks/random/P0.5N5L25M100T100-7.mltl,0.438,16996,sat
/home/michele/mltlsat/Benchmarks/random/P0.5N5L25M100T100-8.mltl,0.444,17031.2,sat
/home/michele/mltlsat/Benchmarks/random/P0.5N5L25M100T100-9.mltl,0.436,17023.2,sat
/home/michele/mltlsat/Benchmarks/random/P0.5N5L30M100T100-10.mltl,0.458,17004.8,sat
/home/michele/mltlsat/Benchmarks/random/P0.5N5L30M100T100-1.mltl,0.442,17013.6,sat
/home/michele/mltlsat/Benchmarks/random/P0.5N5L30M100T100-2.mltl,0.46,16993.6,sat
/home/michele/mltlsat/Benchmarks/random/P0.5N5L30M100T100-3.mltl,0.46799999999999997,31469.6,sat
/home/michele/mltlsat/Benchmarks/random/P0.5N5L30M100T100-4.mltl,0.52,17004,sat
/home/michele/mltlsat/Benchmarks/random/P0.5N5L30M100T100-5.mltl,0.504,16989.6,sat
/home/michele/mltlsat/Benchmarks/random/P0.5N5L30M100T100-6.mltl,0.46799999999999997,17014.4,unsat
/home/michele/mltlsat/Benchmarks/random/P0.5N5L30M100T100-7.mltl,0.47600000000000003,17021.6,sat
/home/michele/mltlsat/Benchmarks/random/P0.5N5L30M100T100-8.mltl,0.43,17000,sat
/home/michele/mltlsat/Benchmarks/random/P0.5N5L30M100T100-9.mltl,0.434,17028.8,sat
/home/michele/mltlsat/Benchmarks/random/P0.5N5L35M100T100-10.mltl,0.434,35882.4,sat
/home/michele/mltlsat/Benchmarks/random/P0.5N5L35M100T100-1.mltl,0.43,17000,sat
/home/michele/mltlsat/Benchmarks/random/P0.5N5L35M100T100-2.mltl,0.454,17004.8,sat
/home/michele/mltlsat/Benchmarks/random/P0.5N5L35M100T100-3.mltl,0.446,17012.8,sat
/home/michele/mltlsat/Benchmarks/random/P0.5N5L35M100T100-4.mltl,0.426,17007.2,sat
/home/michele/mltlsat/Benchmarks/random/P0.5N5L35M100T100-5.mltl,0.446,20416,sat
/home/michele/mltlsat/Benchmarks/random/P0.5N5L35M100T100-6.mltl,1.468,50804,sat
/home/michele/mltlsat/Benchmarks/random/P0.5N5L35M100T100-7.mltl,0.44,20692.8,sat
/home/michele/mltlsat/Benchmarks/random/P0.5N5L35M100T100-8.mltl,0.45,17317.6,sat
/home/michele/mltlsat/Benchmarks/random/P0.5N5L35M100T100-9.mltl,0.484,17024.8,sat
/home/michele/mltlsat/Benchmarks/random/P0.5N5L40M100T100-10.mltl,0.478,16998.4,sat
/home/michele/mltlsat/Benchmarks/random/P0.5N5L40M100T100-1.mltl,0.47,17022.4,sat
/home/michele/mltlsat/Benchmarks/random/P0.5N5L40M100T100-2.mltl,0.48,35816,sat
/home/michele/mltlsat/Benchmarks/random/P0.5N5L40M100T100-3.mltl,0.46199999999999997,17002.4,sat
/home/michele/mltlsat/Benchmarks/random/P0.5N5L40M100T100-4.mltl,0.46799999999999997,36517.6,sat
/home/michele/mltlsat/Benchmarks/random/P0.5N5L40M100T100-5.mltl,0.466,16979.2,sat
/home/michele/mltlsat/Benchmarks/random/P0.5N5L40M100T100-6.mltl,0.446,17008.8,sat
/home/michele/mltlsat/Benchmarks/random/P0.5N5L40M100T100-7.mltl,0.53,17020.8,sat
/home/michele/mltlsat/Benchmarks/random/P0.5N5L40M100T100-8.mltl,0.532,16998.4,sat
/home/michele/mltlsat/Benchmarks/random/P0.5N5L40M100T100-9.mltl,0.55,17014.4,sat
/home/michele/mltlsat/Benchmarks/random/P0.5N5L45M100T100-10.mltl,0.602,17003.2,sat
/home/michele/mltlsat/Benchmarks/random/P0.5N5L45M100T100-1.mltl,0.588,17024,sat
/home/michele/mltlsat/Benchmarks/random/P0.5N5L45M100T100-2.mltl,0.598,16998.4,sat
/home/michele/mltlsat/Benchmarks/random/P0.5N5L45M100T100-3.mltl,0.588,35867.2,sat
/home/michele/mltlsat/Benchmarks/random/P0.5N5L45M100T100-4.mltl,8.396,70612,sat
/home/michele/mltlsat/Benchmarks/random/P0.5N5L45M100T100-5.mltl,0.59,16996.8,sat
/home/michele/mltlsat/Benchmarks/random/P0.5N5L45M100T100-6.mltl,0.602,16998.4,sat
/home/michele/mltlsat/Benchmarks/random/P0.5N5L45M100T100-7.mltl,0.586,16999.2,sat
/home/michele/mltlsat/Benchmarks/random/P0.5N5L45M100T100-8.mltl,0.602,16998.4,sat
/home/michele/mltlsat/Benchmarks/random/P0.5N5L45M100T100-9.mltl,0.74,38688.8,sat
/home/michele/mltlsat/Benchmarks/random/P0.5N5L50M100T100-10.mltl,0.596,17028.8,sat
/home/michele/mltlsat/Benchmarks/random/P0.5N5L50M100T100-1.mltl,0.574,17320,sat
/home/michele/mltlsat/Benchmarks/random/P0.5N5L50M100T100-2.mltl,0.576,17002.4,sat
/home/michele/mltlsat/Benchmarks/random/P0.5N5L50M100T100-3.mltl,0.592,29949.6,sat
/home/michele/mltlsat/Benchmarks/random/P0.5N5L50M100T100-4.mltl,0.594,17012,sat
/home/michele/mltlsat/Benchmarks/random/P0.5N5L50M100T100-5.mltl,0.98,84615.2,sat
/home/michele/mltlsat/Benchmarks/random/P0.5N5L50M100T100-6.mltl,0.6,17006.4,sat
/home/michele/mltlsat/Benchmarks/random/P0.5N5L50M100T100-7.mltl,0.608,16981.6,sat
/home/michele/mltlsat/Benchmarks/random/P0.5N5L50M100T100-8.mltl,0.61,17019.2,sat
/home/michele/mltlsat/Benchmarks/random/P0.5N5L50M100T100-9.mltl,0.634,20693.6,sat
/home/michele/mltlsat/Benchmarks/random/P0.5N5L55M100T100-10.mltl,0.59,21960,sat
/home/michele/mltlsat/Benchmarks/random/P0.5N5L55M100T100-1.mltl,0.594,20095.2,sat
/home/michele/mltlsat/Benchmarks/random/P0.5N5L55M100T100-2.mltl,0.588,38038.4,sat
/home/michele/mltlsat/Benchmarks/random/P0.5N5L55M100T100-3.mltl,0.588,16993.6,sat
/home/michele/mltlsat/Benchmarks/random/P0.5N5L55M100T100-4.mltl,-1,-1,TO
/home/michele/mltlsat/Benchmarks/random/P0.5N5L55M100T100-5.mltl,0.582,17316,sat
/home/michele/mltlsat/Benchmarks/random/P0.5N5L55M100T100-6.mltl,-1,-1,TO
/home/michele/mltlsat/Benchmarks/random/P0.5N5L55M100T100-7.mltl,0.572,17324,sat
/home/michele/mltlsat/Benchmarks/random/P0.5N5L55M100T100-8.mltl,0.586,18562.4,sat
/home/michele/mltlsat/Benchmarks/random/P0.5N5L55M100T100-9.mltl,0.588,17312.8,sat
/home/michele/mltlsat/Benchmarks/random/P0.5N5L5M100T100-10.mltl,0.512,17916,sat
/home/michele/mltlsat/Benchmarks/random/P0.5N5L5M100T100-1.mltl,0.46799999999999997,17933.6,sat
/home/michele/mltlsat/Benchmarks/random/P0.5N5L5M100T100-2.mltl,0.456,18549.6,sat
/home/michele/mltlsat/Benchmarks/random/P0.5N5L5M100T100-3.mltl,0.51,17313.6,sat
/home/michele/mltlsat/Benchmarks/random/P0.5N5L5M100T100-4.mltl,0.51,17304.8,sat
/home/michele/mltlsat/Benchmarks/random/P0.5N5L5M100T100-5.mltl,0.512,17306.4,sat
/home/michele/mltlsat/Benchmarks/random/P0.5N5L5M100T100-6.mltl,0.502,17303.2,sat
/home/michele/mltlsat/Benchmarks/random/P0.5N5L5M100T100-7.mltl,0.508,17008.8,sat
/home/michele/mltlsat/Benchmarks/random/P0.5N5L5M100T100-8.mltl,0.506,17012.8,sat
/home/michele/mltlsat/Benchmarks/random/P0.5N5L5M100T100-9.mltl,0.484,17026.4,sat
/home/michele/mltlsat/Benchmarks/random/P0.5N5L60M100T100-10.mltl,0.584,38336,sat
/home/michele/mltlsat/Benchmarks/random/P0.5N5L60M100T100-1.mltl,0.5680000000000001,20084,sat
/home/michele/mltlsat/Benchmarks/random/P0.5N5L60M100T100-2.mltl,0.516,24704,sat
/home/michele/mltlsat/Benchmarks/random/P0.5N5L60M100T100-3.mltl,0.588,17003.2,sat
/home/michele/mltlsat/Benchmarks/random/P0.5N5L60M100T100-4.mltl,0.6,36802.4,sat
/home/michele/mltlsat/Benchmarks/random/P0.5N5L60M100T100-5.mltl,3.942,52162.4,sat
/home/michele/mltlsat/Benchmarks/random/P0.5N5L60M100T100-6.mltl,0.586,16987.2,sat
/home/michele/mltlsat/Benchmarks/random/P0.5N5L60M100T100-7.mltl,0.588,16993.6,sat
/home/michele/mltlsat/Benchmarks/random/P0.5N5L60M100T100-8.mltl,0.58,17335.2,sat
/home/michele/mltlsat/Benchmarks/random/P0.5N5L60M100T100-9.mltl,0.59,35876,sat
/home/michele/mltlsat/Benchmarks/random/P0.5N5L65M100T100-10.mltl,-1,-1,TO
/home/michele/mltlsat/Benchmarks/random/P0.5N5L65M100T100-1.mltl,0.596,17004,sat
/home/michele/mltlsat/Benchmarks/random/P0.5N5L65M100T100-2.mltl,0.62,38024.8,unsat
/home/michele/mltlsat/Benchmarks/random/P0.5N5L65M100T100-3.mltl,0.55,17303.2,sat
/home/michele/mltlsat/Benchmarks/random/P0.5N5L65M100T100-4.mltl,0.552,17016.8,sat
/home/michele/mltlsat/Benchmarks/random/P0.5N5L65M100T100-5.mltl,0.594,17016.8,sat
/home/michele/mltlsat/Benchmarks/random/P0.5N5L65M100T100-6.mltl,0.546,17924,sat
/home/michele/mltlsat/Benchmarks/random/P0.5N5L65M100T100-7.mltl,0.558,17616,sat
/home/michele/mltlsat/Benchmarks/random/P0.5N5L65M100T100-8.mltl,0.602,16993.6,sat
/home/michele/mltlsat/Benchmarks/random/P0.5N5L65M100T100-9.mltl,0.584,17310.4,sat
/home/michele/mltlsat/Benchmarks/random/P0.5N5L70M100T100-10.mltl,0.608,17021.6,sat
/home/michele/mltlsat/Benchmarks/random/P0.5N5L70M100T100-1.mltl,0.594,17001.6,sat
/home/michele/mltlsat/Benchmarks/random/P0.5N5L70M100T100-2.mltl,0.5860000000000001,17929.6,sat
/home/michele/mltlsat/Benchmarks/random/P0.5N5L70M100T100-3.mltl,0.584,17622.4,sat
/home/michele/mltlsat/Benchmarks/random/P0.5N5L70M100T100-4.mltl,0.602,37130.4,sat
/home/michele/mltlsat/Benchmarks/random/P0.5N5L70M100T100-5.mltl,0.512,20068,sat
/home/michele/mltlsat/Benchmarks/random/P0.5N5L70M100T100-6.mltl,0.58,19768.8,sat
/home/michele/mltlsat/Benchmarks/random/P0.5N5L70M100T100-7.mltl,0.6,16997.6,sat
/home/michele/mltlsat/Benchmarks/random/P0.5N5L70M100T100-8.mltl,0.586,36201.6,sat
/home/michele/mltlsat/Benchmarks/random/P0.5N5L70M100T100-9.mltl,0.552,18864,sat
/home/michele/mltlsat/Benchmarks/random/P0.5N5L75M100T100-10.mltl,0.5760000000000001,36192,sat
/home/michele/mltlsat/Benchmarks/random/P0.5N5L75M100T100-1.mltl,0.772,40241.6,sat
/home/michele/mltlsat/Benchmarks/random/P0.5N5L75M100T100-2.mltl,26.328,109494.4,sat
/home/michele/mltlsat/Benchmarks/random/P0.5N5L75M100T100-3.mltl,0.35,17598.4,sat
/home/michele/mltlsat/Benchmarks/random/P0.5N5L75M100T100-4.mltl,1.154,59718.4,sat
/home/michele/mltlsat/Benchmarks/random/P0.5N5L75M100T100-5.mltl,0.358,16988.8,sat
/home/michele/mltlsat/Benchmarks/random/P0.5N5L75M100T100-6.mltl,-1,-1,TO
/home/michele/mltlsat/Benchmarks/random/P0.5N5L75M100T100-7.mltl,0.33,17294.4,sat
/home/michele/mltlsat/Benchmarks/random/P0.5N5L75M100T100-8.mltl,0.32,17320,sat
/home/michele/mltlsat/Benchmarks/random/P0.5N5L75M100T100-9.mltl,0.33,16992.8,sat
/home/michele/mltlsat/Benchmarks/random/P0.5N5L80M100T100-10.mltl,0.336,17005.6,sat
/home/michele/mltlsat/Benchmarks/random/P0.5N5L80M100T100-1.mltl,0.348,36122.4,sat
/home/michele/mltlsat/Benchmarks/random/P0.5N5L80M100T100-2.mltl,0.336,17025.6,sat
/home/michele/mltlsat/Benchmarks/random/P0.5N5L80M100T100-3.mltl,0.34,19162.4,sat
/home/michele/mltlsat/Benchmarks/random/P0.5N5L80M100T100-4.mltl,0.428,40200,sat
/home/michele/mltlsat/Benchmarks/random/P0.5N5L80M100T100-5.mltl,0.35200000000000004,17008,sat
/home/michele/mltlsat/Benchmarks/random/P0.5N5L80M100T100-6.mltl,0.632,37752,sat
/home/michele/mltlsat/Benchmarks/random/P0.5N5L80M100T100-7.mltl,0.364,16988,sat
/home/michele/mltlsat/Benchmarks/random/P0.5N5L80M100T100-8.mltl,0.354,17283.2,sat
/home/michele/mltlsat/Benchmarks/random/P0.5N5L80M100T100-9.mltl,0.378,37142.4,sat
/home/michele/mltlsat/Benchmarks/random/P0.5N5L85M100T100-10.mltl,0.394,36185.6,sat
/home/michele/mltlsat/Benchmarks/random/P0.5N5L85M100T100-1.mltl,0.368,17006.4,sat
/home/michele/mltlsat/Benchmarks/random/P0.5N5L85M100T100-2.mltl,0.394,17016.8,sat
/home/michele/mltlsat/Benchmarks/random/P0.5N5L85M100T100-3.mltl,0.378,17930.4,sat
/home/michele/mltlsat/Benchmarks/random/P0.5N5L85M100T100-4.mltl,0.406,38644,sat
/home/michele/mltlsat/Benchmarks/random/P0.5N5L85M100T100-5.mltl,0.376,17020,sat
/home/michele/mltlsat/Benchmarks/random/P0.5N5L85M100T100-6.mltl,0.384,17001.6,sat
/home/michele/mltlsat/Benchmarks/random/P0.5N5L85M100T100-7.mltl,0.40399999999999997,16996.8,sat
/home/michele/mltlsat/Benchmarks/random/P0.5N5L85M100T100-8.mltl,0.40199999999999997,17027.2,sat
/home/michele/mltlsat/Benchmarks/random/P0.5N5L85M100T100-9.mltl,0.41000000000000003,33662.4,sat
/home/michele/mltlsat/Benchmarks/random/P0.5N5L90M100T100-10.mltl,0.41,17020.8,sat
/home/michele/mltlsat/Benchmarks/random/P0.5N5L90M100T100-1.mltl,0.51,41460.8,unsat
/home/michele/mltlsat/Benchmarks/random/P0.5N5L90M100T100-2.mltl,0.418,17006.4,sat
/home/michele/mltlsat/Benchmarks/random/P0.5N5L90M100T100-3.mltl,0.426,17007.2,sat
/home/michele/mltlsat/Benchmarks/random/P0.5N5L90M100T100-4.mltl,0.482,19470.4,sat
/home/michele/mltlsat/Benchmarks/random/P0.5N5L90M100T100-5.mltl,0.508,19152.8,sat
/home/michele/mltlsat/Benchmarks/random/P0.5N5L90M100T100-6.mltl,-1,-1,TO
/home/michele/mltlsat/Benchmarks/random/P0.5N5L90M100T100-7.mltl,0.516,17003.2,sat
/home/michele/mltlsat/Benchmarks/random/P0.5N5L90M100T100-8.mltl,0.5499999999999999,17328.8,sat
/home/michele/mltlsat/Benchmarks/random/P0.5N5L90M100T100-9.mltl,7.956,164171.2,sat
/home/michele/mltlsat/Benchmarks/random/P0.5N5L95M100T100-10.mltl,0.43,17021.6,sat
/home/michele/mltlsat/Benchmarks/random/P0.5N5L95M100T100-1.mltl,0.428,17316.8,sat
/home/michele/mltlsat/Benchmarks/random/P0.5N5L95M100T100-2.mltl,0.42,17322.4,sat
/home/michele/mltlsat/Benchmarks/random/P0.5N5L95M100T100-3.mltl,0.40599999999999997,17326.4,sat
/home/michele/mltlsat/Benchmarks/random/P0.5N5L95M100T100-4.mltl,0.424,17312,sat
/home/michele/mltlsat/Benchmarks/random/P0.5N5L95M100T100-5.mltl,0.476,36188.8,sat
/home/michele/mltlsat/Benchmarks/random/P0.5N5L95M100T100-6.mltl,0.464,17001.6,sat
/home/michele/mltlsat/Benchmarks/random/P0.5N5L95M100T100-7.mltl,0.504,36152,sat
/home/michele/mltlsat/Benchmarks/random/P0.5N5L95M100T100-8.mltl,0.472,16994.4,sat
/home/michele/mltlsat/Benchmarks/random/P0.5N5L95M100T100-9.mltl,0.564,17012.8,sat
/home/michele/mltlsat/Benchmarks/random/P0.7N1L100M100T100-10.mltl,28.887999999999998,166620.8,sat
/home/michele/mltlsat/Benchmarks/random/P0.7N1L100M100T100-1.mltl,0.418,36500.8,sat
/home/michele/mltlsat/Benchmarks/random/P0.7N1L100M100T100-2.mltl,0.39,36805.6,sat
/home/michele/mltlsat/Benchmarks/random/P0.7N1L100M100T100-3.mltl,-1,-1,TO
/home/michele/mltlsat/Benchmarks/random/P0.7N1L100M100T100-4.mltl,0.34,16992,sat
/home/michele/mltlsat/Benchmarks/random/P0.7N1L100M100T100-5.mltl,0.9359999999999999,41745.6,unsat
/home/michele/mltlsat/Benchmarks/random/P0.7N1L100M100T100-6.mltl,0.342,38662.4,sat
/home/michele/mltlsat/Benchmarks/random/P0.7N1L100M100T100-7.mltl,0.338,17012,sat
/home/michele/mltlsat/Benchmarks/random/P0.7N1L100M100T100-8.mltl,-1,-1,TO
/home/michele/mltlsat/Benchmarks/random/P0.7N1L100M100T100-9.mltl,1.244,40820,sat
/home/michele/mltlsat/Benchmarks/random/P0.7N1L10M100T100-10.mltl,0.34400000000000003,17025.6,sat
/home/michele/mltlsat/Benchmarks/random/P0.7N1L10M100T100-1.mltl,0.34,16992,sat
/home/michele/mltlsat/Benchmarks/random/P0.7N1L10M100T100-2.mltl,0.336,17016,sat
/home/michele/mltlsat/Benchmarks/random/P0.7N1L10M100T100-3.mltl,0.322,16998.4,sat
/home/michele/mltlsat/Benchmarks/random/P0.7N1L10M100T100-4.mltl,0.33,17332,sat
/home/michele/mltlsat/Benchmarks/random/P0.7N1L10M100T100-5.mltl,0.334,16990.4,sat
/home/michele/mltlsat/Benchmarks/random/P0.7N1L10M100T100-6.mltl,0.34,17002.4,sat
/home/michele/mltlsat/Benchmarks/random/P0.7N1L10M100T100-7.mltl,0.33,17007.2,sat
/home/michele/mltlsat/Benchmarks/random/P0.7N1L10M100T100-8.mltl,0.32,16976,sat
/home/michele/mltlsat/Benchmarks/random/P0.7N1L10M100T100-9.mltl,0.332,17313.6,sat
/home/michele/mltlsat/Benchmarks/random/P0.7N1L15M100T100-10.mltl,0.332,16992.8,sat
/home/michele/mltlsat/Benchmarks/random/P0.7N1L15M100T100-1.mltl,0.34199999999999997,16993.6,sat
/home/michele/mltlsat/Benchmarks/random/P0.7N1L15M100T100-2.mltl,0.35,17005.6,sat
/home/michele/mltlsat/Benchmarks/random/P0.7N1L15M100T100-3.mltl,0.362,16993.6,sat
/home/michele/mltlsat/Benchmarks/random/P0.7N1L15M100T100-4.mltl,0.366,17006.4,sat
/home/michele/mltlsat/Benchmarks/random/P0.7N1L15M100T100-5.mltl,0.364,16992,sat
/home/michele/mltlsat/Benchmarks/random/P0.7N1L15M100T100-6.mltl,0.364,17008,sat
/home/michele/mltlsat/Benchmarks/random/P0.7N1L15M100T100-7.mltl,0.374,17000.8,sat
/home/michele/mltlsat/Benchmarks/random/P0.7N1L15M100T100-8.mltl,0.364,17022.4,sat
/home/michele/mltlsat/Benchmarks/random/P0.7N1L15M100T100-9.mltl,0.374,17001.6,sat
/home/michele/mltlsat/Benchmarks/random/P0.7N1L20M100T100-10.mltl,0.384,17009.6,sat
/home/michele/mltlsat/Benchmarks/random/P0.7N1L20M100T100-1.mltl,0.374,17014.4,sat
/home/michele/mltlsat/Benchmarks/random/P0.7N1L20M100T100-2.mltl,0.388,36553.6,sat
/home/michele/mltlsat/Benchmarks/random/P0.7N1L20M100T100-3.mltl,0.356,17010.4,sat
/home/michele/mltlsat/Benchmarks/random/P0.7N1L20M100T100-4.mltl,0.36,16995.2,sat
/home/michele/mltlsat/Benchmarks/random/P0.7N1L20M100T100-5.mltl,0.364,16993.6,sat
/home/michele/mltlsat/Benchmarks/random/P0.7N1L20M100T100-6.mltl,0.37,16710.4,sat
/home/michele/mltlsat/Benchmarks/random/P0.7N1L20M100T100-7.mltl,0.392,17009.6,sat
/home/michele/mltlsat/Benchmarks/random/P0.7N1L20M100T100-8.mltl,0.392,16669.6,sat
/home/michele/mltlsat/Benchmarks/random/P0.7N1L20M100T100-9.mltl,0.40599999999999997,16992,sat
/home/michele/mltlsat/Benchmarks/random/P0.7N1L25M100T100-10.mltl,0.41200000000000003,17000.8,sat
/home/michele/mltlsat/Benchmarks/random/P0.7N1L25M100T100-1.mltl,0.428,17302.4,sat
/home/michele/mltlsat/Benchmarks/random/P0.7N1L25M100T100-2.mltl,0.422,16988.8,sat
/home/michele/mltlsat/Benchmarks/random/P0.7N1L25M100T100-3.mltl,0.424,16999.2,sat
/home/michele/mltlsat/Benchmarks/random/P0.7N1L25M100T100-4.mltl,0.448,17007.2,sat
/home/michele/mltlsat/Benchmarks/random/P0.7N1L25M100T100-5.mltl,0.45,16704,sat
/home/michele/mltlsat/Benchmarks/random/P0.7N1L25M100T100-6.mltl,-1,-1,TO
/home/michele/mltlsat/Benchmarks/random/P0.7N1L25M100T100-7.mltl,0.454,17012,sat
/home/michele/mltlsat/Benchmarks/random/P0.7N1L25M100T100-8.mltl,0.432,17023.2,sat
/home/michele/mltlsat/Benchmarks/random/P0.7N1L25M100T100-9.mltl,0.424,17016.8,sat
/home/michele/mltlsat/Benchmarks/random/P0.7N1L30M100T100-10.mltl,0.49,17305.6,sat
/home/michele/mltlsat/Benchmarks/random/P0.7N1L30M100T100-1.mltl,0.53,17004,sat
/home/michele/mltlsat/Benchmarks/random/P0.7N1L30M100T100-2.mltl,0.494,17324,sat
/home/michele/mltlsat/Benchmarks/random/P0.7N1L30M100T100-3.mltl,0.578,18233.6,sat
/home/michele/mltlsat/Benchmarks/random/P0.7N1L30M100T100-4.mltl,0.588,17014.4,sat
/home/michele/mltlsat/Benchmarks/random/P0.7N1L30M100T100-5.mltl,0.5599999999999999,16989.6,sat
/home/michele/mltlsat/Benchmarks/random/P0.7N1L30M100T100-6.mltl,0.582,17019.2,sat
/home/michele/mltlsat/Benchmarks/random/P0.7N1L30M100T100-7.mltl,0.624,35268,sat
/home/michele/mltlsat/Benchmarks/random/P0.7N1L30M100T100-8.mltl,0.608,38362.4,sat
/home/michele/mltlsat/Benchmarks/random/P0.7N1L30M100T100-9.mltl,0.52,16988,sat
/home/michele/mltlsat/Benchmarks/random/P0.7N1L35M100T100-10.mltl,0.524,16996,sat
/home/michele/mltlsat/Benchmarks/random/P0.7N1L35M100T100-1.mltl,0.5619999999999999,16996.8,sat
/home/michele/mltlsat/Benchmarks/random/P0.7N1L35M100T100-2.mltl,0.552,16989.6,sat
/home/michele/mltlsat/Benchmarks/random/P0.7N1L35M100T100-3.mltl,0.588,17017.6,sat
/home/michele/mltlsat/Benchmarks/random/P0.7N1L35M100T100-4.mltl,0.592,16995.2,sat
/home/michele/mltlsat/Benchmarks/random/P0.7N1L35M100T100-5.mltl,0.576,17007.2,sat
/home/michele/mltlsat/Benchmarks/random/P0.7N1L35M100T100-6.mltl,0.59,17019.2,sat
/home/michele/mltlsat/Benchmarks/random/P0.7N1L35M100T100-7.mltl,0.548,17612.8,sat
/home/michele/mltlsat/Benchmarks/random/P0.7N1L35M100T100-8.mltl,3.098,44492.8,sat
/home/michele/mltlsat/Benchmarks/random/P0.7N1L35M100T100-9.mltl,0.574,17636.8,sat
/home/michele/mltlsat/Benchmarks/random/P0.7N1L40M100T100-10.mltl,0.602,17319.2,unsat
/home/michele/mltlsat/Benchmarks/random/P0.7N1L40M100T100-1.mltl,1.004,41393.6,sat
/home/michele/mltlsat/Benchmarks/random/P0.7N1L40M100T100-2.mltl,0.596,17306.4,sat
/home/michele/mltlsat/Benchmarks/random/P0.7N1L40M100T100-3.mltl,0.744,38051.2,sat
/home/michele/mltlsat/Benchmarks/random/P0.7N1L40M100T100-4.mltl,0.622,17007.2,sat
/home/michele/mltlsat/Benchmarks/random/P0.7N1L40M100T100-5.mltl,3.706,39549.6,unsat
/home/michele/mltlsat/Benchmarks/random/P0.7N1L40M100T100-6.mltl,0.6,17015.2,sat
/home/michele/mltlsat/Benchmarks/random/P0.7N1L40M100T100-7.mltl,0.594,17003.2,sat
/home/michele/mltlsat/Benchmarks/random/P0.7N1L40M100T100-8.mltl,0.594,17598.4,sat
/home/michele/mltlsat/Benchmarks/random/P0.7N1L40M100T100-9.mltl,0.6,17327.2,sat
/home/michele/mltlsat/Benchmarks/random/P0.7N1L45M100T100-10.mltl,-1,-1,TO
/home/michele/mltlsat/Benchmarks/random/P0.7N1L45M100T100-1.mltl,0.592,17923.2,sat
/home/michele/mltlsat/Benchmarks/random/P0.7N1L45M100T100-2.mltl,0.646,35554.4,sat
/home/michele/mltlsat/Benchmarks/random/P0.7N1L45M100T100-3.mltl,0.624,17024.8,sat
/home/michele/mltlsat/Benchmarks/random/P0.7N1L45M100T100-4.mltl,0.612,17000,sat
/home/michele/mltlsat/Benchmarks/random/P0.7N1L45M100T100-5.mltl,1.148,41126.4,sat
/home/michele/mltlsat/Benchmarks/random/P0.7N1L45M100T100-6.mltl,0.654,38676,unsat
/home/michele/mltlsat/Benchmarks/random/P0.7N1L45M100T100-7.mltl,0.634,38346.4,sat
/home/michele/mltlsat/Benchmarks/random/P0.7N1L45M100T100-8.mltl,0.564,38075.2,sat
/home/michele/mltlsat/Benchmarks/random/P0.7N1L45M100T100-9.mltl,0.588,17618.4,sat
/home/michele/mltlsat/Benchmarks/random/P0.7N1L50M100T100-10.mltl,0.5439999999999999,17624,sat
/home/michele/mltlsat/Benchmarks/random/P0.7N1L50M100T100-1.mltl,0.568,16997.6,sat
/home/michele/mltlsat/Benchmarks/random/P0.7N1L50M100T100-2.mltl,0.572,17622.4,sat
/home/michele/mltlsat/Benchmarks/random/P0.7N1L50M100T100-3.mltl,0.576,17296.8,sat
/home/michele/mltlsat/Benchmarks/random/P0.7N1L50M100T100-4.mltl,-1,-1,TO
/home/michele/mltlsat/Benchmarks/random/P0.7N1L50M100T100-5.mltl,0.378,17003.2,sat
/home/michele/mltlsat/Benchmarks/random/P0.7N1L50M100T100-6.mltl,0.412,38370.4,sat
/home/michele/mltlsat/Benchmarks/random/P0.7N1L50M100T100-7.mltl,0.396,38050.4,unsat
/home/michele/mltlsat/Benchmarks/random/P0.7N1L50M100T100-8.mltl,0.372,16993.6,sat
/home/michele/mltlsat/Benchmarks/random/P0.7N1L50M100T100-9.mltl,0.362,17008,sat
/home/michele/mltlsat/Benchmarks/random/P0.7N1L55M100T100-10.mltl,0.39,17025.6,sat
/home/michele/mltlsat/Benchmarks/random/P0.7N1L55M100T100-1.mltl,0.4,17028,sat
/home/michele/mltlsat/Benchmarks/random/P0.7N1L55M100T100-2.mltl,0.392,16988.8,sat
/home/michele/mltlsat/Benchmarks/random/P0.7N1L55M100T100-3.mltl,0.386,17617.6,sat
/home/michele/mltlsat/Benchmarks/random/P0.7N1L55M100T100-4.mltl,0.37,17299.2,sat
/home/michele/mltlsat/Benchmarks/random/P0.7N1L55M100T100-5.mltl,0.368,17011.2,unsat
/home/michele/mltlsat/Benchmarks/random/P0.7N1L55M100T100-6.mltl,0.372,18240.8,sat
/home/michele/mltlsat/Benchmarks/random/P0.7N1L55M100T100-7.mltl,0.402,16995.2,sat
/home/michele/mltlsat/Benchmarks/random/P0.7N1L55M100T100-8.mltl,0.512,37737.6,sat
/home/michele/mltlsat/Benchmarks/random/P0.7N1L55M100T100-9.mltl,0.424,19139.2,sat
/home/michele/mltlsat/Benchmarks/random/P0.7N1L5M100T100-10.mltl,0.37,16680,sat
/home/michele/mltlsat/Benchmarks/random/P0.7N1L5M100T100-1.mltl,0.356,18223.2,sat
/home/michele/mltlsat/Benchmarks/random/P0.7N1L5M100T100-2.mltl,0.37,16680.8,sat
/home/michele/mltlsat/Benchmarks/random/P0.7N1L5M100T100-3.mltl,0.368,17023.2,sat
/home/michele/mltlsat/Benchmarks/random/P0.7N1L5M100T100-4.mltl,0.36,17936,sat
/home/michele/mltlsat/Benchmarks/random/P0.7N1L5M100T100-5.mltl,0.366,17647.2,sat
/home/michele/mltlsat/Benchmarks/random/P0.7N1L5M100T100-6.mltl,0.37,17009.6,sat
/home/michele/mltlsat/Benchmarks/random/P0.7N1L5M100T100-7.mltl,0.378,16995.2,sat
/home/michele/mltlsat/Benchmarks/random/P0.7N1L5M100T100-8.mltl,0.38,17011.2,sat
/home/michele/mltlsat/Benchmarks/random/P0.7N1L5M100T100-9.mltl,0.368,17014.4,sat
/home/michele/mltlsat/Benchmarks/random/P0.7N1L60M100T100-10.mltl,0.366,17606.4,sat
/home/michele/mltlsat/Benchmarks/random/P0.7N1L60M100T100-1.mltl,0.392,16999.2,sat
/home/michele/mltlsat/Benchmarks/random/P0.7N1L60M100T100-2.mltl,0.386,17333.6,unsat
/home/michele/mltlsat/Benchmarks/random/P0.7N1L60M100T100-3.mltl,0.394,17005.6,sat
/home/michele/mltlsat/Benchmarks/random/P0.7N1L60M100T100-4.mltl,0.39,17317.6,sat
/home/michele/mltlsat/Benchmarks/random/P0.7N1L60M100T100-5.mltl,-1,-1,TO
/home/michele/mltlsat/Benchmarks/random/P0.7N1L60M100T100-6.mltl,0.372,34896.8,sat
/home/michele/mltlsat/Benchmarks/random/P0.7N1L60M100T100-7.mltl,-1,-1,TO
/home/michele/mltlsat/Benchmarks/random/P0.7N1L60M100T100-8.mltl,0.34400000000000003,17010.4,sat
/home/michele/mltlsat/Benchmarks/random/P0.7N1L60M100T100-9.mltl,0.448,52376.8,sat
/home/michele/mltlsat/Benchmarks/random/P0.7N1L65M100T100-10.mltl,0.362,38663.2,unsat
/home/michele/mltlsat/Benchmarks/random/P0.7N1L65M100T100-1.mltl,0.33,17288.8,sat
/home/michele/mltlsat/Benchmarks/random/P0.7N1L65M100T100-2.mltl,-1,-1,TO
/home/michele/mltlsat/Benchmarks/random/P0.7N1L65M100T100-3.mltl,0.35,38697.6,sat
/home/michele/mltlsat/Benchmarks/random/P0.7N1L65M100T100-4.mltl,0.306,18221.6,sat
/home/michele/mltlsat/Benchmarks/random/P0.7N1L65M100T100-5.mltl,0.35,37671.2,sat
/home/michele/mltlsat/Benchmarks/random/P0.7N1L65M100T100-6.mltl,0.326,17624.8,sat
/home/michele/mltlsat/Benchmarks/random/P0.7N1L65M100T100-7.mltl,0.348,17019.2,sat
/home/michele/mltlsat/Benchmarks/random/P0.7N1L65M100T100-8.mltl,-1,-1,TO
/home/michele/mltlsat/Benchmarks/random/P0.7N1L65M100T100-9.mltl,0.336,17304.8,sat
/home/michele/mltlsat/Benchmarks/random/P0.7N1L70M100T100-10.mltl,0.51,39919.2,sat
/home/michele/mltlsat/Benchmarks/random/P0.7N1L70M100T100-1.mltl,0.34199999999999997,17023.2,sat
/home/michele/mltlsat/Benchmarks/random/P0.7N1L70M100T100-2.mltl,0.34400000000000003,16997.6,sat
/home/michele/mltlsat/Benchmarks/random/P0.7N1L70M100T100-3.mltl,0.652,73560.8,sat
/home/michele/mltlsat/Benchmarks/random/P0.7N1L70M100T100-4.mltl,0.334,17308,sat
/home/michele/mltlsat/Benchmarks/random/P0.7N1L70M100T100-5.mltl,0.34,19480,sat
/home/michele/mltlsat/Benchmarks/random/P0.7N1L70M100T100-6.mltl,0.35,35870.4,sat
/home/michele/mltlsat/Benchmarks/random/P0.7N1L70M100T100-7.mltl,0.33,17324.8,sat
/home/michele/mltlsat/Benchmarks/random/P0.7N1L70M100T100-8.mltl,-1,-1,TO
/home/michele/mltlsat/Benchmarks/random/P0.7N1L70M100T100-9.mltl,0.344,17027.2,sat
/home/michele/mltlsat/Benchmarks/random/P0.7N1L75M100T100-10.mltl,0.79,184452,sat
/home/michele/mltlsat/Benchmarks/random/P0.7N1L75M100T100-1.mltl,0.354,16694.4,sat
/home/michele/mltlsat/Benchmarks/random/P0.7N1L75M100T100-2.mltl,0.36,16988,sat
/home/michele/mltlsat/Benchmarks/random/P0.7N1L75M100T100-3.mltl,0.38,16996.8,sat
/home/michele/mltlsat/Benchmarks/random/P0.7N1L75M100T100-4.mltl,0.384,24088,sat
/home/michele/mltlsat/Benchmarks/random/P0.7N1L75M100T100-5.mltl,0.382,22232,sat
/home/michele/mltlsat/Benchmarks/random/P0.7N1L75M100T100-6.mltl,0.368,17005.6,unsat
/home/michele/mltlsat/Benchmarks/random/P0.7N1L75M100T100-7.mltl,0.42,39899.2,unsat
/home/michele/mltlsat/Benchmarks/random/P0.7N1L75M100T100-8.mltl,0.366,17316,sat
/home/michele/mltlsat/Benchmarks/random/P0.7N1L75M100T100-9.mltl,0.40800000000000003,21615.2,sat
/home/michele/mltlsat/Benchmarks/random/P0.7N1L80M100T100-10.mltl,0.426,38366.4,sat
/home/michele/mltlsat/Benchmarks/random/P0.7N1L80M100T100-1.mltl,-1,-1,TO
/home/michele/mltlsat/Benchmarks/random/P0.7N1L80M100T100-2.mltl,0.404,37118.4,unsat
/home/michele/mltlsat/Benchmarks/random/P0.7N1L80M100T100-3.mltl,0.42,38646.4,sat
/home/michele/mltlsat/Benchmarks/random/P0.7N1L80M100T100-4.mltl,-1,-1,TO
/home/michele/mltlsat/Benchmarks/random/P0.7N1L80M100T100-5.mltl,0.326,17618.4,sat
/home/michele/mltlsat/Benchmarks/random/P0.7N1L80M100T100-6.mltl,0.366,38661.6,unsat
/home/michele/mltlsat/Benchmarks/random/P0.7N1L80M100T100-7.mltl,0.32,18546.4,sat
/home/michele/mltlsat/Benchmarks/random/P0.7N1L80M100T100-8.mltl,0.354,37721.6,sat
/home/michele/mltlsat/Benchmarks/random/P0.7N1L80M100T100-9.mltl,0.356,20734.4,sat
/home/michele/mltlsat/Benchmarks/random/P0.7N1L85M100T100-10.mltl,0.372,37117.6,sat
/home/michele/mltlsat/Benchmarks/random/P0.7N1L85M100T100-1.mltl,0.346,17014.4,sat
/home/michele/mltlsat/Benchmarks/random/P0.7N1L85M100T100-2.mltl,0.35,20397.6,sat
/home/michele/mltlsat/Benchmarks/random/P0.7N1L85M100T100-3.mltl,0.364,38384.8,sat
/home/michele/mltlsat/Benchmarks/random/P0.7N1L85M100T100-4.mltl,0.346,17316.8,sat
/home/michele/mltlsat/Benchmarks/random/P0.7N1L85M100T100-5.mltl,0.34400000000000003,16991.2,sat
/home/michele/mltlsat/Benchmarks/random/P0.7N1L85M100T100-6.mltl,0.702,42669.6,sat
/home/michele/mltlsat/Benchmarks/random/P0.7N1L85M100T100-7.mltl,0.38,38680.8,unsat
/home/michele/mltlsat/Benchmarks/random/P0.7N1L85M100T100-8.mltl,-1,-1,TO
/home/michele/mltlsat/Benchmarks/random/P0.7N1L85M100T100-9.mltl,0.342,27470.4,sat
/home/michele/mltlsat/Benchmarks/random/P0.7N1L90M100T100-10.mltl,0.358,17000.8,sat
/home/michele/mltlsat/Benchmarks/random/P0.7N1L90M100T100-1.mltl,0.354,17292.8,sat
/home/michele/mltlsat/Benchmarks/random/P0.7N1L90M100T100-2.mltl,-1,-1,TO
/home/michele/mltlsat/Benchmarks/random/P0.7N1L90M100T100-3.mltl,0.368,17008.8,sat
/home/michele/mltlsat/Benchmarks/random/P0.7N1L90M100T100-4.mltl,0.376,17007.2,sat
/home/michele/mltlsat/Benchmarks/random/P0.7N1L90M100T100-5.mltl,0.372,35884.8,sat
/home/michele/mltlsat/Benchmarks/random/P0.7N1L90M100T100-6.mltl,0.862,43885.6,sat
/home/michele/mltlsat/Benchmarks/random/P0.7N1L90M100T100-7.mltl,0.386,19465.6,sat
/home/michele/mltlsat/Benchmarks/random/P0.7N1L90M100T100-8.mltl,-1,-1,TO
/home/michele/mltlsat/Benchmarks/random/P0.7N1L90M100T100-9.mltl,-1,-1,TO
/home/michele/mltlsat/Benchmarks/random/P0.7N1L95M100T100-10.mltl,0.366,35853.6,sat
/home/michele/mltlsat/Benchmarks/random/P0.7N1L95M100T100-1.mltl,0.356,38025.6,sat
/home/michele/mltlsat/Benchmarks/random/P0.7N1L95M100T100-2.mltl,-1,-1,TO
/home/michele/mltlsat/Benchmarks/random/P0.7N1L95M100T100-3.mltl,0.49,39852,sat
/home/michele/mltlsat/Benchmarks/random/P0.7N1L95M100T100-4.mltl,0.368,38045.6,sat
/home/michele/mltlsat/Benchmarks/random/P0.7N1L95M100T100-5.mltl,0.33,17283.2,unsat
/home/michele/mltlsat/Benchmarks/random/P0.7N1L95M100T100-6.mltl,0.338,17310.4,sat
/home/michele/mltlsat/Benchmarks/random/P0.7N1L95M100T100-7.mltl,2.01,48777.6,sat
/home/michele/mltlsat/Benchmarks/random/P0.7N1L95M100T100-8.mltl,0.34,17005.6,sat
/home/michele/mltlsat/Benchmarks/random/P0.7N1L95M100T100-9.mltl,-1,-1,TO
/home/michele/mltlsat/Benchmarks/random/P0.7N2L100M100T100-10.mltl,0.336,17010.4,sat
/home/michele/mltlsat/Benchmarks/random/P0.7N2L100M100T100-1.mltl,0.364,38684.8,unsat
/home/michele/mltlsat/Benchmarks/random/P0.7N2L100M100T100-2.mltl,0.328,17317.6,sat
/home/michele/mltlsat/Benchmarks/random/P0.7N2L100M100T100-3.mltl,0.33999999999999997,17628,sat
/home/michele/mltlsat/Benchmarks/random/P0.7N2L100M100T100-4.mltl,-1,-1,TO
/home/michele/mltlsat/Benchmarks/random/P0.7N2L100M100T100-5.mltl,0.334,16996,sat
/home/michele/mltlsat/Benchmarks/random/P0.7N2L100M100T100-6.mltl,0.35000000000000003,35558.4,sat
/home/michele/mltlsat/Benchmarks/random/P0.7N2L100M100T100-7.mltl,0.326,18226.4,sat
/home/michele/mltlsat/Benchmarks/random/P0.7N2L100M100T100-8.mltl,0.514,39595.2,sat
/home/michele/mltlsat/Benchmarks/random/P0.7N2L100M100T100-9.mltl,0.338,16990.4,sat
/home/michele/mltlsat/Benchmarks/random/P0.7N2L10M100T100-10.mltl,0.338,16993.6,sat
/home/michele/mltlsat/Benchmarks/random/P0.7N2L10M100T100-1.mltl,0.34,17316,sat
/home/michele/mltlsat/Benchmarks/random/P0.7N2L10M100T100-2.mltl,0.408,38000.8,sat
/home/michele/mltlsat/Benchmarks/random/P0.7N2L10M100T100-3.mltl,0.34,17000,sat
/home/michele/mltlsat/Benchmarks/random/P0.7N2L10M100T100-4.mltl,0.346,17015.2,unsat
/home/michele/mltlsat/Benchmarks/random/P0.7N2L10M100T100-5.mltl,0.338,17012,sat
/home/michele/mltlsat/Benchmarks/random/P0.7N2L10M100T100-6.mltl,0.34,17032.8,sat
/home/michele/mltlsat/Benchmarks/random/P0.7N2L10M100T100-7.mltl,0.34600000000000003,16684,sat
/home/michele/mltlsat/Benchmarks/random/P0.7N2L10M100T100-8.mltl,0.336,17007.2,sat
/home/michele/mltlsat/Benchmarks/random/P0.7N2L10M100T100-9.mltl,0.342,17027.2,sat
/home/michele/mltlsat/Benchmarks/random/P0.7N2L15M100T100-10.mltl,0.342,17016,sat
/home/michele/mltlsat/Benchmarks/random/P0.7N2L15M100T100-1.mltl,0.338,16999.2,sat
/home/michele/mltlsat/Benchmarks/random/P0.7N2L15M100T100-2.mltl,0.34400000000000003,17318.4,sat
/home/michele/mltlsat/Benchmarks/random/P0.7N2L15M100T100-3.mltl,0.338,17307.2,sat
/home/michele/mltlsat/Benchmarks/random/P0.7N2L15M100T100-4.mltl,0.33799999999999997,17007.2,sat
/home/michele/mltlsat/Benchmarks/random/P0.7N2L15M100T100-5.mltl,0.318,17023.2,sat
/home/michele/mltlsat/Benchmarks/random/P0.7N2L15M100T100-6.mltl,0.352,16999.2,sat
/home/michele/mltlsat/Benchmarks/random/P0.7N2L15M100T100-7.mltl,0.336,17026.4,sat
/home/michele/mltlsat/Benchmarks/random/P0.7N2L15M100T100-8.mltl,0.356,17024,sat
/home/michele/mltlsat/Benchmarks/random/P0.7N2L15M100T100-9.mltl,0.35,17315.2,sat
/home/michele/mltlsat/Benchmarks/random/P0.7N2L20M100T100-10.mltl,0.352,17018.4,sat
/home/michele/mltlsat/Benchmarks/random/P0.7N2L20M100T100-1.mltl,0.352,17004.8,sat
/home/michele/mltlsat/Benchmarks/random/P0.7N2L20M100T100-2.mltl,0.36,17018.4,sat
/home/michele/mltlsat/Benchmarks/random/P0.7N2L20M100T100-3.mltl,0.364,16999.2,sat
/home/michele/mltlsat/Benchmarks/random/P0.7N2L20M100T100-4.mltl,0.412,19444,sat
/home/michele/mltlsat/Benchmarks/random/P0.7N2L20M100T100-5.mltl,0.42,19774.4,sat
/home/michele/mltlsat/Benchmarks/random/P0.7N2L20M100T100-6.mltl,0.37,17011.2,sat
/home/michele/mltlsat/Benchmarks/random/P0.7N2L20M100T100-7.mltl,0.364,17015.2,sat
/home/michele/mltlsat/Benchmarks/random/P0.7N2L20M100T100-8.mltl,0.388,17004,sat
/home/michele/mltlsat/Benchmarks/random/P0.7N2L20M100T100-9.mltl,0.396,16994.4,sat
/home/michele/mltlsat/Benchmarks/random/P0.7N2L25M100T100-10.mltl,0.402,16992.8,sat
/home/michele/mltlsat/Benchmarks/random/P0.7N2L25M100T100-1.mltl,0.402,17004.8,sat
/home/michele/mltlsat/Benchmarks/random/P0.7N2L25M100T100-2.mltl,0.404,17008,sat
/home/michele/mltlsat/Benchmarks/random/P0.7N2L25M100T100-3.mltl,0.402,17010.4,sat
/home/michele/mltlsat/Benchmarks/random/P0.7N2L25M100T100-4.mltl,0.4,17333.6,sat
/home/michele/mltlsat/Benchmarks/random/P0.7N2L25M100T100-5.mltl,0.4,16995.2,sat
/home/michele/mltlsat/Benchmarks/random/P0.7N2L25M100T100-6.mltl,0.392,16996.8,sat
/home/michele/mltlsat/Benchmarks/random/P0.7N2L25M100T100-7.mltl,84.34,91944.8,sat
/home/michele/mltlsat/Benchmarks/random/P0.7N2L25M100T100-8.mltl,0.398,20397.6,unsat
/home/michele/mltlsat/Benchmarks/random/P0.7N2L25M100T100-9.mltl,0.394,27481.6,sat
/home/michele/mltlsat/Benchmarks/random/P0.7N2L30M100T100-10.mltl,0.39,17000.8,sat
/home/michele/mltlsat/Benchmarks/random/P0.7N2L30M100T100-1.mltl,0.398,16693.6,sat
/home/michele/mltlsat/Benchmarks/random/P0.7N2L30M100T100-2.mltl,0.412,17004.8,sat
/home/michele/mltlsat/Benchmarks/random/P0.7N2L30M100T100-3.mltl,0.40599999999999997,17021.6,sat
/home/michele/mltlsat/Benchmarks/random/P0.7N2L30M100T100-4.mltl,0.4,17016.8,sat
/home/michele/mltlsat/Benchmarks/random/P0.7N2L30M100T100-5.mltl,0.406,17000,sat
/home/michele/mltlsat/Benchmarks/random/P0.7N2L30M100T100-6.mltl,0.416,36846.4,sat
/home/michele/mltlsat/Benchmarks/random/P0.7N2L30M100T100-7.mltl,0.398,17014.4,sat
/home/michele/mltlsat/Benchmarks/random/P0.7N2L30M100T100-8.mltl,0.61,40488.8,sat
/home/michele/mltlsat/Benchmarks/random/P0.7N2L30M100T100-9.mltl,0.402,17004.8,sat
/home/michele/mltlsat/Benchmarks/random/P0.7N2L35M100T100-10.mltl,0.39799999999999996,17310.4,sat
/home/michele/mltlsat/Benchmarks/random/P0.7N2L35M100T100-1.mltl,0.414,19454.4,sat
/home/michele/mltlsat/Benchmarks/random/P0.7N2L35M100T100-2.mltl,0.408,17012.8,sat
/home/michele/mltlsat/Benchmarks/random/P0.7N2L35M100T100-3.mltl,0.404,17325.6,unsat
/home/michele/mltlsat/Benchmarks/random/P0.7N2L35M100T100-4.mltl,0.506,38339.2,sat
/home/michele/mltlsat/Benchmarks/random/P0.7N2L35M100T100-5.mltl,0.846,41091.2,sat
/home/michele/mltlsat/Benchmarks/random/P0.7N2L35M100T100-6.mltl,0.388,37711.2,sat
/home/michele/mltlsat/Benchmarks/random/P0.7N2L35M100T100-7.mltl,0.382,17935.2,sat
/home/michele/mltlsat/Benchmarks/random/P0.7N2L35M100T100-8.mltl,0.54,39577.6,sat
/home/michele/mltlsat/Benchmarks/random/P0.7N2L35M100T100-9.mltl,0.412,37143.2,sat
/home/michele/mltlsat/Benchmarks/random/P0.7N2L40M100T100-10.mltl,0.486,39288.8,sat
/home/michele/mltlsat/Benchmarks/random/P0.7N2L40M100T100-1.mltl,0.378,16704,sat
/home/michele/mltlsat/Benchmarks/random/P0.7N2L40M100T100-2.mltl,0.398,17009.6,sat
/home/michele/mltlsat/Benchmarks/random/P0.7N2L40M100T100-3.mltl,0.414,17000.8,sat
/home/michele/mltlsat/Benchmarks/random/P0.7N2L40M100T100-4.mltl,0.422,16987.2,sat
/home/michele/mltlsat/Benchmarks/random/P0.7N2L40M100T100-5.mltl,0.456,37680.8,sat
/home/michele/mltlsat/Benchmarks/random/P0.7N2L40M100T100-6.mltl,0.40399999999999997,17000.8,sat
/home/michele/mltlsat/Benchmarks/random/P0.7N2L40M100T100-7.mltl,0.40199999999999997,17303.2,sat
/home/michele/mltlsat/Benchmarks/random/P0.7N2L40M100T100-8.mltl,0.43,16694.4,sat
/home/michele/mltlsat/Benchmarks/random/P0.7N2L40M100T100-9.mltl,0.438,17004.8,sat
/home/michele/mltlsat/Benchmarks/random/P0.7N2L45M100T100-10.mltl,0.454,17017.6,sat
/home/michele/mltlsat/Benchmarks/random/P0.7N2L45M100T100-1.mltl,0.446,17016,sat
/home/michele/mltlsat/Benchmarks/random/P0.7N2L45M100T100-2.mltl,0.472,17000,sat
/home/michele/mltlsat/Benchmarks/random/P0.7N2L45M100T100-3.mltl,0.502,16993.6,sat
/home/michele/mltlsat/Benchmarks/random/P0.7N2L45M100T100-4.mltl,0.548,16988,sat
/home/michele/mltlsat/Benchmarks/random/P0.7N2L45M100T100-5.mltl,0.538,17040.8,sat
/home/michele/mltlsat/Benchmarks/random/P0.7N2L45M100T100-6.mltl,0.542,17008,sat
/home/michele/mltlsat/Benchmarks/random/P0.7N2L45M100T100-7.mltl,0.48,17000,sat
/home/michele/mltlsat/Benchmarks/random/P0.7N2L45M100T100-8.mltl,0.47,16698.4,sat
/home/michele/mltlsat/Benchmarks/random/P0.7N2L45M100T100-9.mltl,0.538,16999.2,sat
/home/michele/mltlsat/Benchmarks/random/P0.7N2L50M100T100-10.mltl,0.566,17024,sat
/home/michele/mltlsat/Benchmarks/random/P0.7N2L50M100T100-1.mltl,0.558,17025.6,sat
/home/michele/mltlsat/Benchmarks/random/P0.7N2L50M100T100-2.mltl,0.582,16995.2,sat
/home/michele/mltlsat/Benchmarks/random/P0.7N2L50M100T100-3.mltl,0.614,37732.8,sat
/home/michele/mltlsat/Benchmarks/random/P0.7N2L50M100T100-4.mltl,0.604,17312.8,sat
/home/michele/mltlsat/Benchmarks/random/P0.7N2L50M100T100-5.mltl,0.634,36507.2,sat
/home/michele/mltlsat/Benchmarks/random/P0.7N2L50M100T100-6.mltl,0.592,16996,sat
/home/michele/mltlsat/Benchmarks/random/P0.7N2L50M100T100-7.mltl,5.843999999999999,46958.4,sat
/home/michele/mltlsat/Benchmarks/random/P0.7N2L50M100T100-8.mltl,-1,-1,TO
/home/michele/mltlsat/Benchmarks/random/P0.7N2L50M100T100-9.mltl,0.5880000000000001,21306.4,sat
/home/michele/mltlsat/Benchmarks/random/P0.7N2L55M100T100-10.mltl,-1,-1,TO
/home/michele/mltlsat/Benchmarks/random/P0.7N2L55M100T100-1.mltl,0.47000000000000003,31176,sat
/home/michele/mltlsat/Benchmarks/random/P0.7N2L55M100T100-2.mltl,-1,-1,TO
/home/michele/mltlsat/Benchmarks/random/P0.7N2L55M100T100-3.mltl,0.34400000000000003,17004,sat
/home/michele/mltlsat/Benchmarks/random/P0.7N2L55M100T100-4.mltl,47.72,829858.4,sat
/home/michele/mltlsat/Benchmarks/random/P0.7N2L55M100T100-5.mltl,0.358,36477.6,sat
/home/michele/mltlsat/Benchmarks/random/P0.7N2L55M100T100-6.mltl,0.34400000000000003,17039.2,sat
/home/michele/mltlsat/Benchmarks/random/P0.7N2L55M100T100-7.mltl,0.34400000000000003,17017.6,sat
/home/michele/mltlsat/Benchmarks/random/P0.7N2L55M100T100-8.mltl,0.346,16995.2,sat
/home/michele/mltlsat/Benchmarks/random/P0.7N2L55M100T100-9.mltl,0.352,17295.2,sat
/home/michele/mltlsat/Benchmarks/random/P0.7N2L5M100T100-10.mltl,0.348,17008,sat
/home/michele/mltlsat/Benchmarks/random/P0.7N2L5M100T100-1.mltl,0.348,16980,sat
/home/michele/mltlsat/Benchmarks/random/P0.7N2L5M100T100-2.mltl,0.34400000000000003,17315.2,sat
/home/michele/mltlsat/Benchmarks/random/P0.7N2L5M100T100-3.mltl,0.346,17320,sat
/home/michele/mltlsat/Benchmarks/random/P0.7N2L5M100T100-4.mltl,0.342,17017.6,sat
/home/michele/mltlsat/Benchmarks/random/P0.7N2L5M100T100-5.mltl,0.342,16704.8,sat
/home/michele/mltlsat/Benchmarks/random/P0.7N2L5M100T100-6.mltl,0.34,17000,sat
/home/michele/mltlsat/Benchmarks/random/P0.7N2L5M100T100-7.mltl,0.34,17011.2,sat
/home/michele/mltlsat/Benchmarks/random/P0.7N2L5M100T100-8.mltl,0.348,17008,sat
/home/michele/mltlsat/Benchmarks/random/P0.7N2L5M100T100-9.mltl,0.346,17019.2,sat
/home/michele/mltlsat/Benchmarks/random/P0.7N2L60M100T100-10.mltl,0.358,37385.6,sat
/home/michele/mltlsat/Benchmarks/random/P0.7N2L60M100T100-1.mltl,0.348,17012,sat
/home/michele/mltlsat/Benchmarks/random/P0.7N2L60M100T100-2.mltl,0.348,17012,sat
/home/michele/mltlsat/Benchmarks/random/P0.7N2L60M100T100-3.mltl,0.34400000000000003,16998.4,sat
/home/michele/mltlsat/Benchmarks/random/P0.7N2L60M100T100-4.mltl,0.356,17012,sat
/home/michele/mltlsat/Benchmarks/random/P0.7N2L60M100T100-5.mltl,0.41,38009.6,sat
/home/michele/mltlsat/Benchmarks/random/P0.7N2L60M100T100-6.mltl,0.384,36477.6,sat
/home/michele/mltlsat/Benchmarks/random/P0.7N2L60M100T100-7.mltl,0.362,17033.6,sat
/home/michele/mltlsat/Benchmarks/random/P0.7N2L60M100T100-8.mltl,-1,-1,TO
/home/michele/mltlsat/Benchmarks/random/P0.7N2L60M100T100-9.mltl,0.816,52309.6,sat
/home/michele/mltlsat/Benchmarks/random/P0.7N2L65M100T100-10.mltl,0.348,17307.2,sat
/home/michele/mltlsat/Benchmarks/random/P0.7N2L65M100T100-1.mltl,0.378,17011.2,sat
/home/michele/mltlsat/Benchmarks/random/P0.7N2L65M100T100-2.mltl,0.378,17002.4,sat
/home/michele/mltlsat/Benchmarks/random/P0.7N2L65M100T100-3.mltl,0.388,16994.4,sat
/home/michele/mltlsat/Benchmarks/random/P0.7N2L65M100T100-4.mltl,0.40399999999999997,17002.4,sat
/home/michele/mltlsat/Benchmarks/random/P0.7N2L65M100T100-5.mltl,0.398,17016.8,sat
/home/michele/mltlsat/Benchmarks/random/P0.7N2L65M100T100-6.mltl,0.532,39868,sat
/home/michele/mltlsat/Benchmarks/random/P0.7N2L65M100T100-7.mltl,0.392,17000.8,sat
/home/michele/mltlsat/Benchmarks/random/P0.7N2L65M100T100-8.mltl,2.586,49710.4,sat
/home/michele/mltlsat/Benchmarks/random/P0.7N2L65M100T100-9.mltl,0.40399999999999997,17005.6,sat
/home/michele/mltlsat/Benchmarks/random/P0.7N2L70M100T100-10.mltl,0.40599999999999997,17008,sat
/home/michele/mltlsat/Benchmarks/random/P0.7N2L70M100T100-1.mltl,0.532,39868,sat
/home/michele/mltlsat/Benchmarks/random/P0.7N2L70M100T100-2.mltl,0.424,16993.6,sat
/home/michele/mltlsat/Benchmarks/random/P0.7N2L70M100T100-3.mltl,0.478,19176.8,sat
/home/michele/mltlsat/Benchmarks/random/P0.7N2L70M100T100-4.mltl,0.462,17017.6,unsat
/home/michele/mltlsat/Benchmarks/random/P0.7N2L70M100T100-5.mltl,0.452,16985.6,sat
/home/michele/mltlsat/Benchmarks/random/P0.7N2L70M100T100-6.mltl,0.5599999999999999,17027.2,sat
/home/michele/mltlsat/Benchmarks/random/P0.7N2L70M100T100-7.mltl,-1,-1,TO
/home/michele/mltlsat/Benchmarks/random/P0.7N2L70M100T100-8.mltl,0.582,17003.2,sat
/home/michele/mltlsat/Benchmarks/random/P0.7N2L70M100T100-9.mltl,1.8299999999999998,49075.2,sat
/home/michele/mltlsat/Benchmarks/random/P0.7N2L75M100T100-10.mltl,-1,-1,TO
/home/michele/mltlsat/Benchmarks/random/P0.7N2L75M100T100-1.mltl,-1,-1,TO
/home/michele/mltlsat/Benchmarks/random/P0.7N2L75M100T100-2.mltl,0.354,16997.6,sat
/home/michele/mltlsat/Benchmarks/random/P0.7N2L75M100T100-3.mltl,0.544,40184,sat
/home/michele/mltlsat/Benchmarks/random/P0.7N2L75M100T100-4.mltl,0.33,17304.8,sat
/home/michele/mltlsat/Benchmarks/random/P0.7N2L75M100T100-5.mltl,-1,-1,TO
/home/michele/mltlsat/Benchmarks/random/P0.7N2L75M100T100-6.mltl,0.356,38345.6,sat
/home/michele/mltlsat/Benchmarks/random/P0.7N2L75M100T100-7.mltl,0.338,17322.4,sat
/home/michele/mltlsat/Benchmarks/random/P0.7N2L75M100T100-8.mltl,-1,-1,TO
/home/michele/mltlsat/Benchmarks/random/P0.7N2L75M100T100-9.mltl,-1,-1,TO
/home/michele/mltlsat/Benchmarks/random/P0.7N2L80M100T100-10.mltl,0.328,17620,sat
/home/michele/mltlsat/Benchmarks/random/P0.7N2L80M100T100-1.mltl,-1,-1,TO
/home/michele/mltlsat/Benchmarks/random/P0.7N2L80M100T100-2.mltl,0.34,21314.4,sat
/home/michele/mltlsat/Benchmarks/random/P0.7N2L80M100T100-3.mltl,0.33,17324.8,sat
/home/michele/mltlsat/Benchmarks/random/P0.7N2L80M100T100-4.mltl,0.342,17008,sat
/home/michele/mltlsat/Benchmarks/random/P0.7N2L80M100T100-5.mltl,0.33,17016,sat
/home/michele/mltlsat/Benchmarks/random/P0.7N2L80M100T100-6.mltl,0.342,34000.8,sat
/home/michele/mltlsat/Benchmarks/random/P0.7N2L80M100T100-7.mltl,0.33999999999999997,17000.8,sat
/home/michele/mltlsat/Benchmarks/random/P0.7N2L80M100T100-8.mltl,0.382,38667.2,sat
/home/michele/mltlsat/Benchmarks/random/P0.7N2L80M100T100-9.mltl,0.35,33666.4,sat
/home/michele/mltlsat/Benchmarks/random/P0.7N2L85M100T100-10.mltl,0.314,17948,sat
/home/michele/mltlsat/Benchmarks/random/P0.7N2L85M100T100-1.mltl,-1,-1,TO
/home/michele/mltlsat/Benchmarks/random/P0.7N2L85M100T100-2.mltl,0.412,39860,sat
/home/michele/mltlsat/Benchmarks/random/P0.7N2L85M100T100-3.mltl,-1,-1,TO
/home/michele/mltlsat/Benchmarks/random/P0.7N2L85M100T100-4.mltl,0.32,17936,sat
/home/michele/mltlsat/Benchmarks/random/P0.7N2L85M100T100-5.mltl,0.34400000000000003,16984.8,sat
/home/michele/mltlsat/Benchmarks/random/P0.7N2L85M100T100-6.mltl,-1,-1,TO
/home/michele/mltlsat/Benchmarks/random/P0.7N2L85M100T100-7.mltl,0.338,19779.2,sat
/home/michele/mltlsat/Benchmarks/random/P0.7N2L85M100T100-8.mltl,-1,-1,TO
/home/michele/mltlsat/Benchmarks/random/P0.7N2L85M100T100-9.mltl,0.324,17936,unsat
/home/michele/mltlsat/Benchmarks/random/P0.7N2L90M100T100-10.mltl,0.374,38660,sat
/home/michele/mltlsat/Benchmarks/random/P0.7N2L90M100T100-1.mltl,3.414,42676.8,sat
/home/michele/mltlsat/Benchmarks/random/P0.7N2L90M100T100-2.mltl,0.35,36511.2,sat
/home/michele/mltlsat/Benchmarks/random/P0.7N2L90M100T100-3.mltl,-1,-1,TO
/home/michele/mltlsat/Benchmarks/random/P0.7N2L90M100T100-4.mltl,-1,-1,TO
/home/michele/mltlsat/Benchmarks/random/P0.7N2L90M100T100-5.mltl,0.868,40429.6,sat
/home/michele/mltlsat/Benchmarks/random/P0.7N2L90M100T100-6.mltl,-1,-1,TO
/home/michele/mltlsat/Benchmarks/random/P0.7N2L90M100T100-7.mltl,2.768,705140,sat
/home/michele/mltlsat/Benchmarks/random/P0.7N2L90M100T100-8.mltl,0.346,17012.8,sat
/home/michele/mltlsat/Benchmarks/random/P0.7N2L90M100T100-9.mltl,0.336,17317.6,sat
/home/michele/mltlsat/Benchmarks/random/P0.7N2L95M100T100-10.mltl,0.326,17929.6,sat
/home/michele/mltlsat/Benchmarks/random/P0.7N2L95M100T100-1.mltl,0.7,39916,sat
/home/michele/mltlsat/Benchmarks/random/P0.7N2L95M100T100-2.mltl,-1,-1,TO
/home/michele/mltlsat/Benchmarks/random/P0.7N2L95M100T100-3.mltl,0.396,38364,sat
/home/michele/mltlsat/Benchmarks/random/P0.7N2L95M100T100-4.mltl,117.974,244331.2,sat
/home/michele/mltlsat/Benchmarks/random/P0.7N2L95M100T100-5.mltl,0.332,17011.2,sat
/home/michele/mltlsat/Benchmarks/random/P0.7N2L95M100T100-6.mltl,-1,-1,TO
/home/michele/mltlsat/Benchmarks/random/P0.7N2L95M100T100-7.mltl,0.328,17036.8,sat
/home/michele/mltlsat/Benchmarks/random/P0.7N2L95M100T100-8.mltl,-1,-1,TO
/home/michele/mltlsat/Benchmarks/random/P0.7N2L95M100T100-9.mltl,-1,-1,TO
/home/michele/mltlsat/Benchmarks/random/P0.7N3L100M100T100-10.mltl,1.032,44508,sat
/home/michele/mltlsat/Benchmarks/random/P0.7N3L100M100T100-1.mltl,0.46,56952.8,sat
/home/michele/mltlsat/Benchmarks/random/P0.7N3L100M100T100-2.mltl,0.35,36449.6,sat
/home/michele/mltlsat/Benchmarks/random/P0.7N3L100M100T100-3.mltl,0.34,17625.6,sat
/home/michele/mltlsat/Benchmarks/random/P0.7N3L100M100T100-4.mltl,0.352,36528,sat
/home/michele/mltlsat/Benchmarks/random/P0.7N3L100M100T100-5.mltl,0.338,17017.6,sat
/home/michele/mltlsat/Benchmarks/random/P0.7N3L100M100T100-6.mltl,0.342,16997.6,sat
/home/michele/mltlsat/Benchmarks/random/P0.7N3L100M100T100-7.mltl,4.104,132212.8,sat
/home/michele/mltlsat/Benchmarks/random/P0.7N3L100M100T100-8.mltl,0.35,38683.2,sat
/home/michele/mltlsat/Benchmarks/random/P0.7N3L100M100T100-9.mltl,-1,-1,TO
/home/michele/mltlsat/Benchmarks/random/P0.7N3L10M100T100-10.mltl,0.364,19140.8,sat
/home/michele/mltlsat/Benchmarks/random/P0.7N3L10M100T100-1.mltl,0.346,17319.2,sat
/home/michele/mltlsat/Benchmarks/random/P0.7N3L10M100T100-2.mltl,0.334,16988.8,sat
/home/michele/mltlsat/Benchmarks/random/P0.7N3L10M100T100-3.mltl,0.334,17012.8,sat
/home/michele/mltlsat/Benchmarks/random/P0.7N3L10M100T100-4.mltl,0.338,17009.6,sat
/home/michele/mltlsat/Benchmarks/random/P0.7N3L10M100T100-5.mltl,0.342,17026.4,sat
/home/michele/mltlsat/Benchmarks/random/P0.7N3L10M100T100-6.mltl,0.346,16996.8,sat
/home/michele/mltlsat/Benchmarks/random/P0.7N3L10M100T100-7.mltl,0.35,16698.4,sat
/home/michele/mltlsat/Benchmarks/random/P0.7N3L10M100T100-8.mltl,0.34400000000000003,17025.6,sat
/home/michele/mltlsat/Benchmarks/random/P0.7N3L10M100T100-9.mltl,0.34,17028,sat
/home/michele/mltlsat/Benchmarks/random/P0.7N3L15M100T100-10.mltl,0.33,17320,sat
/home/michele/mltlsat/Benchmarks/random/P0.7N3L15M100T100-1.mltl,0.372,37677.6,sat
/home/michele/mltlsat/Benchmarks/random/P0.7N3L15M100T100-2.mltl,0.332,17603.2,sat
/home/michele/mltlsat/Benchmarks/random/P0.7N3L15M100T100-3.mltl,0.338,17002.4,sat
/home/michele/mltlsat/Benchmarks/random/P0.7N3L15M100T100-4.mltl,0.34,17009.6,sat
/home/michele/mltlsat/Benchmarks/random/P0.7N3L15M100T100-5.mltl,0.338,16990.4,sat
/home/michele/mltlsat/Benchmarks/random/P0.7N3L15M100T100-6.mltl,0.334,17648,sat
/home/michele/mltlsat/Benchmarks/random/P0.7N3L15M100T100-7.mltl,0.352,17610.4,sat
/home/michele/mltlsat/Benchmarks/random/P0.7N3L15M100T100-8.mltl,0.336,17009.6,sat
/home/michele/mltlsat/Benchmarks/random/P0.7N3L15M100T100-9.mltl,0.332,17004.8,sat
/home/michele/mltlsat/Benchmarks/random/P0.7N3L20M100T100-10.mltl,0.334,17003.2,sat
/home/michele/mltlsat/Benchmarks/random/P0.7N3L20M100T100-1.mltl,0.34400000000000003,17312,sat
/home/michele/mltlsat/Benchmarks/random/P0.7N3L20M100T100-2.mltl,0.43,39936.8,sat
/home/michele/mltlsat/Benchmarks/random/P0.7N3L20M100T100-3.mltl,0.35,17013.6,sat
/home/michele/mltlsat/Benchmarks/random/P0.7N3L20M100T100-4.mltl,0.334,16986.4,sat
/home/michele/mltlsat/Benchmarks/random/P0.7N3L20M100T100-5.mltl,0.34199999999999997,17316.8,sat
/home/michele/mltlsat/Benchmarks/random/P0.7N3L20M100T100-6.mltl,0.362,38038.4,sat
/home/michele/mltlsat/Benchmarks/random/P0.7N3L20M100T100-7.mltl,0.392,18542.4,sat
/home/michele/mltlsat/Benchmarks/random/P0.7N3L20M100T100-8.mltl,0.34,17021.6,sat
/home/michele/mltlsat/Benchmarks/random/P0.7N3L20M100T100-9.mltl,0.358,23144.8,sat
/home/michele/mltlsat/Benchmarks/random/P0.7N3L25M100T100-10.mltl,0.456,37434.4,sat
/home/michele/mltlsat/Benchmarks/random/P0.7N3L25M100T100-1.mltl,0.35,17012.8,sat
/home/michele/mltlsat/Benchmarks/random/P0.7N3L25M100T100-2.mltl,0.34,17009.6,sat
/home/michele/mltlsat/Benchmarks/random/P0.7N3L25M100T100-3.mltl,0.35,17020.8,sat
/home/michele/mltlsat/Benchmarks/random/P0.7N3L25M100T100-4.mltl,0.352,17004,sat
/home/michele/mltlsat/Benchmarks/random/P0.7N3L25M100T100-5.mltl,0.374,17283.2,sat
/home/michele/mltlsat/Benchmarks/random/P0.7N3L25M100T100-6.mltl,0.368,17002.4,sat
/home/michele/mltlsat/Benchmarks/random/P0.7N3L25M100T100-7.mltl,0.418,38027.2,unsat
/home/michele/mltlsat/Benchmarks/random/P0.7N3L25M100T100-8.mltl,0.39,18216,sat
/home/michele/mltlsat/Benchmarks/random/P0.7N3L25M100T100-9.mltl,0.368,17024.8,sat
/home/michele/mltlsat/Benchmarks/random/P0.7N3L30M100T100-10.mltl,0.38,16706.4,sat
/home/michele/mltlsat/Benchmarks/random/P0.7N3L30M100T100-1.mltl,0.398,36818.4,sat
/home/michele/mltlsat/Benchmarks/random/P0.7N3L30M100T100-2.mltl,0.378,17317.6,sat
/home/michele/mltlsat/Benchmarks/random/P0.7N3L30M100T100-3.mltl,-1,-1,TO
/home/michele/mltlsat/Benchmarks/random/P0.7N3L30M100T100-4.mltl,0.378,16987.2,sat
/home/michele/mltlsat/Benchmarks/random/P0.7N3L30M100T100-5.mltl,0.39,16984.8,sat
/home/michele/mltlsat/Benchmarks/random/P0.7N3L30M100T100-6.mltl,1.996,85523.2,sat
/home/michele/mltlsat/Benchmarks/random/P0.7N3L30M100T100-7.mltl,0.394,17015.2,sat
/home/michele/mltlsat/Benchmarks/random/P0.7N3L30M100T100-8.mltl,0.388,17296.8,sat
/home/michele/mltlsat/Benchmarks/random/P0.7N3L30M100T100-9.mltl,0.378,16692,sat
/home/michele/mltlsat/Benchmarks/random/P0.7N3L35M100T100-10.mltl,0.374,17010.4,sat
/home/michele/mltlsat/Benchmarks/random/P0.7N3L35M100T100-1.mltl,0.404,17312.8,sat
/home/michele/mltlsat/Benchmarks/random/P0.7N3L35M100T100-2.mltl,0.412,17003.2,sat
/home/michele/mltlsat/Benchmarks/random/P0.7N3L35M100T100-3.mltl,0.43,19792,sat
/home/michele/mltlsat/Benchmarks/random/P0.7N3L35M100T100-4.mltl,0.416,17012,sat
/home/michele/mltlsat/Benchmarks/random/P0.7N3L35M100T100-5.mltl,0.446,36806.4,sat
/home/michele/mltlsat/Benchmarks/random/P0.7N3L35M100T100-6.mltl,0.43,17001.6,sat
/home/michele/mltlsat/Benchmarks/random/P0.7N3L35M100T100-7.mltl,0.714,76905.6,sat
/home/michele/mltlsat/Benchmarks/random/P0.7N3L35M100T100-8.mltl,0.434,17004,sat
/home/michele/mltlsat/Benchmarks/random/P0.7N3L35M100T100-9.mltl,0.476,17004.8,sat
/home/michele/mltlsat/Benchmarks/random/P0.7N3L40M100T100-10.mltl,0.496,16989.6,sat
/home/michele/mltlsat/Benchmarks/random/P0.7N3L40M100T100-1.mltl,3.552,56760.8,sat
/home/michele/mltlsat/Benchmarks/random/P0.7N3L40M100T100-2.mltl,0.488,16999.2,sat
/home/michele/mltlsat/Benchmarks/random/P0.7N3L40M100T100-3.mltl,0.542,17294.4,sat
/home/michele/mltlsat/Benchmarks/random/P0.7N3L40M100T100-4.mltl,0.5439999999999999,17000.8,sat
/home/michele/mltlsat/Benchmarks/random/P0.7N3L40M100T100-5.mltl,0.572,17319.2,sat
/home/michele/mltlsat/Benchmarks/random/P0.7N3L40M100T100-6.mltl,38.916,108551.2,sat
/home/michele/mltlsat/Benchmarks/random/P0.7N3L40M100T100-7.mltl,0.634,19445.6,sat
/home/michele/mltlsat/Benchmarks/random/P0.7N3L40M100T100-8.mltl,-1,-1,TO
/home/michele/mltlsat/Benchmarks/random/P0.7N3L40M100T100-9.mltl,0.484,17294.4,sat
/home/michele/mltlsat/Benchmarks/random/P0.7N3L45M100T100-10.mltl,0.464,17624.8,sat
/home/michele/mltlsat/Benchmarks/random/P0.7N3L45M100T100-1.mltl,0.592,19168.8,sat
/home/michele/mltlsat/Benchmarks/random/P0.7N3L45M100T100-2.mltl,0.566,16999.2,sat
/home/michele/mltlsat/Benchmarks/random/P0.7N3L45M100T100-3.mltl,0.582,17000.8,sat
/home/michele/mltlsat/Benchmarks/random/P0.7N3L45M100T100-4.mltl,0.58,17618.4,sat
/home/michele/mltlsat/Benchmarks/random/P0.7N3L45M100T100-5.mltl,0.604,19158.4,sat
/home/michele/mltlsat/Benchmarks/random/P0.7N3L45M100T100-6.mltl,0.574,17021.6,sat
/home/michele/mltlsat/Benchmarks/random/P0.7N3L45M100T100-7.mltl,0.58,16988.8,sat
/home/michele/mltlsat/Benchmarks/random/P0.7N3L45M100T100-8.mltl,0.6,36788,sat
/home/michele/mltlsat/Benchmarks/random/P0.7N3L45M100T100-9.mltl,0.576,17636,sat
/home/michele/mltlsat/Benchmarks/random/P0.7N3L50M100T100-10.mltl,0.542,26850.4,sat
/home/michele/mltlsat/Benchmarks/random/P0.7N3L50M100T100-1.mltl,-1,-1,TO
/home/michele/mltlsat/Benchmarks/random/P0.7N3L50M100T100-2.mltl,0.928,50508.8,sat
/home/michele/mltlsat/Benchmarks/random/P0.7N3L50M100T100-3.mltl,-1,-1,TO
/home/michele/mltlsat/Benchmarks/random/P0.7N3L50M100T100-4.mltl,0.336,17014.4,sat
/home/michele/mltlsat/Benchmarks/random/P0.7N3L50M100T100-5.mltl,1.084,46343.2,sat
/home/michele/mltlsat/Benchmarks/random/P0.7N3L50M100T100-6.mltl,0.332,36533.6,sat
/home/michele/mltlsat/Benchmarks/random/P0.7N3L50M100T100-7.mltl,0.33999999999999997,17331.2,sat
/home/michele/mltlsat/Benchmarks/random/P0.7N3L50M100T100-8.mltl,0.35,16990.4,sat
/home/michele/mltlsat/Benchmarks/random/P0.7N3L50M100T100-9.mltl,0.348,17021.6,sat
/home/michele/mltlsat/Benchmarks/random/P0.7N3L55M100T100-10.mltl,0.67,66152.8,sat
/home/michele/mltlsat/Benchmarks/random/P0.7N3L55M100T100-1.mltl,-1,-1,TO
/home/michele/mltlsat/Benchmarks/random/P0.7N3L55M100T100-2.mltl,1.642,52072,sat
/home/michele/mltlsat/Benchmarks/random/P0.7N3L55M100T100-3.mltl,0.326,17617.6,sat
/home/michele/mltlsat/Benchmarks/random/P0.7N3L55M100T100-4.mltl,0.34,27446.4,sat
/home/michele/mltlsat/Benchmarks/random/P0.7N3L55M100T100-5.mltl,0.334,17018.4,sat
/home/michele/mltlsat/Benchmarks/random/P0.7N3L55M100T100-6.mltl,0.46799999999999997,53551.2,sat
/home/michele/mltlsat/Benchmarks/random/P0.7N3L55M100T100-7.mltl,0.33,16992.8,sat
/home/michele/mltlsat/Benchmarks/random/P0.7N3L55M100T100-8.mltl,0.34400000000000003,36454.4,sat
/home/michele/mltlsat/Benchmarks/random/P0.7N3L55M100T100-9.mltl,3.796,121500,sat
/home/michele/mltlsat/Benchmarks/random/P0.7N3L5M100T100-10.mltl,0.316,17928.8,sat
/home/michele/mltlsat/Benchmarks/random/P0.7N3L5M100T100-1.mltl,0.32,17924,sat
/home/michele/mltlsat/Benchmarks/random/P0.7N3L5M100T100-2.mltl,0.334,17008.8,sat
/home/michele/mltlsat/Benchmarks/random/P0.7N3L5M100T100-3.mltl,0.334,16693.6,sat
/home/michele/mltlsat/Benchmarks/random/P0.7N3L5M100T100-4.mltl,0.336,17008.8,sat
/home/michele/mltlsat/Benchmarks/random/P0.7N3L5M100T100-5.mltl,0.338,17007.2,sat
/home/michele/mltlsat/Benchmarks/random/P0.7N3L5M100T100-6.mltl,0.326,17002.4,sat
/home/michele/mltlsat/Benchmarks/random/P0.7N3L5M100T100-7.mltl,0.31,18229.6,sat
/home/michele/mltlsat/Benchmarks/random/P0.7N3L5M100T100-8.mltl,0.324,17619.2,sat
/home/michele/mltlsat/Benchmarks/random/P0.7N3L5M100T100-9.mltl,0.34,17008.8,sat
/home/michele/mltlsat/Benchmarks/random/P0.7N3L60M100T100-10.mltl,0.336,17008,sat
/home/michele/mltlsat/Benchmarks/random/P0.7N3L60M100T100-1.mltl,0.342,17309.6,sat
/home/michele/mltlsat/Benchmarks/random/P0.7N3L60M100T100-2.mltl,0.372,17019.2,sat
/home/michele/mltlsat/Benchmarks/random/P0.7N3L60M100T100-3.mltl,0.354,17019.2,sat
/home/michele/mltlsat/Benchmarks/random/P0.7N3L60M100T100-4.mltl,0.372,36203.2,sat
/home/michele/mltlsat/Benchmarks/random/P0.7N3L60M100T100-5.mltl,0.362,20702.4,sat
/home/michele/mltlsat/Benchmarks/random/P0.7N3L60M100T100-6.mltl,0.374,35552.8,sat
/home/michele/mltlsat/Benchmarks/random/P0.7N3L60M100T100-7.mltl,0.354,17640,sat
/home/michele/mltlsat/Benchmarks/random/P0.7N3L60M100T100-8.mltl,0.376,17326.4,sat
/home/michele/mltlsat/Benchmarks/random/P0.7N3L60M100T100-9.mltl,0.418,37735.2,sat
/home/michele/mltlsat/Benchmarks/random/P0.7N3L65M100T100-10.mltl,-1,-1,TO
/home/michele/mltlsat/Benchmarks/random/P0.7N3L65M100T100-1.mltl,0.414,18845.6,sat
/home/michele/mltlsat/Benchmarks/random/P0.7N3L65M100T100-2.mltl,-1,-1,TO
/home/michele/mltlsat/Benchmarks/random/P0.7N3L65M100T100-3.mltl,0.33,17325.6,sat
/home/michele/mltlsat/Benchmarks/random/P0.7N3L65M100T100-4.mltl,0.32,17953.6,sat
/home/michele/mltlsat/Benchmarks/random/P0.7N3L65M100T100-5.mltl,-1,-1,TO
/home/michele/mltlsat/Benchmarks/random/P0.7N3L65M100T100-6.mltl,0.384,19178.4,sat
/home/michele/mltlsat/Benchmarks/random/P0.7N3L65M100T100-7.mltl,0.338,17000,sat
/home/michele/mltlsat/Benchmarks/random/P0.7N3L65M100T100-8.mltl,0.414,42836,unsat
/home/michele/mltlsat/Benchmarks/random/P0.7N3L65M100T100-9.mltl,0.34199999999999997,17331.2,unsat
/home/michele/mltlsat/Benchmarks/random/P0.7N3L70M100T100-10.mltl,0.5660000000000001,41416.8,sat
/home/michele/mltlsat/Benchmarks/random/P0.7N3L70M100T100-1.mltl,0.802,46340.8,sat
/home/michele/mltlsat/Benchmarks/random/P0.7N3L70M100T100-2.mltl,0.34,17000,sat
/home/michele/mltlsat/Benchmarks/random/P0.7N3L70M100T100-3.mltl,0.362,16994.4,sat
/home/michele/mltlsat/Benchmarks/random/P0.7N3L70M100T100-4.mltl,0.362,17024,sat
/home/michele/mltlsat/Benchmarks/random/P0.7N3L70M100T100-5.mltl,0.356,17015.2,sat
/home/michele/mltlsat/Benchmarks/random/P0.7N3L70M100T100-6.mltl,0.372,17012.8,sat
/home/michele/mltlsat/Benchmarks/random/P0.7N3L70M100T100-7.mltl,0.376,17015.2,sat
/home/michele/mltlsat/Benchmarks/random/P0.7N3L70M100T100-8.mltl,0.37,17324.8,sat
/home/michele/mltlsat/Benchmarks/random/P0.7N3L70M100T100-9.mltl,-1,-1,TO
/home/michele/mltlsat/Benchmarks/random/P0.7N3L75M100T100-10.mltl,0.396,16990.4,sat
/home/michele/mltlsat/Benchmarks/random/P0.7N3L75M100T100-1.mltl,0.596,37736,sat
/home/michele/mltlsat/Benchmarks/random/P0.7N3L75M100T100-2.mltl,0.476,38681.6,sat
/home/michele/mltlsat/Benchmarks/random/P0.7N3L75M100T100-3.mltl,0.4,21018.4,sat
/home/michele/mltlsat/Benchmarks/random/P0.7N3L75M100T100-4.mltl,0.418,38329.6,sat
/home/michele/mltlsat/Benchmarks/random/P0.7N3L75M100T100-5.mltl,24.576,102429.6,sat
/home/michele/mltlsat/Benchmarks/random/P0.7N3L75M100T100-6.mltl,-1,-1,TO
/home/michele/mltlsat/Benchmarks/random/P0.7N3L75M100T100-7.mltl,-1,-1,TO
/home/michele/mltlsat/Benchmarks/random/P0.7N3L75M100T100-8.mltl,0.324,17649.6,sat
/home/michele/mltlsat/Benchmarks/random/P0.7N3L75M100T100-9.mltl,0.35,38692,sat
/home/michele/mltlsat/Benchmarks/random/P0.7N3L80M100T100-10.mltl,0.328,17616,sat
/home/michele/mltlsat/Benchmarks/random/P0.7N3L80M100T100-1.mltl,0.342,16998.4,sat
/home/michele/mltlsat/Benchmarks/random/P0.7N3L80M100T100-2.mltl,0.346,17023.2,sat
/home/michele/mltlsat/Benchmarks/random/P0.7N3L80M100T100-3.mltl,0.364,38056,sat
/home/michele/mltlsat/Benchmarks/random/P0.7N3L80M100T100-4.mltl,0.334,36500,sat
/home/michele/mltlsat/Benchmarks/random/P0.7N3L80M100T100-5.mltl,0.33,35561.6,sat
/home/michele/mltlsat/Benchmarks/random/P0.7N3L80M100T100-6.mltl,0.32,17938.4,sat
/home/michele/mltlsat/Benchmarks/random/P0.7N3L80M100T100-7.mltl,0.354,17013.6,sat
/home/michele/mltlsat/Benchmarks/random/P0.7N3L80M100T100-8.mltl,103.776,50912.8,unsat
/home/michele/mltlsat/Benchmarks/random/P0.7N3L80M100T100-9.mltl,0.776,43864.8,sat
/home/michele/mltlsat/Benchmarks/random/P0.7N3L85M100T100-10.mltl,0.35,17005.6,sat
/home/michele/mltlsat/Benchmarks/random/P0.7N3L85M100T100-1.mltl,0.416,40197.6,sat
/home/michele/mltlsat/Benchmarks/random/P0.7N3L85M100T100-2.mltl,1.15,40792,sat
/home/michele/mltlsat/Benchmarks/random/P0.7N3L85M100T100-3.mltl,-1,-1,TO
/home/michele/mltlsat/Benchmarks/random/P0.7N3L85M100T100-4.mltl,3.166,50592.8,sat
/home/michele/mltlsat/Benchmarks/random/P0.7N3L85M100T100-5.mltl,0.40199999999999997,19165.6,sat
/home/michele/mltlsat/Benchmarks/random/P0.7N3L85M100T100-6.mltl,0.356,17328,sat
/home/michele/mltlsat/Benchmarks/random/P0.7N3L85M100T100-7.mltl,0.324,17636,sat
/home/michele/mltlsat/Benchmarks/random/P0.7N3L85M100T100-8.mltl,0.482,41420.8,sat
/home/michele/mltlsat/Benchmarks/random/P0.7N3L85M100T100-9.mltl,0.394,38660,sat
/home/michele/mltlsat/Benchmarks/random/P0.7N3L90M100T100-10.mltl,0.352,17300.8,sat
/home/michele/mltlsat/Benchmarks/random/P0.7N3L90M100T100-1.mltl,0.376,16996.8,sat
/home/michele/mltlsat/Benchmarks/random/P0.7N3L90M100T100-2.mltl,0.39,36166.4,sat
/home/michele/mltlsat/Benchmarks/random/P0.7N3L90M100T100-3.mltl,-1,-1,TO
/home/michele/mltlsat/Benchmarks/random/P0.7N3L90M100T100-4.mltl,1.052,49115.2,sat
/home/michele/mltlsat/Benchmarks/random/P0.7N3L90M100T100-5.mltl,0.472,39608,sat
/home/michele/mltlsat/Benchmarks/random/P0.7N3L90M100T100-6.mltl,0.384,19168,sat
/home/michele/mltlsat/Benchmarks/random/P0.7N3L90M100T100-7.mltl,0.326,17328,sat
/home/michele/mltlsat/Benchmarks/random/P0.7N3L90M100T100-8.mltl,0.958,43585.6,sat
/home/michele/mltlsat/Benchmarks/random/P0.7N3L90M100T100-9.mltl,0.336,16989.6,sat
/home/michele/mltlsat/Benchmarks/random/P0.7N3L95M100T100-10.mltl,0.372,38304.8,sat
/home/michele/mltlsat/Benchmarks/random/P0.7N3L95M100T100-1.mltl,0.332,17312,sat
/home/michele/mltlsat/Benchmarks/random/P0.7N3L95M100T100-2.mltl,0.324,17618.4,sat
/home/michele/mltlsat/Benchmarks/random/P0.7N3L95M100T100-3.mltl,0.346,16998.4,sat
/home/michele/mltlsat/Benchmarks/random/P0.7N3L95M100T100-4.mltl,0.34199999999999997,17001.6,sat
/home/michele/mltlsat/Benchmarks/random/P0.7N3L95M100T100-5.mltl,0.352,25625.6,sat
/home/michele/mltlsat/Benchmarks/random/P0.7N3L95M100T100-6.mltl,0.356,38010.4,sat
/home/michele/mltlsat/Benchmarks/random/P0.7N3L95M100T100-7.mltl,-1,-1,TO
/home/michele/mltlsat/Benchmarks/random/P0.7N3L95M100T100-8.mltl,0.334,17004.8,sat
/home/michele/mltlsat/Benchmarks/random/P0.7N3L95M100T100-9.mltl,86.382,69975.2,sat
/home/michele/mltlsat/Benchmarks/random/P0.7N4L100M100T100-10.mltl,0.336,17936.8,sat
/home/michele/mltlsat/Benchmarks/random/P0.7N4L100M100T100-1.mltl,-1,-1,TO
/home/michele/mltlsat/Benchmarks/random/P0.7N4L100M100T100-2.mltl,1.398,42687.2,sat
/home/michele/mltlsat/Benchmarks/random/P0.7N4L100M100T100-3.mltl,0.338,17312.8,sat
/home/michele/mltlsat/Benchmarks/random/P0.7N4L100M100T100-4.mltl,0.334,38048.8,sat
/home/michele/mltlsat/Benchmarks/random/P0.7N4L100M100T100-5.mltl,0.324,17949.6,sat
/home/michele/mltlsat/Benchmarks/random/P0.7N4L100M100T100-6.mltl,0.452,39551.2,sat
/home/michele/mltlsat/Benchmarks/random/P0.7N4L100M100T100-7.mltl,1.414,311909.6,sat
/home/michele/mltlsat/Benchmarks/random/P0.7N4L100M100T100-8.mltl,0.398,38322.4,sat
/home/michele/mltlsat/Benchmarks/random/P0.7N4L100M100T100-9.mltl,-1,-1,TO
/home/michele/mltlsat/Benchmarks/random/P0.7N4L10M100T100-10.mltl,0.348,17015.2,sat
/home/michele/mltlsat/Benchmarks/random/P0.7N4L10M100T100-1.mltl,0.34400000000000003,17020.8,sat
/home/michele/mltlsat/Benchmarks/random/P0.7N4L10M100T100-2.mltl,0.392,38047.2,sat
/home/michele/mltlsat/Benchmarks/random/P0.7N4L10M100T100-3.mltl,0.34400000000000003,17012.8,sat
/home/michele/mltlsat/Benchmarks/random/P0.7N4L10M100T100-4.mltl,0.356,19508,sat
/home/michele/mltlsat/Benchmarks/random/P0.7N4L10M100T100-5.mltl,0.342,17007.2,sat
/home/michele/mltlsat/Benchmarks/random/P0.7N4L10M100T100-6.mltl,0.352,17002.4,sat
/home/michele/mltlsat/Benchmarks/random/P0.7N4L10M100T100-7.mltl,0.33,17307.2,sat
/home/michele/mltlsat/Benchmarks/random/P0.7N4L10M100T100-8.mltl,0.32,17936,sat
/home/michele/mltlsat/Benchmarks/random/P0.7N4L10M100T100-9.mltl,1.682,43274.4,sat
/home/michele/mltlsat/Benchmarks/random/P0.7N4L15M100T100-10.mltl,0.38,19161.6,sat
/home/michele/mltlsat/Benchmarks/random/P0.7N4L15M100T100-1.mltl,0.34,17017.6,sat
/home/michele/mltlsat/Benchmarks/random/P0.7N4L15M100T100-2.mltl,0.34,17006.4,sat
/home/michele/mltlsat/Benchmarks/random/P0.7N4L15M100T100-3.mltl,0.324,17304,sat
/home/michele/mltlsat/Benchmarks/random/P0.7N4L15M100T100-4.mltl,0.344,17300,sat
/home/michele/mltlsat/Benchmarks/random/P0.7N4L15M100T100-5.mltl,0.344,16997.6,unsat
/home/michele/mltlsat/Benchmarks/random/P0.7N4L15M100T100-6.mltl,0.334,17004.8,sat
/home/michele/mltlsat/Benchmarks/random/P0.7N4L15M100T100-7.mltl,0.36,16994.4,sat
/home/michele/mltlsat/Benchmarks/random/P0.7N4L15M100T100-8.mltl,0.36,17330.4,sat
/home/michele/mltlsat/Benchmarks/random/P0.7N4L15M100T100-9.mltl,0.362,17307.2,sat
/home/michele/mltlsat/Benchmarks/random/P0.7N4L20M100T100-10.mltl,0.36,17027.2,sat
/home/michele/mltlsat/Benchmarks/random/P0.7N4L20M100T100-1.mltl,0.352,16994.4,sat
/home/michele/mltlsat/Benchmarks/random/P0.7N4L20M100T100-2.mltl,0.36,17004,sat
/home/michele/mltlsat/Benchmarks/random/P0.7N4L20M100T100-3.mltl,0.4,38662.4,sat
/home/michele/mltlsat/Benchmarks/random/P0.7N4L20M100T100-4.mltl,0.364,17012,sat
/home/michele/mltlsat/Benchmarks/random/P0.7N4L20M100T100-5.mltl,0.35,17319.2,sat
/home/michele/mltlsat/Benchmarks/random/P0.7N4L20M100T100-6.mltl,0.37,17327.2,sat
/home/michele/mltlsat/Benchmarks/random/P0.7N4L20M100T100-7.mltl,0.36,17328,sat
/home/michele/mltlsat/Benchmarks/random/P0.7N4L20M100T100-8.mltl,0.388,17309.6,sat
/home/michele/mltlsat/Benchmarks/random/P0.7N4L20M100T100-9.mltl,0.352,17339.2,sat
/home/michele/mltlsat/Benchmarks/random/P0.7N4L25M100T100-10.mltl,0.414,38041.6,sat
/home/michele/mltlsat/Benchmarks/random/P0.7N4L25M100T100-1.mltl,0.386,17021.6,sat
/home/michele/mltlsat/Benchmarks/random/P0.7N4L25M100T100-2.mltl,0.376,17014.4,sat
/home/michele/mltlsat/Benchmarks/random/P0.7N4L25M100T100-3.mltl,0.40399999999999997,19781.6,sat
/home/michele/mltlsat/Benchmarks/random/P0.7N4L25M100T100-4.mltl,0.392,17004,sat
/home/michele/mltlsat/Benchmarks/random/P0.7N4L25M100T100-5.mltl,0.382,17324.8,sat
/home/michele/mltlsat/Benchmarks/random/P0.7N4L25M100T100-6.mltl,0.402,17012.8,sat
/home/michele/mltlsat/Benchmarks/random/P0.7N4L25M100T100-7.mltl,0.384,17307.2,sat
/home/michele/mltlsat/Benchmarks/random/P0.7N4L25M100T100-8.mltl,0.374,17332,sat
/home/michele/mltlsat/Benchmarks/random/P0.7N4L25M100T100-9.mltl,0.384,16994.4,sat
/home/michele/mltlsat/Benchmarks/random/P0.7N4L30M100T100-10.mltl,0.392,16986.4,sat
/home/michele/mltlsat/Benchmarks/random/P0.7N4L30M100T100-1.mltl,0.406,17339.2,sat
/home/michele/mltlsat/Benchmarks/random/P0.7N4L30M100T100-2.mltl,0.402,17000.8,sat
/home/michele/mltlsat/Benchmarks/random/P0.7N4L30M100T100-3.mltl,0.398,16682.4,sat
/home/michele/mltlsat/Benchmarks/random/P0.7N4L30M100T100-4.mltl,0.436,17008,sat
/home/michele/mltlsat/Benchmarks/random/P0.7N4L30M100T100-5.mltl,0.71,38367.2,sat
/home/michele/mltlsat/Benchmarks/random/P0.7N4L30M100T100-6.mltl,2.61,866410.4,sat
/home/michele/mltlsat/Benchmarks/random/P0.7N4L30M100T100-7.mltl,2.794,53989.6,sat
/home/michele/mltlsat/Benchmarks/random/P0.7N4L30M100T100-8.mltl,0.37,17010.4,sat
/home/michele/mltlsat/Benchmarks/random/P0.7N4L30M100T100-9.mltl,0.388,17629.6,sat
/home/michele/mltlsat/Benchmarks/random/P0.7N4L35M100T100-10.mltl,0.38,17294.4,sat
/home/michele/mltlsat/Benchmarks/random/P0.7N4L35M100T100-1.mltl,0.378,17016,sat
/home/michele/mltlsat/Benchmarks/random/P0.7N4L35M100T100-2.mltl,0.382,37112.8,sat
/home/michele/mltlsat/Benchmarks/random/P0.7N4L35M100T100-3.mltl,0.398,17007.2,sat
/home/michele/mltlsat/Benchmarks/random/P0.7N4L35M100T100-4.mltl,0.40399999999999997,17019.2,sat
/home/michele/mltlsat/Benchmarks/random/P0.7N4L35M100T100-5.mltl,0.408,17015.2,sat
/home/michele/mltlsat/Benchmarks/random/P0.7N4L35M100T100-6.mltl,0.458,19158.4,sat
/home/michele/mltlsat/Benchmarks/random/P0.7N4L35M100T100-7.mltl,0.416,16997.6,sat
/home/michele/mltlsat/Benchmarks/random/P0.7N4L35M100T100-8.mltl,0.444,38659.2,sat
/home/michele/mltlsat/Benchmarks/random/P0.7N4L35M100T100-9.mltl,0.424,17029.6,sat
/home/michele/mltlsat/Benchmarks/random/P0.7N4L40M100T100-10.mltl,0.464,38667.2,sat
/home/michele/mltlsat/Benchmarks/random/P0.7N4L40M100T100-1.mltl,0.45,17000.8,sat
/home/michele/mltlsat/Benchmarks/random/P0.7N4L40M100T100-2.mltl,0.47,36188.8,sat
/home/michele/mltlsat/Benchmarks/random/P0.7N4L40M100T100-3.mltl,0.456,17012.8,sat
/home/michele/mltlsat/Benchmarks/random/P0.7N4L40M100T100-4.mltl,0.46199999999999997,17000.8,sat
/home/michele/mltlsat/Benchmarks/random/P0.7N4L40M100T100-5.mltl,0.526,38308,sat
/home/michele/mltlsat/Benchmarks/random/P0.7N4L40M100T100-6.mltl,0.456,17006.4,sat
/home/michele/mltlsat/Benchmarks/random/P0.7N4L40M100T100-7.mltl,0.512,17004,sat
/home/michele/mltlsat/Benchmarks/random/P0.7N4L40M100T100-8.mltl,0.514,17320,sat
/home/michele/mltlsat/Benchmarks/random/P0.7N4L40M100T100-9.mltl,0.534,25942.4,sat
/home/michele/mltlsat/Benchmarks/random/P0.7N4L45M100T100-10.mltl,0.57,18239.2,sat
/home/michele/mltlsat/Benchmarks/random/P0.7N4L45M100T100-1.mltl,0.596,20080,sat
/home/michele/mltlsat/Benchmarks/random/P0.7N4L45M100T100-2.mltl,0.574,17310.4,sat
/home/michele/mltlsat/Benchmarks/random/P0.7N4L45M100T100-3.mltl,0.6,34638.4,unsat
/home/michele/mltlsat/Benchmarks/random/P0.7N4L45M100T100-4.mltl,0.58,17336,sat
/home/michele/mltlsat/Benchmarks/random/P0.7N4L45M100T100-5.mltl,-1,-1,TO
/home/michele/mltlsat/Benchmarks/random/P0.7N4L45M100T100-6.mltl,-1,-1,TO
/home/michele/mltlsat/Benchmarks/random/P0.7N4L45M100T100-7.mltl,0.566,17943.2,sat
/home/michele/mltlsat/Benchmarks/random/P0.7N4L45M100T100-8.mltl,0.558,17299.2,sat
/home/michele/mltlsat/Benchmarks/random/P0.7N4L45M100T100-9.mltl,27.628,64650.4,sat
/home/michele/mltlsat/Benchmarks/random/P0.7N4L50M100T100-10.mltl,0.35,17005.6,sat
/home/michele/mltlsat/Benchmarks/random/P0.7N4L50M100T100-1.mltl,0.38,18835.2,unsat
/home/michele/mltlsat/Benchmarks/random/P0.7N4L50M100T100-2.mltl,0.334,17337.6,sat
/home/michele/mltlsat/Benchmarks/random/P0.7N4L50M100T100-3.mltl,0.408,37756.8,sat
/home/michele/mltlsat/Benchmarks/random/P0.7N4L50M100T100-4.mltl,0.34199999999999997,17314.4,sat
/home/michele/mltlsat/Benchmarks/random/P0.7N4L50M100T100-5.mltl,0.334,17000,sat
/home/michele/mltlsat/Benchmarks/random/P0.7N4L50M100T100-6.mltl,0.356,36811.2,sat
/home/michele/mltlsat/Benchmarks/random/P0.7N4L50M100T100-7.mltl,0.328,17338.4,sat
/home/michele/mltlsat/Benchmarks/random/P0.7N4L50M100T100-8.mltl,0.366,36540,sat
/home/michele/mltlsat/Benchmarks/random/P0.7N4L50M100T100-9.mltl,0.34400000000000003,17011.2,sat
/home/michele/mltlsat/Benchmarks/random/P0.7N4L55M100T100-10.mltl,0.348,16989.6,sat
/home/michele/mltlsat/Benchmarks/random/P0.7N4L55M100T100-1.mltl,0.348,17020,sat
/home/michele/mltlsat/Benchmarks/random/P0.7N4L55M100T100-2.mltl,0.372,17005.6,sat
/home/michele/mltlsat/Benchmarks/random/P0.7N4L55M100T100-3.mltl,0.366,17001.6,sat
/home/michele/mltlsat/Benchmarks/random/P0.7N4L55M100T100-4.mltl,0.378,35556.8,sat
/home/michele/mltlsat/Benchmarks/random/P0.7N4L55M100T100-5.mltl,0.388,38348,sat
/home/michele/mltlsat/Benchmarks/random/P0.7N4L55M100T100-6.mltl,1.042,49389.6,sat
/home/michele/mltlsat/Benchmarks/random/P0.7N4L55M100T100-7.mltl,0.374,30874.4,sat
/home/michele/mltlsat/Benchmarks/random/P0.7N4L55M100T100-8.mltl,1.004,44175.2,sat
/home/michele/mltlsat/Benchmarks/random/P0.7N4L55M100T100-9.mltl,0.37,17005.6,sat
/home/michele/mltlsat/Benchmarks/random/P0.7N4L5M100T100-10.mltl,0.382,17013.6,sat
/home/michele/mltlsat/Benchmarks/random/P0.7N4L5M100T100-1.mltl,0.38,17010.4,sat
/home/michele/mltlsat/Benchmarks/random/P0.7N4L5M100T100-2.mltl,0.376,16992,sat
/home/michele/mltlsat/Benchmarks/random/P0.7N4L5M100T100-3.mltl,0.374,17020.8,sat
/home/michele/mltlsat/Benchmarks/random/P0.7N4L5M100T100-4.mltl,0.366,17026.4,sat
/home/michele/mltlsat/Benchmarks/random/P0.7N4L5M100T100-5.mltl,0.372,17011.2,sat
/home/michele/mltlsat/Benchmarks/random/P0.7N4L5M100T100-6.mltl,0.358,17002.4,sat
/home/michele/mltlsat/Benchmarks/random/P0.7N4L5M100T100-7.mltl,0.358,17009.6,sat
/home/michele/mltlsat/Benchmarks/random/P0.7N4L5M100T100-8.mltl,0.37,17005.6,sat
/home/michele/mltlsat/Benchmarks/random/P0.7N4L5M100T100-9.mltl,0.374,17006.4,sat
/home/michele/mltlsat/Benchmarks/random/P0.7N4L60M100T100-10.mltl,0.40599999999999997,38371.2,sat
/home/michele/mltlsat/Benchmarks/random/P0.7N4L60M100T100-1.mltl,0.404,38321.6,sat
/home/michele/mltlsat/Benchmarks/random/P0.7N4L60M100T100-2.mltl,0.718,55404,sat
/home/michele/mltlsat/Benchmarks/random/P0.7N4L60M100T100-3.mltl,0.376,17310.4,unsat
/home/michele/mltlsat/Benchmarks/random/P0.7N4L60M100T100-4.mltl,-1,-1,TO
/home/michele/mltlsat/Benchmarks/random/P0.7N4L60M100T100-5.mltl,0.38,22862.4,sat
/home/michele/mltlsat/Benchmarks/random/P0.7N4L60M100T100-6.mltl,0.376,16997.6,sat
/home/michele/mltlsat/Benchmarks/random/P0.7N4L60M100T100-7.mltl,0.39,16990.4,sat
/home/michele/mltlsat/Benchmarks/random/P0.7N4L60M100T100-8.mltl,4.176,42325.6,sat
/home/michele/mltlsat/Benchmarks/random/P0.7N4L60M100T100-9.mltl,0.418,38704,sat
/home/michele/mltlsat/Benchmarks/random/P0.7N4L65M100T100-10.mltl,0.39,16989.6,sat
/home/michele/mltlsat/Benchmarks/random/P0.7N4L65M100T100-1.mltl,0.39,17332.8,sat
/home/michele/mltlsat/Benchmarks/random/P0.7N4L65M100T100-2.mltl,0.432,19460.8,sat
/home/michele/mltlsat/Benchmarks/random/P0.7N4L65M100T100-3.mltl,0.41,17015.2,sat
/home/michele/mltlsat/Benchmarks/random/P0.7N4L65M100T100-4.mltl,0.42,20700.8,sat
/home/michele/mltlsat/Benchmarks/random/P0.7N4L65M100T100-5.mltl,6.166,53886.4,sat
/home/michele/mltlsat/Benchmarks/random/P0.7N4L65M100T100-6.mltl,0.426,20083.2,sat
/home/michele/mltlsat/Benchmarks/random/P0.7N4L65M100T100-7.mltl,0.53,41660.8,sat
/home/michele/mltlsat/Benchmarks/random/P0.7N4L65M100T100-8.mltl,0.414,17022.4,sat
/home/michele/mltlsat/Benchmarks/random/P0.7N4L65M100T100-9.mltl,-1,-1,TO
/home/michele/mltlsat/Benchmarks/random/P0.7N4L70M100T100-10.mltl,0.38,17934.4,sat
/home/michele/mltlsat/Benchmarks/random/P0.7N4L70M100T100-1.mltl,0.39,17006.4,sat
/home/michele/mltlsat/Benchmarks/random/P0.7N4L70M100T100-2.mltl,0.384,17617.6,sat
/home/michele/mltlsat/Benchmarks/random/P0.7N4L70M100T100-3.mltl,0.396,17307.2,sat
/home/michele/mltlsat/Benchmarks/random/P0.7N4L70M100T100-4.mltl,0.378,17910.4,sat
/home/michele/mltlsat/Benchmarks/random/P0.7N4L70M100T100-5.mltl,0.39,17911.2,sat
/home/michele/mltlsat/Benchmarks/random/P0.7N4L70M100T100-6.mltl,0.402,17315.2,sat
/home/michele/mltlsat/Benchmarks/random/P0.7N4L70M100T100-7.mltl,0.392,17634.4,sat
/home/michele/mltlsat/Benchmarks/random/P0.7N4L70M100T100-8.mltl,0.446,19147.2,sat
/home/michele/mltlsat/Benchmarks/random/P0.7N4L70M100T100-9.mltl,0.41,22554.4,sat
/home/michele/mltlsat/Benchmarks/random/P0.7N4L75M100T100-10.mltl,0.474,39285.6,sat
/home/michele/mltlsat/Benchmarks/random/P0.7N4L75M100T100-1.mltl,0.394,19475.2,sat
/home/michele/mltlsat/Benchmarks/random/P0.7N4L75M100T100-2.mltl,0.47,38929.6,sat
/home/michele/mltlsat/Benchmarks/random/P0.7N4L75M100T100-3.mltl,-1,-1,TO
/home/michele/mltlsat/Benchmarks/random/P0.7N4L75M100T100-4.mltl,0.336,16999.2,sat
/home/michele/mltlsat/Benchmarks/random/P0.7N4L75M100T100-5.mltl,0.34,34310.4,sat
/home/michele/mltlsat/Benchmarks/random/P0.7N4L75M100T100-6.mltl,0.35000000000000003,21328.8,sat
/home/michele/mltlsat/Benchmarks/random/P0.7N4L75M100T100-7.mltl,0.356,38360,sat
/home/michele/mltlsat/Benchmarks/random/P0.7N4L75M100T100-8.mltl,0.326,36142.4,sat
/home/michele/mltlsat/Benchmarks/random/P0.7N4L75M100T100-9.mltl,0.322,17300.8,sat
/home/michele/mltlsat/Benchmarks/random/P0.7N4L80M100T100-10.mltl,0.346,17004.8,sat
/home/michele/mltlsat/Benchmarks/random/P0.7N4L80M100T100-1.mltl,0.334,17316,sat
/home/michele/mltlsat/Benchmarks/random/P0.7N4L80M100T100-2.mltl,0.386,38673.6,sat
/home/michele/mltlsat/Benchmarks/random/P0.7N4L80M100T100-3.mltl,-1,-1,TO
/home/michele/mltlsat/Benchmarks/random/P0.7N4L80M100T100-4.mltl,0.34,17007.2,sat
/home/michele/mltlsat/Benchmarks/random/P0.7N4L80M100T100-5.mltl,0.362,36144,sat
/home/michele/mltlsat/Benchmarks/random/P0.7N4L80M100T100-6.mltl,0.352,17016,sat
/home/michele/mltlsat/Benchmarks/random/P0.7N4L80M100T100-7.mltl,0.742,39887.2,sat
/home/michele/mltlsat/Benchmarks/random/P0.7N4L80M100T100-8.mltl,0.418,19170.4,sat
/home/michele/mltlsat/Benchmarks/random/P0.7N4L80M100T100-9.mltl,0.384,35558.4,sat
/home/michele/mltlsat/Benchmarks/random/P0.7N4L85M100T100-10.mltl,-1,-1,TO
/home/michele/mltlsat/Benchmarks/random/P0.7N4L85M100T100-1.mltl,-1,-1,TO
/home/michele/mltlsat/Benchmarks/random/P0.7N4L85M100T100-2.mltl,0.54,39889.6,sat
/home/michele/mltlsat/Benchmarks/random/P0.7N4L85M100T100-3.mltl,0.342,32736,sat
/home/michele/mltlsat/Benchmarks/random/P0.7N4L85M100T100-4.mltl,-1,-1,TO
/home/michele/mltlsat/Benchmarks/random/P0.7N4L85M100T100-5.mltl,0.326,17940,sat
/home/michele/mltlsat/Benchmarks/random/P0.7N4L85M100T100-6.mltl,0.352,17019.2,sat
/home/michele/mltlsat/Benchmarks/random/P0.7N4L85M100T100-7.mltl,0.342,17003.2,sat
/home/michele/mltlsat/Benchmarks/random/P0.7N4L85M100T100-8.mltl,-1,-1,TO
/home/michele/mltlsat/Benchmarks/random/P0.7N4L85M100T100-9.mltl,0.342,17296,sat
/home/michele/mltlsat/Benchmarks/random/P0.7N4L90M100T100-10.mltl,0.354,17016,sat
/home/michele/mltlsat/Benchmarks/random/P0.7N4L90M100T100-1.mltl,0.372,37752,sat
/home/michele/mltlsat/Benchmarks/random/P0.7N4L90M100T100-2.mltl,0.352,37760.8,sat
/home/michele/mltlsat/Benchmarks/random/P0.7N4L90M100T100-3.mltl,0.342,17939.2,sat
/home/michele/mltlsat/Benchmarks/random/P0.7N4L90M100T100-4.mltl,0.356,36176,sat
/home/michele/mltlsat/Benchmarks/random/P0.7N4L90M100T100-5.mltl,-1,-1,TO
/home/michele/mltlsat/Benchmarks/random/P0.7N4L90M100T100-6.mltl,-1,-1,TO
/home/michele/mltlsat/Benchmarks/random/P0.7N4L90M100T100-7.mltl,0.47,53592,sat
/home/michele/mltlsat/Benchmarks/random/P0.7N4L90M100T100-8.mltl,-1,-1,TO
/home/michele/mltlsat/Benchmarks/random/P0.7N4L90M100T100-9.mltl,-1,-1,TO
/home/michele/mltlsat/Benchmarks/random/P0.7N4L95M100T100-10.mltl,0.378,19482.4,sat
/home/michele/mltlsat/Benchmarks/random/P0.7N4L95M100T100-1.mltl,-1,-1,TO
/home/michele/mltlsat/Benchmarks/random/P0.7N4L95M100T100-2.mltl,-1,-1,TO
/home/michele/mltlsat/Benchmarks/random/P0.7N4L95M100T100-3.mltl,-1,-1,TO
/home/michele/mltlsat/Benchmarks/random/P0.7N4L95M100T100-4.mltl,0.702,42956,sat
/home/michele/mltlsat/Benchmarks/random/P0.7N4L95M100T100-5.mltl,0.338,17017.6,sat
/home/michele/mltlsat/Benchmarks/random/P0.7N4L95M100T100-6.mltl,0.426,39576.8,sat
/home/michele/mltlsat/Benchmarks/random/P0.7N4L95M100T100-7.mltl,0.334,16985.6,sat
/home/michele/mltlsat/Benchmarks/random/P0.7N4L95M100T100-8.mltl,0.336,17309.6,unsat
/home/michele/mltlsat/Benchmarks/random/P0.7N4L95M100T100-9.mltl,0.34,16995.2,sat
/home/michele/mltlsat/Benchmarks/random/P0.7N5L100M100T100-10.mltl,-1,-1,TO
/home/michele/mltlsat/Benchmarks/random/P0.7N5L100M100T100-1.mltl,13.468,67542.4,sat
/home/michele/mltlsat/Benchmarks/random/P0.7N5L100M100T100-2.mltl,0.354,32732.8,sat
/home/michele/mltlsat/Benchmarks/random/P0.7N5L100M100T100-3.mltl,0.34,17027.2,sat
/home/michele/mltlsat/Benchmarks/random/P0.7N5L100M100T100-4.mltl,0.37,37152,sat
/home/michele/mltlsat/Benchmarks/random/P0.7N5L100M100T100-5.mltl,0.362,37728.8,sat
/home/michele/mltlsat/Benchmarks/random/P0.7N5L100M100T100-6.mltl,0.35,23144,sat
/home/michele/mltlsat/Benchmarks/random/P0.7N5L100M100T100-7.mltl,36.28,5345694.4,sat
/home/michele/mltlsat/Benchmarks/random/P0.7N5L100M100T100-8.mltl,0.59,59409.6,sat
/home/michele/mltlsat/Benchmarks/random/P0.7N5L100M100T100-9.mltl,-1,-1,TO
/home/michele/mltlsat/Benchmarks/random/P0.7N5L10M100T100-10.mltl,0.332,16998.4,sat
/home/michele/mltlsat/Benchmarks/random/P0.7N5L10M100T100-1.mltl,0.33,17308.8,sat
/home/michele/mltlsat/Benchmarks/random/P0.7N5L10M100T100-2.mltl,0.334,17010.4,sat
/home/michele/mltlsat/Benchmarks/random/P0.7N5L10M100T100-3.mltl,0.326,17592.8,sat
/home/michele/mltlsat/Benchmarks/random/P0.7N5L10M100T100-4.mltl,0.32,17312.8,sat
/home/michele/mltlsat/Benchmarks/random/P0.7N5L10M100T100-5.mltl,0.326,17618.4,sat
/home/michele/mltlsat/Benchmarks/random/P0.7N5L10M100T100-6.mltl,0.342,16996,sat
/home/michele/mltlsat/Benchmarks/random/P0.7N5L10M100T100-7.mltl,0.328,17322.4,sat
/home/michele/mltlsat/Benchmarks/random/P0.7N5L10M100T100-8.mltl,0.33,17328.8,sat
/home/michele/mltlsat/Benchmarks/random/P0.7N5L10M100T100-9.mltl,0.338,17312.8,sat
/home/michele/mltlsat/Benchmarks/random/P0.7N5L15M100T100-10.mltl,0.336,17328,sat
/home/michele/mltlsat/Benchmarks/random/P0.7N5L15M100T100-1.mltl,0.342,16995.2,sat
/home/michele/mltlsat/Benchmarks/random/P0.7N5L15M100T100-2.mltl,0.352,36473.6,sat
/home/michele/mltlsat/Benchmarks/random/P0.7N5L15M100T100-3.mltl,0.322,17314.4,sat
/home/michele/mltlsat/Benchmarks/random/P0.7N5L15M100T100-4.mltl,0.35,34576.8,sat
/home/michele/mltlsat/Benchmarks/random/P0.7N5L15M100T100-5.mltl,0.332,17301.6,sat
/home/michele/mltlsat/Benchmarks/random/P0.7N5L15M100T100-6.mltl,0.328,17011.2,sat
/home/michele/mltlsat/Benchmarks/random/P0.7N5L15M100T100-7.mltl,0.332,17336.8,sat
/home/michele/mltlsat/Benchmarks/random/P0.7N5L15M100T100-8.mltl,0.34400000000000003,17014.4,sat
/home/michele/mltlsat/Benchmarks/random/P0.7N5L15M100T100-9.mltl,0.328,17940,sat
/home/michele/mltlsat/Benchmarks/random/P0.7N5L20M100T100-10.mltl,0.328,16991.2,sat
/home/michele/mltlsat/Benchmarks/random/P0.7N5L20M100T100-1.mltl,0.348,17012,sat
/home/michele/mltlsat/Benchmarks/random/P0.7N5L20M100T100-2.mltl,0.358,17013.6,sat
/home/michele/mltlsat/Benchmarks/random/P0.7N5L20M100T100-3.mltl,0.34800000000000003,17015.2,sat
/home/michele/mltlsat/Benchmarks/random/P0.7N5L20M100T100-4.mltl,0.364,17335.2,sat
/home/michele/mltlsat/Benchmarks/random/P0.7N5L20M100T100-5.mltl,0.368,17020,sat
/home/michele/mltlsat/Benchmarks/random/P0.7N5L20M100T100-6.mltl,0.384,17020,sat
/home/michele/mltlsat/Benchmarks/random/P0.7N5L20M100T100-7.mltl,0.382,16995.2,sat
/home/michele/mltlsat/Benchmarks/random/P0.7N5L20M100T100-8.mltl,0.388,17012,sat
/home/michele/mltlsat/Benchmarks/random/P0.7N5L20M100T100-9.mltl,-1,-1,TO
/home/michele/mltlsat/Benchmarks/random/P0.7N5L25M100T100-10.mltl,0.368,17007.2,sat
/home/michele/mltlsat/Benchmarks/random/P0.7N5L25M100T100-1.mltl,0.382,16996.8,sat
/home/michele/mltlsat/Benchmarks/random/P0.7N5L25M100T100-2.mltl,0.388,17615.2,sat
/home/michele/mltlsat/Benchmarks/random/P0.7N5L25M100T100-3.mltl,0.412,17001.6,sat
/home/michele/mltlsat/Benchmarks/random/P0.7N5L25M100T100-4.mltl,0.406,36807.2,sat
/home/michele/mltlsat/Benchmarks/random/P0.7N5L25M100T100-5.mltl,0.392,17021.6,sat
/home/michele/mltlsat/Benchmarks/random/P0.7N5L25M100T100-6.mltl,0.386,18862.4,sat
/home/michele/mltlsat/Benchmarks/random/P0.7N5L25M100T100-7.mltl,0.376,17612,sat
/home/michele/mltlsat/Benchmarks/random/P0.7N5L25M100T100-8.mltl,0.39999999999999997,17324,sat
/home/michele/mltlsat/Benchmarks/random/P0.7N5L25M100T100-9.mltl,0.414,17026.4,sat
/home/michele/mltlsat/Benchmarks/random/P0.7N5L30M100T100-10.mltl,0.44,36818.4,sat
/home/michele/mltlsat/Benchmarks/random/P0.7N5L30M100T100-1.mltl,0.572,38315.2,sat
/home/michele/mltlsat/Benchmarks/random/P0.7N5L30M100T100-2.mltl,0.39,17292,sat
/home/michele/mltlsat/Benchmarks/random/P0.7N5L30M100T100-3.mltl,0.412,17016,sat
/home/michele/mltlsat/Benchmarks/random/P0.7N5L30M100T100-4.mltl,0.414,16998.4,sat
/home/michele/mltlsat/Benchmarks/random/P0.7N5L30M100T100-5.mltl,0.45799999999999996,18852.8,sat
/home/michele/mltlsat/Benchmarks/random/P0.7N5L30M100T100-6.mltl,0.45599999999999996,37457.6,sat
/home/michele/mltlsat/Benchmarks/random/P0.7N5L30M100T100-7.mltl,2.332,39579.2,sat
/home/michele/mltlsat/Benchmarks/random/P0.7N5L30M100T100-8.mltl,0.40599999999999997,23487.2,sat
/home/michele/mltlsat/Benchmarks/random/P0.7N5L30M100T100-9.mltl,20.868,130481.6,sat
/home/michele/mltlsat/Benchmarks/random/P0.7N5L35M100T100-10.mltl,0.39,16985.6,sat
/home/michele/mltlsat/Benchmarks/random/P0.7N5L35M100T100-1.mltl,0.432,35857.6,sat
/home/michele/mltlsat/Benchmarks/random/P0.7N5L35M100T100-2.mltl,-1,-1,TO
/home/michele/mltlsat/Benchmarks/random/P0.7N5L35M100T100-3.mltl,0.432,37378.4,sat
/home/michele/mltlsat/Benchmarks/random/P0.7N5L35M100T100-4.mltl,0.422,17005.6,sat
/home/michele/mltlsat/Benchmarks/random/P0.7N5L35M100T100-5.mltl,0.432,17936,sat
/home/michele/mltlsat/Benchmarks/random/P0.7N5L35M100T100-6.mltl,0.418,17022.4,sat
/home/michele/mltlsat/Benchmarks/random/P0.7N5L35M100T100-7.mltl,0.422,17332,sat
/home/michele/mltlsat/Benchmarks/random/P0.7N5L35M100T100-8.mltl,0.422,17007.2,sat
/home/michele/mltlsat/Benchmarks/random/P0.7N5L35M100T100-9.mltl,0.434,17003.2,sat
/home/michele/mltlsat/Benchmarks/random/P0.7N5L40M100T100-10.mltl,0.528,37352,sat
/home/michele/mltlsat/Benchmarks/random/P0.7N5L40M100T100-1.mltl,0.508,17003.2,sat
/home/michele/mltlsat/Benchmarks/random/P0.7N5L40M100T100-2.mltl,0.536,16996,sat
/home/michele/mltlsat/Benchmarks/random/P0.7N5L40M100T100-3.mltl,-1,-1,TO
/home/michele/mltlsat/Benchmarks/random/P0.7N5L40M100T100-4.mltl,-1,-1,TO
/home/michele/mltlsat/Benchmarks/random/P0.7N5L40M100T100-5.mltl,0.366,36180,sat
/home/michele/mltlsat/Benchmarks/random/P0.7N5L40M100T100-6.mltl,0.336,16996.8,sat
/home/michele/mltlsat/Benchmarks/random/P0.7N5L40M100T100-7.mltl,0.324,17936,sat
/home/michele/mltlsat/Benchmarks/random/P0.7N5L40M100T100-8.mltl,0.34,17004,sat
/home/michele/mltlsat/Benchmarks/random/P0.7N5L40M100T100-9.mltl,0.32,17925.6,sat
/home/michele/mltlsat/Benchmarks/random/P0.7N5L45M100T100-10.mltl,-1,-1,TO
/home/michele/mltlsat/Benchmarks/random/P0.7N5L45M100T100-1.mltl,0.356,35554.4,sat
/home/michele/mltlsat/Benchmarks/random/P0.7N5L45M100T100-2.mltl,3.038,75360.8,sat
/home/michele/mltlsat/Benchmarks/random/P0.7N5L45M100T100-3.mltl,0.326,17640.8,sat
/home/michele/mltlsat/Benchmarks/random/P0.7N5L45M100T100-4.mltl,0.358,36819.2,sat
/home/michele/mltlsat/Benchmarks/random/P0.7N5L45M100T100-5.mltl,0.344,38663.2,sat
/home/michele/mltlsat/Benchmarks/random/P0.7N5L45M100T100-6.mltl,0.36,38653.6,sat
/home/michele/mltlsat/Benchmarks/random/P0.7N5L45M100T100-7.mltl,0.316,17606.4,sat
/home/michele/mltlsat/Benchmarks/random/P0.7N5L45M100T100-8.mltl,0.324,17948.8,sat
/home/michele/mltlsat/Benchmarks/random/P0.7N5L45M100T100-9.mltl,0.34,16993.6,sat
/home/michele/mltlsat/Benchmarks/random/P0.7N5L50M100T100-10.mltl,0.332,17324.8,sat
/home/michele/mltlsat/Benchmarks/random/P0.7N5L50M100T100-1.mltl,0.32,17605.6,sat
/home/michele/mltlsat/Benchmarks/random/P0.7N5L50M100T100-2.mltl,0.334,17003.2,sat
/home/michele/mltlsat/Benchmarks/random/P0.7N5L50M100T100-3.mltl,0.366,17016.8,sat
/home/michele/mltlsat/Benchmarks/random/P0.7N5L50M100T100-4.mltl,0.358,17010.4,sat
/home/michele/mltlsat/Benchmarks/random/P0.7N5L50M100T100-5.mltl,0.376,16982.4,sat
/home/michele/mltlsat/Benchmarks/random/P0.7N5L50M100T100-6.mltl,0.432,38008,sat
/home/michele/mltlsat/Benchmarks/random/P0.7N5L50M100T100-7.mltl,0.378,36484,sat
/home/michele/mltlsat/Benchmarks/random/P0.7N5L50M100T100-8.mltl,0.368,16995.2,sat
/home/michele/mltlsat/Benchmarks/random/P0.7N5L50M100T100-9.mltl,1.242,38983.2,sat
/home/michele/mltlsat/Benchmarks/random/P0.7N5L55M100T100-10.mltl,0.378,17003.2,sat
/home/michele/mltlsat/Benchmarks/random/P0.7N5L55M100T100-1.mltl,0.398,17012,sat
/home/michele/mltlsat/Benchmarks/random/P0.7N5L55M100T100-2.mltl,0.4,16997.6,sat
/home/michele/mltlsat/Benchmarks/random/P0.7N5L55M100T100-3.mltl,0.396,17304,sat
/home/michele/mltlsat/Benchmarks/random/P0.7N5L55M100T100-4.mltl,0.412,36821.6,sat
/home/michele/mltlsat/Benchmarks/random/P0.7N5L55M100T100-5.mltl,0.38,17634.4,sat
/home/michele/mltlsat/Benchmarks/random/P0.7N5L55M100T100-6.mltl,0.394,17294.4,sat
/home/michele/mltlsat/Benchmarks/random/P0.7N5L55M100T100-7.mltl,0.638,38984.8,sat
/home/michele/mltlsat/Benchmarks/random/P0.7N5L55M100T100-8.mltl,0.492,38355.2,sat
/home/michele/mltlsat/Benchmarks/random/P0.7N5L55M100T100-9.mltl,0.41,17001.6,sat
/home/michele/mltlsat/Benchmarks/random/P0.7N5L5M100T100-10.mltl,0.406,16698.4,sat
/home/michele/mltlsat/Benchmarks/random/P0.7N5L5M100T100-1.mltl,0.388,17325.6,sat
/home/michele/mltlsat/Benchmarks/random/P0.7N5L5M100T100-2.mltl,0.38,18234.4,sat
/home/michele/mltlsat/Benchmarks/random/P0.7N5L5M100T100-3.mltl,0.41,17012,sat
/home/michele/mltlsat/Benchmarks/random/P0.7N5L5M100T100-4.mltl,0.39999999999999997,17007.2,sat
/home/michele/mltlsat/Benchmarks/random/P0.7N5L5M100T100-5.mltl,0.362,24083.2,sat
/home/michele/mltlsat/Benchmarks/random/P0.7N5L5M100T100-6.mltl,0.352,18227.2,sat
/home/michele/mltlsat/Benchmarks/random/P0.7N5L5M100T100-7.mltl,0.368,18539.2,sat
/home/michele/mltlsat/Benchmarks/random/P0.7N5L5M100T100-8.mltl,0.38,18247.2,sat
/home/michele/mltlsat/Benchmarks/random/P0.7N5L5M100T100-9.mltl,0.396,17606.4,sat
/home/michele/mltlsat/Benchmarks/random/P0.7N5L60M100T100-10.mltl,0.444,37426.4,sat
/home/michele/mltlsat/Benchmarks/random/P0.7N5L60M100T100-1.mltl,0.41400000000000003,17322.4,sat
/home/michele/mltlsat/Benchmarks/random/P0.7N5L60M100T100-2.mltl,0.54,38983.2,sat
/home/michele/mltlsat/Benchmarks/random/P0.7N5L60M100T100-3.mltl,0.474,38676,sat
/home/michele/mltlsat/Benchmarks/random/P0.7N5L60M100T100-4.mltl,0.448,36164.8,sat
/home/michele/mltlsat/Benchmarks/random/P0.7N5L60M100T100-5.mltl,-1,-1,TO
/home/michele/mltlsat/Benchmarks/random/P0.7N5L60M100T100-6.mltl,0.402,16994.4,sat
/home/michele/mltlsat/Benchmarks/random/P0.7N5L60M100T100-7.mltl,0.504,47446.4,sat
/home/michele/mltlsat/Benchmarks/random/P0.7N5L60M100T100-8.mltl,0.374,16997.6,sat
/home/michele/mltlsat/Benchmarks/random/P0.7N5L60M100T100-9.mltl,0.392,17004.8,sat
/home/michele/mltlsat/Benchmarks/random/P0.7N5L65M100T100-10.mltl,0.386,17012.8,sat
/home/michele/mltlsat/Benchmarks/random/P0.7N5L65M100T100-1.mltl,0.382,17000.8,sat
/home/michele/mltlsat/Benchmarks/random/P0.7N5L65M100T100-2.mltl,0.39999999999999997,17012,sat
/home/michele/mltlsat/Benchmarks/random/P0.7N5L65M100T100-3.mltl,0.392,17030.4,sat
/home/michele/mltlsat/Benchmarks/random/P0.7N5L65M100T100-4.mltl,0.484,37357.6,sat
/home/michele/mltlsat/Benchmarks/random/P0.7N5L65M100T100-5.mltl,0.46399999999999997,37335.2,unsat
/home/michele/mltlsat/Benchmarks/random/P0.7N5L65M100T100-6.mltl,0.49,40180,sat
/home/michele/mltlsat/Benchmarks/random/P0.7N5L65M100T100-7.mltl,0.40800000000000003,31530.4,sat
/home/michele/mltlsat/Benchmarks/random/P0.7N5L65M100T100-8.mltl,0.394,17013.6,sat
/home/michele/mltlsat/Benchmarks/random/P0.7N5L65M100T100-9.mltl,0.386,17014.4,sat
/home/michele/mltlsat/Benchmarks/random/P0.7N5L70M100T100-10.mltl,0.38,17012.8,sat
/home/michele/mltlsat/Benchmarks/random/P0.7N5L70M100T100-1.mltl,0.398,17610.4,sat
/home/michele/mltlsat/Benchmarks/random/P0.7N5L70M100T100-2.mltl,-1,-1,TO
/home/michele/mltlsat/Benchmarks/random/P0.7N5L70M100T100-3.mltl,0.638,42596.8,sat
/home/michele/mltlsat/Benchmarks/random/P0.7N5L70M100T100-4.mltl,-1,-1,TO
/home/michele/mltlsat/Benchmarks/random/P0.7N5L70M100T100-5.mltl,0.498,38045.6,sat
/home/michele/mltlsat/Benchmarks/random/P0.7N5L70M100T100-6.mltl,0.34400000000000003,17008.8,sat
/home/michele/mltlsat/Benchmarks/random/P0.7N5L70M100T100-7.mltl,0.348,17020.8,sat
/home/michele/mltlsat/Benchmarks/random/P0.7N5L70M100T100-8.mltl,0.34,16996,sat
/home/michele/mltlsat/Benchmarks/random/P0.7N5L70M100T100-9.mltl,0.34,17306.4,sat
/home/michele/mltlsat/Benchmarks/random/P0.7N5L75M100T100-10.mltl,0.412,38660,sat
/home/michele/mltlsat/Benchmarks/random/P0.7N5L75M100T100-1.mltl,0.352,17324,sat
/home/michele/mltlsat/Benchmarks/random/P0.7N5L75M100T100-2.mltl,1.294,47556,sat
/home/michele/mltlsat/Benchmarks/random/P0.7N5L75M100T100-3.mltl,0.402,38009.6,sat
/home/michele/mltlsat/Benchmarks/random/P0.7N5L75M100T100-4.mltl,0.358,17027.2,sat
/home/michele/mltlsat/Benchmarks/random/P0.7N5L75M100T100-5.mltl,0.518,39889.6,sat
/home/michele/mltlsat/Benchmarks/random/P0.7N5L75M100T100-6.mltl,-1,-1,TO
/home/michele/mltlsat/Benchmarks/random/P0.7N5L75M100T100-7.mltl,0.396,19467.2,sat
/home/michele/mltlsat/Benchmarks/random/P0.7N5L75M100T100-8.mltl,0.364,16999.2,sat
/home/michele/mltlsat/Benchmarks/random/P0.7N5L75M100T100-9.mltl,0.376,16692.8,sat
/home/michele/mltlsat/Benchmarks/random/P0.7N5L80M100T100-10.mltl,0.376,17013.6,sat
/home/michele/mltlsat/Benchmarks/random/P0.7N5L80M100T100-1.mltl,0.388,16993.6,sat
/home/michele/mltlsat/Benchmarks/random/P0.7N5L80M100T100-2.mltl,-1,-1,TO
/home/michele/mltlsat/Benchmarks/random/P0.7N5L80M100T100-3.mltl,0.35,20710.4,sat
/home/michele/mltlsat/Benchmarks/random/P0.7N5L80M100T100-4.mltl,0.362,17919.2,sat
/home/michele/mltlsat/Benchmarks/random/P0.7N5L80M100T100-5.mltl,0.408,22529.6,sat
/home/michele/mltlsat/Benchmarks/random/P0.7N5L80M100T100-6.mltl,0.44,38384,sat
/home/michele/mltlsat/Benchmarks/random/P0.7N5L80M100T100-7.mltl,0.834,40736,sat
/home/michele/mltlsat/Benchmarks/random/P0.7N5L80M100T100-8.mltl,0.39,17014.4,sat
/home/michele/mltlsat/Benchmarks/random/P0.7N5L80M100T100-9.mltl,0.392,17614.4,sat
/home/michele/mltlsat/Benchmarks/random/P0.7N5L85M100T100-10.mltl,1.614,447082.4,sat
/home/michele/mltlsat/Benchmarks/random/P0.7N5L85M100T100-1.mltl,0.408,17016.8,sat
/home/michele/mltlsat/Benchmarks/random/P0.7N5L85M100T100-2.mltl,0.406,28687.2,sat
/home/michele/mltlsat/Benchmarks/random/P0.7N5L85M100T100-3.mltl,0.384,17008.8,sat
/home/michele/mltlsat/Benchmarks/random/P0.7N5L85M100T100-4.mltl,0.382,17007.2,sat
/home/michele/mltlsat/Benchmarks/random/P0.7N5L85M100T100-5.mltl,0.38,17325.6,sat
/home/michele/mltlsat/Benchmarks/random/P0.7N5L85M100T100-6.mltl,-1,-1,TO
/home/michele/mltlsat/Benchmarks/random/P0.7N5L85M100T100-7.mltl,42.308,1007108,sat
/home/michele/mltlsat/Benchmarks/random/P0.7N5L85M100T100-8.mltl,0.448,39257.6,sat
/home/michele/mltlsat/Benchmarks/random/P0.7N5L85M100T100-9.mltl,0.362,37762.4,sat
/home/michele/mltlsat/Benchmarks/random/P0.7N5L90M100T100-10.mltl,-1,-1,TO
/home/michele/mltlsat/Benchmarks/random/P0.7N5L90M100T100-1.mltl,-1,-1,TO
/home/michele/mltlsat/Benchmarks/random/P0.7N5L90M100T100-2.mltl,-1,-1,TO
/home/michele/mltlsat/Benchmarks/random/P0.7N5L90M100T100-3.mltl,-1,-1,TO
/home/michele/mltlsat/Benchmarks/random/P0.7N5L90M100T100-4.mltl,16.934,104549.6,sat
/home/michele/mltlsat/Benchmarks/random/P0.7N5L90M100T100-5.mltl,0.348,38365.6,sat
/home/michele/mltlsat/Benchmarks/random/P0.7N5L90M100T100-6.mltl,-1,-1,TO
/home/michele/mltlsat/Benchmarks/random/P0.7N5L90M100T100-7.mltl,86.444,102276.8,sat
/home/michele/mltlsat/Benchmarks/random/P0.7N5L90M100T100-8.mltl,-1,-1,TO
/home/michele/mltlsat/Benchmarks/random/P0.7N5L90M100T100-9.mltl,-1,-1,TO
/home/michele/mltlsat/Benchmarks/random/P0.7N5L95M100T100-10.mltl,0.336,17020.8,sat
/home/michele/mltlsat/Benchmarks/random/P0.7N5L95M100T100-1.mltl,0.332,17002.4,sat
/home/michele/mltlsat/Benchmarks/random/P0.7N5L95M100T100-2.mltl,0.344,17023.2,sat
/home/michele/mltlsat/Benchmarks/random/P0.7N5L95M100T100-3.mltl,0.352,34607.2,sat
/home/michele/mltlsat/Benchmarks/random/P0.7N5L95M100T100-4.mltl,0.354,17017.6,sat
/home/michele/mltlsat/Benchmarks/random/P0.7N5L95M100T100-5.mltl,-1,-1,TO
/home/michele/mltlsat/Benchmarks/random/P0.7N5L95M100T100-6.mltl,0.348,16984.8,sat
/home/michele/mltlsat/Benchmarks/random/P0.7N5L95M100T100-7.mltl,0.34400000000000003,17028.8,sat
/home/michele/mltlsat/Benchmarks/random/P0.7N5L95M100T100-8.mltl,0.336,36485.6,sat
/home/michele/mltlsat/Benchmarks/random/P0.7N5L95M100T100-9.mltl,0.846,44828.8,sat
/home/michele/mltlsat/Benchmarks/random/P0.95N1L100M100T100-10.mltl,0.316,17016,sat
/home/michele/mltlsat/Benchmarks/random/P0.95N1L100M100T100-1.mltl,0.322,18240.8,sat
/home/michele/mltlsat/Benchmarks/random/P0.95N1L100M100T100-2.mltl,-1,-1,TO
/home/michele/mltlsat/Benchmarks/random/P0.95N1L100M100T100-3.mltl,0.35000000000000003,37400,sat
/home/michele/mltlsat/Benchmarks/random/P0.95N1L100M100T100-4.mltl,7.538,2246981.6,sat
/home/michele/mltlsat/Benchmarks/random/P0.95N1L100M100T100-5.mltl,-1,-1,TO
/home/michele/mltlsat/Benchmarks/random/P0.95N1L100M100T100-6.mltl,6.548,45426.4,sat
/home/michele/mltlsat/Benchmarks/random/P0.95N1L100M100T100-7.mltl,-1,-1,TO
/home/michele/mltlsat/Benchmarks/random/P0.95N1L100M100T100-8.mltl,0.38,38001.6,sat
/home/michele/mltlsat/Benchmarks/random/P0.95N1L100M100T100-9.mltl,0.416,38021.6,sat
/home/michele/mltlsat/Benchmarks/random/P0.95N1L10M100T100-10.mltl,0.32,18541.6,sat
/home/michele/mltlsat/Benchmarks/random/P0.95N1L10M100T100-1.mltl,0.33,17316,sat
/home/michele/mltlsat/Benchmarks/random/P0.95N1L10M100T100-2.mltl,0.346,16995.2,sat
/home/michele/mltlsat/Benchmarks/random/P0.95N1L10M100T100-3.mltl,0.346,17004,sat
/home/michele/mltlsat/Benchmarks/random/P0.95N1L10M100T100-4.mltl,0.362,38339.2,sat
/home/michele/mltlsat/Benchmarks/random/P0.95N1L10M100T100-5.mltl,0.344,17006.4,sat
/home/michele/mltlsat/Benchmarks/random/P0.95N1L10M100T100-6.mltl,0.346,17010.4,sat
/home/michele/mltlsat/Benchmarks/random/P0.95N1L10M100T100-7.mltl,0.334,17016.8,sat
/home/michele/mltlsat/Benchmarks/random/P0.95N1L10M100T100-8.mltl,0.332,17336.8,sat
/home/michele/mltlsat/Benchmarks/random/P0.95N1L10M100T100-9.mltl,0.346,16982.4,sat
/home/michele/mltlsat/Benchmarks/random/P0.95N1L15M100T100-10.mltl,4.908,52798.4,sat
/home/michele/mltlsat/Benchmarks/random/P0.95N1L15M100T100-1.mltl,0.32,18236,sat
/home/michele/mltlsat/Benchmarks/random/P0.95N1L15M100T100-2.mltl,0.342,17008,sat
/home/michele/mltlsat/Benchmarks/random/P0.95N1L15M100T100-3.mltl,0.332,17308.8,sat
/home/michele/mltlsat/Benchmarks/random/P0.95N1L15M100T100-4.mltl,0.346,17003.2,sat
/home/michele/mltlsat/Benchmarks/random/P0.95N1L15M100T100-5.mltl,0.372,16998.4,sat
/home/michele/mltlsat/Benchmarks/random/P0.95N1L15M100T100-6.mltl,0.382,17030.4,sat
/home/michele/mltlsat/Benchmarks/random/P0.95N1L15M100T100-7.mltl,0.372,17018.4,sat
/home/michele/mltlsat/Benchmarks/random/P0.95N1L15M100T100-8.mltl,0.378,17318.4,sat
/home/michele/mltlsat/Benchmarks/random/P0.95N1L15M100T100-9.mltl,0.384,17008.8,sat
/home/michele/mltlsat/Benchmarks/random/P0.95N1L20M100T100-10.mltl,0.376,17005.6,sat
/home/michele/mltlsat/Benchmarks/random/P0.95N1L20M100T100-1.mltl,0.418,38663.2,sat
/home/michele/mltlsat/Benchmarks/random/P0.95N1L20M100T100-2.mltl,0.36,16996.8,sat
/home/michele/mltlsat/Benchmarks/random/P0.95N1L20M100T100-3.mltl,0.38,35571.2,sat
/home/michele/mltlsat/Benchmarks/random/P0.95N1L20M100T100-4.mltl,0.378,17008.8,sat
/home/michele/mltlsat/Benchmarks/random/P0.95N1L20M100T100-5.mltl,0.374,17008,sat
/home/michele/mltlsat/Benchmarks/random/P0.95N1L20M100T100-6.mltl,0.782,159854.4,sat
/home/michele/mltlsat/Benchmarks/random/P0.95N1L20M100T100-7.mltl,0.388,17011.2,sat
/home/michele/mltlsat/Benchmarks/random/P0.95N1L20M100T100-8.mltl,0.384,17017.6,sat
/home/michele/mltlsat/Benchmarks/random/P0.95N1L20M100T100-9.mltl,0.394,17010.4,sat
/home/michele/mltlsat/Benchmarks/random/P0.95N1L25M100T100-10.mltl,0.45199999999999996,19170.4,sat
/home/michele/mltlsat/Benchmarks/random/P0.95N1L25M100T100-1.mltl,-1,-1,TO
/home/michele/mltlsat/Benchmarks/random/P0.95N1L25M100T100-2.mltl,0.428,16995.2,sat
/home/michele/mltlsat/Benchmarks/random/P0.95N1L25M100T100-3.mltl,0.46,16976.8,sat
/home/michele/mltlsat/Benchmarks/random/P0.95N1L25M100T100-4.mltl,0.458,17034.4,sat
/home/michele/mltlsat/Benchmarks/random/P0.95N1L25M100T100-5.mltl,0.534,37724,sat
/home/michele/mltlsat/Benchmarks/random/P0.95N1L25M100T100-6.mltl,0.66,64627.2,sat
/home/michele/mltlsat/Benchmarks/random/P0.95N1L25M100T100-7.mltl,0.43,17016,sat
/home/michele/mltlsat/Benchmarks/random/P0.95N1L25M100T100-8.mltl,0.526,36824.8,sat
/home/michele/mltlsat/Benchmarks/random/P0.95N1L25M100T100-9.mltl,0.518,38012.8,sat
/home/michele/mltlsat/Benchmarks/random/P0.95N1L30M100T100-10.mltl,0.658,39595.2,sat
/home/michele/mltlsat/Benchmarks/random/P0.95N1L30M100T100-1.mltl,3.9819999999999998,42639.2,sat
/home/michele/mltlsat/Benchmarks/random/P0.95N1L30M100T100-2.mltl,0.418,17000,sat
/home/michele/mltlsat/Benchmarks/random/P0.95N1L30M100T100-3.mltl,0.46799999999999997,19159.2,sat
/home/michele/mltlsat/Benchmarks/random/P0.95N1L30M100T100-4.mltl,1.266,42378.4,sat
/home/michele/mltlsat/Benchmarks/random/P0.95N1L30M100T100-5.mltl,-1,-1,TO
/home/michele/mltlsat/Benchmarks/random/P0.95N1L30M100T100-6.mltl,-1,-1,TO
/home/michele/mltlsat/Benchmarks/random/P0.95N1L30M100T100-7.mltl,-1,-1,TO
/home/michele/mltlsat/Benchmarks/random/P0.95N1L30M100T100-8.mltl,0.344,22278.4,sat
/home/michele/mltlsat/Benchmarks/random/P0.95N1L30M100T100-9.mltl,0.33,17296,sat
/home/michele/mltlsat/Benchmarks/random/P0.95N1L35M100T100-10.mltl,3.008,41103.2,sat
/home/michele/mltlsat/Benchmarks/random/P0.95N1L35M100T100-1.mltl,0.424,39548,sat
/home/michele/mltlsat/Benchmarks/random/P0.95N1L35M100T100-2.mltl,-1,-1,TO
/home/michele/mltlsat/Benchmarks/random/P0.95N1L35M100T100-3.mltl,3.63,51896,sat
/home/michele/mltlsat/Benchmarks/random/P0.95N1L35M100T100-4.mltl,0.348,17023.2,sat
/home/michele/mltlsat/Benchmarks/random/P0.95N1L35M100T100-5.mltl,0.36,36168.8,sat
/home/michele/mltlsat/Benchmarks/random/P0.95N1L35M100T100-6.mltl,-1,-1,TO
/home/michele/mltlsat/Benchmarks/random/P0.95N1L35M100T100-7.mltl,0.366,38674.4,sat
/home/michele/mltlsat/Benchmarks/random/P0.95N1L35M100T100-8.mltl,0.334,17616,sat
/home/michele/mltlsat/Benchmarks/random/P0.95N1L35M100T100-9.mltl,0.336,17016.8,sat
/home/michele/mltlsat/Benchmarks/random/P0.95N1L40M100T100-10.mltl,0.35,16996.8,sat
/home/michele/mltlsat/Benchmarks/random/P0.95N1L40M100T100-1.mltl,0.35,16996.8,unsat
/home/michele/mltlsat/Benchmarks/random/P0.95N1L40M100T100-2.mltl,-1,-1,TO
/home/michele/mltlsat/Benchmarks/random/P0.95N1L40M100T100-3.mltl,-1,-1,TO
/home/michele/mltlsat/Benchmarks/random/P0.95N1L40M100T100-4.mltl,-1,-1,TO
/home/michele/mltlsat/Benchmarks/random/P0.95N1L40M100T100-5.mltl,0.338,17018.4,sat
/home/michele/mltlsat/Benchmarks/random/P0.95N1L40M100T100-6.mltl,-1,-1,TO
/home/michele/mltlsat/Benchmarks/random/P0.95N1L40M100T100-7.mltl,4.876,52048.8,sat
/home/michele/mltlsat/Benchmarks/random/P0.95N1L40M100T100-8.mltl,51.166,86219.2,sat
/home/michele/mltlsat/Benchmarks/random/P0.95N1L40M100T100-9.mltl,0.364,37693.6,sat
/home/michele/mltlsat/Benchmarks/random/P0.95N1L45M100T100-10.mltl,-1,-1,TO
/home/michele/mltlsat/Benchmarks/random/P0.95N1L45M100T100-1.mltl,13.14,45975.2,sat
/home/michele/mltlsat/Benchmarks/random/P0.95N1L45M100T100-2.mltl,1.042,56959.2,sat
/home/michele/mltlsat/Benchmarks/random/P0.95N1L45M100T100-3.mltl,0.338,17002.4,sat
/home/michele/mltlsat/Benchmarks/random/P0.95N1L45M100T100-4.mltl,-1,-1,TO
/home/michele/mltlsat/Benchmarks/random/P0.95N1L45M100T100-5.mltl,-1,-1,TO
/home/michele/mltlsat/Benchmarks/random/P0.95N1L45M100T100-6.mltl,0.63,116840.8,sat
/home/michele/mltlsat/Benchmarks/random/P0.95N1L45M100T100-7.mltl,0.328,17316,sat
/home/michele/mltlsat/Benchmarks/random/P0.95N1L45M100T100-8.mltl,0.382,40203.2,sat
/home/michele/mltlsat/Benchmarks/random/P0.95N1L45M100T100-9.mltl,0.34400000000000003,36472,sat
/home/michele/mltlsat/Benchmarks/random/P0.95N1L50M100T100-10.mltl,-1,-1,TO
/home/michele/mltlsat/Benchmarks/random/P0.95N1L50M100T100-1.mltl,0.378,19181.6,sat
/home/michele/mltlsat/Benchmarks/random/P0.95N1L50M100T100-2.mltl,0.342,17010.4,sat
/home/michele/mltlsat/Benchmarks/random/P0.95N1L50M100T100-3.mltl,0.354,17023.2,sat
/home/michele/mltlsat/Benchmarks/random/P0.95N1L50M100T100-4.mltl,0.348,17004,sat
/home/michele/mltlsat/Benchmarks/random/P0.95N1L50M100T100-5.mltl,0.34,17012.8,sat
/home/michele/mltlsat/Benchmarks/random/P0.95N1L50M100T100-6.mltl,-1,-1,TO
/home/michele/mltlsat/Benchmarks/random/P0.95N1L50M100T100-7.mltl,0.334,17328,sat
/home/michele/mltlsat/Benchmarks/random/P0.95N1L50M100T100-8.mltl,0.55,38975.2,sat
/home/michele/mltlsat/Benchmarks/random/P0.95N1L50M100T100-9.mltl,0.414,38288.8,sat
/home/michele/mltlsat/Benchmarks/random/P0.95N1L55M100T100-10.mltl,0.33,17316,sat
/home/michele/mltlsat/Benchmarks/random/P0.95N1L55M100T100-1.mltl,0.77,42299.2,sat
/home/michele/mltlsat/Benchmarks/random/P0.95N1L55M100T100-2.mltl,0.358,36555.2,sat
/home/michele/mltlsat/Benchmarks/random/P0.95N1L55M100T100-3.mltl,-1,-1,TO
/home/michele/mltlsat/Benchmarks/random/P0.95N1L55M100T100-4.mltl,-1,-1,TO
/home/michele/mltlsat/Benchmarks/random/P0.95N1L55M100T100-5.mltl,0.338,17009.6,sat
/home/michele/mltlsat/Benchmarks/random/P0.95N1L55M100T100-6.mltl,89.278,171525.6,sat
/home/michele/mltlsat/Benchmarks/random/P0.95N1L55M100T100-7.mltl,0.576,39544,sat
/home/michele/mltlsat/Benchmarks/random/P0.95N1L55M100T100-8.mltl,0.702,44166.4,sat
/home/michele/mltlsat/Benchmarks/random/P0.95N1L55M100T100-9.mltl,0.33,17620.8,sat
/home/michele/mltlsat/Benchmarks/random/P0.95N1L5M100T100-10.mltl,0.356,20986.4,sat
/home/michele/mltlsat/Benchmarks/random/P0.95N1L5M100T100-1.mltl,0.366,20699.2,sat
/home/michele/mltlsat/Benchmarks/random/P0.95N1L5M100T100-2.mltl,0.328,17020,sat
/home/michele/mltlsat/Benchmarks/random/P0.95N1L5M100T100-3.mltl,0.342,17019.2,sat
/home/michele/mltlsat/Benchmarks/random/P0.95N1L5M100T100-4.mltl,0.354,17023.2,sat
/home/michele/mltlsat/Benchmarks/random/P0.95N1L5M100T100-5.mltl,0.338,17032,sat
/home/michele/mltlsat/Benchmarks/random/P0.95N1L5M100T100-6.mltl,0.338,17002.4,sat
/home/michele/mltlsat/Benchmarks/random/P0.95N1L5M100T100-7.mltl,0.338,17303.2,sat
/home/michele/mltlsat/Benchmarks/random/P0.95N1L5M100T100-8.mltl,0.336,16999.2,sat
/home/michele/mltlsat/Benchmarks/random/P0.95N1L5M100T100-9.mltl,0.334,17004,sat
/home/michele/mltlsat/Benchmarks/random/P0.95N1L60M100T100-10.mltl,32.422,927844.8,sat
/home/michele/mltlsat/Benchmarks/random/P0.95N1L60M100T100-1.mltl,-1,-1,TO
/home/michele/mltlsat/Benchmarks/random/P0.95N1L60M100T100-2.mltl,0.338,17624,sat
/home/michele/mltlsat/Benchmarks/random/P0.95N1L60M100T100-3.mltl,-1,-1,TO
/home/michele/mltlsat/Benchmarks/random/P0.95N1L60M100T100-4.mltl,2.246,42964.8,sat
/home/michele/mltlsat/Benchmarks/random/P0.95N1L60M100T100-5.mltl,-1,-1,TO
/home/michele/mltlsat/Benchmarks/random/P0.95N1L60M100T100-6.mltl,0.76,39924.8,sat
/home/michele/mltlsat/Benchmarks/random/P0.95N1L60M100T100-7.mltl,-1,-1,TO
/home/michele/mltlsat/Benchmarks/random/P0.95N1L60M100T100-8.mltl,-1,-1,TO
/home/michele/mltlsat/Benchmarks/random/P0.95N1L60M100T100-9.mltl,0.36,34947.2,sat
/home/michele/mltlsat/Benchmarks/random/P0.95N1L65M100T100-10.mltl,0.356,25622.4,sat
/home/michele/mltlsat/Benchmarks/random/P0.95N1L65M100T100-1.mltl,0.348,17015.2,sat
/home/michele/mltlsat/Benchmarks/random/P0.95N1L65M100T100-2.mltl,-1,-1,TO
/home/michele/mltlsat/Benchmarks/random/P0.95N1L65M100T100-3.mltl,-1,-1,TO
/home/michele/mltlsat/Benchmarks/random/P0.95N1L65M100T100-4.mltl,-1,-1,TO
/home/michele/mltlsat/Benchmarks/random/P0.95N1L65M100T100-5.mltl,84.904,204839.2,sat
/home/michele/mltlsat/Benchmarks/random/P0.95N1L65M100T100-6.mltl,0.342,17005.6,sat
/home/michele/mltlsat/Benchmarks/random/P0.95N1L65M100T100-7.mltl,-1,-1,TO
/home/michele/mltlsat/Benchmarks/random/P0.95N1L65M100T100-8.mltl,-1,-1,TO
/home/michele/mltlsat/Benchmarks/random/P0.95N1L65M100T100-9.mltl,-1,-1,TO
/home/michele/mltlsat/Benchmarks/random/P0.95N1L70M100T100-10.mltl,-1,-1,TO
/home/michele/mltlsat/Benchmarks/random/P0.95N1L70M100T100-1.mltl,1.102,46067.2,sat
/home/michele/mltlsat/Benchmarks/random/P0.95N1L70M100T100-2.mltl,-1,-1,TO
/home/michele/mltlsat/Benchmarks/random/P0.95N1L70M100T100-3.mltl,-1,-1,TO
/home/michele/mltlsat/Benchmarks/random/P0.95N1L70M100T100-4.mltl,0.36,27135.2,sat
/home/michele/mltlsat/Benchmarks/random/P0.95N1L70M100T100-5.mltl,-1,-1,TO
/home/michele/mltlsat/Benchmarks/random/P0.95N1L70M100T100-6.mltl,0.342,17010.4,sat
/home/michele/mltlsat/Benchmarks/random/P0.95N1L70M100T100-7.mltl,13.522,493176,sat
/home/michele/mltlsat/Benchmarks/random/P0.95N1L70M100T100-8.mltl,0.336,17012,sat
/home/michele/mltlsat/Benchmarks/random/P0.95N1L70M100T100-9.mltl,0.334,17330.4,sat
/home/michele/mltlsat/Benchmarks/random/P0.95N1L75M100T100-10.mltl,-1,-1,TO
/home/michele/mltlsat/Benchmarks/random/P0.95N1L75M100T100-1.mltl,-1,-1,TO
/home/michele/mltlsat/Benchmarks/random/P0.95N1L75M100T100-2.mltl,0.332,17004,sat
/home/michele/mltlsat/Benchmarks/random/P0.95N1L75M100T100-3.mltl,0.334,17018.4,sat
/home/michele/mltlsat/Benchmarks/random/P0.95N1L75M100T100-4.mltl,-1,-1,TO
/home/michele/mltlsat/Benchmarks/random/P0.95N1L75M100T100-5.mltl,59.01,638164.8,sat
/home/michele/mltlsat/Benchmarks/random/P0.95N1L75M100T100-6.mltl,-1,-1,TO
/home/michele/mltlsat/Benchmarks/random/P0.95N1L75M100T100-7.mltl,-1,-1,TO
/home/michele/mltlsat/Benchmarks/random/P0.95N1L75M100T100-8.mltl,1.942,43264.8,sat
/home/michele/mltlsat/Benchmarks/random/P0.95N1L75M100T100-9.mltl,0.34400000000000003,17013.6,sat
/home/michele/mltlsat/Benchmarks/random/P0.95N1L80M100T100-10.mltl,0.42,38392.8,sat
/home/michele/mltlsat/Benchmarks/random/P0.95N1L80M100T100-1.mltl,-1,-1,TO
/home/michele/mltlsat/Benchmarks/random/P0.95N1L80M100T100-2.mltl,-1,-1,TO
/home/michele/mltlsat/Benchmarks/random/P0.95N1L80M100T100-3.mltl,-1,-1,TO
/home/michele/mltlsat/Benchmarks/random/P0.95N1L80M100T100-4.mltl,0.352,21942.4,sat
/home/michele/mltlsat/Benchmarks/random/P0.95N1L80M100T100-5.mltl,-1,-1,TO
/home/michele/mltlsat/Benchmarks/random/P0.95N1L80M100T100-6.mltl,-1,-1,TO
/home/michele/mltlsat/Benchmarks/random/P0.95N1L80M100T100-7.mltl,-1,-1,TO
/home/michele/mltlsat/Benchmarks/random/P0.95N1L80M100T100-8.mltl,0.332,17316,sat
/home/michele/mltlsat/Benchmarks/random/P0.95N1L80M100T100-9.mltl,1.534,44491.2,sat
/home/michele/mltlsat/Benchmarks/random/P0.95N1L85M100T100-10.mltl,0.34400000000000003,33676,sat
/home/michele/mltlsat/Benchmarks/random/P0.95N1L85M100T100-1.mltl,-1,-1,TO
/home/michele/mltlsat/Benchmarks/random/P0.95N1L85M100T100-2.mltl,-1,-1,TO
/home/michele/mltlsat/Benchmarks/random/P0.95N1L85M100T100-3.mltl,0.39,37708.8,sat
/home/michele/mltlsat/Benchmarks/random/P0.95N1L85M100T100-4.mltl,0.976,44808.8,sat
/home/michele/mltlsat/Benchmarks/random/P0.95N1L85M100T100-5.mltl,0.352,18888,sat
/home/michele/mltlsat/Benchmarks/random/P0.95N1L85M100T100-6.mltl,1.324,44175.2,sat
/home/michele/mltlsat/Benchmarks/random/P0.95N1L85M100T100-7.mltl,0.342,17020.8,sat
/home/michele/mltlsat/Benchmarks/random/P0.95N1L85M100T100-8.mltl,98.414,228365.6,sat
/home/michele/mltlsat/Benchmarks/random/P0.95N1L85M100T100-9.mltl,-1,-1,TO
/home/michele/mltlsat/Benchmarks/random/P0.95N1L90M100T100-10.mltl,0.476,59395.2,sat
/home/michele/mltlsat/Benchmarks/random/P0.95N1L90M100T100-1.mltl,0.328,17012,sat
/home/michele/mltlsat/Benchmarks/random/P0.95N1L90M100T100-2.mltl,0.752,39896,sat
/home/michele/mltlsat/Benchmarks/random/P0.95N1L90M100T100-3.mltl,-1,-1,TO
/home/michele/mltlsat/Benchmarks/random/P0.95N1L90M100T100-4.mltl,0.712,40790.4,sat
/home/michele/mltlsat/Benchmarks/random/P0.95N1L90M100T100-5.mltl,0.338,17014.4,sat
/home/michele/mltlsat/Benchmarks/random/P0.95N1L90M100T100-6.mltl,-1,-1,TO
/home/michele/mltlsat/Benchmarks/random/P0.95N1L90M100T100-7.mltl,0.424,37688.8,sat
/home/michele/mltlsat/Benchmarks/random/P0.95N1L90M100T100-8.mltl,0.618,39917.6,sat
/home/michele/mltlsat/Benchmarks/random/P0.95N1L90M100T100-9.mltl,-1,-1,TO
/home/michele/mltlsat/Benchmarks/random/P0.95N1L95M100T100-10.mltl,-1,-1,TO
/home/michele/mltlsat/Benchmarks/random/P0.95N1L95M100T100-1.mltl,-1,-1,TO
/home/michele/mltlsat/Benchmarks/random/P0.95N1L95M100T100-2.mltl,-1,-1,TO
/home/michele/mltlsat/Benchmarks/random/P0.95N1L95M100T100-3.mltl,0.348,36793.6,sat
/home/michele/mltlsat/Benchmarks/random/P0.95N1L95M100T100-4.mltl,0.334,33970.4,sat
/home/michele/mltlsat/Benchmarks/random/P0.95N1L95M100T100-5.mltl,0.356,31484.8,sat
/home/michele/mltlsat/Benchmarks/random/P0.95N1L95M100T100-6.mltl,1.248,44516,sat
/home/michele/mltlsat/Benchmarks/random/P0.95N1L95M100T100-7.mltl,-1,-1,TO
/home/michele/mltlsat/Benchmarks/random/P0.95N1L95M100T100-8.mltl,-1,-1,TO
/home/michele/mltlsat/Benchmarks/random/P0.95N1L95M100T100-9.mltl,-1,-1,TO
/home/michele/mltlsat/Benchmarks/random/P0.95N2L100M100T100-10.mltl,-1,-1,TO
/home/michele/mltlsat/Benchmarks/random/P0.95N2L100M100T100-1.mltl,-1,-1,TO
/home/michele/mltlsat/Benchmarks/random/P0.95N2L100M100T100-2.mltl,0.36,28400.8,sat
/home/michele/mltlsat/Benchmarks/random/P0.95N2L100M100T100-3.mltl,-1,-1,TO
/home/michele/mltlsat/Benchmarks/random/P0.95N2L100M100T100-4.mltl,0.372,38332.8,sat
/home/michele/mltlsat/Benchmarks/random/P0.95N2L100M100T100-5.mltl,0.4,38675.2,sat
/home/michele/mltlsat/Benchmarks/random/P0.95N2L100M100T100-6.mltl,-1,-1,TO
/home/michele/mltlsat/Benchmarks/random/P0.95N2L100M100T100-7.mltl,0.892,52045.6,sat
/home/michele/mltlsat/Benchmarks/random/P0.95N2L100M100T100-8.mltl,0.334,17015.2,sat
/home/michele/mltlsat/Benchmarks/random/P0.95N2L100M100T100-9.mltl,-1,-1,TO
/home/michele/mltlsat/Benchmarks/random/P0.95N2L10M100T100-10.mltl,0.34400000000000003,36176,sat
/home/michele/mltlsat/Benchmarks/random/P0.95N2L10M100T100-1.mltl,0.336,17013.6,sat
/home/michele/mltlsat/Benchmarks/random/P0.95N2L10M100T100-2.mltl,0.336,16997.6,sat
/home/michele/mltlsat/Benchmarks/random/P0.95N2L10M100T100-3.mltl,0.34,17005.6,sat
/home/michele/mltlsat/Benchmarks/random/P0.95N2L10M100T100-4.mltl,0.342,17016,sat
/home/michele/mltlsat/Benchmarks/random/P0.95N2L10M100T100-5.mltl,0.34400000000000003,16997.6,sat
/home/michele/mltlsat/Benchmarks/random/P0.95N2L10M100T100-6.mltl,0.33,17283.2,sat
/home/michele/mltlsat/Benchmarks/random/P0.95N2L10M100T100-7.mltl,0.346,17024.8,sat
/home/michele/mltlsat/Benchmarks/random/P0.95N2L10M100T100-8.mltl,0.344,16695.2,sat
/home/michele/mltlsat/Benchmarks/random/P0.95N2L10M100T100-9.mltl,0.332,17624,sat
/home/michele/mltlsat/Benchmarks/random/P0.95N2L15M100T100-10.mltl,0.338,17002.4,sat
/home/michele/mltlsat/Benchmarks/random/P0.95N2L15M100T100-1.mltl,0.342,17007.2,sat
/home/michele/mltlsat/Benchmarks/random/P0.95N2L15M100T100-2.mltl,0.34400000000000003,16994.4,sat
/home/michele/mltlsat/Benchmarks/random/P0.95N2L15M100T100-3.mltl,0.392,38056,sat
/home/michele/mltlsat/Benchmarks/random/P0.95N2L15M100T100-4.mltl,0.334,17317.6,sat
/home/michele/mltlsat/Benchmarks/random/P0.95N2L15M100T100-5.mltl,0.338,18251.2,sat
/home/michele/mltlsat/Benchmarks/random/P0.95N2L15M100T100-6.mltl,0.344,21312,sat
/home/michele/mltlsat/Benchmarks/random/P0.95N2L15M100T100-7.mltl,0.334,17015.2,sat
/home/michele/mltlsat/Benchmarks/random/P0.95N2L15M100T100-8.mltl,0.34400000000000003,17022.4,sat
/home/michele/mltlsat/Benchmarks/random/P0.95N2L15M100T100-9.mltl,0.61,41414.4,sat
/home/michele/mltlsat/Benchmarks/random/P0.95N2L20M100T100-10.mltl,0.36,17009.6,sat
/home/michele/mltlsat/Benchmarks/random/P0.95N2L20M100T100-1.mltl,0.362,16992.8,sat
/home/michele/mltlsat/Benchmarks/random/P0.95N2L20M100T100-2.mltl,0.39,16992.8,sat
/home/michele/mltlsat/Benchmarks/random/P0.95N2L20M100T100-3.mltl,0.388,17022.4,unsat
/home/michele/mltlsat/Benchmarks/random/P0.95N2L20M100T100-4.mltl,0.494,38041.6,sat
/home/michele/mltlsat/Benchmarks/random/P0.95N2L20M100T100-5.mltl,0.452,38679.2,sat
/home/michele/mltlsat/Benchmarks/random/P0.95N2L20M100T100-6.mltl,0.376,17005.6,sat
/home/michele/mltlsat/Benchmarks/random/P0.95N2L20M100T100-7.mltl,0.484,38047.2,sat
/home/michele/mltlsat/Benchmarks/random/P0.95N2L20M100T100-8.mltl,0.378,17004.8,sat
/home/michele/mltlsat/Benchmarks/random/P0.95N2L20M100T100-9.mltl,0.398,17008.8,sat
/home/michele/mltlsat/Benchmarks/random/P0.95N2L25M100T100-10.mltl,0.404,17003.2,sat
/home/michele/mltlsat/Benchmarks/random/P0.95N2L25M100T100-1.mltl,0.40199999999999997,17322.4,sat
/home/michele/mltlsat/Benchmarks/random/P0.95N2L25M100T100-2.mltl,-1,-1,TO
/home/michele/mltlsat/Benchmarks/random/P0.95N2L25M100T100-3.mltl,0.532,38055.2,sat
/home/michele/mltlsat/Benchmarks/random/P0.95N2L25M100T100-4.mltl,-1,-1,TO
/home/michele/mltlsat/Benchmarks/random/P0.95N2L25M100T100-5.mltl,0.604,41444,sat
/home/michele/mltlsat/Benchmarks/random/P0.95N2L25M100T100-6.mltl,0.34,17004.8,sat
/home/michele/mltlsat/Benchmarks/random/P0.95N2L25M100T100-7.mltl,0.326,17610.4,sat
/home/michele/mltlsat/Benchmarks/random/P0.95N2L25M100T100-8.mltl,-1,-1,TO
/home/michele/mltlsat/Benchmarks/random/P0.95N2L25M100T100-9.mltl,0.338,17328.8,sat
/home/michele/mltlsat/Benchmarks/random/P0.95N2L30M100T100-10.mltl,0.338,17017.6,sat
/home/michele/mltlsat/Benchmarks/random/P0.95N2L30M100T100-1.mltl,0.396,38683.2,sat
/home/michele/mltlsat/Benchmarks/random/P0.95N2L30M100T100-2.mltl,0.332,17000.8,sat
/home/michele/mltlsat/Benchmarks/random/P0.95N2L30M100T100-3.mltl,-1,-1,TO
/home/michele/mltlsat/Benchmarks/random/P0.95N2L30M100T100-4.mltl,0.348,17016.8,sat
/home/michele/mltlsat/Benchmarks/random/P0.95N2L30M100T100-5.mltl,0.34,17000.8,sat
/home/michele/mltlsat/Benchmarks/random/P0.95N2L30M100T100-6.mltl,0.518,40202.4,sat
/home/michele/mltlsat/Benchmarks/random/P0.95N2L30M100T100-7.mltl,0.35,17004,sat
/home/michele/mltlsat/Benchmarks/random/P0.95N2L30M100T100-8.mltl,0.332,17632.8,sat
/home/michele/mltlsat/Benchmarks/random/P0.95N2L30M100T100-9.mltl,0.33,18560,sat
/home/michele/mltlsat/Benchmarks/random/P0.95N2L35M100T100-10.mltl,7.804,2678592.8,sat
/home/michele/mltlsat/Benchmarks/random/P0.95N2L35M100T100-1.mltl,20.03,520208,sat
/home/michele/mltlsat/Benchmarks/random/P0.95N2L35M100T100-2.mltl,3.066,79680,sat
/home/michele/mltlsat/Benchmarks/random/P0.95N2L35M100T100-3.mltl,0.388,18856.8,sat
/home/michele/mltlsat/Benchmarks/random/P0.95N2L35M100T100-4.mltl,3.168,46958.4,sat
/home/michele/mltlsat/Benchmarks/random/P0.95N2L35M100T100-5.mltl,-1,-1,TO
/home/michele/mltlsat/Benchmarks/random/P0.95N2L35M100T100-6.mltl,0.336,17305.6,sat
/home/michele/mltlsat/Benchmarks/random/P0.95N2L35M100T100-7.mltl,-1,-1,TO
/home/michele/mltlsat/Benchmarks/random/P0.95N2L35M100T100-8.mltl,10.086,109454.4,sat
/home/michele/mltlsat/Benchmarks/random/P0.95N2L35M100T100-9.mltl,-1,-1,TO
/home/michele/mltlsat/Benchmarks/random/P0.95N2L40M100T100-10.mltl,0.334,17031.2,sat
/home/michele/mltlsat/Benchmarks/random/P0.95N2L40M100T100-1.mltl,0.32,18228,sat
/home/michele/mltlsat/Benchmarks/random/P0.95N2L40M100T100-2.mltl,4.602,76132,sat
/home/michele/mltlsat/Benchmarks/random/P0.95N2L40M100T100-3.mltl,-1,-1,TO
/home/michele/mltlsat/Benchmarks/random/P0.95N2L40M100T100-4.mltl,49.488,73692.8,sat
/home/michele/mltlsat/Benchmarks/random/P0.95N2L40M100T100-5.mltl,107.862,149415.2,sat
/home/michele/mltlsat/Benchmarks/random/P0.95N2L40M100T100-6.mltl,0.332,16999.2,sat
/home/michele/mltlsat/Benchmarks/random/P0.95N2L40M100T100-7.mltl,8.802,79993.6,sat
/home/michele/mltlsat/Benchmarks/random/P0.95N2L40M100T100-8.mltl,0.34400000000000003,38388.8,sat
/home/michele/mltlsat/Benchmarks/random/P0.95N2L40M100T100-9.mltl,-1,-1,TO
/home/michele/mltlsat/Benchmarks/random/P0.95N2L45M100T100-10.mltl,10.858,149118.4,sat
/home/michele/mltlsat/Benchmarks/random/P0.95N2L45M100T100-1.mltl,0.326,17616.8,sat
/home/michele/mltlsat/Benchmarks/random/P0.95N2L45M100T100-2.mltl,-1,-1,TO
/home/michele/mltlsat/Benchmarks/random/P0.95N2L45M100T100-3.mltl,0.352,38039.2,sat
/home/michele/mltlsat/Benchmarks/random/P0.95N2L45M100T100-4.mltl,0.326,17928,sat
/home/michele/mltlsat/Benchmarks/random/P0.95N2L45M100T100-5.mltl,-1,-1,TO
/home/michele/mltlsat/Benchmarks/random/P0.95N2L45M100T100-6.mltl,-1,-1,TO
/home/michele/mltlsat/Benchmarks/random/P0.95N2L45M100T100-7.mltl,0.436,38656,sat
/home/michele/mltlsat/Benchmarks/random/P0.95N2L45M100T100-8.mltl,2.55,41085.6,sat
/home/michele/mltlsat/Benchmarks/random/P0.95N2L45M100T100-9.mltl,0.362,23163.2,sat
/home/michele/mltlsat/Benchmarks/random/P0.95N2L50M100T100-10.mltl,-1,-1,TO
/home/michele/mltlsat/Benchmarks/random/P0.95N2L50M100T100-1.mltl,0.558,37700.8,sat
/home/michele/mltlsat/Benchmarks/random/P0.95N2L50M100T100-2.mltl,0.44,38339.2,sat
/home/michele/mltlsat/Benchmarks/random/P0.95N2L50M100T100-3.mltl,0.322,18564,sat
/home/michele/mltlsat/Benchmarks/random/P0.95N2L50M100T100-4.mltl,0.324,17331.2,sat
/home/michele/mltlsat/Benchmarks/random/P0.95N2L50M100T100-5.mltl,5.278,76906.4,sat
/home/michele/mltlsat/Benchmarks/random/P0.95N2L50M100T100-6.mltl,52.467999999999996,114925.6,sat
/home/michele/mltlsat/Benchmarks/random/P0.95N2L50M100T100-7.mltl,0.44,39556,sat
/home/michele/mltlsat/Benchmarks/random/P0.95N2L50M100T100-8.mltl,0.496,38364,sat
/home/michele/mltlsat/Benchmarks/random/P0.95N2L50M100T100-9.mltl,17.041999999999998,75791.2,sat
/home/michele/mltlsat/Benchmarks/random/P0.95N2L55M100T100-10.mltl,0.462,41133.6,sat
/home/michele/mltlsat/Benchmarks/random/P0.95N2L55M100T100-1.mltl,2.752,46042.4,sat
/home/michele/mltlsat/Benchmarks/random/P0.95N2L55M100T100-2.mltl,-1,-1,TO
/home/michele/mltlsat/Benchmarks/random/P0.95N2L55M100T100-3.mltl,0.332,17619.2,sat
/home/michele/mltlsat/Benchmarks/random/P0.95N2L55M100T100-4.mltl,0.33,17298.4,sat
/home/michele/mltlsat/Benchmarks/random/P0.95N2L55M100T100-5.mltl,0.34400000000000003,33980,sat
/home/michele/mltlsat/Benchmarks/random/P0.95N2L55M100T100-6.mltl,0.52,39878.4,sat
/home/michele/mltlsat/Benchmarks/random/P0.95N2L55M100T100-7.mltl,0.34199999999999997,17316,sat
/home/michele/mltlsat/Benchmarks/random/P0.95N2L55M100T100-8.mltl,0.342,17009.6,sat
/home/michele/mltlsat/Benchmarks/random/P0.95N2L55M100T100-9.mltl,7.156,69345.6,sat
/home/michele/mltlsat/Benchmarks/random/P0.95N2L5M100T100-10.mltl,0.342,17029.6,sat
/home/michele/mltlsat/Benchmarks/random/P0.95N2L5M100T100-1.mltl,0.338,16983.2,sat
/home/michele/mltlsat/Benchmarks/random/P0.95N2L5M100T100-2.mltl,0.34400000000000003,16995.2,sat
/home/michele/mltlsat/Benchmarks/random/P0.95N2L5M100T100-3.mltl,0.34,17001.6,sat
/home/michele/mltlsat/Benchmarks/random/P0.95N2L5M100T100-4.mltl,0.338,16996.8,sat
/home/michele/mltlsat/Benchmarks/random/P0.95N2L5M100T100-5.mltl,0.34,17016.8,sat
/home/michele/mltlsat/Benchmarks/random/P0.95N2L5M100T100-6.mltl,0.34199999999999997,17275.2,sat
/home/michele/mltlsat/Benchmarks/random/P0.95N2L5M100T100-7.mltl,0.32,17921.6,sat
/home/michele/mltlsat/Benchmarks/random/P0.95N2L5M100T100-8.mltl,0.316,18231.2,sat
/home/michele/mltlsat/Benchmarks/random/P0.95N2L5M100T100-9.mltl,0.322,18533.6,sat
/home/michele/mltlsat/Benchmarks/random/P0.95N2L60M100T100-10.mltl,2.552,41726.4,sat
/home/michele/mltlsat/Benchmarks/random/P0.95N2L60M100T100-1.mltl,-1,-1,TO
/home/michele/mltlsat/Benchmarks/random/P0.95N2L60M100T100-2.mltl,-1,-1,TO
/home/michele/mltlsat/Benchmarks/random/P0.95N2L60M100T100-3.mltl,-1,-1,TO
/home/michele/mltlsat/Benchmarks/random/P0.95N2L60M100T100-4.mltl,0.354,20415.2,sat
/home/michele/mltlsat/Benchmarks/random/P0.95N2L60M100T100-5.mltl,-1,-1,TO
/home/michele/mltlsat/Benchmarks/random/P0.95N2L60M100T100-6.mltl,0.35,17011.2,sat
/home/michele/mltlsat/Benchmarks/random/P0.95N2L60M100T100-7.mltl,0.338,18532.8,sat
/home/michele/mltlsat/Benchmarks/random/P0.95N2L60M100T100-8.mltl,0.374,38638.4,sat
/home/michele/mltlsat/Benchmarks/random/P0.95N2L60M100T100-9.mltl,0.336,17006.4,sat
/home/michele/mltlsat/Benchmarks/random/P0.95N2L65M100T100-10.mltl,0.356,16999.2,sat
/home/michele/mltlsat/Benchmarks/random/P0.95N2L65M100T100-1.mltl,0.342,34917.6,sat
/home/michele/mltlsat/Benchmarks/random/P0.95N2L65M100T100-2.mltl,-1,-1,TO
/home/michele/mltlsat/Benchmarks/random/P0.95N2L65M100T100-3.mltl,-1,-1,TO
/home/michele/mltlsat/Benchmarks/random/P0.95N2L65M100T100-4.mltl,36.624,112530.4,sat
/home/michele/mltlsat/Benchmarks/random/P0.95N2L65M100T100-5.mltl,-1,-1,TO
/home/michele/mltlsat/Benchmarks/random/P0.95N2L65M100T100-6.mltl,0.47,66162.4,sat
/home/michele/mltlsat/Benchmarks/random/P0.95N2L65M100T100-7.mltl,-1,-1,TO
/home/michele/mltlsat/Benchmarks/random/P0.95N2L65M100T100-8.mltl,1.142,44208,sat
/home/michele/mltlsat/Benchmarks/random/P0.95N2L65M100T100-9.mltl,0.35,17016.8,sat
/home/michele/mltlsat/Benchmarks/random/P0.95N2L70M100T100-10.mltl,-1,-1,TO
/home/michele/mltlsat/Benchmarks/random/P0.95N2L70M100T100-1.mltl,-1,-1,TO
/home/michele/mltlsat/Benchmarks/random/P0.95N2L70M100T100-2.mltl,-1,-1,TO
/home/michele/mltlsat/Benchmarks/random/P0.95N2L70M100T100-3.mltl,-1,-1,TO
/home/michele/mltlsat/Benchmarks/random/P0.95N2L70M100T100-4.mltl,0.386,37386.4,sat
/home/michele/mltlsat/Benchmarks/random/P0.95N2L70M100T100-5.mltl,3.27,45051.2,sat
/home/michele/mltlsat/Benchmarks/random/P0.95N2L70M100T100-6.mltl,-1,-1,TO
/home/michele/mltlsat/Benchmarks/random/P0.95N2L70M100T100-7.mltl,-1,-1,TO
/home/michele/mltlsat/Benchmarks/random/P0.95N2L70M100T100-8.mltl,0.338,17000.8,sat
/home/michele/mltlsat/Benchmarks/random/P0.95N2L70M100T100-9.mltl,0.366,38356.8,sat
/home/michele/mltlsat/Benchmarks/random/P0.95N2L75M100T100-10.mltl,-1,-1,TO
/home/michele/mltlsat/Benchmarks/random/P0.95N2L75M100T100-1.mltl,-1,-1,TO
/home/michele/mltlsat/Benchmarks/random/P0.95N2L75M100T100-2.mltl,0.336,17012.8,sat
/home/michele/mltlsat/Benchmarks/random/P0.95N2L75M100T100-3.mltl,1.18,43271.2,sat
/home/michele/mltlsat/Benchmarks/random/P0.95N2L75M100T100-4.mltl,-1,-1,TO
/home/michele/mltlsat/Benchmarks/random/P0.95N2L75M100T100-5.mltl,-1,-1,TO
/home/michele/mltlsat/Benchmarks/random/P0.95N2L75M100T100-6.mltl,0.324,17301.6,sat
/home/michele/mltlsat/Benchmarks/random/P0.95N2L75M100T100-7.mltl,0.342,17001.6,sat
/home/michele/mltlsat/Benchmarks/random/P0.95N2L75M100T100-8.mltl,-1,-1,TO
/home/michele/mltlsat/Benchmarks/random/P0.95N2L75M100T100-9.mltl,0.36,32128,sat
/home/michele/mltlsat/Benchmarks/random/P0.95N2L80M100T100-10.mltl,0.512,40176.8,sat
/home/michele/mltlsat/Benchmarks/random/P0.95N2L80M100T100-1.mltl,4.47,221942.4,sat
/home/michele/mltlsat/Benchmarks/random/P0.95N2L80M100T100-2.mltl,0.342,17015.2,sat
/home/michele/mltlsat/Benchmarks/random/P0.95N2L80M100T100-3.mltl,-1,-1,TO
/home/michele/mltlsat/Benchmarks/random/P0.95N2L80M100T100-4.mltl,-1,-1,TO
/home/michele/mltlsat/Benchmarks/random/P0.95N2L80M100T100-5.mltl,-1,-1,TO
/home/michele/mltlsat/Benchmarks/random/P0.95N2L80M100T100-6.mltl,0.326,17308,sat
/home/michele/mltlsat/Benchmarks/random/P0.95N2L80M100T100-7.mltl,0.322,17602.4,sat
/home/michele/mltlsat/Benchmarks/random/P0.95N2L80M100T100-8.mltl,-1,-1,TO
/home/michele/mltlsat/Benchmarks/random/P0.95N2L80M100T100-9.mltl,-1,-1,TO
/home/michele/mltlsat/Benchmarks/random/P0.95N2L85M100T100-10.mltl,-1,-1,TO
/home/michele/mltlsat/Benchmarks/random/P0.95N2L85M100T100-1.mltl,0.364,34928,sat
/home/michele/mltlsat/Benchmarks/random/P0.95N2L85M100T100-2.mltl,-1,-1,TO
/home/michele/mltlsat/Benchmarks/random/P0.95N2L85M100T100-3.mltl,-1,-1,TO
/home/michele/mltlsat/Benchmarks/random/P0.95N2L85M100T100-4.mltl,-1,-1,TO
/home/michele/mltlsat/Benchmarks/random/P0.95N2L85M100T100-5.mltl,0.376,18848.8,sat
/home/michele/mltlsat/Benchmarks/random/P0.95N2L85M100T100-6.mltl,-1,-1,TO
/home/michele/mltlsat/Benchmarks/random/P0.95N2L85M100T100-7.mltl,0.34,17012,sat
/home/michele/mltlsat/Benchmarks/random/P0.95N2L85M100T100-8.mltl,0.324,17314.4,sat
/home/michele/mltlsat/Benchmarks/random/P0.95N2L85M100T100-9.mltl,3.578,87670.4,sat
/home/michele/mltlsat/Benchmarks/random/P0.95N2L90M100T100-10.mltl,0.338,17602.4,sat
/home/michele/mltlsat/Benchmarks/random/P0.95N2L90M100T100-1.mltl,-1,-1,TO
/home/michele/mltlsat/Benchmarks/random/P0.95N2L90M100T100-2.mltl,-1,-1,TO
/home/michele/mltlsat/Benchmarks/random/P0.95N2L90M100T100-3.mltl,0.34,17002.4,sat
/home/michele/mltlsat/Benchmarks/random/P0.95N2L90M100T100-4.mltl,0.356,37068.8,sat
/home/michele/mltlsat/Benchmarks/random/P0.95N2L90M100T100-5.mltl,-1,-1,TO
/home/michele/mltlsat/Benchmarks/random/P0.95N2L90M100T100-6.mltl,-1,-1,TO
/home/michele/mltlsat/Benchmarks/random/P0.95N2L90M100T100-7.mltl,0.372,38679.2,sat
/home/michele/mltlsat/Benchmarks/random/P0.95N2L90M100T100-8.mltl,-1,-1,TO
/home/michele/mltlsat/Benchmarks/random/P0.95N2L90M100T100-9.mltl,-1,-1,TO
/home/michele/mltlsat/Benchmarks/random/P0.95N2L95M100T100-10.mltl,-1,-1,TO
/home/michele/mltlsat/Benchmarks/random/P0.95N2L95M100T100-1.mltl,-1,-1,TO
/home/michele/mltlsat/Benchmarks/random/P0.95N2L95M100T100-2.mltl,-1,-1,TO
/home/michele/mltlsat/Benchmarks/random/P0.95N2L95M100T100-3.mltl,0.32,17941.6,sat
/home/michele/mltlsat/Benchmarks/random/P0.95N2L95M100T100-4.mltl,-1,-1,TO
/home/michele/mltlsat/Benchmarks/random/P0.95N2L95M100T100-5.mltl,0.328,17316.8,sat
/home/michele/mltlsat/Benchmarks/random/P0.95N2L95M100T100-6.mltl,-1,-1,TO
/home/michele/mltlsat/Benchmarks/random/P0.95N2L95M100T100-7.mltl,3.512,84269.6,sat
/home/michele/mltlsat/Benchmarks/random/P0.95N2L95M100T100-8.mltl,-1,-1,TO
/home/michele/mltlsat/Benchmarks/random/P0.95N2L95M100T100-9.mltl,0.392,38684.8,sat
/home/michele/mltlsat/Benchmarks/random/P0.95N3L100M100T100-10.mltl,-1,-1,TO
/home/michele/mltlsat/Benchmarks/random/P0.95N3L100M100T100-1.mltl,0.34,17948.8,sat
/home/michele/mltlsat/Benchmarks/random/P0.95N3L100M100T100-2.mltl,3.232,43908,sat
/home/michele/mltlsat/Benchmarks/random/P0.95N3L100M100T100-3.mltl,0.342,17004,sat
/home/michele/mltlsat/Benchmarks/random/P0.95N3L100M100T100-4.mltl,0.35,16688.8,sat
/home/michele/mltlsat/Benchmarks/random/P0.95N3L100M100T100-5.mltl,-1,-1,TO
/home/michele/mltlsat/Benchmarks/random/P0.95N3L100M100T100-6.mltl,-1,-1,TO
/home/michele/mltlsat/Benchmarks/random/P0.95N3L100M100T100-7.mltl,0.72,42953.6,sat
/home/michele/mltlsat/Benchmarks/random/P0.95N3L100M100T100-8.mltl,0.328,17321.6,sat
/home/michele/mltlsat/Benchmarks/random/P0.95N3L100M100T100-9.mltl,0.34,18548,sat
/home/michele/mltlsat/Benchmarks/random/P0.95N3L10M100T100-10.mltl,0.324,18225.6,sat
/home/michele/mltlsat/Benchmarks/random/P0.95N3L10M100T100-1.mltl,0.348,17007.2,sat
/home/michele/mltlsat/Benchmarks/random/P0.95N3L10M100T100-2.mltl,0.442,38036.8,sat
/home/michele/mltlsat/Benchmarks/random/P0.95N3L10M100T100-3.mltl,0.34400000000000003,17016,sat
/home/michele/mltlsat/Benchmarks/random/P0.95N3L10M100T100-4.mltl,0.34400000000000003,17000,sat
/home/michele/mltlsat/Benchmarks/random/P0.95N3L10M100T100-5.mltl,0.346,17316,sat
/home/michele/mltlsat/Benchmarks/random/P0.95N3L10M100T100-6.mltl,0.336,17314.4,sat
/home/michele/mltlsat/Benchmarks/random/P0.95N3L10M100T100-7.mltl,0.34,17013.6,sat
/home/michele/mltlsat/Benchmarks/random/P0.95N3L10M100T100-8.mltl,0.34,16994.4,sat
/home/michele/mltlsat/Benchmarks/random/P0.95N3L10M100T100-9.mltl,0.34,17000.8,sat
/home/michele/mltlsat/Benchmarks/random/P0.95N3L15M100T100-10.mltl,0.326,17620,sat
/home/michele/mltlsat/Benchmarks/random/P0.95N3L15M100T100-1.mltl,0.34,17623.2,sat
/home/michele/mltlsat/Benchmarks/random/P0.95N3L15M100T100-2.mltl,0.348,17305.6,sat
/home/michele/mltlsat/Benchmarks/random/P0.95N3L15M100T100-3.mltl,0.372,23819.2,sat
/home/michele/mltlsat/Benchmarks/random/P0.95N3L15M100T100-4.mltl,0.364,17000,sat
/home/michele/mltlsat/Benchmarks/random/P0.95N3L15M100T100-5.mltl,0.40599999999999997,18834.4,sat
/home/michele/mltlsat/Benchmarks/random/P0.95N3L15M100T100-6.mltl,0.36,17007.2,sat
/home/michele/mltlsat/Benchmarks/random/P0.95N3L15M100T100-7.mltl,0.382,17012.8,sat
/home/michele/mltlsat/Benchmarks/random/P0.95N3L15M100T100-8.mltl,0.362,16992.8,sat
/home/michele/mltlsat/Benchmarks/random/P0.95N3L15M100T100-9.mltl,0.40399999999999997,35856,sat
/home/michele/mltlsat/Benchmarks/random/P0.95N3L20M100T100-10.mltl,0.404,36468.8,sat
/home/michele/mltlsat/Benchmarks/random/P0.95N3L20M100T100-1.mltl,0.38,17020.8,sat
/home/michele/mltlsat/Benchmarks/random/P0.95N3L20M100T100-2.mltl,0.428,19164,sat
/home/michele/mltlsat/Benchmarks/random/P0.95N3L20M100T100-3.mltl,0.388,17028,sat
/home/michele/mltlsat/Benchmarks/random/P0.95N3L20M100T100-4.mltl,0.39,17014.4,sat
/home/michele/mltlsat/Benchmarks/random/P0.95N3L20M100T100-5.mltl,0.498,44668,sat
/home/michele/mltlsat/Benchmarks/random/P0.95N3L20M100T100-6.mltl,0.39,17029.6,sat
/home/michele/mltlsat/Benchmarks/random/P0.95N3L20M100T100-7.mltl,-1,-1,TO
/home/michele/mltlsat/Benchmarks/random/P0.95N3L20M100T100-8.mltl,0.456,38368.8,sat
/home/michele/mltlsat/Benchmarks/random/P0.95N3L20M100T100-9.mltl,0.412,36840,sat
/home/michele/mltlsat/Benchmarks/random/P0.95N3L25M100T100-10.mltl,0.39,19486.4,sat
/home/michele/mltlsat/Benchmarks/random/P0.95N3L25M100T100-1.mltl,0.376,17911.2,sat
/home/michele/mltlsat/Benchmarks/random/P0.95N3L25M100T100-2.mltl,0.396,17320,sat
/home/michele/mltlsat/Benchmarks/random/P0.95N3L25M100T100-3.mltl,0.46,37743.2,sat
/home/michele/mltlsat/Benchmarks/random/P0.95N3L25M100T100-4.mltl,-1,-1,TO
/home/michele/mltlsat/Benchmarks/random/P0.95N3L25M100T100-5.mltl,0.38,17000,sat
/home/michele/mltlsat/Benchmarks/random/P0.95N3L25M100T100-6.mltl,0.436,38014.4,sat
/home/michele/mltlsat/Benchmarks/random/P0.95N3L25M100T100-7.mltl,0.4,36144,sat
/home/michele/mltlsat/Benchmarks/random/P0.95N3L25M100T100-8.mltl,0.39999999999999997,17312.8,sat
/home/michele/mltlsat/Benchmarks/random/P0.95N3L25M100T100-9.mltl,0.454,38029.6,sat
/home/michele/mltlsat/Benchmarks/random/P0.95N3L30M100T100-10.mltl,0.418,17025.6,sat
/home/michele/mltlsat/Benchmarks/random/P0.95N3L30M100T100-1.mltl,0.446,37727.2,sat
/home/michele/mltlsat/Benchmarks/random/P0.95N3L30M100T100-2.mltl,0.394,17629.6,sat
/home/michele/mltlsat/Benchmarks/random/P0.95N3L30M100T100-3.mltl,0.404,17012,sat
/home/michele/mltlsat/Benchmarks/random/P0.95N3L30M100T100-4.mltl,0.504,38340,sat
/home/michele/mltlsat/Benchmarks/random/P0.95N3L30M100T100-5.mltl,0.428,35564.8,sat
/home/michele/mltlsat/Benchmarks/random/P0.95N3L30M100T100-6.mltl,0.43,17016.8,sat
/home/michele/mltlsat/Benchmarks/random/P0.95N3L30M100T100-7.mltl,0.448,17014.4,sat
/home/michele/mltlsat/Benchmarks/random/P0.95N3L30M100T100-8.mltl,0.514,38655.2,sat
/home/michele/mltlsat/Benchmarks/random/P0.95N3L30M100T100-9.mltl,0.452,17020.8,sat
/home/michele/mltlsat/Benchmarks/random/P0.95N3L35M100T100-10.mltl,-1,-1,TO
/home/michele/mltlsat/Benchmarks/random/P0.95N3L35M100T100-1.mltl,-1,-1,TO
/home/michele/mltlsat/Benchmarks/random/P0.95N3L35M100T100-2.mltl,-1,-1,TO
/home/michele/mltlsat/Benchmarks/random/P0.95N3L35M100T100-3.mltl,-1,-1,TO
/home/michele/mltlsat/Benchmarks/random/P0.95N3L35M100T100-4.mltl,0.332,17947.2,sat
/home/michele/mltlsat/Benchmarks/random/P0.95N3L35M100T100-5.mltl,0.324,17305.6,sat
/home/michele/mltlsat/Benchmarks/random/P0.95N3L35M100T100-6.mltl,1.616,42626.4,sat
/home/michele/mltlsat/Benchmarks/random/P0.95N3L35M100T100-7.mltl,-1,-1,TO
/home/michele/mltlsat/Benchmarks/random/P0.95N3L35M100T100-8.mltl,0.338,17012.8,sat
/home/michele/mltlsat/Benchmarks/random/P0.95N3L35M100T100-9.mltl,-1,-1,TO
/home/michele/mltlsat/Benchmarks/random/P0.95N3L40M100T100-10.mltl,1.052,42667.2,sat
/home/michele/mltlsat/Benchmarks/random/P0.95N3L40M100T100-1.mltl,-1,-1,TO
/home/michele/mltlsat/Benchmarks/random/P0.95N3L40M100T100-2.mltl,71.202,69467.2,sat
/home/michele/mltlsat/Benchmarks/random/P0.95N3L40M100T100-3.mltl,-1,-1,TO
/home/michele/mltlsat/Benchmarks/random/P0.95N3L40M100T100-4.mltl,0.328,17906.4,sat
/home/michele/mltlsat/Benchmarks/random/P0.95N3L40M100T100-5.mltl,0.324,17340.8,sat
/home/michele/mltlsat/Benchmarks/random/P0.95N3L40M100T100-6.mltl,0.326,17614.4,sat
/home/michele/mltlsat/Benchmarks/random/P0.95N3L40M100T100-7.mltl,0.338,17310.4,sat
/home/michele/mltlsat/Benchmarks/random/P0.95N3L40M100T100-8.mltl,-1,-1,TO
/home/michele/mltlsat/Benchmarks/random/P0.95N3L40M100T100-9.mltl,0.644,38349.6,sat
/home/michele/mltlsat/Benchmarks/random/P0.95N3L45M100T100-10.mltl,-1,-1,TO
/home/michele/mltlsat/Benchmarks/random/P0.95N3L45M100T100-1.mltl,0.532,49273.6,sat
/home/michele/mltlsat/Benchmarks/random/P0.95N3L45M100T100-2.mltl,0.31,18265.6,sat
/home/michele/mltlsat/Benchmarks/random/P0.95N3L45M100T100-3.mltl,0.342,35574.4,sat
/home/michele/mltlsat/Benchmarks/random/P0.95N3L45M100T100-4.mltl,0.352,36822.4,sat
/home/michele/mltlsat/Benchmarks/random/P0.95N3L45M100T100-5.mltl,0.334,17330.4,sat
/home/michele/mltlsat/Benchmarks/random/P0.95N3L45M100T100-6.mltl,0.336,16999.2,sat
/home/michele/mltlsat/Benchmarks/random/P0.95N3L45M100T100-7.mltl,0.326,17629.6,sat
/home/michele/mltlsat/Benchmarks/random/P0.95N3L45M100T100-8.mltl,56.748,293204.8,sat
/home/michele/mltlsat/Benchmarks/random/P0.95N3L45M100T100-9.mltl,0.338,17004,sat
/home/michele/mltlsat/Benchmarks/random/P0.95N3L50M100T100-10.mltl,-1,-1,TO
/home/michele/mltlsat/Benchmarks/random/P0.95N3L50M100T100-1.mltl,0.352,35546.4,sat
/home/michele/mltlsat/Benchmarks/random/P0.95N3L50M100T100-2.mltl,0.34400000000000003,36182.4,sat
/home/michele/mltlsat/Benchmarks/random/P0.95N3L50M100T100-3.mltl,-1,-1,TO
/home/michele/mltlsat/Benchmarks/random/P0.95N3L50M100T100-4.mltl,-1,-1,TO
/home/michele/mltlsat/Benchmarks/random/P0.95N3L50M100T100-5.mltl,0.356,17019.2,sat
/home/michele/mltlsat/Benchmarks/random/P0.95N3L50M100T100-6.mltl,-1,-1,TO
/home/michele/mltlsat/Benchmarks/random/P0.95N3L50M100T100-7.mltl,0.34400000000000003,17309.6,sat
/home/michele/mltlsat/Benchmarks/random/P0.95N3L50M100T100-8.mltl,0.34600000000000003,29319.2,sat
/home/michele/mltlsat/Benchmarks/random/P0.95N3L50M100T100-9.mltl,0.684,41750.4,sat
/home/michele/mltlsat/Benchmarks/random/P0.95N3L55M100T100-10.mltl,0.33799999999999997,17287.2,sat
/home/michele/mltlsat/Benchmarks/random/P0.95N3L55M100T100-1.mltl,6.6739999999999995,45107.2,sat
/home/michele/mltlsat/Benchmarks/random/P0.95N3L55M100T100-2.mltl,-1,-1,TO
/home/michele/mltlsat/Benchmarks/random/P0.95N3L55M100T100-3.mltl,-1,-1,TO
/home/michele/mltlsat/Benchmarks/random/P0.95N3L55M100T100-4.mltl,-1,-1,TO
/home/michele/mltlsat/Benchmarks/random/P0.95N3L55M100T100-5.mltl,0.322,17612,sat
/home/michele/mltlsat/Benchmarks/random/P0.95N3L55M100T100-6.mltl,0.388,38060,sat
/home/michele/mltlsat/Benchmarks/random/P0.95N3L55M100T100-7.mltl,0.6880000000000001,40190.4,sat
/home/michele/mltlsat/Benchmarks/random/P0.95N3L55M100T100-8.mltl,0.324,21326.4,sat
/home/michele/mltlsat/Benchmarks/random/P0.95N3L55M100T100-9.mltl,-1,-1,TO
/home/michele/mltlsat/Benchmarks/random/P0.95N3L5M100T100-10.mltl,0.342,17000.8,sat
/home/michele/mltlsat/Benchmarks/random/P0.95N3L5M100T100-1.mltl,0.342,16999.2,sat
/home/michele/mltlsat/Benchmarks/random/P0.95N3L5M100T100-2.mltl,0.338,17006.4,sat
/home/michele/mltlsat/Benchmarks/random/P0.95N3L5M100T100-3.mltl,0.326,17001.6,sat
/home/michele/mltlsat/Benchmarks/random/P0.95N3L5M100T100-4.mltl,0.336,17001.6,sat
/home/michele/mltlsat/Benchmarks/random/P0.95N3L5M100T100-5.mltl,0.332,17000.8,sat
/home/michele/mltlsat/Benchmarks/random/P0.95N3L5M100T100-6.mltl,0.34,16700,sat
/home/michele/mltlsat/Benchmarks/random/P0.95N3L5M100T100-7.mltl,0.342,16996,sat
/home/michele/mltlsat/Benchmarks/random/P0.95N3L5M100T100-8.mltl,0.35,16724,sat
/home/michele/mltlsat/Benchmarks/random/P0.95N3L5M100T100-9.mltl,0.346,17012,sat
/home/michele/mltlsat/Benchmarks/random/P0.95N3L60M100T100-10.mltl,0.34,16987.2,sat
/home/michele/mltlsat/Benchmarks/random/P0.95N3L60M100T100-1.mltl,-1,-1,TO
/home/michele/mltlsat/Benchmarks/random/P0.95N3L60M100T100-2.mltl,0.338,17304.8,sat
/home/michele/mltlsat/Benchmarks/random/P0.95N3L60M100T100-3.mltl,0.326,17627.2,sat
/home/michele/mltlsat/Benchmarks/random/P0.95N3L60M100T100-4.mltl,0.336,17942.4,sat
/home/michele/mltlsat/Benchmarks/random/P0.95N3L60M100T100-5.mltl,0.334,17305.6,sat
/home/michele/mltlsat/Benchmarks/random/P0.95N3L60M100T100-6.mltl,-1,-1,TO
/home/michele/mltlsat/Benchmarks/random/P0.95N3L60M100T100-7.mltl,2.064,42966.4,sat
/home/michele/mltlsat/Benchmarks/random/P0.95N3L60M100T100-8.mltl,0.34199999999999997,17020.8,sat
/home/michele/mltlsat/Benchmarks/random/P0.95N3L60M100T100-9.mltl,-1,-1,TO
/home/michele/mltlsat/Benchmarks/random/P0.95N3L65M100T100-10.mltl,0.328,17306.4,sat
/home/michele/mltlsat/Benchmarks/random/P0.95N3L65M100T100-1.mltl,90.334,55549.6,sat
/home/michele/mltlsat/Benchmarks/random/P0.95N3L65M100T100-2.mltl,0.376,38325.6,sat
/home/michele/mltlsat/Benchmarks/random/P0.95N3L65M100T100-3.mltl,0.42,38952,sat
/home/michele/mltlsat/Benchmarks/random/P0.95N3L65M100T100-4.mltl,-1,-1,TO
/home/michele/mltlsat/Benchmarks/random/P0.95N3L65M100T100-5.mltl,-1,-1,TO
/home/michele/mltlsat/Benchmarks/random/P0.95N3L65M100T100-6.mltl,0.34199999999999997,17312.8,sat
/home/michele/mltlsat/Benchmarks/random/P0.95N3L65M100T100-7.mltl,1.298,46043.2,sat
/home/michele/mltlsat/Benchmarks/random/P0.95N3L65M100T100-8.mltl,38.516,261852.8,sat
/home/michele/mltlsat/Benchmarks/random/P0.95N3L65M100T100-9.mltl,-1,-1,TO
/home/michele/mltlsat/Benchmarks/random/P0.95N3L70M100T100-10.mltl,0.356,38326.4,sat
/home/michele/mltlsat/Benchmarks/random/P0.95N3L70M100T100-1.mltl,0.36,38349.6,sat
/home/michele/mltlsat/Benchmarks/random/P0.95N3L70M100T100-2.mltl,-1,-1,TO
/home/michele/mltlsat/Benchmarks/random/P0.95N3L70M100T100-3.mltl,-1,-1,TO
/home/michele/mltlsat/Benchmarks/random/P0.95N3L70M100T100-4.mltl,-1,-1,TO
/home/michele/mltlsat/Benchmarks/random/P0.95N3L70M100T100-5.mltl,-1,-1,TO
/home/michele/mltlsat/Benchmarks/random/P0.95N3L70M100T100-6.mltl,-1,-1,TO
/home/michele/mltlsat/Benchmarks/random/P0.95N3L70M100T100-7.mltl,-1,-1,TO
/home/michele/mltlsat/Benchmarks/random/P0.95N3L70M100T100-8.mltl,-1,-1,TO
/home/michele/mltlsat/Benchmarks/random/P0.95N3L70M100T100-9.mltl,-1,-1,TO
/home/michele/mltlsat/Benchmarks/random/P0.95N3L75M100T100-10.mltl,0.378,38655.2,sat
/home/michele/mltlsat/Benchmarks/random/P0.95N3L75M100T100-1.mltl,-1,-1,TO
/home/michele/mltlsat/Benchmarks/random/P0.95N3L75M100T100-2.mltl,0.67,42628,sat
/home/michele/mltlsat/Benchmarks/random/P0.95N3L75M100T100-3.mltl,0.348,24699.2,sat
/home/michele/mltlsat/Benchmarks/random/P0.95N3L75M100T100-4.mltl,0.338,21012.8,sat
/home/michele/mltlsat/Benchmarks/random/P0.95N3L75M100T100-5.mltl,-1,-1,TO
/home/michele/mltlsat/Benchmarks/random/P0.95N3L75M100T100-6.mltl,-1,-1,TO
/home/michele/mltlsat/Benchmarks/random/P0.95N3L75M100T100-7.mltl,-1,-1,TO
/home/michele/mltlsat/Benchmarks/random/P0.95N3L75M100T100-8.mltl,-1,-1,TO
/home/michele/mltlsat/Benchmarks/random/P0.95N3L75M100T100-9.mltl,-1,-1,TO
/home/michele/mltlsat/Benchmarks/random/P0.95N3L80M100T100-10.mltl,0.34,17012,sat
/home/michele/mltlsat/Benchmarks/random/P0.95N3L80M100T100-1.mltl,33.898,98652.8,sat
/home/michele/mltlsat/Benchmarks/random/P0.95N3L80M100T100-2.mltl,-1,-1,TO
/home/michele/mltlsat/Benchmarks/random/P0.95N3L80M100T100-3.mltl,2.51,168764.8,sat
/home/michele/mltlsat/Benchmarks/random/P0.95N3L80M100T100-4.mltl,0.328,17024.8,sat
/home/michele/mltlsat/Benchmarks/random/P0.95N3L80M100T100-5.mltl,-1,-1,TO
/home/michele/mltlsat/Benchmarks/random/P0.95N3L80M100T100-6.mltl,1.058,44511.2,sat
/home/michele/mltlsat/Benchmarks/random/P0.95N3L80M100T100-7.mltl,-1,-1,TO
/home/michele/mltlsat/Benchmarks/random/P0.95N3L80M100T100-8.mltl,0.332,17000.8,sat
/home/michele/mltlsat/Benchmarks/random/P0.95N3L80M100T100-9.mltl,1.24,288318.4,sat
/home/michele/mltlsat/Benchmarks/random/P0.95N3L85M100T100-10.mltl,0.348,17005.6,sat
/home/michele/mltlsat/Benchmarks/random/P0.95N3L85M100T100-1.mltl,-1,-1,TO
/home/michele/mltlsat/Benchmarks/random/P0.95N3L85M100T100-2.mltl,-1,-1,TO
/home/michele/mltlsat/Benchmarks/random/P0.95N3L85M100T100-3.mltl,-1,-1,TO
/home/michele/mltlsat/Benchmarks/random/P0.95N3L85M100T100-4.mltl,0.382,19175.2,sat
/home/michele/mltlsat/Benchmarks/random/P0.95N3L85M100T100-5.mltl,0.322,17952,sat
/home/michele/mltlsat/Benchmarks/random/P0.95N3L85M100T100-6.mltl,0.324,18542.4,sat
/home/michele/mltlsat/Benchmarks/random/P0.95N3L85M100T100-7.mltl,-1,-1,TO
/home/michele/mltlsat/Benchmarks/random/P0.95N3L85M100T100-8.mltl,-1,-1,TO
/home/michele/mltlsat/Benchmarks/random/P0.95N3L85M100T100-9.mltl,0.334,17308,sat
/home/michele/mltlsat/Benchmarks/random/P0.95N3L90M100T100-10.mltl,6.8260000000000005,1571168,sat
/home/michele/mltlsat/Benchmarks/random/P0.95N3L90M100T100-1.mltl,0.33,17319.2,sat
/home/michele/mltlsat/Benchmarks/random/P0.95N3L90M100T100-2.mltl,-1,-1,TO
/home/michele/mltlsat/Benchmarks/random/P0.95N3L90M100T100-3.mltl,38.455999999999996,151585.6,sat
/home/michele/mltlsat/Benchmarks/random/P0.95N3L90M100T100-4.mltl,6.17,55116.8,sat
/home/michele/mltlsat/Benchmarks/random/P0.95N3L90M100T100-5.mltl,0.34,17033.6,sat
/home/michele/mltlsat/Benchmarks/random/P0.95N3L90M100T100-6.mltl,-1,-1,TO
/home/michele/mltlsat/Benchmarks/random/P0.95N3L90M100T100-7.mltl,0.46599999999999997,37707.2,sat
/home/michele/mltlsat/Benchmarks/random/P0.95N3L90M100T100-8.mltl,0.348,35553.6,sat
/home/michele/mltlsat/Benchmarks/random/P0.95N3L90M100T100-9.mltl,21.114,778238.4,sat
/home/michele/mltlsat/Benchmarks/random/P0.95N3L95M100T100-10.mltl,-1,-1,TO
/home/michele/mltlsat/Benchmarks/random/P0.95N3L95M100T100-1.mltl,0.408,38358.4,sat
/home/michele/mltlsat/Benchmarks/random/P0.95N3L95M100T100-2.mltl,0.37,37707.2,sat
/home/michele/mltlsat/Benchmarks/random/P0.95N3L95M100T100-3.mltl,0.366,38057.6,sat
/home/michele/mltlsat/Benchmarks/random/P0.95N3L95M100T100-4.mltl,0.37,35256,sat
/home/michele/mltlsat/Benchmarks/random/P0.95N3L95M100T100-5.mltl,-1,-1,TO
/home/michele/mltlsat/Benchmarks/random/P0.95N3L95M100T100-6.mltl,0.582,39530.4,sat
/home/michele/mltlsat/Benchmarks/random/P0.95N3L95M100T100-7.mltl,-1,-1,TO
/home/michele/mltlsat/Benchmarks/random/P0.95N3L95M100T100-8.mltl,0.348,35239.2,sat
/home/michele/mltlsat/Benchmarks/random/P0.95N3L95M100T100-9.mltl,-1,-1,TO
/home/michele/mltlsat/Benchmarks/random/P0.95N4L100M100T100-10.mltl,0.354,17008,sat
/home/michele/mltlsat/Benchmarks/random/P0.95N4L100M100T100-1.mltl,-1,-1,TO
/home/michele/mltlsat/Benchmarks/random/P0.95N4L100M100T100-2.mltl,-1,-1,TO
/home/michele/mltlsat/Benchmarks/random/P0.95N4L100M100T100-3.mltl,0.332,17005.6,sat
/home/michele/mltlsat/Benchmarks/random/P0.95N4L100M100T100-4.mltl,0.462,65857.6,sat
/home/michele/mltlsat/Benchmarks/random/P0.95N4L100M100T100-5.mltl,0.426,38381.6,sat
/home/michele/mltlsat/Benchmarks/random/P0.95N4L100M100T100-6.mltl,-1,-1,TO
/home/michele/mltlsat/Benchmarks/random/P0.95N4L100M100T100-7.mltl,-1,-1,TO
/home/michele/mltlsat/Benchmarks/random/P0.95N4L100M100T100-8.mltl,0.346,17017.6,sat
/home/michele/mltlsat/Benchmarks/random/P0.95N4L100M100T100-9.mltl,0.332,17024.8,sat
/home/michele/mltlsat/Benchmarks/random/P0.95N4L10M100T100-10.mltl,0.344,17300,sat
/home/michele/mltlsat/Benchmarks/random/P0.95N4L10M100T100-1.mltl,0.348,17028,sat
/home/michele/mltlsat/Benchmarks/random/P0.95N4L10M100T100-2.mltl,0.34,17012.8,sat
/home/michele/mltlsat/Benchmarks/random/P0.95N4L10M100T100-3.mltl,0.378,38380.8,sat
/home/michele/mltlsat/Benchmarks/random/P0.95N4L10M100T100-4.mltl,0.334,17308,sat
/home/michele/mltlsat/Benchmarks/random/P0.95N4L10M100T100-5.mltl,0.348,17026.4,sat
/home/michele/mltlsat/Benchmarks/random/P0.95N4L10M100T100-6.mltl,0.33999999999999997,17004,sat
/home/michele/mltlsat/Benchmarks/random/P0.95N4L10M100T100-7.mltl,0.34,17302.4,sat
/home/michele/mltlsat/Benchmarks/random/P0.95N4L10M100T100-8.mltl,0.354,17005.6,sat
/home/michele/mltlsat/Benchmarks/random/P0.95N4L10M100T100-9.mltl,0.354,16698.4,sat
/home/michele/mltlsat/Benchmarks/random/P0.95N4L15M100T100-10.mltl,0.352,16986.4,sat
/home/michele/mltlsat/Benchmarks/random/P0.95N4L15M100T100-1.mltl,0.354,17008,sat
/home/michele/mltlsat/Benchmarks/random/P0.95N4L15M100T100-2.mltl,0.35,17009.6,sat
/home/michele/mltlsat/Benchmarks/random/P0.95N4L15M100T100-3.mltl,0.4,18824.8,sat
/home/michele/mltlsat/Benchmarks/random/P0.95N4L15M100T100-4.mltl,0.356,17316,sat
/home/michele/mltlsat/Benchmarks/random/P0.95N4L15M100T100-5.mltl,0.374,17000.8,sat
/home/michele/mltlsat/Benchmarks/random/P0.95N4L15M100T100-6.mltl,0.384,17309.6,sat
/home/michele/mltlsat/Benchmarks/random/P0.95N4L15M100T100-7.mltl,0.396,17008,sat
/home/michele/mltlsat/Benchmarks/random/P0.95N4L15M100T100-8.mltl,0.408,19456.8,sat
/home/michele/mltlsat/Benchmarks/random/P0.95N4L15M100T100-9.mltl,0.406,38023.2,sat
/home/michele/mltlsat/Benchmarks/random/P0.95N4L20M100T100-10.mltl,0.372,17012.8,sat
/home/michele/mltlsat/Benchmarks/random/P0.95N4L20M100T100-1.mltl,-1,-1,TO
/home/michele/mltlsat/Benchmarks/random/P0.95N4L20M100T100-2.mltl,0.382,17632.8,sat
/home/michele/mltlsat/Benchmarks/random/P0.95N4L20M100T100-3.mltl,15.51,43864,sat
/home/michele/mltlsat/Benchmarks/random/P0.95N4L20M100T100-4.mltl,90.298,76633.6,sat
/home/michele/mltlsat/Benchmarks/random/P0.95N4L20M100T100-5.mltl,0.408,38343.2,sat
/home/michele/mltlsat/Benchmarks/random/P0.95N4L20M100T100-6.mltl,0.34199999999999997,17008,sat
/home/michele/mltlsat/Benchmarks/random/P0.95N4L20M100T100-7.mltl,0.42,37717.6,sat
/home/michele/mltlsat/Benchmarks/random/P0.95N4L20M100T100-8.mltl,0.334,17604.8,sat
/home/michele/mltlsat/Benchmarks/random/P0.95N4L20M100T100-9.mltl,1.796,49105.6,sat
/home/michele/mltlsat/Benchmarks/random/P0.95N4L25M100T100-10.mltl,0.334,17289.6,sat
/home/michele/mltlsat/Benchmarks/random/P0.95N4L25M100T100-1.mltl,0.338,16980,sat
/home/michele/mltlsat/Benchmarks/random/P0.95N4L25M100T100-2.mltl,0.342,17011.2,sat
/home/michele/mltlsat/Benchmarks/random/P0.95N4L25M100T100-3.mltl,0.336,17020.8,sat
/home/michele/mltlsat/Benchmarks/random/P0.95N4L25M100T100-4.mltl,0.33999999999999997,17626.4,sat
/home/michele/mltlsat/Benchmarks/random/P0.95N4L25M100T100-5.mltl,0.364,17009.6,sat
/home/michele/mltlsat/Benchmarks/random/P0.95N4L25M100T100-6.mltl,0.45,38666.4,sat
/home/michele/mltlsat/Benchmarks/random/P0.95N4L25M100T100-7.mltl,0.39,38360.8,sat
/home/michele/mltlsat/Benchmarks/random/P0.95N4L25M100T100-8.mltl,0.336,17332,sat
/home/michele/mltlsat/Benchmarks/random/P0.95N4L25M100T100-9.mltl,0.342,17016.8,sat
/home/michele/mltlsat/Benchmarks/random/P0.95N4L30M100T100-10.mltl,0.35,21004,sat
/home/michele/mltlsat/Benchmarks/random/P0.95N4L30M100T100-1.mltl,0.37,17016.8,sat
/home/michele/mltlsat/Benchmarks/random/P0.95N4L30M100T100-2.mltl,-1,-1,TO
/home/michele/mltlsat/Benchmarks/random/P0.95N4L30M100T100-3.mltl,1.196,42372,sat
/home/michele/mltlsat/Benchmarks/random/P0.95N4L30M100T100-4.mltl,0.37,17319.2,sat
/home/michele/mltlsat/Benchmarks/random/P0.95N4L30M100T100-5.mltl,-1,-1,TO
/home/michele/mltlsat/Benchmarks/random/P0.95N4L30M100T100-6.mltl,0.496,39560.8,sat
/home/michele/mltlsat/Benchmarks/random/P0.95N4L30M100T100-7.mltl,0.332,17021.6,sat
/home/michele/mltlsat/Benchmarks/random/P0.95N4L30M100T100-8.mltl,0.334,17003.2,sat
/home/michele/mltlsat/Benchmarks/random/P0.95N4L30M100T100-9.mltl,0.352,16991.2,sat
/home/michele/mltlsat/Benchmarks/random/P0.95N4L35M100T100-10.mltl,0.37,38640.8,sat
/home/michele/mltlsat/Benchmarks/random/P0.95N4L35M100T100-1.mltl,-1,-1,TO
/home/michele/mltlsat/Benchmarks/random/P0.95N4L35M100T100-2.mltl,0.38,38356,sat
/home/michele/mltlsat/Benchmarks/random/P0.95N4L35M100T100-3.mltl,0.354,17003.2,sat
/home/michele/mltlsat/Benchmarks/random/P0.95N4L35M100T100-4.mltl,3.36,76395.2,sat
/home/michele/mltlsat/Benchmarks/random/P0.95N4L35M100T100-5.mltl,0.346,31196.8,sat
/home/michele/mltlsat/Benchmarks/random/P0.95N4L35M100T100-6.mltl,0.382,19483.2,sat
/home/michele/mltlsat/Benchmarks/random/P0.95N4L35M100T100-7.mltl,0.37,36192,sat
/home/michele/mltlsat/Benchmarks/random/P0.95N4L35M100T100-8.mltl,0.336,17012,sat
/home/michele/mltlsat/Benchmarks/random/P0.95N4L35M100T100-9.mltl,0.382,19802.4,sat
/home/michele/mltlsat/Benchmarks/random/P0.95N4L40M100T100-10.mltl,2.288,42988.8,sat
/home/michele/mltlsat/Benchmarks/random/P0.95N4L40M100T100-1.mltl,0.34600000000000003,17308,sat
/home/michele/mltlsat/Benchmarks/random/P0.95N4L40M100T100-2.mltl,2.122,46048.8,sat
/home/michele/mltlsat/Benchmarks/random/P0.95N4L40M100T100-3.mltl,0.352,17008,sat
/home/michele/mltlsat/Benchmarks/random/P0.95N4L40M100T100-4.mltl,0.366,17015.2,sat
/home/michele/mltlsat/Benchmarks/random/P0.95N4L40M100T100-5.mltl,0.66,38044.8,sat
/home/michele/mltlsat/Benchmarks/random/P0.95N4L40M100T100-6.mltl,-1,-1,TO
/home/michele/mltlsat/Benchmarks/random/P0.95N4L40M100T100-7.mltl,0.36,26216,sat
/home/michele/mltlsat/Benchmarks/random/P0.95N4L40M100T100-8.mltl,0.34600000000000003,17000.8,sat
/home/michele/mltlsat/Benchmarks/random/P0.95N4L40M100T100-9.mltl,0.36,33074.4,sat
/home/michele/mltlsat/Benchmarks/random/P0.95N4L45M100T100-10.mltl,1.478,44146.4,sat
/home/michele/mltlsat/Benchmarks/random/P0.95N4L45M100T100-1.mltl,0.396,38016,sat
/home/michele/mltlsat/Benchmarks/random/P0.95N4L45M100T100-2.mltl,0.382,38349.6,sat
/home/michele/mltlsat/Benchmarks/random/P0.95N4L45M100T100-3.mltl,0.48,38348,sat
/home/michele/mltlsat/Benchmarks/random/P0.95N4L45M100T100-4.mltl,0.362,35892.8,sat
/home/michele/mltlsat/Benchmarks/random/P0.95N4L45M100T100-5.mltl,0.342,16992.8,sat
/home/michele/mltlsat/Benchmarks/random/P0.95N4L45M100T100-6.mltl,0.348,35576.8,sat
/home/michele/mltlsat/Benchmarks/random/P0.95N4L45M100T100-7.mltl,0.35,37148.8,sat
/home/michele/mltlsat/Benchmarks/random/P0.95N4L45M100T100-8.mltl,0.336,20081.6,sat
/home/michele/mltlsat/Benchmarks/random/P0.95N4L45M100T100-9.mltl,-1,-1,TO
/home/michele/mltlsat/Benchmarks/random/P0.95N4L50M100T100-10.mltl,0.334,17027.2,sat
/home/michele/mltlsat/Benchmarks/random/P0.95N4L50M100T100-1.mltl,7.2299999999999995,50980.8,sat
/home/michele/mltlsat/Benchmarks/random/P0.95N4L50M100T100-2.mltl,0.34,17314.4,sat
/home/michele/mltlsat/Benchmarks/random/P0.95N4L50M100T100-3.mltl,-1,-1,TO
/home/michele/mltlsat/Benchmarks/random/P0.95N4L50M100T100-4.mltl,0.386,38060.8,sat
/home/michele/mltlsat/Benchmarks/random/P0.95N4L50M100T100-5.mltl,0.38,38052,sat
/home/michele/mltlsat/Benchmarks/random/P0.95N4L50M100T100-6.mltl,7.042,54666.4,sat
/home/michele/mltlsat/Benchmarks/random/P0.95N4L50M100T100-7.mltl,0.35,16996.8,sat
/home/michele/mltlsat/Benchmarks/random/P0.95N4L50M100T100-8.mltl,0.338,17319.2,sat
/home/michele/mltlsat/Benchmarks/random/P0.95N4L50M100T100-9.mltl,-1,-1,TO
/home/michele/mltlsat/Benchmarks/random/P0.95N4L55M100T100-10.mltl,0.332,17319.2,sat
/home/michele/mltlsat/Benchmarks/random/P0.95N4L55M100T100-1.mltl,-1,-1,TO
/home/michele/mltlsat/Benchmarks/random/P0.95N4L55M100T100-2.mltl,0.354,38352.8,sat
/home/michele/mltlsat/Benchmarks/random/P0.95N4L55M100T100-3.mltl,0.34400000000000003,35552.8,sat
/home/michele/mltlsat/Benchmarks/random/P0.95N4L55M100T100-4.mltl,1.564,44819.2,sat
/home/michele/mltlsat/Benchmarks/random/P0.95N4L55M100T100-5.mltl,-1,-1,TO
/home/michele/mltlsat/Benchmarks/random/P0.95N4L55M100T100-6.mltl,0.35,19762.4,sat
/home/michele/mltlsat/Benchmarks/random/P0.95N4L55M100T100-7.mltl,-1,-1,TO
/home/michele/mltlsat/Benchmarks/random/P0.95N4L55M100T100-8.mltl,0.496,41451.2,sat
/home/michele/mltlsat/Benchmarks/random/P0.95N4L55M100T100-9.mltl,0.34,21913.6,sat
/home/michele/mltlsat/Benchmarks/random/P0.95N4L5M100T100-10.mltl,0.318,17934.4,sat
/home/michele/mltlsat/Benchmarks/random/P0.95N4L5M100T100-1.mltl,0.32,18247.2,sat
/home/michele/mltlsat/Benchmarks/random/P0.95N4L5M100T100-2.mltl,0.32,17320,sat
/home/michele/mltlsat/Benchmarks/random/P0.95N4L5M100T100-3.mltl,0.32,17025.6,sat
/home/michele/mltlsat/Benchmarks/random/P0.95N4L5M100T100-4.mltl,0.316,18239.2,sat
/home/michele/mltlsat/Benchmarks/random/P0.95N4L5M100T100-5.mltl,0.324,17624.8,sat
/home/michele/mltlsat/Benchmarks/random/P0.95N4L5M100T100-6.mltl,0.316,18543.2,sat
/home/michele/mltlsat/Benchmarks/random/P0.95N4L5M100T100-7.mltl,0.324,17020,sat
/home/michele/mltlsat/Benchmarks/random/P0.95N4L5M100T100-8.mltl,0.34,16995.2,sat
/home/michele/mltlsat/Benchmarks/random/P0.95N4L5M100T100-9.mltl,0.342,17017.6,sat
/home/michele/mltlsat/Benchmarks/random/P0.95N4L60M100T100-10.mltl,1.184,45708,sat
/home/michele/mltlsat/Benchmarks/random/P0.95N4L60M100T100-1.mltl,0.336,17320.8,sat
/home/michele/mltlsat/Benchmarks/random/P0.95N4L60M100T100-2.mltl,0.344,16995.2,sat
/home/michele/mltlsat/Benchmarks/random/P0.95N4L60M100T100-3.mltl,0.39,38672,sat
/home/michele/mltlsat/Benchmarks/random/P0.95N4L60M100T100-4.mltl,7.168,52171.2,sat
/home/michele/mltlsat/Benchmarks/random/P0.95N4L60M100T100-5.mltl,2.048,227143.2,sat
/home/michele/mltlsat/Benchmarks/random/P0.95N4L60M100T100-6.mltl,0.34,38641.6,sat
/home/michele/mltlsat/Benchmarks/random/P0.95N4L60M100T100-7.mltl,0.326,17624.8,sat
/home/michele/mltlsat/Benchmarks/random/P0.95N4L60M100T100-8.mltl,-1,-1,TO
/home/michele/mltlsat/Benchmarks/random/P0.95N4L60M100T100-9.mltl,-1,-1,TO
/home/michele/mltlsat/Benchmarks/random/P0.95N4L65M100T100-10.mltl,-1,-1,TO
/home/michele/mltlsat/Benchmarks/random/P0.95N4L65M100T100-1.mltl,21.59,51860.8,sat
/home/michele/mltlsat/Benchmarks/random/P0.95N4L65M100T100-2.mltl,0.48,39924.8,sat
/home/michele/mltlsat/Benchmarks/random/P0.95N4L65M100T100-3.mltl,109.86,190896.8,sat
/home/michele/mltlsat/Benchmarks/random/P0.95N4L65M100T100-4.mltl,-1,-1,TO
/home/michele/mltlsat/Benchmarks/random/P0.95N4L65M100T100-5.mltl,-1,-1,TO
/home/michele/mltlsat/Benchmarks/random/P0.95N4L65M100T100-6.mltl,0.338,17305.6,sat
/home/michele/mltlsat/Benchmarks/random/P0.95N4L65M100T100-7.mltl,0.33,25637.6,sat
/home/michele/mltlsat/Benchmarks/random/P0.95N4L65M100T100-8.mltl,0.322,17635.2,sat
/home/michele/mltlsat/Benchmarks/random/P0.95N4L65M100T100-9.mltl,0.32,17936,sat
/home/michele/mltlsat/Benchmarks/random/P0.95N4L70M100T100-10.mltl,0.346,17020.8,sat
/home/michele/mltlsat/Benchmarks/random/P0.95N4L70M100T100-1.mltl,11.528,68599.2,sat
/home/michele/mltlsat/Benchmarks/random/P0.95N4L70M100T100-2.mltl,0.336,17307.2,sat
/home/michele/mltlsat/Benchmarks/random/P0.95N4L70M100T100-3.mltl,-1,-1,TO
/home/michele/mltlsat/Benchmarks/random/P0.95N4L70M100T100-4.mltl,0.384,19169.6,sat
/home/michele/mltlsat/Benchmarks/random/P0.95N4L70M100T100-5.mltl,-1,-1,TO
/home/michele/mltlsat/Benchmarks/random/P0.95N4L70M100T100-6.mltl,-1,-1,TO
/home/michele/mltlsat/Benchmarks/random/P0.95N4L70M100T100-7.mltl,0.332,17317.6,sat
/home/michele/mltlsat/Benchmarks/random/P0.95N4L70M100T100-8.mltl,0.48,39596,sat
/home/michele/mltlsat/Benchmarks/random/P0.95N4L70M100T100-9.mltl,0.348,16982.4,sat
/home/michele/mltlsat/Benchmarks/random/P0.95N4L75M100T100-10.mltl,0.666,44184,sat
/home/michele/mltlsat/Benchmarks/random/P0.95N4L75M100T100-1.mltl,0.348,17003.2,sat
/home/michele/mltlsat/Benchmarks/random/P0.95N4L75M100T100-2.mltl,0.374,38023.2,sat
/home/michele/mltlsat/Benchmarks/random/P0.95N4L75M100T100-3.mltl,0.36,38017.6,sat
/home/michele/mltlsat/Benchmarks/random/P0.95N4L75M100T100-4.mltl,-1,-1,TO
/home/michele/mltlsat/Benchmarks/random/P0.95N4L75M100T100-5.mltl,2.214,48514.4,sat
/home/michele/mltlsat/Benchmarks/random/P0.95N4L75M100T100-6.mltl,0.32,17337.6,sat
/home/michele/mltlsat/Benchmarks/random/P0.95N4L75M100T100-7.mltl,19.514,65652.8,sat
/home/michele/mltlsat/Benchmarks/random/P0.95N4L75M100T100-8.mltl,-1,-1,TO
/home/michele/mltlsat/Benchmarks/random/P0.95N4L75M100T100-9.mltl,-1,-1,TO
/home/michele/mltlsat/Benchmarks/random/P0.95N4L80M100T100-10.mltl,-1,-1,TO
/home/michele/mltlsat/Benchmarks/random/P0.95N4L80M100T100-1.mltl,-1,-1,TO
/home/michele/mltlsat/Benchmarks/random/P0.95N4L80M100T100-2.mltl,0.338,17027.2,sat
/home/michele/mltlsat/Benchmarks/random/P0.95N4L80M100T100-3.mltl,0.348,34012.8,sat
/home/michele/mltlsat/Benchmarks/random/P0.95N4L80M100T100-4.mltl,0.368,19776,sat
/home/michele/mltlsat/Benchmarks/random/P0.95N4L80M100T100-5.mltl,0.364,19473.6,sat
/home/michele/mltlsat/Benchmarks/random/P0.95N4L80M100T100-6.mltl,0.326,17292,sat
/home/michele/mltlsat/Benchmarks/random/P0.95N4L80M100T100-7.mltl,0.366,20081.6,sat
/home/michele/mltlsat/Benchmarks/random/P0.95N4L80M100T100-8.mltl,0.348,16985.6,sat
/home/michele/mltlsat/Benchmarks/random/P0.95N4L80M100T100-9.mltl,-1,-1,TO
/home/michele/mltlsat/Benchmarks/random/P0.95N4L85M100T100-10.mltl,0.346,17320.8,sat
/home/michele/mltlsat/Benchmarks/random/P0.95N4L85M100T100-1.mltl,-1,-1,TO
/home/michele/mltlsat/Benchmarks/random/P0.95N4L85M100T100-2.mltl,-1,-1,TO
/home/michele/mltlsat/Benchmarks/random/P0.95N4L85M100T100-3.mltl,9.74,71990.4,sat
/home/michele/mltlsat/Benchmarks/random/P0.95N4L85M100T100-4.mltl,-1,-1,TO
/home/michele/mltlsat/Benchmarks/random/P0.95N4L85M100T100-5.mltl,1.104,45713.6,sat
/home/michele/mltlsat/Benchmarks/random/P0.95N4L85M100T100-6.mltl,0.36,37708.8,sat
/home/michele/mltlsat/Benchmarks/random/P0.95N4L85M100T100-7.mltl,-1,-1,TO
/home/michele/mltlsat/Benchmarks/random/P0.95N4L85M100T100-8.mltl,0.318,18528,sat
/home/michele/mltlsat/Benchmarks/random/P0.95N4L85M100T100-9.mltl,0.328,17303.2,sat
/home/michele/mltlsat/Benchmarks/random/P0.95N4L90M100T100-10.mltl,-1,-1,TO
/home/michele/mltlsat/Benchmarks/random/P0.95N4L90M100T100-1.mltl,0.662,39557.6,sat
/home/michele/mltlsat/Benchmarks/random/P0.95N4L90M100T100-2.mltl,0.41800000000000004,21008.8,sat
/home/michele/mltlsat/Benchmarks/random/P0.95N4L90M100T100-3.mltl,-1,-1,TO
/home/michele/mltlsat/Benchmarks/random/P0.95N4L90M100T100-4.mltl,-1,-1,TO
/home/michele/mltlsat/Benchmarks/random/P0.95N4L90M100T100-5.mltl,-1,-1,TO
/home/michele/mltlsat/Benchmarks/random/P0.95N4L90M100T100-6.mltl,0.35,38043.2,sat
/home/michele/mltlsat/Benchmarks/random/P0.95N4L90M100T100-7.mltl,-1,-1,TO
/home/michele/mltlsat/Benchmarks/random/P0.95N4L90M100T100-8.mltl,0.326,17331.2,sat
/home/michele/mltlsat/Benchmarks/random/P0.95N4L90M100T100-9.mltl,1.61,70467.2,sat
/home/michele/mltlsat/Benchmarks/random/P0.95N4L95M100T100-10.mltl,-1,-1,TO
/home/michele/mltlsat/Benchmarks/random/P0.95N4L95M100T100-1.mltl,0.334,17646.4,sat
/home/michele/mltlsat/Benchmarks/random/P0.95N4L95M100T100-2.mltl,-1,-1,TO
/home/michele/mltlsat/Benchmarks/random/P0.95N4L95M100T100-3.mltl,-1,-1,TO
/home/michele/mltlsat/Benchmarks/random/P0.95N4L95M100T100-4.mltl,-1,-1,TO
/home/michele/mltlsat/Benchmarks/random/P0.95N4L95M100T100-5.mltl,-1,-1,TO
/home/michele/mltlsat/Benchmarks/random/P0.95N4L95M100T100-6.mltl,0.556,40199.2,sat
/home/michele/mltlsat/Benchmarks/random/P0.95N4L95M100T100-7.mltl,-1,-1,TO
/home/michele/mltlsat/Benchmarks/random/P0.95N4L95M100T100-8.mltl,0.342,16999.2,sat
/home/michele/mltlsat/Benchmarks/random/P0.95N4L95M100T100-9.mltl,0.34,25633.6,sat
/home/michele/mltlsat/Benchmarks/random/P0.95N5L100M100T100-10.mltl,-1,-1,TO
/home/michele/mltlsat/Benchmarks/random/P0.95N5L100M100T100-1.mltl,-1,-1,TO
/home/michele/mltlsat/Benchmarks/random/P0.95N5L100M100T100-2.mltl,5.642,159540,sat
/home/michele/mltlsat/Benchmarks/random/P0.95N5L100M100T100-3.mltl,0.346,17030.4,sat
/home/michele/mltlsat/Benchmarks/random/P0.95N5L100M100T100-4.mltl,0.362,38045.6,sat
/home/michele/mltlsat/Benchmarks/random/P0.95N5L100M100T100-5.mltl,0.45,39590.4,sat
/home/michele/mltlsat/Benchmarks/random/P0.95N5L100M100T100-6.mltl,-1,-1,TO
/home/michele/mltlsat/Benchmarks/random/P0.95N5L100M100T100-7.mltl,-1,-1,TO
/home/michele/mltlsat/Benchmarks/random/P0.95N5L100M100T100-8.mltl,-1,-1,TO
/home/michele/mltlsat/Benchmarks/random/P0.95N5L100M100T100-9.mltl,22.23,1898308,sat
/home/michele/mltlsat/Benchmarks/random/P0.95N5L10M100T100-10.mltl,0.334,17632,sat
/home/michele/mltlsat/Benchmarks/random/P0.95N5L10M100T100-1.mltl,0.33799999999999997,16986.4,sat
/home/michele/mltlsat/Benchmarks/random/P0.95N5L10M100T100-2.mltl,0.314,17314.4,sat
/home/michele/mltlsat/Benchmarks/random/P0.95N5L10M100T100-3.mltl,0.33,17620,sat
/home/michele/mltlsat/Benchmarks/random/P0.95N5L10M100T100-4.mltl,0.336,17303.2,sat
/home/michele/mltlsat/Benchmarks/random/P0.95N5L10M100T100-5.mltl,0.366,19148,sat
/home/michele/mltlsat/Benchmarks/random/P0.95N5L10M100T100-6.mltl,0.34400000000000003,20077.6,sat
/home/michele/mltlsat/Benchmarks/random/P0.95N5L10M100T100-7.mltl,0.324,16984,sat
/home/michele/mltlsat/Benchmarks/random/P0.95N5L10M100T100-8.mltl,0.322,17924.8,sat
/home/michele/mltlsat/Benchmarks/random/P0.95N5L10M100T100-9.mltl,0.34,17020,sat
/home/michele/mltlsat/Benchmarks/random/P0.95N5L15M100T100-10.mltl,0.33,17313.6,sat
/home/michele/mltlsat/Benchmarks/random/P0.95N5L15M100T100-1.mltl,0.34400000000000003,17004,sat
/home/michele/mltlsat/Benchmarks/random/P0.95N5L15M100T100-2.mltl,0.354,17015.2,sat
/home/michele/mltlsat/Benchmarks/random/P0.95N5L15M100T100-3.mltl,0.328,17322.4,sat
/home/michele/mltlsat/Benchmarks/random/P0.95N5L15M100T100-4.mltl,0.316,17629.6,sat
/home/michele/mltlsat/Benchmarks/random/P0.95N5L15M100T100-5.mltl,0.34199999999999997,36175.2,sat
/home/michele/mltlsat/Benchmarks/random/P0.95N5L15M100T100-6.mltl,0.326,17304,sat
/home/michele/mltlsat/Benchmarks/random/P0.95N5L15M100T100-7.mltl,0.388,19162.4,sat
/home/michele/mltlsat/Benchmarks/random/P0.95N5L15M100T100-8.mltl,0.356,17337.6,sat
/home/michele/mltlsat/Benchmarks/random/P0.95N5L15M100T100-9.mltl,0.374,17018.4,sat
/home/michele/mltlsat/Benchmarks/random/P0.95N5L20M100T100-10.mltl,0.4,36172.8,sat
/home/michele/mltlsat/Benchmarks/random/P0.95N5L20M100T100-1.mltl,0.62,40468,sat
/home/michele/mltlsat/Benchmarks/random/P0.95N5L20M100T100-2.mltl,0.364,17314.4,sat
/home/michele/mltlsat/Benchmarks/random/P0.95N5L20M100T100-3.mltl,0.378,16722.4,sat
/home/michele/mltlsat/Benchmarks/random/P0.95N5L20M100T100-4.mltl,0.374,16995.2,sat
/home/michele/mltlsat/Benchmarks/random/P0.95N5L20M100T100-5.mltl,0.36,17020.8,sat
/home/michele/mltlsat/Benchmarks/random/P0.95N5L20M100T100-6.mltl,0.38,17320,sat
/home/michele/mltlsat/Benchmarks/random/P0.95N5L20M100T100-7.mltl,-1,-1,TO
/home/michele/mltlsat/Benchmarks/random/P0.95N5L20M100T100-8.mltl,0.366,17310.4,sat
/home/michele/mltlsat/Benchmarks/random/P0.95N5L20M100T100-9.mltl,0.378,17318.4,sat
/home/michele/mltlsat/Benchmarks/random/P0.95N5L25M100T100-10.mltl,0.4,26571.2,sat
/home/michele/mltlsat/Benchmarks/random/P0.95N5L25M100T100-1.mltl,0.398,17005.6,sat
/home/michele/mltlsat/Benchmarks/random/P0.95N5L25M100T100-2.mltl,0.408,17011.2,sat
/home/michele/mltlsat/Benchmarks/random/P0.95N5L25M100T100-3.mltl,0.41,17018.4,sat
/home/michele/mltlsat/Benchmarks/random/P0.95N5L25M100T100-4.mltl,0.456,18840,sat
/home/michele/mltlsat/Benchmarks/random/P0.95N5L25M100T100-5.mltl,0.448,17621.6,sat
/home/michele/mltlsat/Benchmarks/random/P0.95N5L25M100T100-6.mltl,-1,-1,TO
/home/michele/mltlsat/Benchmarks/random/P0.95N5L25M100T100-7.mltl,0.45,17029.6,sat
/home/michele/mltlsat/Benchmarks/random/P0.95N5L25M100T100-8.mltl,-1,-1,TO
/home/michele/mltlsat/Benchmarks/random/P0.95N5L25M100T100-9.mltl,0.492,64640.8,sat
/home/michele/mltlsat/Benchmarks/random/P0.95N5L30M100T100-10.mltl,0.34,17001.6,sat
/home/michele/mltlsat/Benchmarks/random/P0.95N5L30M100T100-1.mltl,0.324,17642.4,sat
/home/michele/mltlsat/Benchmarks/random/P0.95N5L30M100T100-2.mltl,0.366,38317.6,sat
/home/michele/mltlsat/Benchmarks/random/P0.95N5L30M100T100-3.mltl,-1,-1,TO
/home/michele/mltlsat/Benchmarks/random/P0.95N5L30M100T100-4.mltl,0.376,38070.4,sat
/home/michele/mltlsat/Benchmarks/random/P0.95N5L30M100T100-5.mltl,0.328,17320,sat
/home/michele/mltlsat/Benchmarks/random/P0.95N5L30M100T100-6.mltl,0.348,16992,sat
/home/michele/mltlsat/Benchmarks/random/P0.95N5L30M100T100-7.mltl,-1,-1,TO
/home/michele/mltlsat/Benchmarks/random/P0.95N5L30M100T100-8.mltl,0.316,18237.6,sat
/home/michele/mltlsat/Benchmarks/random/P0.95N5L30M100T100-9.mltl,0.384,37984,sat
/home/michele/mltlsat/Benchmarks/random/P0.95N5L35M100T100-10.mltl,-1,-1,TO
/home/michele/mltlsat/Benchmarks/random/P0.95N5L35M100T100-1.mltl,0.366,36218.4,sat
/home/michele/mltlsat/Benchmarks/random/P0.95N5L35M100T100-2.mltl,0.34400000000000003,16995.2,sat
/home/michele/mltlsat/Benchmarks/random/P0.95N5L35M100T100-3.mltl,0.368,38030.4,sat
/home/michele/mltlsat/Benchmarks/random/P0.95N5L35M100T100-4.mltl,0.9400000000000001,41583.2,sat
/home/michele/mltlsat/Benchmarks/random/P0.95N5L35M100T100-5.mltl,0.33,17313.6,sat
/home/michele/mltlsat/Benchmarks/random/P0.95N5L35M100T100-6.mltl,0.344,17301.6,sat
/home/michele/mltlsat/Benchmarks/random/P0.95N5L35M100T100-7.mltl,0.46599999999999997,39292,sat
/home/michele/mltlsat/Benchmarks/random/P0.95N5L35M100T100-8.mltl,0.37,38345.6,sat
/home/michele/mltlsat/Benchmarks/random/P0.95N5L35M100T100-9.mltl,0.372,19161.6,sat
/home/michele/mltlsat/Benchmarks/random/P0.95N5L40M100T100-10.mltl,0.636,39851.2,sat
/home/michele/mltlsat/Benchmarks/random/P0.95N5L40M100T100-1.mltl,0.802,39272,sat
/home/michele/mltlsat/Benchmarks/random/P0.95N5L40M100T100-2.mltl,2.642,49419.2,sat
/home/michele/mltlsat/Benchmarks/random/P0.95N5L40M100T100-3.mltl,-1,-1,TO
/home/michele/mltlsat/Benchmarks/random/P0.95N5L40M100T100-4.mltl,5.662,64322.4,sat
/home/michele/mltlsat/Benchmarks/random/P0.95N5L40M100T100-5.mltl,0.362,37086.4,sat
/home/michele/mltlsat/Benchmarks/random/P0.95N5L40M100T100-6.mltl,0.34199999999999997,17298.4,sat
/home/michele/mltlsat/Benchmarks/random/P0.95N5L40M100T100-7.mltl,0.334,16684,sat
/home/michele/mltlsat/Benchmarks/random/P0.95N5L40M100T100-8.mltl,0.35,17010.4,sat
/home/michele/mltlsat/Benchmarks/random/P0.95N5L40M100T100-9.mltl,0.364,35559.2,sat
/home/michele/mltlsat/Benchmarks/random/P0.95N5L45M100T100-10.mltl,0.358,17003.2,sat
/home/michele/mltlsat/Benchmarks/random/P0.95N5L45M100T100-1.mltl,0.338,17017.6,sat
/home/michele/mltlsat/Benchmarks/random/P0.95N5L45M100T100-2.mltl,1.25,95359.2,sat
/home/michele/mltlsat/Benchmarks/random/P0.95N5L45M100T100-3.mltl,0.55,42620,sat
/home/michele/mltlsat/Benchmarks/random/P0.95N5L45M100T100-4.mltl,0.348,34923.2,sat
/home/michele/mltlsat/Benchmarks/random/P0.95N5L45M100T100-5.mltl,-1,-1,TO
/home/michele/mltlsat/Benchmarks/random/P0.95N5L45M100T100-6.mltl,0.378,38658.4,sat
/home/michele/mltlsat/Benchmarks/random/P0.95N5L45M100T100-7.mltl,0.46,39561.6,sat
/home/michele/mltlsat/Benchmarks/random/P0.95N5L45M100T100-8.mltl,-1,-1,TO
/home/michele/mltlsat/Benchmarks/random/P0.95N5L45M100T100-9.mltl,0.338,17308.8,sat
/home/michele/mltlsat/Benchmarks/random/P0.95N5L50M100T100-10.mltl,0.358,17024,sat
/home/michele/mltlsat/Benchmarks/random/P0.95N5L50M100T100-1.mltl,0.348,17002.4,sat
/home/michele/mltlsat/Benchmarks/random/P0.95N5L50M100T100-2.mltl,0.424,38004.8,sat
/home/michele/mltlsat/Benchmarks/random/P0.95N5L50M100T100-3.mltl,-1,-1,TO
/home/michele/mltlsat/Benchmarks/random/P0.95N5L50M100T100-4.mltl,0.336,17017.6,sat
/home/michele/mltlsat/Benchmarks/random/P0.95N5L50M100T100-5.mltl,0.34,17320.8,sat
/home/michele/mltlsat/Benchmarks/random/P0.95N5L50M100T100-6.mltl,-1,-1,TO
/home/michele/mltlsat/Benchmarks/random/P0.95N5L50M100T100-7.mltl,2.276,758920,sat
/home/michele/mltlsat/Benchmarks/random/P0.95N5L50M100T100-8.mltl,0.328,17940.8,sat
/home/michele/mltlsat/Benchmarks/random/P0.95N5L50M100T100-9.mltl,33.99,552412,sat
/home/michele/mltlsat/Benchmarks/random/P0.95N5L55M100T100-10.mltl,-1,-1,TO
/home/michele/mltlsat/Benchmarks/random/P0.95N5L55M100T100-1.mltl,-1,-1,TO
/home/michele/mltlsat/Benchmarks/random/P0.95N5L55M100T100-2.mltl,-1,-1,TO
/home/michele/mltlsat/Benchmarks/random/P0.95N5L55M100T100-3.mltl,0.34600000000000003,16995.2,sat
/home/michele/mltlsat/Benchmarks/random/P0.95N5L55M100T100-4.mltl,0.33,17316.8,sat
/home/michele/mltlsat/Benchmarks/random/P0.95N5L55M100T100-5.mltl,0.382,37380,sat
/home/michele/mltlsat/Benchmarks/random/P0.95N5L55M100T100-6.mltl,0.354,36195.2,sat
/home/michele/mltlsat/Benchmarks/random/P0.95N5L55M100T100-7.mltl,0.6819999999999999,82740.8,sat
/home/michele/mltlsat/Benchmarks/random/P0.95N5L55M100T100-8.mltl,0.358,38020,sat
/home/michele/mltlsat/Benchmarks/random/P0.95N5L55M100T100-9.mltl,-1,-1,TO
/home/michele/mltlsat/Benchmarks/random/P0.95N5L5M100T100-10.mltl,0.326,17612.8,sat
/home/michele/mltlsat/Benchmarks/random/P0.95N5L5M100T100-1.mltl,0.328,16998.4,sat
/home/michele/mltlsat/Benchmarks/random/P0.95N5L5M100T100-2.mltl,0.336,16998.4,sat
/home/michele/mltlsat/Benchmarks/random/P0.95N5L5M100T100-3.mltl,0.334,17016.8,sat
/home/michele/mltlsat/Benchmarks/random/P0.95N5L5M100T100-4.mltl,0.338,16987.2,sat
/home/michele/mltlsat/Benchmarks/random/P0.95N5L5M100T100-5.mltl,0.342,20374.4,sat
/home/michele/mltlsat/Benchmarks/random/P0.95N5L5M100T100-6.mltl,0.346,17012.8,sat
/home/michele/mltlsat/Benchmarks/random/P0.95N5L5M100T100-7.mltl,0.34,17034.4,sat
/home/michele/mltlsat/Benchmarks/random/P0.95N5L5M100T100-8.mltl,0.34,17017.6,sat
/home/michele/mltlsat/Benchmarks/random/P0.95N5L5M100T100-9.mltl,0.33,17017.6,sat
/home/michele/mltlsat/Benchmarks/random/P0.95N5L60M100T100-10.mltl,-1,-1,TO
/home/michele/mltlsat/Benchmarks/random/P0.95N5L60M100T100-1.mltl,0.332,17327.2,sat
/home/michele/mltlsat/Benchmarks/random/P0.95N5L60M100T100-2.mltl,0.37,35528.8,sat
/home/michele/mltlsat/Benchmarks/random/P0.95N5L60M100T100-3.mltl,0.424,37696,sat
/home/michele/mltlsat/Benchmarks/random/P0.95N5L60M100T100-4.mltl,-1,-1,TO
/home/michele/mltlsat/Benchmarks/random/P0.95N5L60M100T100-5.mltl,0.342,17016.8,sat
/home/michele/mltlsat/Benchmarks/random/P0.95N5L60M100T100-6.mltl,0.336,16990.4,sat
/home/michele/mltlsat/Benchmarks/random/P0.95N5L60M100T100-7.mltl,0.368,37093.6,sat
/home/michele/mltlsat/Benchmarks/random/P0.95N5L60M100T100-8.mltl,0.33,17624,sat
/home/michele/mltlsat/Benchmarks/random/P0.95N5L60M100T100-9.mltl,8.778,106108,sat
/home/michele/mltlsat/Benchmarks/random/P0.95N5L65M100T100-10.mltl,0.452,39889.6,sat
/home/michele/mltlsat/Benchmarks/random/P0.95N5L65M100T100-1.mltl,0.458,38042.4,sat
/home/michele/mltlsat/Benchmarks/random/P0.95N5L65M100T100-2.mltl,-1,-1,TO
/home/michele/mltlsat/Benchmarks/random/P0.95N5L65M100T100-3.mltl,0.39,19159.2,sat
/home/michele/mltlsat/Benchmarks/random/P0.95N5L65M100T100-4.mltl,0.34,17643.2,sat
/home/michele/mltlsat/Benchmarks/random/P0.95N5L65M100T100-5.mltl,-1,-1,TO
/home/michele/mltlsat/Benchmarks/random/P0.95N5L65M100T100-6.mltl,0.336,17640,sat
/home/michele/mltlsat/Benchmarks/random/P0.95N5L65M100T100-7.mltl,1.312,76631.2,sat
/home/michele/mltlsat/Benchmarks/random/P0.95N5L65M100T100-8.mltl,-1,-1,TO
/home/michele/mltlsat/Benchmarks/random/P0.95N5L65M100T100-9.mltl,-1,-1,TO
/home/michele/mltlsat/Benchmarks/random/P0.95N5L70M100T100-10.mltl,-1,-1,TO
/home/michele/mltlsat/Benchmarks/random/P0.95N5L70M100T100-1.mltl,0.338,17007.2,sat
/home/michele/mltlsat/Benchmarks/random/P0.95N5L70M100T100-2.mltl,0.352,17006.4,sat
/home/michele/mltlsat/Benchmarks/random/P0.95N5L70M100T100-3.mltl,-1,-1,TO
/home/michele/mltlsat/Benchmarks/random/P0.95N5L70M100T100-4.mltl,0.356,36193.6,sat
/home/michele/mltlsat/Benchmarks/random/P0.95N5L70M100T100-5.mltl,-1,-1,TO
/home/michele/mltlsat/Benchmarks/random/P0.95N5L70M100T100-6.mltl,0.354,17032.8,sat
/home/michele/mltlsat/Benchmarks/random/P0.95N5L70M100T100-7.mltl,-1,-1,TO
/home/michele/mltlsat/Benchmarks/random/P0.95N5L70M100T100-8.mltl,0.45,39588,sat
/home/michele/mltlsat/Benchmarks/random/P0.95N5L70M100T100-9.mltl,-1,-1,TO
/home/michele/mltlsat/Benchmarks/random/P0.95N5L75M100T100-10.mltl,-1,-1,TO
/home/michele/mltlsat/Benchmarks/random/P0.95N5L75M100T100-1.mltl,0.352,21317.6,sat
/home/michele/mltlsat/Benchmarks/random/P0.95N5L75M100T100-2.mltl,0.986,39282.4,sat
/home/michele/mltlsat/Benchmarks/random/P0.95N5L75M100T100-3.mltl,-1,-1,TO
/home/michele/mltlsat/Benchmarks/random/P0.95N5L75M100T100-4.mltl,2.374,41671.2,sat
/home/michele/mltlsat/Benchmarks/random/P0.95N5L75M100T100-5.mltl,-1,-1,TO
/home/michele/mltlsat/Benchmarks/random/P0.95N5L75M100T100-6.mltl,0.334,17627.2,sat
/home/michele/mltlsat/Benchmarks/random/P0.95N5L75M100T100-7.mltl,-1,-1,TO
/home/michele/mltlsat/Benchmarks/random/P0.95N5L75M100T100-8.mltl,0.366,35908,sat
/home/michele/mltlsat/Benchmarks/random/P0.95N5L75M100T100-9.mltl,-1,-1,TO
/home/michele/mltlsat/Benchmarks/random/P0.95N5L80M100T100-10.mltl,0.334,17008.8,sat
/home/michele/mltlsat/Benchmarks/random/P0.95N5L80M100T100-1.mltl,-1,-1,TO
/home/michele/mltlsat/Benchmarks/random/P0.95N5L80M100T100-2.mltl,0.38,37437.6,sat
/home/michele/mltlsat/Benchmarks/random/P0.95N5L80M100T100-3.mltl,-1,-1,TO
/home/michele/mltlsat/Benchmarks/random/P0.95N5L80M100T100-4.mltl,-1,-1,TO
/home/michele/mltlsat/Benchmarks/random/P0.95N5L80M100T100-5.mltl,0.386,37110.4,sat
/home/michele/mltlsat/Benchmarks/random/P0.95N5L80M100T100-6.mltl,0.32,17928.8,sat
/home/michele/mltlsat/Benchmarks/random/P0.95N5L80M100T100-7.mltl,0.36,38064,sat
/home/michele/mltlsat/Benchmarks/random/P0.95N5L80M100T100-8.mltl,0.524,39891.2,sat
/home/michele/mltlsat/Benchmarks/random/P0.95N5L80M100T100-9.mltl,0.33,17016.8,sat
/home/michele/mltlsat/Benchmarks/random/P0.95N5L85M100T100-10.mltl,-1,-1,TO
/home/michele/mltlsat/Benchmarks/random/P0.95N5L85M100T100-1.mltl,0.37,38376.8,sat
/home/michele/mltlsat/Benchmarks/random/P0.95N5L85M100T100-2.mltl,8.678,73366.4,sat
/home/michele/mltlsat/Benchmarks/random/P0.95N5L85M100T100-3.mltl,0.334,17310.4,sat
/home/michele/mltlsat/Benchmarks/random/P0.95N5L85M100T100-4.mltl,-1,-1,TO
/home/michele/mltlsat/Benchmarks/random/P0.95N5L85M100T100-5.mltl,-1,-1,TO
/home/michele/mltlsat/Benchmarks/random/P0.95N5L85M100T100-6.mltl,0.334,17008.8,sat
/home/michele/mltlsat/Benchmarks/random/P0.95N5L85M100T100-7.mltl,0.356,38372,sat
/home/michele/mltlsat/Benchmarks/random/P0.95N5L85M100T100-8.mltl,-1,-1,TO
/home/michele/mltlsat/Benchmarks/random/P0.95N5L85M100T100-9.mltl,0.35,17018.4,sat
/home/michele/mltlsat/Benchmarks/random/P0.95N5L90M100T100-10.mltl,-1,-1,TO
/home/michele/mltlsat/Benchmarks/random/P0.95N5L90M100T100-1.mltl,-1,-1,TO
/home/michele/mltlsat/Benchmarks/random/P0.95N5L90M100T100-2.mltl,0.334,16987.2,sat
/home/michele/mltlsat/Benchmarks/random/P0.95N5L90M100T100-3.mltl,-1,-1,TO
/home/michele/mltlsat/Benchmarks/random/P0.95N5L90M100T100-4.mltl,-1,-1,TO
/home/michele/mltlsat/Benchmarks/random/P0.95N5L90M100T100-5.mltl,3.79,267082.4,sat
/home/michele/mltlsat/Benchmarks/random/P0.95N5L90M100T100-6.mltl,-1,-1,TO
/home/michele/mltlsat/Benchmarks/random/P0.95N5L90M100T100-7.mltl,-1,-1,TO
/home/michele/mltlsat/Benchmarks/random/P0.95N5L90M100T100-8.mltl,-1,-1,TO
/home/michele/mltlsat/Benchmarks/random/P0.95N5L90M100T100-9.mltl,0.358,25602.4,sat
/home/michele/mltlsat/Benchmarks/random/P0.95N5L95M100T100-10.mltl,1.372,50639.2,sat
/home/michele/mltlsat/Benchmarks/random/P0.95N5L95M100T100-1.mltl,-1,-1,TO
/home/michele/mltlsat/Benchmarks/random/P0.95N5L95M100T100-2.mltl,-1,-1,TO
/home/michele/mltlsat/Benchmarks/random/P0.95N5L95M100T100-3.mltl,0.34600000000000003,21629.6,sat
/home/michele/mltlsat/Benchmarks/random/P0.95N5L95M100T100-4.mltl,1.274,41428.8,sat
/home/michele/mltlsat/Benchmarks/random/P0.95N5L95M100T100-5.mltl,0.336,17625.6,sat
/home/michele/mltlsat/Benchmarks/random/P0.95N5L95M100T100-6.mltl,-1,-1,TO
/home/michele/mltlsat/Benchmarks/random/P0.95N5L95M100T100-7.mltl,0.35,16986.4,sat
/home/michele/mltlsat/Benchmarks/random/P0.95N5L95M100T100-8.mltl,1.868,51714.4,sat
/home/michele/mltlsat/Benchmarks/random/P0.95N5L95M100T100-9.mltl,-1,-1,TO
